hit_id,trajectory_step,x,y,z,r,phi,volume_id,layer_id,module_id,module_index,local_u_mm,local_v_mm,distance_to_module,event,particle,charge
0,25,-9.98057050830559,29.816026592363812,-121.82379665243668,31.442125078114636,1.8938109521132422,8,2,93,848,4.011215308514583,-16.82379665241986,0.0,414.0,electron,-1
1,185,-26.545563677788824,66.00688303834119,-276.208424641917,71.14475075090779,1.953166457184431,8,4,122,1101,6.303440402782397,-31.20842464188581,0.0,414.0,electron,-1
2,195,-27.830909212001608,68.26770041112904,-286.28461294492575,73.722713101122,1.9578999460360895,8,4,91,1070,-7.711947644068639,28.71538705504553,0.0,414.0,electron,-1
3,366,-52.23477372948387,103.1531551801356,-451.4493688544358,115.62458652980132,2.0395355091833913,8,6,43,1470,5.349690806462295,3.550631145560631,0.0,414.0,electron,-1
4,521,-79.49963801145776,130.78041138774637,-602.0,153.04805927126617,2.1169945057753474,7,14,91,738,5.814290920993097,12.937705028085688,0.0,414.0,electron,-1
5,992,-183.24271244414223,183.34967616608472,-1057.061672356396,259.21997495195995,2.3559027118515217,13,2,36,5059,-20.645028162572245,-27.061672356368938,0.0,414.0,electron,-1
6,1155,-223.67699736103626,189.12282722460876,-1215.5,292.9143952179173,2.4397066444068223,12,12,150,5003,15.93349991968897,-25.519531046165845,0.0,414.0,electron,-1
7,1158,-224.45009599005058,189.1659572801403,-1218.5,293.5329708629932,2.441294960325721,12,12,153,5006,-17.702351417939475,-25.000889229492106,0.0,414.0,electron,-1
8,1444,-295.3722740455618,182.50763928874719,-1495.5,347.2086097342604,2.5881223336790744,12,10,156,4839,-10.370069918530469,29.05378253439856,0.0,414.0,electron,-1
9,1764,-368.3065894195143,151.14272265042635,-1804.5,398.1128815047541,2.7521769728218155,12,8,160,4673,1.3071519792673634,-71.88883078361313,0.0,414.0,electron,-1
10,2125,-433.5538904299588,89.42654268272386,-2154.5,442.6805647903889,2.9381813736989773,12,6,166,4509,-15.540017108864115,-27.591907871493145,0.0,414.0,electron,-1
11,2535,-474.54161007381066,-3.65031820394609,-2551.5,474.55564954432333,-3.133900501562026,12,4,169,4342,30.252303238956785,3.5899993605657157,0.0,414.0,electron,-1
12,2539,-474.6965565207749,-4.4089573604954495,-2554.5,474.71703116455376,-3.132304971752916,12,4,2,4175,-22.214394287487565,4.196588770951637,0.0,414.0,electron,-1
13,2949,-473.49186640336694,-106.10381114294243,-2951.5,485.2345477078081,-2.921146504135278,12,2,6,4009,25.29180238239582,14.575329317133644,0.0,414.0,electron,-1
14,2952,-473.3189784668746,-106.85856371001583,-2954.5,485.2314994052769,-2.919550786593185,12,2,9,4012,-28.349601299168718,14.402684587280955,0.0,414.0,electron,-1
0,25,-9.81851842743419,29.872685576826218,-121.83448390709668,31.44488269467364,1.8883519675285403,8,2,93,848,3.8395437691290377,-16.834483907079846,0.0,414.0,positron,1
1,189,-18.299830913620564,69.83379863837953,-280.2995940474689,72.19171173848729,1.8270820650289308,8,4,122,1101,-2.787070684484893,-35.29959404743357,0.0,414.0,positron,1
2,191,-18.363915404381498,70.3498450449016,-282.3143545169053,72.70718043509146,1.8261355160133332,8,4,90,1069,-2.87649650717119,32.68564548306198,0.0,414.0,positron,1
3,369,-19.720642861030687,114.75662718771433,-454.68971798527383,116.43877034026242,1.7409815695532402,8,6,41,1468,-1.3004864121166837,0.31028201472585926,0.0,414.0,positron,1
4,517,-14.643994907666155,151.3586772962735,-598.0,152.06543256024102,1.6672464135181317,7,14,83,730,7.63812362439443,11.873101489593695,0.0,414.0,positron,1
5,521,-14.42235056901932,152.36700512501156,-602.0,153.04805927126614,1.6651704837583212,7,14,84,731,-6.766493639358545,12.89886704171344,0.0,414.0,positron,1
6,993,37.52373465407752,256.7381857984419,-1058.185853014755,259.46584883075633,1.425668245256037,13,2,30,5053,-17.460643981649405,-28.185853014726725,0.0,414.0,positron,1
7,1158,66.89785520680938,285.80812086500106,-1218.5,293.5329708629923,1.3408700292079478,12,12,122,4975,0.8172878174076352,-24.467894558675187,0.0,414.0,positron,1
8,1444,127.73935622541353,322.85674151969306,-1495.5,347.208609734259,1.194042655854594,12,10,119,4802,-9.612523554788941,29.07590480331525,0.0,414.0,positron,1
9,1761,204.18776645542636,341.2442071966313,-1801.5,397.6685214035845,1.0315816768065444,12,8,114,4627,-13.643557793471032,-72.56564625276485,0.0,414.0,positron,1
10,1764,204.96010372668817,341.2993148255099,-1804.5,398.11288150475275,1.0299880167118507,12,8,111,4624,30.342873453612654,-73.04569908072854,0.0,414.0,positron,1
11,2122,293.4180828749861,331.04382381780584,-2151.5,442.36205154369503,0.8455784672873171,12,6,108,4451,1.8049720747485765,-27.641840160987805,0.0,414.0,positron,1
12,2535,382.64718220486975,280.6852302225856,-2551.5,474.5556495443212,0.632880183916105,12,4,102,4275,7.48877711304888,4.495948664389204,0.0,414.0,positron,1
13,2949,443.0373282515423,197.91536591415468,-2951.5,485.2345477078055,0.4201261864893577,12,2,96,4099,13.306970456902349,15.052476485497262,0.0,414.0,positron,1
0,7,-5.348812381734096,31.959951975256875,-3.5007805012710205,32.40444914137127,1.736619365176485,8,2,109,864,-0.9988153263033434,31.499219498697478,0.0,533.0,electron,-1
1,46,-12.654560146969391,70.54911535913402,-7.743950403179205,71.67506937889677,1.7482812398291379,8,4,217,1196,5.734709393580587,27.256049596793535,0.0,533.0,electron,-1
2,91,-22.392010035618902,113.86766925261963,-12.540857775372368,116.04847355505903,1.7649680999221373,8,6,353,1780,1.5149085498414776,22.459142224605174,0.0,533.0,electron,-1
3,148,-37.16044468410724,168.87510306834466,-18.694523389004157,172.91529453887134,1.7873913761433562,8,8,530,2685,-4.376560283888278,16.305476610979536,0.0,533.0,electron,-1
4,239,-65.51013808059506,253.89184618603116,-28.378539563525564,262.2072610571453,1.8233124251624666,13,2,432,5455,4.48055081968028,-28.37853956349718,0.0,533.0,electron,-1
5,340,-104.69537808918024,346.7657298334065,-39.27161157930837,362.2258875068587,1.864013310623412,13,4,605,6468,4.658993179395783,-39.2716115792691,0.0,533.0,electron,-1
6,482,-171.8328448782207,470.41441891706495,-54.4802436581552,500.8155869219952,1.9210179908390144,13,6,765,7804,14.183654856238359,48.519756341796274,0.0,533.0,electron,-1
7,643,-265.14418975258513,601.1364529194572,-71.84379016013212,657.0133000085627,1.9862005967378173,13,8,1002,9679,-10.495019985364852,31.156209839836727,0.0,533.0,electron,-1
8,812,-379.6687695629089,723.2536075185745,-89.9444766726694,816.8501425414856,2.054200649790449,17,2,1180,13607,-11.576895589871633,13.055523327317548,0.0,533.0,electron,-1
9,1033,-553.2466022442012,857.9669766240506,-113.71333544400723,1020.876650664598,2.143531603454458,17,4,1496,16443,15.165743377568802,-10.713335443996513,0.0,533.0,electron,-1
0,7,-5.305894484497127,31.97495754914172,-3.5016173977607306,32.41219564531277,1.735236981760915,8,2,109,864,-1.0442808423660959,31.498382602207766,0.0,533.0,positron,1
1,47,-10.924433626962475,70.9691602460298,-7.757997194188877,71.805048263312,1.7235296372224465,8,4,217,1196,3.9543230640913407,27.242002805783876,0.0,533.0,positron,1
2,92,-15.842170203670975,116.0472768137206,-12.657129832054569,117.1236304621846,1.706472436917105,8,6,353,1780,-5.388068412635281,22.342870167923085,0.0,533.0,positron,1
3,147,-19.550027713542093,170.41537951446685,-18.544848855509994,171.53310222420637,1.6850168568348192,8,8,528,2683,5.830872245363472,16.45515114447355,0.0,533.0,positron,1
4,149,-19.644088102382064,172.49927300388975,-18.770209091500888,173.6141969547555,1.6841870932789715,8,8,529,2684,-8.362973221841397,16.22979090848288,0.0,533.0,positron,1
5,238,-20.38600108030771,260.68461566697545,-28.299586565775694,261.48051148314096,1.6488392748306155,13,2,431,5454,-0.13143436556230848,-28.299586565747394,0.0,533.0,positron,1
6,338,-13.600443207789075,360.30292790566176,-39.08963340989076,360.5595261712562,1.6085256598656048,13,4,603,6466,-6.6985664924169654,-39.089633409851665,0.0,533.0,positron,1
7,478,9.17745778329437,497.112964036951,-54.08113879693101,497.1976717010721,1.552336910088786,13,6,761,7800,-9.281680889083015,48.91886120302007,0.0,533.0,positron,1
8,643,55.63821525993224,654.0072221670621,-71.77164316318179,656.3696044485816,1.4859278906347821,13,8,994,9671,-15.444792506807095,31.228356836786975,0.0,533.0,positron,1
9,649,57.86252102406745,659.9703763434622,-72.45922423766329,662.5020520648912,1.4833455201300663,13,8,993,9670,23.947533129873445,30.540775762306165,0.0,533.0,positron,1
10,811,124.17801745047588,806.4943321652645,-89.84694005939264,815.9983381310446,1.4180234924460666,17,2,1168,13595,-18.049439355623363,13.15305994059421,0.0,533.0,positron,1
11,818,127.3259981987395,812.3522978274033,-90.56539062449295,822.2701293387518,1.4153238226988507,17,2,1167,13594,23.105226696661266,12.434609375494615,0.0,533.0,positron,1
12,1029,242.17818823728604,987.2930115679654,-113.20131230595182,1016.5617372047982,1.330250635352747,17,4,1477,16424,-13.564539643724391,-10.201312305941615,0.0,533.0,positron,1
0,33,-26.700126544411887,-18.045596271374322,-145.92077845128105,32.22639139396539,-2.5472511577591703,8,2,66,821,0.17229114273426974,29.079221548689866,0.0,551.0,electron,-1
1,221,-57.205088643190294,-44.58867612471125,-329.2703334006882,72.52980218661605,-2.479506559450848,8,4,68,1047,-1.8410158006481736,-14.270333400673902,0.0,551.0,electron,-1
2,500,-92.32837647988501,-93.28863167517946,-602.0,131.25280150624855,-2.35102122165149,7,14,15,662,0.6790029602616396,-8.74888501575478,0.0,551.0,electron,-1
3,599,-101.33551674606166,-112.47333667850886,-698.0,151.39068141001462,-2.304149116381097,7,12,16,555,-6.107741765175925,11.267212784234552,0.0,551.0,electron,-1
4,603,-101.67018210978684,-113.29091607111509,-702.0,152.22239518043875,-2.3021873534464663,7,12,15,554,8.217099786411802,12.000520029242667,0.0,551.0,electron,-1
5,1129,-115.94857582094671,-224.52551702662706,-1215.5,252.6970123111471,-2.0474903454615814,12,12,30,4883,-2.8485867863508183,-65.31882150789977,0.0,551.0,electron,-1
6,1419,-99.10262412073497,-284.4947996116188,-1498.5,301.2617153135639,-1.9059968860656245,12,10,34,4717,4.176657537686889,-16.766864499901082,0.0,551.0,electron,-1
7,1723,-64.04556807386376,-339.64508250752084,-1795.5,345.6307521929213,-1.7571740258060988,12,8,37,4550,16.008353930956808,27.260100677124143,0.0,551.0,electron,-1
8,1726,-63.609946950586924,-340.1443121592569,-1798.5,346.04100688408374,-1.755669624000076,12,8,40,4553,-23.69156122474376,27.228849667823415,0.0,551.0,electron,-1
9,2082,-4.174150507118271,-387.9037272356666,-2145.5,387.92618516385113,-1.5815567013686638,12,6,43,4386,-4.1741505071140335,69.90372723559672,0.0,551.0,electron,-1
10,2497,80.96219596068683,-413.98883551803635,-2551.5,421.83128512280405,-1.3776677123255898,12,4,47,4220,10.47252694768018,-48.298358137118,0.0,551.0,electron,-1
11,2907,168.18647707077318,-404.4439766597476,-2951.5,438.0201152068569,-1.176704535493675,12,2,54,4057,0.6100675825140112,-31.97987702082452,0.0,551.0,electron,-1
0,33,-26.861273171176567,-17.865182249876874,-146.07197410754517,32.259769577569614,-2.5546819163810683,8,2,66,821,-0.06961266970034159,28.928025892425897,0.0,551.0,positron,1
1,218,-62.456896578719764,-35.78595857924263,-326.7662837112809,71.98262819375357,-2.621284942718493,8,4,67,1046,2.1393594577219694,-11.766283711269125,0.0,551.0,positron,1
2,500,-121.36139047920928,-49.98710637946118,-602.0,131.25280150624852,-2.7508815611805204,7,14,8,655,-3.2925368564227395,-8.788355732954326,0.0,551.0,positron,1
3,599,-142.52940164947674,-51.03438138383469,-698.0,151.39068141001465,-2.797753666450913,7,12,7,546,3.0940198896039006,11.359521525905322,0.0,551.0,positron,1
4,722,-168.96916771884426,-49.460629236457194,-818.0,176.0594600811476,-2.8568282066759396,7,10,7,438,-6.800468232323265,35.92854735982663,0.0,551.0,positron,1
5,1129,-251.73732244164606,-22.0022844470903,-1215.5,252.69701231114695,-3.0544124373704284,12,12,5,4858,-22.045677872206056,-66.26660067398859,0.0,551.0,positron,1
6,1132,-252.31157851900076,-21.671790906234303,-1218.5,253.24059543413142,-3.0559099812891954,12,12,1,4854,6.964466824259745,-64.85519854275319,0.0,551.0,positron,1
7,1416,-300.35801305245246,15.877077542153033,-1495.5,300.77735552414305,3.088781296778048,12,10,168,4851,1.6140935813246304,-17.226983420704176,0.0,551.0,positron,1
8,1726,-338.8205507311854,70.32078531676903,-1798.5,346.0410068840843,2.936952148347652,12,8,165,4678,-10.416933011667709,27.88405025421017,0.0,551.0,positron,1
9,2085,-360.50577274574766,144.09906392319053,-2148.5,388.2382675710219,2.7613331886123613,12,6,159,4502,10.474532855145593,70.09681752170644,0.0,551.0,positron,1
10,2501,-352.03925026618884,232.7384916364294,-2554.5,422.0175816446285,2.5574432420095023,12,4,154,4327,13.902791752268108,-48.21207748045946,0.0,551.0,positron,1
11,2907,-310.2817030463363,309.1712892241023,-2951.5,438.02011520685704,2.35798705984125,12,2,151,4154,-23.776053054369317,-32.625846837247494,0.0,551.0,positron,1
12,2910,-309.8540269865956,309.6773418185487,-2954.5,438.07484985515,2.3564796818261398,12,2,148,4151,24.68784515179767,-32.621543692714475,0.0,551.0,positron,1
0,7,26.154324719663993,18.656656546853785,-3.3018013592881346,32.12661723631807,0.6196161617138042,8,2,106,861,0.9916166532402138,31.698198640680165,0.0,866.0,electron,-1
1,48,58.70431301660876,43.20989605895098,-7.49242038782559,72.89232802001406,0.6345196455534685,8,4,212,1191,-3.8778535928107143,27.507579612146902,0.0,866.0,electron,-1
2,91,92.35088497818752,70.88444724747481,-11.970217415574709,116.41860168304059,0.6546424008692883,8,6,344,1771,-1.1668965491688523,23.02978258440226,0.0,866.0,electron,-1
3,148,133.80816137931942,108.58576035622785,-17.730094088198125,172.3237981355278,0.6817158779812756,8,8,516,2671,-0.5204090369844236,17.269905911784605,0.0,866.0,electron,-1
4,239,196.13088456796768,174.1920593174189,-27.03324048459954,262.3169788836717,0.7262249105413163,13,2,425,5448,5.137186990878728,-27.033240484572502,0.0,866.0,electron,-1
5,343,259.8224551620562,255.75414344116086,-37.67350567305156,364.579058770194,0.7775075273646277,13,4,595,6458,17.76925137799214,-37.67350567301388,0.0,866.0,electron,-1
6,481,330.62159041580304,373.0676344899259,-51.76682821555461,498.48780923206533,0.8456444707739348,13,6,752,7791,-0.08516315755522208,51.23317178439415,0.0,866.0,electron,-1
7,484,332.0896918449014,375.93634838334395,-52.098024476882216,501.60911222329736,0.8472472068710374,13,6,830,7869,0.7274587360759557,-52.09802447683011,0.0,866.0,electron,-1
8,646,393.50140828463014,524.9248594885764,-68.67789397430967,656.0407505872549,0.9275296379926152,13,8,985,9662,-18.090169156388725,34.322106025656005,0.0,866.0,electron,-1
9,821,432.04259946056175,694.2004582215652,-86.54269768524537,817.6644078982957,1.014097688951003,17,2,1160,13587,-5.722464087928628,16.45730231473817,0.0,866.0,electron,-1
10,1047,437.72965411742416,917.839029195203,-109.58241074013301,1016.8754759594473,1.125788054983908,17,4,1472,16419,-11.284050892210173,-6.582410740126431,0.0,866.0,electron,-1
0,7,26.188389396964457,18.61851894790942,-3.302379471916328,32.132242172321284,0.6180342606920477,8,2,106,861,0.9404807686500274,31.69762052805197,0.0,866.0,positron,1
1,46,58.91839598224399,40.63020177567927,-7.3563971486781385,71.56948149492852,0.603712816349976,8,4,211,1190,8.138332587967684,27.643602851294215,0.0,866.0,positron,1
2,48,60.4432200499948,41.61068889800004,-7.542712414149965,73.38141645252044,0.6029159227638863,8,4,212,1191,-6.240322897243059,27.457287585822577,0.0,866.0,positron,1
3,91,96.56145727650843,63.72778489647214,-11.895742240718961,115.69505434189477,0.5833529747470012,8,6,343,1770,4.627458947447935,23.104257759257933,0.0,866.0,positron,1
4,147,145.68246846520444,90.58923839204877,-17.65040298365121,171.55113444849826,0.5563140859948138,8,8,514,2669,5.666854049327567,17.349597016331437,0.0,866.0,positron,1
5,237,226.78510577332398,127.5920355644565,-26.815261670432093,260.21378084202087,0.5124745820257753,13,2,424,5447,-9.814899186642375,-26.815261670405278,0.0,866.0,positron,1
6,338,321.72423298846337,160.47817801381788,-37.14570386678538,359.5270889803016,0.4626924512969916,13,4,593,6456,-15.34190077516246,-37.145703866748235,0.0,866.0,positron,1
7,483,463.08264366016715,190.78434322317008,-52.01677153951527,500.8434890046847,0.3907976767452759,13,6,746,7785,14.335775941593244,50.98322846043374,0.0,866.0,positron,1
8,486,466.0289821647714,191.1922352064359,-52.32246805949678,503.72361769204934,0.3893182975178898,13,6,824,7863,13.665594558330262,-52.322468059444454,0.0,866.0,positron,1
9,646,624.6298585388438,200.20965226657867,-68.66603484553161,655.9316771119995,0.3101793478583564,13,8,975,9652,-18.983683645772174,34.33396515443405,0.0,866.0,positron,1
10,652,630.8241168954677,200.05123048732656,-69.30285570836121,661.785132257019,0.3070944570110132,13,8,974,9651,20.005857499382806,33.69714429160509,0.0,866.0,positron,1
11,821,796.7160345222266,181.39258859834197,-86.47968681200311,817.104467533515,0.2238593993525281,17,2,1145,13572,-9.718009514705187,16.52031318798037,0.0,866.0,positron,1
12,1050,1013.4041446059018,112.22235653822283,-109.90722210592628,1019.59885131919,0.11028865328335444,17,4,1447,16394,7.164153231172205,-6.907222105919372,0.0,866.0,positron,1
0,42,-29.592959682503324,-14.80688336473502,-170.93526009207983,33.090588658214195,-2.6776638409360554,8,2,66,821,-4.170259358576478,4.064739907916105,0.0,885.0,electron,-1
1,246,-63.87938189405996,-32.9992651880964,-371.44534535520285,71.89942234901103,-2.6647635832365584,8,4,35,1014,-1.0197182740024742,13.554654644783598,0.0,885.0,electron,-1
2,477,-101.82606202634148,-54.98342578510364,-598.0,115.72261671280313,-2.6464795221717448,7,14,10,657,-1.5143134276738426,-24.287159876541498,0.0,885.0,electron,-1
3,579,-118.29311805779093,-65.16091845723926,-698.0,135.05260854209905,-2.638102570141735,7,12,10,549,-0.6359667532828013,-4.94875770487522,0.0,885.0,electron,-1
4,701,-137.8153987874081,-77.75090452966857,-818.0,158.2349117550042,-2.627937744468697,7,10,10,441,0.8633030279349008,18.23268712308997,0.0,885.0,electron,-1
5,1392,-242.76645916501812,-156.27940009389704,-1495.5,288.7192487334863,-2.569628053096124,12,10,18,4701,-19.61449028027593,-29.947416212017593,0.0,885.0,electron,-1
6,1395,-243.20999020095292,-156.65431279738132,-1498.5,289.29513139969606,-2.5693682333226517,12,10,15,4698,14.061586057023382,-29.04674289478474,0.0,885.0,electron,-1
7,1697,-286.12823574552175,-194.90295778062188,-1795.5,346.20301882346394,-2.5436140187149694,12,8,18,4531,-14.527521912752192,27.89846202851344,0.0,885.0,electron,-1
8,2060,-334.87550413159664,-243.60273979236186,-2151.5,414.1061435208806,-2.5126852069533636,12,6,17,4360,4.889828689945265,-55.923334594606914,0.0,885.0,electron,-1
9,2468,-385.91936326051166,-301.81070108264345,-2551.5,489.92188584242234,-2.4778891075337373,12,4,17,4190,22.82437195892112,19.389310227260058,0.0,885.0,electron,-1
10,2471,-386.2866810992129,-302.26054207731465,-2554.5,490.48836407351916,-2.477628010407122,12,4,20,4193,-32.02257054803192,19.441693137394935,0.0,885.0,electron,-1
11,2872,-432.4435706985319,-362.9630418135977,-2948.5,564.5791455244124,-2.443325538464263,12,2,19,4022,9.930039725559052,-57.5081718116605,0.0,885.0,electron,-1
0,42,-29.633789801350176,-14.761171418495298,-171.01849500543253,33.10670143093099,-2.6794504986001386,8,2,66,821,-4.231551125022419,3.9815049945634913,0.0,885.0,positron,1
1,248,-65.07445503491319,-31.36319794040729,-373.19526271063046,72.2380431845998,-2.692481996530738,8,4,35,1014,-3.0457774663612787,11.804737289357735,0.0,885.0,positron,1
2,481,-105.86034588173084,-48.63027904326998,-602.0,116.49599508148762,-2.7109645571554593,7,14,8,655,1.727442478189845,-23.516667635980742,0.0,885.0,positron,1
3,583,-123.89610391292355,-55.662826521902794,-702.0,135.82560443896207,-2.7193458012539686,7,12,8,547,0.875753397429334,-4.177073082114804,0.0,885.0,positron,1
4,705,-145.6968970794851,-63.68483451349132,-822.0,159.00737079016446,-2.729513845342646,7,10,8,439,-0.5915598269030378,19.00641644834473,0.0,885.0,positron,1
5,1392,-270.80585193565923,-100.1149097119444,-1495.5,288.7192487334867,-2.787483177680388,12,10,12,4695,-15.333142390500793,-29.688329310764626,0.0,885.0,positron,1
6,1395,-271.3720588963858,-100.24409559622052,-1498.5,289.2951313996965,-2.7877429974538606,12,10,8,4691,18.20252080026505,-29.278402544073572,0.0,885.0,positron,1
7,1700,-328.30797479205216,-111.66006505809568,-1798.5,346.77672419128265,-2.8137576240327844,12,8,8,4521,12.809516058080016,28.539746660798812,0.0,885.0,positron,1
8,2063,-396.5331172541511,-121.31899273688568,-2154.5,414.6767549284465,-2.8446868473338163,12,6,9,4352,6.802767574985955,-55.378999631029046,0.0,885.0,positron,1
9,2471,-473.73599601950815,-127.09461580618706,-2554.5,490.4883640735198,-2.879483220369391,12,4,9,4182,-9.019876932842052,20.40547260612507,0.0,885.0,positron,1
10,2872,-549.9926881817313,-127.50550775440847,-2948.5,564.5791455244132,-2.9137856923122487,12,2,7,4010,-19.187258479817785,-57.74701871944981,0.0,885.0,positron,1
0,6,-26.034951791038974,18.395286207779243,3.336525898447472,31.877974675751233,2.5264767739088705,8,2,127,882,-0.8390713419255806,-31.663474101520862,0.0,951.0,electron,-1
1,46,-58.71798199070615,40.17627466193885,7.447643588296321,71.14727299603578,2.5415330059221066,8,4,253,1232,6.254796373171075,-27.552356411676122,0.0,951.0,electron,-1
2,48,-60.530860324281534,41.3278736720867,7.6724357786890796,73.29378004888027,2.5425330972438807,8,4,254,1233,-7.992112288251907,-27.32756422128359,0.0,951.0,electron,-1
3,91,-97.47910963336513,63.574711457491176,12.186922359591597,116.37835173182717,2.563680790910039,8,6,412,1839,-4.015675263943166,-22.813077640385586,0.0,951.0,electron,-1
4,148,-147.0782555004197,89.9923931393385,18.06954608163798,172.4257639217295,2.592492773564861,8,8,618,2773,-4.440081198099624,-16.930453918345087,0.0,951.0,electron,-1
5,240,-231.31966752736844,126.70952327400452,27.691607339587915,263.75005568397097,2.64046464654928,13,2,437,5460,12.97211855572952,27.69160733956022,0.0,951.0,electron,-1
6,338,-323.1712667696794,156.26514935322112,37.79512556937191,358.9686122321892,2.6912022621384963,13,4,613,6476,-20.932819502197162,37.79512556933411,0.0,951.0,electron,-1
7,344,-329.41670253633316,157.90523320851446,38.470971554052646,365.30730431315817,2.6946027328366897,13,4,612,6475,21.38262375953826,38.47097155401417,0.0,951.0,electron,-1
8,481,-462.93277681227664,182.4109439418859,52.691161387526755,497.57462587725973,2.7662405160554533,13,6,932,7971,-6.471345537570764,-50.30883861242293,0.0,951.0,electron,-1
9,484,-466.14034358116794,182.75843990227196,53.02884719699347,500.6869953069299,2.7679433606515316,13,6,854,7893,-5.650366832537483,53.02884719694043,0.0,951.0,electron,-1
10,650,-630.7773163992953,185.884691283152,70.28562717165215,657.5964882337264,2.8550131624014266,13,8,1220,9897,-6.238330515647127,-32.71437282831513,0.0,951.0,electron,-1
11,824,-801.6214813578662,158.32460019552843,88.4236764319207,817.1068953334402,2.9465968595755525,17,2,1437,13864,-9.698183916506137,-14.576323568064726,0.0,951.0,electron,-1
12,1054,-1013.9002666756472,75.37593872642843,112.33611340994307,1016.6982260748953,3.06738660305991,17,4,1823,16770,-12.545010590847065,9.33611340993373,0.0,951.0,electron,-1
0,6,-26.012854156018683,18.44114311832939,3.337410767617766,31.88642878801271,2.524902336957236,8,2,127,882,-0.8899747968052734,-31.66258923235057,0.0,951.0,positron,1
1,46,-57.538322347643096,42.112393505349004,7.463947617553454,71.30296084547012,2.5097754573463695,8,4,253,1232,3.987605810102049,-27.536052382419008,0.0,951.0,positron,1
2,91,-91.76416351109964,70.26591950654662,12.102867869466719,115.57664620931133,2.488104607783511,8,6,411,1838,1.293157703697346,-22.89713213051038,0.0,951.0,positron,1
3,147,-133.2520336394695,108.26871873900605,17.99246286837594,171.6922244204446,2.459269583008772,8,8,616,2771,0.41305937611157806,-17.007537131607048,0.0,951.0,positron,1
4,237,-194.42325369115267,173.66286395174825,27.368238670950845,260.6898384896844,2.4125357030326557,13,2,436,5459,-5.851825890870478,27.368238670923475,0.0,951.0,positron,1
5,338,-254.94617793267838,252.97388344907446,37.81514572708078,359.1564274098221,2.3600775511712113,13,4,610,6473,-18.958821186600083,37.81514572704297,0.0,951.0,positron,1
6,344,-258.41082126962067,258.08454639213943,38.461387948466516,365.21744979624975,2.3568261993121338,13,4,609,6472,20.94387954153561,38.461387948428055,0.0,951.0,positron,1
7,481,-326.03854173076485,376.0675332541813,52.70722819979349,497.7227343228441,2.2850591182481823,13,6,926,7965,-5.396148600255738,-50.29277180015621,0.0,951.0,positron,1
8,484,-327.3307610808531,378.76406131659655,53.02019528153441,500.60727251490573,2.2834809966258445,13,6,848,7887,-6.226438227577733,53.020195281481385,0.0,951.0,positron,1
9,652,-385.56896674579684,534.8984966913174,70.48455405564341,659.3783662511629,2.195363434724134,13,8,1209,9886,5.714259244707264,-32.515445944324064,0.0,951.0,positron,1
10,824,-415.84141656559996,702.8818541106034,88.37418941797914,816.6804666264795,2.105033862457206,17,2,1421,13848,-12.835719049758113,-14.625810582006235,0.0,951.0,positron,1
11,1053,-408.44215512626914,929.8627518914417,112.2014268177862,1015.6129830990327,1.984674623619471,17,4,1797,16744,-20.7033822133995,9.201426817776998,0.0,951.0,positron,1
12,1059,-407.376444621139,936.6102846639607,112.91641585783549,1021.3688819278103,1.9810624636841834,17,4,1796,16743,18.145227186873175,9.916415857825571,0.0,951.0,positron,1
0,6,-12.843157761070428,-29.25994312141327,-3.2463259480217057,31.95451412154601,-1.984409005729117,8,2,99,854,5.632328622292962,31.753674051946536,0.0,1201.0,electron,-1
1,9,-13.673530834101332,-31.213894413518915,-3.4620128220630475,34.07745075455949,-1.9836759585419241,8,2,100,855,-7.393606063599765,31.53798717790541,0.0,1201.0,electron,-1
2,46,-27.242400460259105,-66.21358852634481,-7.276135580614775,71.59879669640563,-1.9611190098283198,8,4,198,1177,7.258224267465453,27.7238644193575,0.0,1201.0,electron,-1
3,48,-27.891674466397294,-68.06122166653354,-7.47509222040436,73.55457429202139,-1.95972466532407,8,4,199,1178,-7.002004230033684,27.524907779568114,0.0,1201.0,electron,-1
4,91,-40.395187943795314,-108.13459097427479,-11.740599843438792,115.43336161694442,-1.9283074247123055,8,6,322,1749,7.618148046041414,23.259400156537943,0.0,1201.0,electron,-1
5,92,-40.89302336400185,-109.95451989717006,-11.932282266552726,117.31255604438073,-1.9268539123713497,8,6,323,1750,-6.392096281132191,23.067717733424203,0.0,1201.0,electron,-1
6,148,-52.9620982388839,-163.6768656265763,-17.527905954918335,172.03226497144513,-1.8837407940500566,8,8,484,2639,1.6106666704164827,17.472094045064193,0.0,1201.0,electron,-1
7,239,-62.299458022014896,-253.76616746546438,-26.73748967598325,261.3015312238849,-1.8115347262264792,13,2,409,5432,-1.3527998969366413,-26.73748967595651,0.0,1201.0,electron,-1
8,344,-56.673212319675486,-357.67056751497773,-37.32126775200068,362.1326937202954,-1.7279407620807188,13,4,573,6436,4.085506990864312,-37.321267751963354,0.0,1201.0,electron,-1
9,487,-21.03346196370842,-495.32110570705186,-51.798495936217975,495.7674901413315,-1.6132351260997408,13,6,722,7761,-21.272326885030672,51.201504063730816,0.0,1201.0,electron,-1
10,490,-19.79287208077469,-498.50860237809684,-52.14598162130601,498.90137745868105,-1.6104796565852095,13,6,800,7839,-20.017648336841006,-52.14598162125385,0.0,1201.0,electron,-1
11,494,-18.419915945373866,-501.97587817871994,-52.52483907673921,502.3137222660075,-1.607474692997092,13,6,721,7760,22.282274679209973,50.47516092321031,0.0,1201.0,electron,-1
12,498,-17.06445855120888,-505.3407051618356,-52.8933715849851,505.6287413103681,-1.604551725182766,13,6,799,7838,23.92253344067586,-52.8933715849322,0.0,1201.0,electron,-1
13,670,68.41373819831918,-653.1736971636659,-70.29729960116539,656.7467687326072,-1.4664363484499316,13,8,946,9623,-12.512655179807663,32.7027003988019,0.0,1201.0,electron,-1
14,870,213.1540623201441,-787.4758281692835,-90.4426953920861,815.8142155138503,-1.3064506801901172,17,2,1116,13543,-19.498250284443483,12.557304607901347,0.0,1201.0,electron,-1
15,1174,495.709727183601,-888.3958985208072,-121.23058584222873,1017.337410170801,-1.0618448700615604,17,4,1419,16366,-7.981975302372097,-18.230585842210502,0.0,1201.0,electron,-1
0,6,-12.913572239505314,-29.226011628298473,-3.2460543065094773,31.951840380209084,-1.9868537658747483,8,2,99,854,5.554165043829305,31.753945693458764,0.0,1201.0,positron,1
1,9,-13.816469681380603,-31.20583134443116,-3.4671164493043256,34.127682961982515,-1.987607172362937,8,2,100,855,-7.53677214598173,31.53288355066414,0.0,1201.0,positron,1
2,47,-30.56119645782816,-64.9988445804658,-7.299149904161499,71.82504107711681,-2.010305136449731,8,4,198,1177,3.724103481823697,27.700850095810797,0.0,1201.0,positron,1
3,91,-52.47302992555244,-102.76018746639276,-11.73539139736412,115.38229932574626,-2.042916323235371,8,6,321,1748,8.337839683778963,23.264608602612615,0.0,1201.0,positron,1
4,92,-53.465984284961074,-104.33485730438562,-11.924514289764833,117.23640187367666,-2.044351118621813,8,6,322,1749,-5.993747228091099,23.07548571021209,0.0,1201.0,positron,1
5,147,-84.53728162557175,-148.97923465634616,-17.452123240268687,171.2932116093101,-2.0869330685882463,8,8,481,2636,8.254967610169722,17.547876759713763,0.0,1201.0,positron,1
6,149,-85.70128492233442,-150.49928529048043,-17.646624605737173,173.18991053258432,-2.0884469565864894,8,8,482,2637,-6.003010475451774,17.35337539424547,0.0,1201.0,positron,1
7,238,-144.32909502048824,-216.4855858863175,-26.62163778505644,260.1862728238661,-2.1588161065838913,13,2,407,5430,-10.060451571414148,-26.621637785029815,0.0,1201.0,positron,1
8,341,-223.01778258555777,-281.494261361605,-37.00276485998316,359.1322187285551,-2.2408023917770614,13,4,569,6432,-19.207190421243634,-37.002764859946154,0.0,1201.0,positron,1
9,347,-228.0995029613999,-284.992871782706,-37.62954933277462,365.0346835825215,-2.245762320843479,13,4,568,6431,20.048083534998234,-37.62954933273699,0.0,1201.0,positron,1
10,491,-355.18330676887916,-351.4574578108928,-52.23210095743867,499.67742200160615,-2.3614670623654437,13,6,712,7751,7.511977664230497,50.76789904251056,0.0,1201.0,positron,1
11,494,-358.0465919930992,-352.5460576210991,-52.54330129608531,502.4799347059066,-2.36393510574164,13,6,790,7829,6.300403250348582,-52.543301296032766,0.0,1201.0,positron,1
12,671,-528.8923547996168,-390.5667322797417,-70.38419058298216,657.4720490858597,-2.505517064904228,13,8,929,9606,-7.13021707641559,32.61580941698522,0.0,1201.0,positron,1
13,870,-725.1962931634663,-374.3038059505186,-90.48077395764741,816.0961970056444,-2.665115494236328,17,2,1090,13517,-17.282757669967435,12.519226042340065,0.0,1201.0,positron,1
14,878,-732.6779526904197,-372.40406076114095,-91.26497414011791,821.8891450980555,-2.6713446218448786,17,2,1089,13516,20.935799847613463,11.73502585987035,0.0,1201.0,positron,1
15,1177,-992.0838215993398,-232.2410370396935,-121.5100460729632,1018.9044157154405,-2.9116392914098665,17,4,1374,16321,2.6810538795889847,-18.510046072944693,0.0,1201.0,positron,1
0,21,-22.248296055031958,22.282513025157797,-98.61865704851652,31.488046367926312,2.355426101651951,8,2,94,849,6.179727703940378,6.381342951477094,0.0,1272.0,electron,-1
1,27,-23.55584531012944,23.539916573651976,-104.30007137797247,33.301734497909294,2.3565327103470457,8,2,95,850,-6.549867306157033,0.699928622026828,0.0,1272.0,electron,-1
2,156,-53.41041669818348,48.88732724046094,-227.02832611122432,72.40610041004494,2.400380659382326,8,4,125,1104,-3.945825488262641,17.97167388875771,0.0,1272.0,electron,-1
3,300,-90.22837991306709,72.92003324614097,-364.8314606461077,116.01073997848249,2.461888724071914,8,6,99,1526,-1.7732654573602584,20.16853935387213,0.0,1272.0,electron,-1
4,793,-232.7310000005586,114.76763583920517,-833.9734819574142,259.490517355414,2.68345268468785,13,2,118,5141,-17.161424233088596,-9.973481957404177,0.0,1272.0,electron,-1
5,1194,-352.9258008411517,99.71815098860004,-1215.5,366.7428670553165,2.8662236185072936,12,12,162,5015,5.69117715701314,48.69839298406297,0.0,1272.0,electron,-1
6,1497,-435.83113198920444,59.88588258999899,-1504.5,439.9262376178244,3.005041590268421,12,10,166,4849,13.964716264281904,-30.29507941818996,0.0,1272.0,electron,-1
7,1809,-506.226105270978,-3.170058754989508,-1801.5,506.2360308495765,-3.1353305954192594,12,8,169,4682,31.54936132149559,35.25157742240818,0.0,1272.0,electron,-1
8,1812,-506.8400218510297,-3.905345510171587,-1804.5,506.8550675227644,-3.133887523655338,12,8,2,4515,-24.51951049519282,36.261248875184556,0.0,1272.0,electron,-1
9,2170,-561.615779077514,-97.43550222117004,-2145.5,570.0052283987707,-2.9698111427290206,12,6,4,4347,8.379838076614229,-52.05622398957813,0.0,1272.0,electron,-1
10,2590,-583.400935232657,-222.47934779535169,-2545.5,624.3826642578923,-2.7772674114594413,12,4,10,4183,-1.3699684473797074,2.3811364302677225,0.0,1272.0,electron,-1
0,21,-22.15338153964,22.367291103155654,-98.59731456478481,31.481232900478478,2.351389802734144,8,2,94,849,6.052463853059352,6.402685435208787,0.0,1272.0,positron,1
1,27,-23.459121344267725,23.74063770270055,-104.53229252924072,33.375863326301605,2.350230200839907,8,2,95,850,-6.772677757479346,0.4677074707588117,0.0,1272.0,positron,1
2,152,-47.947078551471265,52.82190136721338,-223.66704628513708,71.33775722342673,2.3078559502208584,8,4,124,1103,3.588861028663974,21.33295371484159,0.0,1272.0,positron,1
3,299,-72.20866015815143,90.26084829647559,-363.49591652139935,115.59027353992543,2.2455371441835736,8,6,97,1524,1.1875295658652876,21.504083478579144,0.0,1272.0,positron,1
4,809,-113.69379561048065,238.22153230269763,-849.1926637021556,263.96169724595075,2.0160876443315847,13,2,113,5136,14.033062888146118,-25.192663702130446,0.0,1272.0,positron,1
5,1197,-97.45108966773896,354.3870124620358,-1218.5,367.54165679443304,1.839148532048837,12,12,134,4987,13.09699237705512,49.30850624375677,0.0,1272.0,positron,1
6,1494,-57.98839174010369,435.36311856075815,-1501.5,439.20803565002365,1.7032123936030912,12,10,132,4815,-15.757002508373265,-31.07432143058129,0.0,1272.0,positron,1
7,1809,5.993173581562119,506.20055393169343,-1801.5,506.2360308495752,1.5589573559979022,12,8,126,4639,22.399111741339176,35.7398522888964,0.0,1272.0,positron,1
8,2170,100.56605290175806,561.0636589600987,-2145.5,570.0052283987693,1.3934379033076623,12,6,124,4467,-11.558217076101457,-52.11182186168859,0.0,1272.0,positron,1
9,2590,225.72944720963474,582.1511213492709,-2545.5,624.3826642578898,1.2008941720380817,12,4,118,4291,-2.1121539890777346,2.379066811127193,0.0,1272.0,positron,1
0,6,-18.750759242030952,25.406528856756434,9.256260789500448,31.576616042600364,2.2065919763383506,8,2,126,881,1.4901393771965301,-25.743739210473805,0.0,1346.0,electron,-1
1,49,-43.76910014533624,57.36485003150221,21.154547050935722,72.15580466372204,2.2225625625603724,8,4,252,1231,-2.5831634470180562,-13.845452949050431,0.0,1346.0,electron,-1
2,94,-72.11533244768435,90.35782446910117,33.906462348721085,115.60777489783693,2.2443827472538276,8,6,409,1836,1.052939671749501,-1.0935376512778212,0.0,1346.0,electron,-1
3,153,-111.46141098377501,131.40770958867773,50.577205911276685,172.3126004615921,2.274250629035966,8,8,614,2769,-3.7455904670308415,15.577205911261107,0.0,1346.0,electron,-1
4,246,-177.73359904312227,190.4315753787529,76.60186267980515,260.48688475632514,2.321718266371691,13,2,475,5498,11.604865414587888,-26.39813732016845,0.0,1346.0,electron,-1
5,348,-256.7507862443373,247.6290077454732,105.20953030768534,356.7086930733438,2.374277657498326,13,4,666,6529,-13.711966703315372,2.2095303076831314,0.0,1346.0,electron,-1
6,499,-384.64337821867855,316.63076511976413,147.8521315474974,498.20233824000127,2.4528764622638075,13,6,928,7967,-2.020812358950952,44.85213154745255,0.0,1346.0,electron,-1
7,677,-546.4949343875139,370.8439864754876,197.95918140141907,660.4407434556448,2.5453833158974386,13,8,1317,9994,-7.354727308659177,-8.040818598572885,0.0,1346.0,electron,-1
8,860,-720.0545567043404,394.4900899817283,249.38330050910318,821.0365373870253,2.6403928526971123,17,2,1551,13978,-3.1393620610644417,43.383300509059794,0.0,1346.0,electron,-1
9,1101,-949.9546084095294,374.86738477752607,317.1980472054064,1021.2440032668218,2.765736166886457,17,4,2119,17066,17.394958261265224,8.198047205398197,0.0,1346.0,electron,-1
0,6,-18.715508093914217,25.438015343014236,9.2575612563202,31.58105235429618,2.2051018324727654,8,2,126,881,1.4428737209500941,-25.742438743654056,0.0,1346.0,positron,1
1,49,-42.088832804698974,59.19189831389332,21.293702590383692,72.63023249903713,2.1889048288511765,8,4,252,1231,-5.065380956058755,-13.7062974096026,0.0,1346.0,positron,1
2,93,-64.65945003295319,95.16365525502361,33.74325679718843,115.05201328121535,2.1676004213667195,8,6,408,1835,6.162854996159114,-1.2567432028103136,0.0,1346.0,positron,1
3,96,-65.74012742767283,96.98225551375057,34.36337468575137,117.16365579283135,2.1665063132039504,8,6,409,1836,-8.140880302141968,-0.6366253142479962,0.0,1346.0,positron,1
4,153,-92.20563584943666,144.8119724458498,50.38958741032011,171.6752359720425,2.1377838514407723,8,8,612,2767,0.5393078158598317,15.38958741030472,0.0,1346.0,positron,1
5,243,-128.11812069765568,223.3427082448968,75.71193330163636,257.4805199957157,2.0916072882200742,13,2,474,5497,-7.542639438484771,-27.288066698336344,0.0,1346.0,positron,1
6,348,-160.470096636807,318.5645026567565,105.20655818262387,356.69874441547,2.0374224792588986,13,4,663,6526,-13.803086075397921,2.206558182621659,0.0,1346.0,positron,1
7,498,-188.41163628989725,460.41375048897885,147.6302484131419,497.47338253293935,1.959227710141902,13,6,922,7961,-7.212550487446697,44.63024841309728,0.0,1346.0,positron,1
8,677,-192.35144624579834,631.6748658513923,197.91884226156515,660.3122102621037,1.866385775298967,13,8,1306,9983,-8.286773691020985,-8.081157738426771,0.0,1346.0,positron,1
9,863,-162.79208905728768,807.3086022711984,250.20899679885582,823.5584032481922,1.7697759082321831,17,2,1534,13961,13.093330286721079,44.20899679881161,0.0,1346.0,positron,1
10,1101,-77.01937504872957,1017.7669642907282,316.9985421633307,1020.6770193035901,1.6463272282315105,17,4,2092,17039,13.961593215187788,7.998542163322684,0.0,1346.0,positron,1
0,42,-30.959849991662264,9.385974164253462,184.04056789779565,32.35133416906115,2.8472338005549114,8,2,160,915,-3.1969283713189665,9.040567897786612,0.0,1516.0,electron,-1
1,272,-69.2840765995963,20.041082454602634,410.34039519839484,72.124394321276,2.8600183539820954,8,4,415,1394,0.9432565663683941,25.340395198369503,0.0,1516.0,electron,-1
2,462,-101.33100090284941,27.8575214654455,598.0,105.09050026606128,2.8733044648957824,9,2,105,3352,3.9177014694031564,-34.982237368764736,0.0,1516.0,electron,-1
3,466,-102.01650009569406,28.014016670087035,602.0,105.7929648973251,2.873595752959129,9,2,103,3350,-5.8583548424150695,-34.36888726462238,0.0,1516.0,electron,-1
4,564,-118.49682585632989,31.64279066909956,698.0,122.64894593657878,2.8806464863753845,9,4,105,3460,3.672293575846151,-17.405730769248805,0.0,1516.0,electron,-1
5,568,-119.1846585554337,31.78868812667048,702.0,123.35113914265257,2.880942381274844,9,4,103,3458,-7.735244447665427,-16.89115586398114,0.0,1516.0,electron,-1
6,686,-139.1698616613375,35.8347817916168,818.0,143.70936636450878,2.889577540541953,9,6,105,3568,3.019824842278803,3.6779473614099207,0.0,1516.0,electron,-1
7,828,-163.3815348338598,40.24059709824488,958.0,168.26417200191793,2.9001009501413333,9,8,105,3676,1.765326161089945,28.255224659492352,0.0,1516.0,electron,-1
8,1374,-257.06890643167685,52.272237865194775,1495.5,262.32958183440485,2.940988201433875,14,4,162,11151,-23.651835390340594,-56.7391412897698,0.0,1516.0,electron,-1
9,1377,-257.5943084692802,52.31754394557335,1498.5,262.85348230575846,2.9412175876898288,14,4,165,11154,6.791972169565774,-55.234412139764814,0.0,1516.0,electron,-1
10,1682,-310.22136926750113,55.618338458251145,1798.5,315.1677291904421,2.964191424841079,14,6,165,11324,0.9040384090261749,-2.8336964127777855,0.0,1516.0,electron,-1
11,2037,-371.7334770926653,56.38625933985644,2148.5,375.9856223763678,2.9910555430427483,14,8,165,11494,-9.021159355063084,57.87725450146153,0.0,1516.0,electron,-1
12,2447,-442.48930000680184,53.15619228517803,2551.5,445.6706871657237,3.022035680398274,14,10,169,11668,28.26202580339217,-25.22672341107941,0.0,1516.0,electron,-1
13,2450,-443.0150913852552,53.115653794071314,2554.5,446.1879019797126,3.022266438530323,14,10,166,11665,-21.842645238636273,-24.346675798045553,0.0,1516.0,electron,-1
14,2853,-512.3852847302276,45.60763873042099,2951.5,514.4110581224328,3.052816176547305,14,12,169,11838,16.80625238699021,44.13605188409292,0.0,1516.0,electron,-1
0,42,-30.95709520895969,9.434809844529163,184.10637209263035,32.362901300393624,2.8457650067379254,8,2,160,915,-3.2458416874580727,9.106372092621244,0.0,1516.0,positron,1
1,273,-68.97918917210527,21.9984256668207,411.92063452233225,72.40206675682484,2.832875188388652,8,4,415,1394,-1.0376898725467003,26.920634522305328,0.0,1516.0,positron,1
2,466,-100.34938960907243,33.49852872669518,602.0,105.79296489732499,2.8194051002247686,9,2,103,3350,-0.12836284824920163,-34.20664787232446,0.0,1516.0,positron,1
3,568,-116.71400734982241,39.91671349366811,702.0,123.35113914265237,2.8120584719090544,9,4,103,3458,0.7565812244394259,-16.650717720621657,0.0,1516.0,positron,1
4,690,-136.21789918198564,47.95072882449756,822.0,144.41117841896488,2.8031239607212552,9,6,103,3566,2.17595966028502,4.395245402782624,0.0,1516.0,positron,1
5,832,-158.77971541894578,57.77828062795541,962.0,168.96546315991375,2.792598043057316,9,8,103,3674,4.3241184306890865,28.91058224027949,0.0,1516.0,positron,1
6,1377,-243.13461136420898,99.88750631104459,1498.5,262.8534823057589,2.7517832654940704,14,4,159,11148,-4.581922807301481,-55.1865752218487,0.0,1516.0,positron,1
7,1682,-288.6961148055714,126.43279170859185,1798.5,315.1677291904421,2.7288094283428195,14,6,159,11318,1.7463827208600988,-2.8372168512707776,0.0,1516.0,positron,1
8,2037,-340.2300729667554,160.02714045680312,2148.5,375.98562237636844,2.70194531014115,14,8,159,11488,12.18168115965743,57.78813805953178,0.0,1516.0,positron,1
9,2447,-397.21912387991176,202.08742915590744,2551.5,445.67068716572396,2.6709651727856243,14,10,157,11656,-15.270845539979646,-24.591069711265284,0.0,1516.0,positron,1
10,2853,-451.0904890927162,247.2571684880644,2951.5,514.4110581224328,2.6401846766365926,14,12,157,11826,-1.7958494418817104,44.4078710151888,0.0,1516.0,positron,1
0,18,-0.628209318765115,-31.949770843560675,79.71211128826694,31.955946299620408,-1.5904561980111318,8,2,132,887,5.672454075495094,-25.28788871170777,0.0,1530.0,electron,-1
1,24,-0.641641686201519,-34.054420877678865,84.96211383528134,34.06046513727553,-1.589635753704072,8,2,133,888,-7.344864484888438,-20.037886164698616,0.0,1530.0,electron,-1
2,123,0.450207846595679,-71.09134190648847,177.40581733596463,71.09276743221056,-1.5644636030592154,8,4,296,1275,7.489487753340249,2.4058173359622215,0.0,1530.0,electron,-1
3,129,0.5729231901275964,-72.97282970851785,182.10902216228385,72.97507873685461,-1.5629453030511524,8,4,297,1276,-6.647462831442172,7.10902216227674,0.0,1530.0,electron,-1
4,245,5.158725904684631,-115.9107671118702,289.8516872892956,116.0255074775451,-1.5263196662873801,8,6,586,2013,-1.8674631405700106,-25.148312710679225,0.0,1530.0,electron,-1
5,395,16.09613632282121,-170.6827102753669,429.2343938413353,171.43999880852684,-1.4767699708756918,8,8,1035,3190,2.332538734052823,-25.765606158638928,0.0,1530.0,electron,-1
6,637,45.24703193986842,-255.63101425397767,653.5140483535165,259.6045248987097,-1.395609452720776,13,2,652,5675,-15.857054153327011,35.51404835348098,0.0,1530.0,electron,-1
7,912,94.8796182832336,-345.06200004127203,909.0193614737382,357.8685873865642,-1.3024636106960676,13,4,1081,6944,-4.4033228603015475,-17.980638526243844,0.0,1530.0,electron,-1
8,1249,176.8414915234293,-439.4364699278137,1221.5,473.68483639108547,-1.1881986946419008,14,2,54,10873,4.784768528839761,3.661105059084152,0.0,1530.0,electron,-1
9,1544,264.7715018006231,-504.9620712526263,1495.5,570.1672049228189,-1.0878673417104399,14,4,56,11045,-6.665172729345885,-51.871665076313,0.0,1530.0,electron,-1
10,1871,375.02491575192215,-555.3468895908562,1798.5,670.1148074867283,-0.9768416290500642,14,6,59,11218,-12.059129331024657,48.006635852452945,0.0,1530.0,electron,-1
11,2244,510.86031253375086,-581.5349545499487,2144.5,774.0550124412945,-0.850005072217658,18,8,36,18469,-0.652495096691144,-53.94477062643142,0.0,1530.0,electron,-1
12,2678,671.2585656716255,-567.9581823520373,2547.5,879.297764632754,-0.7022310296547077,18,10,38,18569,-15.577942229769938,51.16025320530117,0.0,1530.0,electron,-1
13,2683,673.2083201678045,-567.493046129327,2552.5,880.487251326389,-0.700397411355248,18,10,39,18570,8.141788210412226,-61.549771548970156,0.0,1530.0,electron,-1
0,18,-0.7167341932282875,-31.944777224314628,79.7043044305501,31.95281677434453,-1.5932292257816563,8,2,132,887,5.583788469807887,-25.295695569424606,0.0,1530.0,positron,1
1,24,-0.7941177486646469,-34.10773175654899,85.1030884149211,34.116975079503234,-1.594074752606252,8,2,133,888,-7.50639157063604,-19.896911585058998,0.0,1530.0,positron,1
2,124,-3.4675541389572233,-71.25529875062902,178.0225876904727,71.3396210513344,-1.6194217740862167,8,4,296,1275,3.5682965029479403,3.0225876904696816,0.0,1530.0,positron,1
3,245,-10.06873621411411,-115.78463402966695,290.34336744093594,116.22160266634306,-1.6575390128675012,8,6,585,2012,-3.0897057401795736,-24.656632559039405,0.0,1530.0,positron,1
4,394,-23.193930494896172,-169.6179710691223,428.6195172814173,171.19642087791345,-1.706695651351998,8,8,1032,3187,4.357640170346692,-26.380482718556316,0.0,1530.0,positron,1
5,644,-57.12827408370079,-255.86537348885602,660.0888744201372,262.1654612079445,-1.790468033914038,13,2,649,5672,4.2282223438772455,42.08887442009515,0.0,1530.0,positron,1
6,910,-108.81586105334073,-340.0940397118422,906.9341371986033,357.07820917034417,-1.8804613116663151,13,4,1076,6939,-10.531262347200505,-20.065862801376678,0.0,1530.0,positron,1
7,1252,-196.09853593983985,-432.37821607899275,1224.5,474.76895174116095,-1.9965858428148933,14,2,32,10851,15.70749796415048,4.509468795598039,0.0,1530.0,positron,1
8,1544,-285.7864933455964,-493.3728020378977,1495.5,570.1672049228184,-2.0958191803553134,14,4,28,11017,-29.029028451332636,-52.57192474382963,0.0,1530.0,positron,1
9,1547,-286.8438578071303,-493.94588439275276,1498.5,571.193430871028,-2.096918113049791,14,4,31,11020,31.333030248719915,-51.66653581880009,0.0,1530.0,positron,1
10,1867,-396.9054925268836,-538.7451033603288,1795.5,669.1638486893471,-2.205745363081789,14,6,28,11187,39.451705382889905,46.00021533561646,0.0,1530.0,positron,1
11,1871,-398.06250869005794,-539.073366424599,1798.5,670.1148074867265,-2.206844893015691,14,6,25,11184,-29.896821643814548,47.44756659760431,0.0,1530.0,positron,1
12,2247,-536.0820466622773,-559.5464425116536,2147.5,774.9039824914203,-2.3347813837748936,18,8,14,18447,34.11323221967868,-53.84676403273013,0.0,1530.0,positron,1
13,2675,-693.4064254383969,-539.5322324024772,2544.5,878.5826657978496,-2.480355310927386,18,10,12,18543,51.55280159261005,49.06936425446222,0.0,1530.0,positron,1
14,2678,-694.5644514234788,-539.2075497495915,2547.5,879.297764632753,-2.4814554924110466,18,10,10,18541,-62.45559491520519,49.076824742492796,0.0,1530.0,positron,1
15,2683,-696.492905194391,-538.6607770779073,2552.5,880.4872513263879,-2.483289110710506,18,10,11,18542,28.916009929106494,-61.98707643315717,0.0,1530.0,positron,1
0,25,31.392947933144907,-10.499342021122112,100.06301215713293,33.102165530515485,-0.3227543747638329,8,2,136,891,-4.214371126808735,-4.936987842862131,0.0,1742.0,electron,-1
1,150,69.56007145187986,-18.269226346366683,217.9544687757303,71.91917805207044,-0.25683888645708175,8,4,335,1314,2.7364791478606203,-27.045531224242648,0.0,1742.0,electron,-1
2,293,114.4410950076935,-18.650332237062397,353.8620810666679,115.95084785853331,-0.16154864655105286,8,6,649,2076,2.30622916983353,-31.137918933300977,0.0,1742.0,electron,-1
3,805,255.09128050556075,51.53548814687403,839.918353210253,260.2450151847356,0.19934444663115355,13,2,742,5765,-9.545477964566562,15.918353210237111,0.0,1742.0,electron,-1
4,1201,308.9571732611134,161.6483593554545,1215.5,348.6900156181817,0.48203987994830866,14,2,100,10919,14.487046285674607,30.389005377809738,0.0,1742.0,electron,-1
5,1502,304.6017931428882,255.42511674848447,1501.5,397.52263162220055,0.6978115499574821,14,4,102,11091,-32.05021862653858,-73.77212705826096,0.0,1742.0,electron,-1
6,1505,304.34144912382953,256.38284620300556,1504.5,397.9395450089706,0.7000760728291957,14,4,105,11094,11.626951192414072,-72.23056402538084,0.0,1742.0,electron,-1
7,1821,257.5960713396636,342.96566479893283,1804.5,428.9302777848668,0.9266017294986557,14,6,111,11270,11.620703230728678,-41.22777896265702,0.0,1742.0,electron,-1
0,22,30.413326135095335,-10.449662636369862,97.20906498967362,32.15844921344338,-0.33095144606098764,8,2,135,890,8.289227432598237,-7.790935010318587,0.0,1742.0,positron,1
1,26,31.375176568929874,-10.814385621496875,100.31846979702753,33.186633470449586,-0.3319272676456495,8,2,136,891,-4.529915563493898,-4.681530202967786,0.0,1742.0,positron,1
2,149,66.04536756657217,-27.701996122287035,217.03984746192646,71.61976798456435,-0.39715092979946154,8,4,334,1313,6.768809858338341,-27.96015253804558,0.0,1742.0,positron,1
3,156,67.91365045418372,-28.839065158065623,223.65085594083303,73.7831660828146,-0.4015683372534114,8,4,335,1314,-7.960819324497861,-21.349144059145623,0.0,1742.0,positron,1
4,291,101.84750827951729,-54.60942238178726,352.654358240885,115.5642849483299,-0.4921772636243988,8,6,646,2073,6.014661682591376,-32.34564175908263,0.0,1742.0,positron,1
5,811,171.1341173400491,-198.03470307826717,845.5043377275122,261.73389108225007,-0.8581375813480493,13,2,735,5758,1.5350301290675477,21.50433772749066,0.0,1742.0,positron,1
6,1201,146.67519947356064,-316.3401853245956,1215.5,348.69001561818243,-1.1366386226357843,14,2,55,10874,10.899416349526064,30.519850882281713,0.0,1742.0,positron,1
7,1502,86.12497730244013,-388.0808304161579,1501.5,397.5226316222015,-1.352410292644959,14,4,47,11036,-19.902110179306437,-72.97551355702315,0.0,1742.0,positron,1
8,1505,85.33534346060296,-388.6820817048403,1504.5,397.9395450089715,-1.3546748155166726,14,4,51,11040,25.60108910102537,-72.88476573688304,0.0,1742.0,positron,1
9,1818,-3.489106900846581,-428.713699148985,1801.5,428.727897045401,-1.5789346948387757,14,6,41,11200,-20.55452091855346,-41.76550558230171,0.0,1742.0,positron,1
10,1821,-4.4625724623115195,-428.9070629490992,1804.5,428.9302777848679,-1.581200472186134,14,6,44,11203,28.50453282844274,-42.01829973998951,0.0,1742.0,positron,1
0,7,0.753163087566317,-32.027692985512815,-11.111821324407634,32.03654745147703,-1.5472846645475749,8,2,100,855,7.0560224999600605,23.888178675568472,0.0,2016.0,electron,-1
1,9,0.8083994058952065,-33.54743660900936,-11.639287387968132,33.55717527794843,-1.5467037859158796,8,2,101,856,-5.808748533066214,23.360712612008506,0.0,2016.0,electron,-1
2,50,3.71202681300813,-72.72020825863508,-25.266470614576388,72.81488743546713,-1.519795265571438,8,4,201,1180,-3.4676026423755326,9.733529385413878,0.0,2016.0,electron,-1
3,96,10.156742163695782,-115.40059249234692,-40.24177125458054,115.8466924817645,-1.4830096219457398,8,6,326,1753,3.2018298231833455,-5.2417712545752995,0.0,2016.0,electron,-1
4,157,23.949091792352306,-171.16235431059576,-60.17468092887158,172.82971541614143,-1.431778532138894,8,8,490,2645,-3.8551568587787144,-25.174680928846403,0.0,2016.0,electron,-1
5,249,55.68751505386904,-251.75780013625902,-90.25028779344844,257.8431485657966,-1.3531066711419812,13,2,372,5395,-4.675210745440342,12.749712206538813,0.0,2016.0,electron,-1
6,362,111.97075025440775,-342.8188748353693,-127.44087896723612,360.6414145046622,-1.255101870128171,13,4,521,6384,12.834380082516939,-24.440878967211674,0.0,2016.0,electron,-1
7,522,219.2844623995294,-448.82530615154735,-179.9297144672812,499.52960962477573,-1.116331071652817,13,6,650,7689,-14.57683666896015,26.070285532692726,0.0,2016.0,electron,-1
8,728,392.3143601670479,-534.8255524160041,-247.30691896132453,663.2864605209156,-0.9379150272969194,13,8,852,9529,11.324896271692015,-41.306918961283216,0.0,2016.0,electron,-1
9,958,607.6050757258835,-552.6057925878289,-322.73642489440897,821.3142456145998,-0.7380290668710733,17,2,886,13313,17.599060434811776,-13.736424894395231,0.0,2016.0,electron,-1
0,7,0.6615890286412837,-32.02252736414527,-11.109328521581975,32.02936088700883,-1.550139152728834,8,2,100,855,6.964302862411161,23.890671478394133,0.0,2016.0,positron,1
1,9,0.6738166789328286,-33.59449136199288,-11.6545755238041,33.60124817306378,-1.5507416596408672,8,2,101,856,-5.951320129728836,23.345424476172553,0.0,2016.0,positron,1
2,49,-0.42038633235037104,-71.62332489087409,-24.852901346524728,71.62455858916081,-1.5766656648305917,8,4,200,1179,6.667184431743915,10.147098653465124,0.0,2016.0,positron,1
3,51,-0.5608939118509079,-73.7575997336706,-25.59477022695084,73.7597323778545,-1.578400737760249,8,4,201,1180,-7.864650810563775,9.405229773039755,0.0,2016.0,positron,1
4,96,-5.073147342465509,-115.88281198698267,-40.29306331053842,115.99380560171625,-1.6145466468067673,8,6,325,1752,1.9520312200911862,-5.293063310533128,0.0,2016.0,positron,1
5,156,-16.313113132301773,-171.83697667051726,-60.097375914035524,172.6095716098362,-1.6654463258148504,8,8,487,2642,-2.4570532956549394,-25.097375914010424,0.0,2016.0,positron,1
6,252,-45.93934981164398,-257.20611670414945,-91.47595209826746,261.27650168192537,-1.7475416778353148,13,2,369,5392,15.54800673637544,11.52404790172102,0.0,2016.0,positron,1
7,360,-95.78769555796039,-346.0769143035753,-126.8703591195133,359.08844764791405,-1.840818050277621,13,4,516,6379,3.804981392183014,-23.87035911948942,0.0,2016.0,positron,1
8,524,-200.4045328921846,-459.00501496065317,-180.4440173824785,500.846863385171,-1.982456494782462,13,6,639,7678,-4.50434553201183,25.555982617495935,0.0,2016.0,positron,1
9,722,-363.0653287562091,-549.8156504313894,-245.37985658970544,658.8730396701218,-2.1544062102581054,13,8,833,9510,-19.462350098718346,-39.379856589666055,0.0,2016.0,positron,1
10,729,-369.57953037683916,-552.0511867773157,-247.76864705852822,664.3414348780359,-2.1607344654978857,13,8,832,9509,17.507479617529796,-41.768647058486444,0.0,2016.0,positron,1
11,950,-574.5454949666976,-579.4280016999663,-319.93174724393924,815.9897885026157,-2.351963476557591,17,2,856,13283,-18.112254874664,-10.931747243928308,0.0,2016.0,positron,1
12,959,-582.937289734631,-578.8699752856612,-322.8488694143056,821.5268297812185,-2.359695327168726,17,2,855,13282,18.841677644900383,-13.848869414291775,0.0,2016.0,positron,1
13,1373,-930.1903431225447,-417.90175366728096,-458.5135325904314,1019.7528868096556,-2.719350310750422,17,4,923,15870,-12.162572909149251,-46.51353259038488,0.0,2016.0,positron,1
14,1381,-935.311935778257,-412.62062921816215,-461.06519679768775,1022.2838162006001,-2.7261157628224972,17,4,770,15717,23.547743444748257,53.934803202258315,0.0,2016.0,positron,1
15,1387,-939.4513900557102,-408.2453197765196,-463.15431852308643,1024.3208264001269,-2.731654942355252,17,4,922,15869,17.857675045423104,-51.15431852303527,0.0,2016.0,positron,1
0,12,27.241678337783718,17.439294179590288,-42.35178126957882,32.34560279453092,0.5694334958749174,8,2,106,861,-0.6406544713166453,-7.35178126957147,0.0,2270.0,electron,-1
1,76,58.75874082290427,40.009474737035156,-93.1215256225703,71.0869023929633,0.5977993633353347,8,4,179,1158,7.661526043460768,11.878474377417817,0.0,2270.0,electron,-1
2,79,60.21670450154317,41.146357236764096,-95.54227542387537,72.93198348380207,0.5994329659171189,8,4,180,1159,-6.4576768723049085,9.457724576115174,0.0,2270.0,electron,-1
3,151,93.56847718840075,69.71266360016097,-153.05847283052285,116.68296957819285,0.6403219296968066,8,6,240,1667,-2.8567508939211903,21.94152716945521,0.0,2270.0,electron,-1
4,242,131.8254263343213,109.74280684467546,-225.59625531006384,171.52675208950154,0.6942379348793128,8,8,282,2437,1.651224659991312,19.403744689916756,0.0,2270.0,electron,-1
5,385,182.10052738740458,180.15394253247234,-339.0207419101389,256.1562903478348,0.7800246862394445,13,2,306,5329,-21.713805015886237,-30.02074191010887,0.0,2270.0,electron,-1
6,396,185.39526691723012,185.82299357950097,-347.60608811078515,262.49112354165095,0.7865503870849696,13,2,305,5328,21.133910848660395,-38.60608811074654,0.0,2270.0,electron,-1
7,568,227.40812522463028,281.1763459796721,-484.2881682861027,361.627699376944,0.8907282199380171,13,4,316,6179,17.99752806251347,30.711831713866598,0.0,2270.0,electron,-1
8,825,251.15251954298222,434.56259542738525,-688.3481474386545,501.91855655810673,1.0467529283799382,13,6,286,7325,20.214176990223415,32.65185256131289,0.0,2270.0,electron,-1
9,1138,214.68683644754984,620.0876276863532,-937.425229223843,656.2005057553266,1.2374928104828316,13,8,174,8851,-16.791369769942094,-10.425229223832536,0.0,2270.0,electron,-1
10,1487,96.48706411398959,793.6923669680981,-1214.5,799.5356945907788,1.4498226048326026,16,12,73,12402,-44.370491139302416,-29.696247458503993,0.0,2270.0,electron,-1
11,1491,94.82339714549752,795.267776289213,-1217.5,800.9009381004635,1.4521220508373964,16,12,71,12400,62.147912777752644,-29.51376125389666,0.0,2270.0,electron,-1
12,1853,-92.87573920717001,906.4796721542774,-1505.5,911.2251637011592,1.6728976581208739,16,10,76,12307,-21.46874989718992,-31.027731844403924,0.0,2270.0,electron,-1
13,2231,-319.18444194069934,925.4782313635212,-1805.5,978.9732706794128,1.9029079576892456,16,8,80,12213,-43.92095256348199,35.98804061678316,0.0,2270.0,electron,-1
0,12,27.315078579554502,17.357117884233578,-42.37495252788103,32.363298024991494,0.5660721657838262,8,2,106,861,-0.7508385854644596,-7.374952527873653,0.0,2270.0,positron,1
1,76,61.29782930966543,36.53343685268559,-93.47858783591695,71.35906309885272,0.5374722972255127,8,4,179,1158,3.356899495547532,11.521412164071522,0.0,2270.0,positron,1
2,152,103.15006533893731,55.64223573693799,-153.74060382546273,117.20065860408813,0.4946918150987498,8,6,239,1666,-5.802587141200405,21.25939617451601,0.0,2270.0,positron,1
3,243,155.3630032027043,73.3322300229662,-225.9593878749279,171.80011270166483,0.4410024593804822,8,8,279,2434,-0.35418495787349413,19.04061212505306,0.0,2270.0,positron,1
4,387,241.21576343906534,89.25904567662414,-340.43519589099924,257.20074215793545,0.3544135143322579,13,2,303,5326,-9.956448165157951,-31.4351958909678,0.0,2270.0,positron,1
5,560,345.93435163053556,88.23287556101126,-477.8085542779445,357.0092659411012,0.2497322223496975,13,4,311,6174,-11.107067046248412,37.19144572201831,0.0,2270.0,positron,1
6,815,494.4834365401172,47.010316233882946,-680.4761165428771,496.7130347040772,0.09478467033506169,13,6,275,7314,-13.082749173104665,40.52388345708238,0.0,2270.0,positron,1
7,1141,653.9010760945911,-67.99768580626119,-939.560074124664,657.427032143242,-0.10361531712632417,13,8,152,8829,-7.456992898635093,-12.56007412465141,0.0,2270.0,positron,1
8,1487,760.366498376343,-247.1843746510991,-1214.5,799.5356945907769,-0.31430952792746053,16,12,44,12373,10.345643697193662,-28.531135922863044,0.0,2270.0,positron,1
9,1853,782.7883661718786,-466.44793144375905,-1505.5,911.2251637011572,-0.5373845812157323,16,10,41,12272,25.604046830442286,-31.134790745346862,0.0,2270.0,positron,1
10,2231,704.5883523902634,-679.6645631344313,-1805.5,978.973270679411,-0.7673948807841058,16,8,37,12170,48.36037279472013,35.77862687121791,0.0,2270.0,positron,1
0,31,-23.413794883982796,21.90522706240609,138.59968770913247,32.063137144153366,2.3894699433146296,8,2,142,897,7.37011146466836,33.599687709098866,0.0,2533.0,electron,-1
1,35,-24.059874982034493,22.49395651693336,142.3780765942212,32.93714717362173,2.3898185387386524,8,2,159,914,-5.388799543100615,-32.62192340574617,0.0,2533.0,electron,-1
2,209,-54.08854236197374,47.7743520839529,312.0992929352901,72.1661910584487,2.4181024271052043,8,4,381,1360,-2.6425342257692273,-2.9007070647069764,0.0,2533.0,electron,-1
3,507,-109.55672418925592,85.38486852728863,602.0,138.9001497065538,2.4795601923469146,9,2,97,3344,-4.300363568028241,-1.1666583098340393,0.0,2533.0,electron,-1
4,605,-128.95262904820868,96.19851936751645,698.0,160.88174435574518,2.500657170805819,9,4,99,3454,6.487908829942023,20.750586335176624,0.0,2533.0,electron,-1
5,1137,-240.3181852810661,139.38012474927712,1215.5,277.8122555826306,2.6160226311560892,14,2,156,10975,0.5476050869498117,-40.18821617060531,0.0,2533.0,electron,-1
6,1424,-303.8894978583461,151.57961119059752,1495.5,339.59564990925674,2.678906744694013,14,4,156,11145,-20.672998376905532,20.965894409564438,0.0,2533.0,electron,-1
7,1427,-304.5780422239528,151.66656228208893,1498.5,340.2506868757839,2.6795813215243243,14,4,159,11148,18.625920882249748,21.74041499834066,0.0,2533.0,electron,-1
8,1741,-375.20098668986265,155.608342738136,1804.5,406.1892868389757,2.7484500310536695,14,6,160,11319,0.18017608046529787,-63.810320293941174,0.0,2533.0,electron,-1
9,2098,-455.0546142604122,148.2510347912675,2151.5,478.5948926559645,2.826648792417488,14,8,163,11492,16.481369169638658,8.311071590759601,0.0,2533.0,electron,-1
10,2502,-543.0357067664678,124.90240956742106,2545.5,557.2148515062256,2.915516925125788,14,10,164,11663,-19.901059614826433,-65.1406780653332,0.0,2533.0,electron,-1
11,2505,-543.6878443706935,124.66498508534164,2548.5,557.7973024520466,2.9161938066768496,14,10,167,11666,38.078622236919244,-65.50381854398547,0.0,2533.0,electron,-1
12,2916,-627.2844242516403,85.28185377951144,2948.5,633.0550872497447,3.006467077333594,14,12,167,11836,-13.896992599144799,10.902690744424143,0.0,2533.0,electron,-1
0,31,-23.340858098039586,21.97037453223272,138.56248700106204,32.05453187677836,2.3864312725530974,8,2,142,897,7.272315925053722,33.56248700102847,0.0,2533.0,positron,1
1,35,-24.003554522097026,22.61083247633463,142.5462900775546,32.9760576019656,2.386063119716527,8,2,159,914,-5.518537679720121,-32.45370992241294,0.0,2533.0,positron,1
2,204,-50.40365533542632,50.15072858111094,307.4943574032659,71.10291167307221,2.358709807884684,8,4,380,1359,7.21790133550198,-7.5056425967266,0.0,2533.0,positron,1
3,213,-51.72912486669254,51.64675095675332,316.1342787914412,73.09780601264835,2.356991328834326,8,4,381,1360,-7.177104100306819,1.1342787914400698,0.0,2533.0,positron,1
4,503,-91.64743727808106,103.15032375974285,598.0,137.98275997884508,2.2972125782555604,9,2,95,3342,8.133769034393984,-2.2571123959641315,0.0,2533.0,positron,1
5,507,-92.16588433700322,103.91680014743146,602.0,138.90014970655383,2.29633770770164,9,2,94,3341,-4.519549711298479,-1.173612024619676,0.0,2533.0,positron,1
6,609,-104.67199745991242,123.37642449664501,702.0,161.7960728009931,2.274358130516813,9,4,94,3449,-1.7092055196456943,21.786828101363973,0.0,2533.0,positron,1
7,1137,-154.35122308577039,230.98776868881114,1215.5,277.81225558263077,2.1598752688924643,14,2,143,10962,-2.0285201379998377,-40.195128025448184,0.0,2533.0,positron,1
8,1424,-170.560747099485,293.6566651485307,1495.5,339.5956499092572,2.0969911553545395,14,4,143,11132,18.86573614356615,21.07125187953804,0.0,2533.0,positron,1
9,1427,-170.6912222153428,294.3383029408091,1498.5,340.25068687578437,2.096316578524229,14,4,140,11129,-20.43650937551127,21.636611849327892,0.0,2533.0,positron,1
10,1738,-179.0720112752484,363.8755818707933,1801.5,405.55175292922985,2.028123538216935,14,6,139,11298,-26.19182313022322,-65.29448783594545,0.0,2533.0,positron,1
11,1741,-179.10722842318836,364.5687006166597,1804.5,406.1892868389759,2.0274478689948836,14,6,142,11301,19.59001703444003,-64.28344331859475,0.0,2533.0,positron,1
12,2098,-176.83276205405957,444.7282828207658,2151.5,478.59489265596505,1.9492491076310652,14,8,139,11468,6.817919802590738,8.546763233336478,0.0,2533.0,positron,1
13,2502,-159.11503672724913,534.0138535903279,2545.5,557.2148515062265,1.8603809749227656,14,10,135,11634,-15.480827980550826,-65.00024268939444,0.0,2533.0,positron,1
14,2913,-125.23345645236517,619.9874407618973,2945.5,632.5091661924699,1.77010801282467,14,12,135,11804,39.49786060296046,9.274672151964047,0.0,2533.0,positron,1
15,2916,-124.92130547855929,620.6072920376574,2948.5,633.0550872497446,1.7694308227149609,14,12,133,11802,-26.298965117485846,10.508725208158042,0.0,2533.0,positron,1
0,36,19.019837595204265,25.733991511657702,161.9609775750928,31.999883457131784,0.9343117020900017,8,2,155,910,-1.5323544913665663,-13.039022424894148,0.0,2547.0,electron,-1
1,241,39.947994662550535,59.43683800468051,362.87664187390754,71.61410468304271,0.9790358651053473,8,4,405,1384,6.893552155733381,-22.12335812607033,0.0,2547.0,electron,-1
2,251,40.89892437519353,61.215034906426716,373.08259579783766,73.62066634881023,0.9817889754493795,8,4,406,1385,-7.284340283876556,-11.917404202150427,0.0,2547.0,electron,-1
3,480,58.970047229011335,101.7757307888055,598.0,117.62553229544697,1.045652872613658,9,2,73,3320,1.9929801666153253,-22.3912233232985,0.0,2547.0,electron,-1
4,582,65.1787462974905,120.52969043018322,698.0,137.0243600390399,1.0750677014269465,9,4,73,3428,-1.7087176384414315,-2.986162650561197,0.0,2547.0,electron,-1
5,705,71.09796883600283,143.4830891582282,818.0,160.13218929057734,1.1107434534083935,9,6,73,3536,-7.706773684341686,19.946761984080702,0.0,2547.0,electron,-1
6,709,71.26614271359526,144.25531096056272,822.0,160.89890564451696,1.111937832961694,9,6,75,3538,6.926061443812601,20.74991149944112,0.0,2547.0,electron,-1
7,1398,72.08809746710246,276.96334272932705,1498.5,286.19117214237957,1.3161657497585055,14,4,122,11111,6.2727977130753665,-31.877307636649334,0.0,2547.0,electron,-1
8,1701,55.23509685061704,333.0883410924231,1795.5,337.6370224009794,1.4064645683064123,14,6,125,11284,16.192488120387722,19.248326848593734,0.0,2547.0,electron,-1
9,1704,55.01330633187143,333.63802426083754,1798.5,338.1431577102212,1.4073775749984387,14,6,122,11281,-23.41182616004884,19.33197984632622,0.0,2547.0,electron,-1
10,2058,22.770242482493735,393.99761672945436,2145.5,394.6550467575469,1.5130676979077584,14,8,125,11454,-23.123993017075605,75.97681121693616,0.0,2547.0,electron,-1
11,2061,22.436671726597954,394.48758934337025,2148.5,395.12512244112077,1.5139820535160746,14,8,128,11457,22.436671726575316,76.48758934329376,0.0,2547.0,electron,-1
12,2064,22.10220223892783,394.97694890205685,2151.5,395.59486537085957,1.5148964170664108,14,8,126,11455,-0.07907462581686442,-74.4055382783392,0.0,2547.0,electron,-1
13,2475,-30.4948412302291,454.4883763699046,2554.5,455.51028484218546,1.6377929833896567,14,10,129,11628,-4.963532283683746,-14.51715456289531,0.0,2547.0,electron,-1
14,2880,-94.97789288393929,498.81081238670487,2951.5,507.77261317498954,1.7589526544872367,14,12,132,11801,-10.08200601000423,37.67288713440206,0.0,2547.0,electron,-1
0,36,19.15968178978583,25.666603064976577,162.10924654451046,32.02917293938318,0.9295499271220103,8,2,155,910,-1.6875885131021795,-12.890753455476654,0.0,2547.0,positron,1
1,244,45.809603653179614,55.86541283458012,366.08954832448853,72.2458589681061,0.8839790502722772,8,4,405,1384,0.029621961991897837,-18.910451675492556,0.0,2547.0,positron,1
2,480,80.39901929631965,85.85897474333878,598.0,117.62553229544709,0.8182266233187484,9,2,70,3317,7.003087584220331,-22.583334368526657,0.0,2547.0,positron,1
3,484,81.03190868377281,86.3323244845621,602.0,118.40371816730679,0.8170575250567297,9,2,69,3316,-3.747959955842676,-21.655545984330544,0.0,2547.0,positron,1
4,586,97.22019738182652,97.65479160092096,702.0,137.79776885559727,0.7876282776922128,9,4,69,3424,-0.30730451938584014,-2.202503992411623,0.0,2547.0,positron,1
5,709,117.51476473611136,109.90331162717327,822.0,160.89890564451693,0.751941662970712,9,6,69,3532,5.382110108008173,20.80893377508954,0.0,2547.0,positron,1
6,1395,243.73618140843942,148.97511543571966,1495.5,285.65873196290306,0.5486247565896055,14,4,100,11089,-7.148111140597816,-32.430648018458214,0.0,2547.0,positron,1
7,1701,302.92697094269636,149.11072788797773,1795.5,337.6370224009798,0.4574149276259932,14,6,100,11259,22.32985016061077,18.89787966297202,0.0,2547.0,positron,1
8,1704,303.51729080134965,149.0572014055303,1798.5,338.1431577102217,0.45650192093396663,14,6,97,11256,-16.650106388274565,19.732900403113206,0.0,2547.0,positron,1
9,2058,370.61820210190814,135.6272620159777,2145.5,394.65504675754687,0.3508117980246473,14,8,93,11422,-23.63514661343035,75.94636632624139,0.0,2547.0,positron,1
10,2061,371.1836515041818,135.44947116963075,2148.5,395.12512244112054,0.3498974424163311,14,8,97,11426,22.646021600179036,76.47548598082854,0.0,2547.0,positron,1
11,2064,371.74877364168464,135.27064280061606,2151.5,395.59486537085934,0.3489830788659951,14,8,96,11425,17.28831023749577,-74.782639986557,0.0,2547.0,positron,1
12,2067,372.3135666113891,135.09077751111644,2154.5,396.06427515171225,0.34806870740638973,14,8,94,11423,-26.741156678028567,-74.8394551544531,0.0,2547.0,positron,1
13,2472,443.4137021357779,102.42101847992467,2551.5,455.0887564730878,0.22700178063464863,14,10,91,11590,-26.699316959063566,-15.694752120178006,0.0,2547.0,positron,1
14,2475,443.9180600314027,102.10962528070003,2554.5,455.51028484218557,0.2260865125427489,14,10,94,11593,24.7737036892622,-15.16384001972004,0.0,2547.0,positron,1
15,2880,504.97997938586735,53.1812665325544,2951.5,507.7726131749896,0.10492684144516946,14,12,91,11760,32.157450646093,36.753704228256126,0.0,2547.0,positron,1
16,2883,505.3938252988832,52.756915067790715,2954.5,508.1399519204411,0.10401102760229242,14,12,87,11756,-24.336295468784627,37.55645400015436,0.0,2547.0,positron,1
0,35,-11.795185531551537,-29.764942423840854,-160.77064677910624,32.01684243048155,-1.9480897873018095,8,2,67,822,6.795629997385605,14.229353220879526,0.0,2736.0,electron,-1
1,44,-12.38708710283694,-31.286461702818727,-168.9686182678919,33.649407316849015,-1.9477846991871408,8,2,68,823,-6.105117225781426,6.031381732102056,0.0,2736.0,electron,-1
2,244,-25.864874138938013,-67.87591093152517,-364.7782138457068,72.63698093263129,-1.9348702831320104,8,4,39,1018,-5.097714044809552,20.221786154273005,0.0,2736.0,electron,-1
3,481,-40.249460817761644,-112.0340189832126,-598.0,119.04469961174824,-1.9156975957917293,7,14,22,669,-2.5593370810156246,-20.98235519562239,0.0,2736.0,electron,-1
4,583,-45.855877720839786,-131.14292327755,-698.0,138.92885894345343,-1.9071712298758778,7,12,22,561,-1.802485285630659,-1.082372552908947,0.0,2736.0,electron,-1
5,706,-52.13526258288152,-154.20026528508194,-818.0,162.77532804014143,-1.896831618835902,7,10,22,453,-0.4289376177045279,22.775227106334395,0.0,2736.0,electron,-1
6,1111,-69.4094172698758,-231.4364098495278,-1215.5,241.620526880028,-1.8621678689531496,12,12,37,4890,-14.165559264342317,-76.79480155751989,0.0,2736.0,electron,-1
7,1114,-69.5190465779596,-232.02370421195667,-1218.5,242.2145684168194,-1.8619048735478232,12,12,34,4887,14.029971192823574,-76.1917424776983,0.0,2736.0,electron,-1
8,1397,-78.29212485339899,-286.47952770405334,-1495.5,296.9851454325581,-1.8375725079230225,12,10,37,4720,-10.115010428650873,-21.186885113140946,0.0,2736.0,electron,-1
9,1703,-84.76696556559655,-345.86444430647384,-1795.5,356.10062101409625,-1.8111459073982918,12,8,37,4550,-2.7202110339444037,38.09050369599673,0.0,2736.0,electron,-1
10,2066,-88.34319638718864,-416.65850030897036,-2151.5,425.92115024688036,-1.779729903683374,12,6,35,4378,30.455672756277032,-45.169062702789454,0.0,2736.0,electron,-1
11,2069,-88.35434474210663,-417.25583519545273,-2154.5,426.5078220143938,-1.779464981517026,12,6,38,4381,-17.212990386179573,-43.839288376169264,0.0,2736.0,electron,-1
12,2477,-86.9965574744697,-496.88610385121484,-2554.5,504.4444480939888,-1.74412300955195,12,4,38,4211,-2.5358386964573665,34.43845105668103,0.0,2736.0,electron,-1
13,2876,-80.22109521966567,-574.4413314658838,-2945.5,580.0157475573745,-1.709549600230498,12,2,39,4042,10.628985385652546,-42.081494265935824,0.0,2736.0,electron,-1
0,35,-11.834742425470502,-29.74588065553002,-160.75498911219574,32.01372431083685,-1.9494578612499858,8,2,67,822,6.751719874775343,14.24501088779001,0.0,2736.0,positron,1
1,44,-12.457340493870989,-31.282498763727368,-169.08031449807456,33.67165070326731,-1.9497679375938934,8,2,68,823,-6.175482301195404,5.919685501919522,0.0,2736.0,positron,1
2,236,-27.11804080391091,-65.7319357929794,-357.08788922082203,71.10608637897984,-1.9620789337088351,8,4,38,1017,7.139660118578757,27.91211077915005,0.0,2736.0,positron,1
3,246,-27.931512533550258,-67.55399903597493,-367.1076968012494,73.10069888971223,-1.9628600728118122,8,4,39,1018,-7.189273635778329,17.8923031987327,0.0,2736.0,positron,1
4,485,-47.922517946655425,-109.84133620858007,-602.0,119.84025561735855,-1.9821894975021492,7,14,21,668,0.5280184533277374,-20.16076153796289,0.0,2736.0,positron,1
5,587,-56.96418486285241,-127.58479680873127,-702.0,139.72400915309606,-1.9907199808745344,7,12,21,560,-0.5762877118510676,-0.2770334522812788,0.0,2736.0,positron,1
6,710,-68.22712006282042,-148.6612762541056,-822.0,163.5699085087658,-2.0010626949476507,7,10,21,452,-2.3663203892840006,23.55293671435016,0.0,2736.0,positron,1
7,1111,-108.25829964868802,-216.01069317734522,-1215.5,241.62052688002794,-2.035380313722315,12,12,30,4883,0.20225261769226677,-76.3793346840767,0.0,2736.0,positron,1
8,1397,-139.55380734395692,-262.154365714942,-1495.5,296.9851454325583,-2.0599756747524416,12,10,30,4713,-7.055209973599677,-21.09844690275232,0.0,2736.0,positron,1
9,1703,-175.5797239737537,-309.80544348982306,-1795.5,356.10062101409693,-2.0864022752771727,12,8,30,4543,-17.863399275079615,37.652509907678166,0.0,2736.0,positron,1
10,1706,-175.952689929294,-310.27216572899613,-1798.5,356.6905744752949,-2.086666804649444,12,8,27,4540,23.491198936504816,37.91622148384144,0.0,2736.0,positron,1
11,2066,-221.54120651445143,-363.76959747035943,-2151.5,425.921150246881,-2.1178182789920905,12,6,29,4372,-17.93572975498293,-44.456709084719236,0.0,2736.0,positron,1
12,2069,-221.94285710694353,-364.21187572437714,-2154.5,426.5078220143944,-2.1180832011584383,12,6,26,4369,29.751236613795392,-44.53167928051413,0.0,2736.0,positron,1
13,2477,-277.5559147397075,-421.2207442729461,-2554.5,504.4444480939902,-2.1534251731235137,12,4,26,4199,17.38477389177029,34.144199311244954,0.0,2736.0,positron,1
14,2876,-335.68751607751256,-473.00333927388994,-2945.5,580.0157475573752,-2.187998582444966,12,2,28,4031,-23.915497839692886,-42.4771627952442,0.0,2736.0,positron,1
15,2879,-336.14722740634215,-473.3849133121452,-2948.5,580.5930025797059,-2.1882639262761585,12,2,25,4028,36.67497898463755,-42.56649625812642,0.0,2736.0,positron,1
0,15,-11.819106789756164,29.697714376331888,-65.5671186252205,31.963190148760965,1.949560415514267,8,2,109,864,5.85555763410504,-30.56711862518993,0.0,2759.0,electron,-1
1,20,-12.620894526520765,31.54549488181683,-69.69889466961178,33.97653934685364,1.9513763931635368,8,2,110,865,-7.1012900485110535,-34.69889466957707,0.0,2759.0,electron,-1
2,109,-31.185412663249927,65.81738733191503,-149.74292417153754,72.83171313498343,2.013279193132758,8,4,155,1134,-3.5578258848312387,25.257075828437202,0.0,2759.0,electron,-1
3,209,-58.53137293194846,100.15719340539852,-239.92038892113902,116.00596970908538,2.0996626071784545,8,6,200,1627,-1.7421277498677958,5.079611078855898,0.0,2759.0,electron,-1
4,343,-103.69989607759517,136.7821167772017,-359.50971511186026,171.6479417778031,2.2194862586125343,8,8,145,2300,0.7387708753068503,25.490284888114246,0.0,2759.0,electron,-1
5,564,-194.1463065130405,169.97755415025009,-558.5444616399847,258.04099916012706,2.422472357315468,13,2,236,5259,-3.200222707948633,-43.54446163994111,0.0,2759.0,electron,-1
6,573,-198.0528516023271,170.51818315299926,-566.6343403795152,261.3453324886695,2.4307625175864453,13,2,196,5219,-1.0494308297810255,51.365659620433476,0.0,2759.0,electron,-1
7,873,-326.2110009264694,151.22500197434323,-835.9543572577034,359.558921941299,2.7075028936608145,13,4,165,6028,-15.046983168701615,-11.954357257691395,0.0,2759.0,electron,-1
8,1302,-450.1557667835211,16.573878952571413,-1221.5,450.4607728004674,3.1047911790119067,12,12,169,5022,8.69259868174808,-19.623501948114942,0.0,2759.0,electron,-1
9,1617,-457.2944371603305,-119.23959394924896,-1504.5,472.5846834409313,-2.8865220709176103,12,10,9,4692,-12.016286103900507,2.431943231744792,0.0,2759.0,electron,-1
0,15,-11.624854148289922,29.765631784954063,-65.55057113345092,31.955125872486892,1.9431263968806154,8,2,109,864,5.649774099509875,-30.550571133420362,0.0,2759.0,positron,1
1,20,-12.344955601394979,31.791964788135733,-69.96182249583896,34.104647101098635,1.9411796941371204,8,2,110,865,-7.471276136249701,-34.96182249580399,0.0,2759.0,positron,1
2,107,-21.994042071495354,68.66507199078788,-148.2311562344522,72.1015256297867,1.8807795638952716,8,4,154,1133,1.125537958338421,26.768843765521044,0.0,2759.0,positron,1
3,207,-25.578523775853927,112.28530181368035,-238.13950278708256,115.16184212637974,1.794773670482324,8,6,197,1624,4.9681821785266,6.860497212910576,0.0,2759.0,positron,1
4,342,-17.656857256877974,170.33279500921606,-358.62634340668194,171.24551282834065,1.674088340889015,8,8,138,2293,3.932004434680166,26.373656593291685,0.0,2759.0,positron,1
5,563,25.68125376515284,256.4470412579718,-557.7846460913797,257.7297261957147,1.4709865642691835,13,2,230,5253,-5.5437003187755085,-42.78464609133694,0.0,2759.0,positron,1
6,571,27.75158534691587,259.0112285135536,-564.5450029462166,260.49369855212893,1.464059194930701,13,2,190,5213,-7.427617256578804,53.4549970537299,0.0,2759.0,positron,1
7,880,138.137852517682,334.1039159997754,-842.2056822758768,361.5349125389992,1.1787425458496061,13,4,151,6014,0.23606591369492025,-18.205682275858617,0.0,2759.0,positron,1
8,1302,317.7294334771348,319.3163242527597,-1221.5,450.4607728004678,0.7878891736177966,12,12,108,4961,-24.137172057291757,-20.186562032055182,0.0,2759.0,positron,1
9,1305,319.02829599106394,318.64411652467413,-1224.5,450.9025688979294,0.7847956919522873,12,12,105,4958,25.011124783985483,-19.791831758964737,0.0,2759.0,positron,1
10,1617,415.63118392461683,224.91554408796844,-1504.5,472.5846834409316,0.49601711636772666,12,10,99,4782,-4.197414093261072,2.5659901891421084,0.0,2759.0,positron,1
0,16,1.5501584341274404,-32.07265087249918,-67.70086556691136,32.110090706195756,-1.522501190670798,8,2,100,855,7.854284859113422,-32.700865566878655,0.0,3035.0,electron,-1
1,18,1.615759827308937,-32.740652279717146,-69.11593401261561,32.780497121320366,-1.5214860678860387,8,2,85,840,-4.850132960224528,35.8840659873485,0.0,3035.0,electron,-1
2,19,1.6678449254923604,-33.246944877713524,-70.18894267805773,33.28875261101281,-1.520672985799932,8,2,101,856,-4.898286078194443,-35.188942678022535,0.0,3035.0,electron,-1
3,110,11.267759234889452,-70.88580670830729,-152.3695635261234,71.77576186194709,-1.413158689984016,8,4,137,1116,4.307622208314812,22.630436473853983,0.0,3035.0,electron,-1
4,218,36.06143676765136,-109.7396489557331,-250.02404796039968,115.51284679495545,-1.253303677621598,8,6,172,1599,1.7983174677850944,-5.02404796039466,0.0,3035.0,electron,-1
5,373,90.94821592060954,-145.87944005515607,-389.99552743386437,171.9080830267957,-1.0133139791998595,8,8,105,2260,-1.1101138932019272,-4.995527433859372,0.0,3035.0,electron,-1
6,723,229.6593888920181,-114.11777557525497,-706.2510306897937,256.4494133518333,-0.4611646232073898,13,2,138,5161,-17.743497432137204,14.748969310191598,0.0,3035.0,electron,-1
0,16,1.173128624607186,-32.05138291448658,-67.622256874157,32.07284486136076,-1.5342111604029018,8,2,100,855,7.476655671543631,-32.622256874124375,0.0,3035.0,positron,1
1,18,1.1616383594223623,-32.89942877338926,-69.41028936916544,32.91993039624165,-1.5355022192148677,8,2,85,840,-5.331211210135917,35.58971063079897,0.0,3035.0,positron,1
2,19,1.1518096364135844,-33.42736857402613,-70.52349476240978,33.44720668788838,-1.536352870258292,8,2,101,856,-5.4449533716784435,-35.523494762374256,0.0,3035.0,positron,1
3,110,-5.299219007998238,-71.82750217666602,-152.90524815037415,72.02271718724371,-1.6444399241694807,8,4,136,1115,1.784081254362241,22.094751849603753,0.0,3035.0,positron,1
4,216,-26.21517070446599,-111.85319581207479,-248.57114534427475,114.88417031270512,-1.801012337178747,8,6,167,1594,8.329999801162712,-3.5711453442711827,0.0,3035.0,positron,1
5,221,-27.550942403754696,-113.57805668210337,-253.1705056283848,116.87185027635223,-1.8087725208998182,8,6,168,1595,-6.692133944664521,-8.170505628376631,0.0,3035.0,positron,1
6,372,-77.73081888765572,-152.82247942200325,-388.7690383486222,171.45492241879245,-2.0413278257500918,8,8,92,2247,2.2146227562144225,-3.7690383486184196,0.0,3035.0,positron,1
7,733,-222.39873885483064,-130.3521933098399,-715.2870775030509,257.7845870972604,-2.611442076270979,13,2,124,5147,-5.117323243453347,5.712922496943377,0.0,3035.0,positron,1
8,772,-233.94716336116434,-118.6177804436583,-750.0185745425109,262.30031086926914,-2.672338403175102,13,2,123,5146,20.288681264416216,-29.018574542481897,0.0,3035.0,positron,1
0,29,-21.85589267053911,22.63300951770985,-139.61108912950044,31.463203337468197,2.3387286102602913,8,2,94,849,5.6535830399436975,-34.611089129465824,0.0,3181.0,electron,-1
1,31,-22.20956684658971,22.98084903718754,-141.81220909663224,31.95910327251283,2.339128762908551,8,2,78,833,5.755451191214178,33.187790903334566,0.0,3181.0,electron,-1
2,41,-23.683690708605173,24.4149711186712,-150.93790602407594,34.01482059788674,2.3409919035941416,8,2,79,834,-7.212960605831322,24.062093975899995,0.0,3181.0,electron,-1
3,218,-53.89283081894105,49.04710799022224,-324.09298442213424,72.87013116417127,2.4032330685161942,8,4,93,1072,-3.761487920451993,-9.092984422125143,0.0,3181.0,electron,-1
4,499,-108.79136335601457,76.88206718346291,-598.0,133.21566347566977,2.5263890230370674,7,14,99,746,-1.9457479334360355,-6.798837137534429,0.0,3181.0,electron,-1
5,602,-130.38138942959597,83.31542801895577,-698.0,154.7280428867817,2.57297983760819,7,12,99,638,4.948053966258115,14.648606832886296,0.0,3181.0,electron,-1
6,1132,-245.8084794065149,82.49676076606899,-1215.5,259.28271073297014,2.817790928319677,12,12,162,5015,-8.532466667187219,-58.858033085543575,0.0,3181.0,electron,-1
7,1135,-246.46234844482478,82.32479504768227,-1218.5,259.8481500426376,2.8192189651371664,12,12,159,5012,22.02633549102967,-59.08723248916702,0.0,3181.0,electron,-1
8,1422,-304.57537842899086,58.222729720900794,-1498.5,310.0903858576013,2.952711044643658,12,10,165,4848,-4.449278023783648,-7.941664939637044,0.0,3181.0,electron,-1
9,1727,-356.84610923382746,16.77820597639586,-1795.5,357.24033068944925,3.0946092114945545,12,8,168,4681,3.9989792920662364,39.2179398478378,0.0,3181.0,electron,-1
10,2092,-401.04449574592195,-49.71234196032069,-2151.5,404.11385092728597,-3.018264573941998,12,6,6,4349,-18.167544881767753,-66.29434637844325,0.0,3181.0,electron,-1
11,2095,-401.3165823656542,-50.33128119908142,-2154.5,404.4604271727828,-3.016828667077368,12,6,2,4345,27.750129142847687,-66.49306274966793,0.0,3181.0,electron,-1
12,2505,-420.9158392304655,-137.75458197144204,-2554.5,442.8842609183734,-2.8253058662039163,12,4,9,4182,15.84599102893729,-27.399259924922287,0.0,3181.0,electron,-1
13,2915,-406.3027172214294,-226.14814338647847,-2954.5,464.9998718050017,-2.633696294085517,12,2,14,4017,1.3937435070582616,-5.002269105529156,0.0,3181.0,electron,-1
0,29,-21.72304122691584,22.751673033012132,-139.58258855643035,31.456782193151554,2.333070149358469,8,2,94,849,5.475452368983815,-34.58258855639577,0.0,3181.0,positron,1
1,31,-22.055563022376415,23.118405955296502,-141.77916894054894,31.95165964622036,2.332671056062793,8,2,78,833,5.548958858204282,33.22083105941783,0.0,3181.0,positron,1
2,41,-23.520756404182514,24.753091637749364,-151.5197980793383,34.14588595206911,2.330672024252774,8,2,79,834,-7.588291224058906,23.480201920638216,0.0,3181.0,positron,1
3,215,-46.42353262385036,55.20994695703762,-320.79493640558087,72.13378282245155,2.2699569404155775,8,4,92,1071,0.869572460272779,-5.794936405575075,0.0,3181.0,positron,1
4,499,-72.40352227094188,111.8219252115797,-598.0,133.21566347566977,2.1454046706387273,7,14,92,739,-3.461721172271655,-6.829619675323324,0.0,3181.0,positron,1
5,606,-78.13360383546447,134.53893303357663,-702.0,155.58144024957002,2.096941805403599,7,12,91,630,2.7919800098886114,15.55651603477232,0.0,3181.0,positron,1
6,1132,-72.45286855248104,248.95402371432735,-1215.5,259.2827107329699,1.8540027653561164,12,12,137,4990,-17.063586164013326,-59.27901915954162,0.0,3181.0,positron,1
7,1135,-72.25450780140712,249.6003749655786,-1218.5,259.8481500426375,1.8525747285386274,12,12,134,4987,12.745059622623756,-58.46432557796822,0.0,3181.0,positron,1
8,1419,-46.17687408254732,306.11699925330225,-1495.5,309.5802334321132,1.7205146708096142,12,10,131,4814,10.326699017039463,-8.592240647635734,0.0,3181.0,positron,1
9,1730,-1.7718680122044488,357.6766507603963,-1798.5,357.6810394966822,1.5757501126082483,12,8,128,4641,1.7718680122028576,39.67665076035661,0.0,3181.0,positron,1
10,2095,66.576901893249,398.9432958242143,-2154.5,404.4604271727827,1.4054370535735745,12,6,123,4466,1.1892997770285891,-65.54094342839721,0.0,3181.0,positron,1
11,2505,154.72359568777281,414.97840607272633,-2554.5,442.8842609183735,1.2139142527001232,12,4,117,4290,15.859361932454512,-27.39934543151432,0.0,3181.0,positron,1
12,2912,241.82727345865422,397.05022418374807,-2951.5,464.897096907274,1.02374193064574,12,2,114,4117,-19.59209117209611,-5.515970861703293,0.0,3181.0,positron,1
13,2915,242.45127085885161,396.789946996639,-2954.5,464.9998718050015,1.0223046805817233,12,2,111,4114,31.877359404239733,-6.094648121526117,0.0,3181.0,positron,1
0,32,-8.330529978825279,30.917440888102504,-144.00870542899005,32.02008558385532,1.833990199936844,8,2,77,832,2.159897892021969,30.99129457097895,0.0,3249.0,electron,-1
1,217,-22.161890095038956,68.58717227731113,-324.6202614975544,72.07877339121512,1.8833269310670933,8,4,90,1069,1.3105820729899964,-9.620261497544774,0.0,3249.0,electron,-1
2,497,-52.41372454438289,121.18886010663635,-598.0,132.03763984016194,1.978999172337294,7,14,89,736,-1.0029927491848145,-7.966023544122834,0.0,3249.0,electron,-1
3,600,-66.07408503679319,138.72647120432404,-698.0,153.65812222675873,2.015296978775966,7,12,89,628,4.409613014395048,13.5949817813117,0.0,3249.0,electron,-1
4,1130,-155.1474768515307,210.43026980009424,-1215.5,261.44146194040593,2.2061112653970074,12,12,143,4996,13.990309232206595,-56.9331202074261,0.0,3249.0,electron,-1
5,1133,-155.7382732990343,210.73998462693325,-1218.5,262.0415060457499,2.2072245576396954,12,12,147,5000,-16.158312326255786,-56.45678541486258,0.0,3249.0,electron,-1
6,1417,-212.87949029490025,233.42934851168184,-1495.5,315.9223609287648,2.310182955993675,12,10,150,4833,-23.70359435501819,-2.9683726533263517,0.0,3249.0,electron,-1
7,1420,-213.52182179319482,233.60927617725096,-1498.5,316.48832884949167,2.311299476575216,12,10,147,4830,13.406324737574103,-1.7953254282620916,0.0,3249.0,electron,-1
8,1724,-278.5744888288552,244.15849393838684,-1795.5,370.42828724129487,2.421938181676333,12,8,150,4663,13.574952420301958,52.17922334391665,0.0,3249.0,electron,-1
9,2092,-357.8718383328367,237.40863544524845,-2154.5,429.4590933438235,2.5558618724358344,12,6,154,4497,13.469154138541581,-40.75276885498323,0.0,3249.0,electron,-1
10,2502,-440.51050173355185,205.4348510414858,-2554.5,486.05861802871374,2.7052203809942803,12,4,160,4333,-21.22104382005623,15.595570984333634,0.0,3249.0,electron,-1
11,2909,-509.5744093600786,150.98135104971428,-2951.5,531.4710218247745,2.8535438077794995,12,2,163,4166,-4.011932310535116,61.455928623134966,0.0,3249.0,electron,-1
0,32,-8.173033456205308,30.972507092621587,-144.06550618104322,32.03271252140139,1.8287955085207697,8,2,77,832,1.993052330146729,30.934493818925844,0.0,3249.0,positron,1
1,215,-14.879739504364517,70.00888017939923,-322.33123527637133,71.5726899850161,1.7802207034040718,8,4,89,1068,8.024529740679892,-7.331235276363999,0.0,3249.0,positron,1
2,223,-15.067836010386067,71.87958388226232,-330.78692268076,73.44191079433509,1.7774303755957157,8,4,90,1069,-6.510260434839664,-15.786922680744183,0.0,3249.0,positron,1
3,501,-14.79547149136486,132.08011077881594,-602.0,132.90621369972166,1.6823501973977875,7,14,84,731,-3.5941932620446915,-7.141936628590475,0.0,3249.0,positron,1
4,600,-11.774140075219808,153.2063580656584,-698.0,153.65812222675908,1.6474970724887275,7,12,83,622,4.685998642189757,13.586270796547975,0.0,3249.0,positron,1
5,1130,29.76930385970888,259.7410760146441,-1215.5,261.4414619404061,1.4566827858676856,12,12,125,4978,0.5860069281375324,-56.55939050881207,0.0,3249.0,positron,1
6,1420,68.85145094354098,308.90830354801585,-1498.5,316.48832884949155,1.3514945746894769,12,10,122,4805,4.243622449763321,-1.5398504363066692,0.0,3249.0,positron,1
7,1724,120.01383756117015,350.44799155132904,-1795.5,370.428287241295,1.2408558695883605,12,8,119,4632,7.083846459970575,52.36092026967091,0.0,3249.0,positron,1
8,2089,191.50644124889604,383.87927834462323,-2151.5,428.9965237414,1.1080519047269055,12,6,114,4457,18.078833659978486,-41.38463951375351,0.0,3249.0,positron,1
9,2092,192.14311767464764,384.0782930418812,-2154.5,429.4590933438232,1.1069321788288589,12,6,117,4460,-30.536721633736278,-41.627523134914895,0.0,3249.0,positron,1
10,2502,279.7296144764031,397.4975760238873,-2554.5,486.0586180287139,0.9575736702704123,12,4,111,4284,1.88407866688605,16.05436432408771,0.0,3249.0,positron,1
11,2909,366.7369431905717,384.66278938663265,-2951.5,531.4710218247741,0.809250243485193,12,2,108,4111,-17.135809720705495,61.194501116711606,0.0,3249.0,positron,1
0,32,19.0564893547255,-25.797192232268667,-145.0100702539093,32.07249465812395,-0.9345639356645001,8,2,70,825,1.52772288133608,29.989929746060703,0.0,3429.0,electron,-1
1,220,44.18440811562989,-57.64467177008582,-328.443703877429,72.63036626652429,-0.9168211232236307,8,4,76,1055,-2.4382309617225886,-13.44370387741557,0.0,3429.0,electron,-1
2,500,84.45210352483595,-102.78467925697821,-602.0,133.02950078734224,-0.8829982597732583,7,14,40,687,-0.6916713381881863,-6.9725159988225744,0.0,3429.0,electron,-1
3,603,99.97168001514018,-118.54211930751414,-702.0,155.06956779125457,-0.870179645674501,7,12,40,579,1.1814729430540893,15.064850039007553,0.0,3429.0,electron,-1
4,1129,185.8941317683285,-192.67990729428394,-1215.5,267.73527018462573,-0.8033208105728643,12,12,62,4915,18.55120618133559,-50.90777484989906,0.0,3429.0,electron,-1
5,1132,186.424900542466,-193.07808926329835,-1218.5,268.3903725841047,-0.8029276886243703,12,12,65,4918,-12.507393792713486,-49.90145836973589,0.0,3429.0,electron,-1
6,1419,237.30701855180516,-228.3548671312734,-1498.5,329.3335184831455,-0.766175957152581,12,10,65,4748,-3.249363105071489,11.317246759021806,0.0,3429.0,electron,-1
7,1726,294.556527600726,-261.8635250790187,-1798.5,394.1269512720579,-0.7267096627415738,12,8,65,4578,11.664320323235902,75.95406668693047,0.0,3429.0,electron,-1
8,1729,295.14213421785394,-262.1755014651257,-1801.5,394.77192524185386,-0.7263146872750971,12,8,66,4579,1.1777699017788166,-75.2300406597747,0.0,3429.0,electron,-1
9,2088,365.0614618154338,-295.3342199814072,-2151.5,469.5659404118315,-0.6802038730581212,12,6,66,4409,23.04376743541237,-1.0000525337697468,0.0,3429.0,electron,-1
10,2091,365.6735939999506,-295.590264041399,-2154.5,470.20291528754336,-0.6798084237132999,12,6,69,4412,-29.46686607746534,-0.7219374172838791,0.0,3429.0,electron,-1
11,2492,447.04768272367465,-324.7497181990169,-2545.5,552.5522691103062,-0.6282461501717344,12,4,67,4240,28.957960053172872,-70.20705612964677,0.0,3429.0,electron,-1
12,2495,447.683120248989,-324.940724811973,-2548.5,553.1786789069162,-0.6278503867627268,12,4,70,4243,-28.69285279175489,-69.56560855417486,0.0,3429.0,electron,-1
13,2905,533.6039244943977,-345.85116086954656,-2948.5,635.8822011274068,-0.5750680210887276,12,2,70,4073,0.5659817487894419,13.882288600930982,0.0,3429.0,electron,-1
0,32,19.01165597341326,-25.837237612915672,-145.0355138772369,32.078121988634,-0.9364298507627518,8,2,70,825,1.4676091175956099,29.96448612273314,0.0,3429.0,positron,1
1,223,42.29276976218891,-59.70155552957659,-330.8576939237758,73.16388526321327,-0.9544529029133775,8,4,76,1055,-5.232701655834473,-15.857693923759939,0.0,3429.0,positron,1
2,496,72.78563705857792,-110.29589081162212,-598.0,132.1473892740689,-0.987484272293953,7,14,38,685,-2.2840599052442094,-7.872647307230741,0.0,3429.0,positron,1
3,599,83.26972699237011,-129.7699255433094,-698.0,154.18845938947544,-1.000297887580521,7,12,38,577,-4.640196728607108,14.118323333907872,0.0,3429.0,positron,1
4,1129,129.09266748496577,-234.55757950330784,-1215.5,267.7352701846257,-1.0676716681483351,12,12,55,4908,10.092199502449448,-50.45478780143944,0.0,3429.0,positron,1
5,1132,129.3160898044568,-235.18235693503925,-1218.5,268.3903725841047,-1.0680647900968292,12,12,58,4911,-21.192993350853005,-50.44762919610244,0.0,3429.0,positron,1
6,1416,147.7924069200277,-293.58097092908514,-1495.5,328.6827985077397,-1.1044222383209326,12,10,55,4738,0.3132670568075202,10.682872200850781,0.0,3429.0,positron,1
7,1723,162.92462241007223,-358.1669794275288,-1795.5,393.48191539091664,-1.1438878450026215,12,8,55,4568,-15.15021812659148,75.19036839603866,0.0,3429.0,positron,1
8,1729,163.1748509688641,-359.470222647786,-1801.5,394.77192524185386,-1.1446777914461022,12,8,54,4567,13.190614214012152,-75.44808140704659,0.0,3429.0,positron,1
9,1732,163.29919036981767,-360.12199261525797,-1804.5,395.41683719920405,-1.1450727713797908,12,8,57,4570,-31.274622052503517,-75.82195642548389,0.0,3429.0,positron,1
10,2088,174.17498598112917,-436.06793811666654,-2151.5,469.5659404118312,-1.1907886056630774,12,6,54,4397,-5.9592194972476635,-0.47143934994479597,0.0,3429.0,positron,1
11,2492,178.03103114211686,-523.085998712854,-2545.5,552.5522691103071,-1.2427463285494664,12,4,50,4223,36.58061197917179,-70.6599221977254,0.0,3429.0,positron,1
12,2495,178.02559195305446,-523.7495006269377,-2548.5,553.1786789069171,-1.243142091958474,12,4,53,4226,-21.49394815871364,-69.23908068455079,0.0,3429.0,positron,1
13,2901,172.6688915733514,-611.3519514258785,-2945.5,635.2682540701994,-1.295528499328569,12,2,50,4053,8.55628071398441,13.210619747681116,0.0,3429.0,positron,1
0,9,-1.4746899993803644,-31.40611937194918,31.504067110306686,31.440722711149533,-1.6177173616838139,8,2,116,871,4.726932650747732,-3.495932889689818,0.0,3623.0,electron,-1
1,12,-1.5591032372291642,-33.85069366935337,33.95501948413686,33.88657942018844,-1.616822035452973,8,2,117,872,-8.213456816954825,-1.0449805158620926,0.0,3623.0,electron,-1
2,66,-1.5193920315449618,-71.66931786002252,71.85678137917986,71.68542163275923,-1.591993186376332,8,4,264,1243,5.56721675945947,-33.14321862078699,0.0,3623.0,electron,-1
3,130,1.8812118399103783,-117.08170103568834,117.50022323655224,117.09681325893085,-1.5547301955322055,8,6,430,1857,-5.242726297433336,12.500223236539743,0.0,3623.0,electron,-1
4,209,10.946695113804974,-171.8372203814737,173.13506888138124,172.18554074702604,-1.5071784264007926,8,8,723,2878,-2.9447369220183703,-1.8649311186168909,0.0,3623.0,electron,-1
5,338,37.278938078544115,-258.91969761277295,264.39316629747435,261.5896195114663,-1.427800256333227,13,2,531,5554,17.040729308895695,-44.60683370248104,0.0,3623.0,electron,-1
6,477,80.97785988459997,-346.8865359890921,362.9377609752473,356.21297371376244,-1.3414614135501612,13,4,745,6608,-18.424300643554588,53.93776097519333,0.0,3623.0,electron,-1
7,482,82.67858955139286,-349.6553227173323,366.1937097391628,359.2973613523616,-1.3386036853100551,13,4,801,6664,-17.54660801830868,-45.80629026079141,0.0,3623.0,electron,-1
8,691,175.68893170186945,-463.69992969636985,514.0721301359505,495.86714503278245,-1.208624017559199,13,6,1195,8234,-20.352801086920323,-0.9278698640485843,0.0,3623.0,electron,-1
9,701,181.1595314897275,-468.79215473408954,521.561050601269,502.57821300749606,-1.2020349251940219,13,6,1194,8233,23.650376793025444,6.561050601262455,0.0,3623.0,electron,-1
10,955,329.6714769295895,-567.1371709526325,700.7871046594905,655.9937906543722,-1.0442473841634485,13,8,1769,10446,-18.47470893592693,-20.21289534048926,0.0,3623.0,electron,-1
11,1262,539.6382784925216,-617.3707057444465,918.4482071044704,819.973206834082,-0.8524812983280485,17,2,2324,14751,9.50063751348336,-8.551792895521062,0.0,3623.0,electron,-1
12,1696,834.5080482288579,-548.9535191467509,1225.5,998.876192899971,-0.5818508104402613,18,2,41,18180,16.344921699106017,56.74229132716565,0.0,3623.0,electron,-1
0,9,-1.5479915931512658,-31.401984486114664,31.503459360165966,31.440116215412644,-1.6200524334417512,8,2,116,871,4.6535145267577525,-3.4965406398305374,0.0,3623.0,positron,1
1,12,-1.7023786932153635,-33.900787699562144,34.012064292767775,33.94350453129284,-1.6209706740346894,8,2,117,872,-8.365237145556936,-0.987935707231237,0.0,3623.0,positron,1
2,66,-5.4159070481865275,-71.83238552662162,72.20888308428994,72.03626628025495,-1.6460503978248953,8,4,264,1243,1.6672910757094734,-32.79111691567727,0.0,3623.0,positron,1
3,128,-12.759167450122403,-114.68421795102002,115.78351194737184,115.39179434022735,-1.6815954626670677,8,6,428,1855,8.202408552483279,10.78351194736105,0.0,3623.0,positron,1
4,130,-13.151567420369684,-116.5270919921284,117.67148948551188,117.26690451169284,-1.6831834857448746,8,6,429,1856,-6.1520398358648585,12.671489485499212,0.0,3623.0,positron,1
5,208,-27.25085330579453,-169.5323277748977,172.65172281101158,171.70852968524682,-1.7301743393341105,8,8,720,2875,0.2998134777192049,-2.3482771889860707,0.0,3623.0,positron,1
6,333,-60.52726742078976,-251.2842533786218,261.1841116633008,258.4711320389169,-1.8071653769754938,13,2,529,5552,-0.19606533589859526,-47.815888336651355,0.0,3623.0,positron,1
7,482,-115.88345196884045,-340.11280431523903,366.21002604504525,359.31280814826323,-1.8991806569138796,13,4,796,6659,-17.394581332594505,-45.78997395490895,0.0,3623.0,positron,1
8,491,-119.77792177545574,-345.1768677208557,372.6113059262573,365.36806176023146,-1.904800048883766,13,4,795,6658,21.67661900067943,-39.388694073703334,0.0,3623.0,positron,1
9,697,-223.20676106748752,-447.6101685401358,518.8776886342366,500.17609015902315,-2.0333739993192737,13,6,1184,8223,10.493235875369542,3.8776886342327415,0.0,3623.0,positron,1
10,957,-384.56180597646267,-533.5241766392976,702.853962103834,657.6745621312405,-2.1953430646351633,13,8,1750,10427,-5.6859462913087535,-18.146037896147888,0.0,3623.0,positron,1
11,1259,-594.1403670740201,-562.814111242679,916.1510137503853,818.3901878692939,-2.383264357086256,17,2,2295,14722,-0.736363933314108,-10.848986249603804,0.0,3623.0,positron,1
12,1692,-880.8830430593556,-467.9510450086518,1222.5,997.4633407169407,-2.653274702448444,18,2,7,18146,-48.353068154338175,54.29077510706422,0.0,3623.0,positron,1
0,7,31.952493228849825,-0.5799479668101364,-11.084597959362858,31.957755915957257,-0.018148326966605982,8,2,104,859,5.720792150282783,23.915402040613223,0.0,4178.0,electron,-1
1,9,34.03544292797828,-0.5873622763456429,-11.807073372013798,34.04051071513676,-0.01725565843841803,8,2,105,860,-7.287363033522986,23.192926627963008,0.0,4178.0,electron,-1
2,49,71.57313738374968,0.7788481893453328,-24.83873999843847,71.57737491313266,0.010881421125951507,8,4,208,1187,7.867468658040006,10.161260001551367,0.0,4178.0,electron,-1
3,51,73.39855989798481,0.9179583747454189,-25.47372330255224,73.40429989228035,0.012505838268748912,8,4,209,1188,-6.342838177820891,9.526276697438233,0.0,4178.0,electron,-1
4,96,116.21642372569022,6.140680180449659,-40.439862991573584,116.37854225185905,0.052789225835106854,8,6,339,1766,-0.8962592991442357,-5.439862991568144,0.0,4178.0,electron,-1
5,157,171.56182233372732,18.635015445332414,-60.13020413989359,172.57092073439603,0.10819565037635998,8,8,509,2664,-2.2018599515200887,-25.13020413986846,0.0,4178.0,electron,-1
6,248,252.27942949538055,49.6099937005251,-90.15575091065261,257.1109916387878,0.19416945513477868,13,2,382,5405,-10.77507656270015,12.844249089334541,0.0,4178.0,electron,-1
7,363,343.46060191800376,107.0812138924069,-127.61370870590714,359.7659953894321,0.30222100904369675,13,4,535,6398,7.902911793673701,-24.613708705882527,0.0,4178.0,electron,-1
8,531,450.28289738858723,224.25915127959598,-182.84717735886093,503.0376274328847,0.4620788374439527,13,6,669,7708,9.682948299210292,23.15282264111591,0.0,4178.0,electron,-1
9,741,523.1833825265584,407.3206701032698,-251.64841756505015,663.0467404680517,0.6615196771761693,13,8,878,9555,9.870936328049142,-45.6484175650045,0.0,4178.0,electron,-1
10,986,510.81396313504865,636.3285024385532,-331.9206073649177,815.9931788620703,0.8943796012137258,17,2,918,13345,-18.087173712344594,-22.920607364894792,0.0,4178.0,electron,-1
0,7,31.94697583615688,-0.6777580863729239,-11.08335213505306,31.954164378053065,-0.021211911746091168,8,2,104,859,5.62282653840292,23.916647864923018,0.0,4178.0,positron,1
1,9,34.09397527888932,-0.7547724294471773,-11.828517578068801,34.10232883158817,-0.02213438465637704,8,2,105,860,-7.464710701860039,23.171482421908024,0.0,4178.0,positron,1
2,49,71.75746522580897,-3.6256804308800725,-24.93314469362952,71.84900398906063,-0.050483942336311295,8,4,208,1187,3.4590847002042002,10.066855306360413,0.0,4178.0,positron,1
3,97,116.33985757465166,-10.803895188826965,-40.60109293545387,116.84043226444086,-0.0925993713298089,8,6,338,1765,-3.7969131654215187,-5.601092935448269,0.0,4178.0,positron,1
4,157,171.08483810538777,-25.500503596896394,-60.27239393407674,172.97484647555572,-0.14796248690119515,8,8,506,2661,-4.738974283140612,-25.272393934051465,0.0,4178.0,positron,1
5,250,251.41973712001717,-60.19351678383492,-90.66326147190621,258.52493820965196,-0.2349912430875687,13,2,379,5402,0.16413645733679455,12.336738528081451,0.0,4178.0,positron,1
6,358,335.92110249267955,-117.90274994922426,-126.21852670329297,356.0112997441045,-0.3375506818512325,13,4,530,6393,-20.530510060953986,-23.218526703269745,0.0,4178.0,positron,1
7,365,340.4854814147215,-121.81409167586449,-128.30345305500077,361.62001601823783,-0.34357638637535154,13,4,529,6392,17.95817557372925,-25.303453054975467,0.0,4178.0,positron,1
8,532,441.2559458577567,-242.04971627036548,-182.94622299066336,503.2840896565159,-0.5017271379211983,13,6,657,7696,11.131636045584312,23.053777009313585,0.0,4178.0,positron,1
9,740,506.6216762274395,-426.69107340797365,-251.3323829695971,662.3675678575675,-0.6999648070274895,13,8,856,9533,5.649700347445226,-45.33238296955175,0.0,4178.0,positron,1
10,987,485.15132311152576,-656.6041270597076,-332.16499826252016,816.3949938532846,-0.9344504157117707,17,2,883,13310,-14.986770783417754,-23.16499826249699,0.0,4178.0,positron,1
11,997,481.9882731113874,-665.6178492024768,-335.47836341660485,821.8027844889724,-0.9440641279301186,17,2,882,13309,20.437985022945785,-26.478363416578368,0.0,4178.0,positron,1
0,27,-31.67946609641181,-4.6508906336281255,-121.20807224272723,32.0190467665681,-2.9958230890255932,8,2,81,836,-1.6348359090820923,-16.208072242711015,0.0,4219.0,electron,-1
1,181,-70.3781416012008,-11.26020649166103,-269.8306646865886,71.27324228259519,-2.982941494554622,8,4,97,1076,4.350283789627346,-24.830664686563757,0.0,4219.0,electron,-1
2,357,-114.48553768946154,-20.53528161773515,-440.46244438078304,116.31266539446514,-2.9641099201742858,8,6,2,1429,-0.44192609391739013,14.53755561920242,0.0,4219.0,electron,-1
3,524,-155.86155435913923,-30.96434618354369,-602.0,158.90756703763748,-2.9454803945564323,7,14,5,652,-5.5428215608372735,18.811183456337947,0.0,4219.0,electron,-1
4,929,-254.12839771890776,-62.75406814878586,-993.1115903614925,261.7619445152443,-2.8994975351259606,13,2,2,5025,1.714347989677806,36.88840963847059,0.0,4219.0,electron,-1
5,1162,-309.27052086940347,-85.19298275705835,-1218.5,320.7898056202481,-2.8727948523108395,12,12,8,4861,-7.085677250975335,2.7112279154265013,0.0,4219.0,electron,-1
6,1452,-375.96402147402534,-117.1459503677054,-1498.5,393.7919744363441,-2.839538685409743,12,10,8,4691,4.397045538122491,75.76711227365976,0.0,4219.0,electron,-1
7,1458,-377.36922783026,-117.87917091847608,-1504.5,395.35178392114784,-2.8388253902787977,12,10,9,4692,8.802639153448242,-74.74617664943912,0.0,4219.0,electron,-1
8,1766,-445.5547682233489,-156.65693933288267,-1801.5,472.29275680207996,-2.803493390216433,12,8,11,4524,-25.77423576072395,1.5893940544262772,0.0,4219.0,electron,-1
9,1769,-446.22918636360276,-157.07312988616175,-1804.5,473.067072300491,-2.80313629949586,12,8,9,4522,27.401868380510365,2.2728403588358947,0.0,4219.0,electron,-1
10,2121,-520.8610715000754,-207.47287825641843,-2145.5,560.6614406361554,-2.7625295975287463,12,6,10,4353,7.03258080028116,-61.3826922647313,0.0,4219.0,electron,-1
11,2535,-602.8328820799594,-274.08783760572425,-2545.5,662.2172048808549,-2.7148649551075867,12,4,10,4183,39.84691320801773,39.01725856925225,0.0,4219.0,electron,-1
12,2538,-603.4231617697385,-274.6166327383541,-2548.5,662.9734588478939,-2.7145073810369693,12,4,13,4186,-29.263090092503358,40.327428626307366,0.0,4219.0,electron,-1
13,2948,-677.9007068525366,-348.02077596429643,-2944.5,762.0156355705307,-2.6672983000283748,16,2,8,11847,12.30273801475608,-66.08399552708099,0.0,4219.0,electron,-1
0,27,-31.694456782864997,-4.608015316386236,-121.24076030637848,32.0276817131204,-2.9972155741141617,8,2,81,836,-1.6802563175889103,-16.240760306362233,0.0,4219.0,positron,1
1,181,-70.8385234256034,-9.363935810652311,-270.5179932000618,71.45473878607197,-3.010167545717182,8,4,97,1076,2.398926846398885,-25.517993200036305,0.0,4219.0,positron,1
2,354,-114.81711746220272,-13.028992931949253,-437.58690200548244,115.55399222506352,-3.0285999449652423,8,6,1,1428,6.132745650449159,17.41309799450014,0.0,4219.0,positron,1
3,363,-116.93941015820508,-13.16126075033722,-445.6364178888524,117.67771425672443,-3.0295165951911116,8,6,2,1429,-8.213520128963022,9.363582111138228,0.0,4219.0,positron,1
4,520,-157.14914483992868,-14.895187784193057,-598.0,157.85347744996704,-3.047091211824593,7,14,3,650,-6.958872319062557,17.70047361957777,0.0,4219.0,positron,1
5,524,-158.20549451586018,-14.921004215985171,-602.0,158.90756703763768,-3.0475567454264336,7,14,2,649,7.598627381790312,18.725406229026284,0.0,4219.0,positron,1
6,912,-257.1719804549841,-12.86336898969783,-976.8430983919558,257.4934830105489,-3.0916157563679643,13,2,41,5064,-7.437312467248437,-49.84309839190593,0.0,4219.0,positron,1
7,924,-260.1319401105591,-12.665136081493165,-988.0731125176843,260.4400736016757,-3.092943714547307,13,2,1,5024,-7.872054922110718,41.92688748227376,0.0,4219.0,positron,1
8,1162,-320.7166942858284,-6.848459406861466,-1218.5,320.78980562024867,-3.120242287672026,12,12,1,4854,-11.811188371617394,2.572286889888619,0.0,4219.0,positron,1
9,1449,-392.98578378806997,4.538857339825903,-1495.5,393.01199407330427,3.130043493994212,12,10,168,4851,18.318955386428435,74.5848172416374,0.0,4219.0,positron,1
10,1455,-394.5422393764867,4.83829561150179,-1501.5,394.57190441874747,3.1293302070920674,12,10,169,4852,17.291447657733713,-75.8075579007594,0.0,4219.0,positron,1
11,1458,-395.3203061161696,4.988849752399291,-1504.5,395.35178392114796,3.1289735574755184,12,10,2,4685,-27.14675964120198,-75.58172707258115,0.0,4219.0,positron,1
12,1766,-471.7498876642695,22.638277683105297,-1801.5,472.29275680207957,3.0936415574131537,12,8,169,4682,3.8485311276805643,2.2766806562813295,0.0,4219.0,positron,1
13,2121,-558.4466456505984,49.785489631050964,-2145.5,560.6614406361547,3.052677764725467,12,6,170,4513,-20.490409634537173,-61.713545102626505,0.0,4219.0,positron,1
14,2125,-559.1924795959616,50.05341897179804,-2148.5,561.4281556775063,3.0523203858898174,12,6,167,4510,38.039809525250604,-61.861860630913235,0.0,4219.0,positron,1
15,2538,-656.767202957129,90.50220028601221,-2548.5,662.973458847894,3.00465554823369,12,4,167,4340,13.353027780283774,40.83912941235529,0.0,4219.0,positron,1
16,2951,-749.8137110061488,139.93503420278975,-2947.5,762.7597360965957,2.9570887666879146,16,2,95,11934,9.035444287109796,-65.2936094867804,0.0,4219.0,positron,1
0,11,11.841361155170725,29.742691206623434,-41.66896523867223,32.01320843370344,1.191905857863332,8,2,107,862,6.744372755123926,-6.668965238665559,0.0,4302.0,electron,-1
1,14,12.443569647564319,31.28327556644602,-43.82197244087502,33.66728019516846,1.1922132574629407,8,2,108,863,-6.161689562871734,-8.8219724408662,0.0,4302.0,electron,-1
2,78,25.98576082905096,67.85708090123903,-94.58810755417647,72.66252950663043,1.2050754670300248,8,4,183,1162,-5.220058484352224,10.411892445813113,0.0,4302.0,electron,-1
3,151,39.88038151171821,110.1200979535969,-152.49876558916537,117.11908812328575,1.2233356079606197,8,6,245,1672,-5.3660068046417555,22.501234410812124,0.0,4302.0,electron,-1
4,241,54.68369631418676,162.8564601934006,-223.80134218940157,171.79212225625156,1.2468467479024101,8,8,289,2444,-0.30097908318663047,21.198657810577235,0.0,4302.0,electron,-1
5,381,72.6203718659883,246.37514204247753,-335.01591213202244,256.8548793120454,1.284158128323976,13,2,309,5332,-13.247599699060656,-26.01591213199642,0.0,4302.0,electron,-1
6,554,85.94349419333479,350.5976292301094,-471.82695801419504,360.9778134677158,1.330402390345869,13,4,320,6183,14.63757867787819,43.17304198576178,0.0,4302.0,electron,-1
7,787,88.45548516652042,492.43065485755795,-656.58981889096,500.31222521490304,1.3930614720769003,13,6,369,7408,-8.413052337538911,-38.589818890921435,0.0,4302.0,electron,-1
8,1064,68.22081586134813,660.1482319332964,-876.6825437168577,663.663896744011,1.4678202038222943,13,8,279,8956,13.573179441967294,-52.68254371680502,0.0,4302.0,electron,-1
9,1501,-13.310221792420764,912.3682154016141,-1222.5,912.465299328851,1.585383943310206,16,12,74,12403,13.310221792407102,-29.631784598356298,0.0,4302.0,electron,-1
0,11,11.880766934396418,29.72370225781348,-41.6650126501957,32.01017180304713,1.1905427042439842,8,2,107,862,6.700630377350338,-6.665012650189033,0.0,4302.0,positron,1
1,14,12.513890000857252,31.27930885006577,-43.851091724070805,33.68965130557688,1.1902302426714322,8,2,108,863,-6.232121706996944,-8.851091724061954,0.0,4302.0,positron,1
2,75,27.220738314241324,65.69434650486947,-92.5672834918548,71.11058822056151,1.1779770804182708,8,4,182,1161,7.0302995534345865,12.43271650813277,0.0,4302.0,positron,1
3,79,28.046127555438517,67.53614591805609,-95.19432251678305,73.12808131163358,1.1771909024993936,8,4,183,1162,-7.305270778251076,9.805677483207146,0.0,4302.0,positron,1
4,149,46.3970928437302,106.38981280341994,-151.12731491717219,116.06671569703546,1.1595576580251203,8,6,244,1671,1.3677789934753317,23.87268508280394,0.0,4302.0,positron,1
5,239,71.93196330759082,154.89544703474218,-222.484116163333,170.78292320187404,1.1360399688229132,8,8,287,2442,8.372862826383694,22.515883836644484,0.0,4302.0,positron,1
6,242,72.84059657409867,156.52110639024,-224.90819405934192,172.64011484847728,1.1352325375780006,8,8,288,2443,-5.716518459538656,20.091805940637983,0.0,4302.0,positron,1
7,380,116.5541922041372,228.18997573993022,-334.2017841897746,256.233379458159,1.0985643317757352,13,2,308,5331,-20.588721676552126,-25.201784189749425,0.0,4302.0,positron,1
8,390,119.88368791445677,233.18913002094152,-342.01984866967723,262.20081805344245,1.095928528972897,13,2,307,5330,19.84654751170335,-33.019848669644205,0.0,4302.0,positron,1
9,548,176.98897085103596,311.0217873056976,-467.70923472314286,357.8542272794042,1.053440213838999,13,4,318,6181,-4.508797144446123,47.29076527680985,0.0,4302.0,positron,1
10,787,274.7293568640914,418.0637453326973,-656.5113732788943,500.25345044743034,0.9894132148446706,13,6,364,7403,-8.856961585096935,-38.511373278855814,0.0,4302.0,positron,1
11,1065,405.00383102326276,525.9239923370911,-876.8614120425208,663.7952612510157,0.9145670500908759,13,8,270,8947,14.344525029896843,-52.86141204246792,0.0,4302.0,positron,1
12,1501,637.6396870351487,652.6933062296578,-1222.5,912.465299328848,0.7970640948776808,16,12,62,12391,-18.019970200208334,-29.71207828796443,0.0,4302.0,positron,1
0,13,31.353999219506267,-2.398655108587021,60.23018697006118,31.44561675952231,-0.07635364120119223,8,2,120,875,3.8014986804828466,25.230186970035952,0.0,4470.0,electron,-1
1,101,71.692668817535,-2.0773650405291963,137.5507303151204,71.72275934243166,-0.028967870457215886,8,4,272,1251,5.0087553498965125,32.55073031508785,0.0,4470.0,electron,-1
2,199,116.53555939547542,4.569682922021843,224.4576944561948,116.62511995974194,0.039192697281164736,8,6,547,1974,-2.499343813981748,-20.542305543784668,0.0,4470.0,electron,-1
3,321,170.1786444062376,21.898687206054642,332.5824550284338,171.58182745644507,0.12797729663052596,8,8,899,3054,1.2383737842496128,17.582455028416216,0.0,4470.0,electron,-1
4,526,250.36074221597016,71.96468426212212,514.3574863277458,260.498401192557,0.2798980641970095,13,2,622,5645,11.661802698460907,-0.6425136722535112,0.0,4470.0,electron,-1
5,765,319.56149426746833,157.77981019379192,726.6506543172083,356.39025957964424,0.4586258670184672,13,4,985,6848,-16.672168405566246,5.650654317202599,0.0,4470.0,electron,-1
6,1324,339.4268670496032,407.8430318428679,1221.5,530.6095897153496,0.8766984543769908,14,2,108,10927,-18.67380942496891,60.28067630060484,0.0,4470.0,electron,-1
7,1637,261.50726081981804,528.1022386007132,1498.5,589.3029966634897,1.1110097228476055,14,4,116,11105,-6.7486907650527055,-32.73555052213077,0.0,4470.0,electron,-1
8,1972,127.5547369702406,602.9194339303601,1795.5,616.2645979889264,1.3623087438546433,14,6,124,11283,31.666958392108047,-6.549408747472422,0.0,4470.0,electron,-1
9,1975,126.03912735782868,603.3146441423327,1798.5,616.3395342355644,1.364847266192358,14,6,121,11280,-34.40440637483807,-6.621490175803704,0.0,4470.0,electron,-1
0,13,31.346393820197477,-2.5334805700168324,60.23591670936438,31.448607748667783,-0.08064677862625125,8,2,120,875,3.666458882095959,25.235916709339143,0.0,4470.0,positron,1
1,103,71.99749336312682,-9.3611720889215,139.24672215492023,72.60351639866965,-0.129295463831725,8,4,272,1251,-2.28142730362448,34.24672215488599,0.0,4470.0,positron,1
2,198,114.27441073959868,-22.6892949005672,224.22400665181397,116.50512886979445,-0.19600187264457009,8,6,545,1972,-1.736171483538604,-20.775993348165258,0.0,4470.0,positron,1
3,321,164.88416111612133,-48.37749826569941,333.08590978904607,171.83471397076553,-0.28539351443548855,8,8,894,3049,-0.5997293280401947,18.085909789027983,0.0,4470.0,positron,1
4,518,233.67090552327693,-107.46632712894895,507.40616327195136,257.1985683371011,-0.43106000887384927,13,2,618,5641,-9.97599898562224,-7.593836728041048,0.0,4470.0,positron,1
5,771,291.76478348065444,-208.09111792124605,731.2932691182245,358.36936565117713,-0.6195403627333221,13,4,975,6838,-0.8849752415792819,10.29326911821425,0.0,4470.0,positron,1
6,1327,270.7336932217599,-457.2726955822807,1224.5,531.4085535353935,-1.0362341881306676,14,2,57,10876,-15.760899748494055,61.17472666902236,0.0,4470.0,positron,1
7,1633,177.00657480959842,-561.6019245788965,1495.5,588.8361819865917,-1.2654703331816812,14,4,50,11039,-25.62241126579302,-33.721542519969454,0.0,4470.0,positron,1
8,1637,175.71980888567268,-562.494951658903,1498.5,589.3029966634897,-1.268008417912683,14,4,53,11042,37.53171700593188,-33.893407941986794,0.0,4470.0,positron,1
9,1972,31.71676037154857,-615.4478871894737,1795.5,616.2645979889267,-1.5193074389197196,14,6,45,11204,0.5367726254901992,-5.736066415007485,0.0,4470.0,positron,1
0,16,28.915816961362076,-12.41692805763161,-73.2244875569517,31.469105054503753,-0.40560548242827793,8,2,87,842,5.797203991492202,31.77551244301652,0.0,4539.0,electron,-1
1,21,30.745353660344495,-13.188478894214152,-77.84464871149744,33.454637156047454,-0.40521869704509045,8,2,88,843,-7.005478081837813,27.1553512884754,0.0,4539.0,electron,-1
2,118,66.1796933159919,-27.335005398804075,-166.62852716868127,71.60275363106778,-0.3916988381284322,8,4,142,1121,7.159611084128913,8.371472831310355,0.0,4539.0,electron,-1
3,123,68.03873705296728,-28.036023172755744,-171.2516020233978,73.58864270460572,-0.3908592662285832,8,4,143,1122,-7.148093609779576,3.7483979765984574,0.0,4539.0,electron,-1
4,228,107.18921576814141,-41.873401627358064,-267.8785223794377,115.0778420932336,-0.3724196065495664,8,6,179,1606,5.865045161901903,-22.878522379414818,0.0,4539.0,electron,-1
5,233,109.18517749027221,-42.53223030535977,-272.7693278527045,117.17676219426106,-0.37145861959649923,8,6,180,1607,-8.203746168340006,-27.76932785267675,0.0,4539.0,electron,-1
6,371,161.21025563290578,-58.157354940586025,-399.18095531664454,171.3797667605839,-0.3462235188906721,8,8,113,2268,2.8154434872206555,-14.18095531663036,0.0,4539.0,electron,-1
7,595,247.49401272269486,-77.75028347840663,-605.1246778994459,259.419337973394,-0.30438750912017504,13,2,179,5202,-18.028168930351544,12.875322100541181,0.0,4539.0,electron,-1
8,861,351.35898879292307,-91.39402797701943,-848.9834441811734,363.0509707402663,-0.2544765324680773,13,4,138,6001,9.553675619494765,-24.983444181148368,0.0,4539.0,electron,-1
9,1269,512.5802398951389,-91.87723976972353,-1224.5,520.7493922403188,-0.17736114827584115,12,12,81,4934,-4.71870000088717,50.7283891276954,0.0,4539.0,electron,-1
10,1568,629.2668497420838,-76.52362191585728,-1498.5,633.9026998644566,-0.12101338776218781,12,10,82,4765,22.857515527455426,11.490623609422585,0.0,4539.0,electron,-1
11,1890,752.4997373296927,-45.28404941726102,-1794.5,753.8610613454455,-0.0601056739205371,16,8,48,12181,4.028768612695127,-74.14951624731489,0.0,4539.0,electron,-1
12,2274,893.1475947780999,11.217173845356491,-2147.5,893.2180310803079,0.01255848887329197,16,6,50,12085,-47.221509663578026,63.9691245530079,0.0,4539.0,electron,-1
13,2280,895.0770739826685,12.162955973095368,-2152.5,895.1597096984308,0.013587888423983105,16,6,51,12086,-44.06344281856484,-47.92526032087794,0.0,4539.0,electron,-1
14,2283,896.2338277243865,12.732326611195669,-2155.5,896.3242639237429,0.014205522886889149,16,6,49,12084,68.98223343278285,-48.33397598512543,0.0,4539.0,electron,-1
0,16,28.89837053002556,-12.453132811691635,-73.2204857993785,31.467385276128052,-0.4068814439421205,8,2,87,842,5.757014911098102,31.779514200589723,0.0,4539.0,positron,1
1,21,30.74123009471438,-13.261579807952355,-77.90305198920336,33.479736061367966,-0.407273867481087,8,2,88,843,-7.078695206766722,27.096948010769538,0.0,4539.0,positron,1
2,118,65.46090247244949,-29.298810349411706,-166.8980873500115,71.71854739464777,-0.42083733502281157,8,4,142,1121,5.068393696867917,8.10191264998039,0.0,4539.0,positron,1
3,230,104.97599424543833,-49.48671621579358,-270.1567346300168,116.0555662156744,-0.4405150116832074,8,6,179,1606,-2.063441990822471,-25.156734629991625,0.0,4539.0,positron,1
4,373,153.93754012479056,-77.56315500159467,-401.5020554701986,172.3740388616363,-0.4667318025249118,8,8,112,2267,-4.123137571321421,-16.502055470182125,0.0,4539.0,positron,1
5,605,229.79301743394146,-128.52284219079368,-614.2073327109907,263.29252140194825,-0.5099539752412243,13,2,177,5200,10.601720698462776,3.7926672890054802,0.0,4539.0,positron,1
6,851,305.0600423803678,-189.62116946029414,-839.8642690664983,359.1905028875365,-0.5561408152562591,13,4,136,5999,-18.606718649120385,-15.864269066482443,0.0,4539.0,positron,1
7,866,309.6873886639775,-193.77345897236165,-854.3309346442704,365.31415535074325,-0.5591073078501891,13,4,135,5998,21.414021902834293,-30.330934644240095,0.0,4539.0,positron,1
8,1269,419.201646212097,-308.94968737923926,-1224.5,520.7493922403191,-0.6351260845054183,12,12,69,4922,-9.38715793714006,50.664168550566714,0.0,4539.0,positron,1
9,1565,487.60218746663014,-403.13844051659066,-1495.5,632.6740831141982,-0.6908566707030541,12,10,67,4750,-6.439768667104862,10.641323216869074,0.0,4539.0,positron,1
10,1893,550.9253771795089,-516.3349177717017,-1797.5,755.0632546553262,-0.7529989863217212,16,8,38,12171,-24.950818220316407,-73.34861103719291,0.0,4539.0,positron,1
11,2271,605.683118905139,-654.908948524752,-2144.5,892.0525608866627,-0.8244281022046416,16,6,36,12071,23.565218297761955,63.74173971117101,0.0,4539.0,positron,1
12,2283,607.0917034076642,-659.4216024305085,-2155.5,896.3242639237426,-0.8266927556681484,16,6,37,12072,-8.854392505830305,-45.71888629623897,0.0,4539.0,positron,1
0,8,-31.41053291590523,10.187602516247594,-13.614809498380946,33.02133890517191,2.8279604024667226,8,2,112,867,-3.9021360382650285,21.385190501597666,0.0,4611.0,electron,-1
1,51,-69.17269790114457,20.756121251689734,-29.78488535538877,72.2196559417023,2.850078672003504,8,4,223,1202,0.21959525345501113,5.215114644606015,0.0,4611.0,electron,-1
2,98,-111.76549432184244,29.81747062825111,-47.7422783352064,115.67457488866087,2.8808788421684444,8,6,362,1789,4.83053695572275,-12.742278335193657,0.0,4611.0,electron,-1
3,159,-168.09508341910194,37.3467949880061,-71.18097433186087,172.19390281177496,2.9229671784567812,8,8,466,2621,-2.9980415395646713,33.81902566810531,0.0,4611.0,electron,-1
4,251,-253.25269804135297,39.414211198636366,-106.32678003478807,256.3014028631826,2.987199289123386,13,2,400,5423,-19.643272952548198,-3.326780034784745,0.0,4611.0,electron,-1
5,259,-259.9808150345486,39.104158182075096,-109.10374797680244,262.9052288813536,2.9923000828659614,13,2,399,5422,22.924916349319016,-6.103747976796334,0.0,4611.0,electron,-1
6,364,-356.51166633362465,26.91405321367926,-149.256713921727,357.52613120213533,3.0662428102952832,13,4,560,6423,-6.960052639425252,-46.256713921680735,0.0,4611.0,electron,-1
7,529,-501.12335577164333,-20.46894689855657,-212.14164418270803,501.5412201274876,-3.100769222510368,13,6,625,7664,0.27721393575369185,-6.141644182701893,0.0,4611.0,electron,-1
8,722,-650.6463755658933,-116.16538933630876,-285.56172076623955,660.9350223105822,-2.9649157661774237,13,8,717,9394,15.157510574431344,23.438279233737013,0.0,4611.0,electron,-1
9,930,-776.9738648464584,-260.7593818801462,-365.0127537876585,819.5632018904695,-2.8177954455208574,17,2,727,13154,-13.710223246990997,46.98724621229453,0.0,4611.0,electron,-1
10,1229,-873.4698607063334,-517.3860763762088,-478.8972300842735,1015.2034030628098,-2.6068288338110728,17,4,774,15721,-23.902360369536613,36.10276991569042,0.0,4611.0,electron,-1
0,8,-31.40476754995498,10.289808606025904,-13.625610882520565,33.047535248719385,2.82496474023302,8,2,112,867,-4.004504608794715,21.37438911745806,0.0,4611.0,positron,1
1,51,-68.6346426719783,24.210375693316443,-30.01598909226974,72.77950580982034,2.802476456981859,8,4,223,1202,-3.276313380520793,4.984010907725274,0.0,4611.0,positron,1
2,98,-107.7486913247186,41.72265354156794,-47.6885065142267,115.54462471590448,2.7721501761270195,8,6,361,1788,6.235728626041252,-12.688506514214012,0.0,4611.0,positron,1
3,100,-109.66538394261906,42.66132029233129,-48.56844012485255,117.67108686660002,2.770593084835029,8,6,362,1789,-8.18387573936555,-13.56844012483898,0.0,4611.0,positron,1
4,158,-156.83143351080744,68.30790934032011,-70.71022767690548,171.06159421535918,2.730820220044756,8,8,463,2618,5.573985258672314,34.289772323060234,0.0,4611.0,positron,1
5,159,-157.26782206299276,68.56903965168709,-70.91990391342446,171.56596706570855,2.7304404831091773,8,8,541,2696,5.525023881979134,-35.91990391338854,0.0,4611.0,positron,1
6,251,-227.72228710429903,117.32966121866994,-106.2720688678445,256.17121119614643,2.665834345903051,13,2,398,5421,-21.49430704105252,-3.2720688678412233,0.0,4611.0,positron,1
7,258,-232.27138133621267,120.97376812212346,-108.67525881614263,261.88670672926037,2.661420704660928,13,2,397,5420,18.421578211169436,-5.675258816136955,0.0,4611.0,positron,1
8,363,-303.0122491571937,187.41856175953873,-148.72691391517245,356.2894054435457,2.5876680616337757,13,4,556,6419,-17.659046870999504,-45.726913915126715,0.0,4611.0,positron,1
9,370,-307.2252978157027,192.05414977679476,-151.30960444571718,362.3150287587236,2.5829036066567563,13,4,555,6418,21.390837892162548,-48.30960444566887,0.0,4611.0,positron,1
10,373,-309.2096770809825,194.26898229537036,-152.5356904767624,365.17264667908023,2.580641116042467,13,4,499,6362,20.725725658349216,53.464309523184134,0.0,4611.0,positron,1
11,530,-393.2951486493833,312.79423808478845,-212.57621604566512,502.5149841847344,2.469713853398796,13,6,694,7733,6.5188988437311455,-6.576216045658543,0.0,4611.0,positron,1
12,715,-455.7286319227064,471.3613619707896,-283.0390148107542,655.6448120080714,2.33933393860097,13,8,804,9481,-21.38808106827457,25.960985189219812,0.0,4611.0,positron,1
13,722,-457.2381952782917,477.5406695708488,-285.6616840990866,661.1443551264155,2.3344788913182923,13,8,803,9480,16.369282922548635,23.338315900890073,0.0,4611.0,positron,1
14,935,-473.7494350297064,672.9176081553633,-366.8087304973819,822.9560344006848,2.1842171533148598,17,2,822,13249,9.38998847485003,45.19126950257293,0.0,4611.0,positron,1
15,1237,-397.3895460301237,939.0828289494233,-481.8458477671471,1019.7033936011392,1.9711139993066678,17,4,884,15831,7.856805601878451,33.154152232819726,0.0,4611.0,positron,1
0,12,-26.19813588360733,19.197006057367204,-40.92990531527272,32.47872173196703,2.509215262592869,8,2,111,866,-1.4207594768119112,-5.929905315266789,0.0,5066.0,electron,-1
1,77,-61.52845565499683,38.60234834470937,-91.80656464932588,72.63533680664803,2.581276409317424,8,4,190,1169,-5.0897538069433965,13.193435350660927,0.0,5066.0,electron,-1
2,149,-104.8403637553748,51.72708033956487,-148.95242344603673,116.90676931989483,2.6832478321930817,8,6,257,1684,-4.1828569212807745,26.04757655393722,0.0,5066.0,electron,-1
3,242,-162.08633536562996,54.28494832682613,-221.39799161043308,170.9351798990063,2.8184203663428313,8,8,308,2463,6.785714092651713,23.602008389543315,0.0,5066.0,electron,-1
4,245,-164.06831727871088,54.086732630981,-223.90806544045887,172.7535452063516,2.823151892907177,8,8,309,2464,-6.366960743952543,21.091934559520038,0.0,5066.0,electron,-1
5,407,-257.76970098286336,19.994942536472283,-350.81864959773645,258.54403197875524,3.064178652852153,13,2,320,5343,0.29441274429551756,-41.81864959769463,0.0,5066.0,electron,-1
6,658,-343.6248764357304,-105.82955060826221,-547.4368561806127,359.5524293999663,-2.842831035677708,13,4,283,6146,6.640514433866974,-32.436856180580286,0.0,5066.0,electron,-1
0,12,-26.07725641132552,19.447854582229077,-40.99536340281006,32.530637094799516,2.5007988477103864,8,2,111,866,-1.6992138343722671,-5.9953634028040605,0.0,5066.0,positron,1
1,76,-54.546259090720206,47.02312355063711,-91.01806615299273,72.01714052397845,2.430128412306587,8,4,189,1168,-1.7628473990856555,13.981933846993286,0.0,5066.0,positron,1
2,149,-80.13965526553346,84.93908708644301,-148.78342555030082,116.77762140563102,2.3271290868572443,8,6,254,1681,-3.4272426803911338,26.21657444967296,0.0,5066.0,positron,1
3,245,-99.77308835631722,140.70131823366475,-223.53882277599897,172.486318625126,2.187612034890517,8,8,301,2456,-4.809198026567836,21.461177223979572,0.0,5066.0,positron,1
4,406,-94.9501873943552,239.80675744949883,-349.81591408754986,257.92017952201013,1.9478017762218027,13,2,313,5336,-4.093480322003398,-40.815914087509036,0.0,5066.0,positron,1
5,649,-4.799748222109455,356.49494499459223,-539.8469350673959,356.5272547641947,1.5842592336367112,13,4,323,6186,-15.36925913437611,-24.846935067371014,0.0,5066.0,positron,1
6,664,3.6563449399106625,361.37412587942913,-552.1507020229375,361.39262266050906,1.5606787784788911,13,4,322,6185,16.8005135781795,-37.150702022900326,0.0,5066.0,positron,1
0,12,-20.0763565540271,-25.774392415131583,-44.22505543554041,32.67077282302363,-2.2325548222330047,8,2,99,854,-2.3968823292490185,-9.225055435531186,0.0,5319.0,electron,-1
1,78,-42.55772651119514,-57.266984988106145,-96.6110862367033,71.34891488614005,-2.2098963763975297,8,4,165,1144,3.4661219189070316,8.38891376328831,0.0,5319.0,electron,-1
2,152,-65.82235775609816,-94.9074515918871,-156.52246006766703,115.49894868888707,-2.177175284421267,8,6,216,1643,6.783323914231383,18.477539932314496,0.0,5319.0,electron,-1
3,155,-66.8051541212225,-96.6374212962876,-159.21574616979382,117.48072102245743,-2.1756574020135955,8,6,217,1644,-7.247347178540325,15.784253830190396,0.0,5319.0,electron,-1
4,247,-91.58425623856283,-145.25586805086996,-233.10640838218532,171.7176263345801,-2.133343050698004,8,8,247,2402,0.2306564247945606,11.893591617802784,0.0,5319.0,electron,-1
5,400,-123.15555445335104,-230.43451509301252,-356.1824145178875,261.2802256942996,-2.061622046030034,13,2,287,5310,15.56951418830398,-47.18241451784029,0.0,5319.0,electron,-1
6,406,-124.05209646092997,-233.55697992448347,-360.57992792023697,264.45753063166393,-2.059046630109854,13,2,247,5270,16.445946995521567,51.42007207971161,0.0,5319.0,electron,-1
7,568,-143.1363927309026,-327.62591165492034,-490.63857229087495,357.5286910329475,-1.9826944184049387,13,4,291,6154,-6.94180548424812,24.36142770910069,0.0,5319.0,electron,-1
8,825,-143.26800580153957,-480.2974313508553,-697.8199375146279,501.2098802383883,-1.8606837390486943,13,6,250,7289,16.384011863343463,23.180062485348923,0.0,5319.0,electron,-1
9,1120,-98.21698080888949,-648.6628145882653,-934.5170276000399,656.0564170471805,-1.7210693983882257,13,8,126,8803,-17.961217476281583,-7.517027600032392,0.0,5319.0,electron,-1
10,1472,13.817496593665766,-824.0051657025984,-1217.5,824.1210082971328,-1.554029196834741,16,12,26,12355,-40.10462553473871,-4.855196272868955,0.0,5319.0,electron,-1
11,1826,178.51044415227832,-953.5676678975057,-1502.5,970.1326073949537,-1.3857355931603395,16,10,27,12258,57.58902451593188,26.42181418491541,0.0,5319.0,electron,-1
12,1830,180.4592018801625,-954.6231310858265,-1505.5,971.5301569932517,-1.3839638808513584,16,10,29,12260,-62.615584978117894,27.510554958555744,0.0,5319.0,electron,-1
0,12,-20.163414511697052,-25.732440723420932,-44.252857975778646,32.69131062461228,-2.2354442995732198,8,2,99,854,-2.4935209986884823,-9.252857975769393,0.0,5319.0,positron,1
1,78,-45.540085734052894,-55.44986057536838,-97.15965342630675,71.75365110217516,-2.258381278556669,8,4,165,1144,-0.02621364136031623,7.840346573685412,0.0,5319.0,positron,1
2,152,-76.11254114933891,-86.78577277354368,-156.43349874254702,115.43348420675417,-2.290767186060279,8,6,215,1642,7.621684467067334,18.566501257434417,0.0,5319.0,positron,1
3,155,-77.52791826095118,-88.1341142021042,-159.0796435992545,117.38057844492961,-2.292258657256625,8,6,216,1643,-6.740663889971936,15.920356400729583,0.0,5319.0,positron,1
4,246,-118.12059423634366,-123.48600881193954,-231.9673976098381,170.88378845007315,-2.3339909048436938,8,8,244,2399,7.305503384563743,13.03260239014888,0.0,5319.0,positron,1
5,249,-119.6777566843032,-124.72435525784138,-234.6605384880981,172.85522913545748,-2.335548672216986,8,8,245,2400,-6.940873046154023,10.339461511891562,0.0,5319.0,positron,1
6,398,-192.45766356868938,-174.47926566399923,-354.09976933345064,259.77483791346543,-2.405151220539387,13,2,285,5308,7.7713658259815395,-45.09976933340553,0.0,5319.0,positron,1
7,403,-195.02326044574065,-175.971141871865,-358.11717348664774,262.67834872058876,-2.407503610994264,13,2,245,5268,7.232888766338409,53.88282651329837,0.0,5319.0,positron,1
8,573,-286.3784462272739,-219.3522728149757,-495.1645175303845,360.7326351366662,-2.4879599052187817,13,4,286,6149,13.325747317078008,19.83548246959566,0.0,5319.0,positron,1
9,822,-429.46322654789765,-254.99164063527851,-695.2350634047347,499.45910718576545,-2.6057851172283892,13,6,241,7280,6.167042915149377,25.764936595239572,0.0,5319.0,positron,1
10,1123,-607.628134776268,-251.93479179173073,-937.2682022065162,657.7865075287187,-2.748546685100207,13,8,109,8786,-4.891765034945653,-10.268202206505938,0.0,5319.0,positron,1
11,1468,-800.906236430564,-187.02049347068584,-1214.5,822.4521047036048,-2.9121921422679935,16,12,4,12333,27.177639330007977,-5.996904657226804,0.0,5319.0,positron,1
12,1830,-969.9209650840133,-55.89425227902305,-1505.5,971.5301569932531,-3.0840286835517596,16,10,2,12233,-5.117924212361058,29.51685284931917,0.0,5319.0,positron,1
0,7,13.366763247594738,29.007626888221267,-12.874306732209847,31.939204395280527,1.1389961157138397,8,2,107,862,5.051100451047035,22.12569326776803,0.0,5377.0,electron,-1
1,10,14.261099707841552,31.180750110812134,-13.821510173129873,34.287288349327206,1.1418314958024247,8,2,108,863,-7.98210901702445,21.178489826848946,0.0,5377.0,electron,-1
2,51,24.746485866918924,68.55113496078022,-29.497620100692036,72.88104463557532,1.224361874823111,8,4,215,1194,-3.8188884039682747,5.502379899302461,0.0,5377.0,electron,-1
3,99,26.47044541635148,112.3127696770415,-47.195729275299904,115.3899593251866,1.3393352280013073,8,6,349,1776,8.22200980442389,-12.195729275287707,0.0,5377.0,electron,-1
4,101,26.30704368154152,114.12510958037865,-47.92919541736458,117.11789437996214,1.3442430782250119,8,6,350,1777,-5.356999714532085,-12.929195417351652,0.0,5377.0,electron,-1
5,165,11.018495592738951,171.02625857472185,-71.78905803870748,171.38082847038297,1.5064594887184815,8,8,448,2603,2.8065619461669775,33.21094196125931,0.0,5377.0,electron,-1
6,284,-62.546383615414356,251.1691082989051,-116.36088507564658,258.8396628552774,1.8148533702344027,13,2,392,5415,2.208874961741626,-13.360885075633217,0.0,5377.0,electron,-1
0,7,13.613180978042175,28.888882537487017,-12.872876276451032,31.935657666715613,1.1304320644520018,8,2,107,862,4.777564495988081,22.12712372352684,0.0,5377.0,positron,1
1,51,36.41837476253089,62.85500329260627,-29.400207326845536,72.64330292090037,1.0456594038085074,8,4,214,1193,-2.51309085221254,5.5997926731488645,0.0,5377.0,positron,1
2,99,69.42645061889081,92.82196948843017,-47.41779531447113,115.91354565040423,0.9286067234056876,8,6,346,1773,2.619344931643047,-12.41779531445871,0.0,5377.0,positron,1
3,165,124.37795951328972,118.57388964305791,-72.00030725898704,171.84191606756954,0.761512911658793,8,8,439,2594,-0.6495915198543076,32.99969274097996,0.0,5377.0,positron,1
4,280,228.89938753362011,114.96724404395631,-114.79495440988316,256.1491690721034,0.46545480320034327,13,2,384,5407,-21.8192721464497,-11.794954409871364,0.0,5377.0,positron,1
5,287,235.4514076377599,112.54196002871113,-117.6111782610027,260.96562632980346,0.44588003778029456,13,2,383,5406,14.029420560604546,-14.611178260988094,0.0,5377.0,positron,1
0,10,6.99959752867151,31.094463639724722,37.5068311410514,31.872559272916053,1.349379549770734,8,2,124,879,-0.8067580256982425,2.506831141048893,0.0,5628.0,electron,-1
1,72,14.807975480598516,70.0992164857083,84.31989567018671,71.64618824294985,1.362613840305167,8,4,279,1258,6.239468574515829,-20.68010432979261,0.0,5628.0,electron,-1
2,75,15.194155755999489,72.24160150382146,86.88162950438732,73.82216033803475,1.3634936632349683,8,4,280,1259,-8.119516652434056,-18.11837049559456,0.0,5628.0,electron,-1
3,141,21.889843854445257,114.3074033477514,137.0098966937647,116.38448231649065,1.3815872442826354,8,6,454,1881,-0.9360399397678867,32.00989669373268,0.0,5628.0,electron,-1
4,227,28.14814975420228,169.51338548111502,202.3980042648381,171.8345314302515,1.406245113861879,8,8,759,2914,-0.5976828881883692,27.398004264810705,0.0,5628.0,electron,-1
5,359,32.27201458528362,254.91400278318483,303.0380386469724,256.9486947628618,1.444866638127722,13,2,550,5573,-12.31040817069705,-5.961961353021656,0.0,5628.0,electron,-1
6,520,28.222957103905987,359.26818081928764,425.9786118017908,360.3750283480936,1.4924005311027426,13,4,826,6689,-8.125419837232132,13.978611801776825,0.0,5628.0,electron,-1
7,741,6.567472976309439,500.50742434129467,594.2478168328441,500.5505104602845,1.5576754503145191,13,6,1307,8346,-6.642055986870364,-23.75218316713211,0.0,5628.0,electron,-1
8,999,-41.866595506768405,660.346402563234,790.9801312679473,661.6722626780816,1.6341125400075052,13,8,1914,10591,1.1485804318529278,-33.01986873201969,0.0,5628.0,electron,-1
9,1264,-116.27888554293656,814.6449143375825,992.7741696085272,822.9016439886327,1.712574333428164,17,2,2493,14920,9.053536946983845,-37.22583039143552,0.0,5628.0,electron,-1
10,1566,-229.13198520993404,973.6173953552855,1222.5,1000.2161262370527,1.8019313130942147,18,2,78,18217,20.19563263344441,58.0125148181304,0.0,5628.0,electron,-1
0,10,7.04353922271996,31.09198492297494,37.51537639039654,31.879820752828827,1.3480177689792543,8,2,124,879,-0.8507695754615645,2.515376390394024,0.0,5628.0,positron,1
1,72,16.788275818675643,69.7907531196685,84.47929001557814,71.78158138390688,1.334729873598948,8,4,279,1258,4.235288174160375,-20.520709984401332,0.0,5628.0,positron,1
2,140,29.121669241419657,111.87926548489564,136.09411986502667,115.60727340806204,1.3161515000076163,8,6,453,1880,5.535578406602101,31.094119864995573,0.0,5628.0,positron,1
3,225,47.09195595661997,164.25530210801094,201.26271499635126,170.87263264318887,1.2915858048012892,8,8,757,2912,7.418559786374159,26.262714996325,0.0,5628.0,positron,1
4,228,47.77157028848244,166.07867018989347,203.55260517348967,172.8127530591155,1.2907132958312657,8,8,758,2913,-6.703681612602801,28.55260517346111,0.0,5628.0,positron,1
5,358,80.07995480841798,243.34697641705537,302.13271474404286,256.1846015931503,1.2528811219341263,13,2,549,5572,-21.298386289813543,-6.867285255950274,0.0,5628.0,positron,1
6,367,82.57364054863896,248.68378986263977,309.0647134389668,262.0344127283693,1.2502077790617876,13,2,548,5571,19.09344444508246,0.06471343896674064,0.0,5628.0,positron,1
7,524,130.2687239011747,338.849820681058,429.14357906408515,363.0277419184733,1.2037719459444753,13,4,823,6686,9.425559720580358,17.143579064068,0.0,5628.0,positron,1
8,739,208.54767918452467,453.9813410556088,593.088025216872,499.5910252595621,1.1401735541197304,13,6,1302,8341,-14.072424285998565,-24.9119747831031,0.0,5628.0,positron,1
9,997,320.42766157123765,577.1907028064736,789.1241841620898,660.1689130110888,1.0640074597182847,13,8,1905,10582,-9.34090987602809,-34.8758158378753,0.0,5628.0,positron,1
10,1265,455.67263367683114,686.0301674032688,993.6289392646023,823.5744894478803,0.984491833366759,17,2,2479,14906,13.188141345656152,-36.37106073536132,0.0,5628.0,positron,1
11,1570,627.618440575518,781.706413716393,1225.5,1002.481832351983,0.8943002005538596,18,2,64,18203,48.278253484407074,59.31846193783086,0.0,5628.0,positron,1
0,12,-28.179789657190643,13.944328533694485,50.78685921710857,31.44113298497869,2.6820860793419716,8,2,127,882,4.1017133820351,15.786859217092783,0.0,5817.0,electron,-1
1,88,-65.08869841219754,30.315707243307536,116.0189716246833,71.80237298763834,2.70571034018789,8,4,286,1265,3.9855201330200067,11.018971624672282,0.0,5817.0,electron,-1
2,172,-106.19495325543889,45.29358944635579,186.70285749923357,115.45075721648551,2.738440691052184,8,6,517,1944,2.3032699498256872,11.702857499221869,0.0,5817.0,electron,-1
3,280,-161.2125745049263,60.3930368578158,278.8914276110322,172.1534579362724,2.78315744830084,8,8,854,3009,0.7050418595379409,33.89142761099832,0.0,5817.0,electron,-1
4,449,-249.1562986845895,73.6554083821804,422.6769470543603,259.81528122523923,2.8541596879708675,13,2,599,5622,-13.608757581227465,10.676947054349634,0.0,5817.0,electron,-1
5,645,-352.27344996771524,73.05276872367989,589.438177789575,359.7683846175923,2.93711574029761,13,4,951,6814,-13.16032571765793,-28.561822210396457,0.0,5817.0,electron,-1
6,927,-496.8222360733815,42.3668415789634,828.7024655306559,498.62539398062324,3.0565228078024402,13,6,1482,8521,-22.580986160298433,4.702465530651197,0.0,5817.0,electron,-1
7,940,-503.5104849235992,40.04056613620375,840.1408497935381,505.10004490645787,3.0622368461469596,13,6,1481,8520,21.18058794883179,16.140849793521966,0.0,5817.0,electron,-1
8,1710,-815.8383843962564,-206.47091905620658,1494.5,841.5595700069059,-2.893718955313423,18,4,4,18241,-43.34121770192369,12.442911842428144,0.0,5817.0,electron,-1
9,2073,-893.3994328470686,-379.83375276651367,1802.5,970.7915462920745,-2.739590237080618,18,6,7,18342,36.70706755817302,28.09744546080342,0.0,5817.0,electron,-1
0,12,-28.150609298735542,14.004883479337677,50.78811080493395,31.44190778499106,2.679948315251067,8,2,127,882,4.034494376081359,15.78811080491816,0.0,5817.0,positron,1
1,89,-63.85221769275131,33.69389017370279,116.65699565087246,72.19684161596024,2.6560427276082095,8,4,286,1265,0.38815936702081827,11.656995650860802,0.0,5817.0,positron,1
2,171,-100.23757738618947,57.11771125123467,186.57025635937225,115.36899435650699,2.6236574727923956,8,6,516,1943,3.0058627447035002,11.57025635936068,0.0,5817.0,positron,1
3,279,-145.01617893383087,91.34305665662826,277.64052881382463,171.38624843302,2.5794905062373585,8,8,851,3006,7.275927144452873,32.64052881379199,0.0,5817.0,positron,1
4,281,-146.1486404253596,92.29575008334812,280.0309986704811,172.85233750698572,2.5783187241584806,8,8,930,3085,-6.923956677926259,-34.96900132948393,0.0,5817.0,positron,1
5,282,-146.54687750276636,92.63188403415988,280.8727809019122,173.3685474517476,2.5779059412641727,8,8,852,3007,-7.016841112949824,35.87278090187635,0.0,5817.0,positron,1
6,448,-208.90662576836957,153.33120481017536,421.5582822040895,259.1378719108142,2.5084298998835397,13,2,597,5620,-21.828145361394796,9.558282204079935,0.0,5817.0,positron,1
7,459,-212.8018890467252,157.73962861707253,431.0607670904329,264.88947585381095,2.5037144121379513,13,2,596,5619,18.465321578670093,19.060767090413812,0.0,5817.0,positron,1
8,650,-272.5565240194079,238.39502657825312,593.3808960798067,362.103918071578,2.422953720210633,13,4,946,6809,3.903098176245173,-24.61910392016869,0.0,5817.0,positron,1
9,934,-335.426196322491,373.5180542847883,834.7001090284496,502.02238003506216,2.302515706860122,13,6,1472,8511,3.4201498495171125,10.70010902843886,0.0,5817.0,positron,1
10,1710,-329.0917064347662,774.5457756815038,1494.5,841.5595700069061,1.9725682786237966,18,4,81,18318,47.419262181674966,12.222209174255955,0.0,5817.0,positron,1
11,1714,-328.458813733496,776.2918589569884,1497.5,842.9200689283132,1.9710671859366573,18,4,79,18316,-61.49654847803954,12.673851411499381,0.0,5817.0,positron,1
12,2073,-237.96020446811474,941.1754179969053,1802.5,970.7915462920741,1.8184395603909924,18,6,78,18413,3.5767720631533355,28.785253168514135,0.0,5817.0,positron,1
0,12,-0.37952797378520164,-31.963798764616254,-49.24591160100833,31.966051882391874,-1.582669450582769,8,2,100,855,5.9215307582858285,-14.245911600994084,0.0,6050.0,electron,-1
1,16,-0.33450959960753085,-33.94703693031663,-52.30192377587246,33.948684996926026,-1.5806498752535996,8,2,101,856,-7.019500948568737,-17.30192377585516,0.0,6050.0,electron,-1
2,87,4.251143481429986,-72.07982124447112,-111.55340118011743,72.20507497077068,-1.5118862940201963,8,4,169,1148,-2.8623910186255275,-6.553401180110879,0.0,6050.0,electron,-1
3,170,18.569103303100707,-115.13982805853999,-181.59787838188797,116.62757651100951,-1.4108987511776712,8,6,223,1650,-2.5141116676532396,-6.597878381881368,0.0,6050.0,electron,-1
4,279,50.56917376038783,-164.81342654969572,-272.93260289825537,172.39694575560276,-1.2730882543026045,8,8,258,2413,-4.266189097960551,-27.932602898227433,0.0,6050.0,electron,-1
5,470,135.2413318209053,-223.55302572263315,-433.34892887246536,261.2779614556813,-1.0267354763304213,13,2,254,5277,-1.5107993153223531,-21.348928872444013,0.0,6050.0,electron,-1
6,744,281.0675848245518,-223.46036799277127,-662.8504486863251,359.0731447805187,-0.6717100878202601,13,4,247,6110,-19.821954367770545,-44.850448686280224,0.0,6050.0,electron,-1
0,12,-0.6121207267037503,-31.95067838851283,-49.23125445116106,31.956541447256793,-1.589952284759694,8,2,100,855,5.688568244178481,-14.231254451146825,0.0,6050.0,positron,1
1,16,-0.7275331093863221,-34.08445147516032,-52.52318872922672,34.09221519332254,-1.5921381004697464,8,2,101,856,-7.435854447861217,-17.523188729209192,0.0,6050.0,positron,1
2,86,-6.35353977028749,-71.37607614805458,-110.7012171958857,71.65829829060631,-1.6595773068511637,8,4,168,1147,0.6797847332026681,-5.701217195880002,0.0,6050.0,positron,1
3,170,-22.030749455676574,-114.30158830340253,-181.24267081846753,116.40535645003334,-1.7612036758207474,8,6,220,1647,-1.0770654807138396,-6.242670818461288,0.0,6050.0,positron,1
4,278,-55.27520591957063,-162.74746958124393,-272.05877699183037,171.8781174104163,-1.8982102031992358,8,8,250,2405,-0.9024460954150186,-27.05877699180331,0.0,6050.0,positron,1
5,469,-141.3541562647842,-218.99021454666206,-432.11312552302763,260.6486362145831,-2.143988613926566,13,2,247,5270,-6.171566727865924,-20.11312552300752,0.0,6050.0,positron,1
6,755,-293.2357204128413,-212.34132283177507,-671.842064411266,362.0442308723979,-2.5148537457856373,13,4,230,6093,3.5293972851184106,-53.842064411212206,0.0,6050.0,positron,1
0,13,-2.999639134710558,-31.81600033395683,-52.15560231148799,31.95709173546348,-1.664799293825146,8,2,100,855,3.297254311015603,-17.155602311470833,0.0,6206.0,electron,-1
1,89,-5.3899939327953135,-71.3357521224291,-116.77861684987683,71.5390911702701,-1.6462111301594229,8,4,168,1147,1.644173974115944,-11.778616849865047,0.0,6206.0,electron,-1
2,174,-5.658151034756071,-115.92946791453343,-189.5690459899463,116.06746402019365,-1.6195644680788337,8,6,221,1648,1.3651699966588287,-14.56904598993172,0.0,6206.0,electron,-1
3,283,-2.285672372440541,-172.57210101621007,-282.19695160884186,172.5872369190235,-1.5840402910266713,8,8,176,2331,-2.3082563243216185,32.80304839112534,0.0,6206.0,electron,-1
4,452,11.23144154194595,-260.02931327697286,-426.70478185179485,260.27175997868886,-1.527630175167144,13,2,251,5274,-9.309417889386316,-14.704781851780142,0.0,6206.0,electron,-1
5,645,38.59226564597779,-356.7939269647536,-590.9365984180771,358.87500510152506,-1.4630511897768674,13,4,240,6103,-21.96491201066639,27.06340158189584,0.0,6206.0,electron,-1
6,657,40.77110528878023,-362.8617807044106,-601.4587374967228,365.14511488234996,-1.458905737599398,13,4,239,6102,20.592322198931754,16.54126250326061,0.0,6206.0,electron,-1
7,924,99.88043224605124,-488.7779245967089,-828.7830425025517,498.8787030117883,-1.369224220076381,13,6,179,7218,-20.22145600027982,-4.783042502546882,0.0,6206.0,electron,-1
8,937,103.40720086641564,-494.75095516520685,-840.1037932495836,505.4419420941556,-1.3647538545837956,13,6,178,7217,22.962317314767397,-16.10379324956754,0.0,6206.0,electron,-1
9,1705,386.97971545369984,-771.8725333202233,-1494.5,863.4468761115565,-1.1060678300394968,16,10,32,12263,5.681256237043295,35.42787134009242,0.0,6206.0,electron,-1
10,1718,392.8603957636988,-775.1656984685886,-1505.5,869.0346084258698,-1.101716938341528,16,10,33,12264,-29.17270691987897,-73.45529795821325,0.0,6206.0,electron,-1
11,2066,560.8871450475274,-843.9511536074133,-1802.5,1013.335057695553,-0.9842281519398562,16,8,35,12168,-42.29503648579147,70.45186172866177,0.0,6206.0,electron,-1
0,13,-3.062227435265547,-31.812469776651618,-52.159554032960656,31.959512983705896,-1.6667593802006206,8,2,100,855,3.2345665115547897,-17.159554032943497,0.0,6206.0,positron,1
1,89,-8.23719097731856,-71.45490623229789,-117.41406251248632,71.9281234279284,-1.685567886169347,8,4,168,1147,-1.2055152566992853,-12.41406251247391,0.0,6206.0,positron,1
2,173,-16.253638640607296,-114.54000434438593,-188.9473087246554,115.68748145011799,-1.7117587821686635,8,6,220,1647,4.704962846622664,-13.947308724641438,0.0,6206.0,positron,1
3,283,-30.35965171810025,-169.96139282789392,-282.30266929031046,172.65162467941627,-1.747558797022146,8,8,174,2329,-2.729459705810261,32.69733070965684,0.0,6206.0,positron,1
4,455,-60.64214366685833,-254.43894265940426,-428.84673419653063,261.5657567996,-1.8047680244476914,13,2,249,5272,0.4358636637651664,-16.846734196513786,0.0,6206.0,positron,1
5,648,-106.148825397904,-344.5831996285252,-593.767041753774,360.5622756190486,-1.8696219047552585,13,4,236,6099,-6.68256057400729,24.232958246201726,0.0,6206.0,positron,1
6,931,-192.69447800393533,-463.76150589892745,-834.5114897104003,502.2010515787975,-1.964595843248541,13,6,171,7210,4.554857105391615,-10.511489710389757,0.0,6206.0,positron,1
7,1705,-525.7670184621107,-684.9157248627516,-1494.5,863.4468761115567,-2.2254902279975215,16,10,16,12247,-56.64074050263785,33.587045089653,0.0,6206.0,positron,1
8,1709,-527.5097285097631,-685.500425225112,-1497.5,864.9724542760039,-2.2266767906878773,16,10,14,12245,55.37901028238685,35.198330901296046,0.0,6206.0,positron,1
9,1714,-530.417342677487,-686.4656408969151,-1502.5,867.5123247222826,-2.2286544851914427,16,10,15,12246,-25.622007261278124,-74.86630898224749,0.0,6206.0,positron,1
10,2070,-711.9885553941368,-723.0062262542117,-1805.5,1014.724448416705,-2.3485167937199796,16,8,13,12146,-24.08549074738315,72.43913516108043,0.0,6206.0,positron,1
0,14,26.903603352816102,-17.733023210250735,-55.44587638983045,32.22210398997789,-0.5827680711379682,8,2,103,858,0.2043344056323595,-20.445876389810003,0.0,6495.0,electron,-1
1,91,59.78428767182808,-38.42619824439278,-122.29990211293212,71.06851457533969,-0.5712598569071587,8,4,173,1152,8.30413169781548,-17.299902112914815,0.0,6495.0,electron,-1
2,95,61.264366763873326,-39.32386431343389,-125.27853935243581,72.7989624893085,-0.570639898743563,8,4,174,1153,-5.858082015157922,-20.278539352415535,0.0,6495.0,electron,-1
3,182,99.00290958035517,-61.268037248102296,-200.40105284466694,116.42743874882257,-0.5541652476022645,8,6,230,1657,-1.2261182268577127,-25.401052844641534,0.0,6495.0,electron,-1
4,293,148.62466536147937,-87.48363803326964,-296.97918702645,172.46065660708783,-0.5320107659585753,8,8,189,2344,-1.4651171220226922,18.02081297353197,0.0,6495.0,electron,-1
5,476,232.37369532193284,-125.45757395900804,-455.2485895066526,264.07789975923856,-0.4950525575793997,13,2,257,5280,14.60868559652837,-43.24858950660934,0.0,6495.0,electron,-1
6,667,322.05003840827663,-158.1242448843959,-619.5187697788535,358.77500478577497,-0.45641590666186604,13,4,249,6112,-23.103853641136137,-1.5187697788520198,0.0,6495.0,electron,-1
7,679,327.8352985074227,-159.96445270117334,-629.9651798924219,364.7802202360167,-0.45395436999521055,13,4,248,6111,18.78623711237126,-11.965179892409964,0.0,6495.0,electron,-1
8,950,459.98751226843837,-193.6942050958234,-864.7755803103064,499.1051557844395,-0.39855061067394176,13,6,191,7230,-18.198207026414753,-40.77558031026562,0.0,6495.0,electron,-1
9,1356,662.3164641498778,-216.29982033246011,-1215.5,696.7414950753621,-0.31566098575984797,12,12,79,4932,-37.50994046761194,73.73107156720467,0.0,6495.0,electron,-1
10,1360,664.0592408735661,-216.34780765435016,-1218.5,698.4132367491474,-0.3149516352382593,12,12,76,4929,35.999620530420266,75.4847974190136,0.0,6495.0,electron,-1
11,1682,825.9562393751097,-209.9899775477596,-1497.5,852.2320693526981,-0.24896396028579226,16,10,46,12277,-44.81876565590673,23.05288894341799,0.0,6495.0,electron,-1
12,2035,1000.2685692998664,-178.71676902901447,-1802.5,1016.1087019907721,-0.17680320147376985,16,8,47,12180,11.880144726999369,74.03888377047166,0.0,6495.0,electron,-1
0,14,26.884949696481947,-17.771733192072908,-55.45578273521208,32.22786094100244,-0.5840894874750208,8,2,103,858,0.1613643976348965,-20.455782735191626,0.0,6495.0,positron,1
1,91,58.88256087296797,-39.906159229027104,-122.40792164004138,71.1312696313741,-0.5956190667818749,8,4,173,1152,6.571100902989175,-17.40792164002397,0.0,6495.0,positron,1
2,96,60.60053462007877,-41.13751686906679,-126.04502592343538,73.24424953804989,-0.596376800113904,8,4,174,1153,-7.78940506107261,-21.04502592341433,0.0,6495.0,positron,1
3,180,94.56052701640448,-66.42190660111183,-198.9027970328742,115.55761743021091,-0.6123532451300157,8,6,229,1656,6.090636770832531,-23.902797032850284,0.0,6495.0,positron,1
4,184,96.24486712557155,-67.72404191995972,-202.56621638967633,117.68440976610022,-0.6131807507398237,8,6,230,1657,-8.246573661182122,-27.56621638964876,0.0,6495.0,positron,1
5,295,139.3379981674216,-102.68509795872677,-298.0605122009819,173.0875705419014,-0.6350964749108415,8,8,188,2343,-5.408064250774688,16.939487799001142,0.0,6495.0,positron,1
6,474,205.97562596506992,-163.65389762576953,-453.5133384153765,263.0751921025779,-0.6713969138865375,13,2,256,5279,9.43335360003773,-41.51333841533498,0.0,6495.0,positron,1
7,674,274.4432651074215,-236.8330738409826,-626.004783667093,362.5038077424715,-0.711969044722312,13,4,246,6109,6.352483463751739,-8.00478366708496,0.0,6495.0,positron,1
8,955,360.10828861039744,-348.6119183968015,-868.4690449571201,501.20679282528437,-0.769178275903021,13,6,186,7225,-1.9864640254100854,-44.46904495707563,0.0,6495.0,positron,1
9,1356,459.21146447536347,-523.997654435822,-1215.5,696.7414950753623,-0.8511956307169203,12,12,61,4914,27.112304139700445,74.21380396846463,0.0,6495.0,positron,1
10,1679,517.2129386343986,-675.2817859153071,-1494.5,850.5966813242318,-0.9171829919145905,16,10,36,12267,-56.38292956021417,20.72640576451873,0.0,6495.0,positron,1
11,1682,517.7270758056666,-676.9476900107558,-1497.5,852.2320693526997,-0.9178926561909774,16,10,34,12265,54.38257094041068,22.495114349267638,0.0,6495.0,positron,1
12,2035,557.483165550048,-849.5230511232028,-1802.5,1016.1087019907752,-0.9900534150030007,16,8,35,12168,-48.32399241483627,72.9588138126217,0.0,6495.0,positron,1
0,39,-31.513031977033915,8.37054036714748,-166.41465028260842,32.60578369589677,2.8819662477492303,8,2,80,835,-2.0821852391449096,8.585349717382993,0.0,6745.0,electron,-1
1,249,-71.61070638996173,11.96004828308238,-372.4300972301023,72.60258965493564,2.976105264497971,8,4,64,1043,-4.93163122485961,12.56990276988511,0.0,6745.0,electron,-1
2,479,-114.96653852383871,4.1406083644861225,-598.0,115.04107795818562,3.1055924443163105,7,14,108,755,1.1733392257185562,-24.96528902554439,0.0,6745.0,electron,-1
3,585,-133.85627310821937,-3.4671945955975993,-702.0,133.90116985592752,-3.1156960750507348,7,12,2,541,-2.7184284774498924,-6.126810902937324,0.0,6745.0,electron,-1
4,703,-153.57193628259648,-14.738397213178066,-818.0,154.277542001418,-3.0459150361694065,7,10,3,434,-6.61994628180012,14.135907238227883,0.0,6745.0,electron,-1
5,707,-154.2215627754356,-15.176915911591651,-822.0,154.96654220019605,-3.043498685427559,7,10,2,433,8.038257919245568,14.75754434901891,0.0,6745.0,electron,-1
6,1397,-222.02796474171018,-124.56691427781105,-1498.5,254.58462887621795,-2.63031178363971,12,10,15,4698,-3.1358965299946426,-63.434617777888285,0.0,6745.0,electron,-1
7,1700,-219.19476037679416,-182.36468482246312,-1795.5,285.1371972350092,-2.4476562179822867,12,8,18,4531,15.385165516553545,-33.277755118812166,0.0,6745.0,electron,-1
8,1703,-219.05784149125958,-182.93635316258136,-1798.5,285.3980504965556,-2.445809567807707,12,8,21,4534,-17.26352086442038,-33.12479938830123,0.0,6745.0,electron,-1
9,2057,-189.5784724846721,-243.62465690527492,-2145.5,308.69559550119027,-2.2320763512941757,12,6,24,4367,11.37310308197039,-9.51360141269325,0.0,6745.0,electron,-1
10,2060,-189.2137555295847,-244.0856700145806,-2148.5,308.83597521674216,-2.2302276085304604,12,6,27,4370,-23.95832926520375,-10.094718407351166,0.0,6745.0,electron,-1
11,2464,-128.06793131434733,-290.89578136741335,-2545.5,317.83918991920166,-1.9855156950627035,12,4,30,4203,16.108060911950425,-0.5690240234701065,0.0,6745.0,electron,-1
12,2467,-127.5277099290028,-291.1275406121588,-2548.5,317.834173276915,-1.9836662705256691,12,4,34,4207,-20.26565903199104,-0.8121812660171681,0.0,6745.0,electron,-1
0,39,-31.491715681750556,8.748427080371211,-166.8156894143123,32.68429489771481,2.870624333896913,8,2,80,835,-2.46067269266927,8.184310585679526,0.0,6745.0,positron,1
1,249,-67.8636021188215,25.943895340941108,-372.6962375517927,72.6536592196389,2.7764420183936265,8,4,63,1042,-5.177688148344227,12.30376244819499,0.0,6745.0,positron,1
2,483,-101.77676814437886,55.18629699997609,-602.0,115.77580883105166,2.6447353704072696,7,14,100,747,1.313093955526016,-24.23150611969409,0.0,6745.0,positron,1
3,581,-113.26495359284716,70.06744663525501,-698.0,133.18557275611397,2.587597677778723,7,12,99,638,6.204485567038143,-6.959326111475714,0.0,6745.0,positron,1
4,585,-113.70452912039954,70.71635840662428,-702.0,133.90116985592744,2.585203387302252,7,12,100,639,-6.4502176059960705,-6.254151397897115,0.0,6745.0,positron,1
5,703,-125.00767070801056,90.41372810672546,-818.0,154.27754200141794,2.5154223484209233,7,10,99,530,-3.9449097794361814,14.226809663198127,0.0,6745.0,positron,1
6,1394,-128.7116256193826,219.24014700208562,-1495.5,254.2300623983722,2.1016620648081883,12,10,143,4826,-12.937629486085896,-64.0993104829327,0.0,6745.0,positron,1
7,1397,-128.48630061896324,219.78308354669838,-1498.5,254.58462887621786,2.0998190958912244,12,10,140,4823,16.18110760705106,-63.92989854834368,0.0,6745.0,positron,1
8,1700,-96.79923180066059,268.2035234105596,-1795.5,285.13719723500935,1.9171635302338008,12,8,137,4650,-0.769197938027343,-32.8634640015201,0.0,6745.0,positron,1
9,2057,-40.25847295243203,306.05918714747446,-2145.5,308.69559550119027,1.7015836635456905,12,6,131,4474,4.455027668371146,-9.336747027519577,0.0,6745.0,positron,1
10,2464,36.71515128852191,315.71149537886,-2545.5,317.8391899192026,1.4550230073142185,12,4,125,4298,0.18490107636512185,-0.16105937747578852,0.0,6745.0,positron,1
0,16,-31.061234514199636,7.588670107234194,69.12224401519673,31.974805762389497,2.901973377422738,8,2,128,883,-1.3967670744398326,34.1222440151626,0.0,6895.0,electron,-1
1,17,-31.551214844511815,7.693649842744596,70.20547764211345,32.47570485866791,2.9024139561958413,8,2,144,899,-1.4042186371693197,-34.794522357851754,0.0,6895.0,electron,-1
2,114,-71.63508481844057,12.542572793495802,157.60350740953203,72.72483419867876,2.968259855250691,8,4,320,1299,-5.514665626080341,-17.396492590450574,0.0,6895.0,electron,-1
3,220,-116.23539301180881,9.494047583501596,254.39983272050694,116.62248294444534,3.060094082893751,8,6,572,1999,-2.4829064705896013,9.399832720497535,0.0,6895.0,electron,-1
4,360,-171.99611145940676,-7.560693508853147,380.80306773680803,172.16220968462125,-3.0976624210275134,8,8,937,3092,0.6351771401068166,-4.196932263187771,0.0,6895.0,electron,-1
5,607,-253.4832462712428,-70.27074954480199,605.0436767347501,263.043217707273,-2.8711632457264193,13,2,642,5665,9.258665029644066,-12.956323265236964,0.0,6895.0,electron,-1
6,912,-302.89537100283,-186.60148272336133,881.9585931147777,355.7607610874181,-2.58944852074312,13,4,1070,6933,-23.35426162053914,-45.041406885177224,0.0,6895.0,electron,-1
7,1286,-267.8582946049493,-336.4854339765279,1221.5,430.08198435536,-2.2431223862310543,14,2,23,10842,-24.48942073376491,-40.61603325973977,0.0,6895.0,electron,-1
8,1290,-267.09728487670617,-337.6459598132755,1224.5,430.5180063211484,-2.240060536739258,14,2,26,10845,22.44788214651593,-40.06824606695998,0.0,6895.0,electron,-1
9,1598,-169.42698811999148,-420.0047892806079,1504.5,452.89019344876476,-1.9542242694762582,14,4,32,11021,-4.198706244246894,-17.12883492380891,0.0,6895.0,electron,-1
0,16,-31.048804581630012,7.8090229547571415,69.21081544634349,32.015763390182855,2.895195194294624,8,2,128,883,-1.6174702249272217,34.210815446309276,0.0,6895.0,positron,1
1,17,-31.536935462226488,7.946788991313215,70.3072335918902,32.52275747259287,2.8947479918197336,8,2,144,899,-1.6577602102818325,-34.69276640807511,0.0,6895.0,positron,1
2,112,-68.4754169405561,22.016112557927496,155.86292417069097,71.92768547191221,2.8305128779777067,8,4,319,1298,-1.2025409854582187,-19.137075829289888,0.0,6895.0,positron,1
3,219,-106.65824595474277,45.4737031125072,252.89479922956545,115.94757050023449,2.7385794176612888,8,6,569,1996,2.3293947964108552,7.894799229557554,0.0,6895.0,positron,1
4,360,-148.7219386352173,87.2426188452834,381.40941442100006,172.4224161018536,2.6110727104914573,8,8,1008,3163,-1.2052087944125427,-3.590585578996344,0.0,6895.0,positron,1
5,598,-190.57016839355703,177.00117404774738,597.2469394917632,260.0892244900385,2.393093002556787,13,2,676,5699,-10.949921673370593,-20.75306050821603,0.0,6895.0,positron,1
6,926,-178.50186657390313,311.88212004272395,894.5575295477485,359.35132276466106,2.09062744644529,13,4,1111,6974,5.427071606325545,-32.4424704522191,0.0,6895.0,positron,1
7,1286,-79.68028831217295,422.6364453304199,1221.5,430.0819843553599,1.7571405703965892,14,2,132,10951,-7.760204692129815,-39.987657163767786,0.0,6895.0,positron,1
8,1595,44.97979541787334,450.6064959352529,1501.5,452.84588567732493,1.4713053349930005,14,4,126,11115,19.64335755474621,-17.580751066632384,0.0,6895.0,positron,1
9,1598,46.364272482845024,450.51068972799777,1504.5,452.890193448765,1.468242453641793,14,4,123,11112,-29.75419441967648,-18.087879293838085,0.0,6895.0,positron,1
0,6,-9.174935656197023,30.09770426242234,3.1859786733187416,31.465079789563404,1.8666860772441403,8,2,125,880,3.157757737958122,-31.81402132664944,0.0,7576.0,electron,-1
1,46,-22.561791717514172,67.85578591911606,7.243131969675742,71.50833607493186,1.89179328204384,8,4,250,1229,1.9115295551023592,-27.756868030296495,0.0,7576.0,electron,-1
2,90,-40.0962561258923,107.82988996143133,11.66400420555189,115.04344798556563,1.9268001471569645,8,6,406,1833,6.262278340139658,-23.335995794424772,0.0,7576.0,electron,-1
3,92,-40.98898481795414,109.66383534736958,11.870530878631524,117.07371036873077,1.9284876696477073,8,6,407,1834,-7.705164078429512,-23.129469121345345,0.0,7576.0,electron,-1
4,148,-67.50026936453183,157.89744275304676,17.445609050543144,171.7203796648378,1.974777837856231,8,8,610,2765,0.210175279316975,-17.5543909494393,0.0,7576.0,electron,-1
5,237,-119.86347721974195,230.05067667149558,26.481591276693134,259.4042540287661,2.0511266371683208,13,2,434,5457,-18.205046228172776,26.48159127666665,0.0,7576.0,electron,-1
6,342,-193.82507740877435,302.5738594904614,36.9842060153645,359.33146408221876,2.1405262975330297,13,4,608,6471,-17.208302346154845,36.98420601532751,0.0,7576.0,electron,-1
7,490,-319.05006100260374,380.5962112001211,51.96459511333852,496.6350948187737,2.2684528244573525,13,6,926,7965,-13.723680457041528,-51.03540488661044,0.0,7576.0,electron,-1
8,494,-322.25836401123183,382.05107799958995,52.32128960136815,499.813444572917,2.2715020504176167,13,6,848,7887,-12.270748833933624,52.321289601315826,0.0,7576.0,electron,-1
9,678,-498.66781541536,429.6413476239334,70.90042225311758,658.2258561612701,2.430415100399222,13,8,1213,9890,-1.8501455474016075,-32.099577746850315,0.0,7576.0,electron,-1
10,894,-710.8042015743226,412.32106533778045,92.57599985240395,821.7367424528323,2.6159513534320555,17,2,1430,13857,20.057822983377115,-10.424000147585621,0.0,7576.0,electron,-1
11,1225,-987.6670700950647,241.23441885833955,125.9845926656171,1016.7006866291034,2.9020361516019766,17,4,1819,16766,-12.549344873086449,22.984592665594114,0.0,7576.0,electron,-1
0,6,-9.10596636823848,30.121818299056816,3.186286498112291,31.46811975858876,1.8643661547867487,8,2,125,880,3.0846944130658986,-31.81371350185589,0.0,7576.0,positron,1
1,47,-19.081234074868064,69.47114270066932,7.297448426667847,72.04396686716152,1.8388502967878315,8,4,250,1229,-1.9256124849403198,-27.702551573304447,0.0,7576.0,positron,1
2,90,-26.616762239331017,111.93980444835813,11.665762108798761,115.0607311468241,1.804238755080215,8,6,405,1832,6.0623976675805,-23.334237891177903,0.0,7576.0,positron,1
3,92,-26.909232984335098,114.0715661844863,11.883633792785925,117.20251290645123,1.8024589430020217,8,6,406,1833,-8.327310461776223,-23.116366207190957,0.0,7576.0,positron,1
4,147,-31.64745361366064,168.25372230310685,17.392782117604558,171.20419501016846,1.7567176853426114,8,8,607,2762,4.289860145708622,-17.607217882377835,0.0,7576.0,positron,1
5,241,-27.852225548099142,261.2190635251752,26.824007556349315,262.69972519390217,1.677019018410454,13,2,431,5454,7.353894105284492,26.82400755632249,0.0,7576.0,positron,1
6,342,-6.962236639801994,359.6777611944299,37.02827351062374,359.7451384478544,1.5901507824482104,13,4,603,6466,-13.366146252420622,37.02827351058671,0.0,7576.0,positron,1
7,490,53.61850918035192,493.713786297259,51.96254426594275,496.6168012730731,1.4626178859817567,13,6,916,7955,-13.872989501494487,-51.0374557340062,0.0,7576.0,positron,1
8,494,55.26799256428499,496.37326984118505,52.279417271745416,499.4406611549722,1.4599094463715423,13,6,838,7877,-15.319343518960439,52.279417271693134,0.0,7576.0,positron,1
9,497,57.15677688846033,499.3789603688494,52.63885812168525,502.6392774180606,1.4568365121213556,13,6,915,7954,23.958339178592446,-50.361141878264384,0.0,7576.0,positron,1
10,500,58.8027087411616,501.96547421049144,52.9492835302889,505.397957905116,1.4541828880097973,13,6,837,7876,22.73498018176237,52.949283530235945,0.0,7576.0,positron,1
11,676,174.04182926505578,632.9919704361192,70.68567886236406,656.4825915213044,1.3024755920539233,13,8,1195,9872,-14.55333412092366,-32.31432113760363,0.0,7576.0,positron,1
12,683,179.44254971650523,637.4616100366338,71.39551301493273,662.2363119908616,1.2964014224019103,13,8,1194,9871,22.502586634126718,-31.60448698503566,0.0,7576.0,positron,1
13,888,356.3342697505991,736.0845832295558,92.00923702643603,817.7986460412621,1.1199541428965138,17,2,1402,13829,-4.783477180230378,-10.990762973552982,0.0,7576.0,positron,1
14,1224,685.4846813920917,749.9362699781309,125.8384205399267,1016.0185320415811,0.8302688527685629,17,4,1769,16716,-17.605362321315333,22.83842053990386,0.0,7576.0,positron,1
15,1235,695.6433832394922,747.2671186265569,126.90195780520635,1020.9445936118784,0.8211604130884058,17,4,1768,16715,15.584495278431572,23.901957805182448,0.0,7576.0,positron,1
0,7,31.507980467883304,-8.460091490565947,-4.897205303274901,32.624009275275505,-0.26231911075287473,8,2,104,859,-2.171878725252832,30.102794696694993,0.0,7601.0,electron,-1
1,47,69.98409783390603,-15.547024360242776,-10.773416588616296,71.69019400227421,-0.218600897818377,8,4,207,1186,5.491507646060948,24.226583411359474,0.0,7601.0,electron,-1
2,92,114.46892497334373,-17.975978301489395,-17.466039472624416,115.87178509218116,-0.15576593144992745,8,6,337,1764,2.981157119625194,17.533960527358047,0.0,7601.0,electron,-1
3,151,172.6156477042588,-11.989503791197338,-26.25211009091835,173.03152901572568,-0.06934642891562444,8,8,507,2662,-5.0789271048083675,8.747889909072901,0.0,7601.0,electron,-1
4,246,260.5522228565361,18.536476518657203,-40.27208475917582,261.2107612584305,0.0710233743472911,13,2,421,5444,-1.9856913489380366,-40.272084759135545,0.0,7601.0,electron,-1
5,355,346.6524964006438,82.76108691183998,-56.4688702120049,356.39493650671795,0.2343567296738985,13,4,535,6398,-16.625780930114157,46.531129787948565,0.0,7601.0,electron,-1
6,546,432.23215434947934,247.92820723336774,-84.7803966128919,498.29010746305596,0.520781233703649,13,6,748,7787,-1.4197253423820004,18.219603387089872,0.0,7601.0,electron,-1
7,981,252.45793727579104,605.6928441329292,-149.42381401611388,656.2002983292404,1.1758843450011887,13,8,989,9666,-16.79680835315071,-46.42381401606745,0.0,7601.0,electron,-1
8,1029,208.78633112603137,622.9963338859172,-156.4811232696698,657.0511122434556,1.2474273796378348,13,8,990,9667,-10.212879456461105,-53.481123269616326,0.0,7601.0,electron,-1
0,7,31.497696365843627,-8.642403917118997,-4.9028856416297435,32.66184351535462,-0.26779165886077594,8,2,104,859,-2.354480980524658,30.097114358340157,0.0,7601.0,positron,1
1,48,68.93649934790992,-22.27248956741241,-10.887276130703167,72.44518433874593,-0.3125007210374935,8,4,207,1186,-1.3150586571948983,24.112723869272717,0.0,7601.0,positron,1
2,92,107.60414086730152,-42.21989617856994,-17.423206172592945,115.59053060315665,-0.37390557081375053,8,6,335,1762,5.717901362572382,17.576793827389476,0.0,7601.0,positron,1
3,151,154.72530152527588,-76.70052517534509,-26.199520194831127,172.69304993039322,-0.46021826259589704,8,8,502,2657,-2.994686647494658,8.800479805160071,0.0,7601.0,positron,1
4,244,214.6476648614291,-146.51213419648795,-40.05538977169993,259.88348446423845,-0.5989321903992993,13,2,417,5440,-12.914153331875468,-40.05538977165987,0.0,7601.0,positron,1
5,355,257.3448589011145,-247.13720024825716,-56.54038716880924,356.7957008560805,-0.7651669861671665,13,4,526,6389,-12.940735910460845,46.4596128311443,0.0,7601.0,positron,1
6,363,258.94405405863915,-254.19104535751546,-57.62611762471442,362.85687353593005,-0.7761357434583143,13,4,525,6388,23.969800653440576,45.37388237524021,0.0,7601.0,positron,1
7,542,248.7164646116764,-429.10805775348837,-84.25040165436785,495.9774238792552,-1.045502417146966,13,6,729,7768,-19.348116802069946,18.7495983456134,0.0,7601.0,positron,1
8,550,246.13710311636265,-436.38916824501325,-85.40993543604885,501.0179434831545,-1.0572444661996416,13,6,728,7767,15.315031945345334,17.590064563933552,0.0,7601.0,positron,1
9,988,-94.72470016919823,-649.6413725769078,-150.3722456718695,656.5109913670549,-1.7155867185514362,13,8,942,9619,-14.334428289759693,-47.37224567182213,0.0,7601.0,positron,1
10,1024,-130.17368685308477,-644.0961575326567,-155.7608175437569,657.1187479423014,-1.7702130641676554,13,8,941,9618,-9.714048444820236,-52.760817543704135,0.0,7601.0,positron,1
0,11,-28.893883035354346,-14.846441761867133,38.79594461063118,32.48497052252395,-2.6669451550568284,8,2,114,869,-3.7448710480884326,3.7959446106273855,0.0,7617.0,electron,-1
1,73,-63.85489762719112,-33.872080968365985,86.33359454557257,72.28254159966015,-2.6538797622394172,8,4,259,1238,-0.2307321947106281,-18.666405454408764,0.0,7617.0,electron,-1
2,142,-101.85819685122237,-56.44389909051988,139.12517686270857,116.45173253465643,-2.6355750109632554,8,6,473,1900,-4.434888370743469,-35.874823137255554,0.0,7617.0,electron,-1
3,143,-102.28216958173765,-56.70731864120199,139.7212881840352,116.95025524479266,-2.6353620178136006,8,6,421,1848,-4.428671336532293,34.721288184000464,0.0,7617.0,electron,-1
4,228,-148.06076003692587,-86.74371844312016,205.1175141767037,171.59971256401175,-2.6116308653515388,8,8,709,2864,1.1027414297339324,30.117514176673588,0.0,7617.0,electron,-1
5,365,-218.46425064514355,-139.66386426519526,310.33016417843055,259.2925448049577,-2.572777291208462,13,2,524,5547,4.9914557853300545,1.33016417842922,0.0,7617.0,electron,-1
6,526,-295.234534177703,-208.37795005295771,433.4203081690633,361.36518957890536,-2.526981468150507,13,4,790,6653,-0.9094742212930436,21.420308169041853,0.0,7617.0,electron,-1
7,748,-390.1815991799794,-314.2709057057083,603.3917447675814,501.00686872709866,-2.4635387061633085,13,6,1257,8296,-3.3705628400649195,-14.60825523240402,0.0,7617.0,electron,-1
8,1004,-482.0853802664865,-450.42671959078467,799.7520609350463,659.7655216726608,-2.390131321572309,13,8,1849,10526,-12.368268375613159,-24.247939064929447,0.0,7617.0,electron,-1
9,1275,-556.4747042222094,-607.4643190634451,1007.4853109439422,823.8185451750953,-2.312414676243715,17,2,2416,14843,14.662828390577452,-22.5146890560353,0.0,7617.0,electron,-1
10,1556,-606.8753297719992,-780.1013663943962,1222.5,988.3601609414843,-2.23194317823291,18,2,15,18154,32.440144675034965,45.82746004566101,0.0,7617.0,electron,-1
0,11,-28.92850561859395,-14.807679551312095,38.811612317641135,32.498089344134804,-2.668492956903626,8,2,114,869,-3.796844428171808,3.811612317637323,0.0,7617.0,positron,1
1,74,-65.05763525317799,-32.2255209628122,86.7146914682797,72.60151586613186,-2.681681570073755,8,4,259,1238,-2.2697853202680536,-18.285308531702018,0.0,7617.0,positron,1
2,141,-104.81857142320388,-49.59547126906943,138.53678886715213,115.95966404574645,-2.6996504349628614,8,6,420,1847,2.228869001199151,33.53678886711859,0.0,7617.0,positron,1
3,229,-157.6240048285997,-69.90402838560335,206.11121337668737,172.42940608475593,-2.724169017571676,8,8,708,2863,-4.460849640883933,31.11121337665626,0.0,7617.0,positron,1
4,363,-239.65023312760871,-95.58240762957402,308.7861311437292,258.008199261929,-2.7620855651456786,13,2,523,5546,-3.4421721851261915,-0.21386885627056457,0.0,7617.0,positron,1
5,522,-339.08000100992774,-117.74857140461073,430.4894675505383,358.9428549960555,-2.8073618169739536,13,4,788,6651,-21.213122021412573,18.489467550519787,0.0,7617.0,positron,1
6,531,-344.9201102845364,-118.75777959726915,437.5675277106782,364.7921225760917,-2.8100001540780766,13,4,787,6650,18.841991723197104,25.56752771065261,0.0,7617.0,positron,1
7,747,-482.50370345645666,-133.46983740856226,602.9221820866271,500.623632429657,-2.8717216151280818,13,6,1252,8291,-6.1092589223060285,-15.077817913357803,0.0,7617.0,positron,1
8,1004,-647.0282325175376,-128.68120084066263,799.6704530208906,659.7002236808501,-2.945273912466599,13,8,1840,10517,-12.863466917481768,-24.329546979085077,0.0,7617.0,positron,1
9,1269,-814.3039933915271,-98.43202896627744,1002.8794583842997,820.2315880163396,-3.0212975662555506,17,2,2403,14830,-8.796575566909812,-27.12054161567317,0.0,7617.0,positron,1
10,1560,-989.9358954221026,-36.62171070583845,1225.5,990.6130560113683,-3.104615493480884,18,2,2,18141,25.609183015656953,48.28215614512279,0.0,7617.0,positron,1
0,40,-6.2502672680530935,31.120268982791703,189.7491828063012,31.741723054733548,1.769001685985399,8,2,157,912,0.05948018616691904,14.749182806286456,0.0,8000.0,electron,-1
1,289,-15.636048347820829,71.070083071519,435.0933771967069,72.76979260467904,1.7873550879778135,8,4,442,1421,-5.7237587437558,-19.90662280327318,0.0,8000.0,electron,-1
2,454,-22.94950991300218,97.23373857537906,597.5,99.90535482441442,1.8025786111802726,9,2,85,3332,0.38334899051254556,33.904632414704395,0.0,8000.0,electron,-1
3,556,-27.910175119938312,113.2968243041927,698.0,116.6839675047122,1.812332616228263,9,4,86,3441,-1.2293694387129914,-23.322195646200232,0.0,8000.0,electron,-1
4,678,-34.26546797581454,132.3376526763354,818.0,136.7017798402199,1.8241567745670795,9,6,86,3549,-3.0564362175420072,-3.33208010460719,0.0,8000.0,electron,-1
5,820,-42.26951798408492,154.34617909477467,958.0,160.02954462149523,1.8381040278045961,9,8,86,3657,-5.8090083794960785,19.92438992285335,0.0,8000.0,electron,-1
6,1365,-78.77407848494447,236.4671684592181,1495.5,249.24300832776117,1.8923629970346092,14,4,137,11126,6.852838342617204,-68.85084647201369,0.0,8000.0,electron,-1
7,1368,-79.00302143365236,236.91375231408455,1498.5,249.7390706941658,1.8926675683418221,14,4,134,11123,-22.237403760956987,-69.25266341588558,0.0,8000.0,electron,-1
8,1669,-103.01390874781012,280.40071270502347,1795.5,298.7246643332071,1.9228706977603223,14,6,137,11296,-0.8990072912959883,-19.276310968051373,0.0,8000.0,electron,-1
9,2024,-134.64325615547295,329.65615224464426,2145.5,356.09266369990326,1.9585534183003657,14,8,137,11466,-13.774534256526639,37.82653263046508,0.0,8000.0,electron,-1
10,2436,-175.6453883394888,383.77507674895077,2551.5,422.05996253920233,2.0000168590172347,14,10,139,11638,-15.41083920641998,-48.22105740197675,0.0,8000.0,electron,-1
11,2439,-175.96495410113877,384.16202601815377,2554.5,422.5448228368069,2.0003234405479975,14,10,142,11641,31.817875410837686,-48.654887155921955,0.0,8000.0,electron,-1
12,2845,-220.65645905946874,433.9367967950904,2954.5,486.81661489460953,2.0412200541142496,14,12,142,11811,16.779839980363523,16.527287644554526,0.0,8000.0,electron,-1
0,40,-6.197084900928325,31.13886336859899,189.79585486833145,31.749530282471735,1.7672440980880064,8,2,157,912,0.003140898307224448,14.795854868316649,0.0,8000.0,positron,1
1,280,-12.66904043076879,70.03610101297545,425.53921079098603,71.17274780796478,1.7497541051161656,8,4,441,1420,5.800044056696087,-29.460789208984504,0.0,8000.0,positron,1
2,454,-16.200002761274604,98.58316201627353,597.5,99.9053548244144,1.733668970980137,9,2,85,3332,7.2613834666338075,33.64113258690604,0.0,8000.0,positron,1
3,560,-17.853169185051968,115.98554086629262,702.0,117.35152892057489,1.7235234758855362,9,4,84,3439,-1.6577450103675646,-22.65972771615557,0.0,8000.0,positron,1
4,682,-19.290987409760852,136.0074181678273,822.0,137.3687009180832,1.7116942430288882,9,6,84,3547,-0.3156314392783777,-2.6312074740980784,0.0,8000.0,positron,1
5,824,-20.345071804869974,159.40248082517908,962.0,160.69559060524,1.697743307312982,9,8,84,3655,1.8725621525518736,20.685135709536116,0.0,8000.0,positron,1
6,1365,-18.200523066009357,248.57758981934833,1495.5,249.24300832776137,1.6438845851258004,14,4,131,11120,10.780560543954778,-68.99044797223571,0.0,8000.0,positron,1
7,1368,-18.160886000278882,249.0778706566894,1498.5,249.73907069416597,1.6435800138185872,14,4,128,11117,-18.160886000260845,-68.92212934324168,0.0,8000.0,positron,1
8,1669,-12.716019387399092,298.45389582300066,1795.5,298.7246643332071,1.6133768844000864,14,6,131,11290,22.018271882544667,-20.088101146790315,0.0,8000.0,positron,1
9,1672,-12.645693949780204,298.9507925381153,1798.5,299.2181310259102,1.6130713767063245,14,6,128,11287,-12.645693949767708,-19.04920746186565,0.0,8000.0,positron,1
10,2027,-2.3504652098410057,356.5747650439261,2148.5,356.58251184380003,1.57738801918951,14,8,128,11457,-2.3504652098388354,38.57476504388753,0.0,8000.0,positron,1
11,2436,14.58585249434994,421.8078530392801,2551.5,422.05996253920347,1.5362307231431744,14,10,126,11625,-9.08801903956195,-48.03828869003027,0.0,8000.0,positron,1
12,2842,36.665154160374016,484.95342188104803,2951.5,486.33749076514937,1.4953343763738822,14,12,126,11795,9.415951213227318,16.245935745554917,0.0,8000.0,positron,1
0,7,-1.432414093395868,-31.904406278349914,-15.375784425087092,31.936545682164382,-1.6156632577830754,8,2,100,855,4.86697082718116,19.624215574893284,0.0,8632.0,electron,-1
1,10,-1.5271639215183896,-34.36402992621524,-16.56084251341414,34.39794735755324,-1.6152078740069247,8,2,101,856,-8.282951576887058,18.439157486567417,0.0,8632.0,electron,-1
2,51,-2.327511166104989,-71.7031373374386,-34.542559113144954,71.7409033415382,-1.6032453142141199,8,4,200,1179,4.758390268366704,0.4574408868545889,0.0,8632.0,electron,-1
3,100,-1.7374980600991066,-115.61678321946593,-55.68783115546916,115.62983811078276,-1.585823273824319,8,6,325,1752,5.298272012394629,-20.68783115544847,0.0,8632.0,electron,-1
4,162,1.4154552660832973,-171.55053152625783,-82.66233874911578,171.55637085387374,-1.562545561645722,8,8,410,2565,1.4294408984970177,22.337661250861885,0.0,8632.0,electron,-1
5,258,11.493374980973101,-257.0739134377296,-124.13167847379643,257.33071064030145,-1.526117634301193,13,2,371,5394,-8.810811911664445,-21.131678473775292,0.0,8632.0,electron,-1
6,377,32.81224334446686,-362.1122385658953,-175.75139725517897,363.5958149270979,-1.4804296537377717,13,4,463,6326,12.598243336053192,30.248602744790777,0.0,8632.0,electron,-1
7,532,74.82937891983956,-495.06839157240694,-242.92326043268895,500.6916698764011,-1.4207822866720257,13,6,646,7685,-5.617267585667876,-36.92326043265202,0.0,8632.0,electron,-1
8,710,142.30653402482722,-640.381606940227,-320.11960221079545,656.0028598516219,-1.3521281096944946,13,8,744,9421,-18.395874895314524,-11.119602210784329,0.0,8632.0,electron,-1
9,905,238.10186602779746,-787.0058428916468,-404.5217620271687,822.2351825065081,-1.2770095873907532,17,2,756,13183,4.828758857552167,7.478237972823845,0.0,8632.0,electron,-1
10,1140,381.909257791966,-942.9154200057704,-506.780416269577,1017.3220583826288,-1.1859610726761822,17,4,808,15755,-8.090861253844587,8.219583730414762,0.0,8632.0,electron,-1
0,7,-1.4737763895583496,-31.90207306342665,-15.375568337485772,31.93609685905013,-1.6169603897403835,8,2,100,855,4.825542775866774,19.6244316624946,0.0,8632.0,positron,1
1,10,-1.6046752454940194,-34.39113055261374,-16.57557495820029,34.42854692446986,-1.617422076446433,8,2,101,856,-8.365063995531454,18.424425041781287,0.0,8632.0,positron,1
2,52,-4.214435328535781,-71.78210439361648,-34.62193674899655,71.90571588068966,-1.6294405099286693,8,4,200,1179,2.8698144582072573,0.3780632510030684,0.0,8632.0,positron,1
3,101,-8.890691305335912,-116.18727340645869,-56.12022460852029,116.52693634312179,-1.64716785191111,8,6,325,1752,-1.8776343872913006,-21.120224608499168,0.0,8632.0,positron,1
4,163,-17.122049295109317,-171.38952015474982,-82.9936140887146,172.24265496949224,-1.670367333117,8,8,409,2564,-3.307792212136959,22.006385911263397,0.0,8632.0,positron,1
5,257,-34.663402934246186,-254.35775587221832,-123.83046841113514,256.70882235586083,-1.7062401083694643,13,2,370,5393,-14.765637052390492,-20.83046841111431,0.0,8632.0,positron,1
6,374,-64.68611611844025,-355.030289437223,-174.4255388066083,360.8750476776784,-1.7510183041359955,13,4,461,6324,-4.3511804879977936,31.574461193360122,0.0,8632.0,positron,1
7,533,-119.8979507052115,-486.9761671026878,-243.33106137755615,501.51899855273103,-1.8122038884910947,13,6,641,7680,0.12880271183602443,-37.33106137751882,0.0,8632.0,positron,1
8,713,-201.23565163535517,-626.718508013166,-321.23898716530556,658.2339065828763,-1.8814914794664417,13,8,735,9412,-1.7946052268855088,-12.238987165293318,0.0,8632.0,positron,1
9,905,-308.84355895491944,-762.3024323362241,-404.65272195792403,822.489721670529,-1.9557307733336153,17,2,743,13170,6.458396629393251,7.347278042068623,0.0,8632.0,positron,1
10,1142,-466.9577533385363,-904.9783744720895,-507.3301089208727,1018.3493514826426,-2.047152175118356,17,4,787,15734,-1.0123443381812507,7.669891079119626,0.0,8632.0,positron,1
0,8,9.927250095062673,-30.359172584664307,-24.270198628706055,31.941034023264724,-1.2547624927227876,8,2,101,856,3.851399777393428,10.729801371283214,0.0,8954.0,electron,-1
1,58,24.026548965083457,-67.72176803458183,-54.61987681558484,71.85758777541355,-1.229866631705176,8,4,202,1181,3.3662759229980788,-19.619876815565217,0.0,8954.0,electron,-1
2,115,42.88697535377198,-108.4661915324032,-88.74356280533574,116.63707541146178,-1.1942661853406527,8,6,277,1704,-5.460900550772554,16.256437194648,0.0,8954.0,electron,-1
3,184,70.2032249691959,-156.26702404349334,-130.59242057580684,171.31221672573517,-1.1485648683738818,8,8,415,2570,3.3667927995792617,-25.592420575781247,0.0,8954.0,electron,-1
4,297,124.1723217013669,-228.2300477111715,-199.00933238777344,259.8224781556657,-1.07252000205184,13,2,334,5357,-13.527351221232204,6.990667612219569,0.0,8954.0,electron,-1
5,424,196.759027808845,-297.77270350039896,-275.48601968508217,356.90712793977417,-0.9868877130490225,13,4,412,6275,-11.978082802331432,33.513980314884314,0.0,8954.0,electron,-1
6,618,328.7727497594772,-377.82962326329186,-393.1436366592174,500.84602943388586,-0.8547133596622211,13,6,497,7536,-4.508152504905841,18.856363340763735,0.0,8954.0,electron,-1
7,848,505.258518604398,-423.94891869052765,-532.3181349041031,659.5595926686067,-0.6981162327211267,13,8,550,9227,6.858534931736376,-17.31813490408577,0.0,8954.0,electron,-1
8,1101,705.261979176174,-409.1352358197719,-685.4648202584872,815.3441607448933,-0.5256721570092354,17,2,411,12838,-23.29517996794258,35.53517974147728,0.0,8954.0,electron,-1
9,1516,986.240409718484,-244.83395818181006,-936.1071520280759,1016.1760737395147,-0.2433307138221877,17,4,223,15170,-16.42130086086393,-9.107152028066809,0.0,8954.0,electron,-1
0,8,9.8490925676633,-30.386499146018714,-24.271558199105108,31.942823212067474,-1.257353997801218,8,2,101,856,3.76860279650266,10.728441800884163,0.0,8954.0,positron,1
1,59,20.554116821620894,-69.33335370197544,-54.96861999330936,72.31587414862707,-1.2825963503166475,8,4,202,1181,-0.46190815751205383,-19.96861999328939,0.0,8954.0,positron,1
2,115,29.199191824942524,-112.98768383334742,-88.7913318587811,116.69965510340752,-1.3179012042051514,8,6,276,1703,-5.793792661804487,16.208668141202683,0.0,8954.0,positron,1
3,183,35.218203351029445,-167.14482614023365,-130.21054937576275,170.81485518749065,-1.363129276348295,8,8,412,2567,8.02883117888424,-25.21054937573754,0.0,8954.0,positron,1
4,186,35.338450840206605,-169.07234111112362,-131.6780016203042,172.72597556992358,-1.364748874580197,8,8,413,2568,-6.2109427475104395,-26.67800162027752,0.0,8954.0,positron,1
5,302,33.60764125242408,-261.6310481379464,-202.09410039269397,263.7807401997198,-1.443041603313908,13,2,331,5354,13.124036326294624,3.9058996073021195,0.0,8954.0,positron,1
6,425,15.983945602197151,-357.54823970940225,-276.2823732896607,357.90533697656167,-1.5261217661632018,13,4,407,6270,-4.135573150125224,32.71762671030657,0.0,8954.0,positron,1
7,618,-43.42923275111488,-499.15215707358044,-393.3049201041052,501.0378969385039,-1.6575837725465152,13,6,487,7526,-3.15881523421862,18.695079895876123,0.0,8954.0,positron,1
8,847,-158.22733004138476,-639.6112083363793,-531.7037203933431,658.891786108727,-1.813308047216751,13,8,532,9209,2.590548055384668,-16.703720393326428,0.0,8954.0,positron,1
9,1102,-329.8446380619466,-746.1722292437456,-685.9750842560792,815.8250308447256,-1.9870185038110304,17,2,383,12810,-19.407088000667613,35.024915743885785,0.0,8954.0,positron,1
10,1112,-337.17125398700136,-749.0561895769965,-691.9579537164167,821.443625368641,-1.9937567920720514,17,2,382,12809,18.35704451630421,29.042046283554274,0.0,8954.0,positron,1
11,1516,-653.0838988361864,-778.5275315430422,-936.1146452536119,1016.1809367871338,-2.2687936425857425,17,4,174,15121,-16.381953403594064,-9.114645253602795,0.0,8954.0,positron,1
12,1529,-663.1620563855658,-776.5787291928381,-943.9143949599461,1021.2044044481476,-2.277581078190855,17,4,173,15120,17.15266150321895,-16.91439495992918,0.0,8954.0,positron,1
0,11,6.985355879914646,31.09526700004304,45.61408950863754,31.87021848957148,1.3498210402967956,8,2,124,879,-0.7924937364725393,10.614089508626925,0.0,9001.0,electron,-1
1,81,14.886646171566193,70.08696227068953,102.55743056303001,71.65050254234414,1.3615042208856585,8,4,279,1258,6.1598492087619805,-2.442569436967547,0.0,9001.0,electron,-1
2,85,15.286036075693277,72.24544666014059,105.69918756859441,73.84488785305733,1.3622867856938548,8,4,280,1259,-8.211477396092066,0.6991875685937117,0.0,9001.0,electron,-1
3,158,22.20703043298702,113.79859500588121,165.9940682597921,115.94512678833976,1.3780750272452487,8,6,506,1933,-1.343673203150976,-9.005931740198893,0.0,9001.0,electron,-1
4,257,29.27356406696685,169.98432058092138,247.05013688586848,172.4865525092906,1.4002558083585346,8,8,837,2992,-1.6431300745283952,2.0501368858664324,0.0,9001.0,electron,-1
5,410,35.117565092674475,257.2978708811148,372.32284415359425,259.68334127932246,1.4351484548655058,13,2,590,5613,-14.990239288086647,-39.67715584636607,0.0,9001.0,electron,-1
6,581,34.33132195504727,354.9609473732385,512.1433812370317,356.6173212664917,1.474377640605604,13,4,882,6745,-14.537691115603776,-2.856618762965453,0.0,9001.0,electron,-1
7,828,19.554369824785603,495.54464843945027,714.5716750073717,495.9303095962404,1.5313564299895956,13,6,1385,8424,-19.776437548005102,-6.428324992621862,0.0,9001.0,electron,-1
8,839,18.489249077680615,501.9596037581565,723.878746857755,502.3000061084033,1.5339788340045717,13,6,1384,8423,22.21105712519321,2.8787468577521254,0.0,9001.0,electron,-1
9,1114,-17.53208196503741,655.2119666288874,949.3501016095332,655.4464853149516,1.5975478216149572,13,8,2016,10693,-23.096002263276084,22.350101609510872,0.0,9001.0,electron,-1
10,1126,-19.43875624598529,661.4378782912197,958.6694081893002,661.7234558958759,1.6001765050655667,13,8,2015,10692,19.659511012333972,31.669408189268484,0.0,9001.0,electron,-1
11,1442,-85.2683180163423,829.7009969550564,1217.5,834.0709984201288,1.6732067309713,18,2,75,18214,-30.820689361134747,5.5015446499603,0.0,9001.0,electron,-1
12,1789,-185.23103009738244,1001.6708728536861,1502.5,1018.6535583967706,1.7536527204358634,18,4,78,18315,69.69397709431348,74.26690976765916,0.0,9001.0,electron,-1
13,1793,-186.4282016097899,1003.3914329888421,1505.5,1020.5634924642673,1.7544996522140648,18,4,76,18313,-59.19978807553127,76.84506171799912,0.0,9001.0,electron,-1
0,12,7.024023780329834,31.093085773886116,45.62320663635687,31.87658847820573,1.34862248824161,8,2,124,879,-0.8312231086603704,10.623206636346245,0.0,9001.0,positron,1
1,81,16.633991425300195,69.81478537497487,102.7271296851029,71.76903181519705,1.3368983043319427,8,4,279,1258,4.391433053468959,-2.2728703148948317,0.0,9001.0,positron,1
2,157,28.476680445547817,111.48341414970892,164.73014786885665,115.06290870507908,1.3207096667143294,8,6,505,1932,6.0384577904591,-10.269852131133081,0.0,9001.0,positron,1
3,161,29.09441826111243,113.51435885544842,167.76841133072145,117.18359458693898,1.319891409537439,8,6,506,1933,-8.236923618167674,-7.231588669271319,0.0,9001.0,positron,1
4,258,46.64499187405241,166.69179620407155,247.92314604408134,173.095090018955,1.2979473493297253,8,8,836,2991,-5.451035747216658,2.9231460440784116,0.0,9001.0,positron,1
5,410,78.46913066548434,247.20220172486296,371.85399977575713,259.35753894000595,1.2634273667160205,13,2,589,5612,-18.80398781180777,-40.146000224202716,0.0,9001.0,positron,1
6,421,81.0468205453911,253.0681660272858,381.02447656994576,265.7293430860256,1.2608603833927177,13,2,588,5611,22.21742422741226,-30.97552343002326,0.0,9001.0,positron,1
7,579,120.76606869203245,334.6061915821254,510.86405600388844,355.73269008122196,1.224426532170389,13,4,880,6743,-23.681317088620254,-4.135943996107428,0.0,9001.0,positron,1
8,589,123.40450546409912,339.5262961464917,518.8545536770233,361.2572182583956,1.2221803755586682,13,4,879,6742,16.10090542736146,3.8545536770194637,0.0,9001.0,positron,1
9,832,196.22665970545023,458.0969320763552,718.1139064395414,498.3549951158585,1.166090077207376,13,6,1380,8419,-0.9771880883130184,-2.886093560455676,0.0,9001.0,positron,1
10,1124,300.4638629351452,588.4359653643302,957.1617236432938,660.7082701647989,1.0986933193235509,13,8,2007,10684,13.827892279631575,30.161723643263674,0.0,9001.0,positron,1
11,1438,431.1691720222659,711.6732497414524,1214.5,832.0971513590982,1.0260844677379934,18,2,65,18204,-36.880190933280254,3.2794046003353543,0.0,9001.0,positron,1
0,19,-1.007887142642079,31.546159615681546,-88.4856748388638,31.562256303856994,1.602735061087107,8,2,92,847,7.213456436265291,16.514325161119682,0.0,9413.0,electron,-1
1,23,-1.1084852216796308,32.91801293959866,-92.34185287260415,32.93667128563946,1.6044577303819296,8,2,93,848,-5.387519533548979,12.65814712738319,0.0,9413.0,electron,-1
2,141,-8.971737858460765,71.44324110875127,-202.8519032835177,72.0043663976297,1.6957209193782485,8,4,153,1132,1.944901896512195,-27.851903283489833,0.0,9413.0,electron,-1
3,280,-30.23260388015866,113.04593229708216,-334.3024634815563,117.01877262341743,1.8321172668465306,8,6,146,1573,-4.81498304304946,-19.302463481536982,0.0,9413.0,electron,-1
4,824,-190.90831403901086,176.70820492431764,-846.4552032558397,260.13799041430343,2.3948028010612457,13,2,116,5139,-10.502514269741438,-22.45520325581725,0.0,9413.0,electron,-1
5,1216,-295.7542425633752,103.41674899915971,-1215.5,313.3138936718112,2.8052107574281533,12,12,162,5015,-14.249009194708348,-5.010597617185223,0.0,9413.0,electron,-1
6,1219,-296.3079939584563,102.50103082922226,-1218.5,313.5361041486893,2.8085506524351214,12,12,159,5012,23.243056258342985,-5.326759485746454,0.0,9413.0,electron,-1
0,19,-0.7375070717477598,31.530907686391014,-88.42192545811132,31.539531642188187,1.5941820354703966,8,2,92,847,6.942646532303575,16.578074541872102,0.0,9413.0,positron,1
1,24,-0.7097443827652536,33.057426459468886,-92.70207593949314,33.06504470301016,1.592263072203617,8,2,93,848,-5.809929744292505,12.297924060494559,0.0,9413.0,positron,1
2,140,5.005319900496396,71.81520261116422,-202.8091521039553,71.98941973226951,1.5012116361610435,8,4,152,1131,2.0782376153367057,-27.809152103927502,0.0,9413.0,positron,1
3,279,23.740682564465857,114.23102093933525,-333.26448238818585,116.6719595852816,1.3658829668150119,8,6,142,1569,-2.788454095085025,-18.26448238816759,0.0,9413.0,positron,1
4,822,180.0007274671211,187.10807684208825,-844.0515768193864,259.6337695836919,0.8047560798867651,13,2,106,5129,-15.530685651833796,-20.0515768193663,0.0,9413.0,positron,1
5,849,189.02287366661503,185.6090535284003,-869.6944231316537,264.9157743904535,0.7762859511059236,13,2,105,5128,18.5860373427478,-45.69442313160801,0.0,9413.0,positron,1
6,1219,290.1898746121531,118.7212082035913,-1218.5,313.5361041486891,0.3883398795830061,12,12,97,4950,-5.92616506493487,-4.520026700577831,0.0,9413.0,positron,1
0,13,-31.770827293364274,3.8004486379063103,-54.767522137890225,31.997326087567757,3.0225376587839468,8,2,112,867,2.495171731723597,-19.767522137870454,0.0,9577.0,electron,-1
1,92,-71.42873688188077,7.611872243061276,-122.96336635052212,71.83317514620693,3.0354273609868003,8,4,192,1171,-0.5796491733287269,-17.963366350504156,0.0,9577.0,electron,-1
2,182,-116.29354794885516,10.223233663020254,-199.89022910510099,116.74203956185357,3.053909197884556,8,6,260,1687,-3.214407895923542,-24.89022910507609,0.0,9577.0,electron,-1
3,293,-172.51308414333863,10.964432725592259,-296.1354302228703,172.86116679474506,3.078120918508466,8,8,234,2389,-4.048737814645033,18.864569777110837,0.0,9577.0,electron,-1
4,475,-264.03543082387995,6.1517910273953476,-453.04728931954736,264.10708673414393,3.1182977563599374,13,2,280,5303,14.74880543734765,-41.04728931950631,0.0,9577.0,electron,-1
5,666,-359.6769457055953,-6.953577536173043,-618.3302148187175,359.7441556337744,-3.1222622197290777,13,4,225,6088,-13.3748436714456,-0.330214818717206,0.0,9577.0,electron,-1
6,948,-497.27456254155703,-40.93297995627924,-861.0815001474705,498.956410319577,-3.0594631678043243,13,6,158,7197,-19.5244257426239,-37.081500147433395,0.0,9577.0,electron,-1
7,961,-503.59950912111543,-42.94560747615175,-872.4423332463562,505.4273348252191,-3.056521172553469,13,6,157,7196,22.889856552871677,-48.44233324630771,0.0,9577.0,electron,-1
8,1358,-687.9557793220857,-120.9073076308119,-1215.5,698.4996287337525,-2.96762066421407,12,12,4,4857,11.798788418653656,76.40011913722941,0.0,9577.0,electron,-1
9,1681,-825.8045244750062,-207.63237329355564,-1494.5,851.5070845758746,-2.8952681724381164,16,10,4,12235,42.5360600561271,22.444144025511086,0.0,9577.0,electron,-1
10,2042,-962.887042249791,-326.5906896055572,-1805.5,1016.7659193096433,-2.814590606522717,16,8,5,12138,13.057689176641027,74.68229677176372,0.0,9577.0,electron,-1
0,13,-31.768369435037886,3.8440205622103014,-54.77225381003121,32.000090478680605,3.0211765552691623,8,2,112,867,2.4515305395411935,-19.772253810011435,0.0,9577.0,positron,1
1,93,-71.51189383639804,9.598914363504042,-123.51141630682449,72.15324051646017,3.008161967135751,8,4,192,1171,-2.568430575969641,-18.511416306805973,0.0,9577.0,positron,1
2,180,-114.48994170406345,17.46671733969551,-198.30095392042057,115.81464918577731,2.990198858330661,8,6,259,1686,3.4908515674827885,-23.300953920397266,0.0,9577.0,positron,1
3,291,-169.04443849394679,29.972907549642052,-294.1098870252716,171.68109206523923,2.966108586545565,8,8,232,2387,4.489948880168083,20.89011297470753,0.0,9577.0,positron,1
4,471,-256.2928549296189,56.07521633912134,-450.02904258118303,262.3555933755824,2.9261934199630213,13,2,279,5302,5.364739389773555,-38.029042581145,0.0,9577.0,positron,1
5,672,-350.4911023935801,93.2839167701847,-623.4424443995964,362.69257227720254,2.8814707976305134,13,4,278,6141,7.474034676281837,-5.442444399590968,0.0,9577.0,positron,1
6,947,-473.32936605178185,157.68481156406952,-860.9894938198908,498.90398732118564,2.820016363044103,13,6,231,7270,-19.995248188348327,-36.98949381985376,0.0,9577.0,positron,1
7,959,-478.48143335398214,160.82394289943383,-871.3158674834647,504.7859176662931,2.8173422768420084,13,6,230,7269,19.51756227469951,-47.31586748341735,0.0,9577.0,positron,1
8,1362,-640.9530426464527,281.80020957059907,-1218.5,700.1658096421011,2.727372242932759,12,12,161,5014,-33.385981269375804,77.36935996436523,0.0,9577.0,positron,1
9,1685,-754.1155970780992,398.9230068773469,-1497.5,853.1294738622747,2.6550193917886102,16,10,91,12322,-24.246562572270303,24.78454500781805,0.0,9577.0,positron,1
10,2038,-857.050180908725,544.1502806039824,-1802.5,1015.2017240317665,2.575898306859021,16,8,90,12223,-0.21073236661424488,73.20153738637855,0.0,9577.0,positron,1
0,23,27.470333150315547,-15.41658941342747,-109.25716619129209,31.500641779676954,-0.5114079758718973,8,2,87,842,2.467430471051137,-4.257166191287828,0.0,9677.0,electron,-1
1,168,63.1889757465683,-34.065649518190334,-249.02598904877942,71.78659438221442,-0.49444198722363514,8,4,110,1089,-0.2587121783704195,-4.025989048775396,0.0,9677.0,electron,-1
2,331,103.99564187826384,-52.85905418659963,-404.866484097294,116.65836077698837,-0.47025078795059183,8,6,75,1502,-5.575386488268328,-19.86648409727414,0.0,9677.0,electron,-1
3,532,155.84030243806572,-73.14987411522085,-598.0,172.15430272595702,-0.43886110991478744,7,14,48,695,-3.9698666348813934,32.10866952039834,0.0,9677.0,electron,-1
4,847,239.34274658646848,-98.06191431074218,-900.3642215214429,258.6524490157435,-0.3888517928619507,13,2,58,5081,1.006385159048547,26.635778478530447,0.0,9677.0,electron,-1
5,1178,329.44446819480834,-115.00231149896808,-1218.5,348.9400941053718,-0.3358545430134912,12,12,77,4930,-15.685403856915835,30.58706146182842,0.0,9677.0,electron,-1
6,1472,410.71301720312385,-121.92726814784208,-1501.5,428.4290387194702,-0.28858029373024396,12,10,78,4761,-3.461762394091359,-41.584897778451435,0.0,9677.0,electron,-1
7,1785,497.16452767148627,-120.82133953001113,-1801.5,511.63499065313965,-0.23839932940357023,12,8,78,4591,21.533837919485357,41.18168186163088,0.0,9677.0,electron,-1
8,2146,596.419021646353,-108.71988967104079,-2148.5,606.2471969351085,-0.18030801743740293,12,6,82,4425,-14.080884032766145,-15.916202290256841,0.0,9677.0,electron,-1
9,2975,814.1163134244422,-38.250109848145456,-2944.5,815.014381889792,-0.04694906767721859,16,2,48,11887,15.077562779982145,-13.124907252719492,0.0,9677.0,electron,-1
0,23,27.44892379194855,-15.461018015432616,-109.2679597423384,31.503753671740945,-0.5129703967189133,8,2,87,842,2.418112509801574,-4.267959742334137,0.0,9677.0,positron,1
1,170,62.29373532712087,-36.51153149274444,-250.47912239069194,72.2052726118464,-0.5301502296281264,8,4,110,1089,-2.8632839362698896,-5.479122390686462,0.0,9677.0,positron,1
2,328,98.59781334725255,-60.956058365057885,-402.2960555090023,115.91880713785834,-0.553715684183975,8,6,74,1501,-1.1680724092670183,-17.296055508985017,0.0,9677.0,positron,1
3,532,143.47799464993676,-95.13763187242547,-598.0,172.15430272595697,-0.585516591764397,7,14,45,692,2.5961328698528305,32.1344307884828,0.0,9677.0,positron,1
4,837,206.36061289985133,-151.74996677857433,-891.5871392070223,256.14986818989524,-0.6340674511645549,13,2,57,5080,-21.80953319158491,35.41286079294224,0.0,9677.0,positron,1
5,858,210.45594703188058,-155.84689432807187,-911.6789674557222,261.87775795739304,-0.6374064230509326,13,2,56,5079,18.379395473636052,15.321032544262518,0.0,9677.0,positron,1
6,1175,268.90292039132146,-221.0427664793724,-1215.5,348.09292611001985,-0.6880224967443959,12,12,68,4921,-16.72606916370684,29.691262263464875,0.0,9677.0,positron,1
7,1178,269.44638961799683,-221.7156566327533,-1218.5,348.9400941053726,-0.6885231586656931,12,12,65,4918,23.635198581104675,30.138474973834263,0.0,9677.0,positron,1
8,1472,317.5926410373076,-287.5523527586544,-1501.5,428.4290387194707,-0.7357974079489404,12,10,66,4749,-2.7844477556385563,-41.58021645136078,0.0,9677.0,positron,1
9,1785,361.57060220013614,-361.9904187755103,-1801.5,511.63499065313977,-0.7859783722756142,12,8,66,4579,-28.984009542548897,40.81316740030516,0.0,9677.0,positron,1
10,1788,361.9721630183061,-362.7565054974878,-1804.5,512.460856145033,-0.7864804197052608,12,8,63,4576,28.180174305992306,41.685261899661654,0.0,9677.0,positron,1
11,2143,402.49623948421976,-452.2736172546212,-2145.5,605.437567106236,-0.8435672970728184,12,6,61,4404,28.173665207010067,-17.218289784409773,0.0,9677.0,positron,1
12,2146,402.8069120304093,-453.0808486486747,-2148.5,606.2471969351093,-0.8440696842417815,12,6,64,4407,-35.549041499682595,-16.795369492168646,0.0,9677.0,positron,1
13,2978,455.80612777664027,-676.5584001145668,-2947.5,815.7760077890972,-0.9779314067928971,16,2,34,11873,3.113447960206045,-12.22998291869741,0.0,9677.0,positron,1
0,17,11.442896203767111,-29.829250544405298,72.51243557600462,31.948772457969202,-1.2044957661662283,8,2,133,888,5.457015078634051,-32.48756442396289,0.0,9730.0,electron,-1
1,22,12.294631828870719,-31.836914211251784,77.46208389799004,34.12839108868285,-1.2022642554933392,8,2,134,889,-7.538751559327515,-27.537916101982418,0.0,9730.0,electron,-1
2,118,30.670853554807373,-65.5801813005173,164.78858870448562,72.39793807277358,-1.1333334401151576,8,4,299,1278,-3.903157081229824,-10.211411295504169,0.0,9730.0,electron,-1
3,229,59.55635056887035,-99.96060126789976,266.89963845689846,116.35755540110932,-1.0334720818525929,8,6,538,1965,-0.7535302017372241,21.899638456876556,0.0,9730.0,electron,-1
4,375,107.0638267284039,-134.12511905290563,400.1462892484225,171.61646353041365,-0.897130425653743,8,8,964,3119,5.066215763226003,15.14628924840733,0.0,9730.0,electron,-1
5,380,108.95982019413513,-135.10644656290322,404.99161657808276,173.56841394560496,-0.8921203438647682,8,8,965,3120,-8.114012689169586,19.99161657806276,0.0,9730.0,electron,-1
6,647,212.76588429991227,-157.77082310162353,648.823156495206,264.87913119777375,-0.6380537969272184,13,2,656,5679,18.41768296345658,30.82315649517521,0.0,9730.0,electron,-1
7,997,341.2134293535372,-106.37830477797296,968.8723207099948,357.4114549068575,-0.30221485261284214,13,4,1090,6953,-7.848965986709271,41.872320709952945,0.0,9730.0,electron,-1
8,1015,346.80863886244157,-101.30276182180366,986.01828564756,361.30109540706417,-0.28419331218089633,13,4,1146,7009,-1.3499334571535528,-43.981714352396025,0.0,9730.0,electron,-1
9,1273,401.98460912887435,-14.695707378249141,1221.5,402.25314143191105,-0.036541612426685986,14,2,84,10903,-7.8668399643489,-67.82418742858722,0.0,9730.0,electron,-1
10,1582,404.3963467378718,108.1253627857218,1504.5,418.6018386635216,0.2612633272660572,14,4,94,11083,8.052043320471245,-51.47555980676668,0.0,9730.0,electron,-1
0,17,11.224316768956426,-29.90567343718239,72.49859436785506,31.942676635831145,-1.2117416380935968,8,2,133,888,5.22546070518697,-32.50140563211243,0.0,9730.0,positron,1
1,23,11.969814116927317,-32.12704287286383,77.81651715656788,34.284447403285114,-1.2141511599000447,8,2,134,889,-7.9742755957256986,-27.18348284340493,0.0,9730.0,positron,1
2,116,20.474436690555077,-68.82454536645112,163.42806024193249,71.80543574614833,-1.2816462392392916,8,4,298,1277,-0.3896757541566266,-11.571939758055942,0.0,9730.0,positron,1
3,229,21.768221813749324,-114.07524891254978,266.3724309969396,116.13362086576299,-1.3822398321182328,8,6,535,1962,0.8574885463740893,21.37243099691824,0.0,9730.0,positron,1
4,379,8.26752368372363,-172.9449287210505,403.933244795581,173.14242783959733,-1.5230283201936698,8,8,957,3112,-5.731719002757792,18.933244795562068,0.0,9730.0,positron,1
5,641,-52.679703226960996,-257.6712397758319,643.3519302041854,263.00117668880296,-1.7724626459356136,13,2,649,5672,9.029361345595959,25.351930204159995,0.0,9730.0,positron,1
6,994,-183.59522141855098,-305.9484324250235,966.2560832770113,356.8075792791626,-2.1112787004459053,13,4,1074,6937,-12.838351532642026,39.256083276972014,0.0,9730.0,positron,1
7,1006,-188.4606511323413,-305.95127731962106,977.2987749519857,359.3377257104154,-2.122884896114414,13,4,1130,6993,-17.143467984860862,-52.701225047961586,0.0,9730.0,positron,1
8,1029,-197.9839963652519,-305.6282003476648,998.9269974906049,364.1514240868878,-2.1456189208946084,13,4,1129,6992,15.565463539942787,-31.073002509364034,0.0,9730.0,positron,1
9,1273,-291.04297850009715,-277.67170265915183,1221.5,402.2531414319103,-2.379701554954168,14,2,23,10842,31.988397817588478,-69.02097245106415,0.0,9730.0,positron,1
10,1276,-292.18339965927396,-277.0033592421953,1224.5,402.6189266141269,-2.382857870294402,14,2,20,10839,-11.850045461596846,-67.55570008207849,0.0,9730.0,positron,1
11,1579,-373.7526700358016,-188.55928269673072,1501.5,418.6235318875378,-2.6743492662963426,14,4,11,11000,-31.17712839254047,-52.538629531411075,0.0,9730.0,positron,1
12,1582,-374.32673220815286,-187.36861233100376,1504.5,418.60183866352065,-2.677506494646912,14,4,14,11003,17.07960831998531,-51.74679732778237,0.0,9730.0,positron,1
