pileup_event,particle_id,pdg_id,charge,mass,pT,eta,layer_id,trajectory_step,x,y,z,r,phi,pileup_z0
1,1,-211,-1.0,0.13957,0.6657625124611152,-0.669600141560989,1,41,29.633580814089022,-15.080231700304044,-88.0477722590727,33.25,-0.4707342564646478,-64.07212664045841
1,1,-211,-1.0,0.13957,0.6657625124611152,-0.669600141560989,2,63,45.58710942915278,-21.72706731002712,-100.50613620424744,50.5,-0.4447574690647797,-64.07212664045841
1,1,-211,-1.0,0.13957,0.6657625124611152,-0.669600141560989,3,111,81.94428987918334,-33.4272846069849,-128.05003481954435,88.5,-0.3873212248399834,-64.07212664045841
1,1,-211,-1.0,0.13957,0.6657625124611152,-0.669600141560989,4,154,115.6678926835232,-40.33842587599267,-152.87330991315918,122.5,-0.3355550058490158,-64.07212664045841
1,1,-211,-1.0,0.13957,0.6657625124611152,-0.669600141560989,5,387,298.5540524155227,-16.324147336671235,-287.58904195977044,299.0,-0.0546229692464905,-64.07212664045841
1,1,-211,-1.0,0.13957,0.6657625124611152,-0.669600141560989,6,492,370.07046029884543,26.246036161688007,-347.7346464463531,371.0,0.0708031750646902,-64.07212664045841
1,1,-211,-1.0,0.13957,0.6657625124611152,-0.669600141560989,7,606,433.4596232209298,91.44263249256066,-413.48228323186777,443.0,0.2079114473699117,-64.07212664045841
1,1,-211,-1.0,0.13957,0.6657625124611152,-0.669600141560989,8,734,480.6590246219894,182.10684240148095,-487.4484966784578,514.0,0.3621584180340999,-64.07212664045841
1,6,2212,1.0,0.93827,2.8043399039433563,1.3885044441655534,1,71,26.677675330184208,-19.846010656484115,-1.570601218088406,33.25,-0.639597439542824,-64.07212664045841
1,6,2212,1.0,0.93827,2.8043399039433563,1.3885044441655534,2,108,40.33165818904871,-30.39090896504643,30.85791284555704,50.49999999999999,-0.6457532346299376,-64.07212664045841
1,6,2212,1.0,0.93827,2.8043399039433563,1.3885044441655534,3,190,69.95134117248587,-54.21309683250426,102.30907648424488,88.5,-0.6593172796316931,-64.07212664045841
1,6,2212,1.0,0.93827,2.8043399039433563,1.3885044441655534,4,264,95.90711001017036,-76.21073578897584,166.2646418191598,122.5,-0.6714584046854052,-64.07212664045841
1,6,2212,1.0,0.93827,2.8043399039433563,1.3885044441655534,5,645,221.8816466772587,-200.42338902380655,499.0303046456443,298.99999999999994,-0.7346296031534741,-64.07212664045841
1,6,2212,1.0,0.93827,2.8043399039433563,1.3885044441655534,6,802,268.7842353800009,-255.7264843757649,635.3502244364879,371.00000000000006,-0.7605081965577267,-64.07212664045841
1,6,2212,1.0,0.93827,2.8043399039433563,1.3885044441655534,7,959,312.9103214617801,-313.58592239238914,772.1430874018315,443.00000000000006,-0.7864765428376295,-64.07212664045841
1,6,2212,1.0,0.93827,2.8043399039433563,1.3885044441655534,8,1114,353.5859119931915,-373.05898037702167,907.5949834026403,514.0,-0.8121903544243725,-64.07212664045841
1,11,321,1.0,0.49368,0.1321259019429985,-1.0738985125516238,1,137,12.915890239526163,-30.63890140524808,-107.51704668867217,33.25,-1.1718497854240255,-64.07212664045841
1,11,321,1.0,0.49368,0.1321259019429985,-1.0738985125516238,2,211,13.03332406710157,-48.789163384525374,-131.0521551443971,50.50000000000001,-1.3097561541127516,-64.07212664045841
1,11,321,1.0,0.49368,0.1321259019429985,-1.0738985125516238,3,395,-7.166819915557554,-88.20933449640104,-189.4371029002305,88.5,-1.6518661162541712,-64.07212664045841
1,11,321,1.0,0.49368,0.1321259019429985,-1.0738985125516238,4,640,-62.44750609796116,-105.3876604833085,-266.8922937110225,122.5,-2.1057202133968764,-64.07212664045841
1,15,321,1.0,0.49368,1.9780885461180184,1.7075710502702806,1,95,6.315491036384704,-32.64470972407849,24.61383872415223,33.25,-1.3796957208807612,-64.07212664045841
1,15,321,1.0,0.49368,1.9780885461180184,1.7075710502702806,2,144,9.158814754244933,-49.66252221038945,70.63215473252657,50.5,-1.3884244045153311,-64.07212664045841
1,15,321,1.0,0.49368,1.9780885461180184,1.7075710502702806,3,253,14.373595698554508,-87.32496634236108,172.04703465729452,88.5,-1.4076601769815789,-64.07212664045841
1,15,321,1.0,0.49368,1.9780885461180184,1.7075710502702806,4,350,17.810763373568026,-121.1982949882166,262.85972175040604,122.5,-1.42488514767599,-64.07212664045841
1,15,321,1.0,0.49368,1.9780885461180184,1.7075710502702806,5,858,16.75878447201914,-298.5299702593031,736.4698740074155,299.0,-1.5147174919011177,-64.07212664045841
1,15,321,1.0,0.49368,1.9780885461180184,1.7075710502702806,6,1067,7.092335049859353,-370.9322024083923,931.3332288482156,371.0,-1.551678356159016,-64.07212664045841
1,15,321,1.0,0.49368,1.9780885461180184,1.7075710502702806,7,1277,-8.020481055284007,-442.9273889517805,1127.5834200154738,443.0,-1.58890223941304,-64.07212664045841
1,15,321,1.0,0.49368,1.9780885461180184,1.7075710502702806,8,1487,-28.32118660683148,-513.2191640899441,1322.7667497720306,514.0,-1.6259238298529768,-64.07212664045841
1,16,-2212,-1.0,0.93827,2.0511761190943343,1.5531149632899173,1,83,9.299674596654508,-31.923009764061074,10.986079545746207,33.25,-1.287325679882398,-64.07212664045841
1,16,-2212,-1.0,0.93827,2.0511761190943343,1.5531149632899173,2,126,14.531908191122644,-48.36397051860799,49.93258594269807,50.5,-1.2789086615361185,-64.07212664045841
1,16,-2212,-1.0,0.93827,2.0511761190943343,1.5531149632899173,3,222,27.034551155922188,-84.26970418719782,135.7602151807977,88.5,-1.2603589306257137,-64.07212664045841
1,16,-2212,-1.0,0.93827,2.0511761190943343,1.5531149632899173,4,307,39.35285142732344,-116.00690964136147,212.61084568167263,122.5,-1.2437495272188883,-64.07212664045841
1,16,-2212,-1.0,0.93827,2.0511761190943343,1.5531149632899173,5,753,120.18189667056193,-273.7833298662765,613.2745546276185,299.0,-1.157155078511643,-64.07212664045841
1,16,-2212,-1.0,0.93827,2.0511761190943343,1.5531149632899173,6,937,161.1209787045941,-334.18711857471965,778.0239450913411,371.0,-1.1215482409389748,-64.07212664045841
1,16,-2212,-1.0,0.93827,2.0511761190943343,1.5531149632899173,7,1121,206.5655760404221,-391.8924122703687,943.8606727539839,443.0,-1.0857063225821728,-64.07212664045841
1,16,-2212,-1.0,0.93827,2.0511761190943343,1.5531149632899173,8,1304,255.7151005614004,-445.8764260923343,1108.6924329672463,514.0,-1.050081679375407,-64.07212664045841
1,18,-211,-1.0,0.13957,0.3675040208906039,0.263723310050201,1,36,-32.47031543625229,-7.158289982270627,-55.18915262473051,33.25,-2.924607026987971,-64.07212664045841
1,18,-211,-1.0,0.13957,0.3675040208906039,0.263723310050201,2,55,-48.74693608853745,-13.190383693435365,-50.556349906577395,50.50000000000001,-2.87733194017592,-64.07212664045841
1,18,-211,-1.0,0.13957,0.3675040208906039,0.263723310050201,3,98,-82.52081374638125,-31.97757493361644,-40.2263833297903,88.5,-2.771900361529352,-64.07212664045841
1,18,-211,-1.0,0.13957,0.3675040208906039,0.263723310050201,4,137,-109.41659478191742,-55.08410647663877,-30.751630384840738,122.5,-2.675201091228456,-64.07212664045841
1,18,-211,-1.0,0.13957,0.3675040208906039,0.263723310050201,5,385,-141.56142081431202,-263.3654573725136,29.13349634451987,299.0,-2.063999311557342,-64.07212664045841
1,19,211,1.0,0.13957,1.3061922836352122,-0.0166848216871821,1,33,-30.855354420532475,12.38989925638327,-64.6269827994093,33.24999999999999,2.7597526906812,-64.07212664045841
1,19,211,1.0,0.13957,1.3061922836352122,-0.0166848216871821,2,50,-46.610182985459424,19.435556129475405,-64.9149596503887,50.5,2.7465338132068524,-64.07212664045841
1,19,211,1.0,0.13957,1.3061922836352122,-0.0166848216871821,3,89,-80.65564665425246,36.42686732048714,-65.54993568323087,88.5,2.7173803625001973,-64.07212664045841
1,19,211,1.0,0.13957,1.3061922836352122,-0.0166848216871821,4,123,-110.28627003948476,53.32155887422877,-66.1191248221414,122.5,2.6912455774328894,-64.07212664045841
1,19,211,1.0,0.13957,1.3061922836352122,-0.0166848216871821,5,303,-248.869824693744,165.72510478773313,-69.10581470063055,299.0,2.554113522890062,-64.07212664045841
1,19,211,1.0,0.13957,1.3061922836352122,-0.0166848216871821,6,378,-296.5640692782751,222.914227480236,-70.34901662264048,371.0,2.49703240600759,-64.07212664045841
1,19,211,1.0,0.13957,1.3061922836352122,-0.0166848216871821,7,454,-338.0746786877999,286.2769841082948,-71.61365110301045,443.0,2.438967307285657,-64.07212664045841
1,19,211,1.0,0.13957,1.3061922836352122,-0.0166848216871821,8,531,-372.1753466207463,354.51588309655085,-72.88723798192622,514.0,2.380490900799761,-64.07212664045841
1,20,-321,-1.0,0.49368,0.7616264672569814,-1.544303588922895,1,84,-27.7921601716975,-18.25262537255151,-138.43028636198977,33.25,-2.5604837704215004,-64.07212664045841
1,20,-321,-1.0,0.49368,0.7616264672569814,-1.544303588922895,2,128,-41.5705823115328,-28.67292601532109,-177.0541332841919,50.5,-2.5377853056337085,-64.07212664045841
1,20,-321,-1.0,0.49368,0.7616264672569814,-1.544303588922895,3,224,-70.24130590948583,-53.83687346169008,-262.3734291339461,88.5,-2.487642595071148,-64.07212664045841
1,20,-321,-1.0,0.49368,0.7616264672569814,-1.544303588922895,4,311,-93.76717766538688,-78.82871553354003,-339.1324725579173,122.5,-2.4425309976042424,-64.07212664045841
1,20,-321,-1.0,0.49368,0.7616264672569814,-1.544303588922895,5,778,-176.07156284557385,-241.66051551115493,-751.0345500036444,299.0,-2.2004539866400896,-64.07212664045841
1,20,-321,-1.0,0.49368,0.7616264672569814,-1.544303588922895,6,982,-185.69937272867045,-321.18023439834883,-930.4412437391006,371.0,-2.0950157413836847,-64.07212664045841
1,20,-321,-1.0,0.49368,0.7616264672569814,-1.544303588922895,7,1198,-177.452408353226,-405.9059531093871,-1121.1503172553055,443.00000000000006,-1.9829349278966195,-64.07212664045841
1,20,-321,-1.0,0.49368,0.7616264672569814,-1.544303588922895,8,1430,-147.94724229862206,-492.2475124327525,-1325.6288135113757,514.0,-1.862761828739759,-64.07212664045841
1,21,211,1.0,0.13957,0.2466630941899117,-0.3267680749663401,1,39,-30.84446287910926,12.416988753286802,-75.16538454036679,33.25,2.758874584510113,-64.07212664045841
1,21,211,1.0,0.13957,0.2466630941899117,-0.3267680749663401,2,60,-45.38992670283883,22.136046483302277,-80.98896125838736,50.5,2.6878444229940865,-64.07212664045841
1,21,211,1.0,0.13957,0.2466630941899117,-0.3267680749663401,3,108,-72.30233884223105,51.03549547073298,-94.18078747537577,88.5,2.52694308327233,-64.07212664045841
1,21,211,1.0,0.13957,0.2466630941899117,-0.3267680749663401,4,153,-88.15536849045361,85.05810370747948,-106.71420799619395,122.5,2.374073785048997,-64.07212664045841
1,22,-211,-1.0,0.13957,1.122495450120772,-1.4463230955684117,1,74,-30.898779906074328,-12.281201094191784,-130.7819634395077,33.25,-2.763273039597755,-64.07212664045841
1,22,-211,-1.0,0.13957,1.122495450120772,-1.4463230955684117,2,113,-46.6363872837719,-19.37259355682762,-165.4102376697162,50.50000000000001,-2.74788426637413,-64.07212664045841
1,22,-211,-1.0,0.13957,1.122495450120772,-1.4463230955684117,3,198,-80.52990667734045,-36.704007009301286,-241.7893253931901,88.5,-2.7139416000306618,-64.07212664045841
1,22,-211,-1.0,0.13957,1.122495450120772,-1.4463230955684117,4,275,-109.86966567081818,-54.17477794493153,-310.30030379028096,122.5,-2.683494573161307,-64.07212664045841
1,22,-211,-1.0,0.13957,1.122495450120772,-1.4463230955684117,5,679,-243.61182034364404,-173.3617056585915,-671.2111923984321,299.0,-2.5231032752223723,-64.07212664045841
1,22,-211,-1.0,0.13957,1.122495450120772,-1.4463230955684117,6,849,-287.13045244987217,-234.9406377703348,-822.5880265013591,371.0,-2.4558303441473583,-64.07212664045841
1,22,-211,-1.0,0.13957,1.122495450120772,-1.4463230955684117,7,1022,-322.726454986233,-303.4742744484595,-977.628375962234,443.0,-2.386929232623755,-64.07212664045841
1,22,-211,-1.0,0.13957,1.122495450120772,-1.4463230955684117,8,1199,-348.90298273890505,-377.4423249132182,-1135.1556485510405,514.0000000000001,-2.3169229911424125,-64.07212664045841
1,23,211,1.0,0.13957,0.8463504224171402,-1.3388424728837276,1,68,-32.701321940834745,6.015483631586074,-123.14727282925935,33.25,2.959674098654072,-64.07212664045841
1,23,211,1.0,0.13957,0.8463504224171402,-1.3388424728837276,2,103,-49.46974301728466,10.14862186721999,-153.82555016175485,50.5,2.939251970989797,-64.07212664045841
1,23,211,1.0,0.13957,0.8463504224171402,-1.3388424728837276,3,181,-85.80481840451955,21.674481275625077,-221.55751296575852,88.5,2.8941664152370445,-64.07212664045841
1,23,211,1.0,0.13957,0.8463504224171402,-1.3388424728837276,4,251,-117.45658687292207,34.78793181785476,-282.4293819804459,122.5,2.853646938816865,-64.07212664045841
1,23,211,1.0,0.13957,0.8463504224171402,-1.3388424728837276,5,625,-261.831409495392,144.379060121807,-606.9029793815625,299.0,2.637659931264416,-64.07212664045841
1,23,211,1.0,0.13957,0.8463504224171402,-1.3388424728837276,6,785,-306.8896581503176,208.4699923739176,-746.2616484208124,371.0,2.544895156334731,-64.07212664045841
1,23,211,1.0,0.13957,0.8463504224171402,-1.3388424728837276,7,953,-340.56410292180374,283.31094543110584,-892.2634954742587,443.0,2.4477083927412373,-64.07212664045841
1,23,211,1.0,0.13957,0.8463504224171402,-1.3388424728837276,8,1130,-359.65322335234976,367.2132336017656,-1045.367371576533,514.0,2.345794040992896,-64.07212664045841
1,24,211,1.0,0.13957,0.2101747632094604,0.7299029105123866,1,48,-15.143702373286876,29.60119555743155,-37.47785926412657,33.25,2.043673603038797,-64.07212664045841
1,24,211,1.0,0.13957,0.2101747632094604,0.7299029105123866,2,73,-19.154256149028637,46.72648575890764,-23.452704920187244,50.5,1.9598275441108843,-64.07212664045841
1,24,211,1.0,0.13957,0.2101747632094604,0.7299029105123866,3,131,-17.313541792160194,86.78992608944382,8.687497557278704,88.5,1.7676994531284809,-64.07212664045841
1,24,211,1.0,0.13957,0.2101747632094604,0.7299029105123866,4,188,-1.118745365536144,122.4948913579954,40.09804874866411,122.5,1.5799290689789742,-64.07212664045841
1,25,-211,-1.0,0.13957,0.7089702575328707,1.4366517098127456,1,74,22.0009398307898,-24.93032584147201,1.9345035244825084,33.25,-0.8477359345243652,-64.07212664045841
1,25,-211,-1.0,0.13957,0.7089702575328707,1.4366517098127456,2,112,34.32845786443852,-37.03791274693364,36.22677459668684,50.50000000000001,-0.823345367449571,-64.07212664045841
1,25,-211,-1.0,0.13957,0.7089702575328707,1.4366517098127456,3,198,63.56936360314225,-61.57260763595686,112.01011605501466,88.5,-0.7694435917945562,-64.07212664045841
1,25,-211,-1.0,0.13957,0.7089702575328707,1.4366517098127456,4,274,92.022903981256,-80.85811735909103,180.24872366186008,122.5,-0.7209069676555163,-64.07212664045841
1,25,-211,-1.0,0.13957,0.7089702575328707,1.4366517098127456,5,688,268.05200286566094,-132.473105797772,548.4689105646303,299.0,-0.4590022676088141,-64.07212664045841
1,25,-211,-1.0,0.13957,0.7089702575328707,1.4366517098127456,6,871,349.32072290945325,-124.96412503601562,710.7885313932302,371.0,-0.3435486861376072,-64.07212664045841
1,25,-211,-1.0,0.13957,0.7089702575328707,1.4366517098127456,7,1068,432.4004753554857,-96.32667809257212,885.6245879834819,443.0,-0.2191927012581676,-64.07212664045841
1,25,-211,-1.0,0.13957,0.7089702575328707,1.4366517098127456,8,1283,512.2335411588223,-42.57698100961516,1077.2008635170325,514.0,-0.082929616325169,-64.07212664045841
1,26,211,1.0,0.13957,0.1539166224959179,1.0287569175280142,1,61,6.00899303287075,-32.702515235542826,-23.18208043025968,33.25,-1.3890762494707103,-64.07212664045841
1,26,211,1.0,0.13957,0.1539166224959179,1.0287569175280142,2,93,3.283974746038294,-50.39310974595021,-1.294139574292096,50.49999999999999,-1.5057212039132577,-64.07212664045841
1,26,211,1.0,0.13957,0.1539166224959179,1.0287569175280142,3,171,-18.748469351458358,-86.49129954496826,50.97704191510189,88.5,-1.7842609098704074,-64.07212664045841
1,26,211,1.0,0.13957,0.1539166224959179,1.0287569175280142,4,257,-61.05527564633942,-106.20029809633074,108.83288211655199,122.5,-2.092560576438681,-64.07212664045841
1,31,211,1.0,0.13957,0.1061583333308685,-0.4905501451696227,1,58,-18.678139526909977,-27.507991635400856,-81.33608770336726,33.25000000000001,-2.167294164347644,-64.07212664045841
1,31,211,1.0,0.13957,0.1061583333308685,-0.4905501451696227,2,91,-35.29281804923865,-36.12017433711159,-90.93926388067709,50.49999999999999,-2.3446094935952053,-64.07212664045841
1,31,211,1.0,0.13957,0.1061583333308685,-0.4905501451696227,3,181,-84.37888430712125,-26.691831767142688,-117.50699688032483,88.5,-2.8352195537194587,-64.07212664045841
1,35,-321,-1.0,0.49368,0.3805300566949899,-1.3593393460385748,1,81,30.64764836375948,-12.895121161561493,-124.6110828359067,33.25,-0.3982687718684961,-64.07212664045841
1,35,-321,-1.0,0.49368,0.3805300566949899,-1.3593393460385748,2,124,47.39265986922577,-17.440922868927494,-156.17315183790453,50.50000000000001,-0.3526274856233546,-64.07212664045841
1,35,-321,-1.0,0.49368,0.3805300566949899,-1.3593393460385748,3,218,85.7282137469961,-21.975517462607023,-226.4894545934982,88.49999999999999,-0.2509361847945404,-64.07212664045841
1,35,-321,-1.0,0.49368,0.3805300566949899,-1.3593393460385748,4,305,120.9774055949831,-19.25402128146101,-290.87017026487905,122.5,-0.1578301356320945,-64.07212664045841
1,35,-321,-1.0,0.49368,0.3805300566949899,-1.3593393460385748,5,842,273.14032444434633,121.63619182807892,-689.7061772083259,299.0,0.418959327757512,-64.07212664045841
1,35,-321,-1.0,0.49368,0.3805300566949899,-1.3593393460385748,6,1256,240.99640769384368,282.0668918513172,-997.272516774111,371.0,0.8637565412262866,-64.07212664045841
1,39,-211,-1.0,0.13957,0.3662049153562263,-1.6244253191089375,1,88,-18.194885282652297,-27.82999550037913,-145.28882420961892,33.25,-2.14982905637075,-64.07212664045841
1,39,-211,-1.0,0.13957,0.3662049153562263,-1.6244253191089375,2,134,-25.598303727060078,-43.53133177720596,-187.64800642612252,50.49999999999999,-2.1023776709879045,-64.07212664045841
1,39,-211,-1.0,0.13957,0.3662049153562263,-1.6244253191089375,3,238,-36.55182213557633,-80.59909613990217,-282.10632700360213,88.5,-1.996558399154973,-64.07212664045841
1,39,-211,-1.0,0.13957,0.3662049153562263,-1.6244253191089375,4,332,-39.542939154932,-115.94225270792931,-368.7609555855841,122.5,-1.899482172471592,-64.07212664045841
1,39,-211,-1.0,0.13957,0.3662049153562263,-1.6244253191089375,5,932,84.42564485058162,-286.8332450947126,-917.6823530775453,299.0,-1.2845429829002408,-64.07212664045841
1,40,-321,-1.0,0.49368,1.6809323025473693,-1.4567976572331225,1,75,-29.56052911598645,15.222930676545728,-131.56092194654002,33.25,2.6660370154038304,-64.07212664045841
1,40,-321,-1.0,0.49368,1.6809323025473693,-1.4567976572331225,2,115,-45.131578520187,22.658124818179356,-166.5826581691422,50.49999999999999,2.676309649130338,-64.07212664045841
1,40,-321,-1.0,0.49368,1.6809323025473693,-1.4567976572331225,3,202,-79.9706762983954,37.90700373779571,-243.77542780176177,88.49999999999999,2.6989513217507155,-64.07212664045841
1,40,-321,-1.0,0.49368,1.6809323025473693,-1.4567976572331225,4,279,-111.73519814096,50.2144948834538,-312.9197261263729,122.5,2.719232611359849,-64.07212664045841
1,40,-321,-1.0,0.49368,1.6809323025473693,-1.4567976572331225,5,686,-284.15839535615214,93.03228659243386,-674.1753908003059,299.0,2.8251952956258823,-64.07212664045841
1,40,-321,-1.0,0.49368,1.6809323025473693,-1.4567976572331225,6,853,-357.29534118694977,99.90515084869816,-823.3160940008124,371.0,2.868940960164186,-64.07212664045841
1,40,-321,-1.0,0.49368,1.6809323025473693,-1.4567976572331225,7,1023,-431.4884322322965,100.33310943908243,-973.95032416308,443.0,2.91312467957774,-64.07212664045841
1,40,-321,-1.0,0.49368,1.6809323025473693,-1.4567976572331225,8,1192,-505.2888054975411,94.2296293045244,-1124.2960790671282,514.0,2.957223793077086,-64.07212664045841
1,41,211,1.0,0.13957,0.4255549974026676,-1.4230693861051773,1,73,-29.73162575896247,-14.885997774049253,-129.12340979164483,33.25,-2.677402069568349,-64.07212664045841
1,41,211,1.0,0.13957,0.4255549974026676,-1.4230693861051773,2,112,-46.04019146739879,-20.74971733892441,-163.004453274506,50.5,-2.718167536297184,-64.07212664045841
1,41,211,1.0,0.13957,0.4255549974026676,-1.4230693861051773,3,197,-83.64357387342095,-28.913708680858846,-238.3128944255218,88.5,-2.8087737149770238,-64.07212664045841
1,41,211,1.0,0.13957,0.4255549974026676,-1.4230693861051773,4,275,-118.6838943643846,-30.33781828845953,-306.93130599525546,122.5,-2.891332868919161,-64.07212664045841
1,41,211,1.0,0.13957,0.4255549974026676,-1.4230693861051773,5,736,-290.62182468642794,70.28481355122982,-712.1522632989454,299.0,2.9043059096523134,-64.07212664045841
1,41,211,1.0,0.13957,0.4255549974026676,-1.4230693861051773,6,1001,-322.3941442302528,183.5838112853172,-945.1703024087726,371.0,2.6239476269617388,-64.07212664045841
1,42,211,1.0,0.13957,1.736588795404115,-0.528489980508974,1,38,29.745289835408457,-14.85867533152085,-82.47503972267367,33.25,-0.4632718262031068,-64.07212664045841
1,42,211,1.0,0.13957,1.736588795404115,-0.528489980508974,2,57,44.9504492912372,-23.01536679081855,-92.02465142537991,50.5,-0.4732144444712468,-64.07212664045841
1,42,211,1.0,0.13957,1.736588795404115,-0.528489980508974,3,101,77.8717658031356,-42.05042319289547,-113.07257602579855,88.5,-0.4951299790768673,-64.07212664045841
1,42,211,1.0,0.13957,1.736588795404115,-0.528489980508974,4,140,106.62543079938608,-60.30976294801143,-131.92461629929215,122.5,-0.5147584270587949,-64.07212664045841
1,42,211,1.0,0.13957,1.736588795404115,-0.528489980508974,5,344,243.8231041191707,-173.06442123582778,-230.37971520778524,299.0,-0.6172695872897473,-64.07212664045841
1,42,211,1.0,0.13957,1.736588795404115,-0.528489980508974,6,428,293.18770276049213,-227.336690725508,-270.9944404539801,371.0,-0.6595576772190933,-64.07212664045841
1,42,211,1.0,0.13957,1.736588795404115,-0.528489980508974,7,513,338.1846517437982,-286.1470624083462,-311.9888515755746,443.00000000000006,-0.7022411099838263,-64.07212664045841
1,42,211,1.0,0.13957,1.736588795404115,-0.528489980508974,8,598,377.9020953943028,-348.4049458555306,-352.87140071521225,514.0,-0.7448079631092147,-64.07212664045841
1,44,-211,-1.0,0.13957,0.3459947898591718,1.382744156873141,1,71,-8.863149958160921,32.046951069004244,-1.8827068485373673,33.25,1.8406193848291577,-64.07212664045841
1,44,-211,-1.0,0.13957,0.3459947898591718,1.382744156873141,2,109,-15.889902235780449,47.934966433046974,30.57358960042707,50.50000000000001,1.890885841012393,-64.07212664045841
1,44,-211,-1.0,0.13957,0.3459947898591718,1.382744156873141,3,193,-37.08182987596081,80.35662942813306,103.05880494840241,88.5,2.003144133497663,-64.07212664045841
1,44,-211,-1.0,0.13957,0.3459947898591718,1.382744156873141,4,270,-62.52589418741,105.3411721790906,169.77114436515464,122.5,2.1064641845454166,-64.07212664045841
1,44,-211,-1.0,0.13957,0.3459947898591718,1.382744156873141,5,779,-280.605764537803,103.2540793777905,610.4764308332606,299.0,2.789000800392592,-64.07212664045841
1,48,211,1.0,0.13957,0.4293678545342913,1.1915462229784215,1,60,7.898993243168516,32.29811768113396,-14.33983167594743,33.25,1.3309393433749044,-64.07212664045841
1,48,211,1.0,0.13957,0.4293678545342913,1.1915462229784215,2,92,13.968402094264295,48.529720202500165,11.560726155647146,50.5,1.290539960534517,-64.07212664045841
1,48,211,1.0,0.13957,0.4293678545342913,1.1915462229784215,3,162,32.00582781519721,82.5098599311861,69.12136589267462,88.5,1.2007616392188194,-64.07212664045841
1,48,211,1.0,0.13957,0.4293678545342913,1.1915462229784215,4,227,53.483105510571015,110.20801887768936,121.55091917947942,122.5,1.1189839373345938,-64.07212664045841
1,48,211,1.0,0.13957,0.4293678545342913,1.1915462229784215,5,604,240.27055544150497,177.9636485011214,430.23417370446543,299.0,0.6375097202257045,-64.07212664045841
1,48,211,1.0,0.13957,0.4293678545342913,1.1915462229784215,6,819,346.6867243664244,132.09585590804446,605.5607872102139,371.0,0.3640412292007715,-64.07212664045841
1,49,-211,-1.0,0.13957,0.5130386466495557,0.0030410642640589,1,34,4.347679096377299,-32.96452921664321,-63.97093998921117,33.24999999999999,-1.4396635615539477,-64.07212664045841
1,49,-211,-1.0,0.13957,0.5130386466495557,0.0030410642640589,2,52,8.289208134395706,-49.81504821341306,-63.91830309109701,50.5,-1.4059074304070482,-64.07212664045841
1,49,-211,-1.0,0.13957,0.5130386466495557,0.0030410642640589,3,92,21.011946390122898,-85.96946032690099,-63.801637015641795,88.50000000000001,-1.3310840675666222,-64.07212664045841
1,49,-211,-1.0,0.13957,0.5130386466495557,0.0030410642640589,4,128,37.07724855264804,-116.75413328771346,-63.695956418474104,122.5,-1.263302029206333,-64.07212664045841
1,49,-211,-1.0,0.13957,0.5130386466495557,0.0030410642640589,5,330,190.06815136762756,-230.813989688001,-63.101318702337736,299.0,-0.8819079734896066,-64.07212664045841
1,49,-211,-1.0,0.13957,0.5130386466495557,0.0030410642640589,6,430,284.8264400249288,-237.7286248282391,-62.81070603339829,371.0,-0.695511173434151,-64.07212664045841
1,49,-211,-1.0,0.13957,0.5130386466495557,0.0030410642640589,7,554,396.7041556833778,-197.1669669684512,-62.44547611406301,443.0,-0.461254840601604,-64.07212664045841
1,53,321,1.0,0.49368,1.089570018800742,1.4006651499960507,1,73,-10.3233252984803,-31.606826078898788,-0.696663608737758,33.25,-1.8864900107506173,-64.07212664045841
1,53,321,1.0,0.49368,1.089570018800742,1.4006651499960507,2,111,-16.438116614448862,-47.749746828331766,32.20190934867311,50.49999999999999,-1.9023444818249176,-64.07212664045841
1,53,321,1.0,0.49368,1.089570018800742,1.4006651499960507,3,194,-31.71573667777253,-82.62180128141843,104.77147242329991,88.5,-1.9373175653221424,-64.07212664045841
1,53,321,1.0,0.49368,1.089570018800742,1.4006651499960507,4,270,-47.46633080463187,-112.93005552086323,169.87544998115695,122.5,-1.968693066589712,-64.07212664045841
1,53,321,1.0,0.49368,1.089570018800742,1.4006651499960507,5,666,-159.66859147047035,-252.79822170623757,513.1581588050872,299.0,-2.134131128836673,-64.07212664045841
1,53,321,1.0,0.49368,1.089570018800742,1.4006651499960507,6,832,-219.4265264770492,-299.1538057224358,657.4042947999401,371.0,-2.203647470784381,-64.07212664045841
1,53,321,1.0,0.49368,1.089570018800742,1.4006651499960507,7,1003,-286.79843752034145,-337.6324277019179,805.3877773565196,443.0,-2.274965103095845,-64.07212664045841
1,53,321,1.0,0.49368,1.089570018800742,1.4006651499960507,8,1177,-360.3109822249344,-366.5678601406608,956.0773443508201,514.0,-2.3475868336991086,-64.07212664045841
1,54,-211,-1.0,0.13957,1.0946055042693754,1.4612284686610597,1,75,6.975242783613049,-32.51012900789005,3.7567091220081608,33.25,-1.3594446017784017,-64.07212664045841
1,54,-211,-1.0,0.13957,1.0946055042693754,1.4612284686610597,2,114,11.371817682761789,-49.202964977631446,38.96685837080939,50.5,-1.343663922375598,-64.07212664045841
1,54,-211,-1.0,0.13957,1.0946055042693754,1.4612284686610597,3,201,22.91790196468849,-85.48110767612296,116.63448137467142,88.5,-1.3088516878199403,-64.07212664045841
1,54,-211,-1.0,0.13957,1.0946055042693754,1.4612284686610597,4,279,35.40159031446223,-117.27308899831614,186.3103354787635,122.5,-1.277621983845454,-64.07212664045841
1,54,-211,-1.0,0.13957,1.0946055042693754,1.4612284686610597,5,689,132.15596092022815,-268.20850469970395,553.6453548613888,299.0,-1.112976860589861,-64.07212664045841
1,54,-211,-1.0,0.13957,1.0946055042693754,1.4612284686610597,6,861,186.58618248505252,-320.6658642663024,707.9533192977849,371.0,-1.0438136043230193,-64.07212664045841
1,54,-211,-1.0,0.13957,1.0946055042693754,1.4612284686610597,7,1038,249.37519659733272,-366.1434299861758,866.2170942635819,443.0,-0.9728773682469796,-64.07212664045841
1,54,-211,-1.0,0.13957,1.0946055042693754,1.4612284686610597,8,1217,319.2379221549045,-402.8438271318293,1027.3179322678595,514.0,-0.9006694234039841,-64.07212664045841
1,55,211,1.0,0.13957,0.9384207588642748,-1.5425514888548453,1,81,-32.15691915585405,8.455474581823719,-138.27961124433182,33.25,2.8844688268031584,-64.07212664045841
1,55,211,1.0,0.13957,0.9384207588642748,-1.5425514888548453,2,123,-48.595110802120594,13.73918506060757,-176.80913891058492,50.5,2.866056328656212,-64.07212664045841
1,55,211,1.0,0.13957,0.9384207588642748,-1.5425514888548453,3,217,-84.11327887036158,27.517382100715608,-261.8396860791715,88.5,2.8254203593601988,-64.07212664045841
1,55,211,1.0,0.13957,0.9384207588642748,-1.5425514888548453,4,301,-114.9609344081523,42.31115172155573,-338.19420914976087,122.5,2.7889306992232545,-64.07212664045841
1,55,211,1.0,0.13957,0.9384207588642748,-1.5425514888548453,5,745,-255.5022763324081,155.30481894956702,-743.0964462391541,299.0,2.595427479889025,-64.07212664045841
1,55,211,1.0,0.13957,0.9384207588642748,-1.5425514888548453,6,934,-300.12748938950284,218.09284745895224,-915.1719782732275,371.0,2.51319243048576,-64.07212664045841
1,55,211,1.0,0.13957,0.9384207588642748,-1.5425514888548453,7,1130,-334.89328552904027,289.9922193914255,-1093.5904459591616,443.0,2.427926075793882,-64.07212664045841
1,55,211,1.0,0.13957,0.9384207588642748,-1.5425514888548453,8,1333,-357.4580817192948,369.3504024819277,-1277.9226812787704,514.0,2.33983356445954,-64.07212664045841
1,56,-211,-1.0,0.13957,3.4345899348707483,-0.9958964347001223,1,51,-32.06275343160014,-8.805812988271628,-102.93795949953423,33.25,-2.8735583092939114,-64.07212664045841
1,56,-211,-1.0,0.13957,3.4345899348707483,-0.9958964347001223,2,77,-48.6289770238625,-13.618832314580214,-123.10264347057193,50.50000000000001,-2.8685321078019674,-64.07212664045841
1,56,-211,-1.0,0.13957,3.4345899348707483,-0.9958964347001223,3,136,-84.95156675099189,-24.808895714073422,-167.5293798513319,88.5,-2.8574584178751024,-64.07212664045841
1,56,-211,-1.0,0.13957,3.4345899348707483,-0.9958964347001223,4,188,-117.24221902472642,-35.503691049777856,-207.29021556352748,122.5,-2.8475475723527275,-64.07212664045841
1,56,-211,-1.0,0.13957,3.4345899348707483,-0.9958964347001223,5,460,-281.32363124430816,-101.28185673414814,-414.01050935776146,299.0,-2.796020239348472,-64.07212664045841
1,56,-211,-1.0,0.13957,3.4345899348707483,-0.9958964347001223,6,572,-346.3407804892433,-133.00023973700883,-498.5751706548988,371.00000000000006,-2.774941475117884,-64.07212664045841
1,56,-211,-1.0,0.13957,3.4345899348707483,-0.9958964347001223,7,683,-410.1078804731639,-167.51276480856365,-583.3341267070009,443.0,-2.753814306192598,-64.07212664045841
1,56,-211,-1.0,0.13957,3.4345899348707483,-0.9958964347001223,8,794,-471.67236221816137,-204.25763809351065,-667.1446139843006,514.0,-2.732923529892616,-64.07212664045841
1,58,211,1.0,0.13957,1.271130909959666,-1.4877389247776829,1,77,-12.307095430857444,30.88847523034712,-133.92491463374594,33.25,1.9499541180159603,-64.07212664045841
1,58,211,1.0,0.13957,1.271130909959666,-1.4877389247776829,2,117,-18.05286240319429,47.16295324776994,-170.180176535091,50.49999999999999,1.9363671157490807,-64.07212664045841
1,58,211,1.0,0.13957,1.271130909959666,-1.4877389247776829,3,206,-29.14702328465888,83.56255760592511,-250.1255796230259,88.5,1.906406005798705,-64.07212664045841
1,58,211,1.0,0.13957,1.271130909959666,-1.4877389247776829,4,285,-37.22382063867898,116.70748552282092,-321.79564344178004,122.5,1.8795462660389932,-64.07212664045841
1,58,211,1.0,0.13957,1.271130909959666,-1.4877389247776829,5,703,-49.91394812252573,294.80433813433245,-698.0997909019159,299.0,1.7385178515297133,-64.07212664045841
1,58,211,1.0,0.13957,1.271130909959666,-1.4877389247776829,6,877,-40.340227945089694,368.8003064116653,-854.9212434945634,371.0,1.6797455033478204,-64.07212664045841
1,58,211,1.0,0.13957,1.271130909959666,-1.4877389247776829,7,1054,-21.742944559205103,442.4660940251754,-1014.6135622193774,443.0,1.6198971928824135,-64.07212664045841
1,58,211,1.0,0.13957,1.271130909959666,-1.4877389247776829,8,1232,5.783420097234076,513.9674620557015,-1175.6524038905152,514.0,1.5595442992909463,-64.07212664045841
1,59,-211,-1.0,0.13957,0.483929582840099,-1.318832600518866,1,67,-15.52112677544874,29.40505268861881,-121.83316997207017,33.25,2.056466121332628,-64.07212664045841
1,59,-211,-1.0,0.13957,0.483929582840099,-1.318832600518866,2,102,-25.157083403554363,43.7877968688379,-151.89031704656026,50.50000000000001,2.092271831058861,-64.07212664045841
1,59,-211,-1.0,0.13957,0.483929582840099,-1.318832600518866,3,180,-50.03647468600763,72.99726844887087,-218.56139103001956,88.5,2.1716949302473214,-64.07212664045841
1,59,-211,-1.0,0.13957,0.483929582840099,-1.318832600518866,4,250,-76.35451547977944,95.79268221449966,-279.0503741830428,122.5,2.243754781763868,-64.07212664045841
1,59,-211,-1.0,0.13957,0.483929582840099,-1.318832600518866,5,652,-264.18537273833937,140.0253149652044,-623.5999661195178,299.0,2.654213189217105,-64.07212664045841
1,59,-211,-1.0,0.13957,0.483929582840099,-1.318832600518866,6,856,-356.60067461901605,102.35701666843684,-798.0821182966572,371.0,2.8620720153177777,-64.07212664045841
1,59,-211,-1.0,0.13957,0.483929582840099,-1.318832600518866,7,1133,-442.9961048753046,-1.8577043112714784,-1036.2390251272227,443.0,-3.137399177842664,-64.07212664045841
1,68,211,1.0,0.13957,0.178749883994067,1.1852416799469665,1,65,-3.53851848368952,-33.06117643007562,-14.476259371052187,33.25,-1.6774198467679304,-64.07212664045841
1,68,211,1.0,0.13957,0.178749883994067,1.1852416799469665,2,99,-10.329686281526923,-49.43225244033732,11.849739465980349,50.5,-1.7767984969348067,-64.07212664045841
1,68,211,1.0,0.13957,0.178749883994067,1.1852416799469665,3,180,-37.51403849745404,-80.15576657740563,73.23150741349016,88.5,-2.0085294817657493,-64.07212664045841
1,68,211,1.0,0.13957,0.178749883994067,1.1852416799469665,4,263,-76.55674467857155,-95.6311395112492,136.09901495492866,122.5,-2.245867675778148,-64.07212664045841
1,69,-211,-1.0,0.13957,1.2081093543994723,0.8756943743572513,1,47,8.741522282718979,32.08034114813506,-31.084471803780858,33.25,1.3047665843800096,-64.07212664045841
1,69,-211,-1.0,0.13957,1.2081093543994723,0.8756943743572513,2,71,12.578569644123393,48.90837950400665,-13.962286639548118,50.50000000000001,1.3190655210687656,-64.07212664045841
1,69,-211,-1.0,0.13957,1.2081093543994723,0.8756943743572513,3,125,19.33080856359832,86.36301199169418,23.797321647837805,88.5,1.3505938497806564,-64.07212664045841
1,69,-211,-1.0,0.13957,1.2081093543994723,0.8756943743572513,4,173,23.367428457179244,120.25062697258012,57.65547408079577,122.5,1.3788656057710753,-64.07212664045841
1,69,-211,-1.0,0.13957,1.2081093543994723,0.8756943743572513,5,427,12.944049699364417,298.7196872945946,235.65031296269797,299.0,1.527491657111444,-64.07212664045841
1,69,-211,-1.0,0.13957,1.2081093543994723,0.8756943743572513,6,533,-6.968449580117055,370.9345504404374,310.0075485558167,371.00000000000006,1.5895803143587093,-64.07212664045841
1,69,-211,-1.0,0.13957,1.2081093543994723,0.8756943743572513,7,641,-36.34955674866247,441.5061831097904,385.889059391422,443.0,1.652941855939161,-64.07212664045841
1,69,-211,-1.0,0.13957,1.2081093543994723,0.8756943743572513,8,750,-74.88904292584958,508.5151239143732,462.62324748047655,514.0000000000001,1.717015324103256,-64.07212664045841
1,70,211,1.0,0.13957,0.4704642320194525,-0.0326896504029125,1,34,18.08339771040388,-27.90256667848605,-65.16016029137742,33.25,-0.9957643974399626,-64.07212664045841
1,70,211,1.0,0.13957,0.4704642320194525,-0.0326896504029125,2,52,25.885760115069527,-43.36101271032627,-65.72644072429918,50.50000000000001,-1.0325986266718208,-64.07212664045841
1,70,211,1.0,0.13957,0.4704642320194525,-0.0326896504029125,3,92,39.00786720718447,-79.439513442283,-66.98304389710705,88.5,-1.1143435068530716,-64.07212664045841
1,70,211,1.0,0.13957,0.4704642320194525,-0.0326896504029125,4,129,45.690039236465545,-113.66032867526928,-68.12408966960317,122.5,-1.188577703169522,-64.07212664045841
1,70,211,1.0,0.13957,0.4704642320194525,-0.0326896504029125,5,338,-12.989438421346213,-298.71771706662804,-74.66735713072316,299.0,-1.6142529411726825,-64.07212664045841
1,70,211,1.0,0.13957,0.4704642320194525,-0.0326896504029125,6,446,-96.65443753639993,-358.188385775589,-78.05073848693708,371.0,-1.8343613259388896,-64.07212664045841
1,70,211,1.0,0.13957,0.4704642320194525,-0.0326896504029125,7,603,-244.08405343945165,-369.6917294944085,-82.96917825439502,443.0,-2.154334205834581,-64.07212664045841
1,71,211,1.0,0.13957,0.5634110410048714,-0.6230106337831108,1,40,12.99630800885754,30.60487670517405,-86.1664096343282,33.25,1.1692236338182749,-64.07212664045841
1,71,211,1.0,0.13957,0.5634110410048714,-0.6230106337831108,2,62,21.15710955517508,45.85440780634202,-97.6544531777889,50.50000000000001,1.1385047570540856,-64.07212664045841
1,71,211,1.0,0.13957,0.5634110410048714,-0.6230106337831108,3,108,42.45391760832023,77.6525265506922,-123.08999161949046,88.5,1.0704775311798955,-64.07212664045841
1,71,211,1.0,0.13957,0.5634110410048714,-0.6230106337831108,4,151,65.25795005291914,103.67087322334424,-146.08070393595546,122.5,1.00898738920469,-64.07212664045841
1,71,211,1.0,0.13957,0.5634110410048714,-0.6230106337831108,5,386,234.64760369702248,185.3146029843441,-273.4043256531819,299.0,0.6684639694149735,-64.07212664045841
1,71,211,1.0,0.13957,0.5634110410048714,-0.6230106337831108,6,496,323.98650792105985,180.75879697850675,-333.0645295973844,371.0,0.5089040585610305,-64.07212664045841
1,71,211,1.0,0.13957,0.5634110410048714,-0.6230106337831108,7,625,420.1377733407781,140.47509178588552,-402.6984357575189,443.0,0.3226696152179896,-64.07212664045841
1,71,211,1.0,0.13957,0.5634110410048714,-0.6230106337831108,8,794,512.440874360229,40.00437832192796,-494.215722326228,514.0,0.0779083193290137,-64.07212664045841
1,73,-211,-1.0,0.13957,0.0605766742239934,-0.924862439905294,1,96,-22.729243447277582,-24.268168293350637,-101.47153522807466,33.25,-2.323461300920176,-64.07212664045841
1,73,-211,-1.0,0.13957,0.0605766742239934,-0.924862439905294,2,162,-17.19382183181972,-47.48286523384661,-127.5355043053778,50.49999999999999,-1.9182148720066583,-64.07212664045841
1,75,-211,-1.0,0.13957,0.7092012660808591,-1.7673747114317997,1,100,-33.200179048956485,-1.81950848231903,-158.61464416156792,33.25,-3.086843246200613,-64.07212664045841
1,75,-211,-1.0,0.13957,0.7092012660808591,-1.7673747114317997,2,152,-50.34196974470053,-3.992002282521456,-207.73205326703055,50.5,-3.0624605431872967,-64.07212664045841
1,75,-211,-1.0,0.13957,0.7092012660808591,-1.7673747114317997,3,268,-87.71822268294534,-11.737265837715915,-316.2776123176219,88.5,-3.0085762766829007,-64.07212664045841
1,75,-211,-1.0,0.13957,0.7092012660808591,-1.7673747114317997,4,371,-120.48701209629304,-22.116281697150946,-414.01631036785955,122.5,-2.960056115216069,-64.07212664045841
1,75,-211,-1.0,0.13957,0.7092012660808591,-1.7673747114317997,5,932,-270.0929596706321,-128.26064531397887,-941.4066464196956,299.0,-2.698245552312438,-64.07212664045841
1,75,-211,-1.0,0.13957,0.7092012660808591,-1.7673747114317997,6,1179,-314.5773428730816,-196.6776432411973,-1173.877951071396,371.0,-2.5828406438184057,-64.07212664045841
1,75,-211,-1.0,0.13957,0.7092012660808591,-1.7673747114317997,7,1445,-343.61423643649607,-279.6037491132116,-1424.2582789065468,443.0,-2.4585452164887123,-64.07212664045841
1,75,-211,-1.0,0.13957,0.7092012660808591,-1.7673747114317997,8,1737,-350.9517636123129,-375.53809343048977,-1698.5798406726367,514.0,-2.32236476829259,-64.07212664045841
1,76,-211,-1.0,0.13957,0.4321224973105982,-0.8549162088123476,1,47,-19.27888256653744,27.090352286112093,-96.12126830024923,33.25,2.1892991833742035,-64.07212664045841
1,76,-211,-1.0,0.13957,0.4321224973105982,-0.8549162088123476,2,72,-30.907969494113026,39.936792832562034,-112.81160286004925,50.5,2.22943266483347,-64.07212664045841
1,76,-211,-1.0,0.13957,0.4321224973105982,-0.8549162088123476,3,127,-60.18420089703983,64.88537556633814,-149.8995197139651,88.5,2.318623702868064,-64.07212664045841
1,76,-211,-1.0,0.13957,0.4321224973105982,-0.8549162088123476,4,177,-90.31802662558282,82.75810574475781,-183.6733065797249,122.5,2.3998464852184784,-64.07212664045841
1,76,-211,-1.0,0.13957,0.4321224973105982,-0.8549162088123476,5,470,-288.59790343683073,78.18088085885027,-382.0993063397274,299.00000000000006,2.877043101262064,-64.07212664045841
1,76,-211,-1.0,0.13957,0.4321224973105982,-0.8549162088123476,6,636,-370.9966887805903,-1.5674545728032598,-493.8598587165835,371.0,-3.137367696080198,-64.07212664045841
1,77,211,1.0,0.13957,0.5502272546468118,-1.658944321842403,1,90,-27.827259898898184,18.19906883659636,-148.3029038890184,33.25,2.5624095912709337,-64.07212664045841
1,77,211,1.0,0.13957,0.5502272546468118,-1.658944321842403,2,138,-41.37343827795871,28.95666771332539,-192.10396921787142,50.5,2.530943568539876,-64.07212664045841
1,77,211,1.0,0.13957,0.5502272546468118,-1.658944321842403,3,243,-68.79670446309856,55.67102886616228,-289.10741314631287,88.5,2.461260614834917,-64.07212664045841
1,77,211,1.0,0.13957,0.5502272546468118,-1.658944321842403,4,337,-90.18519929050434,82.90283366044864,-376.83138272374947,122.5,2.3982428808070693,-64.07212664045841
1,77,211,1.0,0.13957,0.5502272546468118,-1.658944321842403,5,864,-137.32277483850544,265.60017980162047,-864.4249267442137,299.0,2.0479734869632087,-64.07212664045841
1,77,211,1.0,0.13957,0.5502272546468118,-1.658944321842403,6,1113,-113.71286116612237,353.1435759084599,-1095.0316612326721,371.0,1.8823140558974043,-64.07212664045841
1,77,211,1.0,0.13957,0.5502272546468118,-1.658944321842403,7,1408,-50.9648975670036,440.0586088420324,-1368.1768300678953,443.0,1.6860965420644711,-64.07212664045841
1,77,211,1.0,0.13957,0.5502272546468118,-1.658944321842403,8,1816,79.65166640779184,507.7909137021475,-1745.2722206196433,514.0,1.415204978161592,-64.07212664045841
1,94,-211,-1.0,0.13957,0.1332130415101276,1.7528230634074786,1,105,-24.18709487212883,22.815497839114517,29.983622576338718,33.25,2.385367517158186,-64.07212664045841
1,94,-211,-1.0,0.13957,0.1332130415101276,1.7528230634074786,2,163,-41.11346354987129,29.32461619413636,80.89754362122432,50.5,2.522022248130517,-64.07212664045841
1,94,-211,-1.0,0.13957,0.1332130415101276,1.7528230634074786,3,305,-85.01829706749535,24.579242538026083,206.881139149575,88.5,2.8601606973396856,-64.07212664045841
1,94,-211,-1.0,0.13957,0.1332130415101276,1.7528230634074786,4,490,-120.9360400261708,-19.51215576988903,371.33574678620437,122.5,-2.981628412597871,-64.07212664045841
1,95,211,1.0,0.13957,0.3792339973522528,-1.092753571579327,1,56,-28.272721944672167,-17.499019796527257,-108.13823359962097,33.25,-2.5873654890921944,-64.07212664045841
1,95,211,1.0,0.13957,0.3792339973522528,-1.092753571579327,2,86,-44.11225569782598,-24.583712031538685,-131.11293297288813,50.50000000000001,-2.633162949032949,-64.07212664045841
1,95,211,1.0,0.13957,0.3792339973522528,-1.092753571579327,3,151,-81.29237506669459,-34.98284945535243,-182.30171460293525,88.5,-2.735212992782293,-64.07212664045841
1,95,211,1.0,0.13957,0.3792339973522528,-1.092753571579327,4,212,-116.5508958172375,-37.71125407884829,-229.17733384998306,122.5,-2.8286633770127825,-64.07212664045841
1,95,211,1.0,0.13957,0.3792339973522528,-1.092753571579327,5,585,-288.40076211301,78.9050087930735,-520.1017760265183,299.0,2.874533121266301,-64.07212664045841
1,95,211,1.0,0.13957,0.3792339973522528,-1.092753571579327,6,879,-278.12475186959017,245.5353791156763,-748.9259881574201,371.0,2.418348156125836,-64.07212664045841
1,96,211,1.0,0.13957,0.1665523267620062,0.7276363599222413,1,51,30.488849182305582,13.266219338554002,-37.507261875113606,33.25,0.4104086108944669,-64.07212664045841
1,96,211,1.0,0.13957,0.1665523267620062,0.7276363599222413,2,78,48.19564219568501,15.080784904822009,-23.355017590424445,50.5,0.3032562030291493,-64.07212664045841
1,96,211,1.0,0.13957,0.1665523267620062,0.7276363599222413,3,142,88.38541223006298,4.502100056843678,9.977510292042481,88.5,0.050893154075718,-64.07212664045841
1,96,211,1.0,0.13957,0.1665523267620062,0.7276363599222413,4,210,119.66329861193611,-26.20963497095308,45.179083275430386,122.5,-0.2156231645020035,-64.07212664045841
1,97,-211,-1.0,0.13957,0.3112212944657307,0.6893374543344017,1,44,-20.92918945263118,-25.83663153075245,-39.24531809716157,33.25,-2.2516406298504825,-64.07212664045841
1,97,-211,-1.0,0.13957,0.3112212944657307,0.6893374543344017,2,67,-29.541782060048813,-40.95769906521335,-26.269925219710125,50.5,-2.19565885562987,-64.07212664045841
1,97,-211,-1.0,0.13957,0.3112212944657307,0.6893374543344017,3,118,-42.38406978672759,-77.69067272403943,2.8061012878768423,88.49999999999999,-2.0702158514123687,-64.07212664045841
1,97,-211,-1.0,0.13957,0.3112212944657307,0.6893374543344017,4,166,-45.791843761299646,-113.61935154251113,29.76262154336827,122.5,-1.953910802772122,-64.07212664045841
1,97,-211,-1.0,0.13957,0.3112212944657307,0.6893374543344017,5,532,144.41463953721768,-261.81178714361863,235.38971200200496,299.0,-1.066727712642472,-64.07212664045841
1,102,211,1.0,0.13957,0.382257520431243,1.7012494859185077,1,95,16.706812960359876,-28.747954722163296,24.1243242310084,33.24999999999999,-1.044354026195773,-64.07212664045841
1,102,211,1.0,0.13957,0.382257520431243,1.7012494859185077,2,144,23.364892713748265,-44.76976422179408,70.10366890674862,50.5,-1.089790457380709,-64.07212664045841
1,102,211,1.0,0.13957,0.382257520431243,1.7012494859185077,3,255,32.80941798469339,-82.19362561358196,172.5289712138332,88.49999999999999,-1.1910036940179882,-64.07212664045841
1,102,211,1.0,0.13957,0.382257520431243,1.7012494859185077,4,356,34.69355597665992,-117.48449758880686,266.2876630563261,122.5,-1.283654012043168,-64.07212664045841
1,102,211,1.0,0.13957,0.382257520431243,1.7012494859185077,5,980,-84.19647652563434,-286.9005983623393,845.7351566934151,299.0,-1.856250804402081,-64.07212664045841
1,102,211,1.0,0.13957,0.382257520431243,1.7012494859185077,6,1451,-243.71333850014867,-279.7227352881992,1282.1523102097374,371.0,-2.287508450524793,-64.07212664045841
1,103,-211,-1.0,0.13957,0.2948691661312714,1.738865021379068,1,99,15.3138316870193,-29.513540266488597,27.81313135586845,33.25,-1.0921631644200982,-64.07212664045841
1,103,-211,-1.0,0.13957,0.2948691661312714,1.738865021379068,2,150,25.86782508872316,-43.37171457504562,75.87658369899975,50.5,-1.0330121966505836,-64.07212664045841
1,103,-211,-1.0,0.13957,0.2948691661312714,1.738865021379068,3,267,54.99905157016342,-69.33508726743268,183.8002633248937,88.5,-0.9001937208763968,-64.07212664045841
1,103,-211,-1.0,0.13957,0.2948691661312714,1.738865021379068,4,375,87.3876881826095,-85.84661876916881,284.307044073909,122.49999999999996,-0.7765025307084263,-64.07212664045841
1,104,211,1.0,0.13957,0.1834801056294073,0.3756703555206291,1,43,12.726890493723465,-30.71788987480701,-51.214047681342784,33.25,-1.1780104448747226,-64.07212664045841
1,104,211,1.0,0.13957,0.1834801056294073,0.3756703555206291,2,67,14.735498190896646,-48.30233009975897,-44.39699670324927,50.49999999999999,-1.274696444921834,-64.07212664045841
1,104,211,1.0,0.13957,0.1834801056294073,0.3756703555206291,3,121,6.315937128704908,-88.27433906966534,-28.554618736888784,88.5,-1.4993690858707376,-64.07212664045841
1,104,211,1.0,0.13957,0.1834801056294073,0.3756703555206291,4,176,-19.09663667735189,-121.00234901692288,-12.480723803159776,122.5,-1.727325654579087,-64.07212664045841
1,105,-211,-1.0,0.13957,0.2919355977722673,1.653623872168608,1,91,29.390940616591045,15.547832957425893,19.809210587831245,33.25,0.4865782299136558,-64.07212664045841
1,105,-211,-1.0,0.13957,0.2919355977722673,1.653623872168608,2,139,43.14894507787146,26.237731202732316,63.69333529447607,50.50000000000001,0.5463347783184441,-64.07212664045841
1,105,-211,-1.0,0.13957,0.2919355977722673,1.653623872168608,3,247,68.78344120106901,55.687415243832994,162.27252698386178,88.5,0.6805702472189552,-64.07212664045841
1,105,-211,-1.0,0.13957,0.2919355977722673,1.653623872168608,4,347,84.8449242319668,88.36056151967242,254.15943667676163,122.5,0.805692870527155,-64.07212664045841
1,106,211,1.0,0.13957,0.1829408902944227,1.4719247022267017,1,80,33.1997520129789,-1.8272838522527293,4.94221861962248,33.25,-0.0549836055208288,-64.07212664045841
1,106,211,1.0,0.13957,0.1829408902944227,1.4719247022267017,2,123,49.91802612190122,-7.644649638354123,41.53663074886501,50.50000000000001,-0.1519634044878794,-64.07212664045841
1,106,211,1.0,0.13957,0.1829408902944227,1.4719247022267017,3,223,82.2713053786763,-32.61414281088173,126.61036318503528,88.5,-0.3774179614002275,-64.07212664045841
1,106,211,1.0,0.13957,0.1829408902944227,1.4719247022267017,4,324,100.65881147162558,-69.81442310239154,213.0152118965458,122.5,-0.6064007746650854,-64.07212664045841
2,113,211,1.0,0.13957,0.916587449713568,1.575980815349929,1,84,-30.33276857228464,-13.619311683790093,133.83645336900943,33.25,-2.719573421614646,56.86778061580997
2,113,211,1.0,0.13957,0.916587449713568,1.575980815349929,2,127,-46.45109001264736,-19.812779629242648,173.80118189234642,50.49999999999999,-2.7384268655668054,56.86778061580997
2,113,211,1.0,0.13957,0.916587449713568,1.575980815349929,3,223,-82.7782382961542,-31.30516354509446,262.0067859536237,88.5,-2.78003601229524,56.86778061580997
2,113,211,1.0,0.13957,0.916587449713568,1.575980815349929,4,310,-116.11903050705594,-39.02077336626492,341.22631665517,122.5,-2.817407040784232,56.86778061580997
2,113,211,1.0,0.13957,0.916587449713568,1.575980815349929,5,769,-296.63726795097784,-37.51441406419404,761.774461197239,299.00000000000006,-3.015794854749116,56.86778061580997
2,113,211,1.0,0.13957,0.916587449713568,1.575980815349929,6,965,-370.6835934221707,-15.319058966753232,940.8889312571914,371.0,-3.100289647133037,56.86778061580997
2,113,211,1.0,0.13957,0.916587449713568,1.575980815349929,7,1168,-442.52133673720783,20.588019144995663,1126.9965543942897,443.0,3.095101824025787,56.86778061580997
2,113,211,1.0,0.13957,0.916587449713568,1.575980815349929,8,1378,-509.1513439472274,70.43372031017607,1319.8420210250151,514.0,3.0041295587152628,56.86778061580997
3,131,211,1.0,0.13957,0.2823884563171715,1.2311656278058296,1,64,-28.43253771487923,-17.23813502360305,13.032105625763798,33.25,-2.5965668553793453,-39.17977820815886
3,131,211,1.0,0.13957,0.2823884563171715,1.2311656278058296,2,97,-44.718357650342256,-23.463130418937624,40.363770835026536,50.5,-2.6583912376902865,-39.17977820815886
3,131,211,1.0,0.13957,0.2823884563171715,1.2311656278058296,3,173,-83.31116142768654,-29.85800364341116,101.84705474684097,88.5,-2.797461847821814,-39.17977820815886
3,131,211,1.0,0.13957,0.2823884563171715,1.2311656278058296,4,243,-119.70334385145478,-26.02613053798788,159.33741370525837,122.5,-2.9275027386260493,-39.17977820815886
3,136,-211,-1.0,0.13957,0.6189926507114833,-0.8172848824869922,1,45,-18.23791947392961,27.80181276935838,-69.49702700487329,33.25,2.1513761634676465,-39.17977820815886
3,136,-211,-1.0,0.13957,0.6189926507114833,-0.8172848824869922,2,69,-28.868932814254,41.43470427269982,-85.25461227806593,50.5,2.179326420558677,-39.17977820815886
3,136,-211,-1.0,0.13957,0.6189926507114833,-0.8172848824869922,3,121,-54.9823411420841,69.34833929183513,-120.11263918858268,88.49999999999999,2.2411579460517164,-39.17977820815886
3,136,-211,-1.0,0.13957,0.6189926507114833,-0.8172848824869922,4,169,-81.33973562991369,91.59747489781444,-151.5640034027286,122.5,2.296949086549501,-39.17977820815886
3,136,-211,-1.0,0.13957,0.6189926507114833,-0.8172848824869922,5,428,-256.5328455224578,153.5965467325057,-323.58805501496226,299.0,2.6020999357664305,-39.17977820815886
3,136,-211,-1.0,0.13957,0.6189926507114833,-0.8172848824869922,6,545,-341.6007317565948,144.7409412134623,-401.7847801281593,371.0,2.7408119405861995,-39.17977820815886
3,136,-211,-1.0,0.13957,0.6189926507114833,-0.8172848824869922,7,677,-429.6959665759302,107.7514561775251,-489.21116626639554,443.0,2.895896863400831,-39.17977820815886
3,136,-211,-1.0,0.13957,0.6189926507114833,-0.8172848824869922,8,832,-512.9745784779396,32.45122240193966,-592.1032893696715,514.0,3.078415961913214,-39.17977820815886
3,142,-321,-1.0,0.49368,0.2616560606541116,0.5090392109367918,1,73,-13.804713816732756,-30.24884091065487,-21.465760562238827,33.25,-1.998936279421452,-39.17977820815886
3,142,-321,-1.0,0.49368,0.2616560606541116,0.5090392109367918,2,111,-17.851079987955153,-47.23969668894611,-12.178965771253367,50.49999999999999,-1.9320921910922664,-39.17977820815886
3,142,-321,-1.0,0.49368,0.2616560606541116,0.5090392109367918,3,198,-18.480527776775865,-86.54894622750653,8.788626089730982,88.50000000000001,-1.7811640423255977,-39.17977820815886
3,142,-321,-1.0,0.49368,0.2616560606541116,0.5090392109367918,4,280,-8.3315056739794,-122.21634920584252,28.557983790747777,122.5,-1.638861161211884,-39.17977820815886
3,150,-211,-1.0,0.13957,0.2271401865547804,1.1780781391933848,1,62,-31.42021762133422,10.878070813705827,9.87854991568264,33.25,2.808296011984788,-39.17977820815886
3,150,-211,-1.0,0.13957,0.2271401865547804,1.1780781391933848,2,95,-48.85482368262039,12.784999137273084,35.688277949637786,50.5,2.8856388032081983,-39.17977820815886
3,150,-211,-1.0,0.13957,0.2271401865547804,1.1780781391933848,3,171,-88.21838042365432,7.054598176182863,94.47134779491759,88.5,3.0617950194071515,-39.17977820815886
3,150,-211,-1.0,0.13957,0.2271401865547804,1.1780781391933848,4,243,-122.00694910205932,-10.979725443175075,151.04829464109238,122.5,-3.051841796568021,-39.17977820815886
3,155,211,1.0,0.13957,0.713092022044716,-0.3868844249540524,1,36,13.593288840665211,30.34443933399077,-52.37180125969819,33.25,1.149634841655088,-39.17977820815886
3,155,211,1.0,0.13957,0.713092022044716,-0.3868844249540524,2,55,21.756698478889703,45.57297522982977,-59.225309936949905,50.49999999999999,1.1253887668942018,-39.17977820815886
3,155,211,1.0,0.13957,0.713092022044716,-0.3868844249540524,3,97,42.35081206113056,77.70880720846769,-74.37048326313514,88.5,1.071804830959808,-39.17977820815886
3,155,211,1.0,0.13957,0.713092022044716,-0.3868844249540524,4,134,63.74094594298817,104.6104287836211,-88.00685236683941,122.5,1.0235540091676587,-39.17977820815886
3,155,211,1.0,0.13957,0.713092022044716,-0.3868844249540524,5,337,216.03995101193928,206.7068928864224,-161.55391813482188,299.0,0.7633245692670307,-39.17977820815886
3,155,211,1.0,0.13957,0.713092022044716,-0.3868844249540524,6,426,295.6316484614048,224.1493440275754,-193.9406356608531,371.0,0.6487315535185426,-39.17977820815886
3,155,211,1.0,0.13957,0.713092022044716,-0.3868844249540524,7,522,383.2386995739074,222.2095838367471,-228.78304538626645,443.0,0.5254493292053913,-39.17977820815886
3,155,211,1.0,0.13957,0.713092022044716,-0.3868844249540524,8,627,475.27853497688005,195.7199892454285,-266.8838912610771,514.0,0.3906377399135692,-39.17977820815886
3,156,211,1.0,0.13957,1.703630396785594,1.5547391835585207,1,82,10.204510582066554,-31.64538613732643,36.01334868382502,33.25,-1.258859494101937,-39.17977820815886
3,156,211,1.0,0.13957,1.703630396785594,1.5547391835585207,2,124,15.010676230411065,-48.21752377617263,75.03280773020913,50.5,-1.2689944616945354,-39.17977820815886
3,156,211,1.0,0.13957,1.703630396785594,1.5547391835585207,3,219,24.41170601662695,-85.06655399954661,161.03583633616535,88.5,-1.2913344045150512,-39.17977820815886
3,156,211,1.0,0.13957,1.703630396785594,1.5547391835585207,4,303,31.427471528935968,-118.40001703250688,238.069514487158,122.5,-1.3113444753863135,-39.17977820815886
3,156,211,1.0,0.13957,1.703630396785594,1.5547391835585207,5,743,46.13736392684538,-295.4189290649498,640.4750945062149,299.0,-1.4158717650634616,-39.17977820815886
3,156,211,1.0,0.13957,1.703630396785594,1.5547391835585207,6,925,41.386100198607394,-368.6844052985573,806.5500999455347,371.0,-1.4590108296084323,-39.17977820815886
3,156,211,1.0,0.13957,1.703630396785594,1.5547391835585207,7,1109,30.200926758228025,-441.96934737936766,974.2417077530625,443.0,-1.502569758639562,-39.17977820815886
3,156,211,1.0,0.13957,1.703630396785594,1.5547391835585207,8,1292,12.728378778391448,-513.8423769734001,1141.55477173757,514.0,-1.5460304123374515,-39.17977820815886
3,160,211,1.0,0.13957,0.2914316121377283,-0.8469003056172038,1,48,11.837196430580413,-31.07158316957561,-70.89739152744637,33.25,-1.206806048448633,-39.17977820815886
3,160,211,1.0,0.13957,0.2914316121377283,-0.8469003056172038,2,74,15.122997219888791,-48.18241333813859,-87.49154270590046,50.49999999999999,-1.2666641502438962,-39.17977820815886
3,160,211,1.0,0.13957,0.2914316121377283,-0.8469003056172038,3,131,14.94207941181708,-87.22949193278012,-124.77055244924819,88.5,-1.40114666012261,-39.17977820815886
3,160,211,1.0,0.13957,0.2914316121377283,-0.8469003056172038,4,184,5.422435004413114,-122.37992972143314,-159.5241936021914,122.5,-1.5265170833069184,-39.17977820815886
3,161,-211,-1.0,0.13957,0.3135970157327092,-0.6046084439546197,1,42,33.20351519790634,-1.75757745274638,-60.57067632835107,33.25,-0.0528841192506607,-39.17977820815886
3,161,-211,-1.0,0.13957,0.3135970157327092,-0.6046084439546197,2,64,50.49982085459569,0.1345126527209086,-71.74907643689795,50.5,0.0026636200352351,-39.17977820815886
3,161,-211,-1.0,0.13957,0.3135970157327092,-0.6046084439546197,3,113,87.78608062913753,11.218469047716178,-96.79157384231789,88.50000000000001,0.127104324961605,-39.17977820815886
3,161,-211,-1.0,0.13957,0.3135970157327092,-0.6046084439546197,4,159,118.91827366397196,29.405682933417328,-119.9949852943615,122.5,0.2424136393196641,-39.17977820815886
3,161,-211,-1.0,0.13957,0.3135970157327092,-0.6046084439546197,5,503,133.62626836391175,267.4790092757483,-294.07317229863975,299.0,1.1074874522568876,-39.17977820815886
3,166,-211,-1.0,0.13957,0.1344074890330732,0.2581430477114285,1,49,-5.78921475955908,-32.74213634550597,-30.409650664374738,33.24999999999999,-1.7457999668913278,-39.17977820815886
3,166,-211,-1.0,0.13957,0.1344074890330732,0.2581430477114285,2,75,-2.004929880710407,-50.46018486067441,-25.666087298151872,50.50000000000001,-1.6105083457045948,-39.17977820815886
3,166,-211,-1.0,0.13957,0.1344074890330732,0.2581430477114285,3,141,25.662053379561787,-84.69775095210333,-13.959844334315694,88.5,-1.2766042790602374,-39.17977820815886
3,166,-211,-1.0,0.13957,0.1344074890330732,0.2581430477114285,4,226,81.05532198462618,-91.8492502852831,1.075672242671473,122.5,-0.8477443410347244,-39.17977820815886
3,167,-321,-1.0,0.49368,0.896025031430474,0.2138267099233557,1,38,-18.618491301358837,-27.54839889469487,-32.01408873301577,33.25,-2.165127360398483,-39.17977820815886
3,167,-321,-1.0,0.49368,0.896025031430474,0.2138267099233557,2,58,-27.465647753625426,-42.37792106125276,-28.29327644570637,50.5,-2.145843303941157,-39.17977820815886
3,167,-321,-1.0,0.49368,0.896025031430474,0.2138267099233557,3,103,-44.92888233049307,-76.24726573807554,-20.080396323371026,88.5,-2.1032756777957657,-39.17977820815886
3,167,-321,-1.0,0.49368,0.896025031430474,0.2138267099233557,4,142,-58.10924925417413,-107.84046156761508,-12.702905060076457,122.5,-2.0650346007086657,-39.17977820815886
3,167,-321,-1.0,0.49368,0.896025031430474,0.2138267099233557,5,354,-85.78958327791602,-286.4282587333197,26.50439222407929,299.00000000000006,-1.8618081826235928,-39.17977820815886
3,167,-321,-1.0,0.49368,0.896025031430474,0.2138267099233557,6,444,-75.25598478322644,-363.2871271519358,43.24018289553113,371.0,-1.7750601268592976,-39.17977820815886
3,167,-321,-1.0,0.49368,0.896025031430474,0.2138267099233557,7,538,-50.36353391666479,-440.1278387598596,60.66702158268078,443.0,-1.68473009622017,-39.17977820815886
3,167,-321,-1.0,0.49368,0.896025031430474,0.2138267099233557,8,636,-10.302596649128132,-513.8967371975477,78.78036400638445,514.0000000000001,-1.590841631535138,-39.17977820815886
3,176,-211,-1.0,0.13957,0.3735168859289073,-1.1282514966186057,1,58,-26.64554406848813,19.889129726920096,-85.23639965060862,33.25,2.500377942564721,-39.17977820815886
3,176,-211,-1.0,0.13957,0.3735168859289073,-1.1282514966186057,2,88,-41.82993312472394,28.293227012504666,-109.25262554837917,50.5,2.54689067812433,-39.17977820815886
3,176,-211,-1.0,0.13957,0.3735168859289073,-1.1282514966186057,3,156,-78.04329983564132,41.73120356237269,-162.78116034940393,88.5,2.6505574575690547,-39.17977820815886
3,176,-211,-1.0,0.13957,0.3735168859289073,-1.1282514966186057,4,218,-113.01852359169492,47.25529943988816,-211.83681178833606,122.5,2.7455638724624807,-39.17977820815886
3,176,-211,-1.0,0.13957,0.3735168859289073,-1.1282514966186057,5,606,-293.1206473504072,-59.00242450000023,-518.885171248179,299.0,-2.942956461996745,-39.17977820815886
3,176,-211,-1.0,0.13957,0.3735168859289073,-1.1282514966186057,6,953,-276.38108572580444,-247.49645543527592,-793.4125339353129,371.0,-2.4112749460330667,-39.17977820815886
3,177,321,1.0,0.49368,1.3498311631219722,-1.471879513120095,1,77,-28.34019313246285,-17.389535738906464,-107.8134598459423,33.25,-2.591233296322473,-39.17977820815886
3,177,321,1.0,0.49368,1.3498311631219722,-1.471879513120095,2,117,-43.377380740378975,-25.85832245340366,-143.4342133133869,50.50000000000001,-2.6040276066589003,-39.17977820815886
3,177,321,1.0,0.49368,1.3498311631219722,-1.471879513120095,3,205,-77.26570411272823,-43.15392181441139,-221.97169788795026,88.5,-2.6322368396831526,-39.17977820815886
3,177,321,1.0,0.49368,1.3498311631219722,-1.471879513120095,4,284,-108.42562264575383,-57.00994960426286,-292.36392759793216,122.5,-2.6575204691600267,-39.17977820815886
3,177,321,1.0,0.49368,1.3498311631219722,-1.471879513120095,5,700,-280.7190354253363,-102.94572914826912,-661.4731435651629,299.0,-2.7900994520057965,-39.17977820815886
3,177,321,1.0,0.49368,1.3498311631219722,-1.471879513120095,6,873,-354.8242306080423,-108.35481241463542,-814.9080036128145,371.0,-2.8452110547084897,-39.17977820815886
3,177,321,1.0,0.49368,1.3498311631219722,-1.471879513120095,7,1048,-430.2620599847272,-105.46828782956068,-970.8042009888828,443.0,-2.9012068039162067,-39.17977820815886
3,177,321,1.0,0.49368,1.3498311631219722,-1.471879513120095,8,1225,-505.3161428445427,-94.08291970763716,-1127.5679941005465,514.0,-2.9575141332265136,-39.17977820815886
3,178,-211,-1.0,0.13957,0.7471319433629147,-0.5093962985944072,1,38,-13.173726056306272,-30.52892795028016,-56.865120888938634,33.24999999999999,-1.9781732568988977,-39.17977820815886
3,178,-211,-1.0,0.13957,0.7471319433629147,-0.5093962985944072,2,58,-18.930152691491045,-46.81772441156057,-66.05185164572899,50.5,-1.955036161974159,-39.17977820815886
3,178,-211,-1.0,0.13957,0.7471319433629147,-0.5093962985944072,3,101,-28.938476362228663,-83.63500813554533,-86.34737058633763,88.50000000000001,-1.9039113903615172,-39.17977820815886
3,178,-211,-1.0,0.13957,0.7471319433629147,-0.5093962985944072,4,141,-34.689750934891855,-117.48562116308176,-104.61059860275142,122.5,-1.8579062540942295,-39.17977820815886
3,178,-211,-1.0,0.13957,0.7471319433629147,-0.5093962985944072,5,353,-11.92570203564508,-298.76207528894463,-202.75149117872186,299.0,-1.6106922006241453,-39.17977820815886
3,178,-211,-1.0,0.13957,0.7471319433629147,-0.5093962985944072,6,445,25.246802610823988,-370.13997211586064,-245.62572438970415,371.0,-1.5026930135536394,-39.17977820815886
3,178,-211,-1.0,0.13957,0.7471319433629147,-0.5093962985944072,7,544,80.73812839175913,-435.5804800766396,-291.3481575907555,443.0,-1.3875188698098984,-39.17977820815886
3,178,-211,-1.0,0.13957,0.7471319433629147,-0.5093962985944072,8,651,155.52976871627484,-489.9045734049256,-340.62552116522807,514.0,-1.2633904956291633,-39.17977820815886
3,179,321,1.0,0.49368,1.2665247450058137,-1.242695255622846,1,63,-7.9133475780286044,-32.29460373048892,-91.99241678642002,33.25,-1.8110977669372592,-39.17977820815886
3,179,321,1.0,0.49368,1.2665247450058137,-1.242695255622846,2,96,-12.686476360223011,-48.8805003816604,-119.4035219007649,50.49999999999999,-1.8247340638700469,-39.17977820815886
3,179,321,1.0,0.49368,1.2665247450058137,-1.242695255622846,3,169,-24.798188583293324,-84.95469288383909,-179.84737289479966,88.5,-1.854804526767421,-39.17977820815886
3,179,321,1.0,0.49368,1.2665247450058137,-1.242695255622846,4,235,-37.48242530743659,-116.62468775123232,-234.03531708565092,122.5,-1.8817628875982324,-39.17977820815886
3,179,321,1.0,0.49368,1.2665247450058137,-1.242695255622846,5,578,-130.73364650431452,-268.90465535517404,-518.5736107485443,299.0,-2.0233196610219943,-39.17977820815886
3,179,321,1.0,0.49368,1.2665247450058137,-1.242695255622846,6,721,-181.60749072780823,-323.5115443250041,-637.1718408429323,371.00000000000006,-2.08232183961463,-39.17977820815886
3,179,321,1.0,0.49368,1.2665247450058137,-1.242695255622846,7,867,-239.65965920481187,-372.5751571828608,-757.958736019795,443.0,-2.1424130440084865,-39.17977820815886
3,179,321,1.0,0.49368,1.2665247450058137,-1.242695255622846,8,1014,-303.7440885921511,-414.6510926614368,-879.7868029863231,514.0,-2.203022129125233,-39.17977820815886
3,180,-321,-1.0,0.49368,0.4577309116615047,-1.134745272922871,1,67,-17.130667603444653,-28.497416154105828,-85.58580377601689,33.25,-2.1120467032737897,-39.17977820815886
3,180,-321,-1.0,0.49368,0.4577309116615047,-1.134745272922871,2,102,-24.3605787257028,-44.23587010728778,-109.74279106433826,50.50000000000001,-2.074174813131349,-39.17977820815886
3,180,-321,-1.0,0.49368,0.4577309116615047,-1.134745272922871,3,180,-36.03034337256075,-80.83355959287805,-163.37083684772745,88.5,-1.990097786253684,-39.17977820815886
3,180,-321,-1.0,0.49368,0.4577309116615047,-1.134745272922871,4,251,-41.18571330176024,-115.36891704365266,-212.10932658881026,122.5,-1.9136859528572805,-39.17977820815886
3,180,-321,-1.0,0.49368,0.4577309116615047,-1.134745272922871,5,660,29.3802190446629,-297.5530250709739,-493.59326858691816,299.0,-1.47237590872338,-39.17977820815886
3,180,-321,-1.0,0.49368,0.4577309116615047,-1.134745272922871,6,877,120.9176743805294,-350.74195075925013,-642.5715200380113,371.0,-1.2388077644713509,-39.17977820815886
3,180,-321,-1.0,0.49368,0.4577309116615047,-1.134745272922871,7,1223,287.1046135260404,-337.37211042417687,-880.5401935784179,443.0,-0.8657203684902512,-39.17977820815886
3,181,-211,-1.0,0.13957,1.3637054334189085,-0.4107257347756571,1,36,-18.958411766113738,-27.315583891004053,-53.22502465459773,33.25,-2.177518590423326,-39.17977820815886
3,181,-211,-1.0,0.13957,1.3637054334189085,-0.4107257347756571,2,55,-28.266396426269157,-41.84806845092135,-60.51442310687839,50.50000000000001,-2.1648570205659885,-39.17977820815886
3,181,-211,-1.0,0.13957,1.3637054334189085,-0.4107257347756571,3,96,-47.46935065038429,-74.6921063354814,-76.58598183494203,88.5,-2.136934602358302,-39.17977820815886
3,181,-211,-1.0,0.13957,1.3637054334189085,-0.4107257347756571,4,133,-63.09867104075091,-104.99908434310797,-90.9902222996178,122.5,-2.111910364435613,-39.17977820815886
3,181,-211,-1.0,0.13957,1.3637054334189085,-0.4107257347756571,5,328,-119.16225762301536,-274.22865706958146,-166.50470775646517,299.0,-1.9807163503778464,-39.17977820815886
3,181,-211,-1.0,0.13957,1.3637054334189085,-0.4107257347756571,6,409,-129.09711911946607,-347.81451067351173,-197.88280292649333,371.0,-1.9262019539212465,-39.17977820815886
3,181,-211,-1.0,0.13957,1.3637054334189085,-0.4107257347756571,7,492,-130.9306895845813,-423.209350705896,-229.75313403009406,443.00000000000006,-1.870832332494477,-39.17977820815886
3,181,-211,-1.0,0.13957,1.3637054334189085,-0.4107257347756571,8,574,-124.3662015627738,-498.72742847055,-261.78663361701365,514.0,-1.8151792099853865,-39.17977820815886
3,182,211,1.0,0.13957,0.3093680768278002,-0.5409732472889591,1,41,-10.839207879648445,-31.4336455496617,-58.0940089425405,33.25,-1.9028563561331524,-39.17977820815886
3,182,211,1.0,0.13957,0.3093680768278002,-0.5409732472889591,2,62,-19.12403809176556,-46.73886142242556,-67.98016649585456,50.5,-1.9591809289295044,-39.17977820815886
3,182,211,1.0,0.13957,0.3093680768278002,-0.5409732472889591,3,110,-43.56003349492482,-77.03748102009195,-90.13839051909774,88.5,-2.085415943162446,-39.17977820815886
3,182,211,1.0,0.13957,0.3093680768278002,-0.5409732472889591,4,155,-72.34000774700698,-98.85936111043289,-110.69107400479822,122.5,-2.202512587550615,-39.17977820815886
3,182,211,1.0,0.13957,0.3093680768278002,-0.5409732472889591,5,501,-298.84003528077375,-9.779228670293897,-269.7788599602834,299.0,-3.108880369298919,-39.17977820815886
3,183,2212,1.0,0.93827,1.4422596746994565,-0.4306402158272271,1,42,-3.0922107986296576,33.10590177561756,-53.94657062255608,33.25,1.6639297266428852,-39.17977820815886
3,183,2212,1.0,0.93827,1.4422596746994565,-0.4306402158272271,2,64,-4.094114991323638,50.33376821218356,-61.61013958717211,50.50000000000001,1.6519569830190246,-39.17977820815886
3,183,2212,1.0,0.93827,1.4422596746994565,-0.4306402158272271,3,112,-4.844225091330663,88.36732135390618,-78.50512400353466,88.5,1.6255607036832085,-39.17977820815886
3,183,2212,1.0,0.93827,1.4422596746994565,-0.4306402158272271,4,156,-3.8103924867460193,122.44072406310308,-93.64463411281889,122.5,1.6019065896784692,-39.17977820815886
3,183,2212,1.0,0.93827,1.4422596746994565,-0.4306402158272271,5,383,27.697484415237117,297.7143754625693,-172.92946309712383,299.0,1.4780296036699991,-39.17977820815886
3,183,2212,1.0,0.93827,1.4422596746994565,-0.4306402158272271,6,477,53.28953193863049,367.1528643300521,-205.8074175219816,371.0,1.4266602160338278,-39.17977820815886
3,183,2212,1.0,0.93827,1.4422596746994565,-0.4306402158272271,7,573,86.36844007215178,434.4991283759993,-239.14209768711046,443.0,1.374576989459324,-39.17977820815886
3,183,2212,1.0,0.93827,1.4422596746994565,-0.4306402158272271,8,669,126.3945585730954,498.2172373203403,-272.5725153889604,513.9999999999999,1.3223443025955977,-39.17977820815886
3,184,-211,-1.0,0.13957,1.0445969177172358,-0.4945826988470851,1,37,-27.87043153829827,18.132885756796373,-56.306235936628404,33.24999999999999,2.564786100851248,-39.17977820815886
3,184,-211,-1.0,0.13957,1.0445969177172358,-0.4945826988470851,2,57,-42.77913367187568,26.83646255160677,-65.19714557629513,50.50000000000001,2.581322461648761,-39.17977820815886
3,184,-211,-1.0,0.13957,1.0445969177172358,-0.4945826988470851,3,100,-76.63500457906646,44.26427536023224,-84.81155200182079,88.5,2.617807610730107,-39.17977820815886
3,184,-211,-1.0,0.13957,1.0445969177172358,-0.4945826988470851,4,139,-108.02539642985452,57.764727353054944,-102.41227972813545,122.5,2.650546376889402,-39.17977820815886
3,184,-211,-1.0,0.13957,1.0445969177172358,-0.4945826988470851,5,343,-283.9933207710801,93.53498680929182,-195.3504028995925,299.0,2.8234256975716803,-39.17977820815886
3,184,-211,-1.0,0.13957,1.0445969177172358,-0.4945826988470851,6,429,-359.89215979002523,90.10345898838143,-234.51243575996855,371.0,2.8962729525738893,-39.17977820815886
3,184,-211,-1.0,0.13957,1.0445969177172358,-0.4945826988470851,7,518,-436.5847057951065,75.11853743118456,-274.79321071426784,443.0,2.971201547233182,-39.17977820815886
3,184,-211,-1.0,0.13957,1.0445969177172358,-0.4945826988470851,8,608,-511.739097707157,48.156991993529054,-315.9527578902171,514.0,3.047764394978659,-39.17977820815886
3,185,-211,-1.0,0.13957,0.2430734170458147,0.2198060666342909,1,39,3.992852250324301,33.00938701198616,-31.78901447190181,33.25,1.450420037602514,-39.17977820815886
3,185,-211,-1.0,0.13957,0.2430734170458147,0.2198060666342909,2,59,2.4365226259241406,50.44118711423592,-27.90772818151847,50.5,1.5225296152250845,-39.17977820815886
3,185,-211,-1.0,0.13957,0.2430734170458147,0.2198060666342909,3,106,-10.175025180472389,87.91313248074347,-19.10784226901712,88.5,1.6860231756789703,-39.17977820815886
3,185,-211,-1.0,0.13957,0.2430734170458147,0.2198060666342909,4,150,-32.77891043653248,118.03301669699788,-10.729684107815288,122.5,1.8416799495466765,-39.17977820815886
3,188,-211,-1.0,0.13957,0.2432752411846628,-1.6250705673429948,1,90,-14.48366334972236,29.929684194323023,-120.59623242808686,33.25,2.0214998343219497,-39.17977820815886
3,188,-211,-1.0,0.13957,0.2432752411846628,-1.6250705673429948,2,137,-25.213094033475727,43.75556980841537,-163.35149065990552,50.5,2.093551439655255,-39.17977820815886
3,188,-211,-1.0,0.13957,0.2432752411846628,-1.6250705673429948,3,244,-56.06704311007885,68.47435050361968,-260.28365722484926,88.5,2.256898163784129,-39.17977820815886
3,188,-211,-1.0,0.13957,0.2432752411846628,-1.6250705673429948,4,346,-91.34971401321351,81.6178886623766,-352.5597140110783,122.5,2.412399094795957,-39.17977820815886
3,189,211,1.0,0.13957,0.5599927737369933,-1.1881549819982713,1,60,20.88560633562998,25.871875617996714,-88.68892060005581,33.25,0.891637746614857,-39.17977820815886
3,189,211,1.0,0.13957,0.5599927737369933,-1.1881549819982713,2,91,32.92034044157286,38.29492375251506,-114.4322057809884,50.5,0.8607249094694244,-39.17977820815886
3,189,211,1.0,0.13957,0.5599927737369933,-1.1881549819982713,3,160,62.14691770499782,63.00802028129617,-171.43360946647468,88.5,0.792278347294245,-39.17977820815886
3,189,211,1.0,0.13957,0.5599927737369933,-1.1881549819982713,4,223,91.25115980116672,81.72806026660572,-222.96267769160136,122.5,0.7304002517144036,-39.17977820815886
3,189,211,1.0,0.13957,0.5599927737369933,-1.1881549819982713,5,571,276.84165572085857,112.95883169426644,-508.5943603187595,299.0,0.387406875008022,-39.17977820815886
3,189,211,1.0,0.13957,0.5599927737369933,-1.1881549819982713,6,734,361.5392936302685,83.24865861577922,-642.7435373546701,371.0,0.2263169418106581,-39.17977820815886
3,189,211,1.0,0.13957,0.5599927737369933,-1.1881549819982713,7,925,442.6865358172955,16.662262934016965,-799.8818164247058,443.0,0.0376212056124304,-39.17977820815886
3,189,211,1.0,0.13957,0.5599927737369933,-1.1881549819982713,8,1179,502.3636257870172,-108.75103441403104,-1008.7466209384756,514.0,-0.2131891154199291,-39.17977820815886
3,190,-211,-1.0,0.13957,0.8827174915078789,-1.2671589354333026,1,63,13.041077369198874,30.585826800179344,-93.54177198893976,33.25,1.1677603608114795,-39.17977820815886
3,190,-211,-1.0,0.13957,0.8827174915078789,-1.2671589354333026,2,97,18.893519575830084,46.832519877086746,-121.77021148489499,50.5,1.187338830499441,-39.17977820815886
3,190,-211,-1.0,0.13957,0.8827174915078789,-1.2671589354333026,3,170,29.53372247208196,83.42666981812255,-184.08212471772234,88.5,1.2305552293198252,-39.17977820815886
3,190,-211,-1.0,0.13957,0.8827174915078789,-1.2671589354333026,4,236,36.36691093431351,116.9773387844659,-240.0626254088153,122.5,1.269380247300793,-39.17977820815886
3,190,-211,-1.0,0.13957,0.8827174915078789,-1.2671589354333026,5,586,28.34035158382345,297.65386688586,-537.7918168244198,299.0,1.4758700430048033,-39.17977820815886
3,190,-211,-1.0,0.13957,0.8827174915078789,-1.2671589354333026,6,736,2.4670940052343293,370.9917970079248,-665.0736987488915,371.0,1.5641464287132751,-39.17977820815886
3,190,-211,-1.0,0.13957,0.8827174915078789,-1.2671589354333026,7,892,-37.7906147485412,441.3851712925201,-797.8108372178033,443.0,1.6562062592272762,-39.17977820815886
3,190,-211,-1.0,0.13957,0.8827174915078789,-1.2671589354333026,8,1055,-92.68010301702556,505.5753143743804,-936.075059999603,514.0,1.7520994437652242,-39.17977820815886
3,191,2212,1.0,0.93827,1.861669559258996,-0.9784892698727664,1,53,-16.220156501239337,29.025316933244728,-77.1625362076371,33.25,2.080391911422547,-39.17977820815886
3,191,2212,1.0,0.93827,1.861669559258996,-0.9784892698727664,2,80,-24.225229695675548,44.31013705904958,-96.87189171750467,50.49999999999999,2.071117669643056,-39.17977820815886
3,191,2212,1.0,0.93827,1.861669559258996,-0.9784892698727664,3,141,-40.85810674740434,78.50391781954396,-140.30952802673585,88.5,2.0506772170978502,-39.17977820815886
3,191,2212,1.0,0.93827,1.861669559258996,-0.9784892698727664,4,196,-54.55652793201017,109.68060566938804,-179.21011880512268,122.5,2.032371967055364,-39.17977820815886
3,191,2212,1.0,0.93827,1.861669559258996,-0.9784892698727664,5,480,-107.021127186761,279.1907561787731,-382.2085731829462,299.0,1.936846609293313,-39.17977820815886
3,191,2212,1.0,0.93827,1.861669559258996,-0.9784892698727664,6,597,-119.0620061402704,351.37620678391727,-465.82523458998315,371.0,1.8974989870246457,-39.17977820815886
3,191,2212,1.0,0.93827,1.861669559258996,-0.9784892698727664,7,715,-125.41855903770812,424.8754935847736,-550.1173346139966,443.0000000000001,1.8578335082173285,-39.17977820815886
3,191,2212,1.0,0.93827,1.861669559258996,-0.9784892698727664,8,833,-125.9407082317578,498.3321563075006,-634.0491887935996,514.0,1.8183375074116053,-39.17977820815886
3,202,-321,-1.0,0.49368,0.3928938214163348,0.3119226111343411,1,54,-5.61169159631634,-32.77302881071312,-28.62670237818818,33.24999999999999,-1.7403806802772743,-39.17977820815886
3,202,-321,-1.0,0.49368,0.3928938214163348,0.3119226111343411,2,82,-6.316065639732056,-50.10346609601572,-23.126530147062017,50.5,-1.6961953231740556,-39.17977820815886
3,202,-321,-1.0,0.49368,0.3928938214163348,0.3119226111343411,3,146,-2.3907262123521225,-88.46770274047796,-10.881616284088906,88.5,-1.5978134689340255,-39.17977820815886
3,202,-321,-1.0,0.49368,0.3928938214163348,0.3119226111343411,4,203,7.702919528572262,-122.2575765780442,0.3127460643626847,122.5,-1.5078738384028378,-39.17977820815886
3,202,-321,-1.0,0.49368,0.3928938214163348,0.3119226111343411,5,556,171.61006973541882,-244.8489002740357,68.56772029868571,299.0,-0.959478982291544,-39.17977820815886
3,202,-321,-1.0,0.49368,0.3928938214163348,0.3119226111343411,6,795,308.7330998899759,-205.73009753637456,114.82860453623303,371.00000000000006,-0.5877963424116059,-39.17977820815886
3,203,211,1.0,0.13957,0.4221819586537487,1.116419561221679,1,57,-33.091559045819366,-3.2421011577448606,6.194531480784541,33.25,-3.0439306781410926,-39.17977820815886
3,203,211,1.0,0.13957,0.4221819586537487,1.116419561221679,2,87,-50.41921362152576,-2.855327964867046,29.828578291059166,50.5,-3.085021336269373,-39.17977820815886
3,203,211,1.0,0.13957,0.4221819586537487,1.116419561221679,3,153,-88.4464759375535,3.0774817997463155,82.36849473635479,88.5,3.106811835943976,-39.17977820815886
3,203,211,1.0,0.13957,0.4221819586537487,1.116419561221679,4,214,-121.64752631938214,14.426688475711556,130.25564435014948,122.5,3.02354982203496,-39.17977820815886
3,203,211,1.0,0.13957,0.4221819586537487,1.116419561221679,5,572,-244.88351557347065,171.56067090209743,413.83734286067323,299.0,2.5304770471440223,-39.17977820815886
3,203,211,1.0,0.13957,0.4221819586537487,1.116419561221679,6,781,-231.2008823398673,290.1502231694245,578.827959963205,371.0,2.243602362889711,-39.17977820815886
3,205,211,1.0,0.13957,0.3344857108255327,1.641806573102192,1,90,-25.923856154346478,-20.821051416505185,43.59771459225259,33.25,-2.4649267454307995,-39.17977820815886
3,205,211,1.0,0.13957,0.3344857108255327,1.641806573102192,2,137,-40.96417642656395,-29.53279955732849,86.81697494317771,50.5,-2.516949419116195,-39.17977820815886
3,205,211,1.0,0.13957,0.3344857108255327,1.641806573102192,3,242,-77.30930635448738,-43.0757605967442,183.43542996053617,88.50000000000001,-2.633248144301789,-39.17977820815886
3,205,211,1.0,0.13957,0.3344857108255327,1.641806573102192,4,340,-112.77852469295652,-47.825248228108535,272.5493575912404,122.5,-2.7405155551164677,-39.17977820815886
3,205,211,1.0,0.13957,0.3344857108255327,1.641806573102192,5,1003,-282.7631401906633,97.19056821274008,880.7898958149498,299.0,2.8105258685880865,-39.17977820815886
3,206,-211,-1.0,0.13957,1.2235516173712124,1.7808479762598748,1,101,18.8081471474287,-27.419265141149747,56.69830532589115,33.25,-0.9695646872876694,-39.17977820815886
3,206,-211,-1.0,0.13957,1.2235516173712124,1.7808479762598748,2,154,29.15075089767744,-41.23692183106734,106.463042383415,50.5,-0.9554484890216998,-39.17977820815886
3,206,-211,-1.0,0.13957,1.2235516173712124,1.7808479762598748,3,270,53.3105231467915,-70.64161749150007,216.20638372729945,88.50000000000001,-0.9243183997911942,-39.17977820815886
3,206,-211,-1.0,0.13957,1.2235516173712124,1.7808479762598748,4,374,76.49156782993147,-95.68327989214728,314.6052670148941,122.5,-0.8964063362405795,-39.17977820815886
3,206,-211,-1.0,0.13957,1.2235516173712124,1.7808479762598748,5,922,218.83255264904625,-203.7481629392089,831.7275586828712,299.0,-0.7497174348981523,-39.17977820815886
3,206,-211,-1.0,0.13957,1.2235516173712124,1.7808479762598748,6,1151,286.49166064393654,-235.71917270659063,1047.6191895931124,371.0,-0.688476760090164,-39.17977820815886
3,206,-211,-1.0,0.13957,1.2235516173712124,1.7808479762598748,7,1384,358.9931645371687,-259.56291687294106,1267.8125701408774,443.0,-0.6260158719584534,-39.17977820815886
3,206,-211,-1.0,0.13957,1.2235516173712124,1.7808479762598748,8,1620,434.69576680867584,-274.29106860890914,1490.3181033590834,514.0,-0.5628990666306092,-39.17977820815886
3,207,211,1.0,0.13957,0.9320976173280336,0.8408432486522158,1,46,11.71985954615674,-31.11603111289033,-7.802161681911208,33.25,-1.210579685579899,-39.17977820815886
3,207,211,1.0,0.13957,0.9320976173280336,0.8408432486522158,2,69,16.920930517452682,-47.580795605197046,8.489701781893189,50.5,-1.2291189988344116,-39.17977820815886
3,207,211,1.0,0.13957,0.9320976173280336,0.8408432486522158,3,122,26.218075106628163,-84.52728871614897,44.44499544600067,88.5,-1.2700329143582747,-39.17977820815886
3,207,211,1.0,0.13957,0.9320976173280336,0.8408432486522158,4,169,31.968493047024356,-118.25508636968794,76.73320269020965,122.5,-1.3067722471284529,-39.17977820815886
3,207,211,1.0,0.13957,0.9320976173280336,0.8408432486522158,5,421,20.65394790800686,-298.2857932182043,248.00720327125433,298.99999999999994,-1.5016645252424428,-39.17977820815886
3,207,211,1.0,0.13957,0.9320976173280336,0.8408432486522158,6,527,-5.098983664509051,-370.9649584065712,320.83993510552256,371.0,-1.5845406508017017,-39.17977820815886
3,207,211,1.0,0.13957,0.9320976173280336,0.8408432486522158,7,638,-44.10553990431707,-440.7989352865416,396.40194460601634,443.0,-1.6705225844724985,-39.17977820815886
3,207,211,1.0,0.13957,0.9320976173280336,0.8408432486522158,8,753,-96.38254353030004,-504.8825658533178,474.53299231522135,514.0,-1.7594276541072154,-39.17977820815886
3,208,-211,-1.0,0.13957,1.4833348013595782,1.3300478607195148,1,67,33.19616532799502,-1.891324275850496,19.291258247441043,33.25,-0.0569126519533028,-39.17977820815886
3,208,-211,-1.0,0.13957,1.4833348013595782,1.3300478607195148,2,102,50.44825961172717,-2.2854107175249063,49.63559408987515,50.5,-0.0452711198542868,-39.17977820815886
3,208,-211,-1.0,0.13957,1.4833348013595782,1.3300478607195148,3,179,88.48298972370206,-1.7350877658595203,116.52944503355772,88.5,-0.0196067676775437,-39.17977820815886
3,208,-211,-1.0,0.13957,1.4833348013595782,1.3300478607195148,4,248,122.49929646354016,0.4151697697357215,176.46770328618686,122.5,0.0033891474655697,-39.17977820815886
3,208,-211,-1.0,0.13957,1.4833348013595782,1.3300478607195148,5,609,296.71313281577653,36.90957619165238,490.20802982458304,299.00000000000006,0.1237590788456613,-39.17977820815886
3,208,-211,-1.0,0.13957,1.4833348013595782,1.3300478607195148,6,759,365.4218196098123,64.0928525894561,620.1895687916162,371.0,0.1736280870376537,-39.17977820815886
3,208,-211,-1.0,0.13957,1.4833348013595782,1.3300478607195148,7,911,431.9177355730914,98.468622908077,751.8706302480808,443.0,0.2241490712699822,-39.17977820815886
3,208,-211,-1.0,0.13957,1.4833348013595782,1.3300478607195148,8,1063,494.7194922550214,139.4583234623657,883.7962608841758,514.0,0.2747638944430118,-39.17977820815886
3,209,211,1.0,0.13957,0.591930356028769,0.6369297440440764,1,41,-0.6420160032310527,-33.24380115828506,-16.52868986195107,33.25,-1.5901062787800275,-39.17977820815886
3,209,211,1.0,0.13957,0.591930356028769,0.6369297440440764,2,62,-2.4508539719832814,-50.44049280893292,-4.753586604791963,50.5,-1.6193471602384453,-39.17977820815886
3,209,211,1.0,0.13957,0.591930356028769,0.6369297440440764,3,109,-10.0012169069493,-87.93307489437721,21.30493407849132,88.5,-1.6840463549159117,-39.17977820815886
3,209,211,1.0,0.13957,0.591930356028769,0.6369297440440764,4,152,-20.92675998468294,-120.69929874089355,44.8356302836284,122.5,-1.7424690212071696,-39.17977820815886
3,209,211,1.0,0.13957,0.591930356028769,0.6369297440440764,5,386,-141.5090304481148,-263.39361097345267,174.25283578170513,299.0,-2.063800395699324,-39.17977820815886
3,209,211,1.0,0.13957,0.591930356028769,0.6369297440440764,6,494,-221.8624794207223,-297.3517113206002,233.86614654992925,371.0,-2.211814836661244,-39.17977820815886
3,209,211,1.0,0.13957,0.591930356028769,0.6369297440440764,7,617,-320.7051379658014,-305.60957851863265,301.72087703042376,443.0,-2.380292019733528,-39.17977820815886
3,209,211,1.0,0.13957,0.591930356028769,0.6369297440440764,8,768,-436.9414995964115,-270.69932753968766,384.9469942937878,514.0,-2.586934906780103,-39.17977820815886
3,210,-211,-1.0,0.13957,0.316972043722781,0.6715548987087269,1,43,18.346546325942125,-27.7302495104184,-15.089551922421116,33.25,-0.9863042740435592,-39.17977820815886
3,210,-211,-1.0,0.13957,0.316972043722781,0.6715548987087269,2,66,30.135569223910316,-40.5228018225654,-2.5025028501705577,50.5,-0.9313591047204608,-39.17977820815886
3,210,-211,-1.0,0.13957,0.316972043722781,0.6715548987087269,3,117,61.12886597526144,-63.99618539083812,25.68533963436898,88.49999999999999,-0.8083097837398459,-39.17977820815886
3,210,-211,-1.0,0.13957,0.316972043722781,0.6715548987087269,4,164,94.13445923805708,-78.38975433026033,51.78183637709095,122.5,-0.6943894198946108,-39.17977820815886
3,210,-211,-1.0,0.13957,0.316972043722781,0.6715548987087269,5,512,295.95091021657106,42.59176847682066,243.58767924116003,299.0,0.1429335783190938,-39.17977820815886
3,211,211,1.0,0.13957,0.7491529392105829,1.4703091712155971,1,76,27.21718384033506,19.09940846731657,29.349833677329592,33.25,0.6118933338997956,-39.17977820815886
3,211,211,1.0,0.13957,0.7491529392105829,1.4703091712155971,2,116,41.99574291267015,28.046525225291557,64.9476191130959,50.5,0.5888159251139716,-39.17977820815886
3,211,211,1.0,0.13957,0.7491529392105829,1.4703091712155971,3,203,76.0057095638349,45.33632223392166,143.58972822734873,88.50000000000001,0.5378314819528827,-39.17977820815886
3,211,211,1.0,0.13957,0.7491529392105829,1.4703091712155971,4,282,107.97295265925216,57.86269518474652,214.3547841988197,122.5,0.4919533931240751,-39.17977820815886
3,211,211,1.0,0.13957,0.7491529392105829,1.4703091712155971,5,707,290.03704636284266,72.66024867228472,594.5479297336276,299.0,0.2454685594167204,-39.17977820815886
3,211,211,1.0,0.13957,0.7491529392105829,1.4703091712155971,6,892,367.4813932389571,50.97475476306874,760.5692404377719,371.0,0.1378342823583302,-39.17977820815886
3,211,211,1.0,0.13957,0.7491529392105829,1.4703091712155971,7,1089,442.8817755966288,10.233906603900143,937.5368868169621,443.00000000000006,0.0231034245665042,-39.17977820815886
3,211,211,1.0,0.13957,0.7491529392105829,1.4703091712155971,8,1302,511.4087314142224,-51.547157373571785,1128.120999273667,514.0,-0.1004551660368137,-39.17977820815886
3,212,211,1.0,0.13957,1.1045874407019824,0.2365524768786722,1,34,31.218838744374978,-11.443190440288568,-31.23964640648654,33.25,-0.3513398347097888,-39.17977820815886
3,212,211,1.0,0.13957,1.1045874407019824,0.2365524768786722,2,52,47.13753426795022,-18.11912975663619,-27.117944093240975,50.50000000000001,-0.3669762396422891,-39.17977820815886
3,212,211,1.0,0.13957,1.1045874407019824,0.2365524768786722,3,91,81.46315094031847,-34.58330578291914,-18.02638755170883,88.49999999999999,-0.4014699304943513,-39.17977820815886
3,212,211,1.0,0.13957,1.1045874407019824,0.2365524768786722,4,127,111.22468024116344,-51.33537284612772,-9.87071457098202,122.5,-0.4324144836672219,-39.17977820815886
3,212,211,1.0,0.13957,1.1045874407019824,0.2365524768786722,5,313,247.53079529194457,-167.7185302288851,33.114094643420096,299.0,-0.5955106062678802,-39.17977820815886
3,212,211,1.0,0.13957,1.1045874407019824,0.2365524768786722,6,392,292.1785024097629,-228.63228715469768,51.16071500183552,371.0,-0.6639842884657173,-39.17977820815886
3,212,211,1.0,0.13957,1.1045874407019824,0.2365524768786722,7,472,328.87513277885614,-296.79984339566244,69.66046330183545,443.0,-0.734177904164027,-39.17977820815886
3,212,211,1.0,0.13957,1.1045874407019824,0.2365524768786722,8,554,356.0441450509063,-370.7135913005743,88.47893010480311,514.0,-0.8055802044928938,-39.17977820815886
3,215,-211,-1.0,0.13957,0.2480483650553704,1.541690512247606,1,83,13.127869349238424,30.548675034268285,35.16632435885621,33.25,1.1649209847104225,-39.17977820815886
3,215,-211,-1.0,0.13957,0.2480483650553704,1.541690512247606,2,127,16.6149936434827,47.68848903275328,74.19017898132523,50.5,1.2355415477912122,-39.17977820815886
3,215,-211,-1.0,0.13957,0.2480483650553704,1.541690512247606,3,226,15.437815652102138,87.14312278023843,162.55909446120785,88.5,1.395460733975156,-39.17977820815886
3,215,-211,-1.0,0.13957,0.2480483650553704,1.541690512247606,4,321,2.879962563934277,122.46614150707263,246.4524480848585,122.5,1.5472842620614269,-39.17977820815886
3,217,321,1.0,0.49368,0.4731705533577734,0.3175611475775365,1,49,19.156498250336128,-27.17703211877392,-28.43363076713639,33.25,-0.9568038813976684,-39.17977820815886
3,217,321,1.0,0.49368,0.4731705533577734,0.3175611475775365,2,74,27.56402579670326,-42.31399865149448,-22.840874690734456,50.49999999999999,-0.9934261528392128,-39.17977820815886
3,217,321,1.0,0.49368,0.4731705533577734,0.3175611475775365,3,131,42.12583869012431,-77.8309945629222,-10.431317372238546,88.5,-1.0746976366797143,-39.17977820815886
3,217,321,1.0,0.49368,0.4731705533577734,0.3175611475775365,4,183,50.20929962290476,-111.7375327782808,0.8350576390033311,122.5,-1.1484827802651367,-39.17977820815886
3,217,321,1.0,0.49368,0.4731705533577734,0.3175611475775365,5,479,-0.0602700249432409,-298.9999939256255,65.3504119032535,299.0,-1.5709978987860385,-39.17977820815886
3,217,321,1.0,0.49368,0.4731705533577734,0.3175611475775365,6,631,-80.1302274896525,-362.2432147638608,98.56099038021927,371.0,-1.788496282718196,-39.17977820815886
3,217,321,1.0,0.49368,0.4731705533577734,0.3175611475775365,7,850,-223.66006773143425,-382.3940037479278,146.13078346330724,443.0,-2.100034632498,-39.17977820815886
3,218,-211,-1.0,0.13957,0.9729214972254688,0.5388730214424933,1,38,29.46299561629187,-15.41085297166792,-20.37874158788023,33.25,-0.4819233250021451,-39.17977820815886
3,218,-211,-1.0,0.13957,0.9729214972254688,0.5388730214424933,2,58,45.15685513508412,-22.60770740939973,-10.617535461205534,50.5,-0.4641661968796083,-39.17977820815886
3,218,-211,-1.0,0.13957,0.9729214972254688,0.5388730214424933,3,102,80.62763860852874,-36.48881873139337,10.921671296767968,88.49999999999999,-0.4249805220660227,-39.17977820815886
3,218,-211,-1.0,0.13957,0.9729214972254688,0.5388730214424933,4,142,113.31061160279774,-46.5505671093266,30.258244927614292,122.5,-0.3898013013783517,-39.17977820815886
3,218,-211,-1.0,0.13957,0.9729214972254688,0.5388730214424933,5,351,292.8281614001238,-60.43730545799541,132.63990409918662,299.0,-0.203533814280877,-39.17977820815886
3,218,-211,-1.0,0.13957,0.9729214972254688,0.5388730214424933,6,440,368.1229320666684,-46.11406387035332,176.01497276489224,371.0,-0.1246189708539302,-39.17977820815886
3,218,-211,-1.0,0.13957,0.9729214972254688,0.5388730214424933,7,532,442.5897875433327,-19.05990457341465,220.8556029295046,443.0,-0.043037900295833,-39.17977820815886
3,218,-211,-1.0,0.13957,0.9729214972254688,0.5388730214424933,8,627,513.5701458932647,21.016784891386905,266.9918132930559,514.0,0.0409000886677234,-39.17977820815886
3,221,211,1.0,0.13957,0.1795426750107528,-0.7780551796383034,1,51,-33.141590671227945,-2.682809680312227,-67.90657675554296,33.25,-3.06081884326061,-39.17977820815886
3,221,211,1.0,0.13957,0.1795426750107528,-0.7780551796383034,2,78,-50.49168420381968,0.9164203521016274,-83.15197494679866,50.5,3.1234447197780417,-39.17977820815886
3,221,211,1.0,0.13957,0.1795426750107528,-0.7780551796383034,3,141,-85.77808991760467,21.780020433583797,-118.67756973054554,88.5,2.8929362327476467,-39.17977820815886
3,221,211,1.0,0.13957,0.1795426750107528,-0.7780551796383034,4,206,-108.40932418830424,57.04093643196222,-155.00287455867485,122.5,2.65723465888875,-39.17977820815886
3,226,211,1.0,0.13957,0.9939253575208294,-0.9941477536545325,1,51,20.13766880314492,26.458208464951745,-77.96287134279456,33.25000000000001,0.9202211751357754,-39.17977820815886
3,226,211,1.0,0.13957,0.9939253575208294,-0.9941477536545325,2,77,31.278810758527296,39.64701751118533,-98.09781678019331,50.49999999999999,0.9028405410249342,-39.17977820815886
3,226,211,1.0,0.13957,0.9939253575208294,-0.9941477536545325,3,136,57.4393429871541,67.32734865716955,-142.52472625216558,88.5,0.8644848285448585,-39.17977820815886
3,226,211,1.0,0.13957,0.9939253575208294,-0.9941477536545325,4,189,82.66714080778658,90.4012933019522,-182.40284212449438,122.5,0.8300568568698284,-39.17977820815886
3,226,211,1.0,0.13957,0.9939253575208294,-0.9941477536545325,5,468,238.4035229161133,180.45708703507947,-393.36451695049414,299.0,0.6479277315388227,-39.17977820815886
3,226,211,1.0,0.13957,0.9939253575208294,-0.9941477536545325,6,586,312.16510655766336,200.48427930349723,-482.5871008889964,371.0,0.5708992299199734,-39.17977820815886
3,226,211,1.0,0.13957,0.9939253575208294,-0.9941477536545325,7,708,390.58178913208354,209.0331696128168,-574.6747406036524,443.0,0.4913971396758547,-39.17977820815886
3,226,211,1.0,0.13957,0.9939253575208294,-0.9941477536545325,8,833,471.4451067638296,204.78161858048028,-669.2119877067358,514.0,0.4097802905460371,-39.17977820815886
3,230,-211,-1.0,0.13957,0.2676171759629236,-0.7504192761056515,1,46,-30.17066111817589,13.97475250915699,-66.61089381454087,33.25,2.707824112914747,-39.17977820815886
3,230,-211,-1.0,0.13957,0.2676171759629236,-0.7504192761056515,2,70,-47.11058416597695,18.189086275577505,-80.9852089895645,50.49999999999999,2.773131896118262,-39.17977820815886
3,230,-211,-1.0,0.13957,0.2676171759629236,-0.7504192761056515,3,125,-86.34462444599855,19.41277489900577,-113.40214762864963,88.49999999999999,2.9204409848554413,-39.17977820815886
3,230,-211,-1.0,0.13957,0.2676171759629236,-0.7504192761056515,4,177,-122.0821351480492,10.109514216491764,-143.88664589413617,122.5,3.0589720420071376,-39.17977820815886
3,231,211,1.0,0.13957,0.0924979054848468,-0.5552675901264226,1,64,0.6780361171379421,-33.24308600331588,-59.05143450068742,33.24999999999999,-1.5504028495637936,-39.17977820815886
3,231,211,1.0,0.13957,0.0924979054848468,-0.5552675901264226,2,101,-9.518661627194394,-49.59480901089324,-70.39345592488488,50.50000000000001,-1.7604190040965422,-39.17977820815886
3,231,211,1.0,0.13957,0.0924979054848468,-0.5552675901264226,3,224,-68.75100633556092,-55.72745398677085,-108.19789935196056,88.5,-2.460440170537941,-39.17977820815886
3,243,-211,-1.0,0.13957,1.129777670791228,1.2409884350721532,1,62,-22.801946828644496,24.199870264604087,13.527973505927704,33.25,2.326461353284603,-39.17977820815886
3,243,-211,-1.0,0.13957,1.129777670791228,1.2409884350721532,2,94,-35.189374076473975,36.22096012126103,40.88773301280232,50.50000000000001,2.341749601971065,-39.17977820815886
3,243,-211,-1.0,0.13957,1.129777670791228,1.2409884350721532,3,166,-63.77371832174212,61.36092283708822,101.2337931591901,88.5,2.375473696328752,-39.17977820815886
3,243,-211,-1.0,0.13957,1.129777670791228,1.2409884350721532,4,230,-90.80273370339816,82.22599073279544,155.36160040806453,122.5,2.405722271959452,-39.17977820815886
3,243,-211,-1.0,0.13957,1.129777670791228,1.2409884350721532,5,568,-250.6656304368941,162.99614019256535,440.4475159499658,299.0,2.5650394238226277,-39.17977820815886
3,243,-211,-1.0,0.13957,1.129777670791228,1.2409884350721532,6,710,-323.832352284394,181.03482431277172,559.9755974828824,371.0,2.631836420649421,-39.17977820815886
3,243,-211,-1.0,0.13957,1.129777670791228,1.2409884350721532,7,855,-400.5468174297233,189.238598195294,682.3540933263163,443.00000000000006,2.70022642446792,-39.17977820815886
3,243,-211,-1.0,0.13957,1.129777670791228,1.2409884350721532,8,1002,-478.86020600695423,186.78571439748103,806.6389543004881,514.0,2.769681778778452,-39.17977820815886
3,248,-211,-1.0,0.13957,0.1685271758513678,1.596770671488787,1,90,33.24925605889122,-0.2224219644855399,40.05215306185578,33.25,-0.006689432280779,-39.17977820815886
3,248,-211,-1.0,0.13957,0.1685271758513678,1.596770671488787,2,138,50.2521408312402,4.997233422324991,82.23502121369975,50.5,0.0991173297285454,-39.17977820815886
3,248,-211,-1.0,0.13957,0.1685271758513678,1.596770671488787,3,251,83.19889147640478,30.169429180835003,181.40694063599003,88.5,0.3478714228522265,-39.17977820815886
3,248,-211,-1.0,0.13957,0.1685271758513678,1.596770671488787,4,370,100.47165184829429,70.08350144559803,285.5420594765334,122.5,0.6090764328248097,-39.17977820815886
3,252,-2212,-1.0,0.93827,0.2909232707782976,-0.2878323084690436,1,112,-22.43994917757854,-24.535916141601327,-48.904177937168214,33.25000000000001,-2.311606109503789,-39.17977820815886
3,252,-2212,-1.0,0.93827,0.2909232707782976,-0.2878323084690436,2,172,-31.78700680326109,-39.24074666070248,-53.9919857980302,50.5,-2.251635961417121,-39.17977820815886
3,252,-2212,-1.0,0.93827,0.2909232707782976,-0.2878323084690436,3,304,-45.9637610698289,-75.6279225439631,-65.42262450731685,88.5,-2.116903482768676,-39.17977820815886
3,252,-2212,-1.0,0.93827,0.2909232707782976,-0.2878323084690436,4,428,-50.004454714266274,-111.8293544143437,-76.08065999172558,122.5,-1.991277358197873,-39.17977820815886
3,253,211,1.0,0.13957,0.4329219196390017,0.7750896597162339,1,45,18.282905094081425,-27.77225020268994,-10.720889725130014,33.25,-0.9885975474744256,-39.17977820815886
3,253,211,1.0,0.13957,0.4329219196390017,0.7750896597162339,2,68,26.056164877525017,-43.25882883152561,4.0995588551678,50.5,-1.0286640883583893,-39.17977820815886
3,253,211,1.0,0.13957,0.4329219196390017,0.7750896597162339,3,120,38.74224346932424,-79.56939468767877,37.031239330450255,88.5,-1.1176844956555878,-39.17977820815886
3,253,211,1.0,0.13957,0.4329219196390017,0.7750896597162339,4,168,44.53177398226745,-114.11910929372104,67.01815796991917,122.5,-1.1987476753266937,-39.17977820815886
3,253,211,1.0,0.13957,0.4329219196390017,0.7750896597162339,5,447,-31.017091925448643,-297.3868524472598,243.0896783154699,299.0,-1.674719380720551,-39.17977820815886
3,253,211,1.0,0.13957,0.4329219196390017,0.7750896597162339,6,604,-134.63461397517895,-345.70872236574326,342.02522304767376,371.0,-1.9421707835668116,-39.17977820815886
3,255,-211,-1.0,0.13957,0.3070492480741943,-0.0160724935709131,1,36,-26.624819419665023,19.9168644839048,-39.71526426078187,33.25,2.499336659845301,-39.17977820815886
3,255,-211,-1.0,0.13957,0.3070492480741943,-0.0160724935709131,2,55,-42.088304517034416,27.907429528377936,-39.99518528142436,50.50000000000001,2.556085217405313,-39.17977820815886
3,255,-211,-1.0,0.13957,0.3070492480741943,-0.0160724935709131,3,98,-79.36882308667674,39.15149961158331,-40.62275780962307,88.5,2.683330956754299,-39.17977820815886
3,255,-211,-1.0,0.13957,0.3070492480741943,-0.0160724935709131,4,138,-115.48074327181598,40.87111367933258,-41.20520454002438,122.5,2.8014286059600586,-39.17977820815886
3,255,-211,-1.0,0.13957,0.3070492480741943,-0.0160724935709131,5,453,-247.87474494078143,-167.2097808758284,-45.80970056817337,299.0,-2.5481359168607,-39.17977820815886
3,261,211,1.0,0.13957,0.5565947830920335,-0.1697043264723286,1,34,32.14238942612913,8.510540639645779,-44.85295572555013,33.25,0.2588366304100078,-39.17977820815886
3,261,211,1.0,0.13957,0.5565947830920335,-0.1697043264723286,2,52,49.19606604705549,11.40162644072123,-47.80291976994835,50.49999999999999,0.2277382794312202,-39.17977820815886
3,261,211,1.0,0.13957,0.5565947830920335,-0.1697043264723286,3,92,87.38553209955394,14.000670686714583,-54.3352207643741,88.50000000000001,0.1588670938746,-39.17977820815886
3,261,211,1.0,0.13957,0.5565947830920335,-0.1697043264723286,4,129,121.92891123399146,11.814846816333835,-60.241160214518274,122.5,0.0965978872971735,-39.17977820815886
3,261,211,1.0,0.13957,0.5565947830920335,-0.1697043264723286,5,329,289.78684168002,-73.65179148614808,-93.00892891088773,299.0,-0.2488887077333736,-39.17977820815886
3,261,211,1.0,0.13957,0.5565947830920335,-0.1697043264723286,6,424,340.0243408148039,-148.4063598821091,-108.43508294743972,371.0,-0.4115355501877127,-39.17977820815886
3,261,211,1.0,0.13957,0.5565947830920335,-0.1697043264723286,7,535,364.9312800590424,-251.14569642832572,-126.57202466301237,443.0,-0.6027625028405832,-39.17977820815886
3,261,211,1.0,0.13957,0.5565947830920335,-0.1697043264723286,8,685,335.3348706991291,-389.5465626766566,-150.97408940304896,514.0,-0.8600461775213835,-39.17977820815886
3,265,211,1.0,0.13957,0.4521153886764333,-0.4550570976443934,1,38,6.621315089651069,32.58405570955769,-54.85224037511628,33.25,1.3703188206619812,-39.17977820815886
3,265,211,1.0,0.13957,0.4521153886764333,-0.4550570976443934,2,58,11.946092226736296,49.06669828417549,-63.01134017141813,50.5,1.3319763274913632,-39.17977820815886
3,265,211,1.0,0.13957,0.4521153886764333,-0.4550570976443934,3,102,28.17235055257641,83.8961778887617,-81.12797606761332,88.5,1.2468272674717726,-39.17977820815886
3,265,211,1.0,0.13957,0.4521153886764333,-0.4550570976443934,4,142,47.85998505996696,112.76378776034326,-97.5995308093593,122.5,1.1694111989216245,-39.17977820815886
3,265,211,1.0,0.13957,0.4521153886764333,-0.4550570976443934,5,375,224.6363522799324,197.33096369897484,-193.0536783410606,299.0,0.7207785338071143,-39.17977820815886
3,265,211,1.0,0.13957,0.4521153886764333,-0.4550570976443934,6,499,328.98011339591176,171.50243435593865,-244.16511002889214,371.0,0.4805542398787726,-39.17977820815886
3,265,211,1.0,0.13957,0.4521153886764333,-0.4550570976443934,7,712,441.8867157841418,31.386787244078924,-331.32337361097944,443.0,0.0709099457406829,-39.17977820815886
3,276,211,1.0,0.13957,1.205440285255591,-1.5593480454937236,1,82,-33.05160025300884,3.626874786273508,-114.75742890047434,33.25,3.0322962387721404,-39.17977820815886
3,276,211,1.0,0.13957,1.205440285255591,-1.5593480454937236,2,125,-50.11459194500237,6.227172246365428,-153.98595324006297,50.50000000000001,3.017967656264126,-39.17977820815886
3,276,211,1.0,0.13957,1.205440285255591,-1.5593480454937236,3,220,-87.43595517699123,13.682241858963812,-240.49717588434515,88.5,2.9863684583149395,-39.17977820815886
3,276,211,1.0,0.13957,1.205440285255591,-1.5593480454937236,4,305,-120.44203946409333,22.359900038456857,-318.07049201526615,122.5,2.9580337915759847,-39.17977820815886
3,276,211,1.0,0.13957,1.205440285255591,-1.5593480454937236,5,751,-282.62104145103984,97.60300676275108,-725.9027271408711,299.0,2.809066901428255,-39.17977820815886
3,276,211,1.0,0.13957,1.205440285255591,-1.5593480454937236,6,937,-342.4654813561817,142.6828443768863,-896.2933718004851,371.0,2.7468291669520863,-39.17977820815886
3,276,211,1.0,0.13957,1.205440285255591,-1.5593480454937236,7,1128,-397.28828259035686,195.98729682406653,-1070.1941999014314,443.0,2.683309300421834,-39.17977820815886
3,276,211,1.0,0.13957,1.205440285255591,-1.5593480454937236,8,1320,-445.4126514799245,256.5220651359708,-1246.0719636586039,514.0,2.6190672258648378,-39.17977820815886
3,277,-211,-1.0,0.13957,0.2542866130187025,-1.29231462259113,1,67,-8.332018601142485,-32.18912807191608,-95.30999615735048,33.25,-1.824082906865849,-39.17977820815886
3,277,-211,-1.0,0.13957,0.2542866130187025,-1.29231462259113,2,103,-9.261826117499195,-49.6434142356185,-124.755490239854,50.5,-1.755242874821794,-39.17977820815886
3,277,-211,-1.0,0.13957,0.2542866130187025,-1.29231462259113,3,183,-2.54717432218089,-88.4633364901665,-191.33946040868696,88.5,-1.5995819327347836,-39.17977820815886
3,277,-211,-1.0,0.13957,0.2542866130187025,-1.29231462259113,4,260,14.482824724940173,-121.64085575162098,-254.34181750318157,122.5,-1.4522920161693862,-39.17977820815886
3,278,211,1.0,0.13957,1.0253257183451747,-0.1011395185254575,1,33,-1.2070888064898326,-33.22808204837058,-42.54899551804564,33.25000000000001,-1.607107728559284,-39.17977820815886
3,278,211,1.0,0.13957,1.0253257183451747,-0.1011395185254575,2,51,-2.683287083744103,-50.42866219151775,-44.298110609484866,50.5,-1.6239557583846076,-39.17977820815886
3,278,211,1.0,0.13957,1.0253257183451747,-0.1011395185254575,3,89,-7.983472565544634,-88.13917497795856,-48.15708020099024,88.5,-1.6611278538750025,-39.17977820815886
3,278,211,1.0,0.13957,1.0253257183451747,-0.1011395185254575,4,124,-15.113975732231092,-121.5640478824456,-51.6202634332473,122.5,-1.6944909076903147,-39.17977820815886
3,278,211,1.0,0.13957,1.0253257183451747,-0.1011395185254575,5,307,-88.35339125615722,-285.6478220703536,-69.9193755156404,298.99999999999994,-1.8707712940002643,-39.17977820815886
3,278,211,1.0,0.13957,1.0253257183451747,-0.1011395185254575,6,385,-135.66443943407205,-345.3058931918756,-77.64047389261654,371.0,-1.945151399818008,-39.17977820815886
3,278,211,1.0,0.13957,1.0253257183451747,-0.1011395185254575,7,464,-193.07037019565263,-398.7139728583808,-85.59195569127374,443.0,-2.0217507721562367,-39.17977820815886
3,278,211,1.0,0.13957,1.0253257183451747,-0.1011395185254575,8,546,-259.55847527991824,-443.65008498856855,-93.73049594258883,514.0,-2.100152314869949,-39.17977820815886
3,279,-211,-1.0,0.13957,0.8159173348329012,-0.1675736498994623,1,34,-25.630137055938768,21.181562135352397,-44.77926978952721,33.25,2.4509412199571314,-39.17977820815886
3,279,-211,-1.0,0.13957,0.8159173348329012,-0.1675736498994623,2,51,-39.5995407522449,31.33889551677429,-47.687354265582606,50.5,2.472120467661892,-39.17977820815886
3,279,-211,-1.0,0.13957,0.8159173348329012,-0.1675736498994623,3,91,-71.88965820508851,51.61518229315431,-54.108968224220256,88.5,2.518902641204975,-39.17977820815886
3,279,-211,-1.0,0.13957,0.8159173348329012,-0.1675736498994623,4,126,-102.42413140052138,67.19782218828767,-59.88215410785031,122.5,2.5609592437225994,-39.17977820815886
3,279,-211,-1.0,0.13957,0.8159173348329012,-0.1675736498994623,5,314,-280.2547738258465,104.202983392145,-90.72168241212438,299.00000000000006,2.7856170604285206,-39.17977820815886
3,279,-211,-1.0,0.13957,0.8159173348329012,-0.1675736498994623,6,396,-358.6205782039252,95.0383127411382,-104.02601187883701,371.0,2.882536867187504,-39.17977820815886
3,279,-211,-1.0,0.13957,0.8159173348329012,-0.1675736498994623,7,481,-437.5474512313263,69.2908934923641,-118.02751116198382,443.0,2.9845349031930626,-39.17977820815886
3,279,-211,-1.0,0.13957,0.8159173348329012,-0.1675736498994623,8,572,-513.3735287956351,25.369665585442007,-132.8090320416817,514.0,3.0922152652743167,-39.17977820815886
3,280,211,1.0,0.13957,0.2098314568134543,-0.1850466294169781,1,40,19.88297964747138,-26.6501335895008,-45.39400640068573,33.25,-0.929812406696656,-39.17977820815886
3,280,211,1.0,0.13957,0.2098314568134543,-0.1850466294169781,2,62,26.69738592667148,-42.86606565434206,-48.6713665153924,50.5,-1.0137738709507735,-39.17977820815886
3,280,211,1.0,0.13957,0.2098314568134543,-0.1850466294169781,3,111,31.55129186459984,-82.68473850520928,-56.18296611321675,88.50000000000001,-1.206264661809509,-39.17977820815886
3,280,211,1.0,0.13957,0.2098314568134543,-0.1850466294169781,4,159,21.49069885510707,-120.60016526820807,-63.52665876800689,122.5,-1.394449458355761,-39.17977820815886
3,281,-211,-1.0,0.13957,1.1016095702065725,-0.8012506506927297,1,44,-16.36568408107102,28.943511959653044,-68.76944413470414,33.25,2.0854127916746035,-39.17977820815886
3,281,-211,-1.0,0.13957,1.1016095702065725,-0.8012506506927297,2,67,-25.542296417815383,43.56421804307355,-84.12941070701139,50.5,2.101091559317671,-39.17977820815886
3,281,-211,-1.0,0.13957,1.1016095702065725,-0.8012506506927297,3,119,-47.375711819774615,74.75153463019785,-118.01032407816771,88.5,2.135681436713378,-39.17977820815886
3,281,-211,-1.0,0.13957,1.1016095702065725,-0.8012506506927297,4,165,-68.75502939858774,101.385383228547,-148.40396454133054,122.5,2.166710445340993,-39.17977820815886
3,281,-211,-1.0,0.13957,1.1016095702065725,-0.8012506506927297,5,407,-205.8725398690545,216.8351847091808,-308.60851194185784,299.0,2.330265964626625,-39.17977820815886
3,281,-211,-1.0,0.13957,1.1016095702065725,-0.8012506506927297,6,508,-273.3082448020559,250.8856379373269,-375.8795379125964,371.0,2.398943836920379,-39.17977820815886
3,281,-211,-1.0,0.13957,1.1016095702065725,-0.8012506506927297,7,613,-346.61716826597626,275.872323119366,-444.85010671525816,443.0,2.469357212634569,-39.17977820815886
3,281,-211,-1.0,0.13957,1.1016095702065725,-0.8012506506927297,8,719,-424.0498777266254,290.4784005740084,-515.0231722153428,514.0,2.54099810578569,-39.17977820815886
3,282,211,1.0,0.13957,0.5066594351825024,-0.713577994812462,1,43,-8.779391956098467,32.06999808046757,-64.99027893062396,33.25,1.8380067229502268,-39.17977820815886
3,282,211,1.0,0.13957,0.5066594351825024,-0.713577994812462,2,65,-11.661266134791822,49.13516940169799,-78.41773409920769,50.50000000000001,1.8038155139556504,-39.17977820815886
3,282,211,1.0,0.13957,0.5066594351825024,-0.713577994812462,3,115,-13.857854320941362,87.40829407796247,-108.18344884655639,88.50000000000001,1.7280293087890497,-39.17977820815886
3,282,211,1.0,0.13957,0.5066594351825024,-0.713577994812462,4,160,-10.83422419945802,122.01995568756726,-135.15507825711705,122.5,1.659354682304593,-39.17977820815886
3,282,211,1.0,0.13957,0.5066594351825024,-0.713577994812462,5,414,88.01970420533071,285.75082094651293,-287.2902917999481,299.0,1.2719893253065335,-39.17977820815886
3,282,211,1.0,0.13957,0.5066594351825024,-0.713577994812462,6,539,174.4153031502934,327.4451129990968,-362.1557441323804,371.00000000000006,1.0813672004608257,-39.17977820815886
3,282,211,1.0,0.13957,0.5066594351825024,-0.713577994812462,7,698,296.2215538409713,329.39610052342834,-457.58904030586973,443.0,0.8383754169416301,-39.17977820815886
3,283,-321,-1.0,0.49368,0.9302266346067026,-0.7338238885461561,1,46,30.12822440831917,14.066008460183747,-65.83469152626475,33.24999999999999,0.4367953256831068,-39.17977820815886
3,283,-321,-1.0,0.49368,0.9302266346067026,-0.7338238885461561,2,70,45.35396498478729,22.20963439948278,-79.67447913769158,50.50000000000001,0.4553701116651839,-39.17977820815886
3,283,-321,-1.0,0.49368,0.9302266346067026,-0.7338238885461561,3,122,77.8197600769707,42.14658872984524,-110.21839009930798,88.5,0.4963653131668469,-39.17977820815886
3,283,-321,-1.0,0.49368,0.9302266346067026,-0.7338238885461561,4,170,105.49628107005034,62.26383123763698,-137.64756097806395,122.5,0.5331819349623614,-39.17977820815886
3,283,-321,-1.0,0.49368,0.9302266346067026,-0.7338238885461561,5,422,223.1082851421947,199.0570096753921,-283.15977940054603,299.0,0.7284884527298976,-39.17977820815886
3,283,-321,-1.0,0.49368,0.9302266346067026,-0.7338238885461561,6,529,255.38541046072547,269.10832786037446,-345.0489450422232,371.0,0.8115563160892755,-39.17977820815886
3,283,-321,-1.0,0.49368,0.9302266346067026,-0.7338238885461561,7,640,276.1525418174116,346.3939572910918,-409.2686404728856,443.0,0.8977521868954861,-39.17977820815886
3,283,-321,-1.0,0.49368,0.9302266346067026,-0.7338238885461561,8,755,283.3569369125211,428.8412833479929,-475.68832075708815,514.0,0.9869009746043088,-39.17977820815886
3,284,211,1.0,0.13957,0.9778453474834518,-1.0771207694087237,1,54,33.069359206460945,3.461211012645266,-82.34060528658806,33.25,0.1042854945787362,-39.17977820815886
3,284,211,1.0,0.13957,0.9778453474834518,-1.0771207694087237,2,83,50.31067783144229,4.368717905841687,-104.74886541931536,50.50000000000001,0.0866175342516066,-39.17977820815886
3,284,211,1.0,0.13957,0.9778453474834518,-1.0771207694087237,3,145,88.3996388422923,4.213532075620845,-154.19439642668434,88.5,0.0476285372635773,-39.17977820815886
3,284,211,1.0,0.13957,0.9778453474834518,-1.0771207694087237,4,202,122.4902324953044,1.546914104362054,-198.582041103754,122.5,0.0126282058770123,-39.17977820815886
3,284,211,1.0,0.13957,0.9778453474834518,-1.0771207694087237,5,499,294.55461723728246,-51.367085416617,-433.55340228368004,299.0,-0.1726527617548777,-39.17977820815886
3,284,211,1.0,0.13957,0.9778453474834518,-1.0771207694087237,6,626,359.3638058274043,-92.18815032987506,-533.0602231576178,371.0,-0.2511164843685355,-39.17977820815886
3,284,211,1.0,0.13957,0.9778453474834518,-1.0771207694087237,7,756,418.7799728253269,-144.47260764732678,-635.8888996225086,443.0,-0.3321997166473318,-39.17977820815886
3,284,211,1.0,0.13957,0.9778453474834518,-1.0771207694087237,8,890,470.2494113062425,-207.5126289316685,-741.6314717023766,514.0,-0.4155804787012189,-39.17977820815886
3,285,211,1.0,0.13957,0.5497760222586525,-0.424796493798291,1,37,32.22801513976562,-8.180314184127523,-53.74181661637019,33.24999999999999,-0.2485765252938364,-39.17977820815886
3,285,211,1.0,0.13957,0.5497760222586525,-0.424796493798291,2,56,48.53239931085502,-13.959090841875016,-61.31428722811053,50.5,-0.280064504545276,-39.17977820815886
3,285,211,1.0,0.13957,0.5497760222586525,-0.424796493798291,3,99,83.1404292010792,-30.33016703317569,-78.0847132731355,88.5,-0.3498040723503074,-39.17977820815886
3,285,211,1.0,0.13957,0.5497760222586525,-0.424796493798291,4,138,112.20646238717244,-49.15241396468802,-93.25113281641839,122.5,-0.4128747776009716,-39.17977820815886
3,285,211,1.0,0.13957,0.5497760222586525,-0.424796493798291,5,354,216.006386377683,-206.74196730237213,-177.56117989482385,299.0,-0.7634869334064176,-39.17977820815886
3,285,211,1.0,0.13957,0.5497760222586525,-0.424796493798291,6,456,221.98524741332352,-297.26007120170976,-217.44893423640013,371.0,-0.9293648819869104,-39.17977820815886
3,285,211,1.0,0.13957,0.5497760222586525,-0.424796493798291,7,577,190.6318309415924,-399.8856149348912,-264.7203778012374,443.0,-1.12594890105243,-39.17977820815886
3,285,211,1.0,0.13957,0.5497760222586525,-0.424796493798291,8,745,88.43164488386304,-506.3357030499966,-330.1124878690909,514.0,-1.397890061124276,-39.17977820815886
3,287,211,1.0,0.13957,0.8389348791220657,-1.2009561422382355,1,60,-9.587529967249644,31.837741269240347,-89.44014289343436,33.25,1.86329614636572,-39.17977820815886
3,287,211,1.0,0.13957,0.8389348791220657,-1.2009561422382355,2,91,-13.5624013517368,48.64474554948775,-115.54126704510082,50.5,1.8426966217972065,-39.17977820815886
3,287,211,1.0,0.13957,0.8389348791220657,-1.2009561422382355,3,161,-19.866702690504844,86.2413133260799,-173.17004741754744,88.5,1.7972082936815623,-39.17977820815886
3,287,211,1.0,0.13957,0.8389348791220657,-1.2009561422382355,4,223,-22.59712737727576,120.39775676604268,-224.96613158237025,122.5,1.756325189330304,-39.17977820815886
3,287,211,1.0,0.13957,0.8389348791220657,-1.2009561422382355,5,556,9.717913172696662,298.84203546952347,-501.1995651408004,299.0,1.5382892201407057,-39.17977820815886
3,287,211,1.0,0.13957,0.8389348791220657,-1.2009561422382355,6,699,46.71379254103033,368.04730889714926,-619.9618328098402,371.00000000000006,1.4445480356978182,-39.17977820815886
3,287,211,1.0,0.13957,0.8389348791220657,-1.2009561422382355,7,849,98.64614590118056,431.8772254922028,-744.5146705714045,443.0,1.346236225133199,-39.17977820815886
3,287,211,1.0,0.13957,0.8389348791220657,-1.2009561422382355,8,1007,165.493872856521,486.6289942522431,-875.3264725753054,514.0,1.2429841139204707,-39.17977820815886
3,288,-211,-1.0,0.13957,1.1313182501499386,-0.3994975977457516,1,36,18.936129271171044,27.331035622996417,-52.82120410523963,33.25,0.9648895754124556,-39.17977820815886
3,288,-211,-1.0,0.13957,1.1313182501499386,-0.3994975977457516,2,54,28.12312336971956,41.94448631145139,-59.902240617873375,50.49999999999999,0.9801553382071994,-39.17977820815886
3,288,-211,-1.0,0.13957,1.1313182501499386,-0.3994975977457516,3,96,46.78193579074993,75.12456644580487,-75.52048272398838,88.5,1.013834733944384,-39.17977820815886
3,288,-211,-1.0,0.13957,1.1313182501499386,-0.3994975977457516,4,133,61.58452315723716,105.89427041863844,-89.52927378640314,122.5,1.0440414126931068,-39.17977820815886
3,288,-211,-1.0,0.13957,1.1313182501499386,-0.3994975977457516,5,329,107.4714600188307,279.0177149956985,-163.30921486319386,299.0,1.2031325512822164,-39.17977820815886
3,288,-211,-1.0,0.13957,1.1313182501499386,-0.3994975977457516,6,411,109.98051299570156,354.3237033578227,-194.24050599390043,371.0,1.269829795333813,-39.17977820815886
3,288,-211,-1.0,0.13957,1.1313182501499386,-0.3994975977457516,7,495,102.15124146185212,431.0616242114373,-225.9071339221967,443.00000000000006,1.3381126453777965,-39.17977820815886
3,288,-211,-1.0,0.13957,1.1313182501499386,-0.3994975977457516,8,580,83.58583698844308,507.15816847896815,-258.06399206317695,514.0,1.4074525678267142,-39.17977820815886
3,289,211,1.0,0.13957,0.2772126370582816,-1.5535562866028574,1,84,25.26989151373531,21.61006901617966,-114.45241308431554,33.25,0.7074882319661383,-39.17977820815886
3,289,211,1.0,0.13957,0.2772126370582816,-1.5535562866028574,2,128,40.37020852571845,30.339681336329317,-153.86931671950413,50.5,0.6444836822906438,-39.17977820815886
3,289,211,1.0,0.13957,0.2772126370582816,-1.5535562866028574,3,227,77.55400297015352,42.63363253706422,-242.61261987132758,88.50000000000001,0.5026346111799925,-39.17977820815886
3,289,211,1.0,0.13957,0.2772126370582816,-1.5535562866028574,4,319,114.22115498094864,44.269377167722894,-325.74783858681394,122.5,0.3697503559846956,-39.17977820815886
3,290,-211,-1.0,0.13957,0.5886922918424228,-1.5128241511115357,1,79,-28.045498488333475,17.860921435941783,-111.02553967918206,33.25,2.574513639181367,-39.17977820815886
3,290,-211,-1.0,0.13957,0.5886922918424228,-1.5128241511115357,2,120,-43.37433429286104,25.86343219008527,-148.37513343314305,50.5,2.603909805260421,-39.17977820815886
3,290,-211,-1.0,0.13957,0.5886922918424228,-1.5128241511115357,3,212,-78.7985074382205,40.28703545197521,-231.03479261249757,88.49999999999999,2.668972538645374,-39.17977820815886
3,290,-211,-1.0,0.13957,0.5886922918424228,-1.5128241511115357,4,295,-112.1578007466188,49.263350796324815,-305.68379664918456,122.5,2.7277289767671125,-39.17977820815886
3,290,-211,-1.0,0.13957,0.5886922918424228,-1.5128241511115357,5,750,-297.7771619140819,27.014104508472453,-716.5453559599789,299.0,3.051121108696245,-39.17977820815886
3,290,-211,-1.0,0.13957,0.5886922918424228,-1.5128241511115357,6,960,-370.3598118907176,-21.78553961398089,-906.133767051739,371.0,-3.0828377233305755,-39.17977820815886
3,290,-211,-1.0,0.13957,0.5886922918424228,-1.5128241511115357,7,1200,-431.4316536800344,-100.57697650511692,-1122.4679831779504,443.0,-2.91255946603474,-39.17977820815886
3,290,-211,-1.0,0.13957,0.5886922918424228,-1.5128241511115357,8,1495,-465.22187461112463,-218.55115507201293,-1389.4531763636348,514.0,-2.702413345041485,-39.17977820815886
3,306,-211,-1.0,0.13957,1.6614855537989055,1.5483259149896704,1,81,-21.77707590444512,-25.1261112202433,35.48785256389747,33.25000000000001,-2.284912317625218,-39.17977820815886
3,306,-211,-1.0,0.13957,1.6614855537989055,1.5483259149896704,2,124,-32.67657576395293,-38.50313488980662,74.23510560506188,50.5,-2.274519566489352,-39.17977820815886
3,306,-211,-1.0,0.13957,1.6614855537989055,1.5483259149896704,3,217,-55.70431534210086,-68.76975535995302,159.64056675287216,88.5,-2.25161229855687,-39.17977820815886
3,306,-211,-1.0,0.13957,1.6614855537989055,1.5483259149896704,4,301,-75.13548772842358,-96.75178801351376,236.14327913840313,122.5,-2.231092652722284,-39.17977820815886
3,306,-211,-1.0,0.13957,1.6614855537989055,1.5483259149896704,5,739,-157.06578810282167,-254.4235409855769,635.905568755256,299.0,-2.1238682390570225,-39.17977820815886
3,306,-211,-1.0,0.13957,1.6614855537989055,1.5483259149896704,6,920,-180.7226671486246,-324.00666286156434,800.99115505728,371.0,-2.0795888723601927,-39.17977820815886
3,306,-211,-1.0,0.13957,1.6614855537989055,1.5483259149896704,7,1103,-198.27849534763288,-396.1497674903757,967.7711804700372,443.0,-2.0348550323166044,-39.17977820815886
3,306,-211,-1.0,0.13957,1.6614855537989055,1.5483259149896704,8,1285,-209.3057621419452,-469.4540424090301,1134.2828095334246,514.0,-1.990193181879137,-39.17977820815886
3,307,-211,-1.0,0.13957,0.4815925215593354,1.067172569719543,1,54,26.23848339838107,-20.4231361194328,3.466872471081089,33.24999999999999,-0.6614094000272854,-39.17977820815886
3,307,-211,-1.0,0.13957,0.4815925215593354,1.067172569719543,2,83,40.941089899961206,-29.564795920203725,25.659612534016468,50.5,-0.6254245361574248,-39.17977820815886
3,307,-211,-1.0,0.13957,0.4815925215593354,1.067172569719543,3,147,75.65078369768923,-45.92612465607605,74.88959960612411,88.5,-0.5456095788340564,-39.17977820815886
3,307,-211,-1.0,0.13957,0.4815925215593354,1.067172569719543,4,204,109.04010079406676,-55.82567884781842,119.5610667853008,122.5,-0.4731807296220965,-39.17977820815886
3,307,-211,-1.0,0.13957,0.4815925215593354,1.067172569719543,5,532,298.45889228843674,-17.980256226186007,374.2957209063414,299.0,-0.0601709382019044,-39.17977820815886
3,307,-211,-1.0,0.13957,0.4815925215593354,1.067172569719543,6,699,366.8512680013381,55.32763473898386,503.73219112389177,371.0,0.1496894788489851,-39.17977820815886
3,307,-211,-1.0,0.13957,0.4815925215593354,1.067172569719543,7,929,401.0295243415375,188.2134974075988,682.0534611162831,443.0,0.4388085183326825,-39.17977820815886
3,308,211,1.0,0.13957,0.4045850931896085,1.5662003432152778,1,83,-33.24773401162621,0.3881792010830871,37.04185859212293,33.24999999999999,3.1299178259367286,-39.17977820815886
3,308,211,1.0,0.13957,0.4045850931896085,1.5662003432152778,2,127,-50.42481039079573,2.7547226815594965,76.75749671143518,50.5,3.0870166007566127,-39.17977820815886
3,308,211,1.0,0.13957,0.4045850931896085,1.5662003432152778,3,225,-87.50593237473007,13.227312623098092,165.12095932874482,88.50000000000001,2.991569364933328,-39.17977820815886
3,308,211,1.0,0.13957,0.4045850931896085,1.5662003432152778,4,314,-119.07084643544526,28.781652647939,245.79901319780507,122.5,2.904423193962661,-39.17977820815886
3,308,211,1.0,0.13957,0.4045850931896085,1.5662003432152778,5,849,-216.36941542000164,206.3620024878775,731.4231293739933,299.0,2.3798632871660987,-39.17977820815886
3,308,211,1.0,0.13957,0.4045850931896085,1.5662003432152778,6,1185,-171.12069782636132,329.1788370710048,1036.6257268971635,371.0,2.050190553620591,-39.17977820815886
3,309,-211,-1.0,0.13957,1.716128336495874,0.0969457213334697,1,33,32.80006444967495,-5.451446789355076,-35.95107878270588,33.25,-0.1646968461221729,-39.17977820815886
3,309,-211,-1.0,0.13957,1.716128336495874,0.0969457213334697,2,50,49.89739582761869,-7.778167497678479,-34.27563786420961,50.50000000000001,-0.1546386980864461,-39.17977820815886
3,309,-211,-1.0,0.13957,1.716128336495874,0.0969457213334697,3,89,87.72472458378132,-11.688571200095945,-30.582816982570243,88.5,-0.1324612718185637,-39.17977820815886
3,309,-211,-1.0,0.13957,1.716128336495874,0.0969457213334697,4,123,121.72427673962731,-13.764100123677611,-27.275176865150364,122.5,-0.112597774184718,-39.17977820815886
3,309,-211,-1.0,0.13957,1.716128336495874,0.0969457213334697,5,303,298.9883039180303,-2.6446399035697685,-9.998444915495213,299.0,-0.0088450648423439,-39.17977820815886
3,309,-211,-1.0,0.13957,1.716128336495874,0.0969457213334697,6,377,370.78599518034224,12.599435627172182,-2.8694779608605288,371.00000000000006,0.0339672743230097,-39.17977820815886
3,309,-211,-1.0,0.13957,1.716128336495874,0.0969457213334697,7,451,441.6808917240121,34.16123367036849,4.327822031865168,443.0,0.0771900250106037,-39.17977820815886
3,309,-211,-1.0,0.13957,1.716128336495874,0.0969457213334697,8,526,510.28470397798907,61.68890407598487,11.50756429350617,514.0,0.1203073316079911,-39.17977820815886
3,315,211,1.0,0.13957,0.431104613943781,1.0807981723566775,1,55,18.543266717759344,-27.599089829812115,4.216511008906949,33.25,-0.9791934151306216,-39.17977820815886
3,315,211,1.0,0.13957,0.431104613943781,1.0807981723566775,2,84,26.45467617739745,-43.01627724883965,26.816560636272875,50.5,-1.019426001410274,-39.17977820815886
3,315,211,1.0,0.13957,0.431104613943781,1.0807981723566775,3,149,39.44486038780672,-79.22343711924165,77.03868784834734,88.5,-1.1088350743663733,-39.17977820815886
3,315,211,1.0,0.13957,0.431104613943781,1.0807981723566775,4,208,45.49868013151024,-113.73706566590556,122.77695749633844,122.5,-1.1902607396910194,-39.17977820815886
3,315,211,1.0,0.13957,0.431104613943781,1.0807981723566775,5,553,-29.32399778798585,-297.55857096331505,391.70444888563975,299.0,-1.6690278012905044,-39.17977820815886
3,315,211,1.0,0.13957,0.431104613943781,1.0807981723566775,6,748,-133.7142429057289,-346.06574699635865,543.6366499381713,371.0,-1.9395098859270044,-39.17977820815886
3,317,-211,-1.0,0.13957,0.2563824299097585,-0.5283948572639002,1,42,2.050509029749199,-33.18671289415264,-57.63002172810076,33.25,-1.509087725854663,-39.17977820815886
3,317,-211,-1.0,0.13957,0.2563824299097585,-0.5283948572639002,2,64,6.5449293382604745,-50.074084115010805,-67.30710633727941,50.5,-1.440828176950167,-39.17977820815886
3,317,-211,-1.0,0.13957,0.2563824299097585,-0.5283948572639002,3,114,24.81873716628333,-84.94869207628182,-89.17963985510607,88.49999999999999,-1.286546241319095,-39.17977820815886
3,317,-211,-1.0,0.13957,0.2563824299097585,-0.5283948572639002,4,161,51.075732211664864,-111.34414928069774,-109.85392040328969,122.5,-1.140714968725196,-39.17977820815886
3,330,-211,-1.0,0.13957,0.1960388152489891,0.8907581727520272,1,53,25.22410537717892,21.66349482241897,-5.323063709234809,33.25,0.7096043562419835,-39.17977820815886
3,330,-211,-1.0,0.13957,0.1960388152489891,0.8907581727520272,2,81,35.19182135753196,36.21858237893302,12.577193135678037,50.5,0.7997754840728107,-39.17977820815886
3,330,-211,-1.0,0.13957,0.1960388152489891,0.8907581727520272,3,146,47.23619223526162,74.83977647690706,53.86888045269803,88.50000000000001,1.0077765597633188,-39.17977820815886
3,330,-211,-1.0,0.13957,0.1960388152489891,0.8907581727520272,4,210,42.72023972523715,114.80954279944795,94.92070677269044,122.5,1.2145735357499614,-39.17977820815886
3,331,211,1.0,0.13957,0.4126172623612755,0.0625284029699811,1,35,12.710250430626862,30.72477882736912,-37.09709056216834,33.25,1.178552090055222,-39.17977820815886
3,331,211,1.0,0.13957,0.4126172623612755,0.0625284029699811,2,53,21.249152641733964,45.811827206609976,-36.01207856491436,50.49999999999999,1.136496535474742,-39.17977820815886
3,331,211,1.0,0.13957,0.4126172623612755,0.0625284029699811,3,94,44.573780161660274,76.45539956144353,-33.59897939585131,88.49999999999999,1.042967864212272,-39.17977820815886
3,331,211,1.0,0.13957,0.4126172623612755,0.0625284029699811,4,131,70.49276485588744,100.18492952022557,-31.3975656986251,122.5,0.957640657296361,-39.17977820815886
3,331,211,1.0,0.13957,0.4126172623612755,0.0625284029699811,5,353,269.4874617549433,129.52801996818266,-18.25027954822114,299.0,0.4480447228856026,-39.17977820815886
3,331,211,1.0,0.13957,0.4126172623612755,0.0625284029699811,6,488,367.3666970699817,51.7948827963952,-10.304664156036367,371.0,0.1400663836691547,-39.17977820815886
3,332,-211,-1.0,0.13957,0.1431507605641992,0.3225103507544842,1,48,28.953615689049347,-16.347802253845487,-28.168700060510787,33.25,-0.5139987545585508,-39.17977820815886
3,332,-211,-1.0,0.13957,0.1431507605641992,0.3225103507544842,2,74,46.75020902513912,-19.096281211424397,-22.244120460001444,50.49999999999999,-0.3877908026799186,-39.17977820815886
3,332,-211,-1.0,0.13957,0.1431507605641992,0.3225103507544842,3,136,88.20583480353125,-7.2097646710663295,-7.869479273840561,88.5,-0.0815566495726188,-39.17977820815886
3,332,-211,-1.0,0.13957,0.1431507605641992,0.3225103507544842,4,211,117.74485410933316,33.7993983788447,9.080279017536881,122.5,0.2795399191768237,-39.17977820815886
3,335,211,1.0,0.13957,0.3356832986153803,-0.0259146962944053,1,36,24.69722301595404,-22.26229267843341,-40.04295624654236,33.25,-0.7335928661726866,-39.17977820815886
3,335,211,1.0,0.13957,0.3356832986153803,-0.0259146962944053,2,54,35.70795842752927,-35.709826447881845,-40.49361234757705,50.5,-0.785424319632277,-39.17977820815886
3,335,211,1.0,0.13957,0.3356832986153803,-0.0259146962944053,3,97,54.923069559600194,-69.39529112375939,-41.50096431389791,88.5,-0.9012891118620902,-39.17977820815886
3,335,211,1.0,0.13957,0.3356832986153803,-0.0259146962944053,4,135,65.3466750067126,-103.61497027730636,-42.4298565695141,122.5,-1.008131325453528,-39.17977820815886
3,335,211,1.0,0.13957,0.3356832986153803,-0.0259146962944053,5,399,-48.75552998718887,-294.9981326986127,-48.74576303908801,299.0,-1.7345897003161996,-39.17977820815886
3,336,-211,-1.0,0.13957,0.1946260555366442,-0.5155762910296368,1,44,31.81019268233836,9.67854025731707,-57.1807792469138,33.25,0.2953596210565905,-39.17977820815886
3,336,-211,-1.0,0.13957,0.1946260555366442,-0.5155762910296368,2,68,46.78007193125387,19.02300896563719,-66.70076596004105,50.49999999999999,0.3862239896638928,-39.17977820815886
3,336,-211,-1.0,0.13957,0.1946260555366442,-0.5155762910296368,3,123,73.24311469363289,49.675911164017286,-88.6776342673961,88.5,0.595967505986342,-39.17977820815886
3,336,-211,-1.0,0.13957,0.1946260555366442,-0.5155762910296368,4,178,84.91418328436636,88.29400589592159,-110.57050223434601,122.5,0.8049087521217926,-39.17977820815886
3,337,211,1.0,0.13957,0.3561209294644674,0.5401327643532188,1,40,-13.878707231701142,30.21496294183937,-20.30672778913683,33.25,2.001383805819608,-39.17977820815886
3,337,211,1.0,0.13957,0.3561209294644674,0.5401327643532188,2,61,-18.814747151299184,46.86422185028446,-10.460312287086246,50.5,1.9525723898938552,-39.17977820815886
3,337,211,1.0,0.13957,0.3561209294644674,0.5401327643532188,3,108,-23.848258881754944,85.22623157402182,11.512436116690822,88.49999999999999,1.8436408803250268,-39.17977820815886
3,337,211,1.0,0.13957,0.3561209294644674,0.5401327643532188,4,151,-21.05779750957257,120.6765062638368,31.700883759972278,122.5,1.7435547763599206,-39.17977820815886
3,337,211,1.0,0.13957,0.3561209294644674,0.5401327643532188,5,431,136.33304936265006,266.10956324694763,162.04416140928194,299.0,1.0973419659385202,-39.17977820815886
3,338,-211,-1.0,0.13957,0.8055679091747474,0.5357739602331256,1,38,-31.432859724972168,10.841486499102526,-20.495371466994147,33.24999999999999,2.8094601335208016,-39.17977820815886
3,338,-211,-1.0,0.13957,0.8055679091747474,0.5357739602331256,2,58,-48.08240106671228,15.43802797185655,-10.791390114791394,50.49999999999999,2.8309154142490014,-39.17977820815886
3,338,-211,-1.0,0.13957,0.8055679091747474,0.5357739602331256,3,102,-85.45008766243724,23.033291525133578,10.638190224683811,88.5,2.8782978860711457,-39.17977820815886
3,338,-211,-1.0,0.13957,0.8055679091747474,0.5357739602331256,4,142,-119.52902263403988,26.81534538564033,29.906325154854763,122.5,2.920904868979532,-39.17977820815886
3,338,-211,-1.0,0.13957,0.8055679091747474,0.5357739602331256,5,355,-298.99248923205755,-2.119288280987263,132.91520911392087,298.99999999999994,-3.1345046735683617,-39.17977820815886
3,338,-211,-1.0,0.13957,0.8055679091747474,0.5357739602331256,6,447,-368.9367118336688,-39.073042642727664,177.42705637453477,371.0,-3.036078804327764,-39.17977820815886
3,338,-211,-1.0,0.13957,0.8055679091747474,0.5357739602331256,7,544,-433.3346942981803,-92.03283499655252,224.3509072569071,443.00000000000006,-2.932319401231428,-39.17977820815886
3,338,-211,-1.0,0.13957,0.8055679091747474,0.5357739602331256,8,646,-488.05326125624487,-161.24519892742114,274.0160926513394,514.0,-2.822498455217937,-39.17977820815886
3,339,211,1.0,0.13957,1.0073353372385607,1.5871488065795347,1,84,-33.204447302456856,1.739879116020864,38.72716456677656,33.25,3.08924155283993,-39.17977820815886
3,339,211,1.0,0.13957,1.0073353372385607,1.5871488065795347,2,128,-50.37807798298864,3.507029902911525,79.17320783621221,50.50000000000001,3.072090574995614,-39.17977820815886
3,339,211,1.0,0.13957,1.0073353372385607,1.5871488065795347,3,226,-87.99060803735722,9.48171383327758,168.41185077371549,88.5,3.03424861328078,-39.17977820815886
3,339,211,1.0,0.13957,1.0073353372385607,1.5871488065795347,4,313,-121.27898563779416,17.252757538078253,248.50665656617898,122.5,3.000284007533073,-39.17977820815886
3,339,211,1.0,0.13957,1.0073353372385607,1.5871488065795347,5,774,-283.73730320339405,94.30876295904442,672.000895062889,299.0,2.8206998426046863,-39.17977820815886
3,339,211,1.0,0.13957,1.0073353372385607,1.5871488065795347,6,969,-342.17902733173486,143.36845278619646,850.9251242145598,371.0,2.7448263518518994,-39.17977820815886
3,339,211,1.0,0.13957,1.0073353372385607,1.5871488065795347,7,1170,-393.9566603813532,202.6009618466088,1035.4153612340322,443.0,2.6665925780831854,-39.17977820815886
3,339,211,1.0,0.13957,1.0073353372385607,1.5871488065795347,8,1376,-436.7923728995343,270.9398881242741,1224.5619543652651,514.0,2.586384257237764,-39.17977820815886
3,340,-211,-1.0,0.13957,0.5489289454843167,1.092787703827061,1,55,-30.45182081336516,13.35099656020855,4.858527586623794,33.25,2.728401757335766,-39.17977820815886
3,340,-211,-1.0,0.13957,0.5489289454843167,1.092787703827061,2,84,-46.86655157640062,18.80894317436737,27.759247408732243,50.5,2.7599404340634885,-39.17977820815886
3,340,-211,-1.0,0.13957,0.5489289454843167,1.092787703827061,3,149,-84.2327703368764,27.14940885866644,78.47734659075141,88.5,2.829791981477276,-39.17977820815886
3,340,-211,-1.0,0.13957,0.5489289454843167,1.092787703827061,4,207,-118.73323635853644,30.14413017202393,124.3460710932327,122.5,2.892964495692478,-39.17977820815886
3,340,-211,-1.0,0.13957,0.5489289454843167,1.092787703827061,5,530,-297.4266216344248,-30.63339261545642,379.3926767011324,299.0,-3.0389597495127543,-39.17977820815886
3,340,-211,-1.0,0.13957,0.5489289454843167,1.092787703827061,6,684,-357.6653359275164,-98.57234640535276,500.13393662591307,371.0,-2.872669285209549,-39.17977820815886
3,340,-211,-1.0,0.13957,0.5489289454843167,1.092787703827061,7,865,-395.72411109870046,-199.1266629438242,643.3743479327427,443.0,-2.6753917703936447,-39.17977820815886
3,340,-211,-1.0,0.13957,0.5489289454843167,1.092787703827061,8,1118,-379.5224476491245,-346.6391664691363,842.2817713785618,514.0,-2.4014472702811904,-39.17977820815886
3,344,211,1.0,0.13957,0.0674254226215585,1.6465708816770055,1,118,-13.575239352688987,30.352518454276645,47.69152203196864,33.25,1.9913630708438204,-39.17977820815886
3,344,211,1.0,0.13957,0.0674254226215585,1.6465708816770055,2,193,-4.506386195200909,50.29853361142552,103.4438129604915,50.5,1.6601505528754692,-39.17977820815886
3,347,-211,-1.0,0.13957,0.4309493535196866,1.2590612824551612,1,64,-16.480011782261858,-28.878568379622116,14.708830591476293,33.25,-2.089367251684837,-39.17977820815886
3,347,-211,-1.0,0.13957,0.4309493535196866,1.2590612824551612,2,97,-23.244704282355297,-44.832284381078026,42.773181976398355,50.49999999999999,-2.049119481668861,-39.17977820815886
3,347,-211,-1.0,0.13957,0.4309493535196866,1.2590612824551612,3,172,-33.55514449382188,-81.89201596003565,105.13851488217279,88.49999999999999,-1.9596783761447425,-39.17977820815886
3,347,-211,-1.0,0.13957,0.4309493535196866,1.2590612824551612,4,239,-37.06902615289911,-116.75674413101662,161.93666725138087,122.5,-1.8782202002573,-39.17977820815886
3,347,-211,-1.0,0.13957,0.4309493535196866,1.2590612824551612,5,638,51.05206963105338,-294.6093789857785,495.9323282229806,299.0,-1.3992129303018597,-39.17977820815886
3,347,-211,-1.0,0.13957,0.4309493535196866,1.2590612824551612,6,863,158.80503299984372,-335.29384350733096,684.7143909998937,371.0,-1.1284668438501415,-39.17977820815886
3,348,211,1.0,0.13957,0.2964617723882417,-0.1162960426135692,1,37,-18.667597689553286,27.51514667416812,-43.06352831433891,33.25,2.1669109860138893,-39.17977820815886
3,348,211,1.0,0.13957,0.2964617723882417,-0.1162960426135692,2,56,-25.845905602335165,43.38478032208046,-45.09487404354459,50.5,2.108075146392776,-39.17977820815886
3,348,211,1.0,0.13957,0.2964617723882417,-0.1162960426135692,3,99,-34.88917917030501,81.33262061941909,-49.655131689950124,88.5,1.9760240087901189,-39.17977820815886
3,348,211,1.0,0.13957,0.2964617723882417,-0.1162960426135692,4,140,-34.12381116581443,117.6512452612374,-53.90000647049885,122.5,1.8530925582678872,-39.17977820815886
3,349,-211,-1.0,0.13957,0.2540534646222393,0.6578951820535033,1,44,-17.811598525119937,-28.07684914622624,-15.62454017986548,33.25,-2.136117649296188,-39.17977820815886
3,349,-211,-1.0,0.13957,0.2540534646222393,0.6578951820535033,2,68,-24.052204013453387,-44.40429576173027,-3.2673922963699766,50.5,-2.0672169410394106,-39.17977820815886
3,349,-211,-1.0,0.13957,0.2540534646222393,0.6578951820535033,3,121,-29.563963207219125,-83.41595818236576,24.676858146303772,88.49999999999999,-1.9113999303653035,-39.17977820815886
3,349,-211,-1.0,0.13957,0.2540534646222393,0.6578951820535033,4,171,-23.51398254173924,-120.2220554849516,51.12111909166966,122.5,-1.7639459311024068,-39.17977820815886
3,350,211,1.0,0.13957,0.0859237542685173,1.1335958819678331,1,80,11.100921692460236,-31.3421766566693,8.363013411602388,33.25,-1.2303983008404666,-39.17977820815886
3,350,211,1.0,0.13957,0.0859237542685173,1.1335958819678331,2,127,5.50775364895837,-50.19875147593201,35.99657207156988,50.50000000000001,-1.4615145113269326,-39.17977820815886
3,351,-211,-1.0,0.13957,0.3513206528116053,1.6872533458825854,1,94,9.850032969008092,31.75750856898969,47.72613781779784,33.25,1.2700411261508835,-39.17977820815886
3,351,-211,-1.0,0.13957,0.3513206528116053,1.6872533458825854,2,143,12.555635857923871,48.91427202977896,93.07362120953775,50.5,1.3195344060441727,-39.17977820815886
3,351,-211,-1.0,0.13957,0.3513206528116053,1.6872533458825854,3,252,12.417484376704872,87.62451758357525,194.30591338510283,88.49999999999999,1.43002125824585,-39.17977820815886
3,351,-211,-1.0,0.13957,0.3513206528116053,1.6872533458825854,4,353,4.798433541141133,122.40598447605105,287.3908210382604,122.49999999999996,1.5316154167929583,-39.17977820815886
3,351,-211,-1.0,0.13957,0.3513206528116053,1.6872533458825854,5,1010,-174.5912713158151,242.73213215461905,894.6081504702612,299.0,2.194342056870798,-39.17977820815886
3,352,-2212,-1.0,0.93827,2.3408779438269467,-1.1530539785663534,1,59,25.91238535879158,20.83532541184524,-86.59889252263898,33.25,0.677216642338888,-39.17977820815886
3,352,-2212,-1.0,0.93827,2.3408779438269467,-1.1530539785663534,2,90,39.12120922482938,31.934009907731998,-111.20295608310391,50.50000000000001,0.6845915300507186,-39.17977820815886
3,352,-2212,-1.0,0.93827,2.3408779438269467,-1.1530539785663534,3,158,67.6404421223489,57.07031268087787,-165.4189359232131,88.5,0.70084309153556,-39.17977820815886
3,352,-2212,-1.0,0.93827,2.3408779438269467,-1.1530539785663534,4,219,92.4674029559248,80.34942059894789,-213.95583760918325,122.5,0.7153923638865811,-39.17977820815886
3,352,-2212,-1.0,0.93827,2.3408779438269467,-1.1530539785663534,5,536,210.20106224230247,212.64174903392723,-466.75058384879446,299.0,0.791170189364561,-39.17977820815886
3,352,-2212,-1.0,0.93827,2.3408779438269467,-1.1530539785663534,6,666,252.48737432635616,271.82922176576693,-570.5029292029219,371.0,0.8222710775633015,-39.17977820815886
3,352,-2212,-1.0,0.93827,2.3408779438269467,-1.1530539785663534,7,796,291.1964842830312,333.84668268713165,-674.7764141622729,443.0,0.853528159002615,-39.17977820815886
3,352,-2212,-1.0,0.93827,2.3408779438269467,-1.1530539785663534,8,926,325.6950597311392,397.6414566751432,-778.2207077053721,514.0000000000001,0.8845367157592501,-39.17977820815886
3,353,211,1.0,0.13957,0.7326513193297977,-1.143457010685349,1,57,25.50225777837162,21.33535441949545,-86.05980326019446,33.25,0.6966668694786574,-39.17977820815886
3,353,211,1.0,0.13957,0.7326513193297977,-1.143457010685349,2,87,39.48660554684475,31.48107339955056,-110.41308782503478,50.5,0.6730677013565773,-39.17977820815886
3,353,211,1.0,0.13957,0.7326513193297977,-1.143457010685349,3,154,71.98072068426204,51.48811367465554,-164.22105571142947,88.5,0.6209235808728015,-39.17977820815886
3,353,211,1.0,0.13957,0.7326513193297977,-1.143457010685349,4,214,102.86821326824942,66.51601836398471,-212.65215151793737,122.5,0.5739911620165332,-39.17977820815886
3,353,211,1.0,0.13957,0.7326513193297977,-1.143457010685349,5,535,283.6885318545723,94.45536985368956,-473.2945930188228,298.99999999999994,0.321409554786058,-39.17977820815886
3,353,211,1.0,0.13957,0.7326513193297977,-1.143457010685349,6,676,362.7944475477153,77.59631968429957,-587.5268135606635,371.0,0.2107102569857144,-39.17977820815886
3,353,211,1.0,0.13957,0.7326513193297977,-1.143457010685349,7,827,441.1166698637406,40.80543552424937,-709.7755515138354,443.0,0.0922423466143669,-39.17977820815886
3,353,211,1.0,0.13957,0.7326513193297977,-1.143457010685349,8,991,513.6638204792945,-18.587079668822817,-842.285752737914,514.0,-0.0361695194477641,-39.17977820815886
3,354,211,1.0,0.13957,0.7441711317070379,-1.4380042986044566,1,74,21.68623461710436,25.204557685702497,-105.28419909409209,33.25,0.860290110707224,-39.17977820815886
3,354,211,1.0,0.13957,0.7441711317070379,-1.4380042986044566,2,112,33.81737301908362,37.505136742693736,-139.62279873645545,50.50000000000001,0.8370576274314897,-39.17977820815886
3,354,211,1.0,0.13957,0.7441711317070379,-1.4380042986044566,3,198,62.55827192100178,62.59962151848842,-215.48606187858394,88.49999999999999,0.7857285428473244,-39.17977820815886
3,354,211,1.0,0.13957,0.7441711317070379,-1.4380042986044566,4,274,90.50062552857536,82.55838406204772,-283.7558972373869,122.5,0.7395370865193062,-39.17977820815886
3,354,211,1.0,0.13957,0.7441711317070379,-1.4380042986044566,5,687,263.642229938753,141.04529270032972,-650.7259310423069,299.0,0.4912442734897394,-39.17977820815886
3,354,211,1.0,0.13957,0.7441711317070379,-1.4380042986044566,6,867,344.1611290979088,138.54283531836867,-811.1444932474885,371.00000000000006,0.3827046505049477,-39.17977820815886
3,354,211,1.0,0.13957,0.7441711317070379,-1.4380042986044566,7,1059,427.3177129320278,116.82710393800352,-982.3381359565096,443.0,0.2668747018856819,-39.17977820815886
3,354,211,1.0,0.13957,0.7441711317070379,-1.4380042986044566,8,1267,508.833962021424,72.69112114680924,-1167.049949742747,514.0,0.1418981237953563,-39.17977820815886
3,355,-211,-1.0,0.13957,0.681765605923184,-1.1709859388748285,1,59,3.40183487777514,33.07551994246428,-87.66274373777915,33.25,1.468306167537217,-39.17977820815886
3,355,-211,-1.0,0.13957,0.681765605923184,-1.1709859388748285,2,89,3.8909095066745047,50.34988404366857,-112.8538720352231,50.50000000000001,1.493672179064196,-39.17977820815886
3,355,-211,-1.0,0.13957,0.681765605923184,-1.1709859388748285,3,157,1.8626083700772416,88.48039720785457,-168.53894369509865,88.5,1.549748350465594,-39.17977820815886
3,355,-211,-1.0,0.13957,0.681765605923184,-1.1709859388748285,4,219,-3.609893490447648,122.44679934154108,-218.7066328487295,122.5,1.6002691117971102,-39.17977820815886
3,355,-211,-1.0,0.13957,0.681765605923184,-1.1709859388748285,5,551,-89.22435616038113,285.3769687058951,-490.35155264720555,298.99999999999994,1.873821824355088,-39.17977820815886
3,355,-211,-1.0,0.13957,0.681765605923184,-1.1709859388748285,6,698,-152.81524023225143,338.0658254730272,-611.0172425720029,371.0,1.9953355111383768,-39.17977820815886
3,355,-211,-1.0,0.13957,0.681765605923184,-1.1709859388748285,7,858,-234.02886082246172,376.1375975652272,-742.1326523219199,443.0,2.1273720494724544,-39.17977820815886
3,355,-211,-1.0,0.13957,0.681765605923184,-1.1709859388748285,8,1036,-332.49985884556287,391.9691873957452,-888.0270109044786,514.0,2.274291345464149,-39.17977820815886
4,381,-211,-1.0,0.13957,0.7370970750784724,1.418894555435221,1,73,-32.28941583764878,7.9344895780003215,53.039889201098966,33.24999999999999,2.9006365004283934,-11.66279557204789
4,381,-211,-1.0,0.13957,0.7370970750784724,1.418894555435221,2,110,-49.31022694005205,10.897317060660637,86.65117462451028,50.5,2.924093414911469,-11.66279557204789
4,381,-211,-1.0,0.13957,0.7370970750784724,1.418894555435221,3,194,-87.28823051805229,14.595026996458918,160.9117753445642,88.5,2.9759202558503346,-11.66279557204789
4,381,-211,-1.0,0.13957,0.7370970750784724,1.418894555435221,4,270,-121.63325227800308,14.546543928908324,227.74690891764504,122.5,3.0225644959916056,-11.66279557204789
4,381,-211,-1.0,0.13957,0.7370970750784724,1.418894555435221,5,676,-296.4036254552626,-39.3178180597093,587.2660081187473,299.0,-3.0097129860054883,-11.66279557204789
4,381,-211,-1.0,0.13957,0.7370970750784724,1.418894555435221,6,853,-360.2129075827946,-88.81250593665885,744.6735932246187,371.0,-2.899858406217334,-11.66279557204789
4,381,-211,-1.0,0.13957,0.7370970750784724,1.418894555435221,7,1043,-414.7320129217365,-155.71241908686858,912.9408296464809,443.0,-2.7824248059116394,-11.66279557204789
4,381,-211,-1.0,0.13957,0.7370970750784724,1.418894555435221,8,1249,-454.4285136974836,-240.18893800234844,1095.0004204701738,514.0,-2.655365484709691,-11.66279557204789
4,382,-211,-1.0,0.13957,0.4623818587073132,-0.8954312247795516,1,48,-9.177287145774546,-31.95840891915618,-45.60648518320813,33.25,-1.850435271041356,-11.66279557204789
4,382,-211,-1.0,0.13957,0.4623818587073132,-0.8954312247795516,2,73,-12.10967844966871,-49.02658144155709,-63.27489394973168,50.50000000000001,-1.8129516426816,-11.66279557204789
4,382,-211,-1.0,0.13957,0.4623818587073132,-0.8954312247795516,3,130,-14.007423864719131,-87.38444985621925,-102.49226036728771,88.5,-1.7297407014236126,-11.66279557204789
4,382,-211,-1.0,0.13957,0.4623818587073132,-0.8954312247795516,4,181,-10.197800176885083,-122.07479212168386,-138.12237734363876,122.5,-1.654140128643196,-11.66279557204789
4,382,-211,-1.0,0.13957,0.4623818587073132,-0.8954312247795516,5,474,103.11755856183352,-280.6559621961501,-343.3471227359847,299.0,-1.2186909518546716,-11.66279557204789
4,382,-211,-1.0,0.13957,0.4623818587073132,-0.8954312247795516,6,629,203.47631897544983,-310.2231255341887,-450.994695682259,371.0,-0.9902824657855788,-11.66279557204789
4,382,-211,-1.0,0.13957,0.4623818587073132,-0.8954312247795516,7,865,355.3533015433485,-264.5241597326074,-616.1250047779424,443.0,-0.6399059472338753,-11.66279557204789
4,390,321,1.0,0.49368,0.1635762081329978,-1.0279803088948412,1,114,20.347909954615304,26.29686408070109,-52.47412755898598,33.25,0.9122507552950008,-11.66279557204789
4,390,321,1.0,0.49368,0.1635762081329978,-1.0279803088948412,2,174,35.07437161461341,36.33233347639538,-74.2380954838869,50.5,0.8030132003423747,-11.66279557204789
4,390,321,1.0,0.49368,0.1635762081329978,-1.0279803088948412,3,318,75.67969370996367,45.87846945971592,-125.64754822234548,88.5,0.5449797626119548,-11.66279557204789
4,390,321,1.0,0.49368,0.1635762081329978,-1.0279803088948412,4,471,118.06432620225505,32.66595901557942,-180.44805794806922,122.5,0.2699268020527519,-11.66279557204789
4,391,-211,-1.0,0.13957,0.1284737378195081,1.3640726697541312,1,79,-33.2351761022113,0.9927585078975988,49.82709262834183,33.25,3.1117308169415177,-11.66279557204789
4,391,-211,-1.0,0.13957,0.1284737378195081,1.3640726697541312,2,122,-50.181142985275045,-5.665941112593872,83.22691591404674,50.5,-3.029159064880066,-11.66279557204789
4,391,-211,-1.0,0.13957,0.1284737378195081,1.3640726697541312,3,229,-78.9543751122161,-39.98070347854664,166.85705599570812,88.5,-2.6728562279122974,-11.66279557204789
4,391,-211,-1.0,0.13957,0.1284737378195081,1.3640726697541312,4,382,-68.74111454717423,-101.39481826411183,285.6913164948035,122.5,-2.1665732046114816,-11.66279557204789
4,398,-211,-1.0,0.13957,0.4547913011440772,1.6306573181514166,1,88,23.204034282696355,23.8146025162599,70.06274988066679,33.25,0.7983830978633066,-11.66279557204789
4,398,-211,-1.0,0.13957,0.4547913011440772,1.6306573181514166,2,135,33.838172339203446,37.48637209363381,112.6074442614738,50.50000000000001,0.8365029161072547,-11.66279557204789
4,398,-211,-1.0,0.13957,0.4547913011440772,1.6306573181514166,3,237,53.534947713349325,70.47169199990131,207.06549219754052,88.5,0.921137631398012,-11.66279557204789
4,398,-211,-1.0,0.13957,0.4547913011440772,1.6306573181514166,4,331,66.38564339201179,102.9523984734141,292.92942751836796,122.5,0.9980720442559066,-11.66279557204789
4,398,-211,-1.0,0.13957,0.4547913011440772,1.6306573181514166,5,871,38.05316760492239,296.5686369716658,789.7014908686637,299.0,1.443182115177039,-11.66279557204789
4,398,-211,-1.0,0.13957,0.4547913011440772,1.6306573181514166,6,1158,-40.49770707247145,368.7830469556217,1054.1983882128106,371.0,1.6801725171199449,-11.66279557204789
4,398,-211,-1.0,0.13957,0.4547913011440772,1.6306573181514166,7,1632,-212.3648810563541,388.78034581743015,1490.1007946451916,443.0,2.070743256096745,-11.66279557204789
4,399,211,1.0,0.13957,0.2741821317694257,0.6078161106773019,1,43,-15.895268814329782,-29.20450186735249,9.867763840995504,33.25,-2.0692332191085296,-11.66279557204789
4,399,211,1.0,0.13957,0.2741821317694257,0.6078161106773019,2,65,-26.916952402076056,-42.7285346505631,21.144729808789968,50.49999999999999,-2.1329491528499207,-11.66279557204789
4,399,211,1.0,0.13957,0.2741821317694257,0.6078161106773019,3,116,-57.39671816125179,-67.36369010318413,46.5466926246899,88.49999999999999,-2.276474897644988,-11.66279557204789
4,399,211,1.0,0.13957,0.2741821317694257,0.6078161106773019,4,164,-91.24259234561376,-81.73762500863444,70.37089330555395,122.5,-2.4110875791961752,-11.66279557204789
4,400,-211,-1.0,0.13957,0.3097132328101436,-0.3341574723201619,1,38,-24.668578561744106,-22.294029060334942,-23.003366515466002,33.25,-2.406714023729895,-11.66279557204789
4,400,-211,-1.0,0.13957,0.3097132328101436,-0.3341574723201619,2,58,-35.503481832343496,-35.91312820933949,-28.930788220274017,50.50000000000001,-2.350458543272667,-11.66279557204789
4,400,-211,-1.0,0.13957,0.3097132328101436,-0.3341574723201619,3,103,-53.810553587690656,-70.26147111031958,-42.21562877320211,88.5,-2.224371732594929,-11.66279557204789
4,400,-211,-1.0,0.13957,0.3097132328101436,-0.3341574723201619,4,144,-62.62694038854858,-105.28113001658552,-54.53678270972888,122.5,-2.107423685911919,-11.66279557204789
4,400,-211,-1.0,0.13957,0.3097132328101436,-0.3341574723201619,5,465,107.01238999340158,-279.19410521696216,-149.63712629264086,299.0,-1.2047773388173844,-11.66279557204789
4,401,211,1.0,0.13957,0.4581919747162559,0.4047007636753273,1,37,22.91247826392304,-24.09524517005906,2.176036901615481,33.25,-0.8105539743666729,-11.66279557204789
4,401,211,1.0,0.13957,0.4581919747162559,0.4047007636753273,2,56,33.39065834021209,-37.885537288089566,9.379874610312367,50.5,-0.8483775984407416,-11.66279557204789
4,401,211,1.0,0.13957,0.4581919747162559,0.4047007636753273,3,100,52.73995599972519,-71.06860798655798,25.372043735376167,88.50000000000001,-0.9323709459219668,-11.66279557204789
4,401,211,1.0,0.13957,0.4581919747162559,0.4047007636753273,4,139,65.28753805629253,-103.65224249647548,39.905649239035654,122.5,-1.0087019603168423,-11.66279557204789
4,401,211,1.0,0.13957,0.4581919747162559,0.4047007636753273,5,366,36.202018522006775,-296.8002928821538,123.8200647682196,299.0,-1.449421548973646,-11.66279557204789
4,401,211,1.0,0.13957,0.4581919747162559,0.4047007636753273,6,486,-41.34276932235921,-368.6892667609924,168.19199744382973,371.0,-1.6824642963889334,-11.66279557204789
4,401,211,1.0,0.13957,0.4581919747162559,0.4047007636753273,7,677,-205.45834981850427,-392.4740328860715,238.75486806458323,443.0,-2.053063095788134,-11.66279557204789
4,412,-2212,-1.0,0.93827,0.431684497021388,-1.667664888135166,1,116,24.41567107509356,-22.570722317924165,-96.71904659198799,33.25,-0.7461527281242255,-11.66279557204789
4,412,-2212,-1.0,0.93827,0.431684497021388,-1.667664888135166,2,177,38.42950672709574,-32.76313496465353,-141.01444110425723,50.49999999999999,-0.7059734981635738,-11.66279557204789
4,412,-2212,-1.0,0.93827,0.431684497021388,-1.667664888135166,3,312,72.19816788979892,-51.1827564063954,-239.4458532733026,88.50000000000001,-0.6166877761066678,-11.66279557204789
4,412,-2212,-1.0,0.93827,0.431684497021388,-1.667664888135166,4,434,105.35933487557725,-62.49528425870206,-329.0848786265703,122.5,-0.5353773038366214,-11.66279557204789
4,412,-2212,-1.0,0.93827,0.431684497021388,-1.667664888135166,5,1156,298.505744992019,-17.18488308833492,-855.9024276587054,299.00000000000006,-0.0575062153103472,-11.66279557204789
4,412,-2212,-1.0,0.93827,0.431684497021388,-1.667664888135166,6,1564,362.6941467929544,78.06379366986259,-1153.012016299181,371.0,0.2119989717208923,-11.66279557204789
4,413,211,1.0,0.13957,0.7201203725073946,1.14079506329261,1,57,-11.23332462389241,-31.29496633476784,35.06495095541519,33.25,-1.9154219636494745,-11.66279557204789
4,413,211,1.0,0.13957,0.7201203725073946,1.14079506329261,2,87,-18.19738535272408,-47.10737910693465,59.340256868213665,50.5,-1.9394332518853576,-11.66279557204789
4,413,211,1.0,0.13957,0.7201203725073946,1.14079506329261,3,154,-36.22372773587397,-80.7470838415684,112.98156135593891,88.50000000000001,-1.9924914426579208,-11.66279557204789
4,413,211,1.0,0.13957,0.7201203725073946,1.14079506329261,4,213,-55.41999771799437,-109.24684825173448,161.27294376039674,122.5,-2.04026010801918,-11.66279557204789
4,413,211,1.0,0.13957,0.7201203725073946,1.14079506329261,5,535,-198.7000929876228,-223.42621387543147,421.5203664205564,299.0,-2.297686172418088,-11.66279557204789
4,413,211,1.0,0.13957,0.7201203725073946,1.14079506329261,6,676,-276.27484750893854,-247.61504121097485,535.9199919567866,371.0,-2.4108457973828936,-11.66279557204789
4,413,211,1.0,0.13957,0.7201203725073946,1.14079506329261,7,828,-363.2952731336881,-253.50649798125275,658.7521043372551,443.0,-2.532346472634828,-11.66279557204789
4,413,211,1.0,0.13957,0.7201203725073946,1.14079506329261,8,993,-456.66717555902886,-235.90483413219653,792.6265080165882,514.0,-2.6647697050281614,-11.66279557204789
4,430,211,1.0,0.13957,0.3680532678318459,1.1294105963477967,1,58,-33.24811347411722,0.3541897968953305,34.46157029314169,33.24999999999999,3.130940127404045,-11.66279557204789
4,430,211,1.0,0.13957,0.3680532678318459,1.1294105963477967,2,88,-50.415483518420736,2.920448870267591,58.51680737378462,50.5,3.083729699596798,-11.66279557204789
4,430,211,1.0,0.13957,0.3680532678318459,1.1294105963477967,3,156,-87.32507442711035,14.37293902789674,112.15169768668048,88.5,2.978464023621932,-11.66279557204789
4,430,211,1.0,0.13957,0.3680532678318459,1.1294105963477967,4,218,-118.39308650277694,31.453570041347938,161.34238833288433,122.5,2.8819203691372017,-11.66279557204789
4,430,211,1.0,0.13957,0.3680532678318459,1.1294105963477967,5,611,-192.96015146433007,228.4017949729441,471.9628343553787,299.0,2.2722798998686065,-11.66279557204789
5,442,211,1.0,0.13957,0.6651533976013511,0.2682115114231853,1,35,-18.362545652138145,-27.71965759480341,5.638663563084145,33.25,-2.155865452677183,-3.3904488154734436
5,442,211,1.0,0.13957,0.6651533976013511,0.2682115114231853,2,53,-28.97424549807562,-41.36113027731768,10.330441000932353,50.50000000000001,-2.181870331797686,-3.3904488154734436
5,442,211,1.0,0.13957,0.6651533976013511,0.2682115114231853,3,93,-54.857419375503845,-69.4471996516785,20.703441341860298,88.5,-2.2393578632277413,-3.3904488154734436
5,442,211,1.0,0.13957,0.6651533976013511,0.2682115114231853,4,130,-80.80930167710491,-92.06577410991908,30.05198874020648,122.5,-2.29117294482383,-3.3904488154734436
5,442,211,1.0,0.13957,0.6651533976013511,0.2682115114231853,5,327,-251.85733263221672,-161.14863945868404,80.79098870066687,299.0,-2.572392291436405,-3.3904488154734436
5,442,211,1.0,0.13957,0.6651533976013511,0.2682115114231853,6,416,-335.0887678249149,-159.23729989415247,103.4487054948983,371.0,-2.6979735583338207,-3.3904488154734436
5,442,211,1.0,0.13957,0.6651533976013511,0.2682115114231853,7,512,-422.37972553160273,-133.58281124399167,128.22275593188863,443.0,-2.835283830424676,-3.3904488154734436
5,442,211,1.0,0.13957,0.6651533976013511,0.2682115114231853,8,621,-508.0920545854068,-77.70755476258402,156.10628925783084,514.0,-2.989828732588585,-3.3904488154734436
5,443,-2212,-1.0,0.93827,0.4683142068826399,-0.3883942808214903,1,75,-32.3906878787874,-7.510382063448917,-16.64286671249842,33.25,-2.91375031479406,-3.3904488154734436
5,443,-2212,-1.0,0.93827,0.4683142068826399,-0.3883942808214903,2,115,-48.739141329057865,-13.219156648823098,-23.540456349810896,50.50000000000001,-2.876741641431434,-3.3904488154734436
5,443,-2212,-1.0,0.93827,0.4683142068826399,-0.3883942808214903,3,202,-83.22561026013233,-30.095644150417428,-38.8475982264865,88.49999999999999,-2.794607939423045,-3.3904488154734436
5,443,-2212,-1.0,0.93827,0.4683142068826399,-0.3883942808214903,4,281,-111.77462077112332,-50.126681033872224,-52.74899752313883,122.5,-2.720018383058745,-3.3904488154734436
5,443,-2212,-1.0,0.93827,0.4683142068826399,-0.3883942808214903,5,737,-197.3794549473204,-224.5937460498371,-132.55743063921457,299.0,-2.291790746618275,-3.3904488154734436
5,443,-2212,-1.0,0.93827,0.4683142068826399,-0.3883942808214903,6,974,-177.4612112571473,-325.8044175562175,-173.9760904588569,371.0,-2.0695507902051893,-3.3904488154734436
5,443,-2212,-1.0,0.93827,0.4683142068826399,-0.3883942808214903,7,1322,-75.62019294850352,-436.4980944041235,-234.95876539060012,443.0,-1.7423365921132894,-3.3904488154734436
5,450,211,1.0,0.13957,1.3789311371262882,-0.9828224462763236,1,50,-19.093381691634903,27.22141207905169,-41.59398344695027,33.25000000000001,2.182468245150986,-3.3904488154734436
5,450,211,1.0,0.13957,1.3789311371262882,-0.9828224462763236,2,77,-28.478949083936698,41.70371037539156,-61.42122494840386,50.50000000000001,2.1699449361585943,-3.3904488154734436
5,450,211,1.0,0.13957,1.3789311371262882,-0.9828224462763236,3,135,-47.87182481826177,74.4347928630802,-105.13520390924323,88.5,2.1423323299694936,-3.3904488154734436
5,450,211,1.0,0.13957,1.3789311371262882,-0.9828224462763236,4,187,-63.69351425172888,104.63931499328926,-144.3126878265116,122.5,2.1175852943764832,-3.3904488154734436
5,450,211,1.0,0.13957,1.3789311371262882,-0.9828224462763236,5,460,-121.12285234887877,273.36834973872107,-349.65599259365933,299.0,1.987877040900046,-3.3904488154734436
5,450,211,1.0,0.13957,1.3789311371262882,-0.9828224462763236,6,573,-131.80638245352773,346.79688225893034,-434.945092177537,371.0,1.934002717407016,-3.3904488154734436
5,450,211,1.0,0.13957,1.3789311371262882,-0.9828224462763236,7,688,-134.51103744599743,422.0850397789544,-521.5401459358974,443.0,1.8793035266509164,-3.3904488154734436
5,450,211,1.0,0.13957,1.3789311371262882,-0.9828224462763236,8,804,-128.93463438275722,497.5659353860397,-608.5377699883347,513.9999999999999,1.824350004386412,-3.3904488154734436
5,451,-211,-1.0,0.13957,0.5884865081592575,-1.588503830916696,1,85,30.774733619506,12.588815299639872,-81.43967979645431,33.25,0.3882951006137604,-3.3904488154734436
5,451,-211,-1.0,0.13957,0.5884865081592575,-1.588503830916696,2,129,46.15816023863702,20.48595234262513,-122.01427116112109,50.49999999999999,0.4177034471795517,-3.3904488154734436
5,451,-211,-1.0,0.13957,0.5884865081592575,-1.588503830916696,3,227,78.38480718989857,41.08615340722989,-211.81152888190064,88.50000000000001,0.4827880016865702,-3.3904488154734436
5,451,-211,-1.0,0.13957,0.5884865081592575,-1.588503830916696,4,316,104.97057469493022,63.14608814658336,-292.9069688849559,122.5,0.5415656943728713,-3.3904488154734436
5,451,-211,-1.0,0.13957,0.5884865081592575,-1.588503830916696,5,803,193.9229515605616,227.584904723578,-739.2699150102242,299.0,0.8650898293856152,-3.3904488154734436
5,451,-211,-1.0,0.13957,0.5884865081592575,-1.588503830916696,6,1028,195.93790592509035,315.0386278247327,-945.2634765965182,371.0,1.0143941207456435,-3.3904488154734436
5,451,-211,-1.0,0.13957,0.5884865081592575,-1.588503830916696,7,1285,166.78634325240958,410.40384465120377,-1180.3549752878746,443.0,1.184788633842044,-3.3904488154734436
5,451,-211,-1.0,0.13957,0.5884865081592575,-1.588503830916696,8,1602,89.81213383787727,506.092660108292,-1470.6062167833413,514.0,1.39516297810548,-3.3904488154734436
5,452,211,1.0,0.13957,0.1422697896382178,-1.118034344112908,1,65,-18.75404534685507,27.456297695212,-49.23321602421437,33.25,2.1700561675542542,-3.3904488154734436
5,452,211,1.0,0.13957,0.1422697896382178,-1.118034344112908,2,101,-22.9695583563909,44.973874515237775,-73.91100868707983,50.50000000000001,2.0429919494718574,-3.3904488154734436
5,452,211,1.0,0.13957,0.1422697896382178,-1.118034344112908,3,186,-14.397711979373522,87.32099340799441,-133.87694927575308,88.49999999999999,1.7342086499671654,-3.3904488154734436
5,452,211,1.0,0.13957,0.1422697896382178,-1.118034344112908,4,288,24.715587760373197,119.98078896914826,-205.06424975255945,122.5,1.3676418851318486,-3.3904488154734436
5,453,-211,-1.0,0.13957,1.34871986695343,0.5093853217205342,1,37,2.562485679110201,33.15111109969552,14.290422324988896,33.25000000000001,1.493652595369037,-3.3904488154734436
5,453,-211,-1.0,0.13957,1.34871986695343,0.5093853217205342,2,57,3.246842241786366,50.39551582687642,23.466768687614923,50.5,1.506458043062732,-3.3904488154734436
5,453,-211,-1.0,0.13957,1.34871986695343,0.5093853217205342,3,100,3.1947792845061582,88.4423167116471,43.69902182441578,88.5,1.534689280779148,-3.3904488154734436
5,453,-211,-1.0,0.13957,1.34871986695343,0.5093853217205342,4,139,1.323244717911038,122.49285294831093,61.83300944991762,122.5,1.5599941190181057,-3.3904488154734436
5,453,-211,-1.0,0.13957,1.34871986695343,0.5093853217205342,5,343,-36.35425510156284,296.7816843001106,156.92210074805507,299.00000000000006,1.6926840466597748,-3.3904488154734436
5,453,-211,-1.0,0.13957,1.34871986695343,0.5093853217205342,6,427,-65.34223580678953,365.2004822282823,196.45095301862983,371.0,1.7478444627316363,-3.3904488154734436
5,453,-211,-1.0,0.13957,1.34871986695343,0.5093853217205342,7,513,-102.32836995302532,431.0196105779373,236.61503561431144,443.0,1.803890940457202,-3.3904488154734436
5,453,-211,-1.0,0.13957,1.34871986695343,0.5093853217205342,8,599,-146.71088716058216,492.6174129977085,277.00407873271064,514.0,1.860251119998586,-3.3904488154734436
5,454,-211,-1.0,0.13957,0.1876316813254529,1.5776887252205622,1,88,-13.52792805073283,-30.37363433397781,74.11449183044618,33.25,-1.9898048857716093,-3.3904488154734436
5,454,-211,-1.0,0.13957,0.1876316813254529,1.5776887252205622,2,134,-16.10508533331366,-47.86309879653307,115.16531501199923,50.50000000000001,-1.895378264426533,-3.3904488154734436
5,454,-211,-1.0,0.13957,0.1876316813254529,1.5776887252205622,3,242,-9.339573452763066,-88.00580871579128,210.31267903661137,88.5,-1.6765251029726038,-3.3904488154734436
5,454,-211,-1.0,0.13957,0.1876316813254529,1.5776887252205622,4,351,14.018623526270844,-121.69522667068205,306.13967334270603,122.5,-1.4561073207551345,-3.3904488154734436
5,455,-211,-1.0,0.13957,1.9325499564553736,1.0315739035762337,1,52,19.62472035371646,26.84088022100667,37.32672772538838,33.25,0.939468506616028,-3.3904488154734436
5,455,-211,-1.0,0.13957,1.9325499564553736,1.0315739035762337,2,79,29.4406175557464,41.03047694015117,58.454669215325346,50.5,0.9484015794838166,-3.3904488154734436
5,455,-211,-1.0,0.13957,1.9325499564553736,1.0315739035762337,3,140,50.16823788927553,72.9067754538977,105.01720257276001,88.5,0.968091561375698,-3.3904488154734436
5,455,-211,-1.0,0.13957,1.9325499564553736,1.0315739035762337,4,194,67.65186898068895,102.12479925767148,146.7135611102334,122.5,0.985723431028611,-3.3904488154734436
5,455,-211,-1.0,0.13957,1.9325499564553736,1.0315739035762337,5,475,141.5334616342487,263.38048378311305,364.21864886665355,299.00000000000006,1.0776995001548118,-3.3904488154734436
5,455,-211,-1.0,0.13957,1.9325499564553736,1.0315739035762337,6,591,163.11993025870433,333.2159785370375,453.7468262558454,371.0,1.1155580212788112,-3.3904488154734436
5,455,-211,-1.0,0.13957,1.9325499564553736,1.0315739035762337,7,707,179.46275182612797,405.0211361237752,543.9438894521228,443.0,1.15369959966376,-3.3904488154734436
5,455,-211,-1.0,0.13957,1.9325499564553736,1.0315739035762337,8,823,190.24554910410689,477.4962105044153,633.6891813109188,514.0,1.1916500331522912,-3.3904488154734436
5,470,2212,1.0,0.93827,1.766277023927891,0.0988706598114278,1,37,-31.575835882317605,10.417729519091203,-0.09744582432257642,33.25000000000001,2.822910676724945,-3.3904488154734436
5,470,2212,1.0,0.93827,1.766277023927891,0.0988706598114278,2,57,-47.80031623568187,16.290480894338522,1.6113410638593217,50.5,2.8131347236813244,-3.3904488154734436
5,470,2212,1.0,0.93827,1.766277023927891,0.0988706598114278,3,100,-83.1343911664196,30.346713255124246,5.377544364570725,88.5,2.791589558659189,-3.3904488154734436
5,470,2212,1.0,0.93827,1.766277023927891,0.0988706598114278,4,139,-114.24105714713328,44.21799251329066,8.750710303949184,122.5,2.772292128262756,-3.3904488154734436
5,470,2212,1.0,0.93827,1.766277023927891,0.0988706598114278,5,341,-266.5705375362411,135.42949648300197,26.36354702883514,298.99999999999994,2.6715307679234805,-3.3904488154734436
5,470,2212,1.0,0.93827,1.766277023927891,0.0988706598114278,6,425,-323.49583753919626,181.6354676125066,33.62642012281886,371.0,2.6299806598875684,-3.3904488154734436
5,470,2212,1.0,0.93827,1.766277023927891,0.0988706598114278,7,509,-376.8469276062837,232.884935437448,40.9548117000295,443.0,2.588055305451791,-3.3904488154734436
5,470,2212,1.0,0.93827,1.766277023927891,0.0988706598114278,8,593,-425.5728455247604,288.24252488478936,48.26027721506583,514.0,2.546261313716996,-3.3904488154734436
5,471,-211,-1.0,0.13957,0.0929915323816498,-0.5342267881388606,1,64,29.33397519718069,-15.655043887871658,-22.432781098557857,33.25,-0.490229518633258,-3.3904488154734436
5,471,-211,-1.0,0.13957,0.0929915323816498,-0.5342267881388606,2,100,48.51046136567982,-14.03513940397053,-33.288588547908375,50.5,-0.281631823274292,-3.3904488154734436
5,471,-211,-1.0,0.13957,0.0929915323816498,-0.5342267881388606,3,221,81.34970166404676,34.849333410706535,-69.00712866569101,88.5,0.4047378222705465,-3.3904488154734436
5,476,2212,1.0,0.93827,2.504720925231141,0.8315297924080656,1,47,19.571774528027188,26.87951156223019,27.55701799173157,33.25000000000001,0.9414396690289742,-3.3904488154734436
5,476,2212,1.0,0.93827,2.504720925231141,0.8315297924080656,2,71,30.00625080079903,40.6186522779812,43.61427810780485,50.49999999999999,0.9345465830582588,-3.3904488154734436
5,476,2212,1.0,0.93827,2.504720925231141,0.8315297924080656,3,125,53.66019610253935,70.37636928854046,78.99575454395682,88.5,0.9193591425067816,-3.3904488154734436
5,476,2212,1.0,0.93827,2.504720925231141,0.8315297924080656,4,173,75.59291996994833,96.39481547478054,110.66874640202363,122.5,0.9057633772041126,-3.3904488154734436
5,476,2212,1.0,0.93827,2.504720925231141,0.8315297924080656,5,424,200.68622768425536,221.64394423909545,275.5620270494074,299.00000000000006,0.8349814994511474,-3.3904488154734436
5,476,2212,1.0,0.93827,2.504720925231141,0.8315297924080656,6,527,256.8891133142436,267.67327744962097,343.1850093320907,371.00000000000006,0.8059536691086471,-3.3904488154734436
5,476,2212,1.0,0.93827,2.504720925231141,0.8315297924080656,7,631,315.9303557484553,310.5430893075138,411.10358299871046,443.00000000000006,0.7767990221325656,-3.3904488154734436
5,476,2212,1.0,0.93827,2.504720925231141,0.8315297924080656,8,733,376.8234481113733,349.5712930912021,478.4292303402359,514.0,0.7478987457578321,-3.3904488154734436
5,477,211,1.0,0.13957,0.3822052194730134,0.4105144426075722,1,38,26.050123276057743,20.662855013337207,10.663575473723878,33.25,0.6705784037435788,-3.3904488154734436
5,477,211,1.0,0.13957,0.3822052194730134,0.4105144426075722,2,58,40.94942089202934,29.553255803843875,17.990338466969874,50.50000000000001,0.6251426935807488,-3.3904488154734436
5,477,211,1.0,0.13957,0.3822052194730134,0.4105144426075722,3,102,76.62947821389757,44.27384181055218,34.31182367962144,88.5,0.5239098787007527,-3.3904488154734436
5,477,211,1.0,0.13957,0.3822052194730134,0.4105144426075722,4,142,111.28443723859203,51.20570308559258,49.252328852113536,122.5,0.4312489606780991,-3.3904488154734436
5,477,211,1.0,0.13957,0.3822052194730134,0.4105144426075722,5,393,296.01274047865627,-42.15990363266607,141.59454201202553,299.0,-0.1414744861365614,-3.3904488154734436
5,477,211,1.0,0.13957,0.3822052194730134,0.4105144426075722,6,582,311.7190209240003,-201.1771656878153,211.19036232450685,371.0,-0.5731204311620645,-3.3904488154734436
5,478,211,1.0,0.13957,1.0227771175974936,1.2676295975670344,1,63,23.393345665831102,23.628666457482137,50.99825681163668,33.25000000000001,0.7904026031594036,-3.3904488154734436
5,478,211,1.0,0.13957,1.0227771175974936,1.2676295975670344,2,97,36.1308508246825,35.28188796938934,79.23402159678011,50.5,0.7735106083316518,-3.3904488154734436
5,478,211,1.0,0.13957,1.0227771175974936,1.2676295975670344,3,170,65.57822709551282,59.42849595109528,141.5294178264276,88.5,0.736242589531198,-3.3904488154734436
5,478,211,1.0,0.13957,1.0227771175974936,1.2676295975670344,4,236,93.47206928895562,79.17842043663589,197.4364289334987,122.5,0.7027970320048816,-3.3904488154734436
5,478,211,1.0,0.13957,1.0227771175974936,1.2676295975670344,5,583,258.57363513924423,150.13552281481225,492.87080626618143,299.0,0.5260548288985128,-3.3904488154734436
5,478,211,1.0,0.13957,1.0227771175974936,1.2676295975670344,6,729,333.82876249252024,161.86215534433157,617.5485621250123,371.0,0.4514671239255431,-3.3904488154734436
5,478,211,1.0,0.13957,1.0227771175974936,1.2676295975670344,7,880,412.2731616316148,162.11058015525205,745.96832950098,443.0,0.3746406249177199,-3.3904488154734436
5,478,211,1.0,0.13957,1.0227771175974936,1.2676295975670344,8,1035,491.6483121991329,149.92643900174463,877.439360449257,513.9999999999999,0.2959886799764639,-3.3904488154734436
5,479,-211,-1.0,0.13957,0.2194187275967631,0.0413011677269058,1,39,-14.715461597628671,29.816399681529557,-2.0114698086322162,33.25,2.0292592411265904,-3.3904488154734436
5,479,-211,-1.0,0.13957,0.2194187275967631,0.0413011677269058,2,60,-25.90432114501848,43.34992671292246,-1.2852399828978647,50.5,2.109422139674885,-3.3904488154734436
5,479,-211,-1.0,0.13957,0.2194187275967631,0.0413011677269058,3,108,-58.46726168260945,66.43665638288302,0.3730896463943485,88.50000000000001,2.292476660063118,-3.3904488154734436
5,479,-211,-1.0,0.13957,0.2194187275967631,0.0413011677269058,4,154,-95.88199532336547,76.24233058354211,1.9794147103330353,122.5,2.4698047745661507,-3.3904488154734436
5,480,211,1.0,0.13957,0.2374762193883301,0.2231554596783722,1,39,-26.256372774886547,20.40013207570472,4.115928269114233,33.25,2.4810596838999737,-3.3904488154734436
5,480,211,1.0,0.13957,0.2374762193883301,0.2231554596783722,2,60,-37.48328602507319,33.84159081311859,8.060243742628824,50.5,2.4072080467036208,-3.3904488154734436
5,480,211,1.0,0.13957,0.2374762193883301,0.2231554596783722,3,107,-54.86648274270215,69.44003939691254,17.016283640794885,88.5,2.2394883772655687,-3.3904488154734436
5,480,211,1.0,0.13957,0.2374762193883301,0.2231554596783722,4,152,-59.6358934152641,107.00378599172676,25.57304631805134,122.5,2.07924599789002,-3.3904488154734436
5,505,-211,-1.0,0.13957,0.2344926282215936,-0.8784702098613713,1,51,14.205132598945276,-30.06287923413828,-36.616228201514254,33.25,-1.1293782617835924,-3.3904488154734436
5,505,-211,-1.0,0.13957,0.2344926282215936,-0.8784702098613713,2,77,24.9279334406784,-43.918653603874375,-54.08097752019426,50.5,-1.0545461951286874,-3.3904488154734436
5,505,-211,-1.0,0.13957,0.2344926282215936,-0.8784702098613713,3,139,56.08196986731813,-68.46212570320338,-93.76987385490317,88.5,-0.8844764798554506,-3.3904488154734436
5,505,-211,-1.0,0.13957,0.2344926282215936,-0.8784702098613713,4,197,91.96188051068523,-80.9275140662213,-131.76540378520124,122.5,-0.7216613420352335,-3.3904488154734436
5,514,211,1.0,0.13957,0.1152592825496749,-0.8771812900139032,1,62,-13.79752098633351,-30.25212248143404,-36.92096871484978,33.25,-1.9986985036915432,-3.3904488154734436
5,514,211,1.0,0.13957,0.1152592825496749,-0.8771812900139032,2,97,-28.050731517211677,-41.99293346920774,-55.35756506986566,50.5,-2.159712415218919,-3.3904488154734436
5,514,211,1.0,0.13957,0.1152592825496749,-0.8771812900139032,3,187,-75.0072471547877,-46.96980811394264,-103.72354808776424,88.5,-2.5821282970595467,-3.3904488154734436
5,515,-211,-1.0,0.13957,0.0976318541955718,-1.6900513609528842,1,106,-15.751787299089342,-29.28213955441521,-92.20610959527602,33.25,-2.064326757601691,-3.3904488154734436
5,515,-211,-1.0,0.13957,0.0976318541955718,-1.6900513609528842,2,167,-14.791134803388683,-48.28532210960163,-142.3341986450102,50.5,-1.868048252538288,-3.3904488154734436
5,515,-211,-1.0,0.13957,0.0976318541955718,-1.6900513609528842,3,348,25.732693095407647,-84.67631608695291,-293.59418387904356,88.5,-1.2757701524080878,-3.3904488154734436
5,519,211,1.0,0.13957,0.2688717151967688,1.535326154317879,1,82,-33.18698541442597,-2.0460936202133686,70.40517626451633,33.25,-3.080017099613699,-3.3904488154734436
5,519,211,1.0,0.13957,0.2688717151967688,1.535326154317879,2,126,-50.49970258662311,0.1733166541665629,109.07170276342369,50.5,3.138160633898515,-3.3904488154734436
5,519,211,1.0,0.13957,0.2688717151967688,1.535326154317879,3,224,-87.50621421115663,13.225447986029364,196.25198250876952,88.5,2.991590673592241,-3.3904488154734436
5,519,211,1.0,0.13957,0.2688717151967688,1.535326154317879,4,316,-117.46295172224734,34.76643456981162,278.1917766621911,122.5,2.8538299567821794,-3.3904488154734436
6,526,-211,-1.0,0.13957,0.5101415192847565,-1.0731868154162751,1,55,-33.24771959257017,-0.3894122414942894,-76.3088351890101,33.25,-3.1298807394791077,-33.33980934385241
6,526,-211,-1.0,0.13957,0.5101415192847565,-1.0731868154162751,2,83,-50.44735358324895,-2.305323501519821,-98.66184753287514,50.5,-3.095926813229712,-33.33980934385241
6,526,-211,-1.0,0.13957,0.5101415192847565,-1.0731868154162751,3,147,-87.8537007569546,-10.6760134557556,-148.20931150790472,88.5,-3.02066521934101,-33.33980934385241
6,526,-211,-1.0,0.13957,0.5101415192847565,-1.0731868154162751,4,204,-120.31604063591053,-23.028251468531757,-193.09774319458992,122.5,-2.95248174769062,-33.33980934385241
6,526,-211,-1.0,0.13957,0.5101415192847565,-1.0731868154162751,5,529,-251.21186386215084,-162.15301247557568,-445.95173269229053,299.0,-2.568399315164254,-33.33980934385241
6,526,-211,-1.0,0.13957,0.5101415192847565,-1.0731868154162751,6,688,-268.53554090017303,-255.9876232817741,-569.907238932494,371.0,-2.380112451544917,-33.33980934385241
6,526,-211,-1.0,0.13957,0.5101415192847565,-1.0731868154162751,7,889,-239.50534038811327,-372.6743778764163,-726.6652686348452,443.0,-2.1419989040265524,-33.33980934385241
6,531,2212,1.0,0.93827,0.1738313811260042,0.462667220375197,1,184,4.3387108965663,-32.96571078796902,-17.302409573486752,33.25000000000001,-1.439935612732741,-33.33980934385241
6,531,2212,1.0,0.93827,0.1738313811260042,0.462667220375197,2,282,1.4384469713538932,-50.47950941035979,-8.777928070016074,50.5,-1.542308375212197,-33.33980934385241
6,531,2212,1.0,0.93827,0.1738313811260042,0.462667220375197,3,511,-18.5442997438376,-86.53530462771079,11.172677787271994,88.5,-1.7819009316019,-33.33980934385241
6,531,2212,1.0,0.93827,0.1738313811260042,0.462667220375197,4,749,-54.29982752977342,-109.80791742965012,31.834285712660034,122.5,-2.030032889990447,-33.33980934385241
6,532,211,1.0,0.13957,0.1517233265757569,0.443746527437539,1,48,-29.779336023659575,14.790322714192916,-17.971290625892664,33.25,2.6806174428226663,-33.33980934385241
6,532,211,1.0,0.13957,0.1517233265757569,0.443746527437539,2,73,-42.256885926517285,27.65150252325008,-9.736867402971054,50.5,2.5621537606941054,-33.33980934385241
6,532,211,1.0,0.13957,0.1517233265757569,0.443746527437539,3,135,-57.5283811016438,67.25128525035066,9.984711752877672,88.5,2.2784310380827417,-33.33980934385241
6,532,211,1.0,0.13957,0.1517233265757569,0.443746527437539,4,204,-46.60161640457248,113.28962595260468,32.046236383407646,122.5,1.9610481951711736,-33.33980934385241
6,534,-211,-1.0,0.13957,0.3679084310127708,1.4350057072350326,1,74,-18.79917328560912,27.42541857069169,32.61115648542288,33.25,2.1717007199353966,-33.33980934385241
6,534,-211,-1.0,0.13957,0.3679084310127708,1.4350057072350326,2,114,-30.486917926396263,40.259133564312805,67.00670880448467,50.5,2.218932188865053,-33.33980934385241
6,534,-211,-1.0,0.13957,0.3679084310127708,1.4350057072350326,3,201,-60.54782799053012,64.54618908680183,143.69769560419374,88.49999999999999,2.324242519851209,-33.33980934385241
6,534,-211,-1.0,0.13957,0.3679084310127708,1.4350057072350326,4,281,-92.03441487508364,80.84501517472171,214.035506815254,122.5,2.420828056630847,-33.33980934385241
6,534,-211,-1.0,0.13957,0.3679084310127708,1.4350057072350326,5,786,-297.169406369507,33.03549481988754,658.3004804065641,299.0,3.0308800146224244,-33.33980934385241
6,536,-211,-1.0,0.13957,0.5670071620178241,1.5962276759579643,1,85,31.987548301608584,-9.075199923542058,45.37031752997794,33.25,-0.2764460251022291,-33.33980934385241
6,536,-211,-1.0,0.13957,0.5670071620178241,1.5962276759579643,2,130,48.98068260148148,-12.29401203403226,86.29496813588526,50.5,-0.2459169425131757,-33.33980934385241
6,536,-211,-1.0,0.13957,0.5670071620178241,1.5962276759579643,3,229,87.09652267829321,-15.69859029816231,176.89978542004266,88.5,-0.1783288777368154,-33.33980934385241
6,536,-211,-1.0,0.13957,0.5670071620178241,1.5962276759579643,4,318,121.65899550049414,-14.32964807002406,258.78486346039665,122.5,-0.1172451513297724,-33.33980934385241
6,536,-211,-1.0,0.13957,0.5670071620178241,1.5962276759579643,5,813,291.7461137187498,65.46147821433843,711.8421458182441,299.0,0.2207225592154913,-33.33980934385241
6,536,-211,-1.0,0.13957,0.5670071620178241,1.5962276759579643,6,1044,344.7117862248566,137.16699470961942,923.6296647396774,371.0,0.378710187233809,-33.33980934385241
6,536,-211,-1.0,0.13957,0.5670071620178241,1.5962276759579643,7,1312,374.7580093964896,236.2317387507036,1169.9295070252022,443.0,0.5624430405529907,-33.33980934385241
6,536,-211,-1.0,0.13957,0.5670071620178241,1.5962276759579643,8,1662,357.63534521391205,369.1787640882476,1490.0969983099678,514.0,0.8012790444705781,-33.33980934385241
6,537,211,1.0,0.13957,0.466829824683108,0.7490125607209513,1,44,-26.379857382634576,-20.240198232029744,-6.017093544167437,33.25,-2.4871366142200926,-33.33980934385241
6,537,211,1.0,0.13957,0.466829824683108,0.7490125607209513,2,67,-41.179090201931686,-29.23238837558734,8.204072859036799,50.5,-2.5242637092525846,-33.33980934385241
6,537,211,1.0,0.13957,0.466829824683108,0.7490125607209513,3,118,-76.1369512340834,-45.11557000392219,39.76520837431087,88.49999999999999,-2.6066630805942985,-33.33980934385241
6,537,211,1.0,0.13957,0.466829824683108,0.7490125607209513,4,164,-109.76157180303088,-54.39344956268262,68.43076144792612,122.5,-2.6815033122822878,-33.33980934385241
6,537,211,1.0,0.13957,0.466829824683108,0.7490125607209513,5,431,-298.86472218408244,-8.993210429608931,233.13285798750317,299.0,-3.111510489865166,-33.33980934385241
6,537,211,1.0,0.13957,0.466829824683108,0.7490125607209513,6,569,-364.0646526756376,71.39978061708175,318.830852370035,371.0,2.947932163075321,-33.33980934385241
6,537,211,1.0,0.13957,0.466829824683108,0.7490125607209513,7,775,-383.0726870766797,222.49565482465556,446.1987336368918,443.0,2.6153967062873646,-33.33980934385241
6,549,-211,-1.0,0.13957,0.2083624081986998,-0.6416947908530871,1,46,16.440873981690597,28.90086785406572,-56.269113566058834,33.25,1.0535801328312733,-33.33980934385241
6,549,-211,-1.0,0.13957,0.2083624081986998,-0.6416947908530871,2,70,21.172130076317124,45.84747439097936,-68.36495836335668,50.5,1.1381771624475672,-33.33980934385241
6,549,-211,-1.0,0.13957,0.2083624081986998,-0.6416947908530871,3,126,20.916307438106053,85.99277925008953,-96.10511249342,88.49999999999999,1.3321963924862232,-33.33980934385241
6,549,-211,-1.0,0.13957,0.2083624081986998,-0.6416947908530871,4,181,5.95294195352357,122.35527157461578,-123.26803283206127,122.5,1.5221817354257503,-33.33980934385241
6,550,-211,-1.0,0.13957,0.745097009338918,1.2669877246611632,1,64,9.21863961560554,31.946505030090343,21.01647523912151,33.24999999999999,1.2898631952472233,-33.33980934385241
6,550,-211,-1.0,0.13957,0.745097009338918,1.2669877246611632,2,97,12.871628766344909,48.83207115105197,49.252308633129076,50.5,1.3130688586417485,-33.33980934385241
6,550,-211,-1.0,0.13957,0.745097009338918,1.2669877246611632,3,170,18.14248551943206,86.62043765288419,111.63243752631604,88.5,1.3643327867065551,-33.33980934385241
6,550,-211,-1.0,0.13957,0.745097009338918,1.2669877246611632,4,236,19.556520243520712,120.92887378936746,167.7678900022367,122.5,1.4104652324844482,-33.33980934385241
6,550,-211,-1.0,0.13957,0.745097009338918,1.2669877246611632,5,592,-26.16605805468812,297.8528787940091,469.48403451391573,298.99999999999994,1.658420312556815,-33.33980934385241
6,550,-211,-1.0,0.13957,0.745097009338918,1.2669877246611632,6,747,-72.24906531080006,363.8970631397233,601.3507272581127,371.0,1.7667901386639056,-33.33980934385241
6,550,-211,-1.0,0.13957,0.745097009338918,1.2669877246611632,7,913,-135.8233673567624,421.66457389715583,742.0442240420898,443.0,1.8824142335034324,-33.33980934385241
6,550,-211,-1.0,0.13957,0.745097009338918,1.2669877246611632,8,1092,-217.2237224134876,465.8431650468085,893.793686644216,514.0,2.0071242088529413,-33.33980934385241
6,556,-211,-1.0,0.13957,0.4416603577248066,-1.2556145040885636,1,64,-23.186249974231824,-23.83191792811554,-87.00784620902229,33.25,-2.3424630454893163,-33.33980934385241
6,556,-211,-1.0,0.13957,0.4416603577248066,-1.2556145040885636,2,97,-33.7671598249597,-37.55035176074424,-114.95220092147514,50.5,-2.3031969977839992,-33.33980934385241
6,556,-211,-1.0,0.13957,0.4416603577248066,-1.2556145040885636,3,171,-53.219199767662126,-70.71044318974158,-177.02434025223974,88.5,-2.215982113224448,-33.33980934385241
6,556,-211,-1.0,0.13957,0.4416603577248066,-1.2556145040885636,4,238,-65.67396618802985,-103.40783415744434,-233.5052828578043,122.5,-2.1366232108045664,-33.33980934385241
6,556,-211,-1.0,0.13957,0.4416603577248066,-1.2556145040885636,5,632,-30.674635927684143,-297.42237089819594,-563.0645217946469,299.0,-1.6735678990471512,-33.33980934385241
6,556,-211,-1.0,0.13957,0.4416603577248066,-1.2556145040885636,6,847,55.91954131904159,-366.7615095653687,-743.8909328327414,371.0,-1.419493172530988,-33.33980934385241
6,557,211,1.0,0.13957,0.1923100342544291,-0.9411285114419462,1,55,28.78989548615951,16.634434703229694,-69.64337931319378,33.25,0.5239264534240311,-33.33980934385241
6,557,211,1.0,0.13957,0.1923100342544291,-0.9411285114419462,2,84,45.86237913568154,21.139824502937632,-88.85199191892207,50.5,0.4319146474213728,-33.33980934385241
6,557,211,1.0,0.13957,0.1923100342544291,-0.9411285114419462,3,151,86.3815689129184,19.24771550451462,-133.25175701143735,88.50000000000001,0.2192404433314471,-33.33980934385241
6,557,211,1.0,0.13957,0.1923100342544291,-0.9411285114419462,4,218,122.497289788026,0.8148586309160322,-177.63419526762814,122.5,0.0066519562475813,-33.33980934385241
6,558,211,1.0,0.13957,0.7227776023819101,-0.1231005298434789,1,34,-22.163757244284223,24.785688709746164,-37.444699028022285,33.25,2.3004065937036047,-33.33980934385241
6,558,211,1.0,0.13957,0.7227776023819101,-0.1231005298434789,2,51,-32.752176450348735,38.43884672782499,-39.57718895383647,50.5,2.276484700749664,-33.33980934385241
6,558,211,1.0,0.13957,0.7227776023819101,-0.1231005298434789,3,91,-53.75799598984635,70.30169178018167,-44.289258771787516,88.5,2.223623917956808,-33.33980934385241
6,558,211,1.0,0.13957,0.7227776023819101,-0.1231005298434789,4,126,-69.69728462226306,100.73995491503486,-48.53117759836394,122.5,2.176033852359491,-33.33980934385241
6,558,211,1.0,0.13957,0.7227776023819101,-0.1231005298434789,5,316,-102.20502888848412,280.9895586492568,-71.38451600941357,299.0,1.919652218434641,-33.33980934385241
6,558,211,1.0,0.13957,0.7227776023819101,-0.1231005298434789,6,399,-86.82802032861854,360.69640265161087,-81.42386832688567,371.0,1.80702508112597,-33.33980934385241
6,558,211,1.0,0.13957,0.7227776023819101,-0.1231005298434789,7,489,-51.00253334300123,440.0542484655682,-92.19549015255478,443.0,1.6861820669506542,-33.33980934385241
6,558,211,1.0,0.13957,0.7227776023819101,-0.1231005298434789,8,586,8.306220900063618,513.9328815072639,-103.92125045061681,514.0,1.554635660524342,-33.33980934385241
6,559,-211,-1.0,0.13957,0.253094488380345,-0.5468857546186694,1,42,33.0907617147114,-3.250229090416566,-52.49933757801527,33.24999999999999,-0.0979075979212112,-33.33980934385241
6,559,-211,-1.0,0.13957,0.253094488380345,-0.5468857546186694,2,65,50.47912989410885,-1.4517042170105368,-62.55128587526853,50.49999999999999,-0.0287505788461368,-33.33980934385241
6,559,-211,-1.0,0.13957,0.253094488380345,-0.5468857546186694,3,115,87.77921212593161,11.272085811893854,-85.2875995540605,88.49999999999999,0.1277151149608061,-33.33980934385241
6,559,-211,-1.0,0.13957,0.253094488380345,-0.5468857546186694,4,163,117.86883714111347,33.364460598092464,-106.81401763350851,122.5,0.2758479666047268,-33.33980934385241
6,574,-211,-1.0,0.13957,0.2359856179127195,1.5157860271311985,1,82,20.20567288917892,26.406311425405487,38.94321996817854,33.25000000000001,0.9176484080449412,-33.33980934385241
6,574,-211,-1.0,0.13957,0.2359856179127195,1.5157860271311985,2,125,27.624439829974285,42.27458248262341,76.93167038073511,50.5,0.9919977325444472,-33.33980934385241
6,574,-211,-1.0,0.13957,0.2359856179127195,1.5157860271311985,3,223,35.26993251945344,81.16823184025387,163.2242410505556,88.5,1.16088248289218,-33.33980934385241
6,574,-211,-1.0,0.13957,0.2359856179127195,1.5157860271311985,4,316,30.116765872263898,118.74018028197212,245.75122120155206,122.5,1.322398630900664,-33.33980934385241
6,575,-211,-1.0,0.13957,0.0809089281798135,-0.7616864079366867,1,74,-33.217743477112506,-1.464246662536597,-62.0383612455839,33.25,-3.0975409138857235,-33.33980934385241
6,575,-211,-1.0,0.13957,0.0809089281798135,-0.7616864079366867,2,118,-48.3209354384231,-14.674372162233958,-79.02059319536434,50.5,-2.846758016068964,-33.33980934385241
6,579,-211,-1.0,0.13957,1.5115148331322243,-1.6497914410385892,1,89,24.0499431291911,-22.96002472739683,-116.70103509136842,33.25,-0.762217480149033,-33.33980934385241
6,579,-211,-1.0,0.13957,1.5115148331322243,-1.6497914410385892,2,136,36.922990478639655,-34.452035848615466,-159.9619594282271,50.5,-0.750792667296087,-33.33980934385241
6,579,-211,-1.0,0.13957,1.5115148331322243,-1.6497914410385892,3,239,66.20651371333994,-58.72774082088745,-255.32777383101458,88.5,-0.7256078450015007,-33.33980934385241
6,579,-211,-1.0,0.13957,1.5115148331322243,-1.6497914410385892,4,331,93.4526140373662,-79.20138211914654,-340.7729530972882,122.5,-0.7030427104459154,-33.33980934385241
6,579,-211,-1.0,0.13957,1.5115148331322243,-1.6497914410385892,5,813,249.28573190637968,-165.09883060730803,-787.8871641687404,299.0,-0.584964760069183,-33.33980934385241
6,579,-211,-1.0,0.13957,1.5115148331322243,-1.6497914410385892,6,1012,318.9562624642985,-189.49380632307103,-973.0154117842088,371.00000000000006,-0.5360743523212698,-33.33980934385241
6,579,-211,-1.0,0.13957,1.5115148331322243,-1.6497914410385892,7,1214,391.586255360024,-207.1453707257638,-1160.468326063779,443.00000000000006,-0.486570056199987,-33.33980934385241
6,579,-211,-1.0,0.13957,1.5115148331322243,-1.6497914410385892,8,1416,465.69583382521984,-217.53939955289292,-1348.1489785768656,514.0,-0.4370056360279882,-33.33980934385241
7,593,211,1.0,0.13957,0.3564052187156022,0.6456620831674104,1,42,23.44223243544613,23.58016620896717,-38.525836157302166,33.25,0.7883315181789344,-61.55067158023245
7,593,211,1.0,0.13957,0.3564052187156022,0.6456620831674104,2,64,37.30760503957947,34.03516719821932,-26.513476592016758,50.5,0.7395610648770712,-61.55067158023245
7,593,211,1.0,0.13957,0.3564052187156022,0.6456620831674104,3,114,71.47297320835617,52.19065146899015,0.2921344162674657,88.50000000000001,0.6307181307218914,-61.55067158023245
7,593,211,1.0,0.13957,0.3564052187156022,0.6456620831674104,4,159,105.64941958116508,62.00363007246376,24.919930461484476,122.5,0.5307172763626005,-61.55067158023245
7,593,211,1.0,0.13957,0.3564052187156022,0.6456620831674104,5,453,297.04038059997544,-34.17619482946776,183.83202521943565,299.0,-0.1145520190427386,-61.55067158023245
7,595,211,1.0,0.13957,0.6980057614900449,0.1376732518069661,1,34,-22.700007852013137,24.29551694281358,-56.9568190054841,33.25,2.322257290491786,-61.55067158023245
7,595,211,1.0,0.13957,0.6980057614900449,0.1376732518069661,2,52,-33.552243524490805,37.742508587443744,-54.57008088064738,50.5,2.2974882037285744,-61.55067158023245
7,595,211,1.0,0.13957,0.6980057614900449,0.1376732518069661,3,91,-55.09112312612862,69.26195313952485,-49.295024515283124,88.5,2.2427275547698398,-61.55067158023245
7,595,211,1.0,0.13957,0.6980057614900449,0.1376732518069661,4,126,-71.43739788022816,99.51355779039343,-44.54416761484726,122.5,2.193412518419036,-61.55067158023245
7,595,211,1.0,0.13957,0.6980057614900449,0.1376732518069661,5,318,-104.2507028449037,280.2370263836376,-18.87389927482093,299.0,1.926942197032928,-61.55067158023245
7,595,211,1.0,0.13957,0.6980057614900449,0.1376732518069661,6,402,-87.58669586192482,360.5129272411611,-7.524513831478998,371.00000000000006,1.8091289786270464,-61.55067158023245
7,595,211,1.0,0.13957,0.6980057614900449,0.1376732518069661,7,494,-49.07682954729158,440.2731706583835,4.740930226882433,443.0,1.681807102176578,-61.55067158023245
7,595,211,1.0,0.13957,0.6980057614900449,0.1376732518069661,8,594,15.0623539958603,513.779257553381,18.25843378282888,514.0,1.5414879404280082,-61.55067158023245
7,596,-211,-1.0,0.13957,0.6240963947487905,-0.0754195455289081,1,34,-13.937399107010297,-30.18793477752177,-64.06194107042519,33.25,-2.003327151554793,-61.55067158023245
7,596,-211,-1.0,0.13957,0.6240963947487905,-0.0754195455289081,2,51,-19.88932766129183,-46.41836538679245,-65.36714899693746,50.5,-1.975610622702086,-61.55067158023245
7,596,-211,-1.0,0.13957,0.6240963947487905,-0.0754195455289081,3,91,-29.80460196966919,-83.33028081933718,-68.25426161122078,88.50000000000001,-1.9142862154993423,-61.55067158023245
7,596,-211,-1.0,0.13957,0.6240963947487905,-0.0754195455289081,4,126,-34.814221607019114,-117.44879724329816,-70.85885168553652,122.5,-1.8589658745732156,-61.55067158023245
7,596,-211,-1.0,0.13957,0.6240963947487905,-0.0754195455289081,5,320,4.222620226780937,-298.9701815874292,-85.09117610624585,299.0,-1.556673381636649,-61.55067158023245
7,596,-211,-1.0,0.13957,0.6240963947487905,-0.0754195455289081,6,408,55.892434963426446,-366.7656414031434,-91.54630779959754,371.0,-1.4195670794220063,-61.55067158023245
7,596,-211,-1.0,0.13957,0.6240963947487905,-0.0754195455289081,7,506,132.63828851028035,-422.6772816476699,-98.74239117079352,443.0,-1.2667229086554026,-61.55067158023245
7,596,-211,-1.0,0.13957,0.6240963947487905,-0.0754195455289081,8,620,238.6492358232698,-455.2389946401443,-107.15903811141342,514.0,-1.0879543523833433,-61.55067158023245
7,597,321,1.0,0.49368,0.9438536159604516,-1.425527831644026,1,75,-25.663322323374164,-21.1413430823731,-126.72871774086607,33.24999999999999,-2.4525094138447594,-61.55067158023245
7,597,321,1.0,0.49368,0.9438536159604516,-1.425527831644026,2,114,-39.55863430089676,-31.390515323070343,-160.56972942499053,50.5,-2.4708162486360146,-61.55067158023245
7,597,321,1.0,0.49368,0.9438536159604516,-1.425527831644026,3,200,-71.49083966431283,-52.16617528716778,-235.25166092392357,88.5,-2.511216933735259,-61.55067158023245
7,597,321,1.0,0.49368,0.9438536159604516,-1.425527831644026,4,277,-101.51001387441232,-68.5708909320611,-302.310676595525,122.5,-2.5474936419273466,-61.55067158023245
7,597,321,1.0,0.49368,0.9438536159604516,-1.425527831644026,5,688,-275.1903483402698,-116.92421554306438,-657.8285649346003,299.0,-2.739819525834277,-61.55067158023245
7,597,321,1.0,0.49368,0.9438536159604516,-1.425527831644026,6,862,-352.15693806416886,-116.73256175236268,-808.8388320302878,371.00000000000006,-2.8215121003420256,-61.55067158023245
7,597,321,1.0,0.49368,0.9438536159604516,-1.425527831644026,7,1043,-430.7806389430534,-103.32976875912696,-965.3381028585235,443.0,-2.9061740713374125,-61.55067158023245
7,597,321,1.0,0.49368,0.9438536159604516,-1.425527831644026,8,1229,-508.3801150102245,-75.80012310142371,-1126.9129002142367,514.0,-2.9935817707519887,-61.55067158023245
7,598,-321,-1.0,0.49368,1.5154260165349418,-0.6573386393955195,1,42,-33.22522529087998,-1.28331771992327,-85.0174372417072,33.25,-3.102987043062882,-61.55067158023245
7,598,-321,-1.0,0.49368,1.5154260165349418,-0.6573386393955195,2,63,-50.43688948538577,-2.523921361489329,-97.19566802908963,50.5,-3.091593182700144,-61.55067158023245
7,598,-321,-1.0,0.49368,1.5154260165349418,-0.6573386393955195,3,112,-88.2504132703866,-6.6418790719172,-124.04167155230624,88.5,-3.0664725416265584,-61.55067158023245
7,598,-321,-1.0,0.49368,1.5154260165349418,-0.6573386393955195,4,155,-121.9166901735914,-11.94029552048536,-148.09478987850324,122.5,-3.043965847235971,-61.55067158023245
7,598,-321,-1.0,0.49368,1.5154260165349418,-0.6573386393955195,5,381,-292.0908352948546,-63.90574259606174,-273.95373962889386,299.0,-2.926199431404985,-61.55067158023245
7,598,-321,-1.0,0.49368,1.5154260165349418,-0.6573386393955195,6,474,-358.131715389963,-96.86420614366556,-326.06165798504156,371.0,-2.877441970473152,-61.55067158023245
7,598,-321,-1.0,0.49368,1.5154260165349418,-0.6573386393955195,7,569,-421.40582585158575,-136.62404597413638,-378.8203036146151,443.0,-2.8280753126776954,-61.55067158023245
7,598,-321,-1.0,0.49368,1.5154260165349418,-0.6573386393955195,8,664,-480.516620527193,-182.4822659798085,-431.63850611340376,514.0,-2.7786530597921777,-61.55067158023245
7,599,211,1.0,0.13957,1.0798152081149692,-0.7966538588486702,1,44,-21.342876225852866,-25.49596310022284,-90.93621335771606,33.25,-2.267758179360152,-61.55067158023245
7,599,211,1.0,0.13957,1.0798152081149692,-0.7966538588486702,2,67,-33.03075464795678,-38.19972836796723,-106.19058355856575,50.49999999999999,-2.2837545898446545,-61.55067158023245
7,599,211,1.0,0.13957,1.0798152081149692,-0.7966538588486702,3,118,-60.21148111688066,-64.86006122192241,-139.84037333183394,88.5,-2.3190442220032894,-61.55067158023245
7,599,211,1.0,0.13957,1.0798152081149692,-0.7966538588486702,4,164,-86.14386799043359,-87.09468415263214,-170.02992052364516,122.5,-2.350706066262818,-61.55067158023245
7,599,211,1.0,0.13957,1.0798152081149692,-0.7966538588486702,5,406,-242.6718129039478,-174.6751018946643,-329.26116597465165,299.0,-2.5177015180887024,-61.55067158023245
7,599,211,1.0,0.13957,1.0798152081149692,-0.7966538588486702,6,507,-315.5708656155367,-195.07954473665575,-396.2081067318595,371.0,-2.587912768302443,-61.55067158023245
7,599,211,1.0,0.13957,1.0798152081149692,-0.7966538588486702,7,612,-392.6086974100246,-205.20090330698784,-464.92596172653657,443.00000000000006,-2.65998173013322,-61.55067158023245
7,599,211,1.0,0.13957,1.0798152081149692,-0.7966538588486702,8,718,-471.77374017376405,-204.02337631373956,-534.9496971956377,514.0,-2.733420138600549,-61.55067158023245
7,600,-211,-1.0,0.13957,0.2862314948976298,0.108708931817466,1,37,-28.738805450310625,-16.72254649535161,-57.9207624583185,33.25,-2.614602973574899,-61.55067158023245
7,600,-211,-1.0,0.13957,0.2862314948976298,0.108708931817466,2,56,-42.01979995765264,-28.010469676870017,-56.021056822646855,50.5,-2.553635035045684,-61.55067158023245
7,600,-211,-1.0,0.13957,0.2862314948976298,0.108708931817466,3,100,-66.23991039075442,-58.69006961509609,-51.75011469821427,88.5,-2.4165536605604063,-61.55067158023245
7,600,-211,-1.0,0.13957,0.2862314948976298,0.108708931817466,4,141,-80.56686735634895,-92.27800325312894,-47.76178416305534,122.5,-2.2885427049051605,-61.55067158023245
7,601,321,1.0,0.49368,2.5005722120551885,-1.1315411584664188,1,57,-33.168095950396875,-2.3323616840589523,-107.73454406921277,33.25,-3.07138878413424,-61.55067158023245
7,601,321,1.0,0.49368,2.5005722120551885,-1.1315411584664188,2,87,-50.398858375152685,-3.1945382266146702,-131.69730298936642,50.5,-3.078292205766449,-61.55067158023245
7,601,321,1.0,0.49368,2.5005722120551885,-1.1315411584664188,3,152,-88.39769737648422,-4.254068468597367,-184.49825117836085,88.5,-3.093505552943609,-61.55067158023245
7,601,321,1.0,0.49368,2.5005722120551885,-1.1315411584664188,4,211,-122.42723641917166,-4.221585337790522,-231.7649827663901,122.5,-3.107123907516068,-61.55067158023245
7,601,321,1.0,0.49368,2.5005722120551885,-1.1315411584664188,5,516,-298.80159615132965,10.890644490465624,-477.8434542347875,299.0,3.1051610349002026,-61.55067158023245
7,601,321,1.0,0.49368,2.5005722120551885,-1.1315411584664188,6,641,-370.2042375815728,24.286261067657502,-578.7624020592626,371.0,3.076084190126845,-61.55067158023245
7,601,321,1.0,0.49368,2.5005722120551885,-1.1315411584664188,7,767,-441.0145116104462,41.89511366495602,-680.1239978225726,443.0,3.0468797501935327,-61.55067158023245
7,601,321,1.0,0.49368,2.5005722120551885,-1.1315411584664188,8,892,-510.0748326489048,63.400828844674095,-780.6024881718066,513.9999999999999,3.017929792678764,-61.55067158023245
7,602,-211,-1.0,0.13957,0.7497534693477094,0.5650922744444384,1,39,-33.24885159410524,-0.2763470158430573,-41.738757375287804,33.25,-3.133281369456672,-61.55067158023245
7,602,-211,-1.0,0.13957,0.7497534693477094,0.5650922744444384,2,59,-50.4751525670205,-1.5839739063519864,-31.447452943007843,50.5,-3.1102216883582177,-61.55067158023245
7,602,-211,-1.0,0.13957,0.7497534693477094,0.5650922744444384,3,104,-88.20035879580126,-7.276448879221521,-8.712162024350206,88.50000000000001,-3.05927997381644,-61.55067158023245
7,602,-211,-1.0,0.13957,0.7497534693477094,0.5650922744444384,4,145,-121.49548124382592,-15.6556072169413,11.745682658153761,122.5,-3.013441299572752,-61.55067158023245
7,602,-211,-1.0,0.13957,0.7497534693477094,0.5650922744444384,5,362,-278.2852032963062,-109.35422088942676,121.65131502970542,299.0,-2.7671722161395245,-61.55067158023245
7,602,-211,-1.0,0.13957,0.7497534693477094,0.5650922744444384,6,457,-328.74102783107656,-171.96027628661028,169.63837054024637,371.0,-2.659646207111528,-61.55067158023245
7,602,-211,-1.0,0.13957,0.7497534693477094,0.5650922744444384,7,558,-366.4854824853303,-248.8722385632731,220.78229253103933,443.00000000000006,-2.5450467174451243,-61.55067158023245
7,602,-211,-1.0,0.13957,0.7497534693477094,0.5650922744444384,8,667,-386.44975767433937,-338.89907759308585,275.8492543082555,514.0,-2.421656425112216,-61.55067158023245
7,608,-211,-1.0,0.13957,0.3484332529048875,-1.7595989227181792,1,100,6.720914861587087,32.56365770952793,-155.4253657278806,33.25,1.367261163252072,-61.55067158023245
7,608,-211,-1.0,0.13957,0.3484332529048875,-1.7595989227181792,2,152,7.727746288244262,49.905229558679785,-204.41386398558316,50.49999999999999,1.4171680471207773,-61.55067158023245
7,608,-211,-1.0,0.13957,0.3484332529048875,-1.7595989227181792,3,270,3.732414127025624,88.42125923545977,-313.7992888285041,88.5,1.5286096435939898,-61.55067158023245
7,608,-211,-1.0,0.13957,0.3484332529048875,-1.7595989227181792,4,377,-7.386606336675174,122.27709534833984,-414.43031883918394,122.5,1.6311317545220227,-61.55067158023245
7,608,-211,-1.0,0.13957,0.3484332529048875,-1.7595989227181792,5,1085,-200.19322714793043,222.0893329363145,-1075.2678680592137,299.0,2.304389097065927,-61.55067158023245
7,609,321,1.0,0.49368,0.7948064053620157,0.345886383630299,1,40,21.59428493911833,-25.283381062827956,-49.81582376521165,33.25,-0.863932548034019,-61.55067158023245
7,609,321,1.0,0.49368,0.7948064053620157,0.345886383630299,2,62,31.95449753359576,-39.104476564396336,-43.721001317120155,50.49999999999999,-0.8856809886065151,-61.55067158023245
7,609,321,1.0,0.49368,0.7948064053620157,0.345886383630299,3,109,52.64461257102373,-71.13926319021593,-30.260719214724883,88.5,-0.9337118479919678,-61.55067158023245
7,609,321,1.0,0.49368,0.7948064053620157,0.345886383630299,4,151,68.5496766915657,-101.52434104923712,-18.156438299850393,122.5,-0.976906287061621,-61.55067158023245
7,609,321,1.0,0.49368,0.7948064053620157,0.345886383630299,5,376,106.10666019277264,-279.5395797784913,46.609365253910504,299.00000000000006,-1.2080194165069986,-61.55067158023245
7,609,321,1.0,0.49368,0.7948064053620157,0.345886383630299,6,474,96.35490107188632,-358.26907910036977,74.64610369374529,371.0,-1.3080674874000755,-61.55067158023245
7,609,321,1.0,0.49368,0.7948064053620157,0.345886383630299,7,577,69.29337733785663,-437.5470578773367,104.25711669496852,443.0,-1.413732899650188,-61.55067158023245
7,609,321,1.0,0.49368,0.7948064053620157,0.345886383630299,8,687,23.07403251214877,-513.4818293022921,135.6873164984389,514.0,-1.5258901217493188,-61.55067158023245
7,610,211,1.0,0.13957,0.1604930478467788,1.032926719690346,1,60,-17.484632058803765,-28.281621979091863,-20.466263395411232,33.25000000000001,-2.1245146802475827,-61.55067158023245
7,610,211,1.0,0.13957,0.1604930478467788,1.032926719690346,2,92,-31.169468900195337,-39.73303673871097,1.467751255066105,50.5,-2.235997219280605,-61.55067158023245
7,610,211,1.0,0.13957,0.1604930478467788,1.032926719690346,3,169,-70.91200482713067,-52.9503311736291,53.4463651781733,88.50000000000001,-2.5002038396709514,-61.55067158023245
7,610,211,1.0,0.13957,0.1604930478467788,1.032926719690346,4,251,-114.78747367991636,-42.77950310817684,109.4470540750095,122.5,-2.784853624289394,-61.55067158023245
7,611,211,1.0,0.13957,0.762035659134334,1.514415456270835,1,79,13.945209707004649,-30.18432749338079,10.405690054155691,33.25,-1.1380067540717145,-61.55067158023245
7,611,211,1.0,0.13957,0.762035659134334,1.514415456270835,2,120,20.13456335208064,-46.312518379171,47.78192244773138,50.5,-1.1606928519407382,-61.55067158023245
7,611,211,1.0,0.13957,0.762035659134334,1.514415456270835,3,212,31.17530570169517,-82.82723172004394,130.3450101117703,88.5,-1.2108079648183043,-61.55067158023245
7,611,211,1.0,0.13957,0.762035659134334,1.514415456270835,4,294,37.94101964150156,-116.4763024334272,204.62394616514388,122.5,-1.2558950444613166,-61.55067158023245
7,611,211,1.0,0.13957,0.762035659134334,1.514415456270835,5,734,21.797516726677664,-298.2044068496477,603.2020691160717,299.0,-1.4978302043517513,-61.55067158023245
7,611,211,1.0,0.13957,0.762035659134334,1.514415456270835,6,926,-12.018979594835145,-370.80526443066975,776.7912941133142,371.0,-1.6031981675821778,-61.55067158023245
7,611,211,1.0,0.13957,0.762035659134334,1.514415456270835,7,1130,-63.74626042718605,-438.38956908387934,961.3002695476173,443.00000000000006,-1.7151943564951095,-61.55067158023245
7,611,211,1.0,0.13957,0.762035659134334,1.514415456270835,8,1349,-134.355383919016,-496.1296512122348,1159.1036672488372,514.0,-1.8352601781641504,-61.55067158023245
7,627,211,1.0,0.13957,0.3002766940976194,1.546784372932936,1,83,33.058875734533935,-3.559948759272157,13.139469918425824,33.25,-0.1072717431407614,-61.55067158023245
7,627,211,1.0,0.13957,0.3002766940976194,1.546784372932936,2,126,49.81135601458703,-8.311366433268656,52.19684733901402,50.5,-0.1653337242159584,-61.55067158023245
7,627,211,1.0,0.13957,0.3002766940976194,1.546784372932936,3,224,84.6610503958611,-25.78287311122384,139.835382818986,88.50000000000001,-0.2956188376056792,-61.55067158023245
7,627,211,1.0,0.13957,0.3002766940976194,1.546784372932936,4,315,112.01472277950896,-49.58781988179913,221.3223191212864,122.5,-0.4167584906364737,-61.55067158023245
7,627,211,1.0,0.13957,0.3002766940976194,1.546784372932936,5,1114,26.336409362022323,-297.8378645201378,938.2790341242076,299.0,-1.4826003955911449,-61.55067158023245
7,630,-321,-1.0,0.49368,0.3735145215729106,-1.084223713491307,1,70,22.48568602895367,-24.49400791637248,-105.14900779892875,33.25,-0.8281208737229583,-61.55067158023245
7,630,-321,-1.0,0.49368,0.3735145215729106,-1.084223713491307,2,107,35.843846346541,-35.57342658622528,-127.88332768632526,50.5,-0.7816117059082417,-61.55067158023245
7,630,-321,-1.0,0.49368,0.3735145215729106,-1.084223713491307,3,188,68.92963419535248,-55.5063557594524,-178.55479673375748,88.5,-0.6779407310378144,-61.55067158023245
7,630,-321,-1.0,0.49368,0.3735145215729106,-1.084223713491307,4,263,102.26931277569874,-67.43320891360804,-224.992122763629,122.5,-0.5829333039601472,-61.55067158023245
7,630,-321,-1.0,0.49368,0.3735145215729106,-1.084223713491307,5,732,298.9794021240643,3.5095734124092437,-515.6529077413344,299.00000000000006,0.0117379732615999,-61.55067158023245
7,630,-321,-1.0,0.49368,0.3735145215729106,-1.084223713491307,6,1152,317.5463178859099,191.8471683322448,-775.5498317069726,371.0,0.5434689846706554,-61.55067158023245
7,631,211,1.0,0.13957,0.3147282295622063,-1.0181037987111885,1,54,-32.160938875144744,-8.44017243124826,-101.63635780215404,33.24999999999999,-2.884944655779906,-61.55067158023245
7,631,211,1.0,0.13957,0.3147282295622063,-1.0181037987111885,2,82,-49.48027413190745,-10.09715166922285,-122.58313761287215,50.49999999999999,-2.940292298113287,-61.55067158023245
7,631,211,1.0,0.13957,0.3147282295622063,-1.0181037987111885,3,145,-88.23552866434761,-6.836774189856613,-169.50342978436518,88.49999999999999,-3.064263923347073,-61.55067158023245
7,631,211,1.0,0.13957,0.3147282295622063,-1.0181037987111885,4,204,-122.41381713195774,4.594276350374515,-212.9660337846936,122.5,3.1040795591983725,-61.55067158023245
7,631,211,1.0,0.13957,0.3147282295622063,-1.0181037987111885,5,642,-187.52792179691943,232.88254238248183,-536.6830354691001,299.0,2.2487283585234707,-61.55067158023245
7,632,-211,-1.0,0.13957,0.0702958345456133,1.372483744504014,1,100,28.69584331821584,16.796162545546157,2.382554377109024,33.25,0.5295531503750238,-61.55067158023245
7,632,-211,-1.0,0.13957,0.0702958345456133,1.372483744504014,2,162,33.75609423940275,37.56029954221026,42.46695146669379,50.5,0.8386903033766762,-61.55067158023245
7,633,-211,-1.0,0.13957,0.4959166346494058,1.0308744189566998,1,53,-1.432069355066688,-33.21914624673968,-20.841670259579622,33.25,-1.6138794087220096,-61.55067158023245
7,633,-211,-1.0,0.13957,0.4959166346494058,1.0308744189566998,2,81,-0.411634149303744,-50.498322321906166,0.33901057113706656,50.49999999999999,-1.5789475883337378,-61.55067158023245
7,633,-211,-1.0,0.13957,0.4959166346494058,1.0308744189566998,3,142,6.129190279869002,-88.28750209691721,47.30509637820595,88.5,-1.501484455510795,-61.55067158023245
7,633,-211,-1.0,0.13957,0.4959166346494058,1.0308744189566998,4,198,17.038894017619654,-121.30921684132794,89.88694190871152,122.5,-1.43125086182339,-61.55067158023245
7,633,-211,-1.0,0.13957,0.4959166346494058,1.0308744189566998,5,515,153.07266469905275,-256.8457889900696,331.1339967583891,299.0,-1.033344526985602,-61.55067158023245
7,633,-211,-1.0,0.13957,0.4959166346494058,1.0308744189566998,6,673,248.99599448676867,-275.03089777249585,451.3643979331746,371.0,-0.8350397263602195,-61.55067158023245
7,633,-211,-1.0,0.13957,0.4959166346494058,1.0308744189566998,7,880,371.75552159238936,-240.92910194820917,609.007182041645,443.0,-0.5750276783597613,-61.55067158023245
7,642,211,1.0,0.13957,0.6247089556616272,-0.5428330258517479,1,39,-22.07365270280988,24.86596783468792,-80.50841195628773,33.25,2.2967771300025746,-61.55067158023245
7,642,211,1.0,0.13957,0.6247089556616272,-0.5428330258517479,2,59,-32.4665622712266,38.68038694595189,-90.36149709636268,50.5,2.269077654292406,-61.55067158023245
7,642,211,1.0,0.13957,0.6247089556616272,-0.5428330258517479,3,104,-52.64026015977731,71.14248386379943,-112.1562330588764,88.5,2.2078196254206746,-61.55067158023245
7,642,211,1.0,0.13957,0.6247089556616272,-0.5428330258517479,4,144,-67.31288921934107,102.34854637436096,-131.81791838019632,122.5,2.152553587951164,-61.55067158023245
7,642,211,1.0,0.13957,0.6247089556616272,-0.5428330258517479,5,365,-82.57410424938948,287.37174062076974,-239.24356503363902,299.0,1.850600635135672,-61.55067158023245
7,642,211,1.0,0.13957,0.6247089556616272,-0.5428330258517479,6,465,-52.83140021218392,367.2190669772201,-287.9540331316164,371.0,1.7136847546108958,-61.55067158023245
7,642,211,1.0,0.13957,0.6247089556616272,-0.5428330258517479,7,577,4.293899258373344,442.979189611836,-342.23744336190174,443.0,1.561103400166366,-61.55067158023245
7,642,211,1.0,0.13957,0.6247089556616272,-0.5428330258517479,8,708,96.07695485924968,504.9408071694877,-405.68268238915044,514.0,1.3827702313872572,-61.55067158023245
7,644,211,1.0,0.13957,0.3564742123541038,-0.8454755849343376,1,47,-28.33640053269763,-17.395715129034883,-93.1797805150329,33.24999999999999,-2.591015238401052,-61.55067158023245
7,644,211,1.0,0.13957,0.3564742123541038,-0.8454755849343376,2,72,-44.27398190636384,-24.291243816547727,-109.68108704239873,50.50000000000001,-2.6397808831249683,-61.55067158023245
7,644,211,1.0,0.13957,0.3564742123541038,-0.8454755849343376,3,128,-81.75344522695814,-33.89135868510965,-146.50356300763585,88.50000000000001,-2.748601553908978,-61.55067158023245
7,644,211,1.0,0.13957,0.3564742123541038,-0.8454755849343376,4,179,-117.27889124396468,-35.38236380721771,-180.33407554389788,122.5,-2.8485822530396567,-61.55067158023245
7,644,211,1.0,0.13957,0.3564742123541038,-0.8454755849343376,5,508,-280.66387320195736,103.0960245561177,-398.59571909383794,299.00000000000006,2.789564004980431,-61.55067158023245
7,645,-211,-1.0,0.13957,0.0970319644291247,-1.3227801822260234,1,83,-30.961856648451747,12.121300791611612,-120.73054913505416,33.25,2.76844272278779,-61.55067158023245
7,645,-211,-1.0,0.13957,0.0970319644291247,-1.3227801822260234,2,131,-49.72552661154386,8.810335022270314,-154.17248776803598,50.5,2.966233210336975,-61.55067158023245
7,645,-211,-1.0,0.13957,0.0970319644291247,-1.3227801822260234,3,275,-80.56500671589863,-36.62689848823141,-255.9684335761345,88.5,-2.7148989054297825,-61.55067158023245
7,646,211,1.0,0.13957,0.2718073534018632,-0.937174524685794,1,51,-11.204078216998491,31.30544890761638,-97.56805890443565,33.24999999999999,1.9144875799188608,-61.55067158023245
7,646,211,1.0,0.13957,0.2718073534018632,-0.937174524685794,2,79,-13.926732489356263,48.54169467756465,-116.43597294267342,50.49999999999999,1.8501941580807932,-61.55067158023245
7,646,211,1.0,0.13957,0.2718073534018632,-0.937174524685794,3,140,-11.86969488671738,87.70040104410148,-158.9544629554077,88.5,1.7053225664635614,-61.55067158023245
7,646,211,1.0,0.13957,0.2718073534018632,-0.937174524685794,4,198,0.1804715350815507,122.49986706125448,-198.86925569289033,122.5,1.5693230892408965,-61.55067158023245
7,647,-211,-1.0,0.13957,0.1430350565736393,0.4410468780767683,1,49,-27.42388865247929,-18.80140503197613,-46.265673921288425,33.25,-2.540606883072667,-61.55067158023245
7,647,-211,-1.0,0.13957,0.1430350565736393,0.4410468780767683,2,75,-37.722097270515015,-33.57518991031628,-38.04099533593407,50.5,-2.414292640302459,-61.55067158023245
7,647,-211,-1.0,0.13957,0.1430350565736393,0.4410468780767683,3,140,-45.26744502112731,-76.04675154968302,-18.08157522055692,88.5,-2.107721842378292,-61.55067158023245
7,647,-211,-1.0,0.13957,0.1430350565736393,0.4410468780767683,4,216,-21.3431081518252,-120.62637246646976,5.473878584888858,122.5,-1.745919526509592,-61.55067158023245
7,648,-2212,-1.0,0.93827,0.969178984102628,1.56034841267154,1,88,20.83418948716599,25.913298678725997,14.114876776048355,33.25,0.893623520816306,-61.55067158023245
7,648,-2212,-1.0,0.93827,0.969178984102628,1.56034841267154,2,134,30.93627950516797,39.91486703445377,53.39948052923929,50.50000000000001,0.9114509237245888,-61.55067158023245
7,648,-2212,-1.0,0.93827,0.969178984102628,1.56034841267154,3,236,51.422034868976624,72.02794131400503,140.08654893100595,88.5,0.9507904518451205,-61.55067158023245
7,648,-2212,-1.0,0.93827,0.969178984102628,1.56034841267154,4,327,67.61260432212276,102.15079900216182,217.91090217355878,122.5,0.9861078593050876,-61.55067158023245
7,648,-2212,-1.0,0.93827,0.969178984102628,1.56034841267154,5,811,115.79197146352791,275.66867675633654,630.0345183167542,299.00000000000006,1.1731340238910417,-61.55067158023245
7,648,-2212,-1.0,0.93827,0.969178984102628,1.56034841267154,6,1015,116.14102855328474,352.3524676890814,804.690747687106,371.00000000000006,1.2523950500911707,-61.55067158023245
7,648,-2212,-1.0,0.93827,0.969178984102628,1.56034841267154,7,1227,103.76858268990162,430.67514584258174,985.3030143399391,443.0,1.3343589716685718,-61.55067158023245
7,648,-2212,-1.0,0.93827,0.969178984102628,1.56034841267154,8,1445,77.86303901104498,508.0682504899953,1171.2115791682832,514.0000000000001,1.4187263827253385,-61.55067158023245
7,649,211,1.0,0.13957,0.2126110857624205,1.4059316292714357,1,75,8.99235044558177,32.01093771609706,2.455857567181205,33.25,1.2969394076804492,-61.55067158023245
7,649,211,1.0,0.13957,0.2126110857624205,1.4059316292714357,2,115,17.63353541381334,47.32133164662414,36.198195616989985,50.50000000000001,1.2141016009195031,-61.55067158023245
7,649,211,1.0,0.13957,0.2126110857624205,1.4059316292714357,3,206,45.98188592439534,75.61690397547294,113.44654010101289,88.50000000000001,1.0244494951257992,-61.55067158023245
7,649,211,1.0,0.13957,0.2126110857624205,1.4059316292714357,4,295,81.80377149363594,91.18329325823342,188.75259599807075,122.5,0.839566064943548,-61.55067158023245
8,665,-211,-1.0,0.13957,0.7117973013158231,-1.3015035692995958,1,65,5.603404221986412,32.77444677069355,-27.390259466867974,33.25,1.401464839626965,29.200176098686796
8,665,-211,-1.0,0.13957,0.7117973013158231,-1.3015035692995958,2,100,7.298679794111614,49.96978360232338,-56.7902367111231,50.5,1.4257600631011058,29.200176098686796
8,665,-211,-1.0,0.13957,0.7117973013158231,-1.3015035692995958,3,176,8.073334104792098,88.13098930814517,-121.76030700647831,88.49999999999999,1.479445211041612,29.200176098686796
8,665,-211,-1.0,0.13957,0.7117973013158231,-1.3015035692995958,4,244,5.26729608402227,122.38670512749025,-180.259183084671,122.5,1.527784730751692,29.200176098686796
8,665,-211,-1.0,0.13957,0.7117973013158231,-1.3015035692995958,5,612,-64.59166767576754,291.93991927597574,-495.8177913776434,299.00000000000006,1.7885384826923745,29.200176098686796
8,665,-211,-1.0,0.13957,0.7117973013158231,-1.3015035692995958,6,774,-121.13362175006574,350.6674288862768,-634.8213393663422,371.0,1.9034006418271456,29.200176098686796
8,665,-211,-1.0,0.13957,0.7117973013158231,-1.3015035692995958,7,948,-195.1678120754563,397.69149491745407,-784.420318175811,443.0,2.027018031398868,29.200176098686796
8,665,-211,-1.0,0.13957,0.7117973013158231,-1.3015035692995958,8,1139,-286.60360899547726,426.6782995545562,-948.1131629575943,514.0,2.1622815847269656,29.200176098686796
8,675,-2212,-1.0,0.93827,0.5138325233996558,-0.2848418779099267,1,69,-33.09867164627462,-3.1686645849784743,19.593870003956624,33.25,-3.046149632263673,29.200176098686796
8,675,-2212,-1.0,0.93827,0.5138325233996558,-0.2848418779099267,2,106,-50.07940318798451,-6.504104575980166,14.596746530005284,50.49999999999999,-3.012439747649566,29.200176098686796
8,675,-2212,-1.0,0.93827,0.5138325233996558,-0.2848418779099267,3,187,-86.66734426905693,-17.917071115245506,3.5211789640385156,88.5,-2.937730731163643,29.200176098686796
8,675,-2212,-1.0,0.93827,0.5138325233996558,-0.2848418779099267,4,260,-118.01162522588348,-32.8558413610977,-6.511098072160429,122.5,-2.870057197174562,29.200176098686796
8,675,-2212,-1.0,0.93827,0.5138325233996558,-0.2848418779099267,5,671,-237.62981407290485,-181.47471301444912,-62.94343808499292,299.0,-2.4893894885879324,29.200176098686796
8,675,-2212,-1.0,0.93827,0.5138325233996558,-0.2848418779099267,6,871,-248.15576138794248,-275.789263913537,-90.50041426871633,371.0,-2.3035020859366946,29.200176098686796
8,675,-2212,-1.0,0.93827,0.5138325233996558,-0.2848418779099267,7,1123,-212.1828488571742,-388.8797226018008,-125.07529328425991,443.0,-2.070275102456748,29.200176098686796
8,676,-211,-1.0,0.13957,0.3358431179021985,1.1462691102094866,1,59,25.94470102686014,-20.795071258037137,76.30314700426959,33.25,-0.6756641391603073,29.200176098686796
8,676,-211,-1.0,0.13957,0.3358431179021985,1.1462691102094866,2,90,40.987392871645206,-29.50056991967117,100.89497163299849,50.5,-0.6238566812380296,29.200176098686796
8,676,-211,-1.0,0.13957,0.3358431179021985,1.1462691102094866,3,159,77.32200831958566,-43.05295610554433,155.8643032255394,88.50000000000001,-0.508049556210969,29.200176098686796
8,676,-211,-1.0,0.13957,0.3358431179021985,1.1462691102094866,4,223,112.76953603330584,-47.84643918655741,206.55060098268441,122.5,-0.4012650048407607,29.200176098686796
8,676,-211,-1.0,0.13957,0.3358431179021985,1.1462691102094866,5,657,283.4003511535917,95.31653039227196,551.0148833510603,299.0,0.3244466796616496,29.200176098686796
8,680,211,1.0,0.13957,0.275629920346249,1.3101303213625235,1,68,31.96772549714053,9.144781382814534,86.47790524776909,33.25000000000001,0.2786219654957418,29.200176098686796
8,680,211,1.0,0.13957,0.275629920346249,1.3101303213625235,2,104,49.33461293710511,10.786378741079934,116.47493369421,50.50000000000001,0.2152499923325831,29.200176098686796
8,680,211,1.0,0.13957,0.275629920346249,1.3101303213625235,3,184,88.26730947227158,6.413429544809496,184.02813356251445,88.5,0.0725317101188136,29.200176098686796
8,680,211,1.0,0.13957,0.275629920346249,1.3101303213625235,4,260,122.27028200950068,-7.498542346161427,247.3503198495557,122.5,-0.0612508822527747,29.200176098686796
8,693,-211,-1.0,0.13957,0.6551155300075105,-0.2324675868699077,1,34,-0.791553281343211,33.24057676098288,21.39746305720776,33.25,1.5946046897037995,29.200176098686796
8,693,-211,-1.0,0.13957,0.6551155300075105,-0.2324675868699077,2,53,-2.534558160820453,50.43635608298262,17.3427593368708,50.49999999999999,1.6210066920447257,29.200176098686796
8,693,-211,-1.0,0.13957,0.6551155300075105,-0.2324675868699077,3,93,-9.591767980069092,87.97867916158164,8.377231927775025,88.49999999999999,1.679391200521426,29.200176098686796
8,693,-211,-1.0,0.13957,0.6551155300075105,-0.2324675868699077,4,129,-19.66458751628472,120.91134768008492,0.2953169153457935,122.5,1.7320211290660348,29.200176098686796
8,693,-211,-1.0,0.13957,0.6551155300075105,-0.2324675868699077,5,325,-129.32818296037445,269.5834213971028,-43.63581515503337,299.0,2.0180996369835804,29.200176098686796
8,693,-211,-1.0,0.13957,0.6551155300075105,-0.2324675868699077,6,413,-201.91654672117144,311.2405952959815,-63.32113621020872,371.0,2.146290525587857,29.200176098686796
8,693,-211,-1.0,0.13957,0.6551155300075105,-0.2324675868699077,7,510,-290.85473494675773,334.1444645045782,-84.935086811365,443.0,2.287041279510471,29.200176098686796
8,693,-211,-1.0,0.13957,0.6551155300075105,-0.2324675868699077,8,620,-394.8178773662323,329.11220535255563,-109.45403731792806,514.0,2.446708942123027,29.200176098686796
8,698,-321,-1.0,0.49368,0.4337839649102731,1.612028671849894,1,94,23.044011078053792,-23.96948170976031,109.30310587491775,33.25,-0.8050808345268131,29.200176098686796
8,698,-321,-1.0,0.49368,0.4337839649102731,1.612028671849894,2,143,36.42634426886818,-34.97672716544379,151.01736346629067,50.49999999999999,-0.7650990647412651,29.200176098686796
8,698,-321,-1.0,0.49368,0.4337839649102731,1.612028671849894,3,253,69.02304888596971,-55.390150049309625,243.70518293073735,88.5,-0.6762560130597094,29.200176098686796
8,698,-321,-1.0,0.49368,0.4337839649102731,1.612028671849894,4,353,101.42317077556244,-68.69927532245954,328.09858316534394,122.5,-0.5953642987912304,29.200176098686796
8,698,-321,-1.0,0.49368,0.4337839649102731,1.612028671849894,5,938,296.824513897746,-36.00288806980372,823.3048866705118,299.0,-0.1207038811792652,29.200176098686796
8,698,-321,-1.0,0.49368,0.4337839649102731,1.612028671849894,6,1266,367.0883005550788,53.73248175530481,1100.8672640102097,371.0,0.1453426619165264,29.200176098686796
8,699,-321,-1.0,0.49368,2.9652004601297435,1.1079874428413892,1,56,2.3606161027449253,-33.166097021136835,74.05594672808454,33.25000000000001,-1.4997405764100191,29.200176098686796
8,699,-321,-1.0,0.49368,2.9652004601297435,1.1079874428413892,2,85,3.8785102987472335,-50.35084068675032,97.3288543865647,50.49999999999999,-1.493918437626839,29.200176098686796
8,699,-321,-1.0,0.49368,2.9652004601297435,1.1079874428413892,3,149,7.928300877446309,-88.1441549122611,148.60597526389495,88.49999999999999,-1.4810907430337796,29.200176098686796
8,699,-321,-1.0,0.49368,2.9652004601297435,1.1079874428413892,4,206,12.374266511372005,-121.87340779803252,194.5019190906708,122.5,-1.4696093222532485,29.200176098686796
8,699,-321,-1.0,0.49368,2.9652004601297435,1.1079874428413892,5,505,47.90539591864505,-295.13737994682725,433.24404169539525,299.0,-1.4098840999331197,29.200176098686796
8,699,-321,-1.0,0.49368,2.9652004601297435,1.1079874428413892,6,627,68.3783759332432,-364.6442070083276,531.0025682785171,371.0,-1.3854282766147727,29.200176098686796
8,699,-321,-1.0,0.49368,2.9652004601297435,1.1079874428413892,7,750,92.3042863647784,-433.2769538282517,629.063822956947,443.0,-1.3608966084527545,29.200176098686796
8,699,-321,-1.0,0.49368,2.9652004601297435,1.1079874428413892,8,872,119.2713457020058,-499.9703452150264,726.1204274126821,514.0,-1.3366163534282327,29.200176098686796
8,700,211,1.0,0.13957,0.116968531984665,0.4426296845748715,1,54,20.2774011412453,-26.351271372687577,44.61588202453826,33.25,-0.9149292460186872,29.200176098686796
8,700,211,1.0,0.13957,0.116968531984665,0.4426296845748715,2,84,24.103069077697512,-44.37670628872475,53.07652915996103,50.50000000000001,-1.0732298579755537,29.200176098686796
8,700,211,1.0,0.13957,0.116968531984665,0.4426296845748715,3,162,7.549570214109448,-88.17740067376805,75.1043434873747,88.49999999999999,-1.485386645252074,29.200176098686796
8,701,-211,-1.0,0.13957,0.5029692194764575,0.3194474616519463,1,36,-26.037684960090388,-20.67852658965534,40.0112794307782,33.25,-2.470412513033861,29.200176098686796
8,701,-211,-1.0,0.13957,0.5029692194764575,0.3194474616519463,2,55,-38.44126261723245,-32.74934088486312,45.635781062710166,50.5,-2.435978045541669,29.200176098686796
8,701,-211,-1.0,0.13957,0.5029692194764575,0.3194474616519463,3,96,-62.792890791274026,-62.3642755596113,58.105272234605955,88.49999999999999,-2.35961909278261,29.200176098686796
8,701,-211,-1.0,0.13957,0.5029692194764575,0.3194474616519463,4,134,-80.73965521044731,-92.12685860539308,69.40643755012735,122.5,-2.2904167097637007,29.200176098686796
8,701,-211,-1.0,0.13957,0.5029692194764575,0.3194474616519463,5,348,-96.5227954413052,-282.99178426271664,133.24535956987296,299.0,-1.8995024696440816,29.200176098686796
8,701,-211,-1.0,0.13957,0.5029692194764575,0.3194474616519463,6,453,-50.12813113094668,-367.5978379551743,164.7921855371242,371.0,-1.7063271207077872,29.200176098686796
8,701,-211,-1.0,0.13957,0.5029692194764575,0.3194474616519463,7,589,49.930257443203615,-440.1772022625154,205.37042069911152,443.0,-1.4578469353256347,29.200176098686796
8,702,2212,1.0,0.93827,0.2033492999850746,0.9467909077248068,1,161,33.12953734753987,2.827765042920012,65.76404619057996,33.24999999999999,0.0851484191753356,29.200176098686796
8,702,2212,1.0,0.93827,0.2033492999850746,0.9467909077248068,2,247,50.499932659805296,-0.0824703287853836,85.06903777924717,50.49999999999999,-0.0016330765434181,29.200176098686796
8,702,2212,1.0,0.93827,0.2033492999850746,0.9467909077248068,3,443,86.71658026479211,-17.677236978098847,129.44095214519757,88.49999999999999,-0.2010954146910654,29.200176098686796
8,702,2212,1.0,0.93827,0.2033492999850746,0.9467909077248068,4,637,112.94748187260696,-47.4248493791717,173.13896208463066,122.5,-0.3975294485141282,29.200176098686796
8,703,211,1.0,0.13957,0.2920231411383615,-1.65508832754928,1,91,-21.722435355198307,25.173364936758663,-54.813311674498735,33.25,2.2827397094022905,29.200176098686796
8,703,211,1.0,0.13957,0.2920231411383615,-1.65508832754928,2,139,-30.65049033486317,40.13474108839447,-98.76634328227102,50.5,2.223001458656011,29.200176098686796
8,703,211,1.0,0.13957,0.2920231411383615,-1.65508832754928,3,247,-43.821109505845165,76.88927338502248,-197.4991372291202,88.5,2.0888081508599003,29.200176098686796
8,703,211,1.0,0.13957,0.2920231411383615,-1.65508832754928,4,348,-46.90507307891181,113.16432352761156,-289.52676312537164,122.5,1.9637282675955856,29.200176098686796
8,710,-211,-1.0,0.13957,0.2141029949232519,-1.2816066201315572,1,68,25.694462593354668,-21.10348530548208,-26.30016772897099,33.25000000000001,-0.6876089639328877,29.200176098686796
8,710,-211,-1.0,0.13957,0.2141029949232519,-1.2816066201315572,2,104,41.52569926795115,-28.737889628636285,-55.55165311280153,50.49999999999999,-0.6053709221340219,29.200176098686796
8,710,-211,-1.0,0.13957,0.2141029949232519,-1.2816066201315572,3,186,80.90886330475385,-35.86092356218195,-122.47947664724924,88.5,-0.4172065267208954,29.200176098686796
8,710,-211,-1.0,0.13957,0.2141029949232519,-1.2816066201315572,4,267,119.16028118744322,-28.409107471539237,-187.62841504251065,122.5,-0.2340418677256388,29.200176098686796
8,711,-211,-1.0,0.13957,0.567143066403961,-1.2242297141513174,1,62,26.4058367913897,20.20629316194561,-22.49270736220935,33.24999999999999,0.6531714085259867,29.200176098686796
8,711,-211,-1.0,0.13957,0.567143066403961,-1.2242297141513174,2,94,39.14984795056368,31.89889348312486,-49.369954040269235,50.50000000000001,0.6836942271773904,29.200176098686796
8,711,-211,-1.0,0.13957,0.567143066403961,-1.2242297141513174,3,165,64.67806903649644,60.40693160317118,-108.87447511335915,88.5,0.751265544723371,29.200176098686796
8,711,-211,-1.0,0.13957,0.567143066403961,-1.2242297141513174,4,230,84.2562474050891,88.92207135021327,-162.6520597658329,122.5,0.8123339571780176,29.200176098686796
8,711,-211,-1.0,0.13957,0.567143066403961,-1.2242297141513174,5,587,122.08153333021691,272.94156740911257,-460.18461030593664,299.0,1.1502059564774567,29.200176098686796
8,711,-211,-1.0,0.13957,0.567143066403961,-1.2242297141513174,6,754,96.3308192019263,358.27555494603,-599.2577549395642,371.0,1.3081347040640674,29.200176098686796
8,711,-211,-1.0,0.13957,0.567143066403961,-1.2242297141513174,7,948,34.97017028504449,441.6175802549475,-760.9722736000949,443.0,1.4917746754106884,29.200176098686796
8,711,-211,-1.0,0.13957,0.567143066403961,-1.2242297141513174,8,1200,-81.68594270126218,507.467641101387,-971.1029125881523,514.0,1.7303950754376498,29.200176098686796
8,712,211,1.0,0.13957,0.4502812336723532,1.2662965077351012,1,64,-23.554603431968435,23.467917614537107,83.54391266963,33.25,2.358037983848201,29.200176098686796
8,712,211,1.0,0.13957,0.4502812336723532,1.2662965077351012,2,98,-34.37612441367141,36.99367608518765,111.83613813857039,50.50000000000001,2.319535021373192,29.200176098686796
8,712,211,1.0,0.13957,0.4502812336723532,1.2662965077351012,3,172,-54.4867925064549,69.73836420764778,174.66084412335988,88.5,2.23403222480976,29.200176098686796
8,712,211,1.0,0.13957,0.4502812336723532,1.2662965077351012,4,240,-67.69400573715133,102.09687354301562,231.7885639690237,122.5,2.1562818796047427,29.200176098686796
8,712,211,1.0,0.13957,0.4502812336723532,1.2662965077351012,5,634,-40.063728233089535,296.30372539012257,563.2306600049586,299.00000000000006,1.7051929524649518,29.200176098686796
8,712,211,1.0,0.13957,0.4502812336723532,1.2662965077351012,6,846,40.031175180546384,368.83398028606905,741.4156232139818,371.0,1.462685106806717,29.200176098686796
8,712,211,1.0,0.13957,0.4502812336723532,1.2662965077351012,7,1217,225.23249732517488,381.4699492078833,1053.8677218573835,443.0,1.0374409859401763,29.200176098686796
8,713,-211,-1.0,0.13957,0.4131273096079517,1.4148286827442498,1,73,26.259135642574023,20.39657557789784,93.65554021039986,33.25,0.6603975240697117,29.200176098686796
8,713,-211,-1.0,0.13957,0.4131273096079517,1.4148286827442498,2,111,38.54636185488816,32.6255726042015,127.2342802055575,50.5,0.7023993335183806,29.200176098686796
8,713,-211,-1.0,0.13957,0.4131273096079517,1.4148286827442498,3,196,61.92382804979941,63.22728461399301,201.91267149433924,88.5,0.7958128485676261,29.200176098686796
8,713,-211,-1.0,0.13957,0.4131273096079517,1.4148286827442498,4,274,77.95386769203142,94.49573806184732,270.03657611301435,122.5,0.8810284984441867,29.200176098686796
8,713,-211,-1.0,0.13957,0.4131273096079517,1.4148286827442498,5,737,53.84875850088897,294.11105250893405,676.693641672253,299.00000000000006,1.3897120953280333,29.200176098686796
8,713,-211,-1.0,0.13957,0.4131273096079517,1.4148286827442498,6,1017,-46.49475017127298,368.0750442593343,921.9086271900414,371.0,1.696449493012658,29.200176098686796
8,714,-211,-1.0,0.13957,0.1773783179771532,0.9902926774592832,1,57,12.343112111615511,30.874100527790123,68.0093980277596,33.25,1.19047224105864,29.200176098686796
8,714,-211,-1.0,0.13957,0.1773783179771532,0.9902926774592832,2,88,13.962263193002864,48.53148675374903,88.61737238674542,50.5,1.2906664559995078,29.200176098686796
8,714,-211,-1.0,0.13957,0.1773783179771532,0.9902926774592832,3,159,4.093051414714535,88.4052992196537,136.71555897975088,88.5,1.5245306546591664,29.200176098686796
8,714,-211,-1.0,0.13957,0.1773783179771532,0.9902926774592832,4,232,-23.61162671475726,120.20291628693109,186.12295946761552,122.5,1.764758194212431,29.200176098686796
8,718,211,1.0,0.13957,0.3928048142801826,-0.5805231218596318,1,40,0.8094781383290071,33.240145083070374,8.77069915900228,33.25,1.5464487141289445,29.200176098686796
8,718,211,1.0,0.13957,0.3928048142801826,-0.5805231218596318,2,62,3.458794004905256,50.38141268396145,-1.8769973956572805,50.5,1.502251694372828,29.200176098686796
8,718,211,1.0,0.13957,0.3928048142801826,-0.5805231218596318,3,109,14.706631785204332,87.26949628326278,-25.581867540549297,88.5,1.403845214264826,29.200176098686796
8,718,211,1.0,0.13957,0.3928048142801826,-0.5805231218596318,4,152,31.126633920698303,118.4794609236843,-47.253189470019194,122.5,1.3138844796880154,29.200176098686796
8,718,211,1.0,0.13957,0.3928048142801826,-0.5805231218596318,5,416,215.63112211749328,207.1333367045264,-179.4026905374198,299.0,0.7653003499293134,29.200176098686796
8,718,211,1.0,0.13957,0.3928048142801826,-0.5805231218596318,6,595,342.68380683789565,142.15768896225003,-269.03111688163756,371.0,0.3932305205503357,29.200176098686796
8,719,-211,-1.0,0.13957,0.582122904267421,0.6203739665201791,1,40,-30.96806551179116,12.105429296700356,51.188425105244136,33.25,2.768955285827114,29.200176098686796
8,719,-211,-1.0,0.13957,0.582122904267421,0.6203739665201791,2,61,-47.5599012754999,16.979569802109328,62.619722674906136,50.5,2.7986826401612817,29.200176098686796
8,719,-211,-1.0,0.13957,0.582122904267421,0.6203739665201791,3,108,-85.12390162999652,24.210976256373357,87.92141591008084,88.5,2.864489614085529,29.200176098686796
8,719,-211,-1.0,0.13957,0.582122904267421,0.6203739665201791,4,150,-119.609589911033,26.453657616944135,110.77600457924048,122.5,2.9239297882015323,29.200176098686796
8,719,-211,-1.0,0.13957,0.582122904267421,0.6203739665201791,5,384,-297.1929040992783,-32.82343298677288,236.75637214517323,299.0,-3.0315935922513595,29.200176098686796
8,719,-211,-1.0,0.13957,0.582122904267421,0.6203739665201791,6,491,-358.36252208157435,-96.00678500675424,295.10470861897943,371.0,-2.87983534834774,29.200176098686796
8,719,-211,-1.0,0.13957,0.582122904267421,0.6203739665201791,7,615,-401.585731689822,-187.02379555326735,362.03784450331204,443.0,-2.7057486963567685,29.200176098686796
8,719,-211,-1.0,0.13957,0.582122904267421,0.6203739665201791,8,770,-408.05420478862544,-312.5504214591984,445.7739491116207,514.0,-2.487959437013215,29.200176098686796
8,726,211,1.0,0.13957,0.7606252120779465,1.4864703278104765,1,77,-1.5250406228185611,33.21500791959492,98.96917573142235,33.25,1.616678306614972,29.200176098686796
8,726,211,1.0,0.13957,0.7606252120779465,1.4864703278104765,2,117,-1.1691588135506736,50.48646420248399,135.20939252612408,50.5,1.593950055180585,29.200176098686796
8,726,211,1.0,0.13957,0.7606252120779465,1.4864703278104765,3,206,2.394094469188511,88.46761165348934,215.26387879850543,88.50000000000001,1.543741111342393,29.200176098686796
8,726,211,1.0,0.13957,0.7606252120779465,1.4864703278104765,4,286,8.840152385907231,122.18061100597728,287.2873981968029,122.5,1.4985690348982132,29.200176098686796
8,726,211,1.0,0.13957,0.7606252120779465,1.4864703278104765,5,716,92.53624593689796,284.3203179301576,673.8141857399683,298.99999999999994,1.256144119592305,29.200176098686796
8,726,211,1.0,0.13957,0.7606252120779465,1.4864703278104765,6,903,151.36823534208585,338.71618994288264,842.2022321244655,371.00000000000006,1.1505332687440784,29.200176098686796
8,726,211,1.0,0.13957,0.7606252120779465,1.4864703278104765,7,1102,224.92571719047095,381.6509160821605,1021.2367885710138,443.0,1.0382450004341612,29.200176098686796
8,726,211,1.0,0.13957,0.7606252120779465,1.4864703278104765,8,1316,312.2870805175844,408.2557768627454,1213.2632929716265,514.0,0.91780830858266,29.200176098686796
8,728,211,1.0,0.13957,0.7499901697965832,1.278905363706115,1,64,-20.35669482240286,-26.290064205086228,84.31955852044547,33.24999999999999,-2.229676006712691,29.200176098686796
8,728,211,1.0,0.13957,0.7499901697965832,1.278905363706115,2,98,-31.82984015298931,-39.2060107105422,112.95130735799387,50.5,-2.252727997516683,29.200176098686796
8,728,211,1.0,0.13957,0.7499901697965832,1.278905363706115,3,172,-59.20624357911732,-65.7789534824797,176.20374541664626,88.49999999999999,-2.30365498011621,29.200176098686796
8,728,211,1.0,0.13957,0.7499901697965832,1.278905363706115,4,239,-86.03706020028115,-87.20019651407442,233.119870738936,122.5,-2.349480467709673,29.200176098686796
8,728,211,1.0,0.13957,0.7499901697965832,1.278905363706115,5,598,-255.53900472920077,-155.2443785198341,538.8828649196172,299.0,-2.595664018234129,29.200176098686796
8,728,211,1.0,0.13957,0.7499901697965832,1.278905363706115,6,754,-335.90815494140656,-157.50146489433047,672.3785546121971,371.0,-2.703147445332988,29.200176098686796
8,728,211,1.0,0.13957,0.7499901697965832,1.278905363706115,7,921,-419.9650735905847,-140.9905562938696,814.6488815365684,443.0,-2.8176958923261,29.200176098686796
8,728,211,1.0,0.13957,0.7499901697965832,1.278905363706115,8,1101,-503.6956790201915,-102.4044087741744,967.8187987411604,514.0,-2.941020173037404,29.200176098686796
8,734,211,1.0,0.13957,0.3855276163978101,-1.2684616374363842,1,65,-33.15760352021518,2.4770605152506064,-25.29978696702893,33.25,3.0670255100857227,29.200176098686796
8,734,211,1.0,0.13957,0.3855276163978101,-1.2684616374363842,2,98,-50.13916790494904,6.026096730001004,-53.709830396357106,50.50000000000001,3.02197898206466,29.200176098686796
8,734,211,1.0,0.13957,0.3855276163978101,-1.2684616374363842,3,174,-86.36807590008814,19.308170946949208,-116.98489933888433,88.5,2.9216522905562594,29.200176098686796
8,734,211,1.0,0.13957,0.3855276163978101,-1.2684616374363842,4,243,-116.5956854509874,37.572544952590086,-174.8823128383672,122.5,2.829853264585982,29.200176098686796
8,734,211,1.0,0.13957,0.3855276163978101,-1.2684616374363842,5,668,-191.2886475179775,229.8035102663642,-531.142666872919,299.0,2.264984058843553,29.200176098686796
8,734,211,1.0,0.13957,0.3855276163978101,-1.2684616374363842,6,976,-104.23092056096031,356.0574605299189,-789.3542009649183,371.0,1.8555758668639104,29.200176098686796
8,753,211,1.0,0.13957,0.4976809139652991,0.3508861586445387,1,36,-3.5550683597572785,-33.05940091649352,41.11692576180389,33.24999999999999,-1.677920443598336,29.200176098686796
8,753,211,1.0,0.13957,0.4976809139652991,0.3508861586445387,2,55,-7.143423125305269,-49.99221445438133,47.31702311990069,50.5,-1.7127262791507176,29.200176098686796
8,753,211,1.0,0.13957,0.4976809139652991,0.3508861586445387,3,97,-19.236421901006835,-86.38408460154257,61.064475716152785,88.5,-1.789906031136713,29.200176098686796
8,753,211,1.0,0.13957,0.4976809139652991,0.3508861586445387,4,136,-34.92106141020136,-117.41707486556182,73.5273843152832,122.5,-1.859875668702549,29.200176098686796
8,753,211,1.0,0.13957,0.4976809139652991,0.3508861586445387,5,352,-189.21844200728276,-231.511082249504,144.08316150739788,299.00000000000006,-2.2560088751085026,29.200176098686796
8,753,211,1.0,0.13957,0.4976809139652991,0.3508861586445387,6,460,-286.4640606456033,-235.75271357596736,179.16946254619623,371.0,-2.452998813355066,29.200176098686796
8,753,211,1.0,0.13957,0.4976809139652991,0.3508861586445387,7,600,-402.37444885473394,-185.3208107818685,224.94173266650864,443.0,-2.709985180365656,29.200176098686796
8,754,211,1.0,0.13957,0.7398313970420787,0.0722836796955768,1,33,-15.736936355181683,-29.29012349159629,31.606513828911805,33.25,-2.063819659435525,29.200176098686796
8,754,211,1.0,0.13957,0.7398313970420787,0.0722836796955768,2,51,-24.934423783924856,-43.914969094417486,32.85653011976118,50.50000000000001,-2.0871942456759616,29.200176098686796
8,754,211,1.0,0.13957,0.7398313970420787,0.0722836796955768,3,90,-47.61044555524701,-74.60224845157725,35.618247088683106,88.5,-2.1388247590632434,29.200176098686796
8,754,211,1.0,0.13957,0.7398313970420787,0.0722836796955768,4,125,-70.62693384726327,-100.09039022470787,38.103704786161146,122.5,-2.1852918415771665,29.200176098686796
8,754,211,1.0,0.13957,0.7398313970420787,0.0722836796955768,5,314,-227.44797174403044,-194.08353909985968,51.46966973875629,299.00000000000006,-2.435180327916507,29.200176098686796
8,754,211,1.0,0.13957,0.7398313970420787,0.0722836796955768,6,396,-306.8120215126032,-208.5842358745021,57.318094858604624,371.0,-2.5445228467809176,29.200176098686796
8,754,211,1.0,0.13957,0.7398313970420787,0.0722836796955768,7,484,-392.8850666685839,-204.67125931312984,63.56582418055137,443.00000000000006,-2.661330293133489,29.200176098686796
8,754,211,1.0,0.13957,0.7398313970420787,0.0722836796955768,8,580,-482.1253961130694,-178.18839025822058,70.31827632128517,514.0,-2.7875740234951705,29.200176098686796
8,755,-211,-1.0,0.13957,2.001890226323168,0.5549417574255894,1,38,6.552357575417651,-32.59799242597413,48.614645923132585,33.24999999999999,-1.372434663612001,29.200176098686796
8,755,-211,-1.0,0.13957,2.001890226323168,0.5549417574255894,2,58,10.378286726920516,-49.42207163417804,58.68858916353742,50.5,-1.363810882692357,29.200176098686796
8,755,-211,-1.0,0.13957,2.001890226323168,0.5549417574255894,3,102,19.830436938094824,-86.2496595404541,80.88926940313543,88.5,-1.3448048543987303,29.200176098686796
8,755,-211,-1.0,0.13957,2.001890226323168,0.5549417574255894,4,142,29.476693499397843,-118.90069192541546,100.76864991840378,122.5,-1.3277855058022388,29.200176098686796
8,755,-211,-1.0,0.13957,2.001890226323168,0.5549417574255894,5,348,97.38713442253233,-282.69550058139873,204.4329884763424,299.0,-1.239034296596809,29.200176098686796
8,755,-211,-1.0,0.13957,2.001890226323168,0.5549417574255894,6,433,133.5608760388581,-346.1249664380378,247.07609060376015,371.0,-1.202525902369408,29.200176098686796
8,755,-211,-1.0,0.13957,2.001890226323168,0.5549417574255894,7,518,174.56359845906667,-407.15666529362096,290.0152376453176,443.0,-1.165763691883111,29.200176098686796
8,755,-211,-1.0,0.13957,2.001890226323168,0.5549417574255894,8,603,219.6706363713739,-464.6943205120928,332.7118765528227,514.0,-1.1292093157795786,29.200176098686796
8,757,-211,-1.0,0.13957,0.478364442637924,-1.5364252838838648,1,81,21.240146168339937,25.581608447233226,-44.55463405981172,33.25,0.8778569802291034,29.200176098686796
8,757,-211,-1.0,0.13957,0.478364442637924,-1.5364252838838648,2,123,30.831181202963613,39.996103130555404,-82.93718239682148,50.50000000000001,0.9140813070471824,29.200176098686796
8,757,-211,-1.0,0.13957,0.478364442637924,-1.5364252838838648,3,218,48.22930293470452,74.20366795807672,-168.0892217300521,88.5,0.9944502976655184,29.200176098686796
8,757,-211,-1.0,0.13957,0.478364442637924,-1.5364252838838648,4,303,59.09524166005448,107.30331967436872,-245.3716596547715,122.5,1.0673922243620595,29.200176098686796
8,757,-211,-1.0,0.13957,0.478364442637924,-1.5364252838838648,5,791,25.923037785768027,297.8741279667599,-686.7608913125803,299.0,1.4839882189524998,29.200176098686796
8,757,-211,-1.0,0.13957,0.478364442637924,-1.5364252838838648,6,1040,-46.584861194785,368.0636503479563,-912.1257613453802,371.0,1.696694313788205,29.200176098686796
8,757,-211,-1.0,0.13957,0.478364442637924,-1.5364252838838648,7,1388,-181.85710807808604,403.9517201863056,-1226.9263560516877,443.0,1.99381253377436,29.200176098686796
8,761,211,1.0,0.13957,0.2951038366926783,0.4791036110893338,1,40,10.351827156349268,-31.59750266279077,45.7821335331834,33.25,-1.2542007471461305,29.200176098686796
8,761,211,1.0,0.13957,0.2951038366926783,0.4791036110893338,2,61,12.860473325159784,-48.835010247289325,54.45572574479086,50.5,-1.3132972967393528,29.200176098686796
8,761,211,1.0,0.13957,0.2951038366926783,0.4791036110893338,3,109,11.016308042139665,-87.81167893350343,73.93109232362882,88.5,-1.4459945473414273,29.200176098686796
8,761,211,1.0,0.13957,0.2951038366926783,0.4791036110893338,4,153,0.1496172170733784,-122.49990863134695,92.06686185437394,122.5,-1.5695749614539043,29.200176098686796
8,762,-211,-1.0,0.13957,0.280376636768541,0.7635518986567437,1,46,32.488447279843605,7.075541911742344,57.194136485556925,33.25,0.2144379171840385,29.200176098686796
8,762,-211,-1.0,0.13957,0.280376636768541,0.7635518986567437,2,70,48.579062714184914,13.795820592168091,71.85014221067772,50.5,0.2767019746756556,29.200176098686796
8,762,-211,-1.0,0.13957,0.280376636768541,0.7635518986567437,3,125,80.9219146824233,35.83146276850284,104.82986106958539,88.50000000000001,0.4168424328974572,29.200176098686796
8,762,-211,-1.0,0.13957,0.280376636768541,0.7635518986567437,4,177,104.56374543982017,63.81749869429609,135.68977789426106,122.5,0.5479742698213781,29.200176098686796
8,763,211,1.0,0.13957,0.1218744498600332,-0.4978993561822584,1,54,0.0878518387904468,-33.24988394046543,11.73064869778192,33.25,-1.5681541631556015,29.200176098686796
8,763,211,1.0,0.13957,0.1218744498600332,-0.4978993561822584,2,83,-7.466569329679958,-49.944973144903,2.1887937676313847,50.49999999999999,-1.7191932427691357,29.200176098686796
8,763,211,1.0,0.13957,0.1218744498600332,-0.4978993561822584,3,159,-45.06626604666039,-76.16614513424993,-22.190394425583612,88.5,-2.105078454574697,29.200176098686796
8,764,-211,-1.0,0.13957,0.2674405840993155,0.3960258654833149,1,39,-11.536147668754722,-31.18460833431591,42.75005748044396,33.25000000000001,-1.9251153930715876,29.200176098686796
8,764,-211,-1.0,0.13957,0.2674405840993155,0.3960258654833149,2,60,-14.389890830431398,-48.40641529682059,49.850532541129,50.5,-1.8597488532188455,29.200176098686796
8,764,-211,-1.0,0.13957,0.2674405840993155,0.3960258654833149,3,108,-12.48416051679331,-87.61504286474405,65.86402410026037,88.5,-1.712332366630339,29.200176098686796
8,764,-211,-1.0,0.13957,0.2674405840993155,0.3960258654833149,4,152,-0.3550687055753238,-122.49948541203888,80.92399559285421,122.5,-1.573694850899038,29.200176098686796
8,766,2212,1.0,0.93827,0.3255233802188792,0.8902527983821669,1,107,33.13532928168567,-2.759067486355512,62.92792319962862,33.25,-0.0830749966983079,29.200176098686796
8,766,2212,1.0,0.93827,0.3255233802188792,0.8902527983821669,2,163,50.02989260800476,-6.874579669442414,80.54396910301388,50.5,-0.1365542845891061,29.200176098686796
8,766,2212,1.0,0.93827,0.3255233802188792,0.8902527983821669,3,288,85.61105702210725,-22.42759272765362,119.959008816725,88.5,-0.2562131328516832,29.200176098686796
8,766,2212,1.0,0.93827,0.3255233802188792,0.8902527983821669,4,403,114.35211237805537,-43.92999424853818,156.37964132582084,122.5,-0.366780781513406,29.200176098686796
8,766,2212,1.0,0.93827,0.3255233802188792,0.8902527983821669,5,1219,123.0605605657155,-272.5015567538136,413.25422007026214,299.0,-1.146616118634648,29.200176098686796
8,767,-2212,-1.0,0.93827,0.4493840301003532,-1.5955867945444857,1,110,-19.769421792993988,-26.73448076867577,-49.482019343417576,33.25,-2.2075259243859318,29.200176098686796
8,767,-2212,-1.0,0.93827,0.4493840301003532,-1.5955867945444857,2,167,-28.437139401631686,-41.73223098100755,-90.44583472319613,50.49999999999999,-2.1689427378702826,29.200176098686796
8,767,-2212,-1.0,0.93827,0.4493840301003532,-1.5955867945444857,3,294,-43.39420407031289,-77.13101226552158,-181.41154965950182,88.5,-2.0832646688375416,29.200176098686796
8,767,-2212,-1.0,0.93827,0.4493840301003532,-1.5955867945444857,4,410,-51.573177837038685,-111.1146134754074,-264.13399971501383,122.5,-2.005349927630806,29.200176098686796
8,767,-2212,-1.0,0.93827,0.4493840301003532,-1.5955867945444857,5,1083,5.306099729744404,-298.95291486395985,-744.3446936831085,299.00000000000006,-1.553049242266585,29.200176098686796
8,767,-2212,-1.0,0.93827,0.4493840301003532,-1.5955867945444857,6,1445,95.87645761164003,-358.3974119268209,-1003.0256698155542,371.0,-1.3094026785807944,29.200176098686796
8,767,-2212,-1.0,0.93827,0.4493840301003532,-1.5955867945444857,7,2090,283.7962555819499,-340.1597937994209,-1463.717430700247,443.0,-0.8754862013014872,29.200176098686796
8,769,-211,-1.0,0.13957,0.4283768057662597,-1.4060483001362798,1,72,-12.980540200990903,-30.61156768429965,-34.615856108341404,33.25,-1.9718538703643556,29.200176098686796
8,769,-211,-1.0,0.13957,0.4283768057662597,-1.4060483001362798,2,110,-17.81653461608067,-47.25273636810888,-67.85180191499305,50.5,-1.9313610135954489,29.200176098686796
8,769,-211,-1.0,0.13957,0.4283768057662597,-1.4060483001362798,3,195,-23.654497090318934,-85.2802132232565,-141.71750381149957,88.5,-1.8413681016243784,29.200176098686796
8,769,-211,-1.0,0.13957,0.4283768057662597,-1.4060483001362798,4,271,-22.96577529598718,-120.32798163791423,-209.00452222604986,122.5,-1.7593879912805446,29.200176098686796
8,769,-211,-1.0,0.13957,0.4283768057662597,-1.4060483001362798,5,724,86.77178431975383,-286.1322376908378,-605.4690622504068,299.0,-1.2763535668625958,29.200176098686796
8,769,-211,-1.0,0.13957,0.4283768057662597,-1.4060483001362798,6,981,200.09636069155695,-312.41390244032726,-831.3590174128697,371.0,-1.001139272985461,29.200176098686796
8,792,-2212,-1.0,0.93827,0.739470394205937,-1.6561418649130446,1,99,17.27813637108754,-28.40824710435513,-54.75424564795571,33.25,-1.024363041301925,29.200176098686796
8,792,-2212,-1.0,0.93827,0.739470394205937,-1.6561418649130446,2,151,27.243547043820524,-42.52104354870818,-98.3659237306698,50.49999999999999,-1.0009814559330643,29.200176098686796
8,792,-2212,-1.0,0.93827,0.739470394205937,-1.6561418649130446,3,265,51.52763625289856,-71.95243360852345,-194.7194834773973,88.5,-0.9493235663054336,29.200176098686796
8,792,-2212,-1.0,0.93827,0.739470394205937,-1.6561418649130446,4,368,75.87514100173387,-96.17282868860106,-281.4351437704381,122.5,-0.9028322427349552,29.200176098686796
8,792,-2212,-1.0,0.93827,0.739470394205937,-1.6561418649130446,5,922,237.5200266048327,-181.61838277454063,-747.7806333974337,299.0,-0.6528078995231151,29.200176098686796
8,792,-2212,-1.0,0.93827,0.739470394205937,-1.6561418649130446,6,1165,317.5598703017869,-191.82473452063556,-951.8513959024419,371.0,-0.5433983388101138,29.200176098686796
8,792,-2212,-1.0,0.93827,0.739470394205937,-1.6561418649130446,7,1424,403.3141737690247,-183.26668337973763,-1169.8745475987453,443.0,-0.4265084240535575,29.200176098686796
8,792,-2212,-1.0,0.93827,0.739470394205937,-1.6561418649130446,8,1704,491.0190444296807,-151.9746623860809,-1405.5446121374432,514.0,-0.3001573753225466,29.200176098686796
8,793,211,1.0,0.13957,0.1596991146403625,-1.442642503679483,1,80,-16.604149216647638,-28.80737282001432,-37.71635931672006,33.25,-2.0936711510468653,29.200176098686796
8,793,211,1.0,0.13957,0.1596991146403625,-1.442642503679483,2,123,-29.95378904715104,-40.65735507529695,-73.4523319031143,50.5,-2.20575511768898,29.200176098686796
8,793,211,1.0,0.13957,0.1596991146403625,-1.442642503679483,3,225,-69.36873850186848,-54.95660213895498,-158.21153263904228,88.5,-2.471602135040156,29.200176098686796
8,793,211,1.0,0.13957,0.1596991146403625,-1.442642503679483,4,335,-113.637057205434,-45.74788770740045,-249.79770731183206,122.5,-2.758865018657828,29.200176098686796
8,804,211,1.0,0.13957,0.0699883450176643,-0.9874499458632384,1,87,32.18069610650751,8.364526173108224,-10.853036855518432,33.25,0.2542966051756374,29.200176098686796
8,804,211,1.0,0.13957,0.0699883450176643,-0.9874499458632384,2,141,50.41787853485846,-2.8788060101817754,-36.022987786335094,50.5,-0.057036980190866,29.200176098686796
8,805,-211,-1.0,0.13957,0.2274886177596549,-1.2816719474012843,1,67,31.21147880960892,11.46324956185345,-26.27840334976544,33.24999999999999,0.3519824430340941,29.200176098686796
8,805,-211,-1.0,0.13957,0.2274886177596549,-1.2816719474012843,2,103,45.91943375569843,21.01560381135939,-55.46464033639866,50.49999999999999,0.4292077796484126,29.200176098686796
8,805,-211,-1.0,0.13957,0.2274886177596549,-1.2816719474012843,3,185,72.7882624280714,50.340032307321856,-121.93035216480439,88.5,0.6050630384383064,29.200176098686796
8,805,-211,-1.0,0.13957,0.2274886177596549,-1.2816719474012843,4,263,87.57841031498275,85.65204052852752,-185.8844522728858,122.5,0.7742783494287668,29.200176098686796
8,807,-211,-1.0,0.13957,0.3046990358498905,1.038208488228436,1,55,7.891833136488682,32.29986795245174,70.34707017738978,33.25,1.331161025415924,29.200176098686796
8,807,-211,-1.0,0.13957,0.3046990358498905,1.038208488228436,2,83,9.161873598183536,49.66195799775626,91.85884841538225,50.49999999999999,1.388362811564002,29.200176098686796
8,807,-211,-1.0,0.13957,0.3046990358498905,1.038208488228436,3,148,4.789549363930732,88.37030166798385,140.10118520987766,88.5,1.5166506718823682,29.200176098686796
8,807,-211,-1.0,0.13957,0.3046990358498905,1.038208488228436,4,208,-7.955565118699577,122.24139635836188,184.90253140696535,122.5,1.635785453726761,29.200176098686796
8,807,-211,-1.0,0.13957,0.3046990358498905,1.038208488228436,5,695,-256.57723900699733,153.52237759866202,548.397267845966,299.0,2.602389032143849,29.200176098686796
9,815,321,1.0,0.49368,0.7768733288098356,-1.3668042150672457,1,72,-17.23330058834616,28.435468183796587,-44.74945154501398,33.25,2.115652101978553,16.247615087470276
9,815,321,1.0,0.49368,0.7768733288098356,-1.3668042150672457,2,110,-25.206470927399103,43.75938554625949,-76.43164757091162,50.5,2.093400080243892,16.247615087470276
9,815,321,1.0,0.49368,0.7768733288098356,-1.3668042150672457,3,193,-40.35273903858891,78.7648808294886,-146.40941946612546,88.49999999999999,2.0442504372953607,16.247615087470276
9,815,321,1.0,0.49368,0.7768733288098356,-1.3668042150672457,4,268,-50.98257785673264,111.3868338497966,-209.3525525341124,122.5,2.000041210763048,16.247615087470276
9,815,321,1.0,0.49368,0.7768733288098356,-1.3668042150672457,5,670,-57.155018104417856,293.48646289988176,-546.6499424917939,299.0,1.7631339234485868,16.247615087470276
9,815,321,1.0,0.49368,0.7768733288098356,-1.3668042150672457,6,844,-33.14302876798376,369.5166297260308,-693.1313626442035,371.0,1.66024988875545,16.247615087470276
9,815,321,1.0,0.49368,0.7768733288098356,-1.3668042150672457,7,1029,8.66982944384037,442.9151544680028,-848.3565528692301,443.0,1.5512243561801606,16.247615087470276
9,815,321,1.0,0.49368,0.7768733288098356,-1.3668042150672457,8,1226,69.6361373015932,509.2610414921935,-1013.9742326881748,514.0,1.434899557815302,16.247615087470276
9,816,-211,-1.0,0.13957,0.2053319995152738,-1.4502488934919051,1,78,-5.077951981182249,-32.85995897253689,-51.04232885706614,33.25,-1.7241166682981235,16.247615087470276
9,816,-211,-1.0,0.13957,0.2053319995152738,-1.4502488934919051,2,119,-3.402152986844417,-50.38526922677009,-86.55765954570778,50.49999999999999,-1.638216758022256,16.247615087470276
9,816,-211,-1.0,0.13957,0.2053319995152738,-1.4502488934919051,3,215,11.459711374158838,-87.7549144790249,-168.11512313528502,88.5,-1.4409434452990115,16.247615087470276
9,816,-211,-1.0,0.13957,0.2053319995152738,-1.4502488934919051,4,308,38.96188776697142,-116.1388018778992,-248.24688266262902,122.5,-1.2471177849236252,16.247615087470276
9,829,-211,-1.0,0.13957,0.3003515672677286,-1.7290182502668603,1,98,21.447187813187472,25.408278865477342,-74.67261583154811,33.25,0.8697361343938375,16.247615087470276
9,829,-211,-1.0,0.13957,0.3003515672677286,-1.7290182502668603,2,149,30.280181301480084,40.41485643113799,-122.21696785770413,50.5,0.9277856896549151,16.247615087470276
9,829,-211,-1.0,0.13957,0.3003515672677286,-1.7290182502668603,3,264,43.41674046177475,77.11832886982765,-228.897803418806,88.50000000000001,1.0580357774580669,16.247615087470276
9,829,-211,-1.0,0.13957,0.3003515672677286,-1.7290182502668603,4,371,46.76055689836597,113.2241154461128,-328.0883384693629,122.5,1.1791410957199426,16.247615087470276
9,829,-211,-1.0,0.13957,0.3003515672677286,-1.7290182502668603,5,1310,-186.00238935183032,234.10277904247556,-1198.7739648878432,299.0,2.242194846875787,16.247615087470276
9,830,211,1.0,0.13957,0.1251201644959132,-0.7756428883276744,1,58,-4.160771304893437,-32.988641714207866,-12.553983352493663,33.25,-1.6962612131915014,16.247615087470276
9,830,211,1.0,0.13957,0.1251201644959132,-0.7756428883276744,2,89,-13.570639553497497,-48.64244794527768,-28.24067463818366,50.49999999999999,-1.8428659801977332,16.247615087470276
9,830,211,1.0,0.13957,0.1251201644959132,-0.7756428883276744,3,169,-53.042769959821,-70.84288641063061,-67.89887795402062,88.5,-2.2134893464773904,16.247615087470276
9,830,211,1.0,0.13957,0.1251201644959132,-0.7756428883276744,4,295,-115.26783147621444,-41.46778299802186,-130.2568554250179,122.5,-2.796257020484406,16.247615087470276
9,832,211,1.0,0.13957,0.785994339753022,-1.4731204285417938,1,76,12.13940557711778,30.95476267449392,-52.49434208336322,33.25000000000001,1.1970615841866885,16.247615087470276
9,832,211,1.0,0.13957,0.785994339753022,-1.4731204285417938,2,116,19.466734054184915,46.59717014222685,-88.19830777547874,50.49999999999999,1.1750684850402728,16.247615087470276
9,832,211,1.0,0.13957,0.785994339753022,-1.4731204285417938,3,204,38.03979972831909,79.90759436142083,-167.0542783748857,88.5,1.1264937815909717,16.247615087470276
9,832,211,1.0,0.13957,0.785994339753022,-1.4731204285417938,4,283,57.43421394466951,108.20148367077935,-237.9743544262314,122.5,1.0828071459636346,16.247615087470276
9,832,211,1.0,0.13957,0.785994339753022,-1.4731204285417938,5,706,197.58554866849025,224.41245722412933,-617.7203094329129,299.0,0.8488839075978177,16.247615087470276
9,832,211,1.0,0.13957,0.785994339753022,-1.4731204285417938,6,890,272.0969876058925,252.198789322627,-782.3629671338648,371.0,0.7474641311178556,16.247615087470276
9,832,211,1.0,0.13957,0.785994339753022,-1.4731204285417938,7,1084,355.281488749554,264.6206034153436,-956.5297437741929,443.0,0.6401773769005943,16.247615087470276
9,832,211,1.0,0.13957,0.785994339753022,-1.4731204285417938,8,1290,444.5141503397441,258.0758999746692,-1141.8543247424027,514.0,0.5260174750630389,16.247615087470276
9,835,321,1.0,0.49368,0.2904717689979821,-0.094573025438166,1,65,1.139578634761919,-33.23046584890429,13.09144290751845,33.25,-1.5365165718432283,16.247615087470276
9,835,321,1.0,0.49368,0.2904717689979821,-0.094573025438166,2,100,-1.3019726678993178,-50.483213716759785,11.440088805523148,50.5,-1.596580820782418,16.247615087470276
9,835,321,1.0,0.49368,0.2904717689979821,-0.094573025438166,3,177,-14.16421908997698,-87.35917179993828,7.72979737017253,88.5,-1.7315352754594706,16.247615087470276
9,835,321,1.0,0.49368,0.2904717689979821,-0.094573025438166,4,249,-34.62858936196794,-117.50366291652443,4.269796518206514,122.5,-1.857385706344298,16.247615087470276
9,836,-321,-1.0,0.49368,0.3265367621565685,1.0619710757097145,1,73,-32.570628858784744,6.687049853507765,58.65333627810291,33.25,2.939097341922595,16.247615087470276
9,836,-321,-1.0,0.49368,0.3265367621565685,1.0619710757097145,2,112,-49.93907839321577,7.505894299565489,80.80097757135083,50.5,2.992408325265973,16.247615087470276
9,836,-321,-1.0,0.49368,0.3265367621565685,1.0619710757097145,3,198,-88.46039932599219,2.647215723359592,130.35025034729918,88.5,3.1116761491861693,16.247615087470276
9,836,-321,-1.0,0.49368,0.3265367621565685,1.0619710757097145,4,278,-122.10559235179592,-9.822134005247264,176.1252767547583,122.5,-3.061325805494829,16.247615087470276
9,836,-321,-1.0,0.49368,0.3265367621565685,1.0619710757097145,5,837,-196.39407823325024,-225.4559070747804,497.64154885465643,299.0,-2.287411784729722,16.247615087470276
9,837,211,1.0,0.13957,0.4987036888760224,0.0064647750142433,1,34,8.703671485566462,32.09063107312378,16.462730347434082,33.25000000000001,1.3059462701928533,16.247615087470276
9,837,211,1.0,0.13957,0.4987036888760224,0.0064647750142433,2,52,14.90368499010295,48.25070127693255,16.574650121271798,50.5,1.271212626201668,16.247615087470276
9,837,211,1.0,0.13957,0.4987036888760224,0.0064647750142433,3,92,32.54705974585374,82.29786693408175,16.822802806481068,88.5,1.1941936221085447,16.247615087470276
9,837,211,1.0,0.13957,0.4987036888760224,0.0064647750142433,4,128,52.88843849595082,110.49462916114986,17.047756234036854,122.5,1.1243727768508367,16.247615087470276
9,837,211,1.0,0.13957,0.4987036888760224,0.0064647750142433,5,333,222.9536709428477,199.230169936956,18.32072451306569,299.0,0.7292648482530012,16.247615087470276
9,837,211,1.0,0.13957,0.4987036888760224,0.0064647750142433,6,434,319.5324628793682,188.52056961044116,18.952966888366422,371.0,0.5330257911791559,16.247615087470276
9,837,211,1.0,0.13957,0.4987036888760224,0.0064647750142433,7,566,426.0219354128528,121.46732296007475,19.77541564652639,443.0,0.2777500275469436,16.247615087470276
9,838,-211,-1.0,0.13957,0.2609899375671455,-0.665190012799675,1,44,7.183803768173625,-32.46468024515834,-7.6024556449505845,33.25,-1.353024874789613,16.247615087470276
9,838,-211,-1.0,0.13957,0.2609899375671455,-0.665190012799675,2,68,14.18815016049285,-48.46593025026248,-20.10682906160422,50.50000000000001,-1.2860088771459892,16.247615087470276
9,838,-211,-1.0,0.13957,0.2609899375671455,-0.665190012799675,3,121,37.38532017369021,-80.21588268859648,-48.342763644020536,88.5,-1.1346684218381524,16.247615087470276
9,838,-211,-1.0,0.13957,0.2609899375671455,-0.665190012799675,4,171,67.0165888220145,-102.54280483125594,-74.97322370521816,122.5,-0.9919313320913802,16.247615087470276
9,839,321,1.0,0.49368,0.1525361149727482,-0.4612094919035886,1,114,-32.19938635697116,-8.29228667102746,0.2341597748650841,33.25,-2.8895402043393617,16.247615087470276
9,839,321,1.0,0.49368,0.1525361149727482,-0.4612094919035886,2,176,-50.04543001610631,-6.760542471060028,-8.342697285652847,50.50000000000001,-3.007317395358703,16.247615087470276
9,839,321,1.0,0.49368,0.1525361149727482,-0.4612094919035886,3,323,-87.53902178008082,13.006523970167382,-28.862083440878852,88.50000000000001,2.994092014465382,16.247615087470276
9,839,321,1.0,0.49368,0.1525361149727482,-0.4612094919035886,4,486,-109.68807008259613,54.54151887833234,-51.72354757261101,122.5,2.680153851951367,16.247615087470276
9,840,-321,-1.0,0.49368,0.370288074238305,-1.5929271613461384,1,96,-32.90781505003982,-4.75796265563031,-62.24171904454887,33.25,-2.9980031203846305,16.247615087470276
9,840,-321,-1.0,0.49368,0.370288074238305,-1.5929271613461384,2,146,-49.58631390084139,-9.56281724844847,-103.17365293739692,50.49999999999999,-2.951079572609696,16.247615087470276
9,840,-321,-1.0,0.49368,0.370288074238305,-1.5929271613461384,3,258,-84.67391287422802,-25.74059980978768,-194.42405971002282,88.5,-2.846473102129652,16.247615087470276
9,840,-321,-1.0,0.49368,0.370288074238305,-1.5929271613461384,4,360,-113.25336578638172,-46.68966842949329,-278.08697115710225,122.5,-2.7505634314776013,16.247615087470276
9,840,-321,-1.0,0.49368,0.370288074238305,-1.5929271613461384,5,1005,-162.9505239692629,-250.6952866292916,-804.4369138894128,299.0,-2.1471675869604288,16.247615087470276
9,846,-211,-1.0,0.13957,0.1619697727322462,0.1947923642467703,1,44,22.00330223268609,-24.92824082957061,22.81226391654639,33.25,-0.8476411703924513,16.247615087470276
9,846,-211,-1.0,0.13957,0.1619697727322462,0.1947923642467703,2,68,37.38630388591058,-33.948700737294025,26.315093594358572,50.5,-0.7372458447059566,16.247615087470276
9,846,-211,-1.0,0.13957,0.1619697727322462,0.1947923642467703,3,125,78.6597056448751,-40.55737550509901,34.60280366761454,88.50000000000001,-0.4760539121684514,16.247615087470276
9,846,-211,-1.0,0.13957,0.1619697727322462,0.1947923642467703,4,185,120.15235342026436,-23.86759241255577,43.48541705133033,122.5,-0.196091761231352,16.247615087470276
9,852,211,1.0,0.13957,0.2397448629030814,0.8809943998876887,1,51,16.826284992668352,-28.6781909008484,49.58741053741632,33.25,-1.040193138898039,16.247615087470276
9,852,211,1.0,0.13957,0.2397448629030814,0.8809943998876887,2,77,22.30411405755667,-45.30757658612412,67.10202938317354,50.5,-1.1133419879649158,16.247615087470276
9,852,211,1.0,0.13957,0.2397448629030814,0.8809943998876887,3,138,25.43165183394979,-84.76721704171229,106.84654732062154,88.5,-1.279323441685726,16.247615087470276
9,852,211,1.0,0.13957,0.2397448629030814,0.8809943998876887,4,196,16.259397063941716,-121.41615216731702,144.76397211471362,122.5,-1.437673711459127,16.247615087470276
9,853,-211,-1.0,0.13957,0.3177586213099616,0.5672655719268418,1,41,-13.555099603148454,-30.361517991508997,36.17373418102858,33.24999999999999,-1.9906996411006888,16.247615087470276
9,853,-211,-1.0,0.13957,0.3177586213099616,0.5672655719268418,2,63,-18.03078805966453,-47.17139686237263,46.58465879375831,50.49999999999999,-1.9358991135186936,16.247615087470276
9,853,-211,-1.0,0.13957,0.3177586213099616,0.5672655719268418,3,111,-21.24046600207377,-85.9132853755154,69.89730039899153,88.5,-1.8131676019281575,16.247615087470276
9,853,-211,-1.0,0.13957,0.3177586213099616,0.5672655719268418,4,156,-15.730264069906056,-121.48583782602408,91.4763868771227,122.5,-1.6995621877287763,16.247615087470276
9,853,-211,-1.0,0.13957,0.3177586213099616,0.5672655719268418,5,485,193.2114499106509,-228.18925396132047,249.38862774293253,299.0,-0.8682119944245112,16.247615087470276
9,854,2212,1.0,0.93827,2.0520958174657484,1.38432946069761,1,72,30.34725527248885,-13.587001046088032,78.45537925447442,33.25,-0.4209542806913102,16.247615087470276
9,854,2212,1.0,0.93827,2.0520958174657484,1.38432946069761,2,109,45.91606754123217,-21.02295748816055,110.73399217318848,50.5,-0.4293679285381467,16.247615087470276
9,854,2212,1.0,0.93827,2.0520958174657484,1.38432946069761,3,192,79.76988556130246,-38.32773613894657,181.86735013078973,88.50000000000001,-0.4479090161812538,16.247615087470276
9,854,2212,1.0,0.93827,2.0520958174657484,1.38432946069761,4,266,109.51999117864902,-54.87824279465077,245.56059051389923,122.5,-0.464510984746465,16.247615087470276
9,854,2212,1.0,0.93827,2.0520958174657484,1.38432946069761,5,651,254.73805513054756,-156.55517643408064,577.6264520000441,299.0,-0.5510662170114968,16.247615087470276
9,854,2212,1.0,0.93827,2.0520958174657484,1.38432946069761,6,809,308.9673668039713,-205.3781055765689,714.1680198618317,371.00000000000006,-0.5866566575944974,16.247615087470276
9,854,2212,1.0,0.93827,2.0520958174657484,1.38432946069761,7,969,359.90822763485613,-258.2926009020324,851.6099124603155,443.0,-0.6224818277554246,16.247615087470276
9,854,2212,1.0,0.93827,2.0520958174657484,1.38432946069761,8,1127,406.657311753257,-314.365759582074,988.2179016347332,514.0,-0.6580896040995821,16.247615087470276
9,855,-211,-1.0,0.13957,0.945611015317841,0.3838127203798948,1,36,32.31917555886432,-7.812387035682959,29.32773251993996,33.25,-0.2371763958780645,16.247615087470276
9,855,-211,-1.0,0.13957,0.945611015317841,0.3838127203798948,2,54,49.29488252285901,-10.96651982433484,36.11902500883062,50.5,-0.2189028728852989,16.247615087470276
9,855,-211,-1.0,0.13957,0.945611015317841,0.3838127203798948,3,96,87.09259948635778,-15.720340794934195,51.106265501632066,88.5,-0.1785786120071137,16.247615087470276
9,855,-211,-1.0,0.13957,0.945611015317841,0.3838127203798948,4,133,121.26061288162556,-17.381420067777746,64.5635577212491,122.5,-0.1423696069753983,16.247615087470276
9,855,-211,-1.0,0.13957,0.945611015317841,0.3838127203798948,5,330,298.632617838841,14.81754239814205,135.9024278278882,299.0,0.0495773049099699,16.247615087470276
9,855,-211,-1.0,0.13957,0.945611015317841,0.3838127203798948,6,413,367.8165144508791,48.49754320794283,166.19945721602264,371.00000000000006,0.1310963271510964,16.247615087470276
9,855,-211,-1.0,0.13957,0.945611015317841,0.3838127203798948,7,500,432.74709833693976,94.75731571208108,197.5927728950545,443.0,0.2155647406492027,16.247615087470276
9,855,-211,-1.0,0.13957,0.945611015317841,0.3838127203798948,8,589,490.6228467878821,153.24888975047855,229.99709823183403,514.0,0.3027534883452846,16.247615087470276
9,856,211,1.0,0.13957,0.956966261265166,-0.1854443517607713,1,34,33.06731878937693,-3.48065052565177,10.044937218088641,33.25000000000001,-0.1048733533293043,16.247615087470276
9,856,211,1.0,0.13957,0.956966261265166,-0.1854443517607713,2,51,50.11893443734895,-6.192124907066928,6.824523250643139,50.50000000000001,-0.1229256836501904,16.247615087470276
9,856,211,1.0,0.13957,0.956966261265166,-0.1854443517607713,3,91,87.33022341650617,-14.3416204810724,-0.28209151176364955,88.49999999999999,-0.162769997313996,16.247615087470276
9,856,211,1.0,0.13957,0.956966261265166,-0.1854443517607713,4,126,120.09345338216282,-24.162211296698057,-6.662700638601013,122.5,-0.1985444053825606,16.247615087470276
9,856,211,1.0,0.13957,0.956966261265166,-0.1854443517607713,5,312,276.7646974776197,-113.1472590482053,-40.46966938941142,299.0,-0.3880876018297933,16.247615087470276
9,856,211,1.0,0.13957,0.956966261265166,-0.1854443517607713,6,391,331.0232388588094,-167.52496928942745,-54.812285128623316,371.0,-0.4685015225616792,16.247615087470276
9,856,211,1.0,0.13957,0.956966261265166,-0.1854443517607713,7,473,377.2642626290756,-232.2082602814549,-69.6591444649287,443.0,-0.5517427189556177,16.247615087470276
9,856,211,1.0,0.13957,0.956966261265166,-0.1854443517607713,8,557,413.0293587822431,-305.9456631232564,-84.962959524346,514.0,-0.6375456557473453,16.247615087470276
9,857,-211,-1.0,0.13957,0.2146224064507954,-0.9334371185846058,1,53,-28.669956660367934,16.84031131222414,-19.641552558569767,33.25,2.61050030187954,16.247615087470276
9,857,-211,-1.0,0.13957,0.2146224064507954,-0.9334371185846058,2,81,-45.49302581712586,21.92338025949283,-38.55541242075604,50.5,2.692524416980972,16.247615087470276
9,857,-211,-1.0,0.13957,0.2146224064507954,-0.9334371185846058,3,146,-85.49334326004282,22.872215857246783,-81.82218214094772,88.5,2.880182434887623,16.247615087470276
9,857,-211,-1.0,0.13957,0.2146224064507954,-0.9334371185846058,4,209,-122.11953429089417,9.647245439768232,-123.9177808912738,122.5,3.0627579966701544,16.247615087470276
9,858,211,1.0,0.13957,0.2081811680605332,1.4484041824565077,1,78,-27.87822493509734,-18.120901590928558,83.39093707780363,33.25,-2.565216036438626,16.247615087470276
9,858,211,1.0,0.13957,0.2081811680605332,1.4484041824565077,2,119,-44.51737096273643,-23.84226672458203,118.81197698416457,50.5,-2.6498938783873287,16.247615087470276
9,858,211,1.0,0.13957,0.2081811680605332,1.4484041824565077,3,214,-84.61275589197241,-25.940924046099173,200.05147170408364,88.49999999999999,-2.844106416740108,16.247615087470276
9,858,211,1.0,0.13957,0.2081811680605332,1.4484041824565077,4,307,-121.79578004366508,-13.116324315720195,279.61582960151424,122.5,-3.0343149691640945,16.247615087470276
9,860,211,1.0,0.13957,0.0824239759886519,-1.213328751553485,1,85,15.087983619950522,29.62963466335866,-36.246935809031115,33.25000000000001,1.0998004605090532,16.247615087470276
9,860,211,1.0,0.13957,0.0824239759886519,-1.213328751553485,2,135,33.125696829039455,38.11742658667509,-67.12874526222737,50.5,0.8553499696289494,16.247615087470276
9,871,211,1.0,0.13957,0.3382636196734568,-1.3350053004329894,1,69,-27.0089336792782,19.39278220133335,-42.647914035186105,33.25,2.518879040270461,16.247615087470276
9,871,211,1.0,0.13957,0.3382636196734568,-1.3350053004329894,2,105,-39.45260832112903,31.523668832475405,-73.3936847099901,50.50000000000001,2.467445756565978,16.247615087470276
9,871,211,1.0,0.13957,0.3382636196734568,-1.3350053004329894,3,185,-62.34754699192799,62.80950074701542,-142.10394600912363,88.5,2.352503514209352,16.247615087470276
9,871,211,1.0,0.13957,0.3382636196734568,-1.3350053004329894,4,259,-76.62370153528298,95.57749925077488,-205.43105208111476,122.5,2.246568029636719,16.247615087470276
9,871,211,1.0,0.13957,0.3382636196734568,-1.3350053004329894,5,760,11.62674327328286,298.77385903197285,-632.6458748960678,299.0,1.531901091488775,16.247615087470276
9,873,211,1.0,0.13957,0.5262019197054145,1.7972161331284402,1,103,-31.43695592809967,-10.829603038649148,113.85277603654826,33.25,-2.8098381674052155,16.247615087470276
9,873,211,1.0,0.13957,0.5262019197054145,1.7972161331284402,2,157,-48.26170912726858,-14.868000272898849,164.61981522077053,50.5,-2.842748437492465,16.247615087470276
9,873,211,1.0,0.13957,0.5262019197054145,1.7972161331284402,3,276,-86.25102818130524,-19.824483288794426,277.1070132576608,88.5,-2.915670208736377,16.247615087470276
9,873,211,1.0,0.13957,0.5262019197054145,1.7972161331284402,4,384,-120.93713019976155,-19.505397690022072,378.93816964749703,122.5,-2.981684293784353,16.247615087470276
9,873,211,1.0,0.13957,0.5262019197054145,1.7972161331284402,5,989,-292.44417807895337,62.268794012132815,949.225437743594,299.00000000000006,2.93180027401422,16.247615087470276
9,873,211,1.0,0.13957,0.5262019197054145,1.7972161331284402,6,1281,-343.4008654599,140.41668562315402,1224.3617365246728,371.0,2.7534373072050253,16.247615087470276
9,873,211,1.0,0.13957,0.5262019197054145,1.7972161331284402,7,1639,-363.9113020672514,252.6213851353793,1561.653489631561,443.0,2.53478075317898,16.247615087470276
9,873,211,1.0,0.13957,0.5262019197054145,1.7972161331284402,8,2222,-293.4507271081855,421.9984250677688,2111.3670169954594,514.0,2.1784172211936697,16.247615087470276
9,880,-211,-1.0,0.13957,0.5365803178227958,0.7510547176711715,1,43,-10.963007769824374,31.390682704247936,43.65264835928889,33.25,1.906797495923178,16.247615087470276
9,880,-211,-1.0,0.13957,0.5365803178227958,0.7510547176711715,2,66,-18.180262685407776,47.1139899466132,57.90534064124806,50.5,1.9390697957543377,16.247615087470276
9,880,-211,-1.0,0.13957,0.5365803178227958,0.7510547176711715,3,117,-37.67647542146237,80.07954295458948,89.47865193766387,88.5,2.010556960838109,16.247615087470276
9,880,-211,-1.0,0.13957,0.5365803178227958,0.7510547176711715,4,163,-59.20685200057798,107.24177672988104,118.0477791977256,122.5,2.0752408662484423,16.247615087470276
9,880,-211,-1.0,0.13957,0.5365803178227958,0.7510547176711715,5,419,-227.6578411010888,193.83732196146187,277.49937616560317,299.0,2.4362623493164826,16.247615087470276
9,880,-211,-1.0,0.13957,0.5365803178227958,0.7510547176711715,6,541,-319.5873403660327,188.42752420430924,353.7290866189726,371.0,2.6088580297473465,16.247615087470276
9,880,-211,-1.0,0.13957,0.5365803178227958,0.7510547176711715,7,689,-419.8702896726821,141.27257288723126,445.66922542387374,443.00000000000006,2.8170242926409768,16.247615087470276
9,880,-211,-1.0,0.13957,0.5365803178227958,0.7510547176711715,8,908,-513.9432134208379,7.640247290701248,582.4548136745798,514.0,3.1267278118246606,16.247615087470276
9,881,321,1.0,0.49368,0.6233380419224401,0.9331570164902582,1,55,20.50061439729765,26.177992843862423,51.99528324375086,33.25,0.90643067228456,16.247615087470276
9,881,321,1.0,0.49368,0.6233380419224401,0.9331570164902582,2,84,32.22763936636178,38.87967670739725,70.57488412362166,50.5,0.8786759573438141,16.247615087470276
9,881,321,1.0,0.49368,0.6233380419224401,0.9331570164902582,3,148,60.55235158539399,64.54194541132793,111.67320519870486,88.5,0.8172800483681573,16.247615087470276
9,881,321,1.0,0.49368,0.6233380419224401,0.9331570164902582,4,205,88.63280038903407,84.560491337253,148.75058351464529,122.5,0.7618894074831488,16.247615087470276
9,881,321,1.0,0.49368,0.6233380419224401,0.9331570164902582,5,520,268.0290781173366,132.51948265659155,351.38163193660665,299.0,0.4591752894159586,16.247615087470276
9,881,321,1.0,0.49368,0.6233380419224401,0.9331570164902582,6,663,351.9518075441935,117.34958528420528,443.31583797140667,371.0,0.321833189833371,16.247615087470276
9,881,321,1.0,0.49368,0.6233380419224401,0.9331570164902582,7,822,436.714022858325,74.36304350212114,545.8462234975904,443.0,0.1686608994622149,16.247615087470276
9,881,321,1.0,0.49368,0.6233380419224401,0.9331570164902582,8,1008,513.9708345957064,-5.475507738374187,665.8753208392816,514.0,-0.0106529402811985,16.247615087470276
9,885,-211,-1.0,0.13957,0.07091442382811,-1.63408000536463,1,114,31.717692874501825,-9.977497618079203,-69.05851411923652,33.25,-0.3047713983035813,16.247615087470276
9,885,-211,-1.0,0.13957,0.07091442382811,-1.63408000536463,2,186,50.49999990872766,0.0030361994095164,-122.30449123147207,50.50000000000001,6.012276062070616e-05,16.247615087470276
9,894,-211,-1.0,0.13957,0.4784200320631055,-0.6613177306692607,1,41,16.88410657170357,28.6441869368875,-7.398473258952709,33.25,1.038175722258838,16.247615087470276
9,894,-211,-1.0,0.13957,0.4784200320631055,-0.6613177306692607,2,63,24.05108017347081,44.404904486883865,-19.704081013942844,50.49999999999999,1.0744010216395166,16.247615087470276
9,894,-211,-1.0,0.13957,0.4784200320631055,-0.6613177306692607,3,112,35.76623954565692,80.9507634847423,-47.004124196691734,88.5,1.1547597521813044,16.247615087470276
9,894,-211,-1.0,0.13957,0.4784200320631055,-0.6613177306692607,4,156,41.21055169761064,115.36004693471028,-71.78104203353413,122.5,1.2276913970677612,16.247615087470276
9,894,-211,-1.0,0.13957,0.4784200320631055,-0.6613177306692607,5,407,-21.93534983356111,298.19429979072254,-213.2876199159951,299.00000000000006,1.6442246672237446,16.247615087470276
9,894,-211,-1.0,0.13957,0.4784200320631055,-0.6613177306692607,6,535,-104.69540700816354,355.92115946006214,-285.53200666524253,371.0,1.856880643070008,16.247615087470276
9,894,-211,-1.0,0.13957,0.4784200320631055,-0.6613177306692607,7,714,-243.9069833738932,369.8085767818905,-386.4214056894515,443.00000000000006,2.1538553147221053,16.247615087470276
9,896,321,1.0,0.49368,0.8410271363552064,1.0298023059711594,1,56,0.4158632510593505,-33.247399263046404,56.880320229152375,33.25,-1.558288835245592,16.247615087470276
9,896,321,1.0,0.49368,0.8410271363552064,1.0298023059711594,2,85,-0.4062055063654406,-50.498366281362,77.98152843601194,50.5,-1.5788400869293224,16.247615087470276
9,896,321,1.0,0.49368,0.8410271363552064,1.0298023059711594,3,149,-4.725189481540609,-88.37376638099985,124.5704284087511,88.50000000000001,-1.6242136983737223,16.247615087470276
9,896,321,1.0,0.49368,0.8410271363552064,1.0298023059711594,4,207,-11.522066178263204,-121.95692678558164,166.44304261376917,122.5,-1.6649932505937342,16.247615087470276
9,896,321,1.0,0.49368,0.8410271363552064,1.0298023059711594,5,515,-91.68242587911182,-284.59678983593824,389.7219305746647,299.00000000000006,-1.8824469739983256,16.247615087470276
9,896,321,1.0,0.49368,0.8410271363552064,1.0298023059711594,6,647,-146.2199417440168,-340.9702752973877,485.68903537449233,371.0,-1.9759106496372083,16.247615087470276
9,896,321,1.0,0.49368,0.8410271363552064,1.0298023059711594,7,786,-213.59188624623624,-388.1075960732731,586.3053768489503,443.00000000000006,-2.07390202354179,16.247615087470276
9,896,321,1.0,0.49368,0.8410271363552064,1.0298023059711594,8,931,-292.7562609920498,-422.4804985439621,691.931485430879,514.0,-2.1767725005495704,16.247615087470276
9,897,-211,-1.0,0.13957,0.3781087464864462,0.8998673733376504,1,49,32.643507138084054,-6.321704020741198,50.41719635974235,33.25,-0.1912909307426066,16.247615087470276
9,897,-211,-1.0,0.13957,0.3781087464864462,0.8998673733376504,2,74,49.96743825211627,-7.314719032262769,68.23267284585191,50.49999999999999,-0.145357249963287,16.247615087470276
9,897,-211,-1.0,0.13957,0.3781087464864462,0.8998673733376504,3,132,88.4182307525055,-3.803481378512418,107.92926132150517,88.5,-0.0429904318168498,16.247615087470276
9,897,-211,-1.0,0.13957,0.3781087464864462,0.8998673733376504,4,184,122.3422007745546,6.215779085405982,144.28639547119027,122.5,0.0507628524711163,16.247615087470276
9,897,-211,-1.0,0.13957,0.3781087464864462,0.8998673733376504,5,510,240.97083913503556,177.01427819968882,370.2942132735966,299.0,0.6335642197739029,16.247615087470276
9,897,-211,-1.0,0.13957,0.3781087464864462,0.8998673733376504,6,771,168.0454249677346,330.75933115698103,551.4556612892721,371.0,1.1007219143005167,16.247615087470276
9,916,211,1.0,0.13957,0.1978510116435675,0.2582564010729531,1,41,27.623894612468824,-18.506294778783133,24.971891543865,33.25,-0.5902639063995077,16.247615087470276
9,916,211,1.0,0.13957,0.1978510116435675,0.2582564010729531,2,63,39.28137887250957,-31.736781088736127,29.582807853438794,50.5,-0.6795603593266515,16.247615087470276
9,916,211,1.0,0.13957,0.1978510116435675,0.2582564010729531,3,114,56.02031600273983,-68.51258420869243,40.209220393273895,88.5,-0.8853767023922132,16.247615087470276
9,916,211,1.0,0.13957,0.1978510116435675,0.2582564010729531,4,165,56.70967656240884,-108.58297557254072,50.74770704681849,122.5,-1.0894915244198964,16.247615087470276
9,917,-211,-1.0,0.13957,0.5219953174906202,-1.112756326756814,1,56,-27.983971240080148,-17.957167194030546,-28.9046143318014,33.24999999999999,-2.5710781019938755,16.247615087470276
9,917,-211,-1.0,0.13957,0.5219953174906202,-1.112756326756814,2,86,-41.573881702628434,-28.66814190309265,-52.39047301928585,50.5,-2.537900385146936,16.247615087470276
9,917,-211,-1.0,0.13957,0.5219953174906202,-1.112756326756814,3,151,-68.97011776394444,-55.45604435611716,-104.4342726800913,88.5,-2.4643816033583343,16.247615087470276
9,917,-211,-1.0,0.13957,0.5219953174906202,-1.112756326756814,4,211,-90.14954943962766,-82.94159834384752,-151.55711166862736,122.5,-2.397812961636474,16.247615087470276
9,917,-211,-1.0,0.13957,0.5219953174906202,-1.112756326756814,5,543,-131.04066098361042,-268.7551770087015,-415.84471721117126,299.0,-2.024461700755844,16.247615087470276
9,917,-211,-1.0,0.13957,0.5219953174906202,-1.112756326756814,6,704,-99.96824516325988,-357.2776930609835,-543.855590187432,371.0,-1.8436246132666272,16.247615087470276
9,917,-211,-1.0,0.13957,0.5219953174906202,-1.112756326756814,7,903,-21.918827112376288,-442.4574160504238,-701.9461821462413,443.00000000000006,-1.6202947019300378,16.247615087470276
9,917,-211,-1.0,0.13957,0.5219953174906202,-1.112756326756814,8,1246,169.19756280492714,-485.3536697511133,-974.4311403440573,514.0,-1.235363253671702,16.247615087470276
9,920,-211,-1.0,0.13957,0.2392051664453563,-0.4069753093054259,1,41,30.24364780217366,13.816087276000998,2.2937755297952798,33.25,0.4285159814319896,16.247615087470276
9,920,-211,-1.0,0.13957,0.2392051664453563,-0.4069753093054259,2,62,44.27335594784996,24.29238467328761,-5.037129696288439,50.5,0.5018375387548145,16.247615087470276
9,920,-211,-1.0,0.13957,0.2392051664453563,-0.4069753093054259,3,111,69.46566042041708,54.83404072613381,-21.674913464146595,88.5,0.6682249419787795,16.247615087470276
9,920,-211,-1.0,0.13957,0.2392051664453563,-0.4069753093054259,4,158,82.94121949976585,90.14989799157657,-37.55329051919482,122.5,0.8270208372291836,16.247615087470276
9,928,-211,-1.0,0.13957,1.6253789106138967,1.3663142582970635,1,69,33.220471043782666,1.4010009383285489,77.196255057001,33.25,0.0421478443161636,16.247615087470276
9,928,-211,-1.0,0.13957,1.6253789106138967,1.3663142582970635,2,105,50.429699858619394,2.663713980434668,108.82467926509923,50.5,0.0527713010933225,16.247615087470276
9,928,-211,-1.0,0.13957,1.6253789106138967,1.3663142582970635,3,185,88.2432695009012,6.736125577163856,178.54085072279025,88.50000000000001,0.076188099154716,16.247615087470276
9,928,-211,-1.0,0.13957,1.6253789106138967,1.3663142582970635,4,256,121.92218441245188,11.884062777353368,240.99295562487632,122.5,0.0971655776655697,16.247615087470276
9,928,-211,-1.0,0.13957,1.6253789106138967,1.3663142582970635,5,628,292.6282883030048,61.397759607769736,567.4322575433569,298.99999999999994,0.206814855214444,16.247615087470276
9,928,-211,-1.0,0.13957,1.6253789106138967,1.3663142582970635,6,782,359.2709948918845,92.54918816173084,702.3148653857135,371.0,0.2521212723390572,16.247615087470276
9,928,-211,-1.0,0.13957,1.6253789106138967,1.3663142582970635,7,937,423.4861250785015,130.03269537310908,838.6479534505546,443.0,0.2979148325022414,16.247615087470276
9,928,-211,-1.0,0.13957,1.6253789106138967,1.3663142582970635,8,1093,483.9448796215181,173.18589286692605,974.8435611864965,514.0,0.3436623386200003,16.247615087470276
9,929,211,1.0,0.13957,0.5985909316863474,-0.4790149885809274,1,37,30.345139907725112,-13.5917248346407,-0.30429036348797567,33.25,-0.4211099439677092,16.247615087470276
9,929,211,1.0,0.13957,0.5985909316863474,-0.4790149885809274,2,57,45.47205798549397,-21.96683733640041,-8.908364670863989,50.50000000000001,-0.4500237037349948,16.247615087470276
9,929,211,1.0,0.13957,0.5985909316863474,-0.4790149885809274,3,101,77.06476850056654,-43.51173928900207,-27.947388580483466,88.5,-0.5139928350649805,16.247615087470276
9,929,211,1.0,0.13957,0.5985909316863474,-0.4790149885809274,4,140,103.01740540190475,-66.2847205942637,-45.135942062154584,122.5,-0.5717443059815294,16.247615087470276
9,929,211,1.0,0.13957,0.5985909316863474,-0.4790149885809274,5,357,188.44410243715205,-232.1418106603292,-139.5351102985425,299.0,-0.8889239446359645,16.247615087470276
9,929,211,1.0,0.13957,0.5985909316863474,-0.4790149885809274,6,456,189.5595311986903,-318.9172057630832,-182.86630470070185,371.0,-1.0345158995115522,16.247615087470276
9,929,211,1.0,0.13957,0.5985909316863474,-0.4790149885809274,7,569,160.7580488341959,-412.8024342648942,-231.94929182709808,443.0,-1.1994342623297156,16.247615087470276
9,929,211,1.0,0.13957,0.5985909316863474,-0.4790149885809274,8,705,87.69181665889678,-506.4643573747934,-291.44860255512094,514.0,-1.399351016987698,16.247615087470276
9,930,-211,-1.0,0.13957,0.4410741411067957,0.9361543029511232,1,50,4.055389193643431,33.00176235427556,52.15886043803077,33.24999999999999,1.4485252993587363,16.247615087470276
9,930,-211,-1.0,0.13957,0.4410741411067957,0.9361543029511232,2,76,4.184381304783628,50.32634452348171,70.85762451213868,50.5,1.4878421838199405,16.247615087470276
9,930,-211,-1.0,0.13957,0.4410741411067957,0.9361543029511232,3,134,-0.3875537188573173,88.49915142031023,112.3936882050279,88.49999999999999,1.5751754788575476,16.247615087470276
9,930,-211,-1.0,0.13957,0.4410741411067957,0.9361543029511232,4,186,-10.259691699771585,122.06960607057611,150.1901567971388,122.5,1.6546471361520223,16.247615087470276
9,930,-211,-1.0,0.13957,0.4410741411067957,0.9361543029511232,5,494,-155.70884532964232,255.2562545484626,370.81701782979627,299.0,2.118543564313993,16.247615087470276
9,930,-211,-1.0,0.13957,0.4410741411067957,0.9361543029511232,6,663,-266.8264605530358,257.7685782804785,492.05369516806684,371.0,2.373459202250945,16.247615087470276
9,931,211,1.0,0.13957,1.1558648332076826,-0.4355620359670036,1,36,-31.980079098925174,9.101485638426796,1.3008264201259916,33.25,2.864324784236857,16.247615087470276
9,931,211,1.0,0.13957,1.1558648332076826,-0.4355620359670036,2,55,-48.35928067114375,14.547507448684875,-6.457623725082097,50.49999999999999,2.8493824338834526,16.247615087470276
9,931,211,1.0,0.13957,1.1558648332076826,-0.4355620359670036,3,97,-83.86231721720654,28.272986240590605,-23.56909275389687,88.50000000000001,2.8164238258033314,16.247615087470276
9,931,211,1.0,0.13957,1.1558648332076826,-0.4355620359670036,4,135,-114.87323194154769,42.54868485985662,-38.915635517695534,122.5,2.786863704071904,16.247615087470276
9,931,211,1.0,0.13957,1.1558648332076826,-0.4355620359670036,5,333,-260.9045842544866,146.04724548923707,-119.69056103725265,299.0,2.6312774371396315,16.247615087470276
9,931,211,1.0,0.13957,1.1558648332076826,-0.4355620359670036,6,416,-311.2467971577315,201.90698665240365,-153.51311371103458,371.0,2.566129170499297,16.247615087470276
9,931,211,1.0,0.13957,1.1558648332076826,-0.4355620359670036,7,501,-354.7755075160207,265.29858512014323,-188.10151665295436,443.0,2.4995056229506174,16.247615087470276
9,931,211,1.0,0.13957,1.1558648332076826,-0.4355620359670036,8,587,-389.9173381977478,334.90367178157834,-223.17443695467745,514.0,2.4319489028886334,16.247615087470276
9,932,-211,-1.0,0.13957,0.3283783356198153,-0.9665117121763,1,52,-14.2971676150692,-30.01921881373025,-21.195488053698735,33.25,-2.0152780312971097,16.247615087470276
9,932,-211,-1.0,0.13957,0.3283783356198153,-0.9665117121763,2,79,-19.26827655119506,-46.67958353227529,-40.74979595296169,50.5,-1.962268934620042,16.247615087470276
9,932,-211,-1.0,0.13957,0.3283783356198153,-0.9665117121763,3,140,-23.853706291767395,-85.22470707574239,-84.4892834085082,88.49999999999999,-1.8437047979549763,16.247615087470276
9,932,-211,-1.0,0.13957,0.3283783356198153,-0.9665117121763,4,196,-19.92928328477493,-120.86800100835286,-124.88145513501834,122.5,-1.7342106929322283,16.247615087470276
9,932,-211,-1.0,0.13957,0.3283783356198153,-0.9665117121763,5,588,168.8580014497936,-246.7548892046144,-406.5499965674857,299.0,-0.970675151222114,16.247615087470276
9,933,321,1.0,0.49368,1.1329228026862317,-1.4879085902851192,1,78,-30.74843582182176,-12.652912491253096,-53.62036633049689,33.25,-2.7512138772160117,16.247615087470276
9,933,321,1.0,0.49368,1.1329228026862317,-1.4879085902851192,2,119,-46.98819833885696,-18.502951571796327,-89.88762270695848,50.5,-2.766460946209988,16.247615087470276
9,933,321,1.0,0.49368,1.1329228026862317,-1.4879085902851192,3,209,-83.38935446241084,-29.63891972293191,-169.87993467441223,88.5,-2.8000903195235884,16.247615087470276
9,933,321,1.0,0.49368,1.1329228026862317,-1.4879085902851192,4,290,-116.610747167689,-37.52577307655787,-241.6285953231871,122.5,-2.8302543845283425,16.247615087470276
9,933,321,1.0,0.49368,1.1329228026862317,-1.4879085902851192,5,716,-295.53081564285503,-45.41516272643771,-619.4905215729071,299.0,-2.989112295776987,16.247615087470276
9,933,321,1.0,0.49368,1.1329228026862317,-1.4879085902851192,6,895,-369.6324942765284,-31.82482010808937,-777.8911907651692,371.0,-3.0557059152093307,16.247615087470276
9,933,321,1.0,0.49368,1.1329228026862317,-1.4879085902851192,7,1077,-442.9304905257392,-7.847328375186466,-940.0454491803887,443.0,-3.1238776675116826,16.247615087470276
9,933,321,1.0,0.49368,1.1329228026862317,-1.4879085902851192,8,1263,-513.3183801101736,26.462060408581024,-1104.693843369247,514.0000000000001,3.0900872765341,16.247615087470276
9,934,-211,-1.0,0.13957,0.384250095974887,-0.5577372910958341,1,40,-25.06978127066977,-21.84189934599954,-3.2981720277797706,33.25,-2.424893845628368,16.247615087470276
9,934,-211,-1.0,0.13957,0.384250095974887,-0.5577372910958341,2,61,-36.53834875388181,-34.8597055400602,-13.487431482969534,50.5,-2.379701209416807,16.247615087470276
9,934,-211,-1.0,0.13957,0.384250095974887,-0.5577372910958341,3,108,-57.568896435998056,-67.21660630485096,-36.18272592828525,88.5,-2.2790336404238607,16.247615087470276
9,934,-211,-1.0,0.13957,0.384250095974887,-0.5577372910958341,4,151,-70.78831080316424,-99.9763224650448,-56.952474617697135,122.5,-2.1869050726712604,16.247615087470276
9,934,-211,-1.0,0.13957,0.384250095974887,-0.5577372910958341,5,416,-14.422236975627218,-298.6519698254456,-184.9700682525474,299.0,-1.6190499566161043,16.247615087470276
9,934,-211,-1.0,0.13957,0.384250095974887,-0.5577372910958341,6,611,133.8808187537771,-346.0013386821188,-279.07963757021685,371.0,-1.2016013812530648,16.247615087470276
9,958,211,1.0,0.13957,0.2220338286530198,1.336389166295688,1,71,20.840973744186822,-25.907842700505107,75.36414253504975,33.25000000000001,-0.8933616872556585,16.247615087470276
9,958,211,1.0,0.13957,0.2220338286530198,1.336389166295688,2,108,28.441108224685237,-41.72952627279324,106.48631679349388,50.49999999999999,-0.9725548105316704,16.247615087470276
9,958,211,1.0,0.13957,0.2220338286530198,1.336389166295688,3,193,35.891157962525,-80.89545586810843,177.48830927801976,88.5,-1.1532160844631236,16.247615087470276
9,958,211,1.0,0.13957,0.2220338286530198,1.336389166295688,4,276,29.472604101075664,-118.90170565429774,246.10808386505948,122.5,-1.327819899049434,16.247615087470276
9,959,-211,-1.0,0.13957,1.3571589047470622,0.641154035436505,1,40,21.243511713054023,-25.578813696051984,39.059178142754156,33.25,-0.8777254119359487,16.247615087470276
9,959,-211,-1.0,0.13957,1.3571589047470622,0.641154035436505,2,61,32.756273680938584,-38.43535526750664,50.89828747362091,50.5,-0.8650013571167368,16.247615087470276
9,959,-211,-1.0,0.13957,1.3571589047470622,0.641154035436505,3,107,59.27143546818699,-65.7202171142225,77.00118938545873,88.5,-0.8369461556802323,16.247615087470276
9,959,-211,-1.0,0.13957,1.3571589047470622,0.641154035436505,4,149,84.30375966522516,-88.877028001098,100.39648189258767,122.5,-0.8117995083627145,16.247615087470276
9,959,-211,-1.0,0.13957,1.3571589047470622,0.641154035436505,5,367,232.5024551391392,-187.99895838613733,223.05861030563136,299.0,-0.6799563188494635,16.247615087470276
9,959,-211,-1.0,0.13957,1.3571589047470622,0.641154035436505,6,457,300.8322696929312,-217.11965712804425,274.03720768842174,371.0,-0.6251614389242548,16.247615087470276
9,959,-211,-1.0,0.13957,1.3571589047470622,0.641154035436505,7,549,373.0820314015577,-238.86983452350609,325.82394503417606,443.00000000000006,-0.569498252058261,16.247615087470276
9,959,-211,-1.0,0.13957,1.3571589047470622,0.641154035436505,8,641,447.6999619303247,-252.5088990265211,377.886589239949,514.0,-0.5135385675254135,16.247615087470276
9,964,211,1.0,0.13957,0.6088168525521289,1.6518182863541686,1,90,22.81245186163412,-24.18996775650241,99.82581776993706,33.25,-0.8146971168793229,16.247615087470276
9,964,211,1.0,0.13957,0.6088168525521289,1.6518182863541686,2,137,33.58945282356614,-37.7093974893981,143.26883815444742,50.49999999999999,-0.8431181448626142,16.247615087470276
9,964,211,1.0,0.13957,0.6088168525521289,1.6518182863541686,3,241,54.59560009227007,-69.65321565128865,239.38473833924124,88.50000000000001,-0.905999250352674,16.247615087470276
9,964,211,1.0,0.13957,0.6088168525521289,1.6518182863541686,4,334,69.97977563443992,-100.54392573474269,326.1323176598263,122.5,-0.9627519115201604,16.247615087470276
9,964,211,1.0,0.13957,0.6088168525521289,1.6518182863541686,5,848,87.50842800412255,-285.9078086171263,801.5420235201392,299.00000000000006,-1.2737780713813531,16.247615087470276
9,964,211,1.0,0.13957,0.6088168525521289,1.6518182863541686,6,1083,57.26432729880917,-366.55394803359417,1018.6644392362845,371.0,-1.4158254891122413,16.247615087470276
9,964,211,1.0,0.13957,0.6088168525521289,1.6518182863541686,7,1347,-2.140255200124266,-442.9948298882034,1262.9251907157243,443.0,-1.575627621436526,16.247615087470276
9,964,211,1.0,0.13957,0.6088168525521289,1.6518182863541686,8,1662,-99.84582114413143,-504.2090955149997,1554.35914133777,514.0,-1.766291775868154,16.247615087470276
9,970,211,1.0,0.13957,0.1075730761621744,1.2021140611983447,1,75,-26.98194553205428,19.43031433881748,67.40376896943513,33.25,2.517488726499444,16.247615087470276
9,970,211,1.0,0.13957,0.1075730761621744,1.2021140611983447,2,117,-35.23188749349589,36.17960894821347,95.8024595411297,50.5,2.3429239963903936,16.247615087470276
9,970,211,1.0,0.13957,0.1075730761621744,1.2021140611983447,3,231,-25.64808357402303,84.70198232024993,173.5793472577182,88.5,1.8648234415011828,16.247615087470276
9,971,-211,-1.0,0.13957,0.2681344265206477,1.117068996841117,1,59,23.97497101541369,23.03829995485938,61.728607830670015,33.25,0.7654772531041018,16.247615087470276
9,971,-211,-1.0,0.13957,0.2681344265206477,1.117068996841117,2,89,34.05628918857671,37.28832480420691,85.56050518099481,50.49999999999999,0.8306689578356284,16.247615087470276
9,971,-211,-1.0,0.13957,0.2681344265206477,1.117068996841117,3,159,49.46720806584624,73.38423077317276,139.3009752203041,88.5,0.9776755334264008,16.247615087470276
9,971,-211,-1.0,0.13957,0.2681344265206477,1.117068996841117,4,225,53.82435589618034,110.04175894796174,189.82654190821523,122.5,1.115885181767956,16.247615087470276
9,972,211,1.0,0.13957,0.8121055599090523,0.2004184015930929,1,34,-24.05111649457336,-22.958795599169864,22.958109421248686,33.25,-2.3794262795176877,16.247615087470276
9,972,211,1.0,0.13957,0.8121055599090523,0.2004184015930929,2,52,-37.26249468142045,-34.08454914058732,26.443227571885828,50.49999999999999,-2.4007071453947124,16.247615087470276
9,972,211,1.0,0.13957,0.8121055599090523,0.2004184015930929,3,91,-68.03581495755977,-56.59839117025047,34.13921092799421,88.5,-2.447706116098632,16.247615087470276
9,972,211,1.0,0.13957,0.8121055599090523,0.2004184015930929,4,127,-97.39931893020334,-74.2941631080971,41.058401378770775,122.5,-2.489962972602229,16.247615087470276
9,972,211,1.0,0.13957,0.8121055599090523,0.2004184015930929,5,316,-272.2977102067658,-123.51095909332172,78.0303373169297,299.00000000000006,-2.71575899817912,16.247615087470276
9,972,211,1.0,0.13957,0.8121055599090523,0.2004184015930929,6,398,-351.1778011282919,-119.64594433033596,93.98976372302496,371.0,-2.8132276640614537,16.247615087470276
9,972,211,1.0,0.13957,0.8121055599090523,0.2004184015930929,7,484,-431.7618702069373,-99.14982317386053,110.79579180031186,443.0,-2.9158661452239905,16.247615087470276
9,972,211,1.0,0.13957,0.8121055599090523,0.2004184015930929,8,576,-510.46978192046765,-60.13818874949761,128.55455803141288,514.0,-3.0243236904728232,16.247615087470276
9,973,-211,-1.0,0.13957,0.2766507084380992,0.5961368494276197,1,42,-28.84406158134276,-16.540332871248598,37.31524930135096,33.25,-2.620931696867641,16.247615087470276
9,973,-211,-1.0,0.13957,0.2766507084380992,0.5961368494276197,2,65,-42.13590376183643,-27.83550994994088,48.3478797480187,50.49999999999999,-2.557793029504151,16.247615087470276
9,973,-211,-1.0,0.13957,0.2766507084380992,0.5961368494276197,3,115,-66.18646144488763,-58.7503389045919,73.1889733548066,88.5,-2.415643429697789,16.247615087470276
9,973,-211,-1.0,0.13957,0.2766507084380992,0.5961368494276197,4,163,-80.00223024072812,-92.76795328403836,96.46527508366744,122.5,-2.282440054797925,16.247615087470276
9,976,211,1.0,0.13957,0.1087853078604771,-0.8960720342975064,1,64,-8.017176256729488,-32.26898487508606,-18.250082341840287,33.25,-1.8143140872018797,16.247615087470276
9,976,211,1.0,0.13957,0.1087853078604771,-0.8960720342975064,2,100,-20.39756201215884,-46.19728849142701,-37.36920028600382,50.5,-1.9865856410306124,16.247615087470276
9,976,211,1.0,0.13957,0.1087853078604771,-0.8960720342975064,3,198,-68.4267599140185,-56.12511494571098,-89.31492265006791,88.5,-2.4546424402510647,16.247615087470276
9,977,-211,-1.0,0.13957,0.3388258900998468,-1.711323714544894,1,96,-21.81601975801689,25.092305233234686,-72.93395371749745,33.25,2.2864632962707163,16.247615087470276
9,977,-211,-1.0,0.13957,0.3388258900998468,-1.711323714544894,2,146,-35.04639203158967,36.35932350261935,-119.48924954936089,50.49999999999999,2.337809637760889,16.247615087470276
9,977,-211,-1.0,0.13957,0.3388258900998468,-1.711323714544894,3,258,-68.30924893824431,56.26807717963152,-223.52524670290535,88.5,2.452551371731106,16.247615087470276
9,977,-211,-1.0,0.13957,0.3388258900998468,-1.711323714544894,4,362,-102.24458363861196,67.47069820719868,-319.4004022788868,122.5,2.558292731088529,16.247615087470276
9,977,-211,-1.0,0.13957,0.3388258900998468,-1.711323714544894,5,1058,-296.52042963811203,-38.42700622257024,-965.1224651586773,299.0,-3.0127177929760776,16.247615087470276
9,992,211,1.0,0.13957,0.3804966894618098,1.7615571187568675,1,100,-4.514666137244311,-32.94207476266818,110.29431412711538,33.25,-1.7069964653628356,16.247615087470276
9,992,211,1.0,0.13957,0.3804966894618098,1.7615571187568675,2,152,-9.132734005088544,-49.66732496916156,159.32575141894202,50.5,-1.7526431149018524,16.247615087470276
9,992,211,1.0,0.13957,0.3804966894618098,1.7615571187568675,3,269,-24.758977289481404,-84.96612880188755,268.56176271030523,88.5,-1.8543430024794976,16.247615087470276
9,992,211,1.0,0.13957,0.3804966894618098,1.7615571187568675,4,376,-45.0577402792689,-113.91246657379492,368.5773202650883,122.5,-1.9474580706583904,16.247615087470276
9,992,211,1.0,0.13957,0.3804966894618098,1.7615571187568675,5,1039,-243.82417607982987,-173.06291098612698,988.1985182204633,299.0,-2.5243292603249574,16.247615087470276
9,992,211,1.0,0.13957,0.3804966894618098,1.7615571187568675,6,1550,-365.5137475953062,-63.566503119448015,1466.2567884934301,371.0,-2.9694047738772293,16.247615087470276
9,994,211,1.0,0.13957,0.4773133250732708,0.5706062394736913,1,40,28.660832891164567,16.855834538365023,36.282971920617015,33.25,0.5316338836124981,16.247615087470276
9,994,211,1.0,0.13957,0.4773133250732708,0.5706062394736913,2,60,44.43057952691412,24.003616454662836,46.70967026812212,50.5,0.4953267295784354,16.247615087470276
9,994,211,1.0,0.13957,0.4773133250732708,0.5706062394736913,3,107,80.99574679229241,35.66425383432067,69.84212592304127,88.50000000000001,0.4147770760584234,16.247615087470276
9,994,211,1.0,0.13957,0.4773133250732708,0.5706062394736913,4,149,115.41916885909323,41.04467638898031,90.83807379028786,122.5,0.3416674061659686,16.247615087470276
9,994,211,1.0,0.13957,0.4773133250732708,0.5706062394736913,5,389,298.1343959075257,-22.73503852767173,210.8163647187965,299.0,-0.0761103787761909,16.247615087470276
9,994,211,1.0,0.13957,0.4773133250732708,0.5706062394736913,6,511,355.5333081834248,-106.00503182467284,272.17405883418695,371.0,-0.2897658542986361,16.247615087470276
9,994,211,1.0,0.13957,0.4773133250732708,0.5706062394736913,7,683,368.19623787536375,-246.33418442114063,358.2914397543509,443.0,-0.5896367019141562,16.247615087470276
9,995,-211,-1.0,0.13957,0.3764532407240737,-0.3613602561096207,1,37,25.26474423438179,21.616086573921567,3.9531205827104223,33.25,0.7077263877428398,16.247615087470276
9,995,-211,-1.0,0.13957,0.3764532407240737,-0.3613602561096207,2,57,36.81704817123674,34.565227671126856,-2.457318770887884,50.50000000000001,0.7538626882963687,16.247615087470276
9,995,-211,-1.0,0.13957,0.3764532407240737,-0.3613602561096207,3,100,57.96236464827568,66.87760674830047,-16.74256386834686,88.50000000000001,0.8566904961869948,16.247615087470276
9,995,-211,-1.0,0.13957,0.3764532407240737,-0.3613602561096207,4,140,71.16736761302691,99.70684924834546,-29.828938327270006,122.5,0.9508910030567176,16.247615087470276
9,995,-211,-1.0,0.13957,0.3764532407240737,-0.3613602561096207,5,390,9.834674621173484,298.83821572063977,-111.37562024926213,298.99999999999994,1.5378985047146598,16.247615087470276
9,995,-211,-1.0,0.13957,0.3764532407240737,-0.3613602561096207,6,596,-162.33126777194133,333.6008985352922,-178.8584907534636,371.00000000000006,2.0236691789274763,16.247615087470276
9,997,-211,-1.0,0.13957,0.1909883503561263,1.0702273521839218,1,59,32.753727076965,5.723273763126295,59.245078101613345,33.25,0.1729900480707077,16.247615087470276
9,997,-211,-1.0,0.13957,0.1909883503561263,1.0702273521839218,2,91,48.72837235323311,13.258798128211582,82.00186439609205,50.5,0.2656644416941099,16.247615087470276
9,997,-211,-1.0,0.13957,0.1909883503561263,1.0702273521839218,3,164,78.49730083736108,40.87081796647618,134.64253781567552,88.5,0.4800428154033166,16.247615087470276
9,997,-211,-1.0,0.13957,0.1909883503561263,1.0702273521839218,4,237,94.10411669087404,78.42617689158615,187.37014351201728,122.5,0.6947764028569664,16.247615087470276
9,998,11,-1.0,0.000511,0.0560540096863324,0.1578791206843017,1,36,21.020587966059985,25.762324847752662,21.89132963173126,33.25,0.8864093777536779,16.247615087470276
9,998,11,-1.0,0.000511,0.0560540096863324,0.1578791206843017,2,63,9.857712755352264,49.528532173212696,26.224239459637502,50.5,1.374332681425793,16.247615087470276
9,999,-11,1.0,0.000511,0.1323848079672188,0.1751772087698942,1,34,33.24965272778121,0.1519653972175503,22.16559261256051,33.25,0.0045704037977746,16.247615087470276
9,999,-11,1.0,0.000511,0.1323848079672188,0.1751772087698942,2,52,50.05371820601969,-6.69890242893367,25.37097270247625,50.5,-0.1330436786336627,16.247615087470276
9,999,-11,1.0,0.000511,0.1323848079672188,0.1751772087698942,3,98,78.73515651910594,-40.41070561017079,33.31782752055807,88.5,-0.4741901937413373,16.247615087470276
9,999,-11,1.0,0.000511,0.1323848079672188,0.1751772087698942,4,159,73.7291223694766,-97.82773898351502,43.818039260851236,122.5,-0.9249551790866568,16.247615087470276
9,1000,-2212,-1.0,0.93827,0.3577460773902663,1.5110971717671144,1,117,24.753511700394498,-22.199688252280318,88.02226730894807,33.25,-0.7310608757759448,16.247615087470276
9,1000,-2212,-1.0,0.93827,0.3577460773902663,1.5110971717671144,2,179,39.18889817969499,-31.850906729032044,125.4665030687856,50.5,-0.6824691182635685,16.247615087470276
9,1000,-2212,-1.0,0.93827,0.3577460773902663,1.5110971717671144,3,316,74.31427316852225,-48.058701641162266,209.01501863893037,88.49999999999999,-0.5740486471806047,16.247615087470276
9,1000,-2212,-1.0,0.93827,0.3577460773902663,1.5110971717671144,4,442,108.96872827812344,-55.96486627741107,285.75941218324147,122.5,-0.4744576266291884,16.247615087470276
9,1000,-2212,-1.0,0.93827,0.3577460773902663,1.5110971717671144,5,1253,294.86913175363526,49.52973994336438,779.614874444311,299.0,0.166418403111031,16.247615087470276
9,1001,211,1.0,0.13957,0.1011565441842256,0.1677430230169065,1,58,23.48550314240498,-23.537069531870056,21.957577553620183,33.25,-0.7864947935021231,16.247615087470276
9,1001,211,1.0,0.13957,0.1011565441842256,0.1677430230169065,2,90,28.362047144154754,-41.78330147071607,25.159405487755063,50.50000000000001,-0.9744481976686588,16.247615087470276
9,1001,211,1.0,0.13957,0.1011565441842256,0.1677430230169065,3,184,4.68923293526468,-88.37568157858149,34.41598253796554,88.5,-1.517785819805409,16.247615087470276
