pileup_event,particle_id,pdg_id,charge,mass,pT,eta,layer_id,trajectory_step,x,y,z,r,phi,pileup_z0
1,1,-211,-1.0,0.13957,0.6657625124611152,-0.669600141560989,1,41,29.634448854536625,-15.078525826083034,-88.0,33.25,-0.4706766917293233,-64.07212664045841
1,1,-211,-1.0,0.13957,0.6657625124611152,-0.669600141560989,2,63,45.59151938026683,-21.717812058279584,-100.4,50.5,-0.4445544554455446,-64.07212664045841
1,1,-211,-1.0,0.13957,0.6657625124611152,-0.669600141560989,3,111,81.9359506787608,-33.44772019686359,-128.0,88.5,-0.3875706214689266,-64.07212664045841
1,1,-211,-1.0,0.13957,0.6657625124611152,-0.669600141560989,4,154,115.6696998002111,-40.33324370948909,-152.8,122.5,-0.3355102040816327,-64.07212664045841
1,1,-211,-1.0,0.13957,0.6657625124611152,-0.669600141560989,5,387,298.5540524155227,-16.324147336671235,-287.58904195977044,299.0,-0.0546229692464905,-64.07212664045841
1,1,-211,-1.0,0.13957,0.6657625124611152,-0.669600141560989,6,492,370.07046029884543,26.246036161688007,-347.7346464463531,371.0,0.0708031750646902,-64.07212664045841
1,1,-211,-1.0,0.13957,0.6657625124611152,-0.669600141560989,7,606,433.4596232209298,91.44263249256066,-413.48228323186777,443.0,0.2079114473699117,-64.07212664045841
1,1,-211,-1.0,0.13957,0.6657625124611152,-0.669600141560989,8,734,480.6590246219894,182.10684240148092,-487.4484966784578,514.0,0.3621584180340999,-64.07212664045841
1,6,2212,1.0,0.93827,2.8043399039433563,1.3885044441655534,1,71,26.687588955032247,-19.832677473484026,-1.5,33.25,-0.6390977443609023,-64.07212664045841
1,6,2212,1.0,0.93827,2.8043399039433563,1.3885044441655534,2,108,40.33799929101874,-30.382491885916313,30.8,50.49999999999999,-0.6455445544554457,-64.07212664045841
1,6,2212,1.0,0.93827,2.8043399039433563,1.3885044441655534,3,190,69.9510834281791,-54.213429399217375,102.4,88.5,-0.6593220338983051,-64.07212664045841
1,6,2212,1.0,0.93827,2.8043399039433563,1.3885044441655534,4,264,95.90938358194452,-76.20787453361648,166.4,122.5,-0.6714285714285714,-64.07212664045841
1,6,2212,1.0,0.93827,2.8043399039433563,1.3885044441655534,5,645,221.8816466772587,-200.42338902380652,499.0303046456443,298.99999999999994,-0.7346296031534741,-64.07212664045841
1,6,2212,1.0,0.93827,2.8043399039433563,1.3885044441655534,6,802,268.7842353800009,-255.7264843757649,635.3502244364879,371.00000000000006,-0.7605081965577267,-64.07212664045841
1,6,2212,1.0,0.93827,2.8043399039433563,1.3885044441655534,7,959,312.9103214617801,-313.58592239238914,772.1430874018315,443.00000000000006,-0.7864765428376295,-64.07212664045841
1,6,2212,1.0,0.93827,2.8043399039433563,1.3885044441655534,8,1114,353.5859119931915,-373.05898037702167,907.5949834026404,514.0,-0.8121903544243725,-64.07212664045841
1,11,321,1.0,0.49368,0.1321259019429985,-1.0738985125516238,1,137,12.92879462744522,-30.633458333680572,-107.5,33.25,-1.1714285714285715,-64.07212664045841
1,11,321,1.0,0.49368,0.1321259019429985,-1.0738985125516238,2,211,13.026257503825734,-48.791050567127826,-131.20000000000002,50.50000000000001,-1.3099009900990097,-64.07212664045841
1,11,321,1.0,0.49368,0.1321259019429985,-1.0738985125516238,3,395,-7.176636235990587,-88.20853639153223,-189.60000000000002,88.5,-1.6519774011299437,-64.07212664045841
1,11,321,1.0,0.49368,0.1321259019429985,-1.0738985125516238,4,640,-62.44688139226372,-105.38803065045171,-266.8,122.5,-2.1057142857142854,-64.07212664045841
1,15,321,1.0,0.49368,1.9780885461180184,1.7075710502702806,1,95,6.339919014486374,-32.6399743702374,24.5,33.25,-1.3789473684210527,-64.07212664045841
1,15,321,1.0,0.49368,1.9780885461180184,1.7075710502702806,2,144,9.173990827332709,-49.6597210251932,70.8,50.5,-1.3881188118811882,-64.07212664045841
1,15,321,1.0,0.49368,1.9780885461180184,1.7075710502702806,3,253,14.35181400028246,-87.32854879649207,172.0,88.5,-1.407909604519774,-64.07212664045841
1,15,321,1.0,0.49368,1.9780885461180184,1.7075710502702806,4,350,17.809210639218925,-121.19852316100197,262.8,122.5,-1.4248979591836735,-64.07212664045841
1,15,321,1.0,0.49368,1.9780885461180184,1.7075710502702806,5,858,16.75878447201914,-298.5299702593031,736.4698740074155,299.0,-1.5147174919011177,-64.07212664045841
1,15,321,1.0,0.49368,1.9780885461180184,1.7075710502702806,6,1067,7.092335049859353,-370.9322024083923,931.3332288482156,371.0,-1.551678356159016,-64.07212664045841
1,15,321,1.0,0.49368,1.9780885461180184,1.7075710502702806,7,1277,-8.020481055284007,-442.9273889517805,1127.5834200154738,443.0,-1.58890223941304,-64.07212664045841
1,15,321,1.0,0.49368,1.9780885461180184,1.7075710502702806,8,1487,-28.32118660683148,-513.2191640899441,1322.7667497720306,514.0,-1.6259238298529768,-64.07212664045841
1,16,-2212,-1.0,0.93827,2.0511761190943343,1.5531149632899173,1,83,9.303110568579774,-31.922008610812373,11.0,33.25,-1.2872180451127821,-64.07212664045841
1,16,-2212,-1.0,0.93827,2.0511761190943343,1.5531149632899173,2,126,14.517434174795433,-48.36831716093172,50.0,50.5,-1.2792079207920795,-64.07212664045841
1,16,-2212,-1.0,0.93827,2.0511761190943343,1.5531149632899173,3,222,27.02671001466504,-84.27221930021307,135.6,88.5,-1.26045197740113,-64.07212664045841
1,16,-2212,-1.0,0.93827,2.0511761190943343,1.5531149632899173,4,307,39.36167454743466,-116.00391621329788,212.8,122.5,-1.2436734693877551,-64.07212664045841
1,16,-2212,-1.0,0.93827,2.0511761190943343,1.5531149632899173,5,753,120.18189667056193,-273.7833298662765,613.2745546276185,299.0,-1.157155078511643,-64.07212664045841
1,16,-2212,-1.0,0.93827,2.0511761190943343,1.5531149632899173,6,937,161.1209787045941,-334.18711857471965,778.0239450913411,371.0,-1.1215482409389748,-64.07212664045841
1,16,-2212,-1.0,0.93827,2.0511761190943343,1.5531149632899173,7,1121,206.5655760404221,-391.8924122703687,943.860672753984,443.0,-1.0857063225821728,-64.07212664045841
1,16,-2212,-1.0,0.93827,2.0511761190943343,1.5531149632899173,8,1304,255.7151005614004,-445.8764260923343,1108.6924329672463,514.0,-1.050081679375407,-64.07212664045841
1,18,-211,-1.0,0.13957,0.3675040208906039,0.263723310050201,1,36,-32.471782225484525,-7.151633316991818,-55.25,33.25,-2.924812030075188,-64.07212664045841
1,18,-211,-1.0,0.13957,0.3675040208906039,0.263723310050201,2,55,-48.745561156271606,-13.19546390090873,-50.400000000000006,50.50000000000001,-2.877227722772277,-64.07212664045841
1,18,-211,-1.0,0.13957,0.3675040208906039,0.263723310050201,3,98,-82.51604979999665,-31.989865979782934,-40.400000000000006,88.5,-2.7717514124293787,-64.07212664045841
1,18,-211,-1.0,0.13957,0.3675040208906039,0.263723310050201,4,137,-109.41113814173588,-55.09494396521327,-30.8,122.5,-2.675102040816327,-64.07212664045841
1,18,-211,-1.0,0.13957,0.3675040208906039,0.263723310050201,5,385,-141.56142081431202,-263.3654573725136,29.13349634451987,299.0,-2.063999311557342,-64.07212664045841
1,19,211,1.0,0.13957,1.3061922836352122,-0.0166848216871821,1,33,-30.85096405172886,12.400827273973833,-64.75,33.24999999999999,2.759398496240602,-64.07212664045841
1,19,211,1.0,0.13957,1.3061922836352122,-0.0166848216871821,2,50,-46.6101993163341,19.435516964866363,-64.8,50.5,2.7465346534653468,-64.07212664045841
1,19,211,1.0,0.13957,1.3061922836352122,-0.0166848216871821,3,89,-80.66051845579133,36.416078350681104,-65.60000000000001,88.5,2.7175141242937855,-64.07212664045841
1,19,211,1.0,0.13957,1.3061922836352122,-0.0166848216871821,4,123,-110.29602571797746,53.30137625633373,-66.0,122.5,2.6914285714285717,-64.07212664045841
1,19,211,1.0,0.13957,1.3061922836352122,-0.0166848216871821,5,303,-248.869824693744,165.72510478773313,-69.10581470063055,299.0,2.554113522890062,-64.07212664045841
1,19,211,1.0,0.13957,1.3061922836352122,-0.0166848216871821,6,378,-296.5640692782751,222.914227480236,-70.34901662264048,371.0,2.49703240600759,-64.07212664045841
1,19,211,1.0,0.13957,1.3061922836352122,-0.0166848216871821,7,454,-338.0746786877999,286.2769841082948,-71.61365110301045,443.0,2.438967307285657,-64.07212664045841
1,19,211,1.0,0.13957,1.3061922836352122,-0.0166848216871821,8,531,-372.1753466207463,354.51588309655085,-72.88723798192622,514.0,2.380490900799761,-64.07212664045841
1,20,-321,-1.0,0.49368,0.7616264672569814,-1.544303588922895,1,84,-27.79979619175654,-18.240993166404035,-138.5,33.25,-2.560902255639098,-64.07212664045841
1,20,-321,-1.0,0.49368,0.7616264672569814,-1.544303588922895,2,128,-41.565949851265586,-28.679641088445898,-177.20000000000002,50.5,-2.5376237623762377,-64.07212664045841
1,20,-321,-1.0,0.49368,0.7616264672569814,-1.544303588922895,3,224,-70.23743089384182,-53.84192884205389,-262.40000000000003,88.5,-2.487570621468927,-64.07212664045841
1,20,-321,-1.0,0.49368,0.7616264672569814,-1.544303588922895,4,311,-93.7607119754418,-78.83640586593381,-339.20000000000005,122.5,-2.4424489795918367,-64.07212664045841
1,20,-321,-1.0,0.49368,0.7616264672569814,-1.544303588922895,5,778,-176.07156284557385,-241.66051551115493,-751.0345500036444,299.0,-2.2004539866400896,-64.07212664045841
1,20,-321,-1.0,0.49368,0.7616264672569814,-1.544303588922895,6,982,-185.69937272867045,-321.18023439834883,-930.4412437391006,371.0,-2.0950157413836847,-64.07212664045841
1,20,-321,-1.0,0.49368,0.7616264672569814,-1.544303588922895,7,1198,-177.452408353226,-405.9059531093871,-1121.1503172553057,443.00000000000006,-1.9829349278966195,-64.07212664045841
1,20,-321,-1.0,0.49368,0.7616264672569814,-1.544303588922895,8,1430,-147.94724229862206,-492.2475124327525,-1325.6288135113757,514.0,-1.862761828739759,-64.07212664045841
1,21,211,1.0,0.13957,0.2466630941899117,-0.3267680749663401,1,39,-30.850964051728855,12.400827273973851,-75.25,33.25,2.7593984962406015,-64.07212664045841
1,21,211,1.0,0.13957,0.2466630941899117,-0.3267680749663401,2,60,-45.39599887923498,22.123591158681652,-80.80000000000001,50.5,2.6881188118811883,-64.07212664045841
1,21,211,1.0,0.13957,0.2466630941899117,-0.3267680749663401,3,108,-72.31129756013028,51.02280122817932,-94.0,88.5,2.5271186440677966,-64.07212664045841
1,21,211,1.0,0.13957,0.2466630941899117,-0.3267680749663401,4,153,-88.13867549887176,85.07540115276909,-106.80000000000001,122.5,2.373877551020408,-64.07212664045841
1,22,-211,-1.0,0.13957,1.122495450120772,-1.4463230955684117,1,74,-30.906593510473858,-12.261524276301666,-130.75,33.25,-2.7639097744360903,-64.07212664045841
1,22,-211,-1.0,0.13957,1.122495450120772,-1.4463230955684117,2,113,-46.62941955339868,-19.389358733932422,-165.60000000000002,50.50000000000001,-2.7475247524752473,-64.07212664045841
1,22,-211,-1.0,0.13957,1.122495450120772,-1.4463230955684117,3,198,-80.53661092623068,-36.68929408583574,-241.60000000000002,88.5,-2.7141242937853107,-64.07212664045841
1,22,-211,-1.0,0.13957,1.122495450120772,-1.4463230955684117,4,275,-109.87935557598281,-54.15512180954572,-310.40000000000003,122.5,-2.683673469387755,-64.07212664045841
1,22,-211,-1.0,0.13957,1.122495450120772,-1.4463230955684117,5,679,-243.61182034364404,-173.3617056585915,-671.2111923984321,299.0,-2.5231032752223723,-64.07212664045841
1,22,-211,-1.0,0.13957,1.122495450120772,-1.4463230955684117,6,849,-287.13045244987217,-234.9406377703348,-822.5880265013591,371.0,-2.4558303441473583,-64.07212664045841
1,22,-211,-1.0,0.13957,1.122495450120772,-1.4463230955684117,7,1022,-322.726454986233,-303.4742744484595,-977.628375962234,443.0,-2.386929232623755,-64.07212664045841
1,22,-211,-1.0,0.13957,1.122495450120772,-1.4463230955684117,8,1199,-348.90298273890505,-377.4423249132182,-1135.1556485510405,514.0000000000001,-2.3169229911424125,-64.07212664045841
1,23,211,1.0,0.13957,0.8463504224171402,-1.3388424728837276,1,68,-32.6996628171066,6.024495966264418,-123.25,33.25,2.9593984962406017,-64.07212664045841
1,23,211,1.0,0.13957,0.8463504224171402,-1.3388424728837276,2,103,-49.47331216003111,10.131208413418339,-154.0,50.5,2.93960396039604,-64.07212664045841
1,23,211,1.0,0.13957,0.8463504224171402,-1.3388424728837276,3,181,-85.80880218133026,21.658704213441062,-221.60000000000002,88.5,2.8943502824858762,-64.07212664045841
1,23,211,1.0,0.13957,0.8463504224171402,-1.3388424728837276,4,251,-117.45040838735072,34.80878581112153,-282.40000000000003,122.5,2.8534693877551023,-64.07212664045841
1,23,211,1.0,0.13957,0.8463504224171402,-1.3388424728837276,5,625,-261.831409495392,144.379060121807,-606.9029793815625,299.0,2.637659931264416,-64.07212664045841
1,23,211,1.0,0.13957,0.8463504224171402,-1.3388424728837276,6,785,-306.8896581503176,208.4699923739176,-746.2616484208124,371.0,2.544895156334731,-64.07212664045841
1,23,211,1.0,0.13957,0.8463504224171402,-1.3388424728837276,7,953,-340.56410292180374,283.31094543110584,-892.2634954742587,443.0,2.4477083927412373,-64.07212664045841
1,23,211,1.0,0.13957,0.8463504224171402,-1.3388424728837276,8,1130,-359.65322335234976,367.2132336017656,-1045.367371576533,514.0,2.345794040992896,-64.07212664045841
1,24,211,1.0,0.13957,0.2101747632094604,0.7299029105123866,1,48,-15.141790682219845,29.602173483307613,-37.5,33.25,2.043609022556391,-64.07212664045841
1,24,211,1.0,0.13957,0.2101747632094604,0.7299029105123866,2,73,-19.134554396557473,46.73455710761773,-23.6,50.5,1.9594059405940594,-64.07212664045841
1,24,211,1.0,0.13957,0.2101747632094604,0.7299029105123866,3,131,-17.32197396283983,86.78824354733018,8.8,88.5,1.7677966101694917,-64.07212664045841
1,24,211,1.0,0.13957,0.2101747632094604,0.7299029105123866,4,188,-1.1274340504290212,122.49481169609567,40.0,122.5,1.58,-64.07212664045841
1,25,-211,-1.0,0.13957,0.7089702575328707,1.4366517098127456,1,74,21.99135583055058,-24.938780417937625,2.0,33.25,-0.8481203007518798,-64.07212664045841
1,25,-211,-1.0,0.13957,0.7089702575328707,1.4366517098127456,2,112,34.3130097449832,-37.052224794750025,36.4,50.50000000000001,-0.8237623762376237,-64.07212664045841
1,25,-211,-1.0,0.13957,0.7089702575328707,1.4366517098127456,3,198,63.566412131572235,-61.57565467552177,112.0,88.5,-0.7694915254237289,-64.07212664045841
1,25,-211,-1.0,0.13957,0.7089702575328707,1.4366517098127456,4,274,92.0302326739395,-80.84977596741105,180.4,122.5,-0.7208163265306123,-64.07212664045841
1,25,-211,-1.0,0.13957,0.7089702575328707,1.4366517098127456,5,688,268.05200286566094,-132.473105797772,548.4689105646303,299.0,-0.4590022676088141,-64.07212664045841
1,25,-211,-1.0,0.13957,0.7089702575328707,1.4366517098127456,6,871,349.32072290945325,-124.96412503601562,710.7885313932302,371.0,-0.3435486861376072,-64.07212664045841
1,25,-211,-1.0,0.13957,0.7089702575328707,1.4366517098127456,7,1068,432.4004753554857,-96.32667809257212,885.6245879834819,443.0,-0.2191927012581676,-64.07212664045841
1,25,-211,-1.0,0.13957,0.7089702575328707,1.4366517098127456,8,1283,512.2335411588223,-42.57698100961516,1077.2008635170323,514.0,-0.082929616325169,-64.07212664045841
1,26,211,1.0,0.13957,0.1539166224959179,1.0287569175280142,1,61,5.995995443005592,-32.70490083530993,-23.25,33.25,-1.3894736842105264,-64.07212664045841
1,26,211,1.0,0.13957,0.1539166224959179,1.0287569175280142,2,93,3.272918915382746,-50.39382900488243,-1.2000000000000002,50.49999999999999,-1.5059405940594062,-64.07212664045841
1,26,211,1.0,0.13957,0.1539166224959179,1.0287569175280142,3,171,-18.74153970265203,-86.49280137429888,50.800000000000004,88.5,-1.7841807909604521,-64.07212664045841
1,26,211,1.0,0.13957,0.1539166224959179,1.0287569175280142,4,257,-61.06509729703147,-106.19465095805947,108.80000000000001,122.5,-2.09265306122449,-64.07212664045841
1,31,211,1.0,0.13957,0.1061583333308685,-0.4905501451696227,1,58,-18.667771233243172,-27.515028932990408,-81.25,33.25000000000001,-2.166917293233082,-64.07212664045841
1,31,211,1.0,0.13957,0.1061583333308685,-0.4905501451696227,2,91,-35.29083000822425,-36.12211673380476,-90.80000000000001,50.49999999999999,-2.344554455445545,-64.07212664045841
1,31,211,1.0,0.13957,0.1061583333308685,-0.4905501451696227,3,181,-84.37377647872128,-26.70797339220593,-117.60000000000001,88.5,-2.835028248587571,-64.07212664045841
1,35,-321,-1.0,0.49368,0.3805300566949899,-1.3593393460385748,1,81,30.64471433402649,-12.902092209634503,-124.5,33.25,-0.39849624060150374,-64.07212664045841
1,35,-321,-1.0,0.49368,0.3805300566949899,-1.3593393460385748,2,124,47.395314492954405,-17.433707698419934,-156.0,50.50000000000001,-0.35247524752475246,-64.07212664045841
1,35,-321,-1.0,0.49368,0.3805300566949899,-1.3593393460385748,3,218,85.7301632349625,-21.96791095454187,-226.4,88.49999999999999,-0.25084745762711874,-64.07212664045841
1,35,-321,-1.0,0.49368,0.3805300566949899,-1.3593393460385748,4,305,120.97491989391264,-19.26963301833789,-290.8,122.5,-0.1579591836734694,-64.07212664045841
1,35,-321,-1.0,0.49368,0.3805300566949899,-1.3593393460385748,5,842,273.14032444434633,121.63619182807892,-689.7061772083259,299.0,0.418959327757512,-64.07212664045841
1,35,-321,-1.0,0.49368,0.3805300566949899,-1.3593393460385748,6,1256,240.99640769384368,282.0668918513172,-997.272516774111,371.0,0.8637565412262866,-64.07212664045841
1,39,-211,-1.0,0.13957,0.3662049153562263,-1.6244253191089375,1,88,-18.210102325772862,-27.820040856995192,-145.25,33.25,-2.1503759398496243,-64.07212664045841
1,39,-211,-1.0,0.13957,0.3662049153562263,-1.6244253191089375,2,134,-25.580999177797842,-43.541502972055355,-187.60000000000002,50.49999999999999,-2.1019801980198025,-64.07212664045841
1,39,-211,-1.0,0.13957,0.3662049153562263,-1.6244253191089375,3,238,-36.555994728924965,-80.59720373175989,-282.0,88.5,-1.9966101694915257,-64.07212664045841
1,39,-211,-1.0,0.13957,0.3662049153562263,-1.6244253191089375,4,332,-39.55565363883549,-115.93791556347941,-368.8,122.5,-1.899591836734694,-64.07212664045841
1,39,-211,-1.0,0.13957,0.3662049153562263,-1.6244253191089375,5,932,84.42564485058162,-286.8332450947126,-917.6823530775451,299.0,-1.2845429829002408,-64.07212664045841
1,40,-321,-1.0,0.49368,1.6809323025473693,-1.4567976572331225,1,75,-29.562483468144517,15.219135034412506,-131.5,33.25,2.6661654135338346,-64.07212664045841
1,40,-321,-1.0,0.49368,1.6809323025473693,-1.4567976572331225,2,115,-45.129946443347556,22.661375377954897,-166.4,50.49999999999999,2.676237623762377,-64.07212664045841
1,40,-321,-1.0,0.49368,1.6809323025473693,-1.4567976572331225,3,202,-79.96759551206426,37.913502449903994,-243.60000000000002,88.49999999999999,2.6988700564971757,-64.07212664045841
1,40,-321,-1.0,0.49368,1.6809323025473693,-1.4567976572331225,4,279,-111.73274061571256,50.21996290820909,-312.8,122.5,2.719183673469388,-64.07212664045841
1,40,-321,-1.0,0.49368,1.6809323025473693,-1.4567976572331225,5,686,-284.15839535615214,93.03228659243386,-674.1753908003059,299.0,2.8251952956258823,-64.07212664045841
1,40,-321,-1.0,0.49368,1.6809323025473693,-1.4567976572331225,6,853,-357.29534118694977,99.90515084869816,-823.3160940008124,371.0,2.868940960164186,-64.07212664045841
1,40,-321,-1.0,0.49368,1.6809323025473693,-1.4567976572331225,7,1023,-431.4884322322965,100.33310943908243,-973.95032416308,443.0,2.91312467957774,-64.07212664045841
1,40,-321,-1.0,0.49368,1.6809323025473693,-1.4567976572331225,8,1192,-505.2888054975411,94.2296293045244,-1124.2960790671282,514.0,2.957223793077086,-64.07212664045841
1,41,211,1.0,0.13957,0.4255549974026676,-1.4230693861051773,1,73,-29.721044135505167,-14.907113586987723,-129.0,33.25,-2.6766917293233083,-64.07212664045841
1,41,211,1.0,0.13957,0.4255549974026676,-1.4230693861051773,2,112,-46.03301441534614,-20.765634684173147,-163.20000000000002,50.5,-2.717821782178218,-64.07212664045841
1,41,211,1.0,0.13957,0.4255549974026676,-1.4230693861051773,3,197,-83.65125713713904,-28.891472433509573,-238.4,88.5,-2.809039548022599,-64.07212664045841
1,41,211,1.0,0.13957,0.4255549974026676,-1.4230693861051773,4,275,-118.68679722620932,-30.326459803027955,-306.8,122.5,-2.891428571428572,-64.07212664045841
1,41,211,1.0,0.13957,0.4255549974026676,-1.4230693861051773,5,736,-290.62182468642794,70.28481355122982,-712.1522632989454,299.0,2.9043059096523134,-64.07212664045841
1,41,211,1.0,0.13957,0.4255549974026676,-1.4230693861051773,6,1001,-322.3941442302528,183.5838112853172,-945.1703024087726,371.0,2.6239476269617388,-64.07212664045841
1,42,211,1.0,0.13957,1.736588795404115,-0.528489980508974,1,38,29.7469825130195,-14.855286310607145,-82.5,33.25,-0.4631578947368421,-64.07212664045841
1,42,211,1.0,0.13957,1.736588795404115,-0.528489980508974,2,57,44.94923212374159,-23.017743840046474,-92.0,50.5,-0.4732673267326733,-64.07212664045841
1,42,211,1.0,0.13957,1.736588795404115,-0.528489980508974,3,101,77.88079327823327,-42.03370122119983,-113.2,88.5,-0.49491525423728816,-64.07212664045841
1,42,211,1.0,0.13957,1.736588795404115,-0.528489980508974,4,140,106.62932354276083,-60.30288020329737,-132.0,122.5,-0.5146938775510205,-64.07212664045841
1,42,211,1.0,0.13957,1.736588795404115,-0.528489980508974,5,344,243.8231041191707,-173.06442123582778,-230.37971520778524,299.0,-0.6172695872897473,-64.07212664045841
1,42,211,1.0,0.13957,1.736588795404115,-0.528489980508974,6,428,293.18770276049213,-227.336690725508,-270.9944404539801,371.0,-0.6595576772190933,-64.07212664045841
1,42,211,1.0,0.13957,1.736588795404115,-0.528489980508974,7,513,338.1846517437982,-286.1470624083462,-311.9888515755746,443.00000000000006,-0.7022411099838263,-64.07212664045841
1,42,211,1.0,0.13957,1.736588795404115,-0.528489980508974,8,598,377.9020953943028,-348.4049458555306,-352.87140071521225,514.0,-0.7448079631092147,-64.07212664045841
1,44,-211,-1.0,0.13957,0.3459947898591718,1.382744156873141,1,71,-8.862576922976398,32.047109546483696,-2.0,33.25,1.8406015037593986,-64.07212664045841
1,44,-211,-1.0,0.13957,0.3459947898591718,1.382744156873141,2,109,-15.899645547336558,47.931735535749816,30.400000000000002,50.50000000000001,1.8910891089108908,-64.07212664045841
1,44,-211,-1.0,0.13957,0.3459947898591718,1.382744156873141,3,193,-37.10157214015176,80.34751610802361,103.2,88.5,2.0033898305084747,-64.07212664045841
1,44,-211,-1.0,0.13957,0.3459947898591718,1.382744156873141,4,270,-62.532891621181264,105.33701849536845,169.60000000000002,122.5,2.106530612244898,-64.07212664045841
1,44,-211,-1.0,0.13957,0.3459947898591718,1.382744156873141,5,779,-280.605764537803,103.2540793777905,610.4764308332606,299.0,2.789000800392592,-64.07212664045841
1,48,211,1.0,0.13957,0.4293678545342913,1.1915462229784215,1,60,7.902619487330643,32.297230612522526,-14.25,33.25,1.330827067669173,-64.07212664045841
1,48,211,1.0,0.13957,0.4293678545342913,1.1915462229784215,2,92,13.989799946448702,48.52355610894923,11.600000000000001,50.5,1.2900990099009901,-64.07212664045841
1,48,211,1.0,0.13957,0.4293678545342913,1.1915462229784215,3,162,32.02205420131918,82.50356383046599,69.2,88.5,1.2005649717514124,-64.07212664045841
1,48,211,1.0,0.13957,0.4293678545342913,1.1915462229784215,4,227,53.46109192016195,110.21869918804157,121.60000000000001,122.5,1.1191836734693876,-64.07212664045841
1,48,211,1.0,0.13957,0.4293678545342913,1.1915462229784215,5,604,240.27055544150497,177.9636485011214,430.23417370446543,299.0,0.6375097202257045,-64.07212664045841
1,48,211,1.0,0.13957,0.4293678545342913,1.1915462229784215,6,819,346.6867243664244,132.09585590804446,605.5607872102139,371.0,0.3640412292007715,-64.07212664045841
1,49,-211,-1.0,0.13957,0.5130386466495557,0.0030410642640589,1,34,4.366330296820738,-32.96206394840992,-64.0,33.24999999999999,-1.4390977443609025,-64.07212664045841
1,49,-211,-1.0,0.13957,0.5130386466495557,0.0030410642640589,2,52,8.287556080896527,-49.81532308643592,-64.0,50.5,-1.4059405940594059,-64.07212664045841
1,49,-211,-1.0,0.13957,0.5130386466495557,0.0030410642640589,3,92,21.012859491117272,-85.96923714914868,-64.0,88.50000000000001,-1.3310734463276834,-64.07212664045841
1,49,-211,-1.0,0.13957,0.5130386466495557,0.0030410642640589,4,128,37.0815360994767,-116.75277161807854,-63.6,122.5,-1.263265306122449,-64.07212664045841
1,49,-211,-1.0,0.13957,0.5130386466495557,0.0030410642640589,5,330,190.0681513676276,-230.813989688001,-63.101318702337736,299.0,-0.8819079734896066,-64.07212664045841
1,49,-211,-1.0,0.13957,0.5130386466495557,0.0030410642640589,6,430,284.8264400249288,-237.7286248282391,-62.81070603339829,371.0,-0.695511173434151,-64.07212664045841
1,49,-211,-1.0,0.13957,0.5130386466495557,0.0030410642640589,7,554,396.7041556833778,-197.1669669684512,-62.44547611406301,443.0,-0.461254840601604,-64.07212664045841
1,53,321,1.0,0.49368,1.089570018800742,1.4006651499960507,1,73,-10.346333416055197,-31.599301967667255,-0.75,33.25,-1.887218045112782,-64.07212664045841
1,53,321,1.0,0.49368,1.089570018800742,1.4006651499960507,2,111,-16.420721064674538,-47.755731799608654,32.4,50.49999999999999,-1.9019801980198026,-64.07212664045841
1,53,321,1.0,0.49368,1.089570018800742,1.4006651499960507,3,194,-31.713305126823485,-82.62273463117154,104.80000000000001,88.5,-1.9372881355932206,-64.07212664045841
1,53,321,1.0,0.49368,1.089570018800742,1.4006651499960507,4,270,-47.45259386535623,-112.93582839581758,170.0,122.5,-1.9685714285714286,-64.07212664045841
1,53,321,1.0,0.49368,1.089570018800742,1.4006651499960507,5,666,-159.66859147047035,-252.7982217062376,513.1581588050872,299.0,-2.134131128836673,-64.07212664045841
1,53,321,1.0,0.49368,1.089570018800742,1.4006651499960507,6,832,-219.4265264770492,-299.1538057224358,657.4042947999401,371.0,-2.203647470784381,-64.07212664045841
1,53,321,1.0,0.49368,1.089570018800742,1.4006651499960507,7,1003,-286.79843752034145,-337.6324277019179,805.3877773565196,443.0,-2.274965103095845,-64.07212664045841
1,53,321,1.0,0.49368,1.089570018800742,1.4006651499960507,8,1177,-360.3109822249344,-366.5678601406608,956.07734435082,514.0,-2.3475868336991086,-64.07212664045841
1,54,-211,-1.0,0.13957,1.0946055042693754,1.4612284686610597,1,75,6.976741673180666,-32.50980737601661,3.75,33.25,-1.3593984962406016,-64.07212664045841
1,54,-211,-1.0,0.13957,1.0946055042693754,1.4612284686610597,2,114,11.376716565843681,-49.201832488032984,38.800000000000004,50.5,-1.3435643564356436,-64.07212664045841
1,54,-211,-1.0,0.13957,1.0946055042693754,1.4612284686610597,3,201,22.901843062168382,-85.48541152942887,116.80000000000001,88.5,-1.309039548022599,-64.07212664045841
1,54,-211,-1.0,0.13957,1.0946055042693754,1.4612284686610597,4,279,35.40991232681443,-117.2705764845015,186.4,122.5,-1.2775510204081633,-64.07212664045841
1,54,-211,-1.0,0.13957,1.0946055042693754,1.4612284686610597,5,689,132.15596092022815,-268.20850469970395,553.6453548613888,299.0,-1.112976860589861,-64.07212664045841
1,54,-211,-1.0,0.13957,1.0946055042693754,1.4612284686610597,6,861,186.5861824850525,-320.6658642663024,707.9533192977849,371.0,-1.0438136043230193,-64.07212664045841
1,54,-211,-1.0,0.13957,1.0946055042693754,1.4612284686610597,7,1038,249.37519659733272,-366.1434299861758,866.2170942635819,443.0,-0.9728773682469796,-64.07212664045841
1,54,-211,-1.0,0.13957,1.0946055042693754,1.4612284686610597,8,1217,319.2379221549045,-402.8438271318293,1027.3179322678595,514.0,-0.9006694234039841,-64.07212664045841
1,55,211,1.0,0.13957,0.9384207588642748,-1.5425514888548453,1,81,-32.154734029931895,8.463780447550594,-138.25,33.25,2.8842105263157896,-64.07212664045841
1,55,211,1.0,0.13957,0.9384207588642748,-1.5425514888548453,2,123,-48.59896005535616,13.725563068154843,-176.8,50.5,2.866336633663366,-64.07212664045841
1,55,211,1.0,0.13957,0.9384207588642748,-1.5425514888548453,3,217,-84.1133715884197,27.517098684789236,-262.0,88.5,2.8254237288135595,-64.07212664045841
1,55,211,1.0,0.13957,0.9384207588642748,-1.5425514888548453,4,301,-114.96300297353214,42.305530930454445,-338.0,122.5,2.788979591836735,-64.07212664045841
1,55,211,1.0,0.13957,0.9384207588642748,-1.5425514888548453,5,745,-255.5022763324081,155.30481894956702,-743.0964462391541,299.0,2.595427479889025,-64.07212664045841
1,55,211,1.0,0.13957,0.9384207588642748,-1.5425514888548453,6,934,-300.12748938950284,218.09284745895224,-915.1719782732276,371.0,2.51319243048576,-64.07212664045841
1,55,211,1.0,0.13957,0.9384207588642748,-1.5425514888548453,7,1130,-334.89328552904027,289.9922193914255,-1093.5904459591616,443.0,2.427926075793882,-64.07212664045841
1,55,211,1.0,0.13957,0.9384207588642748,-1.5425514888548453,8,1333,-357.4580817192948,369.3504024819277,-1277.9226812787704,514.0,2.33983356445954,-64.07212664045841
1,56,-211,-1.0,0.13957,3.4345899348707483,-0.9958964347001223,1,51,-32.06386184018948,-8.801776178319964,-103.0,33.25,-2.8736842105263163,-64.07212664045841
1,56,-211,-1.0,0.13957,3.4345899348707483,-0.9958964347001223,2,77,-48.62604408769591,-13.62930065635999,-123.2,50.50000000000001,-2.8683168316831678,-64.07212664045841
1,56,-211,-1.0,0.13957,3.4345899348707483,-0.9958964347001223,3,136,-84.95575082189754,-24.794563966475717,-167.60000000000002,88.5,-2.857627118644068,-64.07212664045841
1,56,-211,-1.0,0.13957,3.4345899348707483,-0.9958964347001223,4,188,-117.23509343251017,-35.52721306084407,-207.20000000000002,122.5,-2.84734693877551,-64.07212664045841
1,56,-211,-1.0,0.13957,3.4345899348707483,-0.9958964347001223,5,460,-281.32363124430816,-101.28185673414814,-414.0105093577615,299.0,-2.796020239348472,-64.07212664045841
1,56,-211,-1.0,0.13957,3.4345899348707483,-0.9958964347001223,6,572,-346.3407804892433,-133.00023973700883,-498.5751706548988,371.00000000000006,-2.774941475117884,-64.07212664045841
1,56,-211,-1.0,0.13957,3.4345899348707483,-0.9958964347001223,7,683,-410.1078804731639,-167.51276480856365,-583.3341267070009,443.0,-2.753814306192598,-64.07212664045841
1,56,-211,-1.0,0.13957,3.4345899348707483,-0.9958964347001223,8,794,-471.67236221816137,-204.25763809351065,-667.1446139843006,514.0,-2.732923529892616,-64.07212664045841
1,58,211,1.0,0.13957,1.271130909959666,-1.4877389247776829,1,77,-12.320123768808548,30.883281080889684,-134.0,33.25,1.9503759398496243,-64.07212664045841
1,58,211,1.0,0.13957,1.271130909959666,-1.4877389247776829,2,117,-18.06543293454981,47.15813962496063,-170.0,50.49999999999999,1.936633663366337,-64.07212664045841
1,58,211,1.0,0.13957,1.271130909959666,-1.4877389247776829,3,206,-29.131035852512696,83.56813238405906,-250.0,88.5,1.906214689265537,-64.07212664045841
1,58,211,1.0,0.13957,1.271130909959666,-1.4877389247776829,4,285,-37.22913904133474,116.70578908623584,-321.6,122.5,1.879591836734694,-64.07212664045841
1,58,211,1.0,0.13957,1.271130909959666,-1.4877389247776829,5,703,-49.91394812252573,294.80433813433245,-698.0997909019159,299.0,1.7385178515297133,-64.07212664045841
1,58,211,1.0,0.13957,1.271130909959666,-1.4877389247776829,6,877,-40.340227945089694,368.8003064116653,-854.9212434945634,371.0,1.6797455033478204,-64.07212664045841
1,58,211,1.0,0.13957,1.271130909959666,-1.4877389247776829,7,1054,-21.742944559205103,442.4660940251754,-1014.6135622193774,443.0,1.6198971928824135,-64.07212664045841
1,58,211,1.0,0.13957,1.271130909959666,-1.4877389247776829,8,1232,5.783420097234076,513.9674620557015,-1175.6524038905152,514.0,1.5595442992909463,-64.07212664045841
1,59,-211,-1.0,0.13957,0.483929582840099,-1.318832600518866,1,67,-15.541022671970305,29.394542253780802,-121.75,33.25,2.0571428571428574,-64.07212664045841
1,59,-211,-1.0,0.13957,0.483929582840099,-1.318832600518866,2,102,-25.148648394054376,43.79264189281376,-152.0,50.50000000000001,2.0920792079207917,-64.07212664045841
1,59,-211,-1.0,0.13957,0.483929582840099,-1.318832600518866,3,180,-50.04059765119753,72.99444216316037,-218.4,88.5,2.1717514124293786,-64.07212664045841
1,59,-211,-1.0,0.13957,0.483929582840099,-1.318832600518866,4,250,-76.34672609676626,95.79889046489708,-279.2,122.5,2.243673469387755,-64.07212664045841
1,59,-211,-1.0,0.13957,0.483929582840099,-1.318832600518866,5,652,-264.18537273833937,140.0253149652044,-623.5999661195178,299.0,2.654213189217105,-64.07212664045841
1,59,-211,-1.0,0.13957,0.483929582840099,-1.318832600518866,6,856,-356.60067461901605,102.35701666843684,-798.0821182966572,371.0,2.8620720153177777,-64.07212664045841
1,59,-211,-1.0,0.13957,0.483929582840099,-1.318832600518866,7,1133,-442.9961048753046,-1.8577043112714784,-1036.2390251272227,443.0,-3.137399177842664,-64.07212664045841
1,68,211,1.0,0.13957,0.178749883994067,1.1852416799469665,1,65,-3.5144451285364586,-33.06374412311023,-14.5,33.25,-1.6766917293233083,-64.07212664045841
1,68,211,1.0,0.13957,0.178749883994067,1.1852416799469665,2,99,-10.350902929283249,-49.42781411865748,12.0,50.5,-1.7772277227722773,-64.07212664045841
1,68,211,1.0,0.13957,0.178749883994067,1.1852416799469665,3,180,-37.509637448905096,-80.15782618342202,73.2,88.5,-2.0084745762711864,-64.07212664045841
1,68,211,1.0,0.13957,0.178749883994067,1.1852416799469665,4,263,-76.54207491139915,-95.64288143012924,136.0,122.5,-2.245714285714286,-64.07212664045841
1,69,-211,-1.0,0.13957,1.2081093543994723,0.8756943743572513,1,47,8.725590957850862,32.08467800113118,-31.0,33.25,1.305263157894737,-64.07212664045841
1,69,-211,-1.0,0.13957,1.2081093543994723,0.8756943743572513,2,71,12.59097435492065,48.90518750392162,-14.0,50.50000000000001,1.3188118811881189,-64.07212664045841
1,69,-211,-1.0,0.13957,1.2081093543994723,0.8756943743572513,3,125,19.308905604698676,86.36791165906952,23.6,88.5,1.3508474576271188,-64.07212664045841
1,69,-211,-1.0,0.13957,1.2081093543994723,0.8756943743572513,4,173,23.378262410743847,120.24852118281704,57.6,122.5,1.3787755102040817,-64.07212664045841
1,69,-211,-1.0,0.13957,1.2081093543994723,0.8756943743572513,5,427,12.944049699364417,298.7196872945946,235.650312962698,299.0,1.527491657111444,-64.07212664045841
1,69,-211,-1.0,0.13957,1.2081093543994723,0.8756943743572513,6,533,-6.968449580117055,370.9345504404374,310.0075485558167,371.00000000000006,1.5895803143587093,-64.07212664045841
1,69,-211,-1.0,0.13957,1.2081093543994723,0.8756943743572513,7,641,-36.34955674866247,441.5061831097904,385.889059391422,443.0,1.652941855939161,-64.07212664045841
1,69,-211,-1.0,0.13957,1.2081093543994723,0.8756943743572513,8,750,-74.88904292584958,508.5151239143732,462.62324748047655,514.0000000000001,1.717015324103256,-64.07212664045841
1,70,211,1.0,0.13957,0.4704642320194525,-0.0326896504029125,1,34,18.091089080963773,-27.8975804661378,-65.25,33.25,-0.9954887218045113,-64.07212664045841
1,70,211,1.0,0.13957,0.4704642320194525,-0.0326896504029125,2,52,25.882523548578458,-43.362944719625325,-65.60000000000001,50.50000000000001,-1.0326732673267327,-64.07212664045841
1,70,211,1.0,0.13957,0.4704642320194525,-0.0326896504029125,3,92,39.02528044923889,-79.43096049940637,-66.8,88.5,-1.1141242937853109,-64.07212664045841
1,70,211,1.0,0.13957,0.4704642320194525,-0.0326896504029125,4,129,45.6907524084477,-113.66004198639877,-68.0,122.5,-1.1885714285714286,-64.07212664045841
1,70,211,1.0,0.13957,0.4704642320194525,-0.0326896504029125,5,338,-12.989438421346213,-298.71771706662804,-74.66735713072316,299.0,-1.6142529411726825,-64.07212664045841
1,70,211,1.0,0.13957,0.4704642320194525,-0.0326896504029125,6,446,-96.65443753639993,-358.188385775589,-78.05073848693708,371.0,-1.8343613259388896,-64.07212664045841
1,70,211,1.0,0.13957,0.4704642320194525,-0.0326896504029125,7,603,-244.08405343945165,-369.6917294944085,-82.96917825439502,443.0,-2.154334205834581,-64.07212664045841
1,71,211,1.0,0.13957,0.5634110410048714,-0.6230106337831108,1,40,12.97484534307243,30.61398190897995,-86.25,33.25,1.1699248120300754,-64.07212664045841
1,71,211,1.0,0.13957,0.5634110410048714,-0.6230106337831108,2,62,21.152106514725084,45.85671586572381,-97.60000000000001,50.50000000000001,1.1386138613861385,-64.07212664045841
1,71,211,1.0,0.13957,0.5634110410048714,-0.6230106337831108,3,108,42.4427400388831,77.65863646750302,-123.2,88.5,1.0706214689265536,-64.07212664045841
1,71,211,1.0,0.13957,0.5634110410048714,-0.6230106337831108,4,151,65.25875841088009,103.67036437994412,-146.0,122.5,1.0089795918367348,-64.07212664045841
1,71,211,1.0,0.13957,0.5634110410048714,-0.6230106337831108,5,386,234.64760369702248,185.3146029843441,-273.4043256531819,299.0,0.6684639694149735,-64.07212664045841
1,71,211,1.0,0.13957,0.5634110410048714,-0.6230106337831108,6,496,323.98650792105985,180.75879697850675,-333.0645295973844,371.0,0.5089040585610305,-64.07212664045841
1,71,211,1.0,0.13957,0.5634110410048714,-0.6230106337831108,7,625,420.1377733407781,140.47509178588552,-402.6984357575189,443.0,0.3226696152179896,-64.07212664045841
1,71,211,1.0,0.13957,0.5634110410048714,-0.6230106337831108,8,794,512.440874360229,40.00437832192796,-494.215722326228,514.0,0.0779083193290137,-64.07212664045841
1,73,-211,-1.0,0.13957,0.0605766742239934,-0.924862439905294,1,96,-22.72552941744962,-24.271646270836925,-101.5,33.25,-2.3233082706766917,-64.07212664045841
1,73,-211,-1.0,0.13957,0.0605766742239934,-0.924862439905294,2,162,-17.175155472560448,-47.48962028162972,-127.60000000000001,50.49999999999999,-1.9178217821782182,-64.07212664045841
1,75,-211,-1.0,0.13957,0.7092012660808591,-1.7673747114317997,1,100,-33.2008586668557,-1.8070649638219853,-158.5,33.25,-3.087218045112782,-64.07212664045841
1,75,-211,-1.0,0.13957,0.7092012660808591,-1.7673747114317997,2,152,-50.3416330177979,-3.996246376458741,-207.60000000000002,50.5,-3.0623762376237624,-64.07212664045841
1,75,-211,-1.0,0.13957,0.7092012660808591,-1.7673747114317997,3,268,-87.71702854454567,-11.746186756363132,-316.40000000000003,88.5,-3.0084745762711864,-64.07212664045841
1,75,-211,-1.0,0.13957,0.7092012660808591,-1.7673747114317997,4,371,-120.48577084666579,-22.123042817043533,-414.0,122.5,-2.96,-64.07212664045841
1,75,-211,-1.0,0.13957,0.7092012660808591,-1.7673747114317997,5,932,-270.0929596706321,-128.26064531397887,-941.4066464196956,299.0,-2.698245552312438,-64.07212664045841
1,75,-211,-1.0,0.13957,0.7092012660808591,-1.7673747114317997,6,1179,-314.5773428730816,-196.6776432411973,-1173.877951071396,371.0,-2.5828406438184057,-64.07212664045841
1,75,-211,-1.0,0.13957,0.7092012660808591,-1.7673747114317997,7,1445,-343.61423643649607,-279.6037491132116,-1424.2582789065468,443.0,-2.4585452164887123,-64.07212664045841
1,75,-211,-1.0,0.13957,0.7092012660808591,-1.7673747114317997,8,1737,-350.9517636123129,-375.53809343048977,-1698.5798406726367,514.0,-2.32236476829259,-64.07212664045841
1,76,-211,-1.0,0.13957,0.4321224973105982,-0.8549162088123476,1,47,-19.283609562117434,27.086987692539996,-96.0,33.25,2.189473684210526,-64.07212664045841
1,76,-211,-1.0,0.13957,0.4321224973105982,-0.8549162088123476,2,72,-30.9187634981352,39.92843678065024,-112.80000000000001,50.5,2.22970297029703,-64.07212664045841
1,76,-211,-1.0,0.13957,0.4321224973105982,-0.8549162088123476,3,127,-60.185522270596756,64.88414990593236,-150.0,88.5,2.3186440677966105,-64.07212664045841
1,76,-211,-1.0,0.13957,0.4321224973105982,-0.8549162088123476,4,177,-90.33073015380256,82.74423961751599,-183.60000000000002,122.5,2.4,-64.07212664045841
1,76,-211,-1.0,0.13957,0.4321224973105982,-0.8549162088123476,5,470,-288.59790343683073,78.18088085885027,-382.0993063397274,299.00000000000006,2.877043101262064,-64.07212664045841
1,76,-211,-1.0,0.13957,0.4321224973105982,-0.8549162088123476,6,636,-370.9966887805903,-1.5674545728032598,-493.8598587165835,371.0,-3.137367696080198,-64.07212664045841
1,77,211,1.0,0.13957,0.5502272546468118,-1.658944321842403,1,90,-27.827194814603516,18.199168353254585,-148.25,33.25,2.562406015037594,-64.07212664045841
1,77,211,1.0,0.13957,0.5502272546468118,-1.658944321842403,2,138,-41.36618335689487,28.967030819256458,-192.0,50.5,2.5306930693069307,-64.07212664045841
1,77,211,1.0,0.13957,0.5502272546468118,-1.658944321842403,3,243,-68.78313730166349,55.687790609257505,-289.2,88.5,2.4610169491525427,-64.07212664045841
1,77,211,1.0,0.13957,0.5502272546468118,-1.658944321842403,4,337,-90.19551718692453,82.891608015427,-376.8,122.5,2.3983673469387754,-64.07212664045841
1,77,211,1.0,0.13957,0.5502272546468118,-1.658944321842403,5,864,-137.32277483850544,265.60017980162047,-864.4249267442137,299.0,2.0479734869632087,-64.07212664045841
1,77,211,1.0,0.13957,0.5502272546468118,-1.658944321842403,6,1113,-113.71286116612237,353.1435759084599,-1095.031661232672,371.0,1.8823140558974043,-64.07212664045841
1,77,211,1.0,0.13957,0.5502272546468118,-1.658944321842403,7,1408,-50.9648975670036,440.0586088420324,-1368.1768300678953,443.0,1.6860965420644711,-64.07212664045841
1,77,211,1.0,0.13957,0.5502272546468118,-1.658944321842403,8,1816,79.65166640779184,507.7909137021475,-1745.2722206196431,514.0,1.415204978161592,-64.07212664045841
1,94,-211,-1.0,0.13957,0.1332130415101276,1.7528230634074786,1,105,-24.177850075237572,22.825294428316464,30.0,33.25,2.384962406015038,-64.07212664045841
1,94,-211,-1.0,0.13957,0.1332130415101276,1.7528230634074786,2,163,-41.10642240713168,29.334485454605513,80.80000000000001,50.5,2.521782178217822,-64.07212664045841
1,94,-211,-1.0,0.13957,0.1332130415101276,1.7528230634074786,3,305,-85.01156674891222,24.602510418557777,206.8,88.5,2.8598870056497177,-64.07212664045841
1,94,-211,-1.0,0.13957,0.1332130415101276,1.7528230634074786,4,490,-120.93612276566499,-19.511642944867752,371.20000000000005,122.5,-2.9816326530612245,-64.07212664045841
1,95,211,1.0,0.13957,0.3792339973522528,-1.092753571579327,1,56,-28.2832938120414,-17.481927557959406,-108.25,33.25,-2.5879699248120303,-64.07212664045841
1,95,211,1.0,0.13957,0.3792339973522528,-1.092753571579327,2,86,-44.10021221545585,-24.605310047868922,-131.20000000000002,50.50000000000001,-2.632673267326733,-64.07212664045841
1,95,211,1.0,0.13957,0.3792339973522528,-1.092753571579327,3,151,-81.28591080110829,-34.99786715264612,-182.4,88.5,-2.7350282485875708,-64.07212664045841
1,95,211,1.0,0.13957,0.3792339973522528,-1.092753571579327,4,212,-116.54742783351763,-37.72197059262678,-229.20000000000002,122.5,-2.8285714285714287,-64.07212664045841
1,95,211,1.0,0.13957,0.3792339973522528,-1.092753571579327,5,585,-288.40076211301,78.9050087930735,-520.1017760265183,299.0,2.874533121266301,-64.07212664045841
1,95,211,1.0,0.13957,0.3792339973522528,-1.092753571579327,6,879,-278.12475186959017,245.5353791156763,-748.9259881574201,371.0,2.418348156125836,-64.07212664045841
1,96,211,1.0,0.13957,0.1665523267620062,0.7276363599222413,1,51,30.487287472151806,13.269807933439562,-37.5,33.25,0.4105263157894737,-64.07212664045841
1,96,211,1.0,0.13957,0.1665523267620062,0.7276363599222413,2,78,48.19995191269704,15.067004865390249,-23.200000000000003,50.5,0.30297029702970296,-64.07212664045841
1,96,211,1.0,0.13957,0.1665523267620062,0.7276363599222413,3,142,88.38561786776506,4.498061152697607,10.0,88.5,0.05084745762711865,-64.07212664045841
1,96,211,1.0,0.13957,0.1665523267620062,0.7276363599222413,4,210,119.66625849985869,-26.19611758724945,45.2,122.5,-0.21551020408163268,-64.07212664045841
1,97,-211,-1.0,0.13957,0.3112212944657307,0.6893374543344017,1,44,-20.9159374104835,-25.847360837051365,-39.25,33.25,-2.2511278195488726,-64.07212664045841
1,97,-211,-1.0,0.13957,0.3112212944657307,0.6893374543344017,2,67,-29.55737449388772,-40.94644811248072,-26.400000000000002,50.5,-2.196039603960396,-64.07212664045841
1,97,-211,-1.0,0.13957,0.3112212944657307,0.6893374543344017,3,118,-42.371688910742655,-77.69742581869264,2.8000000000000003,88.49999999999999,-2.0700564971751416,-64.07212664045841
1,97,-211,-1.0,0.13957,0.3112212944657307,0.6893374543344017,4,166,-45.788065693517424,-113.62087413871683,29.6,122.5,-1.9538775510204083,-64.07212664045841
1,97,-211,-1.0,0.13957,0.3112212944657307,0.6893374543344017,5,532,144.41463953721768,-261.81178714361863,235.38971200200496,299.0,-1.066727712642472,-64.07212664045841
1,102,211,1.0,0.13957,0.382257520431243,1.7012494859185077,1,95,16.72822565287695,-28.735500108862364,24.0,33.24999999999999,-1.0436090225563912,-64.07212664045841
1,102,211,1.0,0.13957,0.382257520431243,1.7012494859185077,2,144,23.351077778161113,-44.7769713870676,70.0,50.5,-1.0900990099009902,-64.07212664045841
1,102,211,1.0,0.13957,0.382257520431243,1.7012494859185077,3,255,32.81297217411232,-82.1922067905524,172.4,88.49999999999999,-1.1909604519774013,-64.07212664045841
1,102,211,1.0,0.13957,0.382257520431243,1.7012494859185077,4,356,34.691270033739535,-117.48517261104129,266.40000000000003,122.5,-1.2836734693877552,-64.07212664045841
1,102,211,1.0,0.13957,0.382257520431243,1.7012494859185077,5,980,-84.19647652563434,-286.9005983623393,845.7351566934151,299.0,-1.856250804402081,-64.07212664045841
1,102,211,1.0,0.13957,0.382257520431243,1.7012494859185077,6,1451,-243.71333850014867,-279.7227352881992,1282.1523102097374,371.0,-2.287508450524793,-64.07212664045841
1,103,-211,-1.0,0.13957,0.2948691661312714,1.738865021379068,1,99,15.326634432570604,-29.506893719440228,27.75,33.25,-1.0917293233082708,-64.07212664045841
1,103,-211,-1.0,0.13957,0.2948691661312714,1.738865021379068,2,150,25.882523548578455,-43.36294471962532,76.0,50.5,-1.0326732673267327,-64.07212664045841
1,103,-211,-1.0,0.13957,0.2948691661312714,1.738865021379068,3,267,55.0124821919538,-69.32443150203228,184.0,88.5,-0.9,-64.07212664045841
1,103,-211,-1.0,0.13957,0.2948691661312714,1.738865021379068,4,375,87.40279584222968,-85.83123719812913,284.40000000000003,122.49999999999996,-0.7763265306122452,-64.07212664045841
1,104,211,1.0,0.13957,0.1834801056294073,0.3756703555206291,1,43,12.744300449481715,-30.71067088250174,-51.25,33.25,-1.1774436090225566,-64.07212664045841
1,104,211,1.0,0.13957,0.1834801056294073,0.3756703555206291,2,67,14.756702419488144,-48.29585627880173,-44.400000000000006,50.49999999999999,-1.2742574257425745,-64.07212664045841
1,104,211,1.0,0.13957,0.1834801056294073,0.3756703555206291,3,121,6.310116095155623,-88.27475536565173,-28.400000000000002,88.5,-1.4994350282485878,-64.07212664045841
1,104,211,1.0,0.13957,0.1834801056294073,0.3756703555206291,4,176,-19.09921211079034,-121.00194253294879,-12.4,122.5,-1.7273469387755105,-64.07212664045841
1,105,-211,-1.0,0.13957,0.2919355977722673,1.653623872168608,1,91,29.380986861641322,15.566634544308538,19.75,33.25,0.48721804511278194,-64.07212664045841
1,105,-211,-1.0,0.13957,0.2919355977722673,1.653623872168608,2,139,43.143699945626075,26.246355080311353,63.6,50.50000000000001,0.5465346534653465,-64.07212664045841
1,105,-211,-1.0,0.13957,0.2919355977722673,1.653623872168608,3,247,68.77114857634201,55.70259530300802,162.4,88.5,0.6807909604519774,-64.07212664045841
1,105,-211,-1.0,0.13957,0.2919355977722673,1.653623872168608,4,347,84.84303195455163,88.36237846934026,254.0,122.5,0.8057142857142857,-64.07212664045841
1,106,211,1.0,0.13957,0.1829408902944227,1.4719247022267017,1,80,33.19854711023996,-1.8490456373974418,5.0,33.25,-0.055639097744360905,-64.07212664045841
1,106,211,1.0,0.13957,0.1829408902944227,1.4719247022267017,2,123,49.921676512268704,-7.620775170833993,41.6,50.50000000000001,-0.15148514851485148,-64.07212664045841
1,106,211,1.0,0.13957,0.1829408902944227,1.4719247022267017,3,223,82.27185431055595,-32.612758060345875,126.80000000000001,88.5,-0.37740112994350283,-64.07212664045841
1,106,211,1.0,0.13957,0.1829408902944227,1.4719247022267017,4,324,100.6497460874765,-69.8274918103644,213.20000000000002,122.5,-0.6065306122448979,-64.07212664045841
2,113,211,1.0,0.13957,0.916587449713568,1.575980815349929,1,84,-30.342666285829882,-13.597246142758562,133.75,33.25,-2.7203007518796993,56.86778061580997
2,113,211,1.0,0.13957,0.916587449713568,1.575980815349929,2,127,-46.45479410744805,-19.804093123256347,174.0,50.49999999999999,-2.7386138613861393,56.86778061580997
2,113,211,1.0,0.13957,0.916587449713568,1.575980815349929,3,223,-82.78418404478072,-31.289437068120503,262.0,88.5,-2.780225988700565,56.86778061580997
2,113,211,1.0,0.13957,0.916587449713568,1.575980815349929,4,310,-116.12464749972992,-39.004054187526094,341.20000000000005,122.5,-2.8175510204081635,56.86778061580997
2,113,211,1.0,0.13957,0.916587449713568,1.575980815349929,5,769,-296.63726795097784,-37.51441406419404,761.774461197239,299.00000000000006,-3.015794854749116,56.86778061580997
2,113,211,1.0,0.13957,0.916587449713568,1.575980815349929,6,965,-370.6835934221707,-15.319058966753232,940.8889312571914,371.0,-3.100289647133037,56.86778061580997
2,113,211,1.0,0.13957,0.916587449713568,1.575980815349929,7,1168,-442.52133673720783,20.588019144995663,1126.9965543942897,443.0,3.095101824025787,56.86778061580997
2,113,211,1.0,0.13957,0.916587449713568,1.575980815349929,8,1378,-509.1513439472274,70.43372031017607,1319.8420210250151,514.0,3.0041295587152628,56.86778061580997
3,131,211,1.0,0.13957,0.2823884563171715,1.2311656278058296,1,64,-28.439872134694095,-17.226031840277383,13.0,33.25,-2.596992481203008,-39.17977820815886
3,131,211,1.0,0.13957,0.2823884563171715,1.2311656278058296,2,97,-44.71893492117777,-23.462030166110253,40.400000000000006,50.5,-2.6584158415841586,-39.17977820815886
3,131,211,1.0,0.13957,0.2823884563171715,1.2311656278058296,3,173,-83.31946664466041,-29.834819893026353,102.0,88.5,-2.7977401129943504,-39.17977820815886
3,131,211,1.0,0.13957,0.2823884563171715,1.2311656278058296,4,243,-119.6992875314081,-26.044779985119643,159.20000000000002,122.5,-2.92734693877551,-39.17977820815886
3,136,-211,-1.0,0.13957,0.6189926507114833,-0.8172848824869922,1,45,-18.25191636873292,27.79262580017907,-69.5,33.25,2.1518796992481204,-39.17977820815886
3,136,-211,-1.0,0.13957,0.6189926507114833,-0.8172848824869922,2,69,-28.864022608788563,41.438124943575126,-85.2,50.5,2.1792079207920794,-39.17977820815886
3,136,-211,-1.0,0.13957,0.6189926507114833,-0.8172848824869922,3,121,-54.98823498377153,69.34366599314981,-120.0,88.49999999999999,2.241242937853108,-39.17977820815886
3,136,-211,-1.0,0.13957,0.6189926507114833,-0.8172848824869922,4,169,-81.35748299983021,91.5817119294695,-151.6,122.5,2.2971428571428576,-39.17977820815886
3,136,-211,-1.0,0.13957,0.6189926507114833,-0.8172848824869922,5,428,-256.5328455224578,153.5965467325057,-323.58805501496226,299.0,2.6020999357664305,-39.17977820815886
3,136,-211,-1.0,0.13957,0.6189926507114833,-0.8172848824869922,6,545,-341.6007317565948,144.7409412134623,-401.7847801281593,371.0,2.7408119405861995,-39.17977820815886
3,136,-211,-1.0,0.13957,0.6189926507114833,-0.8172848824869922,7,677,-429.6959665759302,107.7514561775251,-489.21116626639554,443.0,2.895896863400831,-39.17977820815886
3,136,-211,-1.0,0.13957,0.6189926507114833,-0.8172848824869922,8,832,-512.9745784779396,32.45122240193966,-592.1032893696715,514.0,3.078415961913214,-39.17977820815886
3,142,-321,-1.0,0.49368,0.2616560606541116,0.5090392109367918,1,73,-13.791401816371128,-30.25491259183201,-21.5,33.25,-1.9984962406015039,-39.17977820815886
3,142,-321,-1.0,0.49368,0.2616560606541116,0.5090392109367918,2,111,-17.831756383404013,-47.24699423543184,-12.0,50.49999999999999,-1.9316831683168323,-39.17977820815886
3,142,-321,-1.0,0.49368,0.2616560606541116,0.5090392109367918,3,198,-18.49713530314611,-86.54539840787093,8.8,88.50000000000001,-1.7813559322033896,-39.17977820815886
3,142,-321,-1.0,0.49368,0.2616560606541116,0.5090392109367918,4,280,-8.321037689952453,-122.21706235940377,28.400000000000002,122.5,-1.6387755102040817,-39.17977820815886
3,150,-211,-1.0,0.13957,0.2271401865547804,1.1780781391933848,1,62,-31.428112729294632,10.85523976127422,10.0,33.25,2.8090225563909774,-39.17977820815886
3,150,-211,-1.0,0.13957,0.2271401865547804,1.1780781391933848,2,95,-48.848549474727506,12.808950550888193,35.6,50.5,2.8851485148514855,-39.17977820815886
3,150,-211,-1.0,0.13957,0.2271401865547804,1.1780781391933848,3,171,-88.21687509631252,7.07339722068522,94.4,88.5,3.0615819209039548,-39.17977820815886
3,150,-211,-1.0,0.13957,0.2271401865547804,1.1780781391933848,4,243,-122.00689352250794,-10.980343026855303,151.20000000000002,122.5,-3.051836734693878,-39.17977820815886
3,155,211,1.0,0.13957,0.713092022044716,-0.3868844249540524,1,36,13.570796900621819,30.354504961901014,-52.25,33.25,1.150375939849624,-39.17977820815886
3,155,211,1.0,0.13957,0.713092022044716,-0.3868844249540524,2,55,21.740573063277818,45.58067005738593,-59.2,50.49999999999999,1.1257425742574259,-39.17977820815886
3,155,211,1.0,0.13957,0.713092022044716,-0.3868844249540524,3,97,42.35496309098623,77.70654477945338,-74.4,88.5,1.0717514124293785,-39.17977820815886
3,155,211,1.0,0.13957,0.713092022044716,-0.3868844249540524,4,134,63.72844870335564,104.61804254460017,-88.0,122.5,1.0236734693877552,-39.17977820815886
3,155,211,1.0,0.13957,0.713092022044716,-0.3868844249540524,5,337,216.03995101193928,206.7068928864224,-161.55391813482188,299.0,0.7633245692670307,-39.17977820815886
3,155,211,1.0,0.13957,0.713092022044716,-0.3868844249540524,6,426,295.6316484614048,224.1493440275754,-193.9406356608531,371.0,0.6487315535185426,-39.17977820815886
3,155,211,1.0,0.13957,0.713092022044716,-0.3868844249540524,7,522,383.2386995739074,222.2095838367471,-228.78304538626645,443.0,0.5254493292053913,-39.17977820815886
3,155,211,1.0,0.13957,0.713092022044716,-0.3868844249540524,8,627,475.27853497688005,195.7199892454285,-266.8838912610771,514.0,0.3906377399135692,-39.17977820815886
3,156,211,1.0,0.13957,1.703630396785594,1.5547391835585207,1,82,10.211246943402148,-31.64321310898848,36.0,33.25,-1.2586466165413535,-39.17977820815886
3,156,211,1.0,0.13957,1.703630396785594,1.5547391835585207,2,124,14.995609016492352,-48.222211793161186,75.2,50.5,-1.2693069306930695,-39.17977820815886
3,156,211,1.0,0.13957,1.703630396785594,1.5547391835585207,3,219,24.39545622509199,-85.07121555243948,161.20000000000002,88.5,-1.2915254237288136,-39.17977820815886
3,156,211,1.0,0.13957,1.703630396785594,1.5547391835585207,4,303,31.41751444498223,-118.4026595398065,238.0,122.5,-1.3114285714285714,-39.17977820815886
3,156,211,1.0,0.13957,1.703630396785594,1.5547391835585207,5,743,46.13736392684538,-295.4189290649498,640.4750945062149,299.0,-1.4158717650634616,-39.17977820815886
3,156,211,1.0,0.13957,1.703630396785594,1.5547391835585207,6,925,41.386100198607394,-368.6844052985573,806.5500999455347,371.0,-1.4590108296084323,-39.17977820815886
3,156,211,1.0,0.13957,1.703630396785594,1.5547391835585207,7,1109,30.200926758228025,-441.96934737936766,974.2417077530624,443.0,-1.502569758639562,-39.17977820815886
3,156,211,1.0,0.13957,1.703630396785594,1.5547391835585207,8,1292,12.728378778391448,-513.8423769734001,1141.55477173757,514.0,-1.5460304123374515,-39.17977820815886
3,160,211,1.0,0.13957,0.2914316121377283,-0.8469003056172038,1,48,11.815047200086486,-31.080012221035698,-71.0,33.25,-1.2075187969924814,-39.17977820815886
3,160,211,1.0,0.13957,0.2914316121377283,-0.8469003056172038,2,74,15.138776947764747,-48.177457721696214,-87.60000000000001,50.49999999999999,-1.2663366336633666,-39.17977820815886
3,160,211,1.0,0.13957,0.2914316121377283,-0.8469003056172038,3,131,14.943537591979975,-87.22924213953186,-124.80000000000001,88.5,-1.4011299435028248,-39.17977820815886
3,160,211,1.0,0.13957,0.2914316121377283,-0.8469003056172038,4,184,5.420779333437758,-122.38000307002028,-159.60000000000002,122.5,-1.526530612244898,-39.17977820815886
3,161,-211,-1.0,0.13957,0.3135970157327092,-0.6046084439546197,1,42,33.203957998240874,-1.7491921709908984,-60.5,33.25,-0.05263157894736842,-39.17977820815886
3,161,-211,-1.0,0.13957,0.3135970157327092,-0.6046084439546197,2,64,50.49977722788656,0.1499997794334862,-71.60000000000001,50.5,0.0029702970297029708,-39.17977820815886
3,161,-211,-1.0,0.13957,0.3135970157327092,-0.6046084439546197,3,113,87.78591998168825,11.219726064776705,-96.80000000000001,88.50000000000001,0.12711864406779658,-39.17977820815886
3,161,-211,-1.0,0.13957,0.3135970157327092,-0.6046084439546197,4,159,118.91723438487331,29.409885519211144,-120.0,122.5,0.24244897959183676,-39.17977820815886
3,161,-211,-1.0,0.13957,0.3135970157327092,-0.6046084439546197,5,503,133.62626836391175,267.4790092757483,-294.07317229863975,299.0,1.1074874522568876,-39.17977820815886
3,166,-211,-1.0,0.13957,0.1344074890330732,0.2581430477114285,1,49,-5.791332992187176,-32.74176174511084,-30.5,33.24999999999999,-1.7458646616541358,-39.17977820815886
3,166,-211,-1.0,0.13957,0.1344074890330732,0.2581430477114285,2,75,-2.0242430363212462,-50.45941379098558,-25.6,50.50000000000001,-1.6108910891089108,-39.17977820815886
3,166,-211,-1.0,0.13957,0.1344074890330732,0.2581430477114285,3,141,25.64241304887935,-84.70369916969779,-14.0,88.5,-1.2768361581920904,-39.17977820815886
3,166,-211,-1.0,0.13957,0.1344074890330732,0.2581430477114285,4,226,81.05433358959125,-91.85012251677871,1.2000000000000002,122.5,-0.8477551020408164,-39.17977820815886
3,167,-321,-1.0,0.49368,0.896025031430474,0.2138267099233557,1,38,-18.626374158839205,-27.54306964909553,-32.0,33.25,-2.1654135338345863,-39.17977820815886
3,167,-321,-1.0,0.49368,0.896025031430474,0.2138267099233557,2,58,-27.45298614601944,-42.386124518130515,-28.400000000000002,50.5,-2.1455445544554457,-39.17977820815886
3,167,-321,-1.0,0.49368,0.896025031430474,0.2138267099233557,3,103,-44.937585869964224,-76.24213648750664,-20.0,88.5,-2.103389830508475,-39.17977820815886
3,167,-321,-1.0,0.49368,0.896025031430474,0.2138267099233557,4,142,-58.09451322661938,-107.84840069728502,-12.8,122.5,-2.0648979591836736,-39.17977820815886
3,167,-321,-1.0,0.49368,0.896025031430474,0.2138267099233557,5,354,-85.78958327791602,-286.4282587333197,26.50439222407929,299.00000000000006,-1.8618081826235928,-39.17977820815886
3,167,-321,-1.0,0.49368,0.896025031430474,0.2138267099233557,6,444,-75.25598478322644,-363.2871271519358,43.24018289553113,371.0,-1.7750601268592976,-39.17977820815886
3,167,-321,-1.0,0.49368,0.896025031430474,0.2138267099233557,7,538,-50.36353391666479,-440.1278387598596,60.66702158268078,443.0,-1.68473009622017,-39.17977820815886
3,167,-321,-1.0,0.49368,0.896025031430474,0.2138267099233557,8,636,-10.302596649128132,-513.8967371975477,78.78036400638445,514.0000000000001,-1.590841631535138,-39.17977820815886
3,176,-211,-1.0,0.13957,0.3735168859289073,-1.1282514966186057,1,58,-26.652979489583537,19.87916457821705,-85.25,33.25,2.5007518796992483,-39.17977820815886
3,176,-211,-1.0,0.13957,0.3735168859289073,-1.1282514966186057,2,88,-41.81985738739168,28.308117706732492,-109.2,50.5,2.5465346534653466,-39.17977820815886
3,176,-211,-1.0,0.13957,0.3735168859289073,-1.1282514966186057,3,156,-78.03182198567214,41.75266168277628,-162.8,88.5,2.650282485875706,-39.17977820815886
3,176,-211,-1.0,0.13957,0.3735168859289073,-1.1282514966186057,4,218,-113.02563013644813,47.23829942174918,-212.0,122.5,2.745714285714286,-39.17977820815886
3,176,-211,-1.0,0.13957,0.3735168859289073,-1.1282514966186057,5,606,-293.1206473504072,-59.00242450000023,-518.885171248179,299.0,-2.942956461996745,-39.17977820815886
3,176,-211,-1.0,0.13957,0.3735168859289073,-1.1282514966186057,6,953,-276.38108572580444,-247.49645543527592,-793.4125339353129,371.0,-2.4112749460330667,-39.17977820815886
3,177,321,1.0,0.49368,1.3498311631219722,-1.471879513120095,1,77,-28.335743045023783,-17.39678608497519,-107.75,33.25,-2.590977443609023,-39.17977820815886
3,177,321,1.0,0.49368,1.3498311631219722,-1.471879513120095,2,117,-43.37564268854061,-25.861237815620015,-143.6,50.50000000000001,-2.6039603960396036,-39.17977820815886
3,177,321,1.0,0.49368,1.3498311631219722,-1.471879513120095,3,205,-77.2642605771768,-43.15650631668558,-222.0,88.5,-2.632203389830509,-39.17977820815886
3,177,321,1.0,0.49368,1.3498311631219722,-1.471879513120095,4,284,-108.4273643202691,-57.006637039555606,-292.40000000000003,122.5,-2.6575510204081634,-39.17977820815886
3,177,321,1.0,0.49368,1.3498311631219722,-1.471879513120095,5,700,-280.7190354253363,-102.94572914826912,-661.4731435651629,299.0,-2.7900994520057965,-39.17977820815886
3,177,321,1.0,0.49368,1.3498311631219722,-1.471879513120095,6,873,-354.8242306080423,-108.35481241463542,-814.9080036128145,371.0,-2.8452110547084897,-39.17977820815886
3,177,321,1.0,0.49368,1.3498311631219722,-1.471879513120095,7,1048,-430.2620599847272,-105.46828782956068,-970.8042009888828,443.0,-2.9012068039162067,-39.17977820815886
3,177,321,1.0,0.49368,1.3498311631219722,-1.471879513120095,8,1225,-505.3161428445427,-94.08291970763716,-1127.5679941005465,514.0,-2.9575141332265136,-39.17977820815886
3,178,-211,-1.0,0.13957,0.7471319433629147,-0.5093962985944072,1,38,-13.151447184083242,-30.53853200408082,-56.75,33.24999999999999,-1.977443609022557,-39.17977820815886
3,178,-211,-1.0,0.13957,0.7471319433629147,-0.5093962985944072,2,58,-18.949317465487994,-46.80997081383572,-66.0,50.5,-1.9554455445544554,-39.17977820815886
3,178,-211,-1.0,0.13957,0.7471319433629147,-0.5093962985944072,3,101,-28.94210708943218,-83.63375178254198,-86.4,88.50000000000001,-1.9039548022598867,-39.17977820815886
3,178,-211,-1.0,0.13957,0.7471319433629147,-0.5093962985944072,4,141,-34.69596935079149,-117.48378488459136,-104.80000000000001,122.5,-1.8579591836734697,-39.17977820815886
3,178,-211,-1.0,0.13957,0.7471319433629147,-0.5093962985944072,5,353,-11.92570203564508,-298.76207528894463,-202.75149117872184,299.0,-1.6106922006241453,-39.17977820815886
3,178,-211,-1.0,0.13957,0.7471319433629147,-0.5093962985944072,6,445,25.246802610823988,-370.13997211586064,-245.62572438970412,371.0,-1.5026930135536394,-39.17977820815886
3,178,-211,-1.0,0.13957,0.7471319433629147,-0.5093962985944072,7,544,80.73812839175913,-435.5804800766396,-291.3481575907555,443.0,-1.3875188698098984,-39.17977820815886
3,178,-211,-1.0,0.13957,0.7471319433629147,-0.5093962985944072,8,651,155.52976871627484,-489.9045734049256,-340.62552116522807,514.0,-1.2633904956291633,-39.17977820815886
3,179,321,1.0,0.49368,1.2665247450058137,-1.242695255622846,1,63,-7.894891498586794,-32.299120548794235,-92.0,33.25,-1.8105263157894738,-39.17977820815886
3,179,321,1.0,0.49368,1.2665247450058137,-1.242695255622846,2,96,-12.68737631541659,-48.88026679787055,-119.60000000000001,50.49999999999999,-1.824752475247525,-39.17977820815886
3,179,321,1.0,0.49368,1.2665247450058137,-1.242695255622846,3,169,-24.797996001100135,-84.95474909814884,-180.0,88.5,-1.8548022598870058,-39.17977820815886
3,179,321,1.0,0.49368,1.2665247450058137,-1.242695255622846,4,235,-37.46723642739618,-116.6295682684867,-234.0,122.5,-1.8816326530612244,-39.17977820815886
3,179,321,1.0,0.49368,1.2665247450058137,-1.242695255622846,5,578,-130.73364650431452,-268.90465535517404,-518.5736107485443,299.0,-2.0233196610219943,-39.17977820815886
3,179,321,1.0,0.49368,1.2665247450058137,-1.242695255622846,6,721,-181.60749072780823,-323.5115443250041,-637.1718408429323,371.00000000000006,-2.08232183961463,-39.17977820815886
3,179,321,1.0,0.49368,1.2665247450058137,-1.242695255622846,7,867,-239.65965920481187,-372.5751571828608,-757.958736019795,443.0,-2.1424130440084865,-39.17977820815886
3,179,321,1.0,0.49368,1.2665247450058137,-1.242695255622846,8,1014,-303.7440885921511,-414.6510926614368,-879.7868029863231,514.0,-2.203022129125233,-39.17977820815886
3,180,-321,-1.0,0.49368,0.4577309116615047,-1.134745272922871,1,67,-17.15161574238681,-28.48481310146705,-85.5,33.25,-2.112781954887218,-39.17977820815886
3,180,-321,-1.0,0.49368,0.4577309116615047,-1.134745272922871,2,102,-24.364233083309415,-44.23385746531916,-109.60000000000001,50.50000000000001,-2.074257425742574,-39.17977820815886
3,180,-321,-1.0,0.49368,0.4577309116615047,-1.134745272922871,3,180,-36.0087370715754,-80.8431868156504,-163.20000000000002,88.5,-1.9898305084745764,-39.17977820815886
3,180,-321,-1.0,0.49368,0.4577309116615047,-1.134745272922871,4,251,-41.20781701825182,-115.36102381909704,-212.0,122.5,-1.9138775510204082,-39.17977820815886
3,180,-321,-1.0,0.49368,0.4577309116615047,-1.134745272922871,5,660,29.3802190446629,-297.5530250709739,-493.59326858691816,299.0,-1.47237590872338,-39.17977820815886
3,180,-321,-1.0,0.49368,0.4577309116615047,-1.134745272922871,6,877,120.9176743805294,-350.74195075925013,-642.5715200380113,371.0,-1.2388077644713509,-39.17977820815886
3,180,-321,-1.0,0.49368,0.4577309116615047,-1.134745272922871,7,1223,287.1046135260404,-337.37211042417687,-880.5401935784179,443.0,-0.8657203684902512,-39.17977820815886
3,181,-211,-1.0,0.13957,1.3637054334189085,-0.4107257347756571,1,36,-18.95636355207859,-27.317005342486326,-53.25,33.25,-2.1774436090225566,-39.17977820815886
3,181,-211,-1.0,0.13957,1.3637054334189085,-0.4107257347756571,2,55,-28.286878257837415,-41.83422663831956,-60.400000000000006,50.50000000000001,-2.165346534653465,-39.17977820815886
3,181,-211,-1.0,0.13957,1.3637054334189085,-0.4107257347756571,3,96,-47.453556801256354,-74.70214151488521,-76.4,88.5,-2.136723163841808,-39.17977820815886
3,181,-211,-1.0,0.13957,1.3637054334189085,-0.4107257347756571,4,133,-63.0909398142556,-105.00372999733857,-90.80000000000001,122.5,-2.1118367346938776,-39.17977820815886
3,181,-211,-1.0,0.13957,1.3637054334189085,-0.4107257347756571,5,328,-119.16225762301536,-274.22865706958146,-166.50470775646517,299.0,-1.9807163503778464,-39.17977820815886
3,181,-211,-1.0,0.13957,1.3637054334189085,-0.4107257347756571,6,409,-129.09711911946607,-347.81451067351173,-197.88280292649333,371.0,-1.9262019539212465,-39.17977820815886
3,181,-211,-1.0,0.13957,1.3637054334189085,-0.4107257347756571,7,492,-130.9306895845813,-423.209350705896,-229.7531340300941,443.00000000000006,-1.870832332494477,-39.17977820815886
3,181,-211,-1.0,0.13957,1.3637054334189085,-0.4107257347756571,8,574,-124.3662015627738,-498.72742847055,-261.78663361701365,514.0,-1.8151792099853865,-39.17977820815886
3,182,211,1.0,0.13957,0.3093680768278002,-0.5409732472889591,1,41,-10.82032319869405,-31.440151174506195,-58.0,33.25,-1.9022556390977443,-39.17977820815886
3,182,211,1.0,0.13957,0.3093680768278002,-0.5409732472889591,2,62,-19.134554396557473,-46.73455710761773,-68.0,50.5,-1.9594059405940594,-39.17977820815886
3,182,211,1.0,0.13957,0.3093680768278002,-0.5409732472889591,3,110,-43.551928240694195,-77.04206348818431,-90.0,88.5,-2.085310734463277,-39.17977820815886
3,182,211,1.0,0.13957,0.3093680768278002,-0.5409732472889591,4,155,-72.33371935850207,-98.86396231066941,-110.80000000000001,122.5,-2.202448979591837,-39.17977820815886
3,182,211,1.0,0.13957,0.3093680768278002,-0.5409732472889591,5,501,-298.84003528077375,-9.779228670293897,-269.7788599602834,299.0,-3.108880369298919,-39.17977820815886
3,183,2212,1.0,0.93827,1.4422596746994565,-0.4306402158272271,1,42,-3.1164410878619466,33.10362963401273,-54.0,33.25,1.6646616541353383,-39.17977820815886
3,183,2212,1.0,0.93827,1.4422596746994565,-0.4306402158272271,2,64,-4.070365327905381,50.33569435398092,-61.6,50.50000000000001,1.6514851485148514,-39.17977820815886
3,183,2212,1.0,0.93827,1.4422596746994565,-0.4306402158272271,3,112,-4.832120943600855,88.36798406202561,-78.4,88.5,1.6254237288135593,-39.17977820815886
3,183,2212,1.0,0.93827,1.4422596746994565,-0.4306402158272271,4,156,-3.8268272603483164,122.44021150389874,-93.60000000000001,122.5,1.6020408163265305,-39.17977820815886
3,183,2212,1.0,0.93827,1.4422596746994565,-0.4306402158272271,5,383,27.69748441523712,297.7143754625693,-172.92946309712383,299.0,1.4780296036699991,-39.17977820815886
3,183,2212,1.0,0.93827,1.4422596746994565,-0.4306402158272271,6,477,53.28953193863049,367.1528643300521,-205.8074175219816,371.0,1.4266602160338278,-39.17977820815886
3,183,2212,1.0,0.93827,1.4422596746994565,-0.4306402158272271,7,573,86.36844007215178,434.4991283759993,-239.1420976871105,443.0,1.374576989459324,-39.17977820815886
3,183,2212,1.0,0.93827,1.4422596746994565,-0.4306402158272271,8,669,126.3945585730954,498.2172373203403,-272.5725153889604,513.9999999999999,1.3223443025955977,-39.17977820815886
3,184,-211,-1.0,0.13957,1.0445969177172358,-0.4945826988470851,1,37,-27.881803222252582,18.115395360730748,-56.25,33.24999999999999,2.565413533834587,-39.17977820815886
3,184,-211,-1.0,0.13957,1.0445969177172358,-0.4945826988470851,2,57,-42.77552799933666,26.842209379594046,-65.2,50.50000000000001,2.581188118811881,-39.17977820815886
3,184,-211,-1.0,0.13957,1.0445969177172358,-0.4945826988470851,3,100,-76.64701885549853,44.24346845088948,-84.80000000000001,88.5,2.618079096045198,-39.17977820815886
3,184,-211,-1.0,0.13957,1.0445969177172358,-0.4945826988470851,4,139,-108.02920104306813,57.75761181001486,-102.4,122.5,2.6506122448979594,-39.17977820815886
3,184,-211,-1.0,0.13957,1.0445969177172358,-0.4945826988470851,5,343,-283.9933207710801,93.53498680929182,-195.3504028995925,299.0,2.8234256975716803,-39.17977820815886
3,184,-211,-1.0,0.13957,1.0445969177172358,-0.4945826988470851,6,429,-359.89215979002523,90.10345898838143,-234.51243575996853,371.0,2.8962729525738893,-39.17977820815886
3,184,-211,-1.0,0.13957,1.0445969177172358,-0.4945826988470851,7,518,-436.5847057951065,75.11853743118456,-274.79321071426784,443.0,2.971201547233182,-39.17977820815886
3,184,-211,-1.0,0.13957,1.0445969177172358,-0.4945826988470851,8,608,-511.739097707157,48.156991993529054,-315.9527578902171,514.0,3.047764394978659,-39.17977820815886
3,185,-211,-1.0,0.13957,0.2430734170458147,0.2198060666342909,1,39,3.9694878039673687,33.01220481237438,-31.75,33.25,1.4511278195488722,-39.17977820815886
3,185,-211,-1.0,0.13957,0.2430734170458147,0.2198060666342909,2,59,2.424282394826541,50.4417768805792,-28.0,50.5,1.5227722772277228,-39.17977820815886
3,185,-211,-1.0,0.13957,0.2430734170458147,0.2198060666342909,3,106,-10.162060567329823,87.91463203031633,-19.200000000000003,88.5,1.6858757062146894,-39.17977820815886
3,185,-211,-1.0,0.13957,0.2430734170458147,0.2198060666342909,4,150,-32.77332785301499,118.03456689224048,-10.8,122.5,1.8416326530612246,-39.17977820815886
3,188,-211,-1.0,0.13957,0.2432752411846628,-1.6250705673429948,1,90,-14.470277265003581,29.936158335262736,-120.5,33.25,2.0210526315789474,-39.17977820815886
3,188,-211,-1.0,0.13957,0.2432752411846628,-1.6250705673429948,2,137,-25.19199511178997,43.76772078013145,-163.20000000000002,50.5,2.093069306930693,-39.17977820815886
3,188,-211,-1.0,0.13957,0.2432752411846628,-1.6250705673429948,3,244,-56.078270993044164,68.46515553499242,-260.40000000000003,88.5,2.2570621468926553,-39.17977820815886
3,188,-211,-1.0,0.13957,0.2432752411846628,-1.6250705673429948,4,346,-91.33712770701177,81.63197352896121,-352.40000000000003,122.5,2.4122448979591837,-39.17977820815886
3,189,211,1.0,0.13957,0.5599927737369933,-1.1881549819982713,1,60,20.883236987235396,25.87378814427766,-88.75,33.25,0.8917293233082707,-39.17977820815886
3,189,211,1.0,0.13957,0.5599927737369933,-1.1881549819982713,2,91,32.9329327075122,38.28409517387702,-114.4,50.5,0.8603960396039605,-39.17977820815886
3,189,211,1.0,0.13957,0.5599927737369933,-1.1881549819982713,3,160,62.158759078940285,62.99633854253958,-171.60000000000002,88.5,0.7920903954802261,-39.17977820815886
3,189,211,1.0,0.13957,0.5599927737369933,-1.1881549819982713,4,223,91.26719064553217,81.71015794668425,-222.8,122.5,0.730204081632653,-39.17977820815886
3,189,211,1.0,0.13957,0.5599927737369933,-1.1881549819982713,5,571,276.84165572085857,112.95883169426644,-508.5943603187595,299.0,0.387406875008022,-39.17977820815886
3,189,211,1.0,0.13957,0.5599927737369933,-1.1881549819982713,6,734,361.5392936302685,83.24865861577922,-642.7435373546701,371.0,0.2263169418106581,-39.17977820815886
3,189,211,1.0,0.13957,0.5599927737369933,-1.1881549819982713,7,925,442.6865358172955,16.662262934016965,-799.8818164247058,443.0,0.0376212056124304,-39.17977820815886
3,189,211,1.0,0.13957,0.5599927737369933,-1.1881549819982713,8,1179,502.3636257870172,-108.75103441403104,-1008.7466209384756,514.0,-0.2131891154199291,-39.17977820815886
3,190,-211,-1.0,0.13957,0.8827174915078789,-1.2671589354333026,1,63,13.020866718786936,30.59443625712993,-93.5,33.25,1.168421052631579,-39.17977820815886
3,190,-211,-1.0,0.13957,0.8827174915078789,-1.2671589354333026,2,97,18.903359496685773,46.828548981780976,-121.60000000000001,50.5,1.1871287128712873,-39.17977820815886
3,190,-211,-1.0,0.13957,0.8827174915078789,-1.2671589354333026,3,170,29.537623032353004,83.42528888531709,-184.0,88.5,1.2305084745762713,-39.17977820815886
3,190,-211,-1.0,0.13957,0.8827174915078789,-1.2671589354333026,4,236,36.36603269067847,116.97761181670835,-240.0,122.5,1.2693877551020407,-39.17977820815886
3,190,-211,-1.0,0.13957,0.8827174915078789,-1.2671589354333026,5,586,28.34035158382345,297.65386688586,-537.7918168244198,299.0,1.4758700430048033,-39.17977820815886
3,190,-211,-1.0,0.13957,0.8827174915078789,-1.2671589354333026,6,736,2.4670940052343293,370.9917970079248,-665.0736987488915,371.0,1.5641464287132751,-39.17977820815886
3,190,-211,-1.0,0.13957,0.8827174915078789,-1.2671589354333026,7,892,-37.7906147485412,441.3851712925201,-797.8108372178033,443.0,1.6562062592272762,-39.17977820815886
3,190,-211,-1.0,0.13957,0.8827174915078789,-1.2671589354333026,8,1055,-92.68010301702556,505.5753143743804,-936.075059999603,514.0,1.7520994437652242,-39.17977820815886
3,191,2212,1.0,0.93827,1.861669559258996,-0.9784892698727664,1,53,-16.200047839898218,29.03654507659286,-77.25,33.25,2.079699248120301,-39.17977820815886
3,191,2212,1.0,0.93827,1.861669559258996,-0.9784892698727664,2,80,-24.23273810241863,44.30603123796565,-96.80000000000001,50.49999999999999,2.071287128712872,-39.17977820815886
3,191,2212,1.0,0.93827,1.861669559258996,-0.9784892698727664,3,141,-40.8714707037875,78.49696097626608,-140.4,88.5,2.0508474576271185,-39.17977820815886
3,191,2212,1.0,0.93827,1.861669559258996,-0.9784892698727664,4,196,-54.5425904761668,109.68753723258243,-179.20000000000002,122.5,2.032244897959184,-39.17977820815886
3,191,2212,1.0,0.93827,1.861669559258996,-0.9784892698727664,5,480,-107.021127186761,279.1907561787731,-382.2085731829462,299.0,1.936846609293313,-39.17977820815886
3,191,2212,1.0,0.93827,1.861669559258996,-0.9784892698727664,6,597,-119.0620061402704,351.37620678391727,-465.8252345899832,371.0,1.8974989870246457,-39.17977820815886
3,191,2212,1.0,0.93827,1.861669559258996,-0.9784892698727664,7,715,-125.41855903770812,424.8754935847736,-550.1173346139966,443.0000000000001,1.8578335082173285,-39.17977820815886
3,191,2212,1.0,0.93827,1.861669559258996,-0.9784892698727664,8,833,-125.9407082317578,498.3321563075006,-634.0491887935996,514.0,1.8183375074116053,-39.17977820815886
3,202,-321,-1.0,0.49368,0.3928938214163348,0.3119226111343411,1,54,-5.594286485123912,-32.7760043129476,-28.75,33.24999999999999,-1.7398496240601509,-39.17977820815886
3,202,-321,-1.0,0.49368,0.3928938214163348,0.3119226111343411,2,82,-6.308263490844026,-50.1044490213203,-23.200000000000003,50.5,-1.6960396039603962,-39.17977820815886
3,202,-321,-1.0,0.49368,0.3928938214163348,0.3119226111343411,3,146,-2.3842365744601333,-88.46787787641911,-10.8,88.5,-1.5977401129943503,-39.17977820815886
3,202,-321,-1.0,0.49368,0.3928938214163348,0.3119226111343411,4,203,7.717435894111454,-122.25666109959113,0.4,122.5,-1.5077551020408164,-39.17977820815886
3,202,-321,-1.0,0.49368,0.3928938214163348,0.3119226111343411,5,556,171.61006973541882,-244.8489002740357,68.56772029868571,299.0,-0.959478982291544,-39.17977820815886
3,202,-321,-1.0,0.49368,0.3928938214163348,0.3119226111343411,6,795,308.7330998899759,-205.73009753637456,114.82860453623304,371.00000000000006,-0.5877963424116059,-39.17977820815886
3,203,211,1.0,0.13957,0.4221819586537487,1.116419561221679,1,57,-33.09051449402915,-3.2527450746172404,6.25,33.25,-3.043609022556391,-39.17977820815886
3,203,211,1.0,0.13957,0.4221819586537487,1.116419561221679,2,87,-50.419576350336754,-2.8489156976931387,30.0,50.5,-3.0851485148514852,-39.17977820815886
3,203,211,1.0,0.13957,0.4221819586537487,1.116419561221679,3,153,-88.44637687402015,3.080327557061953,82.4,88.5,3.106779661016949,-39.17977820815886
3,203,211,1.0,0.13957,0.4221819586537487,1.116419561221679,4,214,-121.6493092113029,14.411646970863998,130.4,122.5,3.0236734693877554,-39.17977820815886
3,203,211,1.0,0.13957,0.4221819586537487,1.116419561221679,5,572,-244.88351557347065,171.56067090209743,413.8373428606732,299.0,2.5304770471440223,-39.17977820815886
3,203,211,1.0,0.13957,0.4221819586537487,1.116419561221679,6,781,-231.2008823398673,290.1502231694245,578.827959963205,371.0,2.243602362889711,-39.17977820815886
3,205,211,1.0,0.13957,0.3344857108255327,1.641806573102192,1,90,-25.918335764039572,-20.827922873453016,43.5,33.25,-2.4646616541353383,-39.17977820815886
3,205,211,1.0,0.13957,0.3344857108255327,1.641806573102192,2,137,-40.96069907050495,-29.537622308769794,86.80000000000001,50.5,-2.516831683168317,-39.17977820815886
3,205,211,1.0,0.13957,0.3344857108255327,1.641806573102192,3,242,-77.31297565628775,-43.06917453551044,183.60000000000002,88.50000000000001,-2.633333333333333,-39.17977820815886
3,205,211,1.0,0.13957,0.3344857108255327,1.641806573102192,4,340,-112.77338800068902,-47.83735944683869,272.40000000000003,122.5,-2.7404081632653066,-39.17977820815886
3,205,211,1.0,0.13957,0.3344857108255327,1.641806573102192,5,1003,-282.7631401906633,97.19056821274008,880.7898958149498,299.0,2.8105258685880865,-39.17977820815886
3,206,-211,-1.0,0.13957,1.2235516173712124,1.7808479762598748,1,101,18.798271572233528,-27.42603664215004,56.75,33.25,-0.9699248120300752,-39.17977820815886
3,206,-211,-1.0,0.13957,1.2235516173712124,1.7808479762598748,2,154,29.150872318316658,-41.23683599745742,106.4,50.5,-0.9554455445544554,-39.17977820815886
3,206,-211,-1.0,0.13957,1.2235516173712124,1.7808479762598748,3,270,53.312261937355025,-70.64030525927,216.4,88.50000000000001,-0.9242937853107345,-39.17977820815886
3,206,-211,-1.0,0.13957,1.2235516173712124,1.7808479762598748,4,374,76.49920365061124,-95.67717512982033,314.8,122.5,-0.896326530612245,-39.17977820815886
3,206,-211,-1.0,0.13957,1.2235516173712124,1.7808479762598748,5,922,218.83255264904625,-203.7481629392089,831.7275586828712,299.0,-0.7497174348981523,-39.17977820815886
3,206,-211,-1.0,0.13957,1.2235516173712124,1.7808479762598748,6,1151,286.49166064393654,-235.71917270659063,1047.6191895931124,371.0,-0.688476760090164,-39.17977820815886
3,206,-211,-1.0,0.13957,1.2235516173712124,1.7808479762598748,7,1384,358.9931645371687,-259.56291687294106,1267.8125701408774,443.0,-0.6260158719584534,-39.17977820815886
3,206,-211,-1.0,0.13957,1.2235516173712124,1.7808479762598748,8,1620,434.69576680867584,-274.29106860890914,1490.3181033590834,514.0,-0.5628990666306092,-39.17977820815886
3,207,211,1.0,0.13957,0.9320976173280336,0.8408432486522158,1,46,11.721520185524268,-31.1154055821284,-7.75,33.25,-1.2105263157894737,-39.17977820815886
3,207,211,1.0,0.13957,0.9320976173280336,0.8408432486522158,2,69,16.94025299327277,-47.57391962539889,8.4,50.5,-1.2287128712871287,-39.17977820815886
3,207,211,1.0,0.13957,0.9320976173280336,0.8408432486522158,3,122,26.21608170776774,-84.52790698870785,44.400000000000006,88.5,-1.2700564971751414,-39.17977820815886
3,207,211,1.0,0.13957,0.9320976173280336,0.8408432486522158,4,169,31.948799775677998,-118.26040839137009,76.80000000000001,122.5,-1.3069387755102042,-39.17977820815886
3,207,211,1.0,0.13957,0.9320976173280336,0.8408432486522158,5,421,20.65394790800686,-298.2857932182043,248.00720327125435,298.99999999999994,-1.5016645252424428,-39.17977820815886
3,207,211,1.0,0.13957,0.9320976173280336,0.8408432486522158,6,527,-5.098983664509051,-370.9649584065712,320.83993510552256,371.0,-1.5845406508017017,-39.17977820815886
3,207,211,1.0,0.13957,0.9320976173280336,0.8408432486522158,7,638,-44.10553990431707,-440.7989352865416,396.40194460601634,443.0,-1.6705225844724985,-39.17977820815886
3,207,211,1.0,0.13957,0.9320976173280336,0.8408432486522158,8,753,-96.38254353030004,-504.8825658533178,474.53299231522135,514.0,-1.7594276541072154,-39.17977820815886
3,208,-211,-1.0,0.13957,1.4833348013595782,1.3300478607195148,1,67,33.195729055729515,-1.8989661551999817,19.25,33.25,-0.05714285714285715,-39.17977820815886
3,208,-211,-1.0,0.13957,1.4833348013595782,1.3300478607195148,2,102,50.44763281544751,-2.29920493166304,49.6,50.5,-0.04554455445544555,-39.17977820815886
3,208,-211,-1.0,0.13957,1.4833348013595782,1.3300478607195148,3,179,88.48269830388756,-1.7498859572021215,116.4,88.5,-0.01977401129943503,-39.17977820815886
3,208,-211,-1.0,0.13957,1.4833348013595782,1.3300478607195148,4,248,122.49934693935577,0.39999928918544075,176.4,122.5,0.0032653061224489797,-39.17977820815886
3,208,-211,-1.0,0.13957,1.4833348013595782,1.3300478607195148,5,609,296.71313281577653,36.90957619165238,490.20802982458304,299.00000000000006,0.1237590788456613,-39.17977820815886
3,208,-211,-1.0,0.13957,1.4833348013595782,1.3300478607195148,6,759,365.4218196098123,64.0928525894561,620.1895687916162,371.0,0.1736280870376537,-39.17977820815886
3,208,-211,-1.0,0.13957,1.4833348013595782,1.3300478607195148,7,911,431.9177355730914,98.468622908077,751.8706302480808,443.0,0.2241490712699822,-39.17977820815886
3,208,-211,-1.0,0.13957,1.4833348013595782,1.3300478607195148,8,1063,494.7194922550214,139.4583234623657,883.7962608841758,514.0,0.2747638944430118,-39.17977820815886
3,209,211,1.0,0.13957,0.591930356028769,0.6369297440440764,1,41,-0.6209860280916906,-33.24420064241153,-16.5,33.25,-1.5894736842105264,-39.17977820815886
3,209,211,1.0,0.13957,0.591930356028769,0.6369297440440764,2,62,-2.4737950605993397,-50.43937289457666,-4.800000000000001,50.5,-1.6198019801980201,-39.17977820815886
3,209,211,1.0,0.13957,0.591930356028769,0.6369297440440764,3,109,-10.013038191310523,-87.93172957573026,21.200000000000003,88.5,-1.684180790960452,-39.17977820815886
3,209,211,1.0,0.13957,0.591930356028769,0.6369297440440764,4,152,-20.924340971564046,-120.69971812272689,44.800000000000004,122.5,-1.742448979591837,-39.17977820815886
3,209,211,1.0,0.13957,0.591930356028769,0.6369297440440764,5,386,-141.5090304481148,-263.39361097345267,174.25283578170513,299.0,-2.063800395699324,-39.17977820815886
3,209,211,1.0,0.13957,0.591930356028769,0.6369297440440764,6,494,-221.8624794207223,-297.3517113206002,233.86614654992923,371.0,-2.211814836661244,-39.17977820815886
3,209,211,1.0,0.13957,0.591930356028769,0.6369297440440764,7,617,-320.7051379658014,-305.60957851863265,301.72087703042376,443.0,-2.380292019733528,-39.17977820815886
3,209,211,1.0,0.13957,0.591930356028769,0.6369297440440764,8,768,-436.9414995964115,-270.69932753968766,384.9469942937878,514.0,-2.586934906780103,-39.17977820815886
3,210,-211,-1.0,0.13957,0.316972043722781,0.6715548987087269,1,43,18.34205679745812,-27.733219294535935,-15.0,33.25,-0.9864661654135339,-39.17977820815886
3,210,-211,-1.0,0.13957,0.316972043722781,0.6715548987087269,2,66,30.12243567686976,-40.53256553553999,-2.4000000000000004,50.5,-0.9316831683168317,-39.17977820815886
3,210,-211,-1.0,0.13957,0.316972043722781,0.6715548987087269,3,117,61.118319051897046,-64.00625810239588,25.6,88.49999999999999,-0.8084745762711866,-39.17977820815886
3,210,-211,-1.0,0.13957,0.316972043722781,0.6715548987087269,4,164,94.14258818904543,-78.37999163732925,51.6,122.5,-0.6942857142857144,-39.17977820815886
3,210,-211,-1.0,0.13957,0.316972043722781,0.6715548987087269,5,512,295.95091021657106,42.59176847682066,243.58767924116003,299.0,0.1429335783190938,-39.17977820815886
3,211,211,1.0,0.13957,0.7491529392105829,1.4703091712155971,1,76,27.214571908170107,19.103130001521695,29.25,33.25,0.6120300751879699,-39.17977820815886
3,211,211,1.0,0.13957,0.7491529392105829,1.4703091712155971,2,116,41.98752387732788,28.058828176722226,64.8,50.5,0.5891089108910891,-39.17977820815886
3,211,211,1.0,0.13957,0.7491529392105829,1.4703091712155971,3,203,76.00472913033383,45.33796587656515,143.6,88.50000000000001,0.5378531073446327,-39.17977820815886
3,211,211,1.0,0.13957,0.7491529392105829,1.4703091712155971,4,282,107.97970209571194,57.85009883588188,214.4,122.5,0.49183673469387756,-39.17977820815886
3,211,211,1.0,0.13957,0.7491529392105829,1.4703091712155971,5,707,290.03704636284266,72.66024867228472,594.5479297336276,299.0,0.2454685594167204,-39.17977820815886
3,211,211,1.0,0.13957,0.7491529392105829,1.4703091712155971,6,892,367.4813932389571,50.97475476306874,760.5692404377719,371.0,0.1378342823583302,-39.17977820815886
3,211,211,1.0,0.13957,0.7491529392105829,1.4703091712155971,7,1089,442.8817755966288,10.233906603900143,937.536886816962,443.00000000000006,0.0231034245665042,-39.17977820815886
3,211,211,1.0,0.13957,0.7491529392105829,1.4703091712155971,8,1302,511.4087314142224,-51.547157373571785,1128.120999273667,514.0,-0.1004551660368137,-39.17977820815886
3,212,211,1.0,0.13957,1.1045874407019824,0.2365524768786722,1,34,31.212656422527754,-11.460042715855685,-31.25,33.25,-0.35187969924812035,-39.17977820815886
3,212,211,1.0,0.13957,1.1045874407019824,0.2365524768786722,2,52,47.13118074405939,-18.1356500206308,-27.200000000000003,50.50000000000001,-0.36732673267326726,-39.17977820815886
3,212,211,1.0,0.13957,1.1045874407019824,0.2365524768786722,3,91,81.4553681618798,-34.60163287494705,-18.0,88.49999999999999,-0.4016949152542374,-39.17977820815886
3,212,211,1.0,0.13957,1.1045874407019824,0.2365524768786722,4,127,111.23338438730057,-51.316509991883095,-10.0,122.5,-0.4322448979591837,-39.17977820815886
3,212,211,1.0,0.13957,1.1045874407019824,0.2365524768786722,5,313,247.53079529194457,-167.7185302288851,33.114094643420096,299.0,-0.5955106062678802,-39.17977820815886
3,212,211,1.0,0.13957,1.1045874407019824,0.2365524768786722,6,392,292.1785024097629,-228.63228715469768,51.16071500183552,371.0,-0.6639842884657173,-39.17977820815886
3,212,211,1.0,0.13957,1.1045874407019824,0.2365524768786722,7,472,328.87513277885614,-296.79984339566244,69.66046330183545,443.0,-0.734177904164027,-39.17977820815886
3,212,211,1.0,0.13957,1.1045874407019824,0.2365524768786722,8,554,356.0441450509063,-370.7135913005743,88.47893010480311,514.0,-0.8055802044928938,-39.17977820815886
3,215,-211,-1.0,0.13957,0.2480483650553704,1.541690512247606,1,83,13.112821034273338,30.55513744893187,35.25,33.25,1.1654135338345866,-39.17977820815886
3,215,-211,-1.0,0.13957,0.2480483650553704,1.541690512247606,2,127,16.61012854118004,47.69018378917695,74.0,50.5,1.2356435643564359,-39.17977820815886
3,215,-211,-1.0,0.13957,0.2480483650553704,1.541690512247606,3,226,15.43611705423999,87.14342367779568,162.4,88.5,1.3954802259887005,-39.17977820815886
3,215,-211,-1.0,0.13957,0.2480483650553704,1.541690512247606,4,321,2.8722867829463503,122.46632177311652,246.4,122.5,1.5473469387755103,-39.17977820815886
3,217,321,1.0,0.49368,0.4731705533577734,0.3175611475775365,1,49,19.167718121046146,-27.169120008423523,-28.5,33.25,-0.956390977443609,-39.17977820815886
3,217,321,1.0,0.49368,0.4731705533577734,0.3175611475775365,2,74,27.579123618686925,-42.3041598477642,-22.8,50.49999999999999,-0.9930693069306933,-39.17977820815886
3,217,321,1.0,0.49368,0.4731705533577734,0.3175611475775365,3,131,42.135284376900216,-77.82588136653352,-10.4,88.5,-1.0745762711864408,-39.17977820815886
3,217,321,1.0,0.49368,0.4731705533577734,0.3175611475775365,4,183,50.199394082602225,-111.74198330860072,0.8,122.5,-1.1485714285714288,-39.17977820815886
3,217,321,1.0,0.49368,0.4731705533577734,0.3175611475775365,5,479,-0.0602700249432409,-298.9999939256255,65.3504119032535,299.0,-1.5709978987860385,-39.17977820815886
3,217,321,1.0,0.49368,0.4731705533577734,0.3175611475775365,6,631,-80.1302274896525,-362.2432147638608,98.56099038021928,371.0,-1.788496282718196,-39.17977820815886
3,217,321,1.0,0.49368,0.4731705533577734,0.3175611475775365,7,850,-223.66006773143425,-382.3940037479278,146.13078346330724,443.0,-2.100034632498,-39.17977820815886
3,218,-211,-1.0,0.13957,0.9729214972254688,0.5388730214424933,1,38,29.47408867861622,-15.389626264632525,-20.5,33.25,-0.48120300751879697,-39.17977820815886
3,218,-211,-1.0,0.13957,0.9729214972254688,0.5388730214424933,2,58,45.15255345566555,-22.61629758455759,-10.8,50.5,-0.46435643564356444,-39.17977820815886
3,218,-211,-1.0,0.13957,0.9729214972254688,0.5388730214424933,3,102,80.63208107195045,-36.47900083618529,10.8,88.49999999999999,-0.424858757062147,-39.17977820815886
3,218,-211,-1.0,0.13957,0.9729214972254688,0.5388730214424933,4,142,113.31086218337107,-46.549957156382945,30.400000000000002,122.5,-0.38979591836734695,-39.17977820815886
3,218,-211,-1.0,0.13957,0.9729214972254688,0.5388730214424933,5,351,292.8281614001238,-60.43730545799541,132.63990409918662,299.0,-0.203533814280877,-39.17977820815886
3,218,-211,-1.0,0.13957,0.9729214972254688,0.5388730214424933,6,440,368.1229320666684,-46.11406387035332,176.01497276489224,371.0,-0.1246189708539302,-39.17977820815886
3,218,-211,-1.0,0.13957,0.9729214972254688,0.5388730214424933,7,532,442.5897875433327,-19.05990457341465,220.8556029295046,443.0,-0.043037900295833,-39.17977820815886
3,218,-211,-1.0,0.13957,0.9729214972254688,0.5388730214424933,8,627,513.5701458932647,21.016784891386905,266.9918132930559,514.0,0.0409000886677234,-39.17977820815886
3,221,211,1.0,0.13957,0.1795426750107528,-0.7780551796383034,1,51,-33.13978989612665,-2.7049631495792448,-68.0,33.25,-3.0601503759398496,-39.17977820815886
3,221,211,1.0,0.13957,0.1795426750107528,-0.7780551796383034,2,78,-50.491972763211834,0.9003812964928565,-83.2,50.5,3.123762376237624,-39.17977820815886
3,221,211,1.0,0.13957,0.1795426750107528,-0.7780551796383034,3,141,-85.77196927768627,21.804111681690745,-118.80000000000001,88.5,2.8926553672316384,-39.17977820815886
3,221,211,1.0,0.13957,0.1795426750107528,-0.7780551796383034,4,206,-108.40408727394669,57.05088835682186,-155.20000000000002,122.5,2.657142857142857,-39.17977820815886
3,226,211,1.0,0.13957,0.9939253575208294,-0.9941477536545325,1,51,20.13556328130698,26.459810871290873,-78.0,33.25000000000001,0.9203007518796991,-39.17977820815886
3,226,211,1.0,0.13957,0.9939253575208294,-0.9941477536545325,2,77,31.27366605663374,39.65107579093099,-98.0,50.49999999999999,0.9029702970297031,-39.17977820815886
3,226,211,1.0,0.13957,0.9939253575208294,-0.9941477536545325,3,136,57.444597636613906,67.32286537549878,-142.4,88.5,0.864406779661017,-39.17977820815886
3,226,211,1.0,0.13957,0.9939253575208294,-0.9941477536545325,4,189,82.65383060295869,90.41346297237712,-182.4,122.5,0.8302040816326531,-39.17977820815886
3,226,211,1.0,0.13957,0.9939253575208294,-0.9941477536545325,5,468,238.4035229161133,180.45708703507947,-393.3645169504941,299.0,0.6479277315388227,-39.17977820815886
3,226,211,1.0,0.13957,0.9939253575208294,-0.9941477536545325,6,586,312.16510655766336,200.48427930349723,-482.5871008889964,371.0,0.5708992299199734,-39.17977820815886
3,226,211,1.0,0.13957,0.9939253575208294,-0.9941477536545325,7,708,390.58178913208354,209.0331696128168,-574.6747406036524,443.0,0.4913971396758547,-39.17977820815886
3,226,211,1.0,0.13957,0.9939253575208294,-0.9941477536545325,8,833,471.4451067638296,204.78161858048028,-669.2119877067358,514.0,0.4097802905460371,-39.17977820815886
3,230,-211,-1.0,0.13957,0.2676171759629236,-0.7504192761056515,1,46,-30.176898727926748,13.961277991804792,-66.5,33.25,2.7082706766917295,-39.17977820815886
3,230,-211,-1.0,0.13957,0.2676171759629236,-0.7504192761056515,2,70,-47.11304709306106,18.182705893430985,-80.80000000000001,50.49999999999999,2.773267326732674,-39.17977820815886
3,230,-211,-1.0,0.13957,0.2676171759629236,-0.7504192761056515,3,125,-86.34264385874948,19.421582105512087,-113.60000000000001,88.49999999999999,2.920338983050848,-39.17977820815886
3,230,-211,-1.0,0.13957,0.2676171759629236,-0.7504192761056515,4,177,-122.08014594930907,10.133507043240122,-144.0,122.5,3.058775510204082,-39.17977820815886
3,231,211,1.0,0.13957,0.0924979054848468,-0.5552675901264226,1,64,0.6789306788347871,-33.24306774552157,-59.0,33.24999999999999,-1.5503759398496246,-39.17977820815886
3,231,211,1.0,0.13957,0.0924979054848468,-0.5552675901264226,2,101,-9.517522705060935,-49.5950275890502,-70.4,50.50000000000001,-1.7603960396039602,-39.17977820815886
3,231,211,1.0,0.13957,0.0924979054848468,-0.5552675901264226,3,224,-68.75166429719398,-55.726642249160705,-108.0,88.5,-2.4604519774011298,-39.17977820815886
3,243,-211,-1.0,0.13957,1.129777670791228,1.2409884350721532,1,62,-22.79842396174428,24.20318914648572,13.5,33.25,2.3263157894736843,-39.17977820815886
3,243,-211,-1.0,0.13957,1.129777670791228,1.2409884350721532,2,94,-35.18338107049102,36.22678148067552,40.800000000000004,50.50000000000001,2.3415841584158414,-39.17977820815886
3,243,-211,-1.0,0.13957,1.129777670791228,1.2409884350721532,3,166,-63.78798413883497,61.34609261806116,101.2,88.5,2.3757062146892656,-39.17977820815886
3,243,-211,-1.0,0.13957,1.129777670791228,1.2409884350721532,4,230,-90.80207702358146,82.22671590306634,155.20000000000002,122.5,2.4057142857142857,-39.17977820815886
3,243,-211,-1.0,0.13957,1.129777670791228,1.2409884350721532,5,568,-250.6656304368941,162.99614019256535,440.4475159499658,299.0,2.565039423822628,-39.17977820815886
3,243,-211,-1.0,0.13957,1.129777670791228,1.2409884350721532,6,710,-323.832352284394,181.0348243127717,559.9755974828824,371.0,2.631836420649421,-39.17977820815886
3,243,-211,-1.0,0.13957,1.129777670791228,1.2409884350721532,7,855,-400.5468174297233,189.238598195294,682.3540933263163,443.00000000000006,2.70022642446792,-39.17977820815886
3,243,-211,-1.0,0.13957,1.129777670791228,1.2409884350721532,8,1002,-478.86020600695423,186.78571439748103,806.6389543004881,514.0,2.769681778778452,-39.17977820815886
3,248,-211,-1.0,0.13957,0.1685271758513678,1.596770671488787,1,90,33.24939849805417,-0.1999987939796065,40.0,33.25,-0.006015037593984963,-39.17977820815886
3,248,-211,-1.0,0.13957,0.1685271758513678,1.596770671488787,2,138,50.25267738774313,4.991834869405269,82.4,50.5,0.09900990099009901,-39.17977820815886
3,248,-211,-1.0,0.13957,0.1685271758513678,1.596770671488787,3,251,83.19432963153683,30.182006513139456,181.60000000000002,88.5,0.3480225988700565,-39.17977820815886
3,248,-211,-1.0,0.13957,0.1685271758513678,1.596770671488787,4,370,100.47843833269096,70.07377134294698,285.6,122.5,0.6089795918367348,-39.17977820815886
3,252,-2212,-1.0,0.93827,0.2909232707782976,-0.2878323084690436,1,112,-22.43190230049043,-24.543273196158097,-49.0,33.25000000000001,-2.3112781954887214,-39.17977820815886
3,252,-2212,-1.0,0.93827,0.2909232707782976,-0.2878323084690436,2,172,-31.78108843090213,-39.24554010517856,-54.0,50.5,-2.2514851485148517,-39.17977820815886
3,252,-2212,-1.0,0.93827,0.2909232707782976,-0.2878323084690436,3,304,-45.96721493200151,-75.62582331052785,-65.60000000000001,88.5,-2.116949152542373,-39.17977820815886
3,252,-2212,-1.0,0.93827,0.2909232707782976,-0.2878323084690436,4,428,-50.021364220482745,-111.82179180071213,-76.0,122.5,-1.9914285714285715,-39.17977820815886
3,253,211,1.0,0.13957,0.4329219196390017,0.7750896597162339,1,45,18.300331985638675,-27.76076996798558,-10.75,33.25,-0.9879699248120302,-39.17977820815886
3,253,211,1.0,0.13957,0.4329219196390017,0.7750896597162339,2,68,26.05405455415772,-43.26009987608643,4.0,50.5,-1.0287128712871287,-39.17977820815886
3,253,211,1.0,0.13957,0.4329219196390017,0.7750896597162339,3,120,38.75579925311546,-79.56279296412498,37.2,88.5,-1.1175141242937854,-39.17977820815886
3,253,211,1.0,0.13957,0.4329219196390017,0.7750896597162339,4,168,44.5285974736019,-114.12034878598091,67.2,122.5,-1.1987755102040816,-39.17977820815886
3,253,211,1.0,0.13957,0.4329219196390017,0.7750896597162339,5,447,-31.017091925448643,-297.3868524472598,243.0896783154699,299.0,-1.674719380720551,-39.17977820815886
3,253,211,1.0,0.13957,0.4329219196390017,0.7750896597162339,6,604,-134.63461397517895,-345.70872236574326,342.02522304767376,371.0,-1.942170783566812,-39.17977820815886
3,255,-211,-1.0,0.13957,0.3070492480741943,-0.0160724935709131,1,36,-26.623055885197758,19.919221755220182,-39.75,33.25,2.499248120300752,-39.17977820815886
3,255,-211,-1.0,0.13957,0.3070492480741943,-0.0160724935709131,2,55,-42.098081425982514,27.892678972292117,-40.0,50.50000000000001,2.556435643564356,-39.17977820815886
3,255,-211,-1.0,0.13957,0.3070492480741943,-0.0160724935709131,3,98,-79.35785327411307,39.17373002056789,-40.800000000000004,88.5,2.6830508474576273,-39.17977820815886
3,255,-211,-1.0,0.13957,0.3070492480741943,-0.0160724935709131,4,138,-115.4890804999928,40.847549317752055,-41.2,122.5,2.8016326530612248,-39.17977820815886
3,255,-211,-1.0,0.13957,0.3070492480741943,-0.0160724935709131,5,453,-247.87474494078143,-167.2097808758284,-45.80970056817337,299.0,-2.5481359168607,-39.17977820815886
3,261,211,1.0,0.13957,0.5565947830920335,-0.1697043264723286,1,34,32.14400596661585,8.50443298628219,-44.75,33.25,0.25864661654135335,-39.17977820815886
3,261,211,1.0,0.13957,0.5565947830920335,-0.1697043264723286,2,52,49.19624284791733,11.400863548378359,-48.0,50.49999999999999,0.22772277227722776,-39.17977820815886
3,261,211,1.0,0.13957,0.5565947830920335,-0.1697043264723286,3,92,87.38707208854807,13.99105542090752,-54.400000000000006,88.50000000000001,0.15875706214689264,-39.17977820815886
3,261,211,1.0,0.13957,0.5565947830920335,-0.1697043264723286,4,129,121.92729374419265,11.831527383113295,-60.400000000000006,122.5,0.09673469387755103,-39.17977820815886
3,261,211,1.0,0.13957,0.5565947830920335,-0.1697043264723286,5,329,289.78684168002,-73.65179148614808,-93.00892891088772,299.0,-0.2488887077333736,-39.17977820815886
3,261,211,1.0,0.13957,0.5565947830920335,-0.1697043264723286,6,424,340.0243408148039,-148.4063598821091,-108.43508294743972,371.0,-0.4115355501877127,-39.17977820815886
3,261,211,1.0,0.13957,0.5565947830920335,-0.1697043264723286,7,535,364.9312800590424,-251.1456964283257,-126.57202466301236,443.0,-0.6027625028405832,-39.17977820815886
3,261,211,1.0,0.13957,0.5565947830920335,-0.1697043264723286,8,685,335.3348706991291,-389.5465626766566,-150.97408940304896,514.0,-0.8600461775213835,-39.17977820815886
3,265,211,1.0,0.13957,0.4521153886764333,-0.4550570976443934,1,38,6.634152974575211,32.58144432510528,-54.75,33.25,1.3699248120300753,-39.17977820815886
3,265,211,1.0,0.13957,0.4521153886764333,-0.4550570976443934,2,58,11.960476065958904,49.06319406923711,-63.2,50.5,1.3316831683168318,-39.17977820815886
3,265,211,1.0,0.13957,0.4521153886764333,-0.4550570976443934,3,102,28.166864697844577,83.89801984012088,-81.2,88.5,1.2468926553672317,-39.17977820815886
3,265,211,1.0,0.13957,0.4521153886764333,-0.4550570976443934,4,142,47.862628660710286,112.76266570850015,-97.60000000000001,122.5,1.1693877551020408,-39.17977820815886
3,265,211,1.0,0.13957,0.4521153886764333,-0.4550570976443934,5,375,224.6363522799324,197.33096369897484,-193.0536783410606,299.0,0.7207785338071143,-39.17977820815886
3,265,211,1.0,0.13957,0.4521153886764333,-0.4550570976443934,6,499,328.98011339591176,171.50243435593865,-244.16511002889212,371.0,0.4805542398787726,-39.17977820815886
3,265,211,1.0,0.13957,0.4521153886764333,-0.4550570976443934,7,712,441.8867157841418,31.386787244078924,-331.32337361097944,443.0,0.0709099457406829,-39.17977820815886
3,276,211,1.0,0.13957,1.205440285255591,-1.5593480454937236,1,82,-33.04899022448657,3.650581479955074,-114.75,33.25,3.0315789473684216,-39.17977820815886
3,276,211,1.0,0.13957,1.205440285255591,-1.5593480454937236,2,125,-50.113683028745925,6.234482600375405,-154.0,50.50000000000001,3.0178217821782174,-39.17977820815886
3,276,211,1.0,0.13957,1.205440285255591,-1.5593480454937236,3,220,-87.43694307570564,13.675927229106277,-240.4,88.5,2.986440677966102,-39.17977820815886
3,276,211,1.0,0.13957,1.205440285255591,-1.5593480454937236,4,305,-120.44037090364195,22.368885904156173,-318.0,122.5,2.9579591836734695,-39.17977820815886
3,276,211,1.0,0.13957,1.205440285255591,-1.5593480454937236,5,751,-282.62104145103984,97.60300676275108,-725.9027271408711,299.0,2.809066901428255,-39.17977820815886
3,276,211,1.0,0.13957,1.205440285255591,-1.5593480454937236,6,937,-342.4654813561817,142.6828443768863,-896.2933718004851,371.0,2.7468291669520863,-39.17977820815886
3,276,211,1.0,0.13957,1.205440285255591,-1.5593480454937236,7,1128,-397.28828259035686,195.98729682406653,-1070.1941999014314,443.0,2.683309300421834,-39.17977820815886
3,276,211,1.0,0.13957,1.205440285255591,-1.5593480454937236,8,1320,-445.4126514799245,256.5220651359708,-1246.071963658604,514.0,2.6190672258648378,-39.17977820815886
3,277,-211,-1.0,0.13957,0.2542866130187025,-1.29231462259113,1,67,-8.331286087416997,-32.189317671078584,-95.25,33.25,-1.82406015037594,-39.17977820815886
3,277,-211,-1.0,0.13957,0.2542866130187025,-1.29231462259113,2,103,-9.271887144707001,-49.641536124256035,-124.80000000000001,50.5,-1.7554455445544555,-39.17977820815886
3,277,-211,-1.0,0.13957,0.2542866130187025,-1.29231462259113,3,183,-2.53417863374817,-88.46370972693974,-191.20000000000002,88.5,-1.5994350282485876,-39.17977820815886
3,277,-211,-1.0,0.13957,0.2542866130187025,-1.29231462259113,4,260,14.48855620827172,-121.64017321181251,-254.4,122.5,-1.4522448979591838,-39.17977820815886
3,278,211,1.0,0.13957,1.0253257183451747,-0.1011395185254575,1,33,-1.220747719745641,-33.22758304488511,-42.5,33.25000000000001,-1.607518796992481,-39.17977820815886
3,278,211,1.0,0.13957,1.0253257183451747,-0.1011395185254575,2,51,-2.673535030667795,-50.429180148400114,-44.400000000000006,50.5,-1.6237623762376239,-39.17977820815886
3,278,211,1.0,0.13957,1.0253257183451747,-0.1011395185254575,3,89,-7.973697465728095,-88.14005984071625,-48.0,88.5,-1.6610169491525424,-39.17977820815886
3,278,211,1.0,0.13957,1.0253257183451747,-0.1011395185254575,4,124,-15.138649258603762,-121.56097769689488,-51.6,122.5,-1.6946938775510205,-39.17977820815886
3,278,211,1.0,0.13957,1.0253257183451747,-0.1011395185254575,5,307,-88.35339125615722,-285.6478220703536,-69.9193755156404,298.99999999999994,-1.8707712940002643,-39.17977820815886
3,278,211,1.0,0.13957,1.0253257183451747,-0.1011395185254575,6,385,-135.66443943407205,-345.3058931918756,-77.64047389261654,371.0,-1.945151399818008,-39.17977820815886
3,278,211,1.0,0.13957,1.0253257183451747,-0.1011395185254575,7,464,-193.07037019565263,-398.7139728583808,-85.59195569127374,443.0,-2.0217507721562367,-39.17977820815886
3,278,211,1.0,0.13957,1.0253257183451747,-0.1011395185254575,8,546,-259.55847527991824,-443.65008498856855,-93.73049594258885,514.0,-2.100152314869949,-39.17977820815886
3,279,-211,-1.0,0.13957,0.8159173348329012,-0.1675736498994623,1,34,-25.63408908054963,21.17677919350453,-44.75,33.25,2.4511278195488724,-39.17977820815886
3,279,-211,-1.0,0.13957,0.8159173348329012,-0.1675736498994623,2,51,-39.604452952839964,31.33268750532398,-47.6,50.5,2.4722772277227723,-39.17977820815886
3,279,-211,-1.0,0.13957,0.8159173348329012,-0.1675736498994623,3,91,-71.87630948834959,51.63376932139456,-54.0,88.5,2.51864406779661,-39.17977820815886
3,279,-211,-1.0,0.13957,0.8159173348329012,-0.1675736498994623,4,126,-102.41452663047629,67.21245967122064,-60.0,122.5,2.5608163265306128,-39.17977820815886
3,279,-211,-1.0,0.13957,0.8159173348329012,-0.1675736498994623,5,314,-280.2547738258465,104.202983392145,-90.72168241212438,299.00000000000006,2.7856170604285206,-39.17977820815886
3,279,-211,-1.0,0.13957,0.8159173348329012,-0.1675736498994623,6,396,-358.6205782039252,95.0383127411382,-104.026011878837,371.0,2.882536867187504,-39.17977820815886
3,279,-211,-1.0,0.13957,0.8159173348329012,-0.1675736498994623,7,481,-437.5474512313263,69.2908934923641,-118.02751116198382,443.0,2.9845349031930626,-39.17977820815886
3,279,-211,-1.0,0.13957,0.8159173348329012,-0.1675736498994623,8,572,-513.3735287956351,25.369665585442007,-132.8090320416817,514.0,3.0922152652743167,-39.17977820815886
3,280,211,1.0,0.13957,0.2098314568134543,-0.1850466294169781,1,40,19.896011807166452,-26.64040566825312,-45.5,33.25,-0.9293233082706768,-39.17977820815886
3,280,211,1.0,0.13957,0.2098314568134543,-0.1850466294169781,2,62,26.693634392652136,-42.86840191692966,-48.800000000000004,50.5,-1.0138613861386139,-39.17977820815886
3,280,211,1.0,0.13957,0.2098314568134543,-0.1850466294169781,3,111,31.555423791933094,-82.6831617036474,-56.0,88.50000000000001,-1.2062146892655365,-39.17977820815886
3,280,211,1.0,0.13957,0.2098314568134543,-0.1850466294169781,4,159,21.51044612882254,-120.59664467695204,-63.6,122.5,-1.3942857142857144,-39.17977820815886
3,281,-211,-1.0,0.13957,1.1016095702065725,-0.8012506506927297,1,44,-16.374409633472794,28.938576488058864,-68.75,33.25,2.085714285714286,-39.17977820815886
3,281,-211,-1.0,0.13957,1.1016095702065725,-0.8012506506927297,2,67,-25.537876247383892,43.566809348095546,-84.0,50.5,2.100990099009901,-39.17977820815886
3,281,-211,-1.0,0.13957,1.1016095702065725,-0.8012506506927297,3,119,-47.36911732607572,74.75571365286049,-118.0,88.5,2.135593220338983,-39.17977820815886
3,281,-211,-1.0,0.13957,1.1016095702065725,-0.8012506506927297,4,165,-68.7367958395544,101.39774601889046,-148.4,122.5,2.166530612244898,-39.17977820815886
3,281,-211,-1.0,0.13957,1.1016095702065725,-0.8012506506927297,5,407,-205.8725398690545,216.8351847091808,-308.60851194185784,299.0,2.330265964626625,-39.17977820815886
3,281,-211,-1.0,0.13957,1.1016095702065725,-0.8012506506927297,6,508,-273.3082448020559,250.8856379373269,-375.8795379125964,371.0,2.398943836920379,-39.17977820815886
3,281,-211,-1.0,0.13957,1.1016095702065725,-0.8012506506927297,7,613,-346.61716826597626,275.872323119366,-444.85010671525816,443.0,2.469357212634569,-39.17977820815886
3,281,-211,-1.0,0.13957,1.1016095702065725,-0.8012506506927297,8,719,-424.0498777266254,290.4784005740084,-515.0231722153428,514.0,2.54099810578569,-39.17977820815886
3,282,211,1.0,0.13957,0.5066594351825024,-0.713577994812462,1,43,-8.766154702200817,32.07361893733045,-65.0,33.25,1.8375939849624061,-39.17977820815886
3,282,211,1.0,0.13957,0.5066594351825024,-0.713577994812462,2,65,-11.668384818115477,49.13347937747105,-78.4,50.50000000000001,1.8039603960396038,-39.17977820815886
3,282,211,1.0,0.13957,0.5066594351825024,-0.713577994812462,3,115,-13.877020771847576,87.40525324314159,-108.0,88.50000000000001,1.7282485875706213,-39.17977820815886
3,282,211,1.0,0.13957,0.5066594351825024,-0.713577994812462,4,160,-10.813357550647625,122.02180665144182,-135.20000000000002,122.5,1.6591836734693877,-39.17977820815886
3,282,211,1.0,0.13957,0.5066594351825024,-0.713577994812462,5,414,88.01970420533071,285.75082094651293,-287.2902917999481,299.0,1.2719893253065335,-39.17977820815886
3,282,211,1.0,0.13957,0.5066594351825024,-0.713577994812462,6,539,174.4153031502934,327.4451129990968,-362.1557441323804,371.00000000000006,1.0813672004608257,-39.17977820815886
3,282,211,1.0,0.13957,0.5066594351825024,-0.713577994812462,7,698,296.2215538409713,329.39610052342834,-457.5890403058697,443.0,0.8383754169416301,-39.17977820815886
3,283,-321,-1.0,0.49368,0.9302266346067026,-0.7338238885461561,1,46,30.138134862372475,14.044761550750808,-65.75,33.24999999999999,0.43609022556390986,-39.17977820815886
3,283,-321,-1.0,0.49368,0.9302266346067026,-0.7338238885461561,2,70,45.352289518861696,22.213055516910508,-79.60000000000001,50.50000000000001,0.4554455445544554,-39.17977820815886
3,283,-321,-1.0,0.49368,0.9302266346067026,-0.7338238885461561,3,122,77.80943788543263,42.16564212665332,-110.4,88.5,0.4966101694915255,-39.17977820815886
3,283,-321,-1.0,0.49368,0.9302266346067026,-0.7338238885461561,4,170,105.50379619793041,62.25109627810232,-137.6,122.5,0.5330612244897959,-39.17977820815886
3,283,-321,-1.0,0.49368,0.9302266346067026,-0.7338238885461561,5,422,223.1082851421947,199.0570096753921,-283.15977940054603,299.0,0.7284884527298976,-39.17977820815886
3,283,-321,-1.0,0.49368,0.9302266346067026,-0.7338238885461561,6,529,255.38541046072547,269.10832786037446,-345.0489450422232,371.0,0.8115563160892755,-39.17977820815886
3,283,-321,-1.0,0.49368,0.9302266346067026,-0.7338238885461561,7,640,276.1525418174116,346.3939572910918,-409.2686404728856,443.0,0.8977521868954861,-39.17977820815886
3,283,-321,-1.0,0.49368,0.9302266346067026,-0.7338238885461561,8,755,283.3569369125211,428.8412833479929,-475.68832075708815,514.0,0.9869009746043088,-39.17977820815886
3,284,211,1.0,0.13957,0.9778453474834518,-1.0771207694087237,1,54,33.071175559511026,3.4438128741267113,-82.25,33.25,0.1037593984962406,-39.17977820815886
3,284,211,1.0,0.13957,0.9778453474834518,-1.0771207694087237,2,83,50.31276432969887,4.344622596288561,-104.80000000000001,50.50000000000001,0.08613861386138613,-39.17977820815886
3,284,211,1.0,0.13957,0.9778453474834518,-1.0771207694087237,3,145,88.40035768657754,4.198423619068595,-154.0,88.5,0.04745762711864407,-39.17977820815886
3,284,211,1.0,0.13957,0.9778453474834518,-1.0771207694087237,4,202,122.4901940083803,1.5499586411751716,-198.4,122.5,0.012653061224489797,-39.17977820815886
3,284,211,1.0,0.13957,0.9778453474834518,-1.0771207694087237,5,499,294.55461723728246,-51.367085416617,-433.55340228368,299.0,-0.1726527617548777,-39.17977820815886
3,284,211,1.0,0.13957,0.9778453474834518,-1.0771207694087237,6,626,359.3638058274043,-92.18815032987506,-533.0602231576178,371.0,-0.2511164843685355,-39.17977820815886
3,284,211,1.0,0.13957,0.9778453474834518,-1.0771207694087237,7,756,418.7799728253269,-144.47260764732678,-635.8888996225086,443.0,-0.3321997166473318,-39.17977820815886
3,284,211,1.0,0.13957,0.9778453474834518,-1.0771207694087237,8,890,470.2494113062425,-207.5126289316685,-741.6314717023766,514.0,-0.4155804787012189,-39.17977820815886
3,285,211,1.0,0.13957,0.5497760222586525,-0.424796493798291,1,37,32.23174384574497,-8.165610121863576,-53.75,33.24999999999999,-0.24812030075187974,-39.17977820815886
3,285,211,1.0,0.13957,0.5497760222586525,-0.424796493798291,2,56,48.53053512668632,-13.965570533188592,-61.2,50.5,-0.2801980198019802,-39.17977820815886
3,285,211,1.0,0.13957,0.5497760222586525,-0.424796493798291,3,99,83.14305421507139,-30.32297043150126,-78.0,88.5,-0.3497175141242938,-39.17977820815886
3,285,211,1.0,0.13957,0.5497760222586525,-0.424796493798291,4,138,112.19729612227827,-49.17333365605591,-93.2,122.5,-0.41306122448979593,-39.17977820815886
3,285,211,1.0,0.13957,0.5497760222586525,-0.424796493798291,5,354,216.006386377683,-206.74196730237213,-177.56117989482385,299.0,-0.7634869334064176,-39.17977820815886
3,285,211,1.0,0.13957,0.5497760222586525,-0.424796493798291,6,456,221.98524741332352,-297.26007120170976,-217.4489342364001,371.0,-0.9293648819869104,-39.17977820815886
3,285,211,1.0,0.13957,0.5497760222586525,-0.424796493798291,7,577,190.6318309415924,-399.8856149348912,-264.7203778012374,443.0,-1.12594890105243,-39.17977820815886
3,285,211,1.0,0.13957,0.5497760222586525,-0.424796493798291,8,745,88.43164488386304,-506.3357030499966,-330.1124878690909,514.0,-1.397890061124276,-39.17977820815886
3,287,211,1.0,0.13957,0.8389348791220657,-1.2009561422382355,1,60,-9.583128256047727,31.83906645660547,-89.5,33.25,1.8631578947368421,-39.17977820815886
3,287,211,1.0,0.13957,0.8389348791220657,-1.2009561422382355,2,91,-13.556448866502295,48.64640474002071,-115.60000000000001,50.5,1.8425742574257429,-39.17977820815886
3,287,211,1.0,0.13957,0.8389348791220657,-1.2009561422382355,3,161,-19.86384356974085,86.24197190832817,-173.20000000000002,88.5,1.797175141242938,-39.17977820815886
3,287,211,1.0,0.13957,0.8389348791220657,-1.2009561422382355,4,223,-22.597288864592294,120.39772645681552,-224.8,122.5,1.7563265306122449,-39.17977820815886
3,287,211,1.0,0.13957,0.8389348791220657,-1.2009561422382355,5,556,9.717913172696662,298.84203546952347,-501.1995651408004,299.0,1.5382892201407057,-39.17977820815886
3,287,211,1.0,0.13957,0.8389348791220657,-1.2009561422382355,6,699,46.71379254103033,368.04730889714926,-619.9618328098402,371.00000000000006,1.4445480356978182,-39.17977820815886
3,287,211,1.0,0.13957,0.8389348791220657,-1.2009561422382355,7,849,98.64614590118056,431.8772254922028,-744.5146705714045,443.0,1.346236225133199,-39.17977820815886
3,287,211,1.0,0.13957,0.8389348791220657,-1.2009561422382355,8,1007,165.493872856521,486.6289942522431,-875.3264725753054,514.0,1.2429841139204707,-39.17977820815886
3,288,-211,-1.0,0.13957,1.1313182501499386,-0.3994975977457516,1,36,18.921806346235332,27.340953615328935,-52.75,33.25,0.9654135338345865,-39.17977820815886
3,288,-211,-1.0,0.13957,1.1313182501499386,-0.3994975977457516,2,54,28.121333086535852,41.94568661300114,-60.0,50.49999999999999,0.9801980198019803,-39.17977820815886
3,288,-211,-1.0,0.13957,1.1313182501499386,-0.3994975977457516,3,96,46.802624216612465,75.11167929449161,-75.60000000000001,88.5,1.0135593220338983,-39.17977820815886
3,288,-211,-1.0,0.13957,1.1313182501499386,-0.3994975977457516,4,133,61.58026404411171,105.89674726004328,-89.60000000000001,122.5,1.0440816326530613,-39.17977820815886
3,288,-211,-1.0,0.13957,1.1313182501499386,-0.3994975977457516,5,329,107.4714600188307,279.0177149956985,-163.30921486319386,299.0,1.2031325512822164,-39.17977820815886
3,288,-211,-1.0,0.13957,1.1313182501499386,-0.3994975977457516,6,411,109.98051299570156,354.3237033578227,-194.24050599390043,371.0,1.269829795333813,-39.17977820815886
3,288,-211,-1.0,0.13957,1.1313182501499386,-0.3994975977457516,7,495,102.15124146185212,431.0616242114373,-225.9071339221967,443.00000000000006,1.3381126453777965,-39.17977820815886
3,288,-211,-1.0,0.13957,1.1313182501499386,-0.3994975977457516,8,580,83.58583698844308,507.15816847896815,-258.0639920631769,514.0,1.4074525678267142,-39.17977820815886
3,289,211,1.0,0.13957,0.2772126370582816,-1.5535562866028574,1,84,25.285472598350463,21.591835852425053,-114.5,33.25,0.706766917293233,-39.17977820815886
3,289,211,1.0,0.13957,0.2772126370582816,-1.5535562866028574,2,128,40.36806118964944,30.342538387365007,-154.0,50.5,0.6445544554455447,-39.17977820815886
3,289,211,1.0,0.13957,0.2772126370582816,-1.5535562866028574,3,227,77.54589062141036,42.648386226588485,-242.8,88.50000000000001,0.5028248587570621,-39.17977820815886
3,289,211,1.0,0.13957,0.2772126370582816,-1.5535562866028574,4,319,114.21913784408952,44.274581309741144,-325.6,122.5,0.369795918367347,-39.17977820815886
3,290,-211,-1.0,0.13957,0.5886922918424228,-1.5128241511115357,1,79,-28.044113308197254,17.86309628135598,-111.0,33.25,2.5744360902255643,-39.17977820815886
3,290,-211,-1.0,0.13957,0.5886922918424228,-1.5128241511115357,2,120,-43.37564268854061,25.861237815619994,-148.4,50.5,2.603960396039604,-39.17977820815886
3,290,-211,-1.0,0.13957,0.5886922918424228,-1.5128241511115357,3,212,-78.79665475666695,40.290658956619616,-231.20000000000002,88.49999999999999,2.668926553672317,-39.17977820815886
3,290,-211,-1.0,0.13957,0.5886922918424228,-1.5128241511115357,4,295,-112.15908772686623,49.26042062627077,-305.6,122.5,2.7277551020408164,-39.17977820815886
3,290,-211,-1.0,0.13957,0.5886922918424228,-1.5128241511115357,5,750,-297.7771619140819,27.014104508472453,-716.5453559599789,299.0,3.051121108696245,-39.17977820815886
3,290,-211,-1.0,0.13957,0.5886922918424228,-1.5128241511115357,6,960,-370.3598118907176,-21.78553961398089,-906.133767051739,371.0,-3.0828377233305755,-39.17977820815886
3,290,-211,-1.0,0.13957,0.5886922918424228,-1.5128241511115357,7,1200,-431.4316536800344,-100.57697650511692,-1122.4679831779504,443.0,-2.91255946603474,-39.17977820815886
3,290,-211,-1.0,0.13957,0.5886922918424228,-1.5128241511115357,8,1495,-465.22187461112463,-218.55115507201293,-1389.4531763636348,514.0,-2.702413345041485,-39.17977820815886
3,306,-211,-1.0,0.13957,1.6614855537989055,1.5483259149896704,1,81,-21.759437256673483,-25.14138799415996,35.5,33.25000000000001,-2.284210526315789,-39.17977820815886
3,306,-211,-1.0,0.13957,1.6614855537989055,1.5483259149896704,2,124,-32.66648140080452,-38.511699428756614,74.4,50.5,-2.2742574257425745,-39.17977820815886
3,306,-211,-1.0,0.13957,1.6614855537989055,1.5483259149896704,3,217,-55.69056927506469,-68.78088756201988,159.60000000000002,88.5,-2.251412429378531,-39.17977820815886
3,306,-211,-1.0,0.13957,1.6614855537989055,1.5483259149896704,4,301,-75.12849774209397,-96.75721589119946,236.0,122.5,-2.2310204081632654,-39.17977820815886
3,306,-211,-1.0,0.13957,1.6614855537989055,1.5483259149896704,5,739,-157.06578810282167,-254.4235409855769,635.905568755256,299.0,-2.1238682390570225,-39.17977820815886
3,306,-211,-1.0,0.13957,1.6614855537989055,1.5483259149896704,6,920,-180.7226671486246,-324.00666286156434,800.99115505728,371.0,-2.0795888723601927,-39.17977820815886
3,306,-211,-1.0,0.13957,1.6614855537989055,1.5483259149896704,7,1103,-198.27849534763288,-396.1497674903757,967.7711804700372,443.0,-2.0348550323166044,-39.17977820815886
3,306,-211,-1.0,0.13957,1.6614855537989055,1.5483259149896704,8,1285,-209.3057621419452,-469.4540424090301,1134.2828095334246,514.0,-1.990193181879137,-39.17977820815886
3,307,-211,-1.0,0.13957,0.4815925215593354,1.067172569719543,1,54,26.233484350078076,-20.429556991139286,3.5,33.24999999999999,-0.661654135338346,-39.17977820815886
3,307,-211,-1.0,0.13957,0.4815925215593354,1.067172569719543,2,83,40.931685098038905,-29.57781525121455,25.6,50.5,-0.6257425742574257,-39.17977820815886
3,307,-211,-1.0,0.13957,0.4815925215593354,1.067172569719543,3,147,75.64375000408086,-45.93770875130929,74.8,88.5,-0.5457627118644068,-39.17977820815886
3,307,-211,-1.0,0.13957,0.4815925215593354,1.067172569719543,4,204,109.04677147056054,-55.812647597541414,119.60000000000001,122.5,-0.47306122448979593,-39.17977820815886
3,307,-211,-1.0,0.13957,0.4815925215593354,1.067172569719543,5,532,298.45889228843674,-17.980256226186007,374.2957209063414,299.0,-0.0601709382019044,-39.17977820815886
3,307,-211,-1.0,0.13957,0.4815925215593354,1.067172569719543,6,699,366.8512680013381,55.32763473898386,503.73219112389177,371.0,0.1496894788489851,-39.17977820815886
3,307,-211,-1.0,0.13957,0.4815925215593354,1.067172569719543,7,929,401.0295243415375,188.2134974075988,682.0534611162831,443.0,0.4388085183326825,-39.17977820815886
3,308,211,1.0,0.13957,0.4045850931896085,1.5662003432152778,1,83,-33.247497356520675,0.40794549654354473,37.0,33.24999999999999,3.1293233082706777,-39.17977820815886
3,308,211,1.0,0.13957,0.4045850931896085,1.5662003432152778,2,127,-50.425118911682354,2.749069432134144,76.80000000000001,50.5,3.087128712871287,-39.17977820815886
3,308,211,1.0,0.13957,0.4045850931896085,1.5662003432152778,3,225,-87.5053510662016,13.231157726397749,165.20000000000002,88.50000000000001,2.991525423728813,-39.17977820815886
3,308,211,1.0,0.13957,0.4045850931896085,1.5662003432152778,4,314,-119.07276308571022,28.77372223286945,245.60000000000002,122.5,2.9044897959183675,-39.17977820815886
3,308,211,1.0,0.13957,0.4045850931896085,1.5662003432152778,5,849,-216.36941542000164,206.3620024878775,731.4231293739933,299.0,2.3798632871660987,-39.17977820815886
3,308,211,1.0,0.13957,0.4045850931896085,1.5662003432152778,6,1185,-171.12069782636132,329.1788370710048,1036.6257268971635,371.0,2.050190553620591,-39.17977820815886
3,309,-211,-1.0,0.13957,1.716128336495874,0.0969457213334697,1,33,32.79614904134747,-5.474952790456148,-36.0,33.25,-0.16541353383458646,-39.17977820815886
3,309,-211,-1.0,0.13957,1.716128336495874,0.0969457213334697,2,50,49.89882035876137,-7.769023542509227,-34.4,50.50000000000001,-0.15445544554455445,-39.17977820815886
3,309,-211,-1.0,0.13957,1.716128336495874,0.0969457213334697,3,89,87.7277359387426,-11.6659481853062,-30.400000000000002,88.5,-0.1322033898305085,-39.17977820815886
3,309,-211,-1.0,0.13957,1.716128336495874,0.0969457213334697,4,123,121.72351557724208,-13.77082987756741,-27.200000000000003,122.5,-0.1126530612244898,-39.17977820815886
3,309,-211,-1.0,0.13957,1.716128336495874,0.0969457213334697,5,303,298.9883039180303,-2.6446399035697685,-9.998444915495211,299.0,-0.0088450648423439,-39.17977820815886
3,309,-211,-1.0,0.13957,1.716128336495874,0.0969457213334697,6,377,370.78599518034224,12.599435627172182,-2.8694779608605288,371.00000000000006,0.0339672743230097,-39.17977820815886
3,309,-211,-1.0,0.13957,1.716128336495874,0.0969457213334697,7,451,441.6808917240121,34.16123367036849,4.327822031865168,443.0,0.0771900250106037,-39.17977820815886
3,309,-211,-1.0,0.13957,1.716128336495874,0.0969457213334697,8,526,510.28470397798907,61.68890407598487,11.50756429350617,514.0,0.1203073316079911,-39.17977820815886
3,315,211,1.0,0.13957,0.431104613943781,1.0807981723566775,1,55,18.550056821635295,-27.594526484687176,4.25,33.25,-0.9789473684210528,-39.17977820815886
3,315,211,1.0,0.13957,0.431104613943781,1.0807981723566775,2,84,26.438501100188,-43.02622060529321,26.8,50.5,-1.0198019801980198,-39.17977820815886
3,315,211,1.0,0.13957,0.431104613943781,1.0807981723566775,3,149,39.42866045748859,-79.23150089786307,77.2,88.5,-1.109039548022599,-39.17977820815886
3,315,211,1.0,0.13957,0.431104613943781,1.0807981723566775,4,208,45.50512417978324,-113.73448761647677,122.80000000000001,122.5,-1.1902040816326531,-39.17977820815886
3,315,211,1.0,0.13957,0.431104613943781,1.0807981723566775,5,553,-29.32399778798585,-297.55857096331505,391.70444888563975,299.0,-1.6690278012905044,-39.17977820815886
3,315,211,1.0,0.13957,0.431104613943781,1.0807981723566775,6,748,-133.7142429057289,-346.06574699635865,543.6366499381713,371.0,-1.9395098859270044,-39.17977820815886
3,317,-211,-1.0,0.13957,0.2563824299097585,-0.5283948572639002,1,42,2.027718892631038,-33.18811317463629,-57.75,33.25,-1.5097744360902257,-39.17977820815886
3,317,-211,-1.0,0.13957,0.2563824299097585,-0.5283948572639002,2,64,6.5566523803886305,-50.07255045993507,-67.2,50.5,-1.4405940594059405,-39.17977820815886
3,317,-211,-1.0,0.13957,0.2563824299097585,-0.5283948572639002,3,114,24.8277044967493,-84.94607165385632,-89.2,88.49999999999999,-1.286440677966102,-39.17977820815886
3,317,-211,-1.0,0.13957,0.2563824299097585,-0.5283948572639002,4,161,51.064446350706326,-111.34932563287411,-110.0,122.5,-1.1408163265306122,-39.17977820815886
3,330,-211,-1.0,0.13957,0.1960388152489891,0.8907581727520272,1,53,25.220420488454092,21.66778462108125,-5.25,33.25,0.7097744360902256,-39.17977820815886
3,330,-211,-1.0,0.13957,0.1960388152489891,0.8907581727520272,2,81,35.18368882203185,36.22648259042591,12.4,50.5,0.8000000000000002,-39.17977820815886
3,330,-211,-1.0,0.13957,0.1960388152489891,0.8907581727520272,3,146,47.22623477739474,74.84606034221436,54.0,88.50000000000001,1.007909604519774,-39.17977820815886
3,330,-211,-1.0,0.13957,0.1960388152489891,0.8907581727520272,4,210,42.70642302877079,114.8146829986813,94.80000000000001,122.5,1.2146938775510205,-39.17977820815886
3,331,211,1.0,0.13957,0.4126172623612755,0.0625284029699811,1,35,12.69810459762129,30.72980051396151,-37.0,33.25,1.1789473684210527,-39.17977820815886
3,331,211,1.0,0.13957,0.4126172623612755,0.0625284029699811,2,53,21.24287036269354,45.814740627376636,-36.0,50.49999999999999,1.136633663366337,-39.17977820815886
3,331,211,1.0,0.13957,0.4126172623612755,0.0625284029699811,3,94,44.57607465260535,76.45406181861989,-33.6,88.49999999999999,1.042937853107345,-39.17977820815886
3,331,211,1.0,0.13957,0.4126172623612755,0.0625284029699811,4,131,70.5017448380053,100.17861036567035,-31.200000000000003,122.5,0.9575510204081633,-39.17977820815886
3,331,211,1.0,0.13957,0.4126172623612755,0.0625284029699811,5,353,269.4874617549433,129.52801996818266,-18.25027954822114,299.0,0.4480447228856026,-39.17977820815886
3,331,211,1.0,0.13957,0.4126172623612755,0.0625284029699811,6,488,367.3666970699817,51.7948827963952,-10.304664156036369,371.0,0.1400663836691547,-39.17977820815886
3,332,-211,-1.0,0.13957,0.1431507605641992,0.3225103507544842,1,48,28.948923336133696,-16.356110102302868,-28.25,33.25,-0.5142857142857143,-39.17977820815886
3,332,-211,-1.0,0.13957,0.1431507605641992,0.3225103507544842,2,74,46.743942754375745,-19.111614682586154,-22.400000000000002,50.49999999999999,-0.3881188118811882,-39.17977820815886
3,332,-211,-1.0,0.13957,0.1431507605641992,0.3225103507544842,3,136,88.20728015172445,-7.192060082841235,-8.0,88.5,-0.08135593220338984,-39.17977820815886
3,332,-211,-1.0,0.13957,0.1431507605641992,0.3225103507544842,4,211,117.74309916842597,33.80551135856708,9.200000000000001,122.5,0.2795918367346939,-39.17977820815886
3,335,211,1.0,0.13957,0.3356832986153803,-0.0259146962944053,1,36,24.69184104657338,-22.2682618479924,-40.0,33.25,-0.7338345864661655,-39.17977820815886
3,335,211,1.0,0.13957,0.3356832986153803,-0.0259146962944053,2,54,35.717806010138546,-35.6999766641676,-40.400000000000006,50.5,-0.7851485148514853,-39.17977820815886
3,335,211,1.0,0.13957,0.3356832986153803,-0.0259146962944053,3,97,54.93411439845639,-69.38654822987888,-41.6,88.5,-0.9011299435028248,-39.17977820815886
3,335,211,1.0,0.13957,0.3356832986153803,-0.0259146962944053,4,135,65.34336552650407,-103.61705738762166,-42.400000000000006,122.5,-1.0081632653061225,-39.17977820815886
3,335,211,1.0,0.13957,0.3356832986153803,-0.0259146962944053,5,399,-48.75552998718887,-294.9981326986127,-48.74576303908801,299.0,-1.7345897003161996,-39.17977820815886
3,336,-211,-1.0,0.13957,0.1946260555366442,-0.5155762910296368,1,44,31.816214104251525,9.658727663229065,-57.25,33.25,0.2947368421052632,-39.17977820815886
3,336,-211,-1.0,0.13957,0.1946260555366442,-0.5155762910296368,2,68,46.78169586541782,19.019015010129973,-66.8,50.49999999999999,0.3861386138613862,-39.17977820815886
3,336,-211,-1.0,0.13957,0.1946260555366442,-0.5155762910296368,3,123,73.23925506393023,49.68160140012166,-88.80000000000001,88.5,0.596045197740113,-39.17977820815886
3,336,-211,-1.0,0.13957,0.1946260555366442,-0.5155762910296368,4,178,84.91513623116255,88.29308941725341,-110.4,122.5,0.8048979591836736,-39.17977820815886
3,337,211,1.0,0.13957,0.3561209294644674,0.5401327643532188,1,40,-13.882331524783904,30.213297923861127,-20.25,33.25,2.001503759398496,-39.17977820815886
3,337,211,1.0,0.13957,0.3561209294644674,0.5401327643532188,2,61,-18.810194560995658,46.866049338273534,-10.4,50.5,1.9524752475247527,-39.17977820815886
3,337,211,1.0,0.13957,0.3561209294644674,0.5401327643532188,3,108,-23.836492707388278,85.22952314433434,11.600000000000001,88.49999999999999,1.8435028248587575,-39.17977820815886
3,337,211,1.0,0.13957,0.3561209294644674,0.5401327643532188,4,151,-21.07212082112441,120.6740060000493,31.6,122.5,1.7436734693877554,-39.17977820815886
3,337,211,1.0,0.13957,0.3561209294644674,0.5401327643532188,5,431,136.33304936265006,266.10956324694763,162.04416140928194,299.0,1.0973419659385202,-39.17977820815886
3,338,-211,-1.0,0.13957,0.8055679091747474,0.5357739602331256,1,38,-31.428112729294632,10.85523976127419,-20.5,33.24999999999999,2.8090225563909783,-39.17977820815886
3,338,-211,-1.0,0.13957,0.8055679091747474,0.5357739602331256,2,58,-48.07896731077409,15.448718468841216,-10.8,50.49999999999999,2.8306930693069314,-39.17977820815886
3,338,-211,-1.0,0.13957,0.8055679091747474,0.5357739602331256,3,102,-85.45545641194911,23.013365017429873,10.8,88.5,2.878531073446328,-39.17977820815886
3,338,-211,-1.0,0.13957,0.8055679091747474,0.5357739602331256,4,142,-119.52664786915419,26.825928672894445,30.0,122.5,2.920816326530612,-39.17977820815886
3,338,-211,-1.0,0.13957,0.8055679091747474,0.5357739602331256,5,355,-298.99248923205755,-2.119288280987263,132.91520911392087,298.99999999999994,-3.1345046735683617,-39.17977820815886
3,338,-211,-1.0,0.13957,0.8055679091747474,0.5357739602331256,6,447,-368.9367118336688,-39.073042642727664,177.42705637453477,371.0,-3.036078804327764,-39.17977820815886
3,338,-211,-1.0,0.13957,0.8055679091747474,0.5357739602331256,7,544,-433.3346942981803,-92.03283499655252,224.3509072569071,443.00000000000006,-2.932319401231428,-39.17977820815886
3,338,-211,-1.0,0.13957,0.8055679091747474,0.5357739602331256,8,646,-488.05326125624487,-161.24519892742114,274.0160926513394,514.0,-2.822498455217937,-39.17977820815886
3,339,211,1.0,0.13957,1.0073353372385607,1.5871488065795347,1,84,-33.20353851833817,1.757136836229125,38.75,33.25,3.088721804511278,-39.17977820815886
3,339,211,1.0,0.13957,1.0073353372385607,1.5871488065795347,2,128,-50.378731702113456,3.497626636230508,79.2,50.50000000000001,3.072277227722772,-39.17977820815886
3,339,211,1.0,0.13957,1.0073353372385607,1.5871488065795347,3,226,-87.99264138842108,9.462825238200653,168.4,88.5,3.034463276836158,-39.17977820815886
3,339,211,1.0,0.13957,1.0073353372385607,1.5871488065795347,4,313,-121.28112673179754,17.23769992387804,248.4,122.5,3.0004081632653063,-39.17977820815886
3,339,211,1.0,0.13957,1.0073353372385607,1.5871488065795347,5,774,-283.73730320339405,94.30876295904442,672.000895062889,299.0,2.8206998426046863,-39.17977820815886
3,339,211,1.0,0.13957,1.0073353372385607,1.5871488065795347,6,969,-342.17902733173486,143.36845278619646,850.9251242145598,371.0,2.7448263518518994,-39.17977820815886
3,339,211,1.0,0.13957,1.0073353372385607,1.5871488065795347,7,1170,-393.9566603813532,202.6009618466088,1035.4153612340322,443.0,2.6665925780831854,-39.17977820815886
3,339,211,1.0,0.13957,1.0073353372385607,1.5871488065795347,8,1376,-436.7923728995343,270.9398881242741,1224.5619543652651,514.0,2.586384257237764,-39.17977820815886
3,340,-211,-1.0,0.13957,0.5489289454843167,1.092787703827061,1,55,-30.444042589533254,13.36872360424455,4.75,33.25,2.7278195488721804,-39.17977820815886
3,340,-211,-1.0,0.13957,0.5489289454843167,1.092787703827061,2,84,-46.87511617062967,18.787588562398664,27.6,50.5,2.7603960396039606,-39.17977820815886
3,340,-211,-1.0,0.13957,0.5489289454843167,1.092787703827061,3,149,-84.23688308493875,27.136645484185404,78.4,88.5,2.8299435028248587,-39.17977820815886
3,340,-211,-1.0,0.13957,0.5489289454843167,1.092787703827061,4,207,-118.73615160852823,30.13264510786597,124.4,122.5,2.8930612244897964,-39.17977820815886
3,340,-211,-1.0,0.13957,0.5489289454843167,1.092787703827061,5,530,-297.4266216344248,-30.63339261545642,379.3926767011324,299.0,-3.0389597495127543,-39.17977820815886
3,340,-211,-1.0,0.13957,0.5489289454843167,1.092787703827061,6,684,-357.6653359275164,-98.57234640535276,500.13393662591307,371.0,-2.872669285209549,-39.17977820815886
3,340,-211,-1.0,0.13957,0.5489289454843167,1.092787703827061,7,865,-395.72411109870046,-199.1266629438242,643.3743479327427,443.0,-2.6753917703936447,-39.17977820815886
3,340,-211,-1.0,0.13957,0.5489289454843167,1.092787703827061,8,1118,-379.5224476491245,-346.6391664691363,842.2817713785618,514.0,-2.4014472702811904,-39.17977820815886
3,344,211,1.0,0.13957,0.0674254226215585,1.6465708816770055,1,118,-13.56353358584261,30.357751179323536,47.75,33.25,1.9909774436090226,-39.17977820815886
3,344,211,1.0,0.13957,0.0674254226215585,1.6465708816770055,2,193,-4.518733681755246,50.29742583784354,103.60000000000001,50.5,1.6603960396039605,-39.17977820815886
3,347,-211,-1.0,0.13957,0.4309493535196866,1.2590612824551612,1,64,-16.461368760415755,-28.88919934047339,14.75,33.25,-2.088721804511278,-39.17977820815886
3,347,-211,-1.0,0.13957,0.4309493535196866,1.2590612824551612,2,97,-23.26198400304177,-44.823320941695385,42.800000000000004,50.49999999999999,-2.04950495049505,-39.17977820815886
3,347,-211,-1.0,0.13957,0.4309493535196866,1.2590612824551612,3,172,-33.57222885418398,-81.8850135846743,105.2,88.49999999999999,-1.959887005649718,-39.17977820815886
3,347,-211,-1.0,0.13957,0.4309493535196866,1.2590612824551612,4,239,-37.086206118963894,-116.75128828283535,162.0,122.5,-1.8783673469387756,-39.17977820815886
3,347,-211,-1.0,0.13957,0.4309493535196866,1.2590612824551612,5,638,51.05206963105338,-294.6093789857785,495.9323282229806,299.0,-1.3992129303018597,-39.17977820815886
3,347,-211,-1.0,0.13957,0.4309493535196866,1.2590612824551612,6,863,158.80503299984372,-335.29384350733096,684.7143909998937,371.0,-1.1284668438501415,-39.17977820815886
3,348,211,1.0,0.13957,0.2964617723882417,-0.1162960426135692,1,37,-18.66777123324318,27.515028932990393,-43.0,33.25,2.1669172932330825,-39.17977820815886
3,348,211,1.0,0.13957,0.2964617723882417,-0.1162960426135692,2,56,-25.83920866648323,43.38876923225569,-45.2,50.5,2.107920792079208,-39.17977820815886
3,348,211,1.0,0.13957,0.2964617723882417,-0.1162960426135692,3,99,-34.90928171037041,81.32399430958858,-49.6,88.5,1.9762711864406781,-39.17977820815886
3,348,211,1.0,0.13957,0.2964617723882417,-0.1162960426135692,4,140,-34.12012469105237,117.6523144314086,-54.0,122.5,1.853061224489796,-39.17977820815886
3,349,-211,-1.0,0.13957,0.2540534646222393,0.6578951820535033,1,44,-17.831934290150553,-28.063938060645604,-15.5,33.25,-2.136842105263158,-39.17977820815886
3,349,-211,-1.0,0.13957,0.2540534646222393,0.6578951820535033,2,68,-24.05707908866045,-44.401654763329894,-3.2,50.5,-2.0673267326732674,-39.17977820815886
3,349,-211,-1.0,0.13957,0.2540534646222393,0.6578951820535033,3,121,-29.555580143112113,-83.418928801586,24.8,88.49999999999999,-1.911299435028249,-39.17977820815886
3,349,-211,-1.0,0.13957,0.2540534646222393,0.6578951820535033,4,171,-23.530296644537422,-120.2188634941292,51.2,122.5,-1.7640816326530615,-39.17977820815886
3,350,211,1.0,0.13957,0.0859237542685173,1.1335958819678331,1,80,11.111048173473776,-31.338588169966194,8.25,33.25,-1.230075187969925,-39.17977820815886
3,350,211,1.0,0.13957,0.0859237542685173,1.1335958819678331,2,127,5.514197753477776,-50.19804401702861,36.0,50.50000000000001,-1.4613861386138611,-39.17977820815886
3,351,-211,-1.0,0.13957,0.3513206528116053,1.6872533458825854,1,94,9.829847001634665,31.76376249634879,47.75,33.25,1.2706766917293233,-39.17977820815886
3,351,-211,-1.0,0.13957,0.3513206528116053,1.6872533458825854,2,143,12.542547213664438,48.917629842348234,93.2,50.5,1.3198019801980199,-39.17977820815886
3,351,-211,-1.0,0.13957,0.3513206528116053,1.6872533458825854,3,252,12.424297620414372,87.62355179196608,194.4,88.49999999999999,1.429943502824859,-39.17977820815886
3,351,-211,-1.0,0.13957,0.3513206528116053,1.6872533458825854,4,353,4.821304448021033,122.40508577432345,287.2,122.49999999999996,1.5314285714285722,-39.17977820815886
3,351,-211,-1.0,0.13957,0.3513206528116053,1.6872533458825854,5,1010,-174.5912713158151,242.73213215461905,894.6081504702612,299.0,2.194342056870798,-39.17977820815886
3,352,-2212,-1.0,0.93827,2.3408779438269467,-1.1530539785663534,1,59,25.92331852191457,20.821720793713496,-86.5,33.25,0.6766917293233082,-39.17977820815886
3,352,-2212,-1.0,0.93827,2.3408779438269467,-1.1530539785663534,2,90,39.1350366285096,31.91706296145077,-111.2,50.50000000000001,0.6841584158415841,-39.17977820815886
3,352,-2212,-1.0,0.93827,2.3408779438269467,-1.1530539785663534,3,158,67.65631188917347,57.051498328745815,-165.60000000000002,88.5,0.7005649717514124,-39.17977820815886
3,352,-2212,-1.0,0.93827,2.3408779438269467,-1.1530539785663534,4,219,92.45793392253547,80.36031641784436,-214.0,122.5,0.7155102040816327,-39.17977820815886
3,352,-2212,-1.0,0.93827,2.3408779438269467,-1.1530539785663534,5,536,210.20106224230247,212.64174903392723,-466.75058384879446,299.0,0.791170189364561,-39.17977820815886
3,352,-2212,-1.0,0.93827,2.3408779438269467,-1.1530539785663534,6,666,252.48737432635616,271.82922176576693,-570.5029292029219,371.0,0.8222710775633015,-39.17977820815886
3,352,-2212,-1.0,0.93827,2.3408779438269467,-1.1530539785663534,7,796,291.1964842830312,333.84668268713165,-674.7764141622729,443.0,0.853528159002615,-39.17977820815886
3,352,-2212,-1.0,0.93827,2.3408779438269467,-1.1530539785663534,8,926,325.6950597311392,397.6414566751432,-778.2207077053721,514.0000000000001,0.8845367157592501,-39.17977820815886
3,353,211,1.0,0.13957,0.7326513193297977,-1.143457010685349,1,57,25.511350039482313,21.32448168568244,-86.0,33.25,0.6962406015037594,-39.17977820815886
3,353,211,1.0,0.13957,0.7326513193297977,-1.143457010685349,2,87,39.48032033899285,31.48895530071628,-110.4,50.5,0.6732673267326733,-39.17977820815886
3,353,211,1.0,0.13957,0.7326513193297977,-1.143457010685349,3,154,71.98173117975014,51.48670096603768,-164.4,88.5,0.6209039548022599,-39.17977820815886
3,353,211,1.0,0.13957,0.7326513193297977,-1.143457010685349,4,214,102.8757695554542,66.50433097455448,-212.8,122.5,0.5738775510204082,-39.17977820815886
3,353,211,1.0,0.13957,0.7326513193297977,-1.143457010685349,5,535,283.6885318545723,94.45536985368956,-473.2945930188228,298.99999999999994,0.321409554786058,-39.17977820815886
3,353,211,1.0,0.13957,0.7326513193297977,-1.143457010685349,6,676,362.7944475477153,77.59631968429957,-587.5268135606635,371.0,0.2107102569857144,-39.17977820815886
3,353,211,1.0,0.13957,0.7326513193297977,-1.143457010685349,7,827,441.1166698637406,40.80543552424937,-709.7755515138354,443.0,0.0922423466143669,-39.17977820815886
3,353,211,1.0,0.13957,0.7326513193297977,-1.143457010685349,8,991,513.6638204792945,-18.587079668822817,-842.285752737914,514.0,-0.0361695194477641,-39.17977820815886
3,354,211,1.0,0.13957,0.7441711317070379,-1.4380042986044566,1,74,21.689756358377284,25.201527118693267,-105.25,33.25,0.8601503759398497,-39.17977820815886
3,354,211,1.0,0.13957,0.7441711317070379,-1.4380042986044566,2,112,33.83327080958408,37.490796021495015,-139.6,50.50000000000001,0.8366336633663365,-39.17977820815886
3,354,211,1.0,0.13957,0.7441711317070379,-1.4380042986044566,3,198,62.549058872522586,62.60882712654584,-215.60000000000002,88.49999999999999,0.7858757062146894,-39.17977820815886
3,354,211,1.0,0.13957,0.7441711317070379,-1.4380042986044566,4,274,90.49610530362645,82.56333886704772,-283.6,122.5,0.739591836734694,-39.17977820815886
3,354,211,1.0,0.13957,0.7441711317070379,-1.4380042986044566,5,687,263.642229938753,141.04529270032972,-650.7259310423069,299.0,0.4912442734897394,-39.17977820815886
3,354,211,1.0,0.13957,0.7441711317070379,-1.4380042986044566,6,867,344.1611290979088,138.54283531836867,-811.1444932474885,371.00000000000006,0.3827046505049477,-39.17977820815886
3,354,211,1.0,0.13957,0.7441711317070379,-1.4380042986044566,7,1059,427.3177129320278,116.82710393800352,-982.3381359565096,443.0,0.2668747018856819,-39.17977820815886
3,354,211,1.0,0.13957,0.7441711317070379,-1.4380042986044566,8,1267,508.833962021424,72.69112114680924,-1167.049949742747,514.0,0.1418981237953563,-39.17977820815886
3,355,-211,-1.0,0.13957,0.681765605923184,-1.1709859388748285,1,59,3.4229031139396158,33.073346281750545,-87.75,33.25,1.467669172932331,-39.17977820815886
3,355,-211,-1.0,0.13957,0.681765605923184,-1.1709859388748285,2,89,3.8714123871259924,50.35138693351761,-112.80000000000001,50.50000000000001,1.4940594059405938,-39.17977820815886
3,355,-211,-1.0,0.13957,0.681765605923184,-1.1709859388748285,3,157,1.8653367809179306,88.48033972976005,-168.4,88.5,1.5497175141242938,-39.17977820815886
3,355,-211,-1.0,0.13957,0.681765605923184,-1.1709859388748285,4,219,-3.626919862717932,122.44629619677936,-218.8,122.5,1.6004081632653062,-39.17977820815886
3,355,-211,-1.0,0.13957,0.681765605923184,-1.1709859388748285,5,551,-89.22435616038113,285.3769687058951,-490.3515526472056,298.99999999999994,1.873821824355088,-39.17977820815886
3,355,-211,-1.0,0.13957,0.681765605923184,-1.1709859388748285,6,698,-152.81524023225143,338.0658254730272,-611.0172425720029,371.0,1.9953355111383768,-39.17977820815886
3,355,-211,-1.0,0.13957,0.681765605923184,-1.1709859388748285,7,858,-234.02886082246167,376.1375975652272,-742.1326523219199,443.0,2.1273720494724544,-39.17977820815886
3,355,-211,-1.0,0.13957,0.681765605923184,-1.1709859388748285,8,1036,-332.49985884556287,391.9691873957452,-888.0270109044786,514.0,2.274291345464149,-39.17977820815886
4,381,-211,-1.0,0.13957,0.7370970750784724,1.418894555435221,1,73,-32.290331098344446,7.930763995939444,53.0,33.24999999999999,2.9007518796992486,-11.66279557204789
4,381,-211,-1.0,0.13957,0.7370970750784724,1.418894555435221,2,110,-49.30661680485958,10.913640055395776,86.80000000000001,50.5,2.9237623762376237,-11.66279557204789
4,381,-211,-1.0,0.13957,0.7370970750784724,1.418894555435221,3,194,-87.28510458205714,14.61370993619851,160.8,88.5,2.9757062146892657,-11.66279557204789
4,381,-211,-1.0,0.13957,0.7370970750784724,1.418894555435221,4,270,-121.63157110208365,14.5605944672176,227.60000000000002,122.5,3.022448979591837,-11.66279557204789
4,381,-211,-1.0,0.13957,0.7370970750784724,1.418894555435221,5,676,-296.4036254552626,-39.3178180597093,587.2660081187473,299.0,-3.0097129860054883,-11.66279557204789
4,381,-211,-1.0,0.13957,0.7370970750784724,1.418894555435221,6,853,-360.2129075827946,-88.81250593665885,744.6735932246187,371.0,-2.899858406217334,-11.66279557204789
4,381,-211,-1.0,0.13957,0.7370970750784724,1.418894555435221,7,1043,-414.7320129217365,-155.71241908686858,912.9408296464808,443.0,-2.7824248059116394,-11.66279557204789
4,381,-211,-1.0,0.13957,0.7370970750784724,1.418894555435221,8,1249,-454.4285136974836,-240.18893800234844,1095.0004204701738,514.0,-2.655365484709691,-11.66279557204789
4,382,-211,-1.0,0.13957,0.4623818587073132,-0.8954312247795516,1,48,-9.199417691583976,-31.952045539147754,-45.5,33.25,-1.8511278195488723,-11.66279557204789
4,382,-211,-1.0,0.13957,0.4623818587073132,-0.8954312247795516,2,73,-12.105738852518883,-49.027554363180464,-63.2,50.50000000000001,-1.812871287128713,-11.66279557204789
4,382,-211,-1.0,0.13957,0.4623818587073132,-0.8954312247795516,3,130,-14.02514526542409,-87.38160733405945,-102.4,88.5,-1.7299435028248586,-11.66279557204789
4,382,-211,-1.0,0.13957,0.4623818587073132,-0.8954312247795516,4,181,-10.215572405796522,-122.07330617469951,-138.0,122.5,-1.6542857142857144,-11.66279557204789
4,382,-211,-1.0,0.13957,0.4623818587073132,-0.8954312247795516,5,474,103.11755856183352,-280.6559621961501,-343.3471227359847,299.0,-1.2186909518546716,-11.66279557204789
4,382,-211,-1.0,0.13957,0.4623818587073132,-0.8954312247795516,6,629,203.47631897544983,-310.2231255341887,-450.994695682259,371.0,-0.9902824657855788,-11.66279557204789
4,382,-211,-1.0,0.13957,0.4623818587073132,-0.8954312247795516,7,865,355.3533015433485,-264.5241597326074,-616.1250047779424,443.0,-0.6399059472338753,-11.66279557204789
4,390,321,1.0,0.49368,0.1635762081329978,-1.0279803088948412,1,114,20.333938200980576,26.307669171530623,-52.5,33.25,0.9127819548872181,-11.66279557204789
4,390,321,1.0,0.49368,0.1635762081329978,-1.0279803088948412,2,174,35.075930359795564,36.33082863622535,-74.4,50.5,0.802970297029703,-11.66279557204789
4,390,321,1.0,0.49368,0.1635762081329978,-1.0279803088948412,3,318,75.6696914379888,45.89496484016044,-125.60000000000001,88.5,0.5451977401129944,-11.66279557204789
4,390,321,1.0,0.49368,0.1635762081329978,-1.0279803088948412,4,471,118.06860063209331,32.65050604170258,-180.4,122.5,0.26979591836734695,-11.66279557204789
4,391,-211,-1.0,0.13957,0.1284737378195081,1.3640726697541312,1,79,-33.2347233540468,1.0078013593839439,49.75,33.25,3.111278195488722,-11.66279557204789
4,391,-211,-1.0,0.13957,0.1284737378195081,1.3640726697541312,2,122,-50.17860988348679,-5.688331052324728,83.2,50.5,-3.028712871287129,-11.66279557204789
4,391,-211,-1.0,0.13957,0.1284737378195081,1.3640726697541312,3,229,-78.95537972320228,-39.97871949881508,166.8,88.5,-2.6728813559322036,-11.66279557204789
4,391,-211,-1.0,0.13957,0.1284737378195081,1.3640726697541312,4,382,-68.7367958395544,-101.39774601889046,285.6,122.5,-2.166530612244898,-11.66279557204789
4,398,-211,-1.0,0.13957,0.4547913011440772,1.6306573181514166,1,88,23.201339684843678,23.817227731801573,70.0,33.25,0.7984962406015038,-11.66279557204789
4,398,-211,-1.0,0.13957,0.4547913011440772,1.6306573181514166,2,135,33.83327080958408,37.490796021495015,112.80000000000001,50.50000000000001,0.8366336633663365,-11.66279557204789
4,398,-211,-1.0,0.13957,0.4547913011440772,1.6306573181514166,3,237,53.55141383665163,70.45918021163513,207.20000000000002,88.5,0.9209039548022598,-11.66279557204789
4,398,-211,-1.0,0.13957,0.4547913011440772,1.6306573181514166,4,331,66.3972622368482,102.94490549537268,292.8,122.5,0.9979591836734694,-11.66279557204789
4,398,-211,-1.0,0.13957,0.4547913011440772,1.6306573181514166,5,871,38.05316760492239,296.5686369716658,789.7014908686637,299.0,1.443182115177039,-11.66279557204789
4,398,-211,-1.0,0.13957,0.4547913011440772,1.6306573181514166,6,1158,-40.49770707247145,368.7830469556217,1054.1983882128106,371.0,1.6801725171199449,-11.66279557204789
4,398,-211,-1.0,0.13957,0.4547913011440772,1.6306573181514166,7,1632,-212.3648810563541,388.78034581743015,1490.1007946451916,443.0,2.070743256096745,-11.66279557204789
4,399,211,1.0,0.13957,0.2741821317694257,0.6078161106773019,1,43,-15.8935081401332,-29.205460088817635,9.75,33.25,-2.0691729323308268,-11.66279557204789
4,399,211,1.0,0.13957,0.2741821317694257,0.6078161106773019,2,65,-26.9051631937259,-42.735959021870286,21.200000000000003,50.49999999999999,-2.1326732673267332,-11.66279557204789
4,399,211,1.0,0.13957,0.2741821317694257,0.6078161106773019,3,116,-57.38299423197723,-67.37538105994552,46.400000000000006,88.49999999999999,-2.2762711864406784,-11.66279557204789
4,399,211,1.0,0.13957,0.2741821317694257,0.6078161106773019,4,164,-91.2371017390776,-81.74375368340509,70.4,122.5,-2.4110204081632656,-11.66279557204789
4,400,-211,-1.0,0.13957,0.3097132328101436,-0.3341574723201619,1,38,-24.652989319479527,-22.311266607111943,-23.0,33.25,-2.406015037593985,-11.66279557204789
4,400,-211,-1.0,0.13957,0.3097132328101436,-0.3341574723201619,2,58,-35.50479286168581,-35.911832087054336,-28.8,50.50000000000001,-2.3504950495049504,-11.66279557204789
4,400,-211,-1.0,0.13957,0.3097132328101436,-0.3341574723201619,3,103,-53.80507673336915,-70.26566528338188,-42.400000000000006,88.5,-2.2242937853107345,-11.66279557204789
4,400,-211,-1.0,0.13957,0.3097132328101436,-0.3341574723201619,4,144,-62.618860178869696,-105.28593614485825,-54.400000000000006,122.5,-2.1073469387755104,-11.66279557204789
4,400,-211,-1.0,0.13957,0.3097132328101436,-0.3341574723201619,5,465,107.01238999340158,-279.19410521696216,-149.63712629264086,299.0,-1.2047773388173844,-11.66279557204789
4,401,211,1.0,0.13957,0.4581919747162559,0.4047007636753273,1,37,22.913144695357634,-24.09461143429386,2.25,33.25,-0.8105263157894738,-11.66279557204789
4,401,211,1.0,0.13957,0.4581919747162559,0.4047007636753273,2,56,33.38545812038337,-37.890119900735705,9.200000000000001,50.5,-0.8485148514851485,-11.66279557204789
4,401,211,1.0,0.13957,0.4581919747162559,0.4047007636753273,3,100,52.751863237510804,-71.0597700880812,25.200000000000003,88.50000000000001,-0.9322033898305083,-11.66279557204789
4,401,211,1.0,0.13957,0.4581919747162559,0.4047007636753273,4,139,65.30106740818117,-103.64371951716215,40.0,122.5,-1.0085714285714287,-11.66279557204789
4,401,211,1.0,0.13957,0.4581919747162559,0.4047007636753273,5,366,36.202018522006775,-296.8002928821538,123.8200647682196,299.0,-1.449421548973646,-11.66279557204789
4,401,211,1.0,0.13957,0.4581919747162559,0.4047007636753273,6,486,-41.34276932235921,-368.6892667609924,168.1919974438297,371.0,-1.6824642963889334,-11.66279557204789
4,401,211,1.0,0.13957,0.4581919747162559,0.4047007636753273,7,677,-205.45834981850427,-392.4740328860715,238.75486806458323,443.0,-2.053063095788134,-11.66279557204789
4,412,-2212,-1.0,0.93827,0.431684497021388,-1.667664888135166,1,116,24.422171930274985,-22.563688045354834,-96.75,33.25,-0.7458646616541353,-11.66279557204789
4,412,-2212,-1.0,0.93827,0.431684497021388,-1.667664888135166,2,177,38.43058474789785,-32.76187045842529,-141.20000000000002,50.49999999999999,-0.705940594059406,-11.66279557204789
4,412,-2212,-1.0,0.93827,0.431684497021388,-1.667664888135166,3,312,72.18478745730795,-51.20162555762542,-239.60000000000002,88.50000000000001,-0.6169491525423728,-11.66279557204789
4,412,-2212,-1.0,0.93827,0.431684497021388,-1.667664888135166,4,434,105.35102830655835,-62.50928598816934,-329.20000000000005,122.5,-0.5355102040816327,-11.66279557204789
4,412,-2212,-1.0,0.93827,0.431684497021388,-1.667664888135166,5,1156,298.505744992019,-17.18488308833492,-855.9024276587054,299.00000000000006,-0.0575062153103472,-11.66279557204789
4,412,-2212,-1.0,0.93827,0.431684497021388,-1.667664888135166,6,1564,362.6941467929544,78.06379366986259,-1153.012016299181,371.0,0.2119989717208923,-11.66279557204789
4,413,211,1.0,0.13957,0.7201203725073946,1.14079506329261,1,57,-11.244825079191502,-31.29083586193226,35.0,33.25,-1.9157894736842107,-11.66279557204789
4,413,211,1.0,0.13957,0.7201203725073946,1.14079506329261,2,87,-18.205426718065883,-47.10427197201049,59.2,50.5,-1.9396039603960396,-11.66279557204789
4,413,211,1.0,0.13957,0.7201203725073946,1.14079506329261,3,154,-36.23696368042364,-80.74114479757927,112.80000000000001,88.50000000000001,-1.9926553672316383,-11.66279557204789
4,413,211,1.0,0.13957,0.7201203725073946,1.14079506329261,4,213,-55.43617167952873,-109.23864183299708,161.20000000000002,122.5,-2.0404081632653064,-11.66279557204789
4,413,211,1.0,0.13957,0.7201203725073946,1.14079506329261,5,535,-198.7000929876228,-223.42621387543147,421.5203664205564,299.0,-2.297686172418088,-11.66279557204789
4,413,211,1.0,0.13957,0.7201203725073946,1.14079506329261,6,676,-276.27484750893854,-247.61504121097485,535.9199919567866,371.0,-2.4108457973828936,-11.66279557204789
4,413,211,1.0,0.13957,0.7201203725073946,1.14079506329261,7,828,-363.2952731336881,-253.50649798125275,658.7521043372551,443.0,-2.532346472634828,-11.66279557204789
4,413,211,1.0,0.13957,0.7201203725073946,1.14079506329261,8,993,-456.66717555902886,-235.90483413219653,792.6265080165882,514.0,-2.6647697050281614,-11.66279557204789
4,430,211,1.0,0.13957,0.3680532678318459,1.1294105963477967,1,58,-33.24807321701571,0.3579488175179602,34.5,33.24999999999999,3.130827067669174,-11.66279557204789
4,430,211,1.0,0.13957,0.3680532678318459,1.1294105963477967,2,88,-50.4167309291323,2.8988346657708233,58.400000000000006,50.5,3.0841584158415842,-11.66279557204789
4,430,211,1.0,0.13957,0.3680532678318459,1.1294105963477967,3,156,-87.32603793385476,14.367083864687345,112.0,88.5,2.978531073446328,-11.66279557204789
4,430,211,1.0,0.13957,0.3680532678318459,1.1294105963477967,4,218,-118.39687413807826,31.439309698720418,161.20000000000002,122.5,2.8820408163265308,-11.66279557204789
4,430,211,1.0,0.13957,0.3680532678318459,1.1294105963477967,5,611,-192.96015146433007,228.4017949729441,471.9628343553787,299.0,2.2722798998686065,-11.66279557204789
5,442,211,1.0,0.13957,0.6651533976013511,0.2682115114231853,1,35,-18.377110482400816,-27.7100037949769,5.75,33.25,-2.156390977443609,-3.390448815473444
5,442,211,1.0,0.13957,0.6651533976013511,0.2682115114231853,2,53,-28.986978638538144,-41.352207551821635,10.4,50.50000000000001,-2.182178217821782,-3.390448815473444
5,442,211,1.0,0.13957,0.6651533976013511,0.2682115114231853,3,93,-54.87062441939847,-69.43676674374544,20.8,88.5,-2.2395480225988704,-3.390448815473444
5,442,211,1.0,0.13957,0.6651533976013511,0.2682115114231853,4,130,-80.79525733131187,-92.07809941982455,30.0,122.5,-2.2910204081632655,-3.390448815473444
5,442,211,1.0,0.13957,0.6651533976013511,0.2682115114231853,5,327,-251.85733263221672,-161.14863945868404,80.79098870066687,299.0,-2.572392291436405,-3.390448815473444
5,442,211,1.0,0.13957,0.6651533976013511,0.2682115114231853,6,416,-335.0887678249149,-159.23729989415247,103.4487054948983,371.0,-2.6979735583338207,-3.390448815473444
5,442,211,1.0,0.13957,0.6651533976013511,0.2682115114231853,7,512,-422.37972553160273,-133.58281124399167,128.22275593188863,443.0,-2.835283830424676,-3.390448815473444
5,442,211,1.0,0.13957,0.6651533976013511,0.2682115114231853,8,621,-508.0920545854068,-77.70755476258402,156.10628925783084,514.0,-2.989828732588585,-3.390448815473444
5,443,-2212,-1.0,0.93827,0.4683142068826399,-0.3883942808214903,1,75,-32.3947042908966,-7.493039030017481,-16.75,33.25,-2.9142857142857146,-3.390448815473444
5,443,-2212,-1.0,0.93827,0.4683142068826399,-0.3883942808214903,2,115,-48.745561156271606,-13.19546390090873,-23.6,50.50000000000001,-2.877227722772277,-3.390448815473444
5,443,-2212,-1.0,0.93827,0.4683142068826399,-0.3883942808214903,3,202,-83.21785314617088,-30.11708680703259,-38.800000000000004,88.49999999999999,-2.794350282485876,-3.390448815473444
5,443,-2212,-1.0,0.93827,0.4683142068826399,-0.3883942808214903,4,281,-111.77369927051485,-50.12873578482212,-52.800000000000004,122.5,-2.72,-3.390448815473444
5,443,-2212,-1.0,0.93827,0.4683142068826399,-0.3883942808214903,5,737,-197.3794549473204,-224.5937460498371,-132.55743063921457,299.0,-2.291790746618275,-3.390448815473444
5,443,-2212,-1.0,0.93827,0.4683142068826399,-0.3883942808214903,6,974,-177.4612112571473,-325.8044175562175,-173.9760904588569,371.0,-2.0695507902051893,-3.390448815473444
5,443,-2212,-1.0,0.93827,0.4683142068826399,-0.3883942808214903,7,1322,-75.62019294850352,-436.4980944041235,-234.9587653906001,443.0,-1.7423365921132894,-3.390448815473444
5,450,211,1.0,0.13957,1.3789311371262882,-0.9828224462763236,1,50,-19.07940484851188,27.231210230663304,-41.5,33.25000000000001,2.1819548872180445,-3.390448815473444
5,450,211,1.0,0.13957,1.3789311371262882,-0.9828224462763236,2,77,-28.4936309255673,41.693680536474055,-61.6,50.50000000000001,2.17029702970297,-3.390448815473444
5,450,211,1.0,0.13957,1.3789311371262882,-0.9828224462763236,3,135,-47.87484321295029,74.43285153301214,-105.2,88.5,2.1423728813559326,-3.390448815473444
5,450,211,1.0,0.13957,1.3789311371262882,-0.9828224462763236,4,187,-63.68992780975196,104.64149796131831,-144.4,122.5,2.1175510204081633,-3.390448815473444
5,450,211,1.0,0.13957,1.3789311371262882,-0.9828224462763236,5,460,-121.12285234887877,273.36834973872107,-349.65599259365933,299.0,1.987877040900046,-3.390448815473444
5,450,211,1.0,0.13957,1.3789311371262882,-0.9828224462763236,6,573,-131.80638245352773,346.79688225893034,-434.945092177537,371.0,1.934002717407016,-3.390448815473444
5,450,211,1.0,0.13957,1.3789311371262882,-0.9828224462763236,7,688,-134.51103744599743,422.0850397789544,-521.5401459358974,443.0,1.8793035266509164,-3.390448815473444
5,450,211,1.0,0.13957,1.3789311371262882,-0.9828224462763236,8,804,-128.93463438275722,497.5659353860397,-608.5377699883347,513.9999999999999,1.824350004386412,-3.390448815473444
5,451,-211,-1.0,0.13957,0.5884865081592575,-1.588503830916696,1,85,30.778825570492344,12.578807435572207,-81.5,33.25,0.3879699248120301,-3.390448815473444
5,451,-211,-1.0,0.13957,0.5884865081592575,-1.588503830916696,2,129,46.155735710319206,20.491414325008495,-122.0,50.49999999999999,0.4178217821782179,-3.390448815473444
5,451,-211,-1.0,0.13957,0.5884865081592575,-1.588503830916696,3,227,78.37400516063002,41.1067551027996,-212.0,88.50000000000001,0.48305084745762705,-3.390448815473444
5,451,-211,-1.0,0.13957,0.5884865081592575,-1.588503830916696,4,316,104.96634628038045,63.15311669701869,-292.8,122.5,0.5416326530612245,-3.390448815473444
5,451,-211,-1.0,0.13957,0.5884865081592575,-1.588503830916696,5,803,193.9229515605616,227.584904723578,-739.2699150102242,299.0,0.8650898293856152,-3.390448815473444
5,451,-211,-1.0,0.13957,0.5884865081592575,-1.588503830916696,6,1028,195.93790592509035,315.0386278247327,-945.2634765965182,371.0,1.0143941207456435,-3.390448815473444
5,451,-211,-1.0,0.13957,0.5884865081592575,-1.588503830916696,7,1285,166.78634325240958,410.40384465120377,-1180.3549752878746,443.0,1.184788633842044,-3.390448815473444
5,451,-211,-1.0,0.13957,0.5884865081592575,-1.588503830916696,8,1602,89.81213383787727,506.092660108292,-1470.606216783341,514.0,1.39516297810548,-3.390448815473444
5,452,211,1.0,0.13957,0.1422697896382178,-1.118034344112908,1,65,-18.75043864869595,27.45876090579269,-49.25,33.25,2.169924812030075,-3.390448815473444
5,452,211,1.0,0.13957,0.1422697896382178,-1.118034344112908,2,101,-22.950771123558283,44.983464793566576,-74.0,50.50000000000001,2.0425742574257426,-3.390448815473444
5,452,211,1.0,0.13957,0.1422697896382178,-1.118034344112908,3,186,-14.41994578354542,87.31732453299064,-134.0,88.49999999999999,1.7344632768361585,-3.390448815473444
5,452,211,1.0,0.13957,0.1422697896382178,-1.118034344112908,4,288,24.702003747936537,119.98358642263086,-205.20000000000002,122.5,1.3677551020408165,-3.390448815473444
5,453,-211,-1.0,0.13957,1.34871986695343,0.5093853217205342,1,37,2.5763927640898796,33.150033187391315,14.25,33.25000000000001,1.4932330827067668,-3.390448815473444
5,453,-211,-1.0,0.13957,1.34871986695343,0.5093853217205342,2,57,3.2230224391172406,50.39704481769687,23.6,50.5,1.5069306930693072,-3.390448815473444
5,453,-211,-1.0,0.13957,1.34871986695343,0.5093853217205342,3,100,3.2147675150488464,88.44159242021927,43.6,88.5,1.5344632768361584,-3.390448815473444
5,453,-211,-1.0,0.13957,1.34871986695343,0.5093853217205342,4,139,1.3225243396377282,122.49286072817087,62.0,122.5,1.5600000000000003,-3.390448815473444
5,453,-211,-1.0,0.13957,1.34871986695343,0.5093853217205342,5,343,-36.35425510156284,296.7816843001106,156.92210074805507,299.00000000000006,1.6926840466597748,-3.390448815473444
5,453,-211,-1.0,0.13957,1.34871986695343,0.5093853217205342,6,427,-65.34223580678953,365.2004822282823,196.45095301862983,371.0,1.7478444627316363,-3.390448815473444
5,453,-211,-1.0,0.13957,1.34871986695343,0.5093853217205342,7,513,-102.32836995302532,431.0196105779373,236.61503561431144,443.0,1.803890940457202,-3.390448815473444
5,453,-211,-1.0,0.13957,1.34871986695343,0.5093853217205342,8,599,-146.71088716058216,492.6174129977085,277.00407873271064,514.0,1.860251119998586,-3.390448815473444
5,454,-211,-1.0,0.13957,0.1876316813254529,1.5776887252205622,1,88,-13.517867513840109,-30.37811313887461,74.0,33.25,-1.9894736842105265,-3.390448815473444
5,454,-211,-1.0,0.13957,0.1876316813254529,1.5776887252205622,2,134,-16.0893490159739,-47.868390909264754,115.2,50.50000000000001,-1.8950495049504947,-3.390448815473444
5,454,-211,-1.0,0.13957,0.1876316813254529,1.5776887252205622,3,242,-9.317227022186747,-88.00817735084073,210.4,88.5,-1.6762711864406779,-3.390448815473444
5,454,-211,-1.0,0.13957,0.1876316813254529,1.5776887252205622,4,351,14.041618003718362,-121.69257563153823,306.0,122.5,-1.455918367346939,-3.390448815473444
5,455,-211,-1.0,0.13957,1.9325499564553736,1.0315739035762337,1,52,19.614489401046004,26.84835759476274,37.25,33.25,0.9398496240601504,-3.390448815473444
5,455,-211,-1.0,0.13957,1.9325499564553736,1.0315739035762337,2,79,29.43596976264812,41.03381147459331,58.400000000000006,50.5,0.9485148514851486,-3.390448815473444
5,455,-211,-1.0,0.13957,1.9325499564553736,1.0315739035762337,3,140,50.148549733346904,72.92031925082358,105.2,88.5,0.9683615819209039,-3.390448815473444
5,455,-211,-1.0,0.13957,1.9325499564553736,1.0315739035762337,4,194,67.65280294124946,102.12418055579428,146.8,122.5,0.9857142857142858,-3.390448815473444
5,455,-211,-1.0,0.13957,1.9325499564553736,1.0315739035762337,5,475,141.5334616342487,263.38048378311305,364.2186488666536,299.00000000000006,1.0776995001548118,-3.390448815473444
5,455,-211,-1.0,0.13957,1.9325499564553736,1.0315739035762337,6,591,163.11993025870433,333.2159785370375,453.7468262558454,371.0,1.1155580212788112,-3.390448815473444
5,455,-211,-1.0,0.13957,1.9325499564553736,1.0315739035762337,7,707,179.46275182612797,405.0211361237752,543.9438894521228,443.0,1.15369959966376,-3.390448815473444
5,455,-211,-1.0,0.13957,1.9325499564553736,1.0315739035762337,8,823,190.24554910410689,477.4962105044153,633.6891813109188,514.0,1.1916500331522912,-3.390448815473444
5,470,2212,1.0,0.93827,1.766277023927891,0.0988706598114278,1,37,-31.572143047630842,10.428915733667422,-0.0,33.25000000000001,2.8225563909774434,-3.390448815473444
5,470,2212,1.0,0.93827,1.766277023927891,0.0988706598114278,2,57,-47.796023068961624,16.303072679445687,1.6,50.5,2.812871287128713,-3.390448815473444
5,470,2212,1.0,0.93827,1.766277023927891,0.0988706598114278,3,100,-83.1324447111013,30.35204501109745,5.2,88.5,2.791525423728814,-3.390448815473444
5,470,2212,1.0,0.93827,1.766277023927891,0.0988706598114278,4,139,-114.23896859050548,44.22338810377947,8.8,122.5,2.772244897959184,-3.390448815473444
5,470,2212,1.0,0.93827,1.766277023927891,0.0988706598114278,5,341,-266.5705375362411,135.42949648300197,26.36354702883514,298.99999999999994,2.6715307679234805,-3.390448815473444
5,470,2212,1.0,0.93827,1.766277023927891,0.0988706598114278,6,425,-323.49583753919626,181.6354676125066,33.62642012281886,371.0,2.6299806598875684,-3.390448815473444
5,470,2212,1.0,0.93827,1.766277023927891,0.0988706598114278,7,509,-376.8469276062837,232.884935437448,40.9548117000295,443.0,2.588055305451791,-3.390448815473444
5,470,2212,1.0,0.93827,1.766277023927891,0.0988706598114278,8,593,-425.5728455247604,288.24252488478936,48.26027721506583,514.0,2.546261313716996,-3.390448815473444
5,471,-211,-1.0,0.13957,0.0929915323816498,-0.5342267881388606,1,64,29.334037108321002,-15.654927879988659,-22.5,33.25,-0.49022556390977445,-3.390448815473444
5,471,-211,-1.0,0.13957,0.0929915323816498,-0.5342267881388606,2,100,48.51668404424386,-14.013613714920696,-33.2,50.5,-0.2811881188118812,-3.390448815473444
5,471,-211,-1.0,0.13957,0.0929915323816498,-0.5342267881388606,3,221,81.35729856658513,34.83159442155245,-69.2,88.5,0.40451977401129946,-3.390448815473444
5,476,2212,1.0,0.93827,2.504720925231141,0.8315297924080656,1,47,19.57409376915171,26.877822700443144,27.5,33.25000000000001,0.9413533834586464,-3.390448815473444
5,476,2212,1.0,0.93827,2.504720925231141,0.8315297924080656,2,71,30.001909214912086,40.6218591827131,43.6,50.49999999999999,0.9346534653465348,-3.390448815473444
5,476,2212,1.0,0.93827,2.504720925231141,0.8315297924080656,3,125,53.6707591992504,70.36831394154672,78.80000000000001,88.5,0.9192090395480227,-3.390448815473444
5,476,2212,1.0,0.93827,2.504720925231141,0.8315297924080656,4,173,75.59765204396118,96.39110438956581,110.80000000000001,122.5,0.9057142857142857,-3.390448815473444
5,476,2212,1.0,0.93827,2.504720925231141,0.8315297924080656,5,424,200.68622768425536,221.64394423909545,275.5620270494074,299.00000000000006,0.8349814994511474,-3.390448815473444
5,476,2212,1.0,0.93827,2.504720925231141,0.8315297924080656,6,527,256.8891133142436,267.67327744962097,343.1850093320907,371.00000000000006,0.8059536691086471,-3.390448815473444
5,476,2212,1.0,0.93827,2.504720925231141,0.8315297924080656,7,631,315.9303557484553,310.5430893075138,411.10358299871046,443.00000000000006,0.7767990221325656,-3.390448815473444
5,476,2212,1.0,0.93827,2.504720925231141,0.8315297924080656,8,733,376.8234481113733,349.5712930912021,478.4292303402359,514.0,0.7478987457578321,-3.390448815473444
5,477,211,1.0,0.13957,0.3822052194730134,0.4105144426075722,1,38,26.04809223983305,20.66541532767124,10.75,33.25,0.6706766917293233,-3.390448815473444
5,477,211,1.0,0.13957,0.3822052194730134,0.4105144426075722,2,58,40.96094999626656,29.53727433944018,18.0,50.50000000000001,0.6247524752475246,-3.390448815473444
5,477,211,1.0,0.13957,0.3822052194730134,0.4105144426075722,3,102,76.63749340715003,44.25996615756767,34.4,88.5,0.5237288135593221,-3.390448815473444
5,477,211,1.0,0.13957,0.3822052194730134,0.4105144426075722,4,142,111.27523834886267,51.22569014082489,49.2,122.5,0.43142857142857144,-3.390448815473444
5,477,211,1.0,0.13957,0.3822052194730134,0.4105144426075722,5,393,296.01274047865627,-42.15990363266607,141.59454201202553,299.0,-0.1414744861365614,-3.390448815473444
5,477,211,1.0,0.13957,0.3822052194730134,0.4105144426075722,6,582,311.7190209240003,-201.1771656878153,211.19036232450685,371.0,-0.5731204311620645,-3.390448815473444
5,478,211,1.0,0.13957,1.0227771175974936,1.2676295975670344,1,63,23.379759088262333,23.64210999413579,51.0,33.25000000000001,0.7909774436090224,-3.390448815473444
5,478,211,1.0,0.13957,1.0227771175974936,1.2676295975670344,2,97,36.13943318949888,35.273096954219184,79.2,50.5,0.7732673267326734,-3.390448815473444
5,478,211,1.0,0.13957,1.0227771175974936,1.2676295975670344,3,170,65.58324247492138,59.42296110491017,141.6,88.5,0.7361581920903956,-3.390448815473444
5,478,211,1.0,0.13957,1.0227771175974936,1.2676295975670344,4,236,93.46730963775335,79.18403897933182,197.60000000000002,122.5,0.702857142857143,-3.390448815473444
5,478,211,1.0,0.13957,1.0227771175974936,1.2676295975670344,5,583,258.57363513924423,150.13552281481225,492.87080626618143,299.0,0.5260548288985128,-3.390448815473444
5,478,211,1.0,0.13957,1.0227771175974936,1.2676295975670344,6,729,333.82876249252024,161.86215534433157,617.5485621250123,371.0,0.4514671239255431,-3.390448815473444
5,478,211,1.0,0.13957,1.0227771175974936,1.2676295975670344,7,880,412.2731616316148,162.11058015525205,745.96832950098,443.0,0.3746406249177199,-3.390448815473444
5,478,211,1.0,0.13957,1.0227771175974936,1.2676295975670344,8,1035,491.6483121991329,149.92643900174463,877.439360449257,513.9999999999999,0.2959886799764639,-3.390448815473444
5,479,-211,-1.0,0.13957,0.2194187275967631,0.0413011677269058,1,39,-14.694950024354895,29.826514107111343,-2.0,33.25,2.0285714285714285,-3.390448815473444
5,479,-211,-1.0,0.13957,0.2194187275967631,0.0413011677269058,2,60,-25.92507630511652,43.337517448209766,-1.2000000000000002,50.5,2.10990099009901,-3.390448815473444
5,479,-211,-1.0,0.13957,0.2194187275967631,0.0413011677269058,3,108,-58.47913345568179,66.4262068032833,0.4,88.50000000000001,2.2926553672316383,-3.390448815473444
5,479,-211,-1.0,0.13957,0.2194187275967631,0.0413011677269058,4,154,-95.88132010236848,76.24317973056444,2.0,122.5,2.469795918367347,-3.390448815473444
5,480,211,1.0,0.13957,0.2374762193883301,0.2231554596783722,1,39,-26.25929632595537,20.396368707828042,4.0,33.25,2.481203007518797,-3.390448815473444
5,480,211,1.0,0.13957,0.2374762193883301,0.2231554596783722,2,60,-37.47389849528896,33.85198563695754,8.0,50.5,2.4069306930693073,-3.390448815473444
5,480,211,1.0,0.13957,0.2374762193883301,0.2231554596783722,3,107,-54.87062441939847,69.43676674374544,17.2,88.5,2.2395480225988704,-3.390448815473444
5,480,211,1.0,0.13957,0.2374762193883301,0.2231554596783722,4,152,-59.62922435047815,107.00750255641117,25.6,122.5,2.079183673469388,-3.390448815473444
5,505,-211,-1.0,0.13957,0.2344926282215936,-0.8784702098613713,1,51,14.206784638317759,-30.06209856680765,-36.5,33.25,-1.1293233082706768,-3.390448815473444
5,505,-211,-1.0,0.13957,0.2344926282215936,-0.8784702098613713,2,77,24.931918937576317,-43.916391223438694,-54.0,50.5,-1.0544554455445545,-3.390448815473444
5,505,-211,-1.0,0.13957,0.2344926282215936,-0.8784702098613713,3,139,56.06353215743228,-68.47722513385422,-93.60000000000001,88.5,-0.8847457627118646,-3.390448815473444
5,505,-211,-1.0,0.13957,0.2344926282215936,-0.8784702098613713,4,197,91.96420220018764,-80.9248757409179,-131.6,122.5,-0.7216326530612245,-3.390448815473444
5,514,211,1.0,0.13957,0.1152592825496749,-0.8771812900139032,1,62,-13.791401816371128,-30.25491259183201,-37.0,33.25,-1.9984962406015039,-3.390448815473444
5,514,211,1.0,0.13957,0.1152592825496749,-0.8771812900139032,2,97,-28.03786043152516,-42.00152833436321,-55.2,50.5,-2.1594059405940595,-3.390448815473444
5,514,211,1.0,0.13957,0.1152592825496749,-0.8771812900139032,3,187,-74.99750432742144,-46.98536308956655,-103.60000000000001,88.5,-2.5819209039548023,-3.390448815473444
5,515,-211,-1.0,0.13957,0.0976318541955718,-1.6900513609528842,1,106,-15.761592902614318,-29.276862693469358,-92.25,33.25,-2.0646616541353384,-3.390448815473444
5,515,-211,-1.0,0.13957,0.0976318541955718,-1.6900513609528842,2,167,-14.804102700277799,-48.2813477777871,-142.4,50.5,-1.8683168316831684,-3.390448815473444
5,515,-211,-1.0,0.13957,0.0976318541955718,-1.6900513609528842,3,348,25.738107053294787,-84.67467062417862,-293.6,88.5,-1.2757062146892657,-3.390448815473444
5,519,211,1.0,0.13957,0.2688717151967688,1.535326154317879,1,82,-33.18633338409066,-2.0566420495531124,70.5,33.25,-3.079699248120301,-3.390448815473444
5,519,211,1.0,0.13957,0.2688717151967688,1.535326154317879,2,126,-50.499775951790106,0.15042878382013292,109.2,50.5,3.1386138613861387,-3.390448815473444
5,519,211,1.0,0.13957,0.2688717151967688,1.535326154317879,3,224,-87.50535106620158,13.231157726397708,196.4,88.5,2.9915254237288136,-3.390448815473444
5,519,211,1.0,0.13957,0.2688717151967688,1.535326154317879,4,316,-117.46460627117678,34.760843970729745,278.0,122.5,2.853877551020408,-3.390448815473444
6,526,-211,-1.0,0.13957,0.5101415192847565,-1.0731868154162751,1,55,-33.24749735652068,-0.40794549654357437,-76.25,33.25,-3.129323308270677,-33.33980934385241
6,526,-211,-1.0,0.13957,0.5101415192847565,-1.0731868154162751,2,83,-50.44761328148131,-2.29963349299626,-98.80000000000001,50.5,-3.0960396039603966,-33.33980934385241
6,526,-211,-1.0,0.13957,0.5101415192847565,-1.0731868154162751,3,147,-87.85624699633291,-10.655039357944412,-148.4,88.5,-3.02090395480226,-33.33980934385241
6,526,-211,-1.0,0.13957,0.5101415192847565,-1.0731868154162751,4,204,-120.31998392149187,-23.007639364609698,-193.20000000000002,122.5,-2.95265306122449,-33.33980934385241
6,526,-211,-1.0,0.13957,0.5101415192847565,-1.0731868154162751,5,529,-251.21186386215084,-162.15301247557568,-445.9517326922905,299.0,-2.568399315164254,-33.33980934385241
6,526,-211,-1.0,0.13957,0.5101415192847565,-1.0731868154162751,6,688,-268.53554090017303,-255.9876232817741,-569.907238932494,371.0,-2.380112451544917,-33.33980934385241
6,526,-211,-1.0,0.13957,0.5101415192847565,-1.0731868154162751,7,889,-239.50534038811327,-372.6743778764163,-726.6652686348452,443.0,-2.1419989040265524,-33.33980934385241
6,531,2212,1.0,0.93827,0.1738313811260042,0.462667220375197,1,184,4.316758365271741,-32.96859258773199,-17.25,33.25000000000001,-1.4406015037593984,-33.33980934385241
6,531,2212,1.0,0.93827,0.1738313811260042,0.462667220375197,2,282,1.425025316966995,-50.479890083537256,-8.8,50.5,-1.5425742574257426,-33.33980934385241
6,531,2212,1.0,0.93827,0.1738313811260042,0.462667220375197,3,511,-18.54602805378142,-86.53493423715275,11.200000000000001,88.5,-1.7819209039548025,-33.33980934385241
6,531,2212,1.0,0.93827,0.1738313811260042,0.462667220375197,4,749,-54.318624931722546,-109.79862014400203,32.0,122.5,-2.030204081632653,-33.33980934385241
6,532,211,1.0,0.13957,0.1517233265757569,0.443746527437539,1,48,-29.78799160853169,14.77288245164245,-18.0,33.25,2.681203007518797,-33.33980934385241
6,532,211,1.0,0.13957,0.1517233265757569,0.443746527437539,2,73,-42.26303670207523,27.64210065677067,-9.600000000000001,50.5,2.5623762376237624,-33.33980934385241
6,532,211,1.0,0.13957,0.1517233265757569,0.443746527437539,3,135,-57.53510832055884,67.24553004134594,10.0,88.5,2.2785310734463278,-33.33980934385241
6,532,211,1.0,0.13957,0.1517233265757569,0.443746527437539,4,204,-46.62158803237948,113.28140857766155,32.0,122.5,1.9612244897959183,-33.33980934385241
6,534,-211,-1.0,0.13957,0.3679084310127708,1.4350057072350326,1,74,-18.79170880280959,27.43053372193856,32.5,33.25,2.1714285714285717,-33.33980934385241
6,534,-211,-1.0,0.13957,0.3679084310127708,1.4350057072350326,2,114,-30.482074222940565,40.26280108322249,67.2,50.5,2.218811881188119,-33.33980934385241
6,534,-211,-1.0,0.13957,0.3679084310127708,1.4350057072350326,3,201,-60.55113690100855,64.5430849897595,143.6,88.49999999999999,2.324293785310735,-33.33980934385241
6,534,-211,-1.0,0.13957,0.3679084310127708,1.4350057072350326,4,281,-92.03346654862042,80.84609474207127,214.0,122.5,2.420816326530612,-33.33980934385241
6,534,-211,-1.0,0.13957,0.3679084310127708,1.4350057072350326,5,786,-297.169406369507,33.03549481988754,658.3004804065641,299.0,3.0308800146224244,-33.33980934385241
6,536,-211,-1.0,0.13957,0.5670071620178241,1.5962276759579643,1,85,31.985317521149504,-9.083059125165189,45.25,33.25,-0.2766917293233083,-33.33980934385241
6,536,-211,-1.0,0.13957,0.5670071620178241,1.5962276759579643,2,130,48.98525734849296,-12.275771360770628,86.4,50.5,-0.24554455445544554,-33.33980934385241
6,536,-211,-1.0,0.13957,0.5670071620178241,1.5962276759579643,3,229,87.09334671032303,-15.716200520337743,176.8,88.5,-0.17853107344632768,-33.33980934385241
6,536,-211,-1.0,0.13957,0.5670071620178241,1.5962276759579643,4,318,121.66046070366372,-14.317202987046668,258.8,122.5,-0.11714285714285716,-33.33980934385241
6,536,-211,-1.0,0.13957,0.5670071620178241,1.5962276759579643,5,813,291.7461137187498,65.46147821433843,711.8421458182441,299.0,0.2207225592154913,-33.33980934385241
6,536,-211,-1.0,0.13957,0.5670071620178241,1.5962276759579643,6,1044,344.7117862248566,137.16699470961942,923.6296647396774,371.0,0.378710187233809,-33.33980934385241
6,536,-211,-1.0,0.13957,0.5670071620178241,1.5962276759579643,7,1312,374.7580093964896,236.2317387507036,1169.9295070252022,443.0,0.5624430405529907,-33.33980934385241
6,536,-211,-1.0,0.13957,0.5670071620178241,1.5962276759579643,8,1662,357.63534521391205,369.1787640882476,1490.0969983099678,514.0,0.8012790444705781,-33.33980934385241
6,537,211,1.0,0.13957,0.466829824683108,0.7490125607209513,1,44,-26.38150547258071,-20.238050029590152,-6.0,33.25,-2.487218045112782,-33.33980934385241
6,537,211,1.0,0.13957,0.466829824683108,0.7490125607209513,2,67,-41.193373080070096,-29.212257945700742,8.4,50.5,-2.5247524752475248,-33.33980934385241
6,537,211,1.0,0.13957,0.466829824683108,0.7490125607209513,3,118,-76.14221030890222,-45.10669361940533,39.6,88.49999999999999,-2.6067796610169496,-33.33980934385241
6,537,211,1.0,0.13957,0.466829824683108,0.7490125607209513,4,164,-109.76860617604407,-54.37925246055279,68.4,122.5,-2.6816326530612247,-33.33980934385241
6,537,211,1.0,0.13957,0.466829824683108,0.7490125607209513,5,431,-298.86472218408244,-8.993210429608931,233.1328579875032,299.0,-3.111510489865166,-33.33980934385241
6,537,211,1.0,0.13957,0.466829824683108,0.7490125607209513,6,569,-364.0646526756376,71.39978061708175,318.830852370035,371.0,2.947932163075321,-33.33980934385241
6,537,211,1.0,0.13957,0.466829824683108,0.7490125607209513,7,775,-383.0726870766797,222.4956548246556,446.1987336368918,443.0,2.6153967062873646,-33.33980934385241
6,549,-211,-1.0,0.13957,0.2083624081986998,-0.6416947908530871,1,46,16.424825527330267,28.909991463104237,-56.25,33.25,1.0541353383458647,-33.33980934385241
6,549,-211,-1.0,0.13957,0.2083624081986998,-0.6416947908530871,2,70,21.152106514725084,45.8567158657238,-68.4,50.5,1.1386138613861385,-33.33980934385241
6,549,-211,-1.0,0.13957,0.2083624081986998,-0.6416947908530871,3,126,20.915705716511503,85.99292560658863,-96.0,88.49999999999999,1.3322033898305088,-33.33980934385241
6,549,-211,-1.0,0.13957,0.2083624081986998,-0.6416947908530871,4,181,5.9701840890142455,122.35443147652349,-123.2,122.5,1.5220408163265307,-33.33980934385241
6,550,-211,-1.0,0.13957,0.745097009338918,1.2669877246611632,1,64,9.207062598303336,31.94984347866079,21.0,33.24999999999999,1.2902255639097748,-33.33980934385241
6,550,-211,-1.0,0.13957,0.745097009338918,1.2669877246611632,2,97,12.881276341245306,48.829527130830115,49.2,50.5,1.3128712871287127,-33.33980934385241
6,550,-211,-1.0,0.13957,0.745097009338918,1.2669877246611632,3,170,18.136076167674545,86.62177983186623,111.60000000000001,88.5,1.3644067796610169,-33.33980934385241
6,550,-211,-1.0,0.13957,0.745097009338918,1.2669877246611632,4,236,19.5387419866517,120.93174753380129,167.60000000000002,122.5,1.4106122448979592,-33.33980934385241
6,550,-211,-1.0,0.13957,0.745097009338918,1.2669877246611632,5,592,-26.16605805468812,297.8528787940091,469.4840345139157,298.99999999999994,1.658420312556815,-33.33980934385241
6,550,-211,-1.0,0.13957,0.745097009338918,1.2669877246611632,6,747,-72.24906531080006,363.8970631397233,601.3507272581127,371.0,1.7667901386639056,-33.33980934385241
6,550,-211,-1.0,0.13957,0.745097009338918,1.2669877246611632,7,913,-135.8233673567624,421.66457389715583,742.0442240420898,443.0,1.8824142335034324,-33.33980934385241
6,550,-211,-1.0,0.13957,0.745097009338918,1.2669877246611632,8,1092,-217.2237224134876,465.8431650468085,893.793686644216,514.0,2.0071242088529413,-33.33980934385241
6,556,-211,-1.0,0.13957,0.4416603577248066,-1.2556145040885636,1,64,-23.195640269554502,-23.8227784375673,-87.0,33.25,-2.342857142857143,-33.33980934385241
6,556,-211,-1.0,0.13957,0.4416603577248066,-1.2556145040885636,2,97,-33.758646264262644,-37.558005836364444,-114.80000000000001,50.5,-2.3029702970297032,-33.33980934385241
6,556,-211,-1.0,0.13957,0.4416603577248066,-1.2556145040885636,3,171,-53.2076800344418,-70.71911188181356,-177.20000000000002,88.5,-2.215819209039548,-33.33980934385241
6,556,-211,-1.0,0.13957,0.4416603577248066,-1.2556145040885636,4,238,-65.68549400301487,-103.40051197929292,-233.60000000000002,122.5,-2.136734693877551,-33.33980934385241
6,556,-211,-1.0,0.13957,0.4416603577248066,-1.2556145040885636,5,632,-30.674635927684143,-297.42237089819594,-563.0645217946469,299.0,-1.6735678990471512,-33.33980934385241
6,556,-211,-1.0,0.13957,0.4416603577248066,-1.2556145040885636,6,847,55.91954131904159,-366.7615095653687,-743.8909328327414,371.0,-1.419493172530988,-33.33980934385241
6,557,211,1.0,0.13957,0.1923100342544291,-0.9411285114419462,1,55,28.800173105022044,16.616634109252242,-69.75,33.25,0.5233082706766918,-33.33980934385241
6,557,211,1.0,0.13957,0.1923100342544291,-0.9411285114419462,2,84,45.86727133457174,21.129207754214864,-88.80000000000001,50.5,0.4316831683168317,-33.33980934385241
6,557,211,1.0,0.13957,0.1923100342544291,-0.9411285114419462,3,151,86.38217332141276,19.245002786942024,-133.20000000000002,88.50000000000001,0.2192090395480226,-33.33980934385241
6,557,211,1.0,0.13957,0.1923100342544291,-0.9411285114419462,4,218,122.49738776438615,0.7999943134926204,-177.60000000000002,122.5,0.006530612244897959,-33.33980934385241
6,558,211,1.0,0.13957,0.7227776023819101,-0.1231005298434789,1,34,-22.172314074109668,24.77803439740607,-37.5,33.25,2.300751879699248,-33.33980934385241
6,558,211,1.0,0.13957,0.7227776023819101,-0.1231005298434789,2,51,-32.742678096289396,38.446937863538245,-39.6,50.5,2.2762376237623765,-33.33980934385241
6,558,211,1.0,0.13957,0.7227776023819101,-0.1231005298434789,3,91,-53.765370032397875,70.2960524160449,-44.400000000000006,88.5,2.223728813559322,-33.33980934385241
6,558,211,1.0,0.13957,0.7227776023819101,-0.1231005298434789,4,126,-69.68565020256212,100.74800323503267,-48.400000000000006,122.5,2.175918367346939,-33.33980934385241
6,558,211,1.0,0.13957,0.7227776023819101,-0.1231005298434789,5,316,-102.20502888848412,280.9895586492568,-71.38451600941357,299.0,1.919652218434641,-33.33980934385241
6,558,211,1.0,0.13957,0.7227776023819101,-0.1231005298434789,6,399,-86.82802032861854,360.69640265161087,-81.42386832688567,371.0,1.80702508112597,-33.33980934385241
6,558,211,1.0,0.13957,0.7227776023819101,-0.1231005298434789,7,489,-51.00253334300123,440.0542484655682,-92.19549015255478,443.0,1.6861820669506542,-33.33980934385241
6,558,211,1.0,0.13957,0.7227776023819101,-0.1231005298434789,8,586,8.306220900063618,513.9328815072639,-103.9212504506168,514.0,1.554635660524342,-33.33980934385241
6,559,-211,-1.0,0.13957,0.253094488380345,-0.5468857546186694,1,42,33.091291831543096,-3.2448274098399468,-52.5,33.24999999999999,-0.09774436090225566,-33.33980934385241
6,559,-211,-1.0,0.13957,0.253094488380345,-0.5468857546186694,2,65,50.47918459844413,-1.4498007712097687,-62.400000000000006,50.49999999999999,-0.02871287128712872,-33.33980934385241
6,559,-211,-1.0,0.13957,0.253094488380345,-0.5468857546186694,3,115,87.77956714341154,11.269320836470222,-85.2,88.49999999999999,0.12768361581920906,-33.33980934385241
6,559,-211,-1.0,0.13957,0.253094488380345,-0.5468857546186694,4,163,117.86648796623125,33.37275856902246,-106.80000000000001,122.5,0.2759183673469388,-33.33980934385241
6,574,-211,-1.0,0.13957,0.2359856179127195,1.5157860271311985,1,82,20.215050475179737,26.399133210882816,39.0,33.25000000000001,0.9172932330827066,-33.33980934385241
6,574,-211,-1.0,0.13957,0.2359856179127195,1.5157860271311985,2,125,27.620995400771715,42.276833053938034,76.80000000000001,50.5,0.9920792079207921,-33.33980934385241
6,574,-211,-1.0,0.13957,0.2359856179127195,1.5157860271311985,3,223,35.25901781202963,81.17297372236018,163.20000000000002,88.5,1.1610169491525424,-33.33980934385241
6,574,-211,-1.0,0.13957,0.2359856179127195,1.5157860271311985,4,316,30.11078742142672,118.74169647121289,245.60000000000002,122.5,1.3224489795918368,-33.33980934385241
6,575,-211,-1.0,0.13957,0.0809089281798135,-0.7616864079366867,1,74,-33.21804068627278,-1.4574885814737741,-62.0,33.25,-3.0977443609022557,-33.33980934385241
6,575,-211,-1.0,0.13957,0.0809089281798135,-0.7616864079366867,2,118,-48.317656527091415,-14.685164886034494,-79.2,50.5,-2.8465346534653464,-33.33980934385241
6,579,-211,-1.0,0.13957,1.5115148331322243,-1.6497914410385892,1,89,24.045613936080933,-22.96455857265605,-116.75,33.25,-0.762406015037594,-33.33980934385241
6,579,-211,-1.0,0.13957,1.5115148331322243,-1.6497914410385892,2,136,36.93324238204586,-34.44104538409152,-160.0,50.5,-0.7504950495049505,-33.33980934385241
6,579,-211,-1.0,0.13957,1.5115148331322243,-1.6497914410385892,3,239,66.2173253188855,-58.71555013463543,-255.20000000000002,88.5,-0.7254237288135593,-33.33980934385241
6,579,-211,-1.0,0.13957,1.5115148331322243,-1.6497914410385892,4,331,93.46730963775335,-79.18403897933182,-340.8,122.5,-0.702857142857143,-33.33980934385241
6,579,-211,-1.0,0.13957,1.5115148331322243,-1.6497914410385892,5,813,249.28573190637968,-165.09883060730803,-787.8871641687404,299.0,-0.584964760069183,-33.33980934385241
6,579,-211,-1.0,0.13957,1.5115148331322243,-1.6497914410385892,6,1012,318.9562624642985,-189.49380632307103,-973.0154117842088,371.00000000000006,-0.5360743523212698,-33.33980934385241
6,579,-211,-1.0,0.13957,1.5115148331322243,-1.6497914410385892,7,1214,391.586255360024,-207.1453707257638,-1160.468326063779,443.00000000000006,-0.486570056199987,-33.33980934385241
6,579,-211,-1.0,0.13957,1.5115148331322243,-1.6497914410385892,8,1416,465.69583382521984,-217.5393995528929,-1348.1489785768656,514.0,-0.4370056360279882,-33.33980934385241
7,593,211,1.0,0.13957,0.3564052187156022,0.6456620831674104,1,42,23.450757334418835,23.57168811184725,-38.5,33.25,0.7879699248120302,-61.55067158023245
7,593,211,1.0,0.13957,0.3564052187156022,0.6456620831674104,2,64,37.3061450490963,34.036767495985686,-26.400000000000002,50.5,0.7396039603960396,-61.55067158023245
7,593,211,1.0,0.13957,0.3564052187156022,0.6456620831674104,3,114,71.48391372827815,52.17566557398275,0.4,88.50000000000001,0.6305084745762711,-61.55067158023245
7,593,211,1.0,0.13957,0.3564052187156022,0.6456620831674104,4,159,105.65593133049117,61.99253321720716,24.8,122.5,0.5306122448979592,-61.55067158023245
7,593,211,1.0,0.13957,0.3564052187156022,0.6456620831674104,5,453,297.04038059997544,-34.17619482946776,183.83202521943565,299.0,-0.1145520190427386,-61.55067158023245
7,595,211,1.0,0.13957,0.6980057614900449,0.1376732518069661,1,34,-22.68900502048076,24.305792543766167,-57.0,33.25,2.3218045112781955,-61.55067158023245
7,595,211,1.0,0.13957,0.6980057614900449,0.1376732518069661,2,52,-33.53493502956481,37.757888348832054,-54.400000000000006,50.5,2.297029702970297,-61.55067158023245
7,595,211,1.0,0.13957,0.6980057614900449,0.1376732518069661,3,91,-55.105687581405654,69.25036603643706,-49.2,88.5,2.2429378531073447,-61.55067158023245
7,595,211,1.0,0.13957,0.6980057614900449,0.1376732518069661,4,126,-71.44305703466766,99.50949503208838,-44.400000000000006,122.5,2.193469387755102,-61.55067158023245
7,595,211,1.0,0.13957,0.6980057614900449,0.1376732518069661,5,318,-104.2507028449037,280.2370263836376,-18.87389927482093,299.0,1.926942197032928,-61.55067158023245
7,595,211,1.0,0.13957,0.6980057614900449,0.1376732518069661,6,402,-87.58669586192482,360.5129272411611,-7.524513831478998,371.00000000000006,1.8091289786270464,-61.55067158023245
7,595,211,1.0,0.13957,0.6980057614900449,0.1376732518069661,7,494,-49.07682954729158,440.2731706583835,4.740930226882433,443.0,1.681807102176578,-61.55067158023245
7,595,211,1.0,0.13957,0.6980057614900449,0.1376732518069661,8,594,15.0623539958603,513.779257553381,18.25843378282888,514.0,1.5414879404280082,-61.55067158023245
7,596,-211,-1.0,0.13957,0.6240963947487905,-0.0754195455289081,1,34,-13.927749342371476,-30.19238808468239,-64.0,33.25,-2.0030075187969927,-61.55067158023245
7,596,-211,-1.0,0.13957,0.6240963947487905,-0.0754195455289081,2,51,-19.87247193726028,-46.4255841008253,-65.2,50.5,-1.9752475247524752,-61.55067158023245
7,596,-211,-1.0,0.13957,0.6240963947487905,-0.0754195455289081,3,91,-29.791108597109027,-83.33510573914968,-68.4,88.50000000000001,-1.9141242937853105,-61.55067158023245
7,596,-211,-1.0,0.13957,0.6240963947487905,-0.0754195455289081,4,126,-34.79186291015222,-117.45542250250166,-70.8,122.5,-1.8587755102040817,-61.55067158023245
7,596,-211,-1.0,0.13957,0.6240963947487905,-0.0754195455289081,5,320,4.222620226780937,-298.9701815874292,-85.09117610624585,299.0,-1.556673381636649,-61.55067158023245
7,596,-211,-1.0,0.13957,0.6240963947487905,-0.0754195455289081,6,408,55.892434963426446,-366.7656414031434,-91.54630779959754,371.0,-1.4195670794220063,-61.55067158023245
7,596,-211,-1.0,0.13957,0.6240963947487905,-0.0754195455289081,7,506,132.63828851028035,-422.6772816476699,-98.74239117079352,443.0,-1.2667229086554026,-61.55067158023245
7,596,-211,-1.0,0.13957,0.6240963947487905,-0.0754195455289081,8,620,238.6492358232698,-455.2389946401443,-107.15903811141342,514.0,-1.0879543523833433,-61.55067158023245
7,597,321,1.0,0.49368,0.9438536159604516,-1.425527831644026,1,75,-25.665904866210994,-21.13820776221594,-126.75,33.24999999999999,-2.4526315789473694,-61.55067158023245
7,597,321,1.0,0.49368,0.9438536159604516,-1.425527831644026,2,114,-39.57341108298916,-31.371884470919987,-160.4,50.5,-2.4712871287128717,-61.55067158023245
7,597,321,1.0,0.49368,0.9438536159604516,-1.425527831644026,3,200,-71.49514319791957,-52.16027702293168,-235.20000000000002,88.5,-2.5112994350282487,-61.55067158023245
7,597,321,1.0,0.49368,0.9438536159604516,-1.425527831644026,4,277,-101.4999532162846,-68.585782033101,-302.40000000000003,122.5,-2.5473469387755103,-61.55067158023245
7,597,321,1.0,0.49368,0.9438536159604516,-1.425527831644026,5,688,-275.1903483402698,-116.92421554306438,-657.8285649346003,299.0,-2.739819525834277,-61.55067158023245
7,597,321,1.0,0.49368,0.9438536159604516,-1.425527831644026,6,862,-352.15693806416886,-116.73256175236268,-808.8388320302878,371.00000000000006,-2.8215121003420256,-61.55067158023245
7,597,321,1.0,0.49368,0.9438536159604516,-1.425527831644026,7,1043,-430.7806389430534,-103.32976875912696,-965.3381028585236,443.0,-2.9061740713374125,-61.55067158023245
7,597,321,1.0,0.49368,0.9438536159604516,-1.425527831644026,8,1229,-508.3801150102245,-75.80012310142371,-1126.9129002142367,514.0,-2.9935817707519887,-61.55067158023245
7,598,-321,-1.0,0.49368,1.5154260165349418,-0.6573386393955195,1,42,-33.22427778034881,-1.307618436020434,-85.0,33.25,-3.1022556390977445,-61.55067158023245
7,598,-321,-1.0,0.49368,1.5154260165349418,-0.6573386393955195,2,63,-50.4381102176602,-2.499407464012487,-97.2,50.5,-3.092079207920792,-61.55067158023245
7,598,-321,-1.0,0.49368,1.5154260165349418,-0.6573386393955195,3,112,-88.25170096258202,-6.624747331861058,-124.0,88.5,-3.066666666666667,-61.55067158023245
7,598,-321,-1.0,0.49368,1.5154260165349418,-0.6573386393955195,4,155,-121.91807186846172,-11.92617926565754,-148.0,122.5,-3.0440816326530613,-61.55067158023245
7,598,-321,-1.0,0.49368,1.5154260165349418,-0.6573386393955195,5,381,-292.0908352948546,-63.90574259606174,-273.95373962889386,299.0,-2.926199431404985,-61.55067158023245
7,598,-321,-1.0,0.49368,1.5154260165349418,-0.6573386393955195,6,474,-358.131715389963,-96.86420614366556,-326.0616579850416,371.0,-2.877441970473152,-61.55067158023245
7,598,-321,-1.0,0.49368,1.5154260165349418,-0.6573386393955195,7,569,-421.40582585158575,-136.62404597413638,-378.8203036146151,443.0,-2.8280753126776954,-61.55067158023245
7,598,-321,-1.0,0.49368,1.5154260165349418,-0.6573386393955195,8,664,-480.516620527193,-182.4822659798085,-431.63850611340376,514.0,-2.7786530597921777,-61.55067158023245
7,599,211,1.0,0.13957,1.0798152081149692,-0.7966538588486702,1,44,-21.340606836715796,-25.49786265240126,-91.0,33.25,-2.267669172932331,-61.55067158023245
7,599,211,1.0,0.13957,1.0798152081149692,-0.7966538588486702,2,67,-33.046177997675855,-38.18638657618607,-106.0,50.49999999999999,-2.284158415841585,-61.55067158023245
7,599,211,1.0,0.13957,1.0798152081149692,-0.7966538588486702,3,118,-60.22217037505698,-64.85013643252887,-140.0,88.5,-2.3192090395480225,-61.55067158023245
7,599,211,1.0,0.13957,1.0798152081149692,-0.7966538588486702,4,164,-86.13569626916794,-87.10276590456614,-170.0,122.5,-2.350612244897959,-61.55067158023245
7,599,211,1.0,0.13957,1.0798152081149692,-0.7966538588486702,5,406,-242.6718129039478,-174.6751018946643,-329.26116597465165,299.0,-2.5177015180887024,-61.55067158023245
7,599,211,1.0,0.13957,1.0798152081149692,-0.7966538588486702,6,507,-315.5708656155367,-195.07954473665572,-396.2081067318595,371.0,-2.587912768302443,-61.55067158023245
7,599,211,1.0,0.13957,1.0798152081149692,-0.7966538588486702,7,612,-392.6086974100246,-205.20090330698784,-464.92596172653657,443.00000000000006,-2.65998173013322,-61.55067158023245
7,599,211,1.0,0.13957,1.0798152081149692,-0.7966538588486702,8,718,-471.77374017376405,-204.0233763137396,-534.9496971956377,514.0,-2.733420138600549,-61.55067158023245
7,600,-211,-1.0,0.13957,0.2862314948976298,0.108708931817466,1,37,-28.746070695790067,-16.710054444933434,-58.0,33.25,-2.6150375939849626,-61.55067158023245
7,600,-211,-1.0,0.13957,0.2862314948976298,0.108708931817466,2,56,-42.01504629781968,-28.01759955085497,-56.0,50.5,-2.553465346534654,-61.55067158023245
7,600,-211,-1.0,0.13957,0.2862314948976298,0.108708931817466,3,100,-66.22996266001746,-58.701295096894526,-51.6,88.5,-2.4163841807909607,-61.55067158023245
7,600,-211,-1.0,0.13957,0.2862314948976298,0.108708931817466,4,141,-80.56951788568212,-92.2756890392521,-47.6,122.5,-2.2885714285714287,-61.55067158023245
7,601,321,1.0,0.49368,2.5005722120551885,-1.1315411584664188,1,57,-33.1664266841309,-2.3559798399328677,-107.75,33.25,-3.070676691729324,-61.55067158023245
7,601,321,1.0,0.49368,2.5005722120551885,-1.1315411584664188,2,87,-50.398620613243835,-3.198287085662172,-131.6,50.5,-3.0782178217821787,-61.55067158023245
7,601,321,1.0,0.49368,2.5005722120551885,-1.1315411584664188,3,152,-88.39888402606832,-4.229338357914172,-184.4,88.5,-3.0937853107344635,-61.55067158023245
7,601,321,1.0,0.49368,2.5005722120551885,-1.1315411584664188,4,211,-122.42645277058767,-4.244250465166586,-231.60000000000002,122.5,-3.1069387755102045,-61.55067158023245
7,601,321,1.0,0.49368,2.5005722120551885,-1.1315411584664188,5,516,-298.80159615132965,10.890644490465624,-477.8434542347875,299.0,3.1051610349002026,-61.55067158023245
7,601,321,1.0,0.49368,2.5005722120551885,-1.1315411584664188,6,641,-370.2042375815728,24.286261067657502,-578.7624020592626,371.0,3.076084190126845,-61.55067158023245
7,601,321,1.0,0.49368,2.5005722120551885,-1.1315411584664188,7,767,-441.0145116104462,41.89511366495602,-680.1239978225726,443.0,3.0468797501935327,-61.55067158023245
7,601,321,1.0,0.49368,2.5005722120551885,-1.1315411584664188,8,892,-510.0748326489048,63.400828844674095,-780.6024881718066,513.9999999999999,3.017929792678764,-61.55067158023245
7,602,-211,-1.0,0.13957,0.7497534693477094,0.5650922744444384,1,39,-33.24899938607738,-0.2579531442454341,-41.75,33.25,-3.1338345864661656,-61.55067158023245
7,602,-211,-1.0,0.13957,0.7497534693477094,0.5650922744444384,2,59,-50.4746419937364,-1.6001611181822142,-31.6,50.5,-3.10990099009901,-61.55067158023245
7,602,-211,-1.0,0.13957,0.7497534693477094,0.5650922744444384,3,104,-88.20066476582127,-7.272739158474931,-8.8,88.50000000000001,-3.0593220338983045,-61.55067158023245
7,602,-211,-1.0,0.13957,0.7497534693477094,0.5650922744444384,4,145,-121.4959209334495,-15.652194623534054,11.600000000000001,122.5,-3.0134693877551024,-61.55067158023245
7,602,-211,-1.0,0.13957,0.7497534693477094,0.5650922744444384,5,362,-278.2852032963062,-109.35422088942676,121.65131502970542,299.0,-2.7671722161395245,-61.55067158023245
7,602,-211,-1.0,0.13957,0.7497534693477094,0.5650922744444384,6,457,-328.74102783107656,-171.96027628661028,169.63837054024637,371.0,-2.659646207111528,-61.55067158023245
7,602,-211,-1.0,0.13957,0.7497534693477094,0.5650922744444384,7,558,-366.4854824853303,-248.8722385632731,220.78229253103933,443.00000000000006,-2.5450467174451243,-61.55067158023245
7,602,-211,-1.0,0.13957,0.7497534693477094,0.5650922744444384,8,667,-386.44975767433937,-338.89907759308585,275.8492543082555,514.0,-2.421656425112216,-61.55067158023245
7,608,-211,-1.0,0.13957,0.3484332529048875,-1.7595989227181792,1,100,6.73211212959871,32.56134466318168,-155.5,33.25,1.3669172932330829,-61.55067158023245
7,608,-211,-1.0,0.13957,0.3484332529048875,-1.7595989227181792,2,152,7.744532171029186,49.90262740028719,-204.4,50.49999999999999,1.416831683168317,-61.55067158023245
7,608,-211,-1.0,0.13957,0.3484332529048875,-1.7595989227181792,3,270,3.714383564099065,88.42201849504879,-313.6,88.5,1.528813559322034,-61.55067158023245
7,608,-211,-1.0,0.13957,0.3484332529048875,-1.7595989227181792,4,377,-7.37299118158721,122.27791706206087,-414.40000000000003,122.5,1.6310204081632653,-61.55067158023245
7,608,-211,-1.0,0.13957,0.3484332529048875,-1.7595989227181792,5,1085,-200.19322714793043,222.0893329363145,-1075.2678680592137,299.0,2.304389097065927,-61.55067158023245
7,609,321,1.0,0.49368,0.7948064053620157,0.345886383630299,1,40,21.575844933642376,-25.299118866067623,-49.75,33.25,-0.8646616541353384,-61.55067158023245
7,609,321,1.0,0.49368,0.7948064053620157,0.345886383630299,2,62,31.936598992196632,-39.11909565431727,-43.6,50.49999999999999,-0.8861386138613863,-61.55067158023245
7,609,321,1.0,0.49368,0.7948064053620157,0.345886383630299,3,109,52.63134723577595,-71.14907791494686,-30.400000000000002,88.5,-0.9338983050847458,-61.55067158023245
7,609,321,1.0,0.49368,0.7948064053620157,0.345886383630299,4,151,68.56709656722553,-101.51257689735182,-18.0,122.5,-0.9767346938775511,-61.55067158023245
7,609,321,1.0,0.49368,0.7948064053620157,0.345886383630299,5,376,106.10666019277264,-279.5395797784913,46.6093652539105,299.00000000000006,-1.2080194165069986,-61.55067158023245
7,609,321,1.0,0.49368,0.7948064053620157,0.345886383630299,6,474,96.35490107188632,-358.26907910036977,74.64610369374529,371.0,-1.3080674874000755,-61.55067158023245
7,609,321,1.0,0.49368,0.7948064053620157,0.345886383630299,7,577,69.29337733785663,-437.5470578773367,104.25711669496852,443.0,-1.413732899650188,-61.55067158023245
7,609,321,1.0,0.49368,0.7948064053620157,0.345886383630299,8,687,23.07403251214877,-513.4818293022921,135.6873164984389,514.0,-1.5258901217493188,-61.55067158023245
7,610,211,1.0,0.13957,0.1604930478467788,1.032926719690346,1,60,-17.493040821131057,-28.276421676553117,-20.5,33.25000000000001,-2.1248120300751876,-61.55067158023245
7,610,211,1.0,0.13957,0.1604930478467788,1.032926719690346,2,92,-31.155415167182536,-39.74405748990021,1.6,50.5,-2.235643564356436,-61.55067158023245
7,610,211,1.0,0.13957,0.1604930478467788,1.032926719690346,3,169,-70.90120997590363,-52.96478475320019,53.6,88.50000000000001,-2.4999999999999996,-61.55067158023245
7,610,211,1.0,0.13957,0.1604930478467788,1.032926719690346,4,251,-114.78937019185123,-42.774413975624924,109.60000000000001,122.5,-2.7848979591836738,-61.55067158023245
7,611,211,1.0,0.13957,0.762035659134334,1.514415456270835,1,79,13.934973080276002,-30.189054726042404,10.5,33.25,-1.1383458646616542,-61.55067158023245
7,611,211,1.0,0.13957,0.762035659134334,1.514415456270835,2,120,20.14830859177802,-46.30654015245022,47.6,50.5,-1.1603960396039603,-61.55067158023245
7,611,211,1.0,0.13957,0.762035659134334,1.514415456270835,3,212,31.181393546684728,-82.8249400632851,130.4,88.5,-1.2107344632768362,-61.55067158023245
7,611,211,1.0,0.13957,0.762035659134334,1.514415456270835,4,294,37.93830306770329,-116.47718729580954,204.8,122.5,-1.255918367346939,-61.55067158023245
7,611,211,1.0,0.13957,0.762035659134334,1.514415456270835,5,734,21.797516726677664,-298.2044068496477,603.2020691160717,299.0,-1.4978302043517513,-61.55067158023245
7,611,211,1.0,0.13957,0.762035659134334,1.514415456270835,6,926,-12.018979594835145,-370.80526443066975,776.7912941133142,371.0,-1.6031981675821778,-61.55067158023245
7,611,211,1.0,0.13957,0.762035659134334,1.514415456270835,7,1130,-63.74626042718605,-438.38956908387934,961.3002695476172,443.00000000000006,-1.7151943564951095,-61.55067158023245
7,611,211,1.0,0.13957,0.762035659134334,1.514415456270835,8,1349,-134.355383919016,-496.1296512122348,1159.1036672488372,514.0,-1.8352601781641504,-61.55067158023245
7,627,211,1.0,0.13957,0.3002766940976194,1.546784372932936,1,83,33.06066867609429,-3.543259331395074,13.25,33.25,-0.1067669172932331,-61.55067158023245
7,627,211,1.0,0.13957,0.3002766940976194,1.546784372932936,2,126,49.81124953825953,-8.312004537850019,52.0,50.5,-0.16534653465346533,-61.55067158023245
7,627,211,1.0,0.13957,0.3002766940976194,1.546784372932936,3,224,84.66462338827795,-25.771137858485435,140.0,88.50000000000001,-0.29548022598870055,-61.55067158023245
7,627,211,1.0,0.13957,0.3002766940976194,1.546784372932936,4,315,112.01590277718792,-49.58515428040517,221.20000000000002,122.5,-0.4167346938775511,-61.55067158023245
7,627,211,1.0,0.13957,0.3002766940976194,1.546784372932936,5,1114,26.336409362022323,-297.8378645201378,938.2790341242076,299.0,-1.4826003955911449,-61.55067158023245
7,630,-321,-1.0,0.49368,0.3735145215729106,-1.084223713491307,1,70,22.474647853008456,-24.504136464753504,-105.25,33.25,-0.8285714285714286,-61.55067158023245
7,630,-321,-1.0,0.49368,0.3735145215729106,-1.084223713491307,2,107,35.858911574906195,-35.55824040448372,-128.0,50.5,-0.7811881188118812,-61.55067158023245
7,630,-321,-1.0,0.49368,0.3735145215729106,-1.084223713491307,3,188,68.92822594044976,-55.50810453170157,-178.4,88.5,-0.6779661016949152,-61.55067158023245
7,630,-321,-1.0,0.49368,0.3735145215729106,-1.084223713491307,4,263,102.27444826665646,-67.42541977437745,-224.8,122.5,-0.5828571428571429,-61.55067158023245
7,630,-321,-1.0,0.49368,0.3735145215729106,-1.084223713491307,5,732,298.9794021240643,3.509573412409244,-515.6529077413344,299.00000000000006,0.0117379732615999,-61.55067158023245
7,630,-321,-1.0,0.49368,0.3735145215729106,-1.084223713491307,6,1152,317.5463178859099,191.8471683322448,-775.5498317069726,371.0,0.5434689846706554,-61.55067158023245
7,631,211,1.0,0.13957,0.3147282295622063,-1.0181037987111885,1,54,-32.154734029931895,-8.463780447550564,-101.75,33.24999999999999,-2.8842105263157904,-61.55067158023245
7,631,211,1.0,0.13957,0.3147282295622063,-1.0181037987111885,2,82,-49.4833188085672,-10.082219978243831,-122.4,50.49999999999999,-2.940594059405941,-61.55067158023245
7,631,211,1.0,0.13957,0.3147282295622063,-1.0181037987111885,3,145,-88.23650444035223,-6.824169117753371,-169.60000000000002,88.49999999999999,-3.0644067796610175,-61.55067158023245
7,631,211,1.0,0.13957,0.3147282295622063,-1.0181037987111885,4,204,-122.41382665771843,4.594022530861554,-212.8,122.5,3.1040816326530614,-61.55067158023245
7,631,211,1.0,0.13957,0.3147282295622063,-1.0181037987111885,5,642,-187.52792179691943,232.88254238248183,-536.6830354691001,299.0,2.2487283585234707,-61.55067158023245
7,632,-211,-1.0,0.13957,0.0702958345456133,1.372483744504014,1,100,28.69970302556298,16.789566588941213,2.5,33.25,0.5293233082706768,-61.55067158023245
7,632,-211,-1.0,0.13957,0.0702958345456133,1.372483744504014,2,162,33.758965324837334,37.557719049436834,42.400000000000006,50.5,0.8386138613861387,-61.55067158023245
7,633,-211,-1.0,0.13957,0.4959166346494058,1.0308744189566998,1,53,-1.4205895920375469,-33.219639149319406,-20.75,33.25,-1.6135338345864663,-61.55067158023245
7,633,-211,-1.0,0.13957,0.4959166346494058,1.0308744189566998,2,81,-0.42478048759860404,-50.49821344896624,0.4,50.49999999999999,-1.5792079207920795,-61.55067158023245
7,633,-211,-1.0,0.13957,0.4959166346494058,1.0308744189566998,3,142,6.11060917922461,-88.28879008944892,47.2,88.5,-1.5016949152542374,-61.55067158023245
7,633,-211,-1.0,0.13957,0.4959166346494058,1.0308744189566998,4,198,17.017335935653243,-121.3122429009254,90.0,122.5,-1.4314285714285717,-61.55067158023245
7,633,-211,-1.0,0.13957,0.4959166346494058,1.0308744189566998,5,515,153.07266469905275,-256.8457889900696,331.1339967583891,299.0,-1.033344526985602,-61.55067158023245
7,633,-211,-1.0,0.13957,0.4959166346494058,1.0308744189566998,6,673,248.99599448676867,-275.03089777249585,451.3643979331746,371.0,-0.8350397263602195,-61.55067158023245
7,633,-211,-1.0,0.13957,0.4959166346494058,1.0308744189566998,7,880,371.75552159238936,-240.9291019482092,609.007182041645,443.0,-0.5750276783597613,-61.55067158023245
7,642,211,1.0,0.13957,0.6247089556616272,-0.5428330258517479,1,39,-22.06030822596404,24.877807398873863,-80.5,33.25,2.2962406015037597,-61.55067158023245
7,642,211,1.0,0.13957,0.6247089556616272,-0.5428330258517479,2,59,-32.47542991769841,38.67294211280878,-90.4,50.5,2.2693069306930695,-61.55067158023245
7,642,211,1.0,0.13957,0.6247089556616272,-0.5428330258517479,3,104,-52.64666128328041,71.13774705262702,-112.0,88.5,2.207909604519774,-61.55067158023245
7,642,211,1.0,0.13957,0.6247089556616272,-0.5428330258517479,4,144,-67.32306983122405,102.34185003457839,-132.0,122.5,2.15265306122449,-61.55067158023245
7,642,211,1.0,0.13957,0.6247089556616272,-0.5428330258517479,5,365,-82.57410424938948,287.37174062076974,-239.24356503363904,299.0,1.850600635135672,-61.55067158023245
7,642,211,1.0,0.13957,0.6247089556616272,-0.5428330258517479,6,465,-52.83140021218392,367.2190669772201,-287.9540331316164,371.0,1.7136847546108958,-61.55067158023245
7,642,211,1.0,0.13957,0.6247089556616272,-0.5428330258517479,7,577,4.293899258373344,442.979189611836,-342.23744336190174,443.0,1.561103400166366,-61.55067158023245
7,642,211,1.0,0.13957,0.6247089556616272,-0.5428330258517479,8,708,96.07695485924968,504.9408071694877,-405.6826823891504,514.0,1.3827702313872572,-61.55067158023245
7,644,211,1.0,0.13957,0.3564742123541038,-0.8454755849343376,1,47,-28.335743045023786,-17.396786084975172,-93.25,33.24999999999999,-2.5909774436090234,-61.55067158023245
7,644,211,1.0,0.13957,0.3564742123541038,-0.8454755849343376,2,72,-44.26968354031677,-24.299076510028268,-109.60000000000001,50.50000000000001,-2.6396039603960393,-61.55067158023245
7,644,211,1.0,0.13957,0.3564742123541038,-0.8454755849343376,3,128,-81.75297130635283,-33.89250186372572,-146.4,88.50000000000001,-2.7485875706214684,-61.55067158023245
7,644,211,1.0,0.13957,0.3564742123541038,-0.8454755849343376,4,179,-117.27850824182109,-35.3836332867769,-180.4,122.5,-2.8485714285714288,-61.55067158023245
7,644,211,1.0,0.13957,0.3564742123541038,-0.8454755849343376,5,508,-280.66387320195736,103.0960245561177,-398.59571909383794,299.00000000000006,2.789564004980431,-61.55067158023245
7,645,-211,-1.0,0.13957,0.0970319644291247,-1.3227801822260234,1,83,-30.96159397070036,12.121971737035654,-120.75,33.25,2.768421052631579,-61.55067158023245
7,645,-211,-1.0,0.13957,0.0970319644291247,-1.3227801822260234,2,131,-49.726437539755196,8.805192195791353,-154.0,50.5,2.9663366336633668,-61.55067158023245
7,645,-211,-1.0,0.13957,0.0970319644291247,-1.3227801822260234,3,275,-80.55732648650161,-36.64378732264428,-256.0,88.5,-2.714689265536723,-61.55067158023245
7,646,211,1.0,0.13957,0.2718073534018632,-0.937174524685794,1,51,-11.197758494495144,31.30770998809976,-97.5,33.24999999999999,1.9142857142857148,-61.55067158023245
7,646,211,1.0,0.13957,0.2718073534018632,-0.937174524685794,2,79,-13.941337638345543,48.53750204587839,-116.4,50.49999999999999,1.8504950495049508,-61.55067158023245
7,646,211,1.0,0.13957,0.2718073534018632,-0.937174524685794,3,140,-11.848837580405721,87.703221423122,-158.8,88.5,1.7050847457627119,-61.55067158023245
7,646,211,1.0,0.13957,0.2718073534018632,-0.937174524685794,4,198,0.17254997531617008,122.49987847547449,-198.8,122.5,1.5693877551020408,-61.55067158023245
7,647,-211,-1.0,0.13957,0.1430350565736393,0.4410468780767683,1,49,-27.43791626613257,-18.780927851751564,-46.25,33.25,-2.5413533834586466,-61.55067158023245
7,647,-211,-1.0,0.13957,0.1430350565736393,0.4410468780767683,2,75,-37.70761432273243,-33.591454599169474,-38.0,50.5,-2.413861386138614,-61.55067158023245
7,647,-211,-1.0,0.13957,0.1430350565736393,0.4410468780767683,3,140,-45.28172292402379,-76.03825069681665,-18.0,88.5,-2.107909604519774,-61.55067158023245
7,647,-211,-1.0,0.13957,0.1430350565736393,0.4410468780767683,4,216,-21.36758551367699,-120.62203898672789,5.6000000000000005,122.5,-1.746122448979592,-61.55067158023245
7,648,-2212,-1.0,0.93827,0.969178984102628,1.56034841267154,1,88,20.8443054382551,25.905162242239076,14.0,33.25,0.893233082706767,-61.55067158023245
7,648,-2212,-1.0,0.93827,0.969178984102628,1.56034841267154,2,134,30.919102696035587,39.92817411893519,53.2,50.50000000000001,0.9118811881188118,-61.55067158023245
7,648,-2212,-1.0,0.93827,0.969178984102628,1.56034841267154,3,236,51.41792877630646,72.03087255027997,140.0,88.5,0.9508474576271188,-61.55067158023245
7,648,-2212,-1.0,0.93827,0.969178984102628,1.56034841267154,4,327,67.61111396801905,102.1517854371794,218.0,122.5,0.9861224489795919,-61.55067158023245
7,648,-2212,-1.0,0.93827,0.969178984102628,1.56034841267154,5,811,115.79197146352791,275.66867675633654,630.0345183167542,299.00000000000006,1.1731340238910417,-61.55067158023245
7,648,-2212,-1.0,0.93827,0.969178984102628,1.56034841267154,6,1015,116.14102855328474,352.3524676890814,804.690747687106,371.00000000000006,1.2523950500911707,-61.55067158023245
7,648,-2212,-1.0,0.93827,0.969178984102628,1.56034841267154,7,1227,103.76858268990162,430.67514584258174,985.3030143399392,443.0,1.3343589716685718,-61.55067158023245
7,648,-2212,-1.0,0.93827,0.969178984102628,1.56034841267154,8,1445,77.86303901104498,508.0682504899953,1171.2115791682832,514.0000000000001,1.4187263827253385,-61.55067158023245
7,649,211,1.0,0.13957,0.2126110857624205,1.4059316292714357,1,75,9.014717689141312,32.00464599062272,2.5,33.25,1.2962406015037595,-61.55067158023245
7,649,211,1.0,0.13957,0.2126110857624205,1.4059316292714357,2,115,17.644902188261714,47.31709444552442,36.0,50.50000000000001,1.2138613861386138,-61.55067158023245
7,649,211,1.0,0.13957,0.2126110857624205,1.4059316292714357,3,206,45.993659661053584,75.60974322786168,113.60000000000001,88.50000000000001,1.0242937853107343,-61.55067158023245
7,649,211,1.0,0.13957,0.2126110857624205,1.4059316292714357,4,295,81.80142150967991,91.18540145766578,188.8,122.5,0.839591836734694,-61.55067158023245
8,665,-211,-1.0,0.13957,0.7117973013158231,-1.3015035692995958,1,65,5.602128643762492,32.774664829083086,-27.5,33.25,1.4015037593984963,29.2001760986868
8,665,-211,-1.0,0.13957,0.7117973013158231,-1.3015035692995958,2,100,7.29955370672954,49.96965594921153,-56.800000000000004,50.5,1.4257425742574257,29.2001760986868
8,665,-211,-1.0,0.13957,0.7117973013158231,-1.3015035692995958,3,176,8.05431472881317,88.13272952909844,-121.60000000000001,88.49999999999999,1.4796610169491529,29.2001760986868
8,665,-211,-1.0,0.13957,0.7117973013158231,-1.3015035692995958,4,244,5.2709222420110144,122.38654901057826,-180.4,122.5,1.5277551020408164,29.2001760986868
8,665,-211,-1.0,0.13957,0.7117973013158231,-1.3015035692995958,5,612,-64.59166767576754,291.93991927597574,-495.8177913776434,299.00000000000006,1.7885384826923745,29.2001760986868
8,665,-211,-1.0,0.13957,0.7117973013158231,-1.3015035692995958,6,774,-121.13362175006574,350.6674288862768,-634.8213393663422,371.0,1.9034006418271456,29.2001760986868
8,665,-211,-1.0,0.13957,0.7117973013158231,-1.3015035692995958,7,948,-195.1678120754563,397.69149491745407,-784.420318175811,443.0,2.027018031398868,29.2001760986868
8,665,-211,-1.0,0.13957,0.7117973013158231,-1.3015035692995958,8,1139,-286.60360899547726,426.6782995545562,-948.1131629575945,514.0,2.1622815847269656,29.2001760986868
8,675,-2212,-1.0,0.93827,0.5138325233996558,-0.2848418779099267,1,69,-33.10014751669487,-3.1532101695000687,19.5,33.25,-3.0466165413533837,29.2001760986868
8,675,-2212,-1.0,0.93827,0.5138325233996558,-0.2848418779099267,2,106,-50.08220530274697,-6.4824927314654515,14.4,50.49999999999999,-3.0128712871287133,29.2001760986868
8,675,-2212,-1.0,0.93827,0.5138325233996558,-0.2848418779099267,3,187,-86.66953624282704,-17.906464962501413,3.6,88.5,-2.937853107344633,29.2001760986868
8,675,-2212,-1.0,0.93827,0.5138325233996558,-0.2848418779099267,4,260,-118.01644996526659,-32.838506933107155,-6.4,122.5,-2.8702040816326533,29.2001760986868
8,675,-2212,-1.0,0.93827,0.5138325233996558,-0.2848418779099267,5,671,-237.62981407290485,-181.47471301444912,-62.94343808499292,299.0,-2.4893894885879324,29.2001760986868
8,675,-2212,-1.0,0.93827,0.5138325233996558,-0.2848418779099267,6,871,-248.15576138794248,-275.789263913537,-90.50041426871633,371.0,-2.3035020859366946,29.2001760986868
8,675,-2212,-1.0,0.93827,0.5138325233996558,-0.2848418779099267,7,1123,-212.1828488571742,-388.8797226018008,-125.07529328425991,443.0,-2.070275102456748,29.2001760986868
8,676,-211,-1.0,0.13957,0.3358431179021985,1.1462691102094866,1,59,25.95460005835535,-20.782714832543423,76.25,33.25,-0.6751879699248121,29.2001760986868
8,676,-211,-1.0,0.13957,0.3358431179021985,1.1462691102094866,2,90,40.990174740640015,-29.496704472394832,100.80000000000001,50.5,-0.6237623762376238,29.2001760986868
8,676,-211,-1.0,0.13957,0.3358431179021985,1.1462691102094866,3,159,77.32803289635109,-43.042134338120896,156.0,88.50000000000001,-0.507909604519774,29.2001760986868
8,676,-211,-1.0,0.13957,0.3358431179021985,1.1462691102094866,4,223,112.77147444138065,-47.84187028448021,206.4,122.5,-0.4012244897959184,29.2001760986868
8,676,-211,-1.0,0.13957,0.3358431179021985,1.1462691102094866,5,657,283.4003511535917,95.31653039227196,551.0148833510603,299.0,0.3244466796616496,29.2001760986868
8,680,211,1.0,0.13957,0.275629920346249,1.3101303213625235,1,68,31.971622626700924,9.131147059150123,86.5,33.25000000000001,0.27819548872180444,29.2001760986868
8,680,211,1.0,0.13957,0.275629920346249,1.3101303213625235,2,104,49.33890746904479,10.76671768744016,116.4,50.50000000000001,0.21485148514851485,29.2001760986868
8,680,211,1.0,0.13957,0.275629920346249,1.3101303213625235,3,184,88.26868840372524,6.39442315506735,184.0,88.5,0.07231638418079096,29.2001760986868
8,680,211,1.0,0.13957,0.275629920346249,1.3101303213625235,4,260,122.27047987187161,-7.4953153304074505,247.20000000000002,122.5,-0.061224489795918366,29.2001760986868
8,693,-211,-1.0,0.13957,0.6551155300075105,-0.2324675868699077,1,34,-0.7709530378462146,33.241060924907856,21.5,33.25,1.593984962406015,29.2001760986868
8,693,-211,-1.0,0.13957,0.6551155300075105,-0.2324675868699077,2,53,-2.523733813077297,50.436898870179654,17.2,50.49999999999999,1.6207920792079211,29.2001760986868
8,693,-211,-1.0,0.13957,0.6551155300075105,-0.2324675868699077,3,93,-9.615505723563883,87.97608794257737,8.4,88.49999999999999,1.6796610169491528,29.2001760986868
8,693,-211,-1.0,0.13957,0.6551155300075105,-0.2324675868699077,4,129,-19.64229181005832,120.91497166376261,0.4,122.5,1.7318367346938777,29.2001760986868
8,693,-211,-1.0,0.13957,0.6551155300075105,-0.2324675868699077,5,325,-129.32818296037445,269.5834213971028,-43.63581515503337,299.0,2.0180996369835804,29.2001760986868
8,693,-211,-1.0,0.13957,0.6551155300075105,-0.2324675868699077,6,413,-201.91654672117144,311.2405952959815,-63.32113621020872,371.0,2.146290525587857,29.2001760986868
8,693,-211,-1.0,0.13957,0.6551155300075105,-0.2324675868699077,7,510,-290.85473494675773,334.1444645045782,-84.935086811365,443.0,2.287041279510471,29.2001760986868
8,693,-211,-1.0,0.13957,0.6551155300075105,-0.2324675868699077,8,620,-394.8178773662323,329.11220535255563,-109.45403731792806,514.0,2.446708942123027,29.2001760986868
8,698,-321,-1.0,0.49368,0.4337839649102731,1.612028671849894,1,94,23.05765930970791,-23.956352960278412,109.25,33.25,-0.8045112781954887,29.2001760986868
8,698,-321,-1.0,0.49368,0.4337839649102731,1.612028671849894,2,143,36.417687465956455,-34.985740518558664,151.20000000000002,50.49999999999999,-0.7653465346534656,29.2001760986868
8,698,-321,-1.0,0.49368,0.4337839649102731,1.612028671849894,3,253,69.02220842217551,-55.391197355949664,243.60000000000002,88.5,-0.676271186440678,29.2001760986868
8,698,-321,-1.0,0.49368,0.4337839649102731,1.612028671849894,4,353,101.41314610831547,-68.71407276834533,328.0,122.5,-0.5955102040816327,29.2001760986868
8,698,-321,-1.0,0.49368,0.4337839649102731,1.612028671849894,5,938,296.824513897746,-36.00288806980372,823.3048866705118,299.0,-0.1207038811792652,29.2001760986868
8,698,-321,-1.0,0.49368,0.4337839649102731,1.612028671849894,6,1266,367.0883005550788,53.73248175530481,1100.8672640102095,371.0,0.1453426619165264,29.2001760986868
8,699,-321,-1.0,0.49368,2.9652004601297435,1.1079874428413892,1,56,2.3769486629433314,-33.164930499757304,74.0,33.25000000000001,-1.4992481203007515,29.2001760986868
8,699,-321,-1.0,0.49368,2.9652004601297435,1.1079874428413892,2,85,3.87141238712597,-50.351386933517595,97.2,50.49999999999999,-1.4940594059405943,29.2001760986868
8,699,-321,-1.0,0.49368,2.9652004601297435,1.1079874428413892,3,149,7.904925723693042,-88.1462543123807,148.8,88.49999999999999,-1.48135593220339,29.2001760986868
8,699,-321,-1.0,0.49368,2.9652004601297435,1.1079874428413892,4,206,12.351525191772607,-121.87571466636413,194.4,122.5,-1.469795918367347,29.2001760986868
8,699,-321,-1.0,0.49368,2.9652004601297435,1.1079874428413892,5,505,47.90539591864505,-295.13737994682725,433.24404169539525,299.0,-1.4098840999331197,29.2001760986868
8,699,-321,-1.0,0.49368,2.9652004601297435,1.1079874428413892,6,627,68.3783759332432,-364.6442070083276,531.0025682785171,371.0,-1.3854282766147727,29.2001760986868
8,699,-321,-1.0,0.49368,2.9652004601297435,1.1079874428413892,7,750,92.3042863647784,-433.2769538282517,629.063822956947,443.0,-1.3608966084527545,29.2001760986868
8,699,-321,-1.0,0.49368,2.9652004601297435,1.1079874428413892,8,872,119.2713457020058,-499.9703452150264,726.1204274126821,514.0,-1.3366163534282327,29.2001760986868
8,700,211,1.0,0.13957,0.116968531984665,0.4426296845748715,1,54,20.294354820636062,-26.338216766025102,44.5,33.25,-0.9142857142857144,29.2001760986868
8,700,211,1.0,0.13957,0.116968531984665,0.4426296845748715,2,84,24.101406320748954,-44.37760936961525,53.2,50.50000000000001,-1.073267326732673,29.2001760986868
8,700,211,1.0,0.13957,0.116968531984665,0.4426296845748715,3,162,7.556263808390201,-88.17682732587973,75.2,88.49999999999999,-1.4853107344632772,29.2001760986868
8,701,-211,-1.0,0.13957,0.5029692194764575,0.3194474616519463,1,36,-26.0431468776154,-20.67164726650857,40.0,33.25,-2.4706766917293237,29.2001760986868
8,701,-211,-1.0,0.13957,0.5029692194764575,0.3194474616519463,2,55,-38.43030642872261,-32.76219693174561,45.6,50.5,-2.4356435643564356,29.2001760986868
8,701,-211,-1.0,0.13957,0.5029692194764575,0.3194474616519463,3,96,-62.80959672939223,-62.34745029823687,58.0,88.49999999999999,-2.359887005649718,29.2001760986868
8,701,-211,-1.0,0.13957,0.5029692194764575,0.3194474616519463,4,134,-80.75766770449926,-92.11106940498345,69.60000000000001,122.5,-2.2906122448979596,29.2001760986868
8,701,-211,-1.0,0.13957,0.5029692194764575,0.3194474616519463,5,348,-96.5227954413052,-282.99178426271664,133.24535956987296,299.0,-1.8995024696440816,29.2001760986868
8,701,-211,-1.0,0.13957,0.5029692194764575,0.3194474616519463,6,453,-50.12813113094668,-367.5978379551743,164.7921855371242,371.0,-1.7063271207077872,29.2001760986868
8,701,-211,-1.0,0.13957,0.5029692194764575,0.3194474616519463,7,589,49.930257443203615,-440.1772022625154,205.37042069911152,443.0,-1.4578469353256347,29.2001760986868
8,702,2212,1.0,0.93827,0.2033492999850746,0.9467909077248068,1,161,33.12793190588685,2.8465114858232523,65.75,33.24999999999999,0.08571428571428573,29.2001760986868
8,702,2212,1.0,0.93827,0.2033492999850746,0.9467909077248068,2,247,50.49990099013135,-0.09999993464694286,85.2,50.49999999999999,-0.0019801980198019807,29.2001760986868
8,702,2212,1.0,0.93827,0.2033492999850746,0.9467909077248068,3,443,86.71596983911076,-17.680231188036895,129.6,88.49999999999999,-0.2011299435028249,29.2001760986868
8,702,2212,1.0,0.93827,0.2033492999850746,0.9467909077248068,4,637,112.94645880250174,-47.427285859247505,173.20000000000002,122.5,-0.3975510204081633,29.2001760986868
8,703,211,1.0,0.13957,0.2920231411383615,-1.65508832754928,1,91,-21.721606070215028,25.17408051410017,-54.75,33.25,2.2827067669172934,29.2001760986868
8,703,211,1.0,0.13957,0.2920231411383615,-1.65508832754928,2,139,-30.641291392711963,40.14176455746453,-98.80000000000001,50.5,2.222772277227723,29.2001760986868
8,703,211,1.0,0.13957,0.2920231411383615,-1.65508832754928,3,247,-43.8128370514863,76.8939874730132,-197.60000000000002,88.5,2.088700564971752,29.2001760986868
8,703,211,1.0,0.13957,0.2920231411383615,-1.65508832754928,4,348,-46.89887180637095,113.1668936716458,-289.6,122.5,1.963673469387755,29.2001760986868
8,710,-211,-1.0,0.13957,0.2141029949232519,-1.2816066201315572,1,68,25.702710379438244,-21.093439244246497,-26.25,33.25000000000001,-0.6872180451127818,29.2001760986868
8,710,-211,-1.0,0.13957,0.2141029949232519,-1.2816066201315572,2,104,41.537777784727844,-28.720428560635536,-55.6,50.49999999999999,-0.604950495049505,29.2001760986868
8,710,-211,-1.0,0.13957,0.2141029949232519,-1.2816066201315572,3,186,80.9180903006339,-35.84009852244349,-122.4,88.5,-0.41694915254237286,29.2001760986868
8,710,-211,-1.0,0.13957,0.2141029949232519,-1.2816066201315572,4,267,119.1649476696979,-28.389527063305604,-187.60000000000002,122.5,-0.2338775510204082,29.2001760986868
8,711,-211,-1.0,0.13957,0.567143066403961,-1.2242297141513174,1,62,26.41674089804172,20.192035566671567,-22.5,33.24999999999999,0.6526315789473687,29.2001760986868
8,711,-211,-1.0,0.13957,0.567143066403961,-1.2242297141513174,2,94,39.1350366285096,31.91706296145077,-49.2,50.50000000000001,0.6841584158415841,29.2001760986868
8,711,-211,-1.0,0.13957,0.567143066403961,-1.2242297141513174,3,165,64.66919548749257,60.416431167361004,-108.80000000000001,88.5,0.751412429378531,29.2001760986868
8,711,-211,-1.0,0.13957,0.567143066403961,-1.2242297141513174,4,230,84.26416640114908,88.91456720200271,-162.8,122.5,0.8122448979591836,29.2001760986868
8,711,-211,-1.0,0.13957,0.567143066403961,-1.2242297141513174,5,587,122.08153333021691,272.94156740911257,-460.18461030593664,299.0,1.1502059564774567,29.2001760986868
8,711,-211,-1.0,0.13957,0.567143066403961,-1.2242297141513174,6,754,96.3308192019263,358.27555494603,-599.2577549395642,371.0,1.3081347040640674,29.2001760986868
8,711,-211,-1.0,0.13957,0.567143066403961,-1.2242297141513174,7,948,34.97017028504449,441.6175802549475,-760.9722736000949,443.0,1.4917746754106884,29.2001760986868
8,711,-211,-1.0,0.13957,0.567143066403961,-1.2242297141513174,8,1200,-81.68594270126218,507.467641101387,-971.1029125881524,514.0,1.7303950754376498,29.2001760986868
8,712,211,1.0,0.13957,0.4502812336723532,1.2662965077351012,1,64,-23.551241481375584,23.47129150016961,83.5,33.25,2.3578947368421055,29.2001760986868
8,712,211,1.0,0.13957,0.4502812336723532,1.2662965077351012,2,98,-34.38599897690601,36.984497757306634,112.0,50.50000000000001,2.3198019801980196,29.2001760986868
8,712,211,1.0,0.13957,0.4502812336723532,1.2662965077351012,3,172,-54.477452675328685,69.74566043853426,174.8,88.5,2.233898305084746,29.2001760986868
8,712,211,1.0,0.13957,0.4502812336723532,1.2662965077351012,4,240,-67.69856439793519,102.09385083568267,231.60000000000002,122.5,2.156326530612245,29.2001760986868
8,712,211,1.0,0.13957,0.4502812336723532,1.2662965077351012,5,634,-40.063728233089535,296.30372539012257,563.2306600049586,299.00000000000006,1.7051929524649518,29.2001760986868
8,712,211,1.0,0.13957,0.4502812336723532,1.2662965077351012,6,846,40.031175180546384,368.83398028606905,741.4156232139818,371.0,1.462685106806717,29.2001760986868
8,712,211,1.0,0.13957,0.4502812336723532,1.2662965077351012,7,1217,225.23249732517488,381.4699492078833,1053.8677218573837,443.0,1.0374409859401763,29.2001760986868
8,713,-211,-1.0,0.13957,0.4131273096079517,1.4148286827442498,1,73,26.264175816049512,20.39008505876422,93.75,33.25,0.6601503759398497,29.2001760986868
8,713,-211,-1.0,0.13957,0.4131273096079517,1.4148286827442498,2,111,38.56003300432,32.60941359033849,127.2,50.5,0.701980198019802,29.2001760986868
8,713,-211,-1.0,0.13957,0.4131273096079517,1.4148286827442498,3,196,61.90913557115878,63.24167085736969,202.0,88.5,0.7960451977401131,29.2001760986868
8,713,-211,-1.0,0.13957,0.4131273096079517,1.4148286827442498,4,274,77.93534584750861,94.51101453073721,270.0,122.5,0.8812244897959184,29.2001760986868
8,713,-211,-1.0,0.13957,0.4131273096079517,1.4148286827442498,5,737,53.84875850088897,294.11105250893405,676.693641672253,299.00000000000006,1.3897120953280333,29.2001760986868
8,713,-211,-1.0,0.13957,0.4131273096079517,1.4148286827442498,6,1017,-46.49475017127298,368.0750442593343,921.9086271900414,371.0,1.696449493012658,29.2001760986868
8,714,-211,-1.0,0.13957,0.1773783179771532,0.9902926774592832,1,57,12.327512862787747,30.88033235925097,68.0,33.25,1.1909774436090226,29.2001760986868
8,714,-211,-1.0,0.13957,0.1773783179771532,0.9902926774592832,2,88,13.941749972365521,48.537383610038624,88.80000000000001,50.5,1.2910891089108911,29.2001760986868
8,714,-211,-1.0,0.13957,0.1773783179771532,0.9902926774592832,3,159,4.113991805318201,88.40432722115912,136.8,88.5,1.5242937853107346,29.2001760986868
8,714,-211,-1.0,0.13957,0.1773783179771532,0.9902926774592832,4,232,-23.628426641223,120.1996150345763,186.0,122.5,1.7648979591836735,29.2001760986868
8,718,211,1.0,0.13957,0.3928048142801826,-0.5805231218596318,1,40,0.8288919881605502,33.23966663599326,8.75,33.25,1.5458646616541356,29.2001760986868
8,718,211,1.0,0.13957,0.3928048142801826,-0.5805231218596318,2,62,3.4724722470668823,50.38047177720104,-2.0,50.5,1.5019801980198022,29.2001760986868
8,718,211,1.0,0.13957,0.3928048142801826,-0.5805231218596318,3,109,14.697068007785953,87.27110742951824,-25.6,88.5,1.4039548022598871,29.2001760986868
8,718,211,1.0,0.13957,0.3928048142801826,-0.5805231218596318,4,152,31.127454824754153,118.47924525474025,-47.2,122.5,1.3138775510204084,29.2001760986868
8,718,211,1.0,0.13957,0.3928048142801826,-0.5805231218596318,5,416,215.63112211749328,207.1333367045264,-179.4026905374198,299.0,0.7653003499293134,29.2001760986868
8,718,211,1.0,0.13957,0.3928048142801826,-0.5805231218596318,6,595,342.68380683789565,142.15768896225003,-269.0311168816376,371.0,0.3932305205503357,29.2001760986868
8,719,-211,-1.0,0.13957,0.582122904267421,0.6203739665201791,1,40,-30.96159397070036,12.121971737035654,51.25,33.25,2.768421052631579,29.2001760986868
8,719,-211,-1.0,0.13957,0.582122904267421,0.6203739665201791,2,61,-47.56545547666274,16.964004400424283,62.800000000000004,50.5,2.799009900990099,29.2001760986868
8,719,-211,-1.0,0.13957,0.582122904267421,0.6203739665201791,3,108,-85.12189583567314,24.21802736270671,88.0,88.5,2.864406779661017,29.2001760986868
8,719,-211,-1.0,0.13957,0.582122904267421,0.6203739665201791,4,150,-119.61360537324592,26.435495259468745,110.80000000000001,122.5,2.9240816326530616,29.2001760986868
8,719,-211,-1.0,0.13957,0.582122904267421,0.6203739665201791,5,384,-297.1929040992783,-32.82343298677288,236.75637214517323,299.0,-3.0315935922513595,29.2001760986868
8,719,-211,-1.0,0.13957,0.582122904267421,0.6203739665201791,6,491,-358.36252208157435,-96.00678500675424,295.10470861897943,371.0,-2.87983534834774,29.2001760986868
8,719,-211,-1.0,0.13957,0.582122904267421,0.6203739665201791,7,615,-401.585731689822,-187.02379555326732,362.037844503312,443.0,-2.7057486963567685,29.2001760986868
8,719,-211,-1.0,0.13957,0.582122904267421,0.6203739665201791,8,770,-408.05420478862544,-312.5504214591984,445.7739491116207,514.0,-2.487959437013215,29.2001760986868
8,726,211,1.0,0.13957,0.7606252120779465,1.4864703278104765,1,77,-1.5204917058614813,33.21521646734229,99.0,33.25,1.6165413533834587,29.2001760986868
8,726,211,1.0,0.13957,0.7606252120779465,1.4864703278104765,2,117,-1.1746795397802305,50.486336052231216,135.20000000000002,50.5,1.5940594059405941,29.2001760986868
8,726,211,1.0,0.13957,0.7606252120779465,1.4864703278104765,3,206,2.41517503711674,88.46703866152687,215.20000000000002,88.50000000000001,1.5435028248587568,29.2001760986868
8,726,211,1.0,0.13957,0.7606252120779465,1.4864703278104765,4,286,8.864794564056794,122.17882556866009,287.2,122.5,1.4983673469387757,29.2001760986868
8,726,211,1.0,0.13957,0.7606252120779465,1.4864703278104765,5,716,92.53624593689796,284.3203179301576,673.8141857399683,298.99999999999994,1.256144119592305,29.2001760986868
8,726,211,1.0,0.13957,0.7606252120779465,1.4864703278104765,6,903,151.36823534208585,338.71618994288264,842.2022321244655,371.00000000000006,1.1505332687440784,29.2001760986868
8,726,211,1.0,0.13957,0.7606252120779465,1.4864703278104765,7,1102,224.92571719047092,381.6509160821605,1021.2367885710138,443.0,1.0382450004341612,29.2001760986868
8,726,211,1.0,0.13957,0.7606252120779465,1.4864703278104765,8,1316,312.2870805175844,408.2557768627454,1213.2632929716265,514.0,0.91780830858266,29.2001760986868
8,728,211,1.0,0.13957,0.7499901697965832,1.278905363706115,1,64,-20.367187701130696,-26.28193609966568,84.25,33.24999999999999,-2.2300751879699257,29.2001760986868
8,728,211,1.0,0.13957,0.7499901697965832,1.278905363706115,2,98,-31.81992981751828,-39.21405445000824,112.80000000000001,50.5,-2.2524752475247523,29.2001760986868
8,728,211,1.0,0.13957,0.7499901697965832,1.278905363706115,3,172,-59.18880023438143,-65.79464968228409,176.4,88.49999999999999,-2.303389830508475,29.2001760986868
8,728,211,1.0,0.13957,0.7499901697965832,1.278905363706115,4,239,-86.02897527291661,-87.20817285949697,233.20000000000002,122.5,-2.349387755102041,29.2001760986868
8,728,211,1.0,0.13957,0.7499901697965832,1.278905363706115,5,598,-255.5390047292008,-155.2443785198341,538.8828649196172,299.0,-2.595664018234129,29.2001760986868
8,728,211,1.0,0.13957,0.7499901697965832,1.278905363706115,6,754,-335.90815494140656,-157.50146489433047,672.3785546121971,371.0,-2.703147445332988,29.2001760986868
8,728,211,1.0,0.13957,0.7499901697965832,1.278905363706115,7,921,-419.9650735905847,-140.9905562938696,814.6488815365684,443.0,-2.8176958923261,29.2001760986868
8,728,211,1.0,0.13957,0.7499901697965832,1.278905363706115,8,1101,-503.6956790201915,-102.4044087741744,967.8187987411604,514.0,-2.941020173037404,29.2001760986868
8,734,211,1.0,0.13957,0.3855276163978101,-1.2684616374363842,1,65,-33.15919104329939,2.4557176861304013,-25.25,33.25,3.0676691729323307,29.2001760986868
8,734,211,1.0,0.13957,0.3855276163978101,-1.2684616374363842,2,98,-50.137980974949855,6.0359641943576205,-53.6,50.50000000000001,3.0217821782178214,29.2001760986868
8,734,211,1.0,0.13957,0.3855276163978101,-1.2684616374363842,3,174,-86.36453402465136,19.324007418360118,-116.80000000000001,88.5,2.9214689265536724,29.2001760986868
8,734,211,1.0,0.13957,0.3855276163978101,-1.2684616374363842,4,243,-116.59353061589346,37.5792312124758,-174.8,122.5,2.8297959183673473,29.2001760986868
8,734,211,1.0,0.13957,0.3855276163978101,-1.2684616374363842,5,668,-191.2886475179775,229.8035102663642,-531.142666872919,299.0,2.264984058843553,29.2001760986868
8,734,211,1.0,0.13957,0.3855276163978101,-1.2684616374363842,6,976,-104.23092056096031,356.0574605299189,-789.3542009649183,371.0,1.8555758668639104,29.2001760986868
8,753,211,1.0,0.13957,0.4976809139652991,0.3508861586445387,1,36,-3.564161052179373,-33.05842186182104,41.0,33.24999999999999,-1.678195488721805,29.2001760986868
8,753,211,1.0,0.13957,0.4976809139652991,0.3508861586445387,2,55,-7.150672320109898,-49.991178075440615,47.2,50.5,-1.7128712871287128,29.2001760986868
8,753,211,1.0,0.13957,0.4976809139652991,0.3508861586445387,3,97,-19.22989789011856,-86.38553714097988,61.2,88.5,-1.7898305084745763,29.2001760986868
8,753,211,1.0,0.13957,0.4976809139652991,0.3508861586445387,4,136,-34.935659757515054,-117.41273217716699,73.60000000000001,122.5,-1.86,29.2001760986868
8,753,211,1.0,0.13957,0.4976809139652991,0.3508861586445387,5,352,-189.2184420072828,-231.511082249504,144.08316150739788,299.00000000000006,-2.2560088751085026,29.2001760986868
8,753,211,1.0,0.13957,0.4976809139652991,0.3508861586445387,6,460,-286.4640606456033,-235.75271357596736,179.16946254619623,371.0,-2.452998813355066,29.2001760986868
8,753,211,1.0,0.13957,0.4976809139652991,0.3508861586445387,7,600,-402.37444885473394,-185.3208107818685,224.94173266650864,443.0,-2.709985180365656,29.2001760986868
8,754,211,1.0,0.13957,0.7398313970420787,0.0722836796955768,1,33,-15.717549740991696,-29.300531226232945,31.5,33.25,-2.0631578947368423,29.2001760986868
8,754,211,1.0,0.13957,0.7398313970420787,0.0722836796955768,2,51,-24.931545859293898,-43.91660302284235,32.800000000000004,50.50000000000001,-2.0871287128712868,29.2001760986868
8,754,211,1.0,0.13957,0.7398313970420787,0.0722836796955768,3,90,-47.62225388174098,-74.59471117460679,35.6,88.5,-2.138983050847458,29.2001760986868
8,754,211,1.0,0.13957,0.7398313970420787,0.0722836796955768,4,125,-70.62836321809381,-100.08938160031269,38.0,122.5,-2.1853061224489796,29.2001760986868
8,754,211,1.0,0.13957,0.7398313970420787,0.0722836796955768,5,314,-227.44797174403044,-194.08353909985968,51.46966973875629,299.00000000000006,-2.435180327916507,29.2001760986868
8,754,211,1.0,0.13957,0.7398313970420787,0.0722836796955768,6,396,-306.8120215126032,-208.5842358745021,57.318094858604624,371.0,-2.5445228467809176,29.2001760986868
8,754,211,1.0,0.13957,0.7398313970420787,0.0722836796955768,7,484,-392.8850666685839,-204.67125931312984,63.56582418055137,443.00000000000006,-2.661330293133489,29.2001760986868
8,754,211,1.0,0.13957,0.7398313970420787,0.0722836796955768,8,580,-482.1253961130694,-178.18839025822058,70.31827632128517,514.0,-2.7875740234951705,29.2001760986868
8,755,-211,-1.0,0.13957,2.001890226323168,0.5549417574255894,1,38,6.536133812560014,-32.60124928257059,48.5,33.24999999999999,-1.3729323308270682,29.2001760986868
8,755,-211,-1.0,0.13957,2.001890226323168,0.5549417574255894,2,58,10.400256087869613,-49.41745312444512,58.800000000000004,50.5,-1.3633663366336635,29.2001760986868
8,755,-211,-1.0,0.13957,2.001890226323168,0.5549417574255894,3,102,19.84527900651195,-86.2462457220817,80.80000000000001,88.5,-1.344632768361582,29.2001760986868
8,755,-211,-1.0,0.13957,2.001890226323168,0.5549417574255894,4,142,29.480308514043557,-118.8997956681037,100.80000000000001,122.5,-1.3277551020408165,29.2001760986868
8,755,-211,-1.0,0.13957,2.001890226323168,0.5549417574255894,5,348,97.38713442253233,-282.69550058139873,204.4329884763424,299.0,-1.239034296596809,29.2001760986868
8,755,-211,-1.0,0.13957,2.001890226323168,0.5549417574255894,6,433,133.5608760388581,-346.1249664380378,247.07609060376012,371.0,-1.202525902369408,29.2001760986868
8,755,-211,-1.0,0.13957,2.001890226323168,0.5549417574255894,7,518,174.56359845906667,-407.15666529362096,290.0152376453176,443.0,-1.165763691883111,29.2001760986868
8,755,-211,-1.0,0.13957,2.001890226323168,0.5549417574255894,8,603,219.6706363713739,-464.6943205120928,332.7118765528227,514.0,-1.1292093157795786,29.2001760986868
8,757,-211,-1.0,0.13957,0.478364442637924,-1.5364252838838648,1,81,21.231485359856055,25.588796951287453,-44.5,33.25,0.8781954887218046,29.2001760986868
8,757,-211,-1.0,0.13957,0.478364442637924,-1.5364252838838648,2,123,30.839976436654165,39.989321742017786,-82.80000000000001,50.50000000000001,0.9138613861386139,29.2001760986868
8,757,-211,-1.0,0.13957,0.478364442637924,-1.5364252838838648,3,218,48.2367241866534,74.19884392455671,-168.0,88.5,0.9943502824858758,29.2001760986868
8,757,-211,-1.0,0.13957,0.478364442637924,-1.5364252838838648,4,303,59.10010089322718,107.30064340166078,-245.20000000000002,122.5,1.0673469387755101,29.2001760986868
8,757,-211,-1.0,0.13957,0.478364442637924,-1.5364252838838648,5,791,25.923037785768027,297.8741279667599,-686.7608913125803,299.0,1.4839882189524998,29.2001760986868
8,757,-211,-1.0,0.13957,0.478364442637924,-1.5364252838838648,6,1040,-46.584861194785,368.0636503479563,-912.1257613453802,371.0,1.696694313788205,29.2001760986868
8,757,-211,-1.0,0.13957,0.478364442637924,-1.5364252838838648,7,1388,-181.85710807808604,403.9517201863056,-1226.9263560516877,443.0,1.99381253377436,29.2001760986868
8,761,211,1.0,0.13957,0.2951038366926783,0.4791036110893338,1,40,10.353893888944192,-31.596825494604424,45.75,33.25,-1.2541353383458647,29.2001760986868
8,761,211,1.0,0.13957,0.2951038366926783,0.4791036110893338,2,61,12.881276341245306,-48.829527130830115,54.400000000000006,50.5,-1.3128712871287127,29.2001760986868
8,761,211,1.0,0.13957,0.2951038366926783,0.4791036110893338,3,109,11.036665608380275,-87.80912260265897,74.0,88.5,-1.4457627118644067,29.2001760986868
8,761,211,1.0,0.13957,0.2951038366926783,0.4791036110893338,4,153,0.17254997531617008,-122.49987847547449,92.0,122.5,-1.5693877551020408,29.2001760986868
8,762,-211,-1.0,0.13957,0.280376636768541,0.7635518986567437,1,46,32.48419840013759,7.09502320648062,57.25,33.25,0.21503759398496242,29.2001760986868
8,762,-211,-1.0,0.13957,0.280376636768541,0.7635518986567437,2,70,48.58546357849444,13.773261373501557,72.0,50.5,0.27623762376237626,29.2001760986868
8,762,-211,-1.0,0.13957,0.280376636768541,0.7635518986567437,3,125,80.91809030063392,35.8400985224435,104.80000000000001,88.50000000000001,0.4169491525423728,29.2001760986868
8,762,-211,-1.0,0.13957,0.280376636768541,0.7635518986567437,4,177,104.55168235331953,63.83725963017657,135.6,122.5,0.5481632653061225,29.2001760986868
8,763,211,1.0,0.13957,0.1218744498600332,-0.4978993561822584,1,54,0.07897779166576281,-33.24990620300189,11.75,33.25,-1.5684210526315792,29.2001760986868
8,763,211,1.0,0.13957,0.1218744498600332,-0.4978993561822584,2,83,-7.447521693262852,-49.94781697560344,2.0,50.49999999999999,-1.7188118811881192,29.2001760986868
8,763,211,1.0,0.13957,0.1218744498600332,-0.4978993561822584,3,159,-45.06674522130795,-76.16586161238982,-22.0,88.5,-2.105084745762712,29.2001760986868
8,764,-211,-1.0,0.13957,0.2674405840993155,0.3960258654833149,1,39,-11.526686881843288,-31.188106539640113,42.75,33.25000000000001,-1.9248120300751876,29.2001760986868
8,764,-211,-1.0,0.13957,0.2674405840993155,0.3960258654833149,2,60,-14.373290813783868,-48.411346925926324,50.0,50.5,-1.8594059405940595,29.2001760986868
8,764,-211,-1.0,0.13957,0.2674405840993155,0.3960258654833149,3,108,-12.492660159875086,-87.61383134031904,66.0,88.5,-1.7124293785310736,29.2001760986868
8,764,-211,-1.0,0.13957,0.2674405840993155,0.3960258654833149,4,152,-0.3774493703773848,-122.49941849646798,80.80000000000001,122.5,-1.5738775510204082,29.2001760986868
8,766,2212,1.0,0.93827,0.3255233802188792,0.8902527983821669,1,107,33.13634300601685,-2.7468658845306493,63.0,33.25,-0.08270676691729323,29.2001760986868
8,766,2212,1.0,0.93827,0.3255233802188792,0.8902527983821669,2,163,50.02934675465826,-6.878550959480111,80.4,50.5,-0.13663366336633664,29.2001760986868
8,766,2212,1.0,0.93827,0.3255233802188792,0.8902527983821669,3,288,85.61735421530939,-22.40354117478403,120.0,88.5,-0.2559322033898305,29.2001760986868
8,766,2212,1.0,0.93827,0.3255233802188792,0.8902527983821669,4,403,114.34517027547899,-43.948060647447406,156.4,122.5,-0.3669387755102041,29.2001760986868
8,766,2212,1.0,0.93827,0.3255233802188792,0.8902527983821669,5,1219,123.0605605657155,-272.5015567538136,413.2542200702621,299.0,-1.146616118634648,29.2001760986868
8,767,-2212,-1.0,0.93827,0.4493840301003532,-1.5955867945444857,1,110,-19.769231245328726,-26.73462167244411,-49.5,33.25,-2.207518796992481,29.2001760986868
8,767,-2212,-1.0,0.93827,0.4493840301003532,-1.5955867945444857,2,167,-28.452336094397843,-41.72187161155915,-90.4,50.49999999999999,-2.16930693069307,29.2001760986868
8,767,-2212,-1.0,0.93827,0.4493840301003532,-1.5955867945444857,3,294,-43.377710818979324,-77.14028911084664,-181.60000000000002,88.5,-2.0830508474576273,29.2001760986868
8,767,-2212,-1.0,0.93827,0.4493840301003532,-1.5955867945444857,4,410,-51.5683103917116,-111.11687254123062,-264.0,122.5,-2.0053061224489794,29.2001760986868
8,767,-2212,-1.0,0.93827,0.4493840301003532,-1.5955867945444857,5,1083,5.306099729744404,-298.95291486395985,-744.3446936831085,299.00000000000006,-1.553049242266585,29.2001760986868
8,767,-2212,-1.0,0.93827,0.4493840301003532,-1.5955867945444857,6,1445,95.87645761164003,-358.3974119268209,-1003.0256698155542,371.0,-1.3094026785807944,29.2001760986868
8,767,-2212,-1.0,0.93827,0.4493840301003532,-1.5955867945444857,7,2090,283.7962555819499,-340.1597937994209,-1463.717430700247,443.0,-0.8754862013014872,29.2001760986868
8,769,-211,-1.0,0.13957,0.4283768057662597,-1.4060483001362798,1,72,-12.967519960269826,-30.61708552556895,-34.5,33.25,-1.9714285714285713,29.2001760986868
8,769,-211,-1.0,0.13957,0.4283768057662597,-1.4060483001362798,2,110,-17.831756383404,-47.246994235431856,-68.0,50.5,-1.9316831683168318,29.2001760986868
8,769,-211,-1.0,0.13957,0.4283768057662597,-1.4060483001362798,3,195,-23.643822911959653,-85.2831732413135,-141.6,88.5,-1.8412429378531074,29.2001760986868
8,769,-211,-1.0,0.13957,0.4283768057662597,-1.4060483001362798,4,271,-22.990303130733075,-120.3232976690591,-209.20000000000002,122.5,-1.7595918367346939,29.2001760986868
8,769,-211,-1.0,0.13957,0.4283768057662597,-1.4060483001362798,5,724,86.77178431975383,-286.1322376908378,-605.4690622504068,299.0,-1.2763535668625958,29.2001760986868
8,769,-211,-1.0,0.13957,0.4283768057662597,-1.4060483001362798,6,981,200.09636069155692,-312.41390244032726,-831.3590174128697,371.0,-1.001139272985461,29.2001760986868
8,792,-2212,-1.0,0.93827,0.739470394205937,-1.6561418649130446,1,99,17.286740178653744,-28.40301241058276,-54.75,33.25,-1.02406015037594,29.2001760986868
8,792,-2212,-1.0,0.93827,0.739470394205937,-1.6561418649130446,2,151,27.243179530156375,-42.52127901519036,-98.4,50.49999999999999,-1.0009900990099012,29.2001760986868
8,792,-2212,-1.0,0.93827,0.739470394205937,-1.6561418649130446,3,265,51.53994108742032,-71.94362009730428,-194.8,88.5,-0.9491525423728814,29.2001760986868
8,792,-2212,-1.0,0.93827,0.739470394205937,-1.6561418649130446,4,368,75.87274626302674,-96.17471795906846,-281.6,122.5,-0.9028571428571429,29.2001760986868
8,792,-2212,-1.0,0.93827,0.739470394205937,-1.6561418649130446,5,922,237.5200266048327,-181.61838277454063,-747.7806333974337,299.0,-0.6528078995231151,29.2001760986868
8,792,-2212,-1.0,0.93827,0.739470394205937,-1.6561418649130446,6,1165,317.5598703017869,-191.8247345206356,-951.851395902442,371.0,-0.5433983388101138,29.2001760986868
8,792,-2212,-1.0,0.93827,0.739470394205937,-1.6561418649130446,7,1424,403.3141737690247,-183.26668337973763,-1169.8745475987453,443.0,-0.4265084240535575,29.2001760986868
8,792,-2212,-1.0,0.93827,0.739470394205937,-1.6561418649130446,8,1704,491.0190444296807,-151.9746623860809,-1405.5446121374432,514.0,-0.3001573753225466,29.2001760986868
8,793,211,1.0,0.13957,0.1596991146403625,-1.442642503679483,1,80,-16.591528025857187,-28.814643807744623,-37.75,33.25,-2.0932330827067673,29.2001760986868
8,793,211,1.0,0.13957,0.1596991146403625,-1.442642503679483,2,123,-29.961329510530916,-40.65179865591914,-73.60000000000001,50.5,-2.205940594059406,29.2001760986868
8,793,211,1.0,0.13957,0.1596991146403625,-1.442642503679483,3,225,-69.37694150702843,-54.94624634249691,-158.4,88.5,-2.4717514124293785,29.2001760986868
8,793,211,1.0,0.13957,0.1596991146403625,-1.442642503679483,4,335,-113.63296192753204,-45.75805900140491,-249.60000000000002,122.5,-2.758775510204082,29.2001760986868
8,804,211,1.0,0.13957,0.0699883450176643,-0.9874499458632384,1,87,32.18204460865862,8.359336385521665,-10.75,33.25,0.2541353383458647,29.2001760986868
8,804,211,1.0,0.13957,0.0699883450176643,-0.9874499458632384,2,141,50.41675555341781,-2.898406366766914,-36.0,50.5,-0.057425742574257435,29.2001760986868
8,805,-211,-1.0,0.13957,0.2274886177596549,-1.2816719474012843,1,67,31.212656422527747,11.460042715855684,-26.25,33.24999999999999,0.3518796992481204,29.2001760986868
8,805,-211,-1.0,0.13957,0.2274886177596549,-1.2816719474012843,2,103,45.92982892969576,20.992875326855096,-55.6,50.49999999999999,0.4287128712871288,29.2001760986868
8,805,-211,-1.0,0.13957,0.2274886177596549,-1.2816719474012843,3,185,72.78716966351043,50.34161233388686,-122.0,88.5,0.6050847457627119,29.2001760986868
8,805,-211,-1.0,0.13957,0.2274886177596549,-1.2816719474012843,4,263,87.57777949758183,85.65268552866824,-186.0,122.5,0.7742857142857144,29.2001760986868
8,807,-211,-1.0,0.13957,0.3046990358498905,1.038208488228436,1,55,7.902619487330643,32.297230612522526,70.25,33.25,1.330827067669173,29.2001760986868
8,807,-211,-1.0,0.13957,0.3046990358498905,1.038208488228436,2,83,9.173990827332696,49.65972102519319,92.0,50.49999999999999,1.3881188118811885,29.2001760986868
8,807,-211,-1.0,0.13957,0.3046990358498905,1.038208488228436,3,148,4.813099091720598,88.36902215784261,140.0,88.5,1.5163841807909606,29.2001760986868
8,807,-211,-1.0,0.13957,0.3046990358498905,1.038208488228436,4,208,-7.971812594905685,122.2403378756444,184.8,122.5,1.6359183673469389,29.2001760986868
8,807,-211,-1.0,0.13957,0.3046990358498905,1.038208488228436,5,695,-256.57723900699733,153.52237759866202,548.397267845966,299.0,2.602389032143849,29.2001760986868
9,815,321,1.0,0.49368,0.7768733288098356,-1.3668042150672457,1,72,-17.237206654494774,28.433100547605445,-44.75,33.25,2.115789473684211,16.247615087470276
9,815,321,1.0,0.49368,0.7768733288098356,-1.3668042150672457,2,110,-25.19199511178997,43.76772078013145,-76.4,50.5,2.093069306930693,16.247615087470276
9,815,321,1.0,0.49368,0.7768733288098356,-1.3668042150672457,3,193,-40.338352693829535,78.77224956765049,-146.4,88.49999999999999,2.04406779661017,16.247615087470276
9,815,321,1.0,0.49368,0.7768733288098356,-1.3668042150672457,4,268,-50.977987477024946,111.38893478614601,-209.20000000000002,122.5,2.0,16.247615087470276
9,815,321,1.0,0.49368,0.7768733288098356,-1.3668042150672457,5,670,-57.155018104417856,293.48646289988176,-546.6499424917939,299.0,1.7631339234485868,16.247615087470276
9,815,321,1.0,0.49368,0.7768733288098356,-1.3668042150672457,6,844,-33.14302876798376,369.5166297260308,-693.1313626442035,371.0,1.66024988875545,16.247615087470276
9,815,321,1.0,0.49368,0.7768733288098356,-1.3668042150672457,7,1029,8.66982944384037,442.9151544680028,-848.3565528692301,443.0,1.5512243561801606,16.247615087470276
9,815,321,1.0,0.49368,0.7768733288098356,-1.3668042150672457,8,1226,69.6361373015932,509.2610414921935,-1013.9742326881748,514.0,1.434899557815302,16.247615087470276
9,816,-211,-1.0,0.13957,0.2053319995152738,-1.4502488934919051,1,78,-5.100800311140318,-32.85642001475314,-51.0,33.25,-1.724812030075188,16.247615087470276
9,816,-211,-1.0,0.13957,0.2053319995152738,-1.4502488934919051,2,119,-3.422160877974062,-50.38391424775633,-86.4,50.49999999999999,-1.6386138613861387,16.247615087470276
9,816,-211,-1.0,0.13957,0.2053319995152738,-1.4502488934919051,3,215,11.483008074306,-87.7518690716353,-168.0,88.5,-1.4406779661016949,16.247615087470276
9,816,-211,-1.0,0.13957,0.2053319995152738,-1.4502488934919051,4,308,38.98267708140539,-116.13182547246413,-248.4,122.5,-1.2469387755102042,16.247615087470276
9,829,-211,-1.0,0.13957,0.3003515672677286,-1.7290182502668603,1,98,21.46149440601849,25.3961957359845,-74.75,33.25,0.8691729323308272,16.247615087470276
9,829,-211,-1.0,0.13957,0.3003515672677286,-1.7290182502668603,2,149,30.28272403833116,40.4129512015428,-122.4,50.5,0.9277227722772278,16.247615087470276
9,829,-211,-1.0,0.13957,0.3003515672677286,-1.7290182502668603,3,264,43.40468533889324,77.12511452589014,-228.8,88.50000000000001,1.05819209039548,16.247615087470276
9,829,-211,-1.0,0.13957,0.3003515672677286,-1.7290182502668603,4,371,46.75573602796353,113.22610630275773,-328.0,122.5,1.179183673469388,16.247615087470276
9,829,-211,-1.0,0.13957,0.3003515672677286,-1.7290182502668603,5,1310,-186.00238935183032,234.1027790424756,-1198.7739648878432,299.0,2.242194846875787,16.247615087470276
9,830,211,1.0,0.13957,0.1251201644959132,-0.7756428883276744,1,58,-4.160091352427613,-32.988727467719286,-12.5,33.25,-1.6962406015037597,16.247615087470276
9,830,211,1.0,0.13957,0.1251201644959132,-0.7756428883276744,2,89,-13.556448866502304,-48.64640474002069,-28.400000000000002,50.49999999999999,-1.842574257425743,16.247615087470276
9,830,211,1.0,0.13957,0.1251201644959132,-0.7756428883276744,3,169,-53.04772710035412,-70.8391745398431,-68.0,88.5,-2.2135593220338983,16.247615087470276
9,830,211,1.0,0.13957,0.1251201644959132,-0.7756428883276744,4,295,-115.27071362864213,-41.45977061614762,-130.4,122.5,-2.796326530612245,16.247615087470276
9,832,211,1.0,0.13957,0.785994339753022,-1.4731204285417938,1,76,12.141544614591844,30.95392373144116,-52.5,33.25000000000001,1.1969924812030075,16.247615087470276
9,832,211,1.0,0.13957,0.785994339753022,-1.4731204285417938,2,116,19.45839099829256,46.60065471382957,-88.0,50.49999999999999,1.1752475247524754,16.247615087470276
9,832,211,1.0,0.13957,0.785994339753022,-1.4731204285417938,3,204,38.0350139363072,79.90987244930952,-167.20000000000002,88.5,1.1265536723163843,16.247615087470276
9,832,211,1.0,0.13957,0.785994339753022,-1.4731204285417938,4,283,57.428804134831374,108.20435506782144,-238.0,122.5,1.082857142857143,16.247615087470276
9,832,211,1.0,0.13957,0.785994339753022,-1.4731204285417938,5,706,197.58554866849025,224.41245722412933,-617.7203094329129,299.0,0.8488839075978177,16.247615087470276
9,832,211,1.0,0.13957,0.785994339753022,-1.4731204285417938,6,890,272.0969876058925,252.198789322627,-782.3629671338648,371.0,0.7474641311178556,16.247615087470276
9,832,211,1.0,0.13957,0.785994339753022,-1.4731204285417938,7,1084,355.281488749554,264.6206034153436,-956.5297437741928,443.0,0.6401773769005943,16.247615087470276
9,832,211,1.0,0.13957,0.785994339753022,-1.4731204285417938,8,1290,444.5141503397441,258.0758999746692,-1141.8543247424027,514.0,0.5260174750630389,16.247615087470276
9,835,321,1.0,0.49368,0.2904717689979821,-0.094573025438166,1,65,1.1287609473776197,-33.230835059078416,13.0,33.25,-1.536842105263158,16.247615087470276
9,835,321,1.0,0.49368,0.2904717689979821,-0.094573025438166,2,100,-1.3246335513920295,-50.482624198376676,11.600000000000001,50.5,-1.5970297029702971,16.247615087470276
9,835,321,1.0,0.49368,0.2904717689979821,-0.094573025438166,3,177,-14.173229468446435,-87.35771040059808,7.6000000000000005,88.5,-1.731638418079096,16.247615087470276
9,835,321,1.0,0.49368,0.2904717689979821,-0.094573025438166,4,249,-34.64801389673739,-117.49793671810367,4.4,122.5,-1.8575510204081633,16.247615087470276
9,836,-321,-1.0,0.49368,0.3265367621565685,1.0619710757097145,1,73,-32.56559449673906,6.711524050017137,58.75,33.25,2.9383458646616543,16.247615087470276
9,836,-321,-1.0,0.49368,0.3265367621565685,1.0619710757097145,2,112,-49.9366053685991,7.522329709657728,80.80000000000001,50.5,2.992079207920792,16.247615087470276
9,836,-321,-1.0,0.49368,0.3265367621565685,1.0619710757097145,3,198,-88.46089611689175,2.630562334651649,130.4,88.5,3.1118644067796613,16.247615087470276
9,836,-321,-1.0,0.49368,0.3265367621565685,1.0619710757097145,4,278,-122.10459658872702,-9.834505168244707,176.0,122.5,-3.061224489795918,16.247615087470276
9,836,-321,-1.0,0.49368,0.3265367621565685,1.0619710757097145,5,837,-196.39407823325024,-225.4559070747804,497.6415488546564,299.0,-2.287411784729722,16.247615087470276
9,837,211,1.0,0.13957,0.4987036888760224,0.0064647750142433,1,34,8.725590957850871,32.08467800113119,16.5,33.25000000000001,1.3052631578947367,16.247615087470276
9,837,211,1.0,0.13957,0.4987036888760224,0.0064647750142433,2,52,14.900090150331451,48.25181150497871,16.400000000000002,50.5,1.2712871287128713,16.247615087470276
9,837,211,1.0,0.13957,0.4987036888760224,0.0064647750142433,3,92,32.53416653162636,82.30296475882508,16.8,88.5,1.1943502824858758,16.247615087470276
9,837,211,1.0,0.13957,0.4987036888760224,0.0064647750142433,4,128,52.87550815539583,110.50081736036466,17.2,122.5,1.1244897959183673,16.247615087470276
9,837,211,1.0,0.13957,0.4987036888760224,0.0064647750142433,5,333,222.9536709428477,199.230169936956,18.32072451306569,299.0,0.7292648482530012,16.247615087470276
9,837,211,1.0,0.13957,0.4987036888760224,0.0064647750142433,6,434,319.5324628793682,188.5205696104412,18.952966888366426,371.0,0.5330257911791559,16.247615087470276
9,837,211,1.0,0.13957,0.4987036888760224,0.0064647750142433,7,566,426.0219354128528,121.46732296007475,19.77541564652639,443.0,0.2777500275469436,16.247615087470276
9,838,-211,-1.0,0.13957,0.2609899375671455,-0.665190012799675,1,44,7.1721619963091126,-32.46725415397334,-7.5,33.25,-1.3533834586466165,16.247615087470276
9,838,-211,-1.0,0.13957,0.2609899375671455,-0.665190012799675,2,68,14.181862230506425,-48.46777056637675,-20.0,50.50000000000001,-1.286138613861386,16.247615087470276
9,838,-211,-1.0,0.13957,0.2609899375671455,-0.665190012799675,3,121,37.40177527431818,-80.20821158914715,-48.400000000000006,88.5,-1.1344632768361582,16.247615087470276
9,838,-211,-1.0,0.13957,0.2609899375671455,-0.665190012799675,4,171,67.02628880461508,-102.53646477756257,-74.8,122.5,-0.9918367346938776,16.247615087470276
9,839,321,1.0,0.49368,0.1525361149727482,-0.4612094919035886,1,114,-32.205061992245625,-8.27021656763692,0.25,33.25,-2.8902255639097745,16.247615087470276
9,839,321,1.0,0.49368,0.1525361149727482,-0.4612094919035886,2,176,-50.042811957057104,-6.779894647457538,-8.4,50.50000000000001,-3.0069306930693065,16.247615087470276
9,839,321,1.0,0.49368,0.1525361149727482,-0.4612094919035886,3,323,-87.54237802971264,12.983915006764652,-28.8,88.50000000000001,2.9943502824858754,16.247615087470276
9,839,321,1.0,0.49368,0.1525361149727482,-0.4612094919035886,4,486,-109.67967746533778,54.55839395637921,-51.6,122.5,2.68,16.247615087470276
9,840,-321,-1.0,0.49368,0.370288074238305,-1.5929271613461384,1,96,-32.91015729646508,-4.741734568902624,-62.25,33.25,-2.998496240601504,16.247615087470276
9,840,-321,-1.0,0.49368,0.370288074238305,-1.5929271613461384,2,146,-49.59018827072512,-9.542705448353537,-103.2,50.49999999999999,-2.9514851485148523,16.247615087470276
9,840,-321,-1.0,0.49368,0.370288074238305,-1.5929271613461384,3,258,-84.67016881919139,-25.752912692152506,-194.4,88.5,-2.846327683615819,16.247615087470276
9,840,-321,-1.0,0.49368,0.370288074238305,-1.5929271613461384,4,360,-113.25564473386501,-46.68414008971948,-278.0,122.5,-2.7506122448979595,16.247615087470276
9,840,-321,-1.0,0.49368,0.370288074238305,-1.5929271613461384,5,1005,-162.9505239692629,-250.6952866292916,-804.4369138894128,299.0,-2.1471675869604288,16.247615087470276
9,846,-211,-1.0,0.13957,0.1619697727322462,0.1947923642467703,1,44,21.99135583055058,-24.938780417937625,22.75,33.25,-0.8481203007518798,16.247615087470276
9,846,-211,-1.0,0.13957,0.1619697727322462,0.1947923642467703,2,68,37.37347140253533,-33.96282725751603,26.400000000000002,50.5,-0.7376237623762376,16.247615087470276
9,846,-211,-1.0,0.13957,0.1619697727322462,0.1947923642467703,3,125,78.65089171401017,-40.574465277943574,34.800000000000004,88.50000000000001,-0.47627118644067795,16.247615087470276
9,846,-211,-1.0,0.13957,0.1619697727322462,0.1947923642467703,4,185,120.156490108587,-23.846758370584404,43.6,122.5,-0.19591836734693877,16.247615087470276
9,852,211,1.0,0.13957,0.2397448629030814,0.8809943998876887,1,51,16.814572424551308,-28.68505977298145,49.5,33.25,-1.0406015037593985,16.247615087470276
9,852,211,1.0,0.13957,0.2397448629030814,0.8809943998876887,2,77,22.325437900112927,-45.29707300221728,67.2,50.5,-1.112871287128713,16.247615087470276
9,852,211,1.0,0.13957,0.2397448629030814,0.8809943998876887,3,138,25.45092694371057,-84.76143178183051,106.80000000000001,88.5,-1.2790960451977402,16.247615087470276
9,852,211,1.0,0.13957,0.2397448629030814,0.8809943998876887,4,196,16.274293616840573,-121.41415637096385,144.8,122.5,-1.4375510204081634,16.247615087470276
9,853,-211,-1.0,0.13957,0.3177586213099616,0.5672655719268418,1,41,-13.56353358584262,-30.35775117932352,36.25,33.24999999999999,-1.990977443609023,16.247615087470276
9,853,-211,-1.0,0.13957,0.3177586213099616,0.5672655719268418,2,63,-18.018732860091347,-47.17600307483312,46.400000000000006,50.49999999999999,-1.9356435643564358,16.247615087470276
9,853,-211,-1.0,0.13957,0.3177586213099616,0.5672655719268418,3,111,-21.22558106529355,-85.9169640317944,70.0,88.5,-1.8129943502824861,16.247615087470276
9,853,-211,-1.0,0.13957,0.3177586213099616,0.5672655719268418,4,156,-15.73386599731619,-121.48537138593477,91.60000000000001,122.5,-1.699591836734694,16.247615087470276
9,853,-211,-1.0,0.13957,0.3177586213099616,0.5672655719268418,5,485,193.2114499106509,-228.18925396132047,249.38862774293253,299.0,-0.8682119944245112,16.247615087470276
9,854,2212,1.0,0.93827,2.0520958174657484,1.38432946069761,1,72,30.34591883210486,-13.58998565986379,78.5,33.25,-0.42105263157894735,16.247615087470276
9,854,2212,1.0,0.93827,2.0520958174657484,1.38432946069761,2,109,45.9090213956025,-21.03834010795794,110.80000000000001,50.5,-0.42970297029702975,16.247615087470276
9,854,2212,1.0,0.93827,2.0520958174657484,1.38432946069761,3,192,79.7655316794287,-38.33679636978104,182.0,88.50000000000001,-0.44802259887005647,16.247615087470276
9,854,2212,1.0,0.93827,2.0520958174657484,1.38432946069761,4,266,109.52115395971643,-54.87592218206536,245.60000000000002,122.5,-0.4644897959183674,16.247615087470276
9,854,2212,1.0,0.93827,2.0520958174657484,1.38432946069761,5,651,254.7380551305476,-156.55517643408064,577.6264520000441,299.0,-0.5510662170114968,16.247615087470276
9,854,2212,1.0,0.93827,2.0520958174657484,1.38432946069761,6,809,308.9673668039713,-205.3781055765689,714.1680198618317,371.00000000000006,-0.5866566575944974,16.247615087470276
9,854,2212,1.0,0.93827,2.0520958174657484,1.38432946069761,7,969,359.90822763485613,-258.2926009020324,851.6099124603155,443.0,-0.6224818277554246,16.247615087470276
9,854,2212,1.0,0.93827,2.0520958174657484,1.38432946069761,8,1127,406.657311753257,-314.365759582074,988.2179016347332,514.0,-0.6580896040995821,16.247615087470276
9,855,-211,-1.0,0.13957,0.945611015317841,0.3838127203798948,1,36,32.31591037349111,-7.825882489054485,29.25,33.25,-0.23759398496240602,16.247615087470276
9,855,-211,-1.0,0.13957,0.945611015317841,0.3838127203798948,2,54,49.295880181040395,-10.96203435391939,36.0,50.5,-0.21881188118811884,16.247615087470276
9,855,-211,-1.0,0.13957,0.945611015317841,0.3838127203798948,3,96,87.09334671032303,-15.716200520337743,51.2,88.5,-0.17853107344632768,16.247615087470276
9,855,-211,-1.0,0.13957,0.945611015317841,0.3838127203798948,4,133,121.25923289086714,-17.391044785131403,64.4,122.5,-0.14244897959183672,16.247615087470276
9,855,-211,-1.0,0.13957,0.945611015317841,0.3838127203798948,5,330,298.632617838841,14.81754239814205,135.9024278278882,299.0,0.0495773049099699,16.247615087470276
9,855,-211,-1.0,0.13957,0.945611015317841,0.3838127203798948,6,413,367.8165144508791,48.49754320794283,166.19945721602264,371.00000000000006,0.1310963271510964,16.247615087470276
9,855,-211,-1.0,0.13957,0.945611015317841,0.3838127203798948,7,500,432.74709833693976,94.75731571208108,197.5927728950545,443.0,0.2155647406492027,16.247615087470276
9,855,-211,-1.0,0.13957,0.945611015317841,0.3838127203798948,8,589,490.6228467878821,153.24888975047855,229.99709823183403,514.0,0.3027534883452846,16.247615087470276
9,856,211,1.0,0.13957,0.956966261265166,-0.1854443517607713,1,34,33.06595950369589,-3.493540052717808,10.0,33.25000000000001,-0.10526315789473682,16.247615087470276
9,856,211,1.0,0.13957,0.956966261265166,-0.1854443517607713,2,51,50.11988375933695,-6.184436267805881,6.800000000000001,50.50000000000001,-0.12277227722772276,16.247615087470276
9,856,211,1.0,0.13957,0.956966261265166,-0.1854443517607713,3,91,87.33105698903505,-14.336543697066924,-0.4,88.49999999999999,-0.1627118644067797,16.247615087470276
9,856,211,1.0,0.13957,0.956966261265166,-0.1854443517607713,4,126,120.09772962322467,-24.14094735810558,-6.800000000000001,122.5,-0.19836734693877553,16.247615087470276
9,856,211,1.0,0.13957,0.956966261265166,-0.1854443517607713,5,312,276.7646974776197,-113.1472590482053,-40.46966938941142,299.0,-0.3880876018297933,16.247615087470276
9,856,211,1.0,0.13957,0.956966261265166,-0.1854443517607713,6,391,331.0232388588094,-167.52496928942745,-54.81228512862332,371.0,-0.4685015225616792,16.247615087470276
9,856,211,1.0,0.13957,0.956966261265166,-0.1854443517607713,7,473,377.2642626290756,-232.2082602814549,-69.6591444649287,443.0,-0.5517427189556177,16.247615087470276
9,856,211,1.0,0.13957,0.956966261265166,-0.1854443517607713,8,557,413.0293587822431,-305.9456631232564,-84.962959524346,514.0,-0.6375456557473453,16.247615087470276
9,857,-211,-1.0,0.13957,0.2146224064507954,-0.9334371185846058,1,53,-28.6703947330088,16.839565488855744,-19.75,33.25,2.610526315789474,16.247615087470276
9,857,-211,-1.0,0.13957,0.2146224064507954,-0.9334371185846058,2,81,-45.483260821315575,21.943631993363812,-38.400000000000006,50.5,2.6920792079207922,16.247615087470276
9,857,-211,-1.0,0.13957,0.2146224064507954,-0.9334371185846058,3,146,-85.49433935116588,22.868492274474253,-82.0,88.5,2.8802259887005652,16.247615087470276
9,857,-211,-1.0,0.13957,0.2146224064507954,-0.9334371185846058,4,209,-122.12049017827741,9.635137706190237,-124.0,122.5,3.062857142857143,16.247615087470276
9,858,211,1.0,0.13957,0.2081811680605332,1.4484041824565077,1,78,-27.88180322225258,-18.115395360730762,83.5,33.25,-2.5654135338345867,16.247615087470276
9,858,211,1.0,0.13957,0.2081811680605332,1.4484041824565077,2,119,-44.508094673467944,-23.85957896815479,118.80000000000001,50.5,-2.6495049504950496,16.247615087470276
9,858,211,1.0,0.13957,0.2081811680605332,1.4484041824565077,3,214,-84.61175398701474,-25.94419178237963,200.0,88.49999999999999,-2.84406779661017,16.247615087470276
9,858,211,1.0,0.13957,0.2081811680605332,1.4484041824565077,4,307,-121.79539627507317,-13.119887430839256,279.6,122.5,-3.0342857142857147,16.247615087470276
9,860,211,1.0,0.13957,0.0824239759886519,-1.213328751553485,1,85,15.104346956181498,29.621296444066914,-36.25,33.25000000000001,1.0992481203007518,16.247615087470276
9,860,211,1.0,0.13957,0.0824239759886519,-1.213328751553485,2,135,33.12205360754405,38.120592398583966,-67.2,50.5,0.8554455445544555,16.247615087470276
9,871,211,1.0,0.13957,0.3382636196734568,-1.3350053004329894,1,69,-27.00734245346291,19.394998159354905,-42.75,33.25,2.518796992481203,16.247615087470276
9,871,211,1.0,0.13957,0.3382636196734568,-1.3350053004329894,2,105,-39.448855971904536,31.52836441219132,-73.2,50.50000000000001,2.4673267326732673,16.247615087470276
9,871,211,1.0,0.13957,0.3382636196734568,-1.3350053004329894,3,185,-62.34998763864337,62.807077956716135,-142.0,88.5,2.352542372881356,16.247615087470276
9,871,211,1.0,0.13957,0.3382636196734568,-1.3350053004329894,4,259,-76.62012522090612,95.58036624293018,-205.60000000000002,122.5,2.246530612244898,16.247615087470276
9,871,211,1.0,0.13957,0.3382636196734568,-1.3350053004329894,5,760,11.62674327328286,298.77385903197285,-632.6458748960678,299.0,1.531901091488775,16.247615087470276
9,873,211,1.0,0.13957,0.5262019197054145,1.7972161331284402,1,103,-31.444400857888073,-10.807967185759212,113.75,33.25,-2.810526315789474,16.247615087470276
9,873,211,1.0,0.13957,0.5262019197054145,1.7972161331284402,2,157,-48.259118685903466,-14.876406275034409,164.8,50.5,-2.842574257425743,16.247615087470276
9,873,211,1.0,0.13957,0.5262019197054145,1.7972161331284402,3,276,-86.25398107788112,-19.811631639431553,277.2,88.5,-2.9158192090395483,16.247615087470276
9,873,211,1.0,0.13957,0.5262019197054145,1.7972161331284402,4,384,-120.93612276566499,-19.511642944867752,378.8,122.5,-2.9816326530612245,16.247615087470276
9,873,211,1.0,0.13957,0.5262019197054145,1.7972161331284402,5,989,-292.44417807895337,62.268794012132815,949.225437743594,299.00000000000006,2.93180027401422,16.247615087470276
9,873,211,1.0,0.13957,0.5262019197054145,1.7972161331284402,6,1281,-343.4008654599,140.41668562315402,1224.3617365246728,371.0,2.7534373072050253,16.247615087470276
9,873,211,1.0,0.13957,0.5262019197054145,1.7972161331284402,7,1639,-363.9113020672514,252.6213851353793,1561.653489631561,443.0,2.53478075317898,16.247615087470276
9,873,211,1.0,0.13957,0.5262019197054145,1.7972161331284402,8,2222,-293.4507271081855,421.9984250677688,2111.3670169954594,514.0,2.1784172211936697,16.247615087470276
9,880,-211,-1.0,0.13957,0.5365803178227958,0.7510547176711715,1,43,-10.962047880628907,31.391017923329585,43.75,33.25,1.9067669172932333,16.247615087470276
9,880,-211,-1.0,0.13957,0.5365803178227958,0.7510547176711715,2,66,-18.15877990929091,47.12227405596989,58.0,50.5,1.9386138613861388,16.247615087470276
9,880,-211,-1.0,0.13957,0.5365803178227958,0.7510547176711715,3,117,-37.69068914201581,80.07285402681693,89.60000000000001,88.5,2.0107344632768362,16.247615087470276
9,880,-211,-1.0,0.13957,0.5365803178227958,0.7510547176711715,4,163,-59.191963544098385,107.24999511325923,118.0,122.5,2.0751020408163265,16.247615087470276
9,880,-211,-1.0,0.13957,0.5365803178227958,0.7510547176711715,5,419,-227.6578411010888,193.83732196146187,277.4993761656032,299.0,2.4362623493164826,16.247615087470276
9,880,-211,-1.0,0.13957,0.5365803178227958,0.7510547176711715,6,541,-319.5873403660327,188.42752420430924,353.7290866189726,371.0,2.6088580297473465,16.247615087470276
9,880,-211,-1.0,0.13957,0.5365803178227958,0.7510547176711715,7,689,-419.8702896726821,141.27257288723126,445.66922542387374,443.00000000000006,2.8170242926409768,16.247615087470276
9,880,-211,-1.0,0.13957,0.5365803178227958,0.7510547176711715,8,908,-513.9432134208379,7.640247290701248,582.4548136745798,514.0,3.1267278118246606,16.247615087470276
9,881,321,1.0,0.49368,0.6233380419224401,0.9331570164902582,1,55,20.49181101912573,26.184884593147196,52.0,33.25,0.9067669172932331,16.247615087470276
9,881,321,1.0,0.49368,0.6233380419224401,0.9331570164902582,2,84,32.245448146162815,38.86490800005996,70.4,50.5,0.8782178217821782,16.247615087470276
9,881,321,1.0,0.49368,0.6233380419224401,0.9331570164902582,3,148,60.53724221103969,64.55611749076856,111.60000000000001,88.5,0.8175141242937854,16.247615087470276
9,881,321,1.0,0.49368,0.6233380419224401,0.9331570164902582,4,205,88.6199961669564,84.57391015773501,148.8,122.5,0.7620408163265306,16.247615087470276
9,881,321,1.0,0.49368,0.6233380419224401,0.9331570164902582,5,520,268.0290781173366,132.51948265659155,351.38163193660665,299.0,0.4591752894159586,16.247615087470276
9,881,321,1.0,0.49368,0.6233380419224401,0.9331570164902582,6,663,351.9518075441935,117.34958528420528,443.31583797140667,371.0,0.321833189833371,16.247615087470276
9,881,321,1.0,0.49368,0.6233380419224401,0.9331570164902582,7,822,436.714022858325,74.36304350212114,545.8462234975904,443.0,0.1686608994622149,16.247615087470276
9,881,321,1.0,0.49368,0.6233380419224401,0.9331570164902582,8,1008,513.9708345957064,-5.475507738374187,665.8753208392816,514.0,-0.0106529402811985,16.247615087470276
9,885,-211,-1.0,0.13957,0.07091442382811,-1.63408000536463,1,114,31.71278250944512,-9.99309389071431,-69.0,33.25,-0.30526315789473685,16.247615087470276
9,885,-211,-1.0,0.13957,0.07091442382811,-1.63408000536463,2,186,50.50000000000001,0.0,-122.4,50.50000000000001,0.0,16.247615087470276
9,894,-211,-1.0,0.13957,0.4784200320631055,-0.6613177306692607,1,41,16.900767105685766,28.634359976073675,-7.5,33.25,1.037593984962406,16.247615087470276
9,894,-211,-1.0,0.13957,0.4784200320631055,-0.6613177306692607,2,63,24.05745628757332,44.40145039265607,-19.6,50.49999999999999,1.0742574257425743,16.247615087470276
9,894,-211,-1.0,0.13957,0.4784200320631055,-0.6613177306692607,3,112,35.762798482114356,80.95228375239131,-47.2,88.5,1.1548022598870056,16.247615087470276
9,894,-211,-1.0,0.13957,0.4784200320631055,-0.6613177306692607,4,156,41.20320260531113,115.3626720177098,-71.60000000000001,122.5,1.2277551020408164,16.247615087470276
9,894,-211,-1.0,0.13957,0.4784200320631055,-0.6613177306692607,5,407,-21.93534983356111,298.19429979072254,-213.2876199159951,299.00000000000006,1.6442246672237446,16.247615087470276
9,894,-211,-1.0,0.13957,0.4784200320631055,-0.6613177306692607,6,535,-104.69540700816354,355.92115946006214,-285.53200666524253,371.0,1.856880643070008,16.247615087470276
9,894,-211,-1.0,0.13957,0.4784200320631055,-0.6613177306692607,7,714,-243.9069833738932,369.8085767818905,-386.4214056894515,443.00000000000006,2.1538553147221053,16.247615087470276
9,896,321,1.0,0.49368,0.8410271363552064,1.0298023059711594,1,56,0.42896596539522297,-33.24723279012154,57.0,33.25,-1.5578947368421054,16.247615087470276
9,896,321,1.0,0.49368,0.8410271363552064,1.0298023059711594,2,85,-0.4247804875985929,-50.49821344896625,78.0,50.5,-1.5792079207920793,16.247615087470276
9,896,321,1.0,0.49368,0.8410271363552064,1.0298023059711594,3,149,-4.732267050641204,-88.37338767163686,124.4,88.50000000000001,-1.6242937853107342,16.247615087470276
9,896,321,1.0,0.49368,0.8410271363552064,1.0298023059711594,4,207,-11.510444678447966,-121.95802418580087,166.4,122.5,-1.6648979591836737,16.247615087470276
9,896,321,1.0,0.49368,0.8410271363552064,1.0298023059711594,5,515,-91.68242587911182,-284.59678983593824,389.7219305746647,299.00000000000006,-1.8824469739983256,16.247615087470276
9,896,321,1.0,0.49368,0.8410271363552064,1.0298023059711594,6,647,-146.2199417440168,-340.9702752973877,485.68903537449233,371.0,-1.9759106496372083,16.247615087470276
9,896,321,1.0,0.49368,0.8410271363552064,1.0298023059711594,7,786,-213.59188624623624,-388.1075960732731,586.3053768489503,443.00000000000006,-2.07390202354179,16.247615087470276
9,896,321,1.0,0.49368,0.8410271363552064,1.0298023059711594,8,931,-292.7562609920498,-422.4804985439621,691.931485430879,514.0,-2.1767725005495704,16.247615087470276
9,897,-211,-1.0,0.13957,0.3781087464864462,0.8998673733376504,1,49,32.64548730691744,-6.311470390795815,50.5,33.25,-0.19097744360902258,16.247615087470276
9,897,-211,-1.0,0.13957,0.3781087464864462,0.8998673733376504,2,74,49.96606729588753,-7.324078029543275,68.4,50.49999999999999,-0.14554455445544556,16.247615087470276
9,897,-211,-1.0,0.13957,0.3781087464864462,0.8998673733376504,3,132,88.41843061243091,-3.798832456787459,108.0,88.5,-0.04293785310734464,16.247615087470276
9,897,-211,-1.0,0.13957,0.3781087464864462,0.8998673733376504,4,184,122.34313553043228,6.197353353027135,144.4,122.5,0.05061224489795919,16.247615087470276
9,897,-211,-1.0,0.13957,0.3781087464864462,0.8998673733376504,5,510,240.9708391350356,177.01427819968882,370.2942132735966,299.0,0.6335642197739029,16.247615087470276
9,897,-211,-1.0,0.13957,0.3781087464864462,0.8998673733376504,6,771,168.0454249677346,330.75933115698103,551.4556612892721,371.0,1.1007219143005167,16.247615087470276
9,916,211,1.0,0.13957,0.1978510116435675,0.2582564010729531,1,41,27.61068265150411,-18.52600074268405,25.0,33.25,-0.5909774436090226,16.247615087470276
9,916,211,1.0,0.13957,0.1978510116435675,0.2582564010729531,2,63,39.29256169726959,-31.72293484635781,29.6,50.5,-0.6792079207920793,16.247615087470276
9,916,211,1.0,0.13957,0.1978510116435675,0.2582564010729531,3,114,56.02483551412917,-68.50888851539463,40.400000000000006,88.5,-0.8853107344632769,16.247615087470276
9,916,211,1.0,0.13957,0.1978510116435675,0.2582564010729531,4,165,56.72094383836757,-108.57709026348401,50.800000000000004,122.5,-1.089387755102041,16.247615087470276
9,917,-211,-1.0,0.13957,0.5219953174906202,-1.112756326756814,1,56,-27.990262959567417,-17.947358564821386,-29.0,33.24999999999999,-2.571428571428572,16.247615087470276
9,917,-211,-1.0,0.13957,0.5219953174906202,-1.112756326756814,2,86,-41.565949851265586,-28.679641088445898,-52.400000000000006,50.5,-2.5376237623762377,16.247615087470276
9,917,-211,-1.0,0.13957,0.5219953174906202,-1.112756326756814,3,151,-68.97151392024439,-55.454307925981134,-104.4,88.5,-2.4644067796610174,16.247615087470276
9,917,-211,-1.0,0.13957,0.5219953174906202,-1.112756326756814,4,211,-90.16167636530741,-82.92841560645884,-151.6,122.5,-2.3979591836734695,16.247615087470276
9,917,-211,-1.0,0.13957,0.5219953174906202,-1.112756326756814,5,543,-131.04066098361042,-268.7551770087015,-415.84471721117126,299.0,-2.024461700755844,16.247615087470276
9,917,-211,-1.0,0.13957,0.5219953174906202,-1.112756326756814,6,704,-99.96824516325988,-357.2776930609835,-543.855590187432,371.0,-1.8436246132666272,16.247615087470276
9,917,-211,-1.0,0.13957,0.5219953174906202,-1.112756326756814,7,903,-21.918827112376288,-442.4574160504238,-701.9461821462413,443.00000000000006,-1.6202947019300378,16.247615087470276
9,917,-211,-1.0,0.13957,0.5219953174906202,-1.112756326756814,8,1246,169.19756280492714,-485.3536697511133,-974.4311403440572,514.0,-1.235363253671702,16.247615087470276
9,920,-211,-1.0,0.13957,0.2392051664453563,-0.4069753093054259,1,41,30.242881693166044,13.81776417851898,2.25,33.25,0.42857142857142855,16.247615087470276
9,920,-211,-1.0,0.13957,0.2392051664453563,-0.4069753093054259,2,62,44.26988996360115,24.29870043048899,-5.2,50.5,0.501980198019802,16.247615087470276
9,920,-211,-1.0,0.13957,0.2392051664453563,-0.4069753093054259,3,111,69.45816725181072,54.843531998035,-21.6,88.5,0.668361581920904,16.247615087470276
9,920,-211,-1.0,0.13957,0.2392051664453563,-0.4069753093054259,4,158,82.94861707608426,90.14309138899742,-37.6,122.5,0.8269387755102042,16.247615087470276
9,928,-211,-1.0,0.13957,1.6253789106138967,1.3663142582970635,1,69,33.220530669908406,1.3995863709235783,77.25,33.25,0.04210526315789474,16.247615087470276
9,928,-211,-1.0,0.13957,1.6253789106138967,1.3663142582970635,2,105,50.430486250613455,2.6487839713134793,108.80000000000001,50.5,0.05247524752475248,16.247615087470276
9,928,-211,-1.0,0.13957,1.6253789106138967,1.3663142582970635,3,185,88.24270950991617,6.743457447671245,178.4,88.50000000000001,0.07627118644067796,16.247615087470276
9,928,-211,-1.0,0.13957,1.6253789106138967,1.3663142582970635,4,256,121.92245439310064,11.881292638526087,240.8,122.5,0.09714285714285714,16.247615087470276
9,928,-211,-1.0,0.13957,1.6253789106138967,1.3663142582970635,5,628,292.6282883030048,61.397759607769736,567.4322575433569,298.99999999999994,0.206814855214444,16.247615087470276
9,928,-211,-1.0,0.13957,1.6253789106138967,1.3663142582970635,6,782,359.2709948918845,92.54918816173084,702.3148653857135,371.0,0.2521212723390572,16.247615087470276
9,928,-211,-1.0,0.13957,1.6253789106138967,1.3663142582970635,7,937,423.4861250785015,130.03269537310908,838.6479534505546,443.0,0.2979148325022414,16.247615087470276
9,928,-211,-1.0,0.13957,1.6253789106138967,1.3663142582970635,8,1093,483.9448796215181,173.18589286692605,974.8435611864963,514.0,0.3436623386200003,16.247615087470276
9,929,211,1.0,0.13957,0.5985909316863474,-0.4790149885809274,1,37,30.34591883210486,-13.58998565986379,-0.25,33.25,-0.42105263157894735,16.247615087470276
9,929,211,1.0,0.13957,0.5985909316863474,-0.4790149885809274,2,57,45.46169895882803,-21.98826795763811,-8.8,50.50000000000001,-0.45049504950495045,16.247615087470276
9,929,211,1.0,0.13957,0.5985909316863474,-0.4790149885809274,3,101,77.05904783712339,-43.52186974885074,-28.0,88.5,-0.5141242937853108,16.247615087470276
9,929,211,1.0,0.13957,0.5985909316863474,-0.4790149885809274,4,140,103.0112783504983,-66.29424207724348,-45.2,122.5,-0.5718367346938775,16.247615087470276
9,929,211,1.0,0.13957,0.5985909316863474,-0.4790149885809274,5,357,188.44410243715205,-232.1418106603292,-139.5351102985425,299.0,-0.8889239446359645,16.247615087470276
9,929,211,1.0,0.13957,0.5985909316863474,-0.4790149885809274,6,456,189.5595311986903,-318.9172057630832,-182.86630470070185,371.0,-1.0345158995115522,16.247615087470276
9,929,211,1.0,0.13957,0.5985909316863474,-0.4790149885809274,7,569,160.7580488341959,-412.8024342648942,-231.94929182709808,443.0,-1.1994342623297156,16.247615087470276
9,929,211,1.0,0.13957,0.5985909316863474,-0.4790149885809274,8,705,87.69181665889678,-506.4643573747934,-291.44860255512094,514.0,-1.399351016987698,16.247615087470276
9,930,-211,-1.0,0.13957,0.4410741411067957,0.9361543029511232,1,50,4.068754528465017,33.0001172208084,52.25,33.24999999999999,1.4481203007518801,16.247615087470276
9,930,-211,-1.0,0.13957,0.4410741411067957,0.9361543029511232,2,76,4.170459465745077,50.32750011519127,70.8,50.5,1.4881188118811883,16.247615087470276
9,930,-211,-1.0,0.13957,0.4410741411067957,0.9361543029511232,3,134,-0.38452386878976624,88.49916463670337,112.4,88.49999999999999,1.5751412429378535,16.247615087470276
9,930,-211,-1.0,0.13957,0.4410741411067957,0.9361543029511232,4,186,-10.265397392724896,122.06912638488667,150.0,122.5,1.6546938775510205,16.247615087470276
9,930,-211,-1.0,0.13957,0.4410741411067957,0.9361543029511232,5,494,-155.70884532964232,255.2562545484626,370.8170178297962,299.0,2.118543564313993,16.247615087470276
9,930,-211,-1.0,0.13957,0.4410741411067957,0.9361543029511232,6,663,-266.8264605530358,257.7685782804785,492.0536951680669,371.0,2.373459202250945,16.247615087470276
9,931,211,1.0,0.13957,1.1558648332076826,-0.4355620359670036,1,36,-31.98314330083931,9.090711996206766,1.25,33.25,2.8646616541353382,16.247615087470276
9,931,211,1.0,0.13957,1.1558648332076826,-0.4355620359670036,2,55,-48.361062619514954,14.54158252431121,-6.4,50.49999999999999,2.84950495049505,16.247615087470276
9,931,211,1.0,0.13957,1.1558648332076826,-0.4355620359670036,3,97,-83.86119626841321,28.276310940974582,-23.6,88.50000000000001,2.81638418079096,16.247615087470276
9,931,211,1.0,0.13957,1.1558648332076826,-0.4355620359670036,4,135,-114.87642580881817,42.54006104122438,-38.800000000000004,122.5,2.786938775510204,16.247615087470276
9,931,211,1.0,0.13957,1.1558648332076826,-0.4355620359670036,5,333,-260.9045842544866,146.04724548923707,-119.69056103725264,299.0,2.6312774371396315,16.247615087470276
9,931,211,1.0,0.13957,1.1558648332076826,-0.4355620359670036,6,416,-311.2467971577315,201.90698665240365,-153.51311371103458,371.0,2.566129170499297,16.247615087470276
9,931,211,1.0,0.13957,1.1558648332076826,-0.4355620359670036,7,501,-354.7755075160207,265.29858512014323,-188.1015166529544,443.0,2.4995056229506174,16.247615087470276
9,931,211,1.0,0.13957,1.1558648332076826,-0.4355620359670036,8,587,-389.9173381977478,334.90367178157834,-223.17443695467745,514.0,2.4319489028886334,16.247615087470276
9,932,-211,-1.0,0.13957,0.3283783356198153,-0.9665117121763,1,52,-14.289949461594057,-30.022655518542788,-21.25,33.25,-2.0150375939849625,16.247615087470276
9,932,-211,-1.0,0.13957,0.3283783356198153,-0.9665117121763,2,79,-19.27328529978405,-46.67751571959596,-40.800000000000004,50.5,-1.9623762376237626,16.247615087470276
9,932,-211,-1.0,0.13957,0.3283783356198153,-0.9665117121763,3,140,-23.836492707388278,-85.22952314433434,-84.4,88.49999999999999,-1.8435028248587575,16.247615087470276
9,932,-211,-1.0,0.13957,0.3283783356198153,-0.9665117121763,4,196,-19.938350909712163,-120.86650554641339,-124.80000000000001,122.5,-1.7342857142857144,16.247615087470276
9,932,-211,-1.0,0.13957,0.3283783356198153,-0.9665117121763,5,588,168.8580014497936,-246.7548892046144,-406.5499965674857,299.0,-0.970675151222114,16.247615087470276
9,933,321,1.0,0.49368,1.1329228026862317,-1.4879085902851192,1,78,-30.756853593423994,-12.632436702104691,-53.5,33.25,-2.7518796992481205,16.247615087470276
9,933,321,1.0,0.49368,1.1329228026862317,-1.4879085902851192,2,119,-46.98589782676436,-18.50879265140922,-90.0,50.5,-2.7663366336633666,16.247615087470276
9,933,321,1.0,0.49368,1.1329228026862317,-1.4879085902851192,3,209,-83.38667714917626,-29.646451288797564,-170.0,88.5,-2.8000000000000003,16.247615087470276
9,933,321,1.0,0.49368,1.1329228026862317,-1.4879085902851192,4,290,-116.60885936510621,-37.53163888732918,-241.60000000000002,122.5,-2.8302040816326532,16.247615087470276
9,933,321,1.0,0.49368,1.1329228026862317,-1.4879085902851192,5,716,-295.53081564285503,-45.41516272643771,-619.4905215729071,299.0,-2.989112295776987,16.247615087470276
9,933,321,1.0,0.49368,1.1329228026862317,-1.4879085902851192,6,895,-369.6324942765284,-31.82482010808937,-777.8911907651692,371.0,-3.0557059152093307,16.247615087470276
9,933,321,1.0,0.49368,1.1329228026862317,-1.4879085902851192,7,1077,-442.9304905257392,-7.847328375186466,-940.0454491803888,443.0,-3.1238776675116826,16.247615087470276
9,933,321,1.0,0.49368,1.1329228026862317,-1.4879085902851192,8,1263,-513.3183801101736,26.462060408581024,-1104.693843369247,514.0000000000001,3.0900872765341,16.247615087470276
9,934,-211,-1.0,0.13957,0.384250095974887,-0.5577372910958341,1,40,-25.08441111521868,-21.825096082324443,-3.25,33.25,-2.425563909774436,16.247615087470276
9,934,-211,-1.0,0.13957,0.384250095974887,-0.5577372910958341,2,61,-36.52114841286983,-34.87772524986593,-13.600000000000001,50.5,-2.379207920792079,16.247615087470276
9,934,-211,-1.0,0.13957,0.384250095974887,-0.5577372910958341,3,108,-57.573090961015865,-67.21301360000601,-36.0,88.5,-2.2790960451977402,16.247615087470276
9,934,-211,-1.0,0.13957,0.384250095974887,-0.5577372910958341,4,151,-70.7916802488543,-99.9739366412265,-56.800000000000004,122.5,-2.1869387755102045,16.247615087470276
9,934,-211,-1.0,0.13957,0.384250095974887,-0.5577372910958341,5,416,-14.422236975627218,-298.6519698254456,-184.9700682525474,299.0,-1.6190499566161043,16.247615087470276
9,934,-211,-1.0,0.13957,0.384250095974887,-0.5577372910958341,6,611,133.8808187537771,-346.0013386821188,-279.07963757021685,371.0,-1.2016013812530648,16.247615087470276
9,958,211,1.0,0.13957,0.2220338286530198,1.336389166295688,1,71,20.84430543825511,-25.905162242239072,75.25,33.25000000000001,-0.8932330827067668,16.247615087470276
9,958,211,1.0,0.13957,0.2220338286530198,1.336389166295688,2,108,28.45269052792806,-41.72162990250923,106.4,50.49999999999999,-0.9722772277227725,16.247615087470276
9,958,211,1.0,0.13957,0.2220338286530198,1.336389166295688,3,193,35.899954308460444,-80.89155259141991,177.60000000000002,88.5,-1.1531073446327684,16.247615087470276
9,958,211,1.0,0.13957,0.2220338286530198,1.336389166295688,4,276,29.480308514043557,-118.8997956681037,246.0,122.5,-1.3277551020408165,16.247615087470276
9,959,-211,-1.0,0.13957,1.3571589047470622,0.641154035436505,1,40,21.231485359856055,-25.588796951287453,39.0,33.25,-0.8781954887218046,16.247615087470276
9,959,-211,-1.0,0.13957,1.3571589047470622,0.641154035436505,2,61,32.74300470853295,-38.44665970740487,50.800000000000004,50.5,-0.8653465346534654,16.247615087470276
9,959,-211,-1.0,0.13957,1.3571589047470622,0.641154035436505,3,107,59.28608906645477,-65.70699843399021,77.2,88.5,-0.8367231638418079,16.247615087470276
9,959,-211,-1.0,0.13957,1.3571589047470622,0.641154035436505,4,149,84.30045104113469,-88.88016625918998,100.4,122.5,-0.8118367346938776,16.247615087470276
9,959,-211,-1.0,0.13957,1.3571589047470622,0.641154035436505,5,367,232.5024551391392,-187.99895838613733,223.05861030563136,299.0,-0.6799563188494635,16.247615087470276
9,959,-211,-1.0,0.13957,1.3571589047470622,0.641154035436505,6,457,300.8322696929312,-217.11965712804425,274.03720768842174,371.0,-0.6251614389242548,16.247615087470276
9,959,-211,-1.0,0.13957,1.3571589047470622,0.641154035436505,7,549,373.0820314015577,-238.86983452350609,325.82394503417606,443.00000000000006,-0.569498252058261,16.247615087470276
9,959,-211,-1.0,0.13957,1.3571589047470622,0.641154035436505,8,641,447.6999619303247,-252.5088990265211,377.886589239949,514.0,-0.5135385675254135,16.247615087470276
9,964,211,1.0,0.13957,0.6088168525521289,1.6518182863541686,1,90,22.804214409323155,-24.19773347182786,99.75,33.25,-0.8150375939849624,16.247615087470276
9,964,211,1.0,0.13957,0.6088168525521289,1.6518182863541686,2,137,33.57262311064272,-37.72438173742199,143.20000000000002,50.49999999999999,-0.8435643564356438,16.247615087470276
9,964,211,1.0,0.13957,0.6088168525521289,1.6518182863541686,3,241,54.58059281233082,-69.66497605148905,239.20000000000002,88.50000000000001,-0.9062146892655366,16.247615087470276
9,964,211,1.0,0.13957,0.6088168525521289,1.6518182863541686,4,334,69.9691948752637,-100.55128924338749,326.0,122.5,-0.9628571428571429,16.247615087470276
9,964,211,1.0,0.13957,0.6088168525521289,1.6518182863541686,5,848,87.50842800412255,-285.9078086171263,801.5420235201392,299.00000000000006,-1.2737780713813531,16.247615087470276
9,964,211,1.0,0.13957,0.6088168525521289,1.6518182863541686,6,1083,57.26432729880917,-366.55394803359417,1018.6644392362844,371.0,-1.4158254891122413,16.247615087470276
9,964,211,1.0,0.13957,0.6088168525521289,1.6518182863541686,7,1347,-2.140255200124266,-442.9948298882034,1262.9251907157245,443.0,-1.575627621436526,16.247615087470276
9,964,211,1.0,0.13957,0.6088168525521289,1.6518182863541686,8,1662,-99.84582114413143,-504.2090955149997,1554.35914133777,514.0,-1.766291775868154,16.247615087470276
9,970,211,1.0,0.13957,0.1075730761621744,1.2021140611983447,1,75,-26.978146517946485,19.43558876021542,67.5,33.25,2.517293233082707,16.247615087470276
9,970,211,1.0,0.13957,0.1075730761621744,1.2021140611983447,2,117,-35.219231920043406,36.19192869912013,96.0,50.5,2.342574257425743,16.247615087470276
9,970,211,1.0,0.13957,0.1075730761621744,1.2021140611983447,3,231,-25.660645435381877,84.69817752372016,173.60000000000002,88.5,1.8649717514124295,16.247615087470276
9,971,-211,-1.0,0.13957,0.2681344265206477,1.117068996841117,1,59,23.97643895038576,23.03677224045124,61.75,33.25,0.7654135338345865,16.247615087470276
9,971,-211,-1.0,0.13957,0.2681344265206477,1.117068996841117,2,89,34.05539010230383,37.28914594060724,85.60000000000001,50.49999999999999,0.8306930693069309,16.247615087470276
9,971,-211,-1.0,0.13957,0.2681344265206477,1.117068996841117,3,159,49.4873430917346,73.37065403634445,139.20000000000002,88.5,0.9774011299435028,16.247615087470276
9,971,-211,-1.0,0.13957,0.2681344265206477,1.117068996841117,4,225,53.820704067060134,110.04354507978165,190.0,122.5,1.1159183673469388,16.247615087470276
9,972,211,1.0,0.13957,0.8121055599090523,0.2004184015930929,1,34,-24.04011851488392,-22.9703113124384,23.0,33.25,-2.378947368421053,16.247615087470276
9,972,211,1.0,0.13957,0.8121055599090523,0.2004184015930929,2,52,-37.27213753602431,-34.07400421869561,26.400000000000002,50.49999999999999,-2.4009900990099013,16.247615087470276
9,972,211,1.0,0.13957,0.8121055599090523,0.2004184015930929,3,91,-68.02174878071766,-56.615295572953926,34.0,88.5,-2.447457627118644,16.247615087470276
9,972,211,1.0,0.13957,0.8121055599090523,0.2004184015930929,4,127,-97.38690641661972,-74.31043304005537,41.2,122.5,-2.489795918367347,16.247615087470276
9,972,211,1.0,0.13957,0.8121055599090523,0.2004184015930929,5,316,-272.2977102067658,-123.51095909332172,78.0303373169297,299.00000000000006,-2.71575899817912,16.247615087470276
9,972,211,1.0,0.13957,0.8121055599090523,0.2004184015930929,6,398,-351.1778011282919,-119.64594433033596,93.98976372302496,371.0,-2.8132276640614537,16.247615087470276
9,972,211,1.0,0.13957,0.8121055599090523,0.2004184015930929,7,484,-431.7618702069373,-99.14982317386053,110.79579180031186,443.0,-2.9158661452239905,16.247615087470276
9,972,211,1.0,0.13957,0.8121055599090523,0.2004184015930929,8,576,-510.46978192046765,-60.13818874949761,128.55455803141288,514.0,-3.0243236904728232,16.247615087470276
9,973,-211,-1.0,0.13957,0.2766507084380992,0.5961368494276197,1,42,-28.846061670793425,-16.536844502043987,37.25,33.25,-2.6210526315789475,16.247615087470276
9,973,-211,-1.0,0.13957,0.2766507084380992,0.5961368494276197,2,65,-42.12567730101465,-27.850984038823086,48.400000000000006,50.49999999999999,-2.557425742574258,16.247615087470276
9,973,-211,-1.0,0.13957,0.2766507084380992,0.5961368494276197,3,115,-66.19678751820811,-58.7387037843806,73.2,88.5,-2.4158192090395483,16.247615087470276
9,973,-211,-1.0,0.13957,0.2766507084380992,0.5961368494276197,4,163,-80.00305817240665,-92.7672392769264,96.4,122.5,-2.282448979591837,16.247615087470276
9,976,211,1.0,0.13957,0.1087853078604771,-0.8960720342975064,1,64,-8.040520985789229,-32.26317594839484,-18.25,33.25,-1.8150375939849623,16.247615087470276
9,976,211,1.0,0.13957,0.1087853078604771,-0.8960720342975064,2,100,-20.376908531690468,-46.20640213965074,-37.2,50.5,-1.9861386138613863,16.247615087470276
9,976,211,1.0,0.13957,0.1087853078604771,-0.8960720342975064,3,198,-68.43572893552913,-56.114178289116744,-89.2,88.5,-2.4548022598870056,16.247615087470276
9,977,-211,-1.0,0.13957,0.3388258900998468,-1.711323714544894,1,96,-21.797219238692684,25.10863862220263,-73.0,33.25,2.2857142857142856,16.247615087470276
9,977,-211,-1.0,0.13957,0.3388258900998468,-1.711323714544894,2,146,-35.03963312296647,36.36583713608021,-119.60000000000001,50.49999999999999,2.3376237623762384,16.247615087470276
9,977,-211,-1.0,0.13957,0.3388258900998468,-1.711323714544894,3,258,-68.30874258750625,56.26869188202096,-223.60000000000002,88.5,2.4525423728813562,16.247615087470276
9,977,-211,-1.0,0.13957,0.3388258900998468,-1.711323714544894,4,362,-102.24961773749611,67.46306895284206,-319.6,122.5,2.558367346938776,16.247615087470276
9,977,-211,-1.0,0.13957,0.3388258900998468,-1.711323714544894,5,1058,-296.52042963811203,-38.42700622257024,-965.1224651586772,299.0,-3.0127177929760776,16.247615087470276
9,992,211,1.0,0.13957,0.3804966894618098,1.7615571187568675,1,100,-4.507104228696144,-32.94311022765867,110.25,33.25,-1.7067669172932332,16.247615087470276
9,992,211,1.0,0.13957,0.3804966894618098,1.7615571187568675,2,152,-9.12439635287982,-49.66885735745844,159.20000000000002,50.5,-1.7524752475247525,16.247615087470276
9,992,211,1.0,0.13957,0.3804966894618098,1.7615571187568675,3,269,-24.7499950125905,-84.96874570615212,268.40000000000003,88.5,-1.8542372881355935,16.247615087470276
9,992,211,1.0,0.13957,0.3804966894618098,1.7615571187568675,4,376,-45.0450806941629,-113.91747322187389,368.40000000000003,122.5,-1.9473469387755102,16.247615087470276
9,992,211,1.0,0.13957,0.3804966894618098,1.7615571187568675,5,1039,-243.82417607982987,-173.06291098612698,988.1985182204633,299.0,-2.5243292603249574,16.247615087470276
9,992,211,1.0,0.13957,0.3804966894618098,1.7615571187568675,6,1550,-365.5137475953062,-63.566503119448015,1466.25678849343,371.0,-2.9694047738772293,16.247615087470276
9,994,211,1.0,0.13957,0.4773133250732708,0.5706062394736913,1,40,28.64907836783716,16.87580542295759,36.25,33.25,0.5323308270676691,16.247615087470276
9,994,211,1.0,0.13957,0.4773133250732708,0.5706062394736913,2,60,44.43723221314711,23.991298281561185,46.800000000000004,50.5,0.49504950495049505,16.247615087470276
9,994,211,1.0,0.13957,0.4773133250732708,0.5706062394736913,3,107,80.99887817675717,35.657141418050514,70.0,88.50000000000001,0.41468926553672314,16.247615087470276
9,994,211,1.0,0.13957,0.4773133250732708,0.5706062394736913,4,149,115.42059521933032,41.04066518972984,90.80000000000001,122.5,0.3416326530612245,16.247615087470276
9,994,211,1.0,0.13957,0.4773133250732708,0.5706062394736913,5,389,298.1343959075257,-22.73503852767173,210.8163647187965,299.0,-0.0761103787761909,16.247615087470276
9,994,211,1.0,0.13957,0.4773133250732708,0.5706062394736913,6,511,355.5333081834248,-106.00503182467284,272.1740588341869,371.0,-0.2897658542986361,16.247615087470276
9,994,211,1.0,0.13957,0.4773133250732708,0.5706062394736913,7,683,368.19623787536375,-246.33418442114063,358.2914397543509,443.0,-0.5896367019141562,16.247615087470276
9,995,-211,-1.0,0.13957,0.3764532407240737,-0.3613602561096207,1,37,25.252975095576325,21.62983469243817,4.0,33.25,0.7082706766917294,16.247615087470276
9,995,-211,-1.0,0.13957,0.3764532407240737,-0.3613602561096207,2,57,36.83077947298579,34.55059599214303,-2.4000000000000004,50.50000000000001,0.7534653465346535,16.247615087470276
9,995,-211,-1.0,0.13957,0.3764532407240737,-0.3613602561096207,3,100,57.97529241395463,66.8664001537129,-16.8,88.50000000000001,0.8564971751412428,16.247615087470276
9,995,-211,-1.0,0.13957,0.3764532407240737,-0.3613602561096207,4,140,71.15446444173936,99.71605783427887,-30.0,122.5,0.9510204081632653,16.247615087470276
9,995,-211,-1.0,0.13957,0.3764532407240737,-0.3613602561096207,5,390,9.834674621173484,298.83821572063977,-111.37562024926213,298.99999999999994,1.5378985047146598,16.247615087470276
9,995,-211,-1.0,0.13957,0.3764532407240737,-0.3613602561096207,6,596,-162.33126777194133,333.6008985352922,-178.8584907534636,371.00000000000006,2.0236691789274763,16.247615087470276
9,997,-211,-1.0,0.13957,0.1909883503561263,1.0702273521839218,1,59,32.7540573539951,5.721383298748608,59.25,33.25,0.17293233082706766,16.247615087470276
9,997,-211,-1.0,0.13957,0.1909883503561263,1.0702273521839218,2,91,48.732584956073865,13.243306365822813,82.0,50.5,0.26534653465346536,16.247615087470276
9,997,-211,-1.0,0.13957,0.1909883503561263,1.0702273521839218,3,164,78.48981307802615,40.88519589015707,134.8,88.5,0.480225988700565,16.247615087470276
9,997,-211,-1.0,0.13957,0.1909883503561263,1.0702273521839218,4,237,94.11058851466426,78.41841065351646,187.20000000000002,122.5,0.6946938775510205,16.247615087470276
9,998,11,-1.0,0.000511,0.0560540096863324,0.1578791206843017,1,36,21.03849007345664,25.7477073819994,22.0,33.25,0.8857142857142858,16.247615087470276
9,998,11,-1.0,0.000511,0.0560540096863324,0.1578791206843017,2,63,9.86144003096209,49.52779018405463,26.400000000000002,50.5,1.3742574257425744,16.247615087470276
9,999,-11,1.0,0.000511,0.1323848079672188,0.1751772087698942,1,34,33.249661654709165,0.14999949120974382,22.25,33.25,0.004511278195488722,16.247615087470276
9,999,-11,1.0,0.000511,0.1323848079672188,0.1751772087698942,2,52,50.05619612136808,-6.680361506620345,25.200000000000003,50.5,-0.13267326732673268,16.247615087470276
9,999,-11,1.0,0.000511,0.1323848079672188,0.1751772087698942,3,98,78.74238450432757,-40.3966196924029,33.2,88.5,-0.4740112994350283,16.247615087470276
9,999,-11,1.0,0.000511,0.1323848079672188,0.1751772087698942,4,159,73.73471994250835,-97.82352005013855,44.0,122.5,-0.9248979591836736,16.247615087470276
9,1000,-2212,-1.0,0.93827,0.3577460773902663,1.5110971717671144,1,117,24.75870149083781,-22.19390007383978,88.0,33.25,-0.7308270676691729,16.247615087470276
9,1000,-2212,-1.0,0.93827,0.3577460773902663,1.5110971717671144,2,179,39.19816196426071,-31.83950531373854,125.60000000000001,50.5,-0.6821782178217822,16.247615087470276
9,1000,-2212,-1.0,0.93827,0.3577460773902663,1.5110971717671144,3,316,74.31606800085467,-48.05592613707848,209.20000000000002,88.49999999999999,-0.5740112994350284,16.247615087470276
9,1000,-2212,-1.0,0.93827,0.3577460773902663,1.5110971717671144,4,442,108.97834771916709,-55.94613238107092,285.6,122.5,-0.4742857142857143,16.247615087470276
9,1000,-2212,-1.0,0.93827,0.3577460773902663,1.5110971717671144,5,1253,294.86913175363526,49.52973994336438,779.614874444311,299.0,0.166418403111031,16.247615087470276
9,1001,211,1.0,0.13957,0.1011565441842256,0.1677430230169065,1,58,23.486176954092603,-23.53639717716052,22.0,33.25,-0.7864661654135339,16.247615087470276
9,1001,211,1.0,0.13957,0.1011565441842256,0.1677430230169065,2,90,28.370017708903006,-41.77789002805827,25.200000000000003,50.50000000000001,-0.9742574257425741,16.247615087470276
9,1001,211,1.0,0.13957,0.1011565441842256,0.1677430230169065,3,184,4.713244037914878,-88.37440427317776,34.4,88.5,-1.5175141242937855,16.247615087470276
