trial,event,mode,direct_delta_s,direct_delta_w,found,delta_s,delta_w,accepted_hits,coverage_all8,coverage_7double
0,0,pixel_only,0.05177131597792917,1.6368286862176065,True,0.05177131597738019,1.6368286862176065,16,True,True
0,0,rphi_only,0.05177108039300051,1.6248519475821488,True,0.05177108039245153,1.6248519475821488,16,True,True
0,0,z_only,0.9501437129719564,1.6378651858984974,False,,,0,False,False
0,0,full,0.9494980936427644,1.626275672115804,False,,,0,False,False
0,1,pixel_only,0.05107552169102353,0.6186596367175344,True,0.05107552169129842,0.6186596367175348,16,True,True
0,1,rphi_only,0.05107217638526271,0.6203129822255421,True,0.05107217638745203,0.6203129822312258,16,True,True
0,1,z_only,0.46003655661888754,0.6203087935022232,False,0.20998924361077972,0.5995694798905215,10,False,False
0,1,full,0.460554909268556,0.6215735230581189,False,0.21973626285865266,0.5988387502804123,10,False,False
0,2,pixel_only,0.05175615583230785,0.6784951316863743,True,0.051756155832299144,0.678495131686356,16,True,True
0,2,rphi_only,0.05175610124139613,0.6774418366228434,True,0.051756101241587756,0.6774418366174996,16,True,True
0,2,z_only,0.5997006123491496,0.9746135850290983,False,0.27501249002858347,1.2315864781376429,10,False,False
0,2,full,0.6007079556345304,0.9732598338290291,False,0.27593736511194195,1.2304131982761024,10,False,False
0,3,pixel_only,0.0511242567672788,0.6017030450073345,True,0.05112425676700084,0.6017030450073345,16,True,True
0,3,rphi_only,0.05112685978441725,0.6007654788344168,True,0.051126859784344135,0.6007654788344153,16,True,True
0,3,z_only,0.601263163897281,0.9688478504845262,False,0.15762127188012412,0.34936294544931407,9,False,False
0,3,full,0.6004621493416584,0.9687629254154788,False,0.020986992212752305,0.37574445957563585,5,False,False
0,4,pixel_only,0.0517774801522213,1.6336562455597636,True,0.05177748015169912,1.6336562455642183,16,True,True
0,4,rphi_only,0.05177738496006784,1.6287899138061654,True,0.051777384960406944,1.6287899138016984,16,True,True
0,4,z_only,0.9566580919454657,1.6904525897138998,False,,,0,False,False
0,4,full,0.9616833094287944,1.6828854264230475,False,,,0,False,False
0,5,pixel_only,0.05176988682075039,0.7806915179459026,True,0.05176988682035931,0.780691517936578,16,True,True
0,5,rphi_only,0.051770042696742076,0.7716167181328796,True,0.05177004269687683,0.7716167181234488,16,True,True
0,5,z_only,0.6297921392599456,0.7989005603983105,False,0.3719931331518248,0.9686915095279444,8,False,False
0,5,full,0.6293043028528525,0.7904236896083408,False,0.3645968187762948,0.9610717610229718,8,False,False
0,6,pixel_only,0.051748793439293055,0.6887890978247417,True,0.05174879343980716,0.6887890978352873,16,True,True
0,6,rphi_only,0.05174809637514632,0.6938976675210332,True,0.05174809637512965,0.6938976675315585,16,True,True
0,6,z_only,0.6636018914391435,1.1463427553729926,False,0.35652206045594875,1.5617544792961304,9,False,False
0,6,full,0.6672342615014235,1.147315270220309,False,0.371297532370991,1.5626512801538863,9,False,False
0,7,pixel_only,0.05161407287966216,0.681303434622067,True,0.05161407287911056,0.6813034346181039,16,True,True
0,7,rphi_only,0.05161661102571802,0.6761771800248895,True,0.05161661102522176,0.6761771800249529,16,True,True
0,7,z_only,0.5627208295103129,0.73543929955325,False,0.15519201503046604,0.8697815642415148,9,False,False
0,7,full,0.5591522247789016,0.7334274220621423,False,0.08722615022187619,0.923246291712146,8,False,False
0,8,pixel_only,0.051765788529092006,0.674148695683823,True,0.05176578852882123,0.6741486956838185,16,True,True
0,8,rphi_only,0.05176605297161717,0.6743419513621498,True,0.05176605297188977,0.6743419513621437,16,True,True
0,8,z_only,0.553097260664937,0.6774326020918863,False,0.3006592106313416,0.5724912049764012,10,False,False
0,8,full,0.5526914675650715,0.6779558222034755,False,0.29649179484706883,0.5748223357863842,10,False,False
0,9,pixel_only,0.05153797459109027,0.7251921262586986,True,0.051537974590718856,0.7251921262562167,16,True,True
0,9,rphi_only,0.05153888562099427,0.7269286633048194,True,0.05153888562052224,0.7269286633011354,16,True,True
0,9,z_only,0.7026316164546121,0.9161421678330567,False,,,0,False,False
0,9,full,0.7028455222908203,0.9173538831332865,False,,,0,False,False
0,10,pixel_only,0.05172282739129061,0.7552221742710121,True,0.051722827391233434,0.7552221742710277,16,True,True
0,10,rphi_only,0.05172153986744883,0.7507134158670884,True,0.05172153986709873,0.7507134158574408,16,True,True
0,10,z_only,0.4131719180685183,0.7595722098303616,False,,,0,False,False
0,10,full,0.4140195204820129,0.754624741495248,False,,,0,False,False
0,11,pixel_only,0.05173958913355114,0.8122543034251503,True,0.05173958913313573,0.8122543034251412,16,True,True
0,11,rphi_only,0.05173883524805372,0.8113167329493233,True,0.05173883524805372,0.8113167329493233,16,True,True
0,11,z_only,0.5225492735885902,0.8281459821823824,False,,,0,False,False
0,11,full,0.5212455495565523,0.8280490767740684,False,0.3701245778565824,0.5814517288699639,9,False,False
0,12,pixel_only,0.05176603568572386,0.7851509783974986,True,0.051766035685507604,0.785150978392675,16,True,True
0,12,rphi_only,0.05176486997040849,0.7830264229087555,True,0.05176486997050395,0.7830264229100985,16,True,True
0,12,z_only,0.45099417760974136,0.7981989912241056,False,0.2752580455310048,0.8003830179695902,7,False,False
0,12,full,0.45116899487141643,0.7960101931862842,False,0.28151188888316697,0.8003087972786759,7,False,False
0,13,pixel_only,0.05176559446735749,0.7929946613213913,True,0.051765594467093445,0.792994661321387,16,True,True
0,13,rphi_only,0.051768808574880164,0.7935005743644086,True,0.05176880857521167,0.7935005743552348,16,True,True
0,13,z_only,0.5750874074145003,0.8311865945909661,False,,,0,False,False
0,13,full,0.574752798796636,0.8319004351293775,False,,,0,False,False
0,14,pixel_only,0.05173973081116609,0.628724180625421,True,0.051739730811837296,0.6287241806427255,16,True,True
0,14,rphi_only,0.051740584406218176,0.6301367464748872,True,0.05174058440624388,0.630136746463318,16,True,True
0,14,z_only,0.599840559674124,0.9442041925097571,False,0.22636641836278312,1.2065157824809014,10,False,False
0,14,full,0.6003542185377165,0.9448192860822945,False,0.2144829537536925,0.8274771023754969,8,False,False
0,15,pixel_only,0.051776067747210656,0.6461309364136752,True,0.05177606774775461,0.6461309364136757,16,True,True
0,15,rphi_only,0.05177477567551956,0.648995235906285,True,0.05177477567588046,0.6489952359034773,16,True,True
0,15,z_only,0.5010467349157421,0.6993911960466113,False,0.2810941308598638,0.7402933023948065,11,False,False
0,15,full,0.5019607006406035,0.7013848777309558,False,0.2882671403340783,0.7409569377147802,11,False,False
1,0,pixel_only,0.05177131597792917,1.6368286862176065,True,0.05177131597738019,1.6368286862176065,16,True,True
1,0,rphi_only,0.05177120703782662,1.6313971338571378,True,0.05177120703782662,1.6313971338571378,16,True,True
1,0,z_only,0.6559696932669226,1.6428153000017927,False,,,0,False,False
1,0,full,0.6553546389386112,1.6376509782267639,False,,,0,False,False
1,1,pixel_only,0.05107552169102353,0.6186596367175344,True,0.05107552169129842,0.6186596367175348,16,True,True
1,1,rphi_only,0.05107898253479273,0.6228498346491268,True,0.05107898253570814,0.6228498346534552,16,True,True
1,1,z_only,0.6152357820461101,0.8769099636843919,False,0.21616586077900926,1.1282081242082846,10,False,False
1,1,full,0.6131789618643257,0.8813059544618379,False,0.22138733631298774,1.130997134468095,10,False,False
1,2,pixel_only,0.05175615583230785,0.6784951316863743,True,0.051756155832299144,0.678495131686356,16,True,True
1,2,rphi_only,0.05175736536875177,0.6803026481055789,True,0.051757365368791546,0.6803026481162763,16,True,True
1,2,z_only,0.6188004327189357,0.68077434071006,False,0.2834264827894256,0.7543991220687215,13,False,False
1,2,full,0.6168784649768977,0.6843137786014992,False,0.2834048627372999,0.7573192881937394,13,False,False
1,3,pixel_only,0.0511242567672788,0.6017030450073345,True,0.05112425676700084,0.6017030450073345,16,True,True
1,3,rphi_only,0.05112086464483646,0.6047910080456314,True,0.05112086464563029,0.604791008057665,16,True,True
1,3,z_only,0.6016458785757028,0.9238685198153014,False,0.2227605380830182,0.9876514652266597,10,False,False
1,3,full,0.6047201827849873,0.9238772261350914,False,0.22920495657970208,0.9881303541713349,10,False,False
1,4,pixel_only,0.0517774801522213,1.6336562455597636,True,0.05177748015169912,1.6336562455642183,16,True,True
1,4,rphi_only,0.051777207648379175,1.6214941358461292,True,0.05177720764816,1.6214941358483725,16,True,True
1,4,z_only,0.8702106240595375,1.6690916119425023,False,,,0,False,False
1,4,full,0.867980819851155,1.6583581229852289,False,,,0,False,False
1,5,pixel_only,0.05176988682075039,0.7806915179459026,True,0.05176988682035931,0.780691517936578,16,True,True
1,5,rphi_only,0.0517699461083433,0.7832666876724007,True,0.051769946107976236,0.7832666876723895,16,True,True
1,5,z_only,0.7211778223546527,0.8291975616524615,False,,,0,False,False
1,5,full,0.7182294901619615,0.8341700416872598,False,,,0,False,False
1,6,pixel_only,0.051748793439293055,0.6887890978247417,True,0.05174879343980716,0.6887890978352873,16,True,True
1,6,rphi_only,0.05175015273870761,0.6889522680104208,True,0.05175015273897632,0.6889522680104017,16,True,True
1,6,z_only,0.6743278590336879,0.8150185796376724,False,0.2955793999458823,0.9499804374761676,8,False,False
1,6,full,0.6752632285645349,0.8143817900048945,False,0.30400645962324424,0.9494470727916472,8,False,False
1,7,pixel_only,0.05161407287966216,0.681303434622067,True,0.05161407287911056,0.6813034346181039,16,True,True
1,7,rphi_only,0.05161126498898385,0.6793940949152926,True,0.05161126498701277,0.6793940948952958,16,True,True
1,7,z_only,0.6300920699600098,0.7500316609136566,False,,,0,False,False
1,7,full,0.6327079936511737,0.7460872215329919,False,,,0,False,False
1,8,pixel_only,0.051765788529092006,0.674148695683823,True,0.05176578852882123,0.6741486956838185,16,True,True
1,8,rphi_only,0.05176314535499963,0.6762902777909079,True,0.05176314535554868,0.6762902777909079,16,True,True
1,8,z_only,0.5348995545224225,0.7421896378316989,False,0.07966457860406034,1.0732964040082253,6,False,False
1,8,full,0.5329340200158377,0.7455441031903861,False,0.08442975413861131,1.0759632485675794,6,False,False
1,9,pixel_only,0.05153797459109027,0.7251921262586986,True,0.051537974590718856,0.7251921262562167,16,True,True
1,9,rphi_only,0.05154055448376946,0.7177791953855421,True,0.051540554482788756,0.7177791953793036,16,True,True
1,9,z_only,0.6779910306304546,0.8825390687758135,False,0.33452007525738264,1.011898118417111,8,False,False
1,9,full,0.6785163005891822,0.8760517783888231,False,0.31711312621787,1.012007189057376,8,False,False
1,10,pixel_only,0.05172282739129061,0.7552221742710121,True,0.051722827391233434,0.7552221742710277,16,True,True
1,10,rphi_only,0.05172217242040485,0.750476750813017,True,0.051722172419797575,0.7504767507936685,16,True,True
1,10,z_only,0.5254261346031809,0.7552769117719283,False,,,0,False,False
1,10,full,0.5254565276346483,0.7505105992783354,False,,,0,False,False
1,11,pixel_only,0.05173958913355114,0.8122543034251503,True,0.05173958913313573,0.8122543034251412,16,True,True
1,11,rphi_only,0.05173913596210031,0.8134978123194017,True,0.05173913596189205,0.8134978123194048,16,True,True
1,11,z_only,0.7202652181008775,0.9204228501060886,False,,,0,False,False
1,11,full,0.7273152227694539,0.9159662341562868,False,0.3964242753870598,0.8530083609676162,8,False,False
1,12,pixel_only,0.05176603568572386,0.7851509783974986,True,0.051766035685507604,0.785150978392675,16,True,True
1,12,rphi_only,0.05176560763312932,0.7744183381678447,True,0.05176560763344989,0.7744183381742857,16,True,True
1,12,z_only,0.7086071740040114,0.9358335542190084,False,0.29837877093227094,1.4110393605741405,7,False,False
1,12,full,0.7096323430756227,0.9260626070260874,False,0.2746638890462873,1.4044407547732973,7,False,False
1,13,pixel_only,0.05176559446735749,0.7929946613213913,True,0.051765594467093445,0.792994661321387,16,True,True
1,13,rphi_only,0.05176676073072121,0.7957193674962603,True,0.051766760730775026,0.795719367496252,16,True,True
1,13,z_only,0.7571170817614367,1.008859487360907,False,,,0,False,False
1,13,full,0.7569141870805401,1.0111552470219847,False,,,0,False,False
1,14,pixel_only,0.05173973081116609,0.628724180625421,True,0.051739730811837296,0.6287241806427255,16,True,True
1,14,rphi_only,0.0517383425669468,0.6329096472909517,True,0.051738342566987394,0.6329096472909735,16,True,True
1,14,z_only,0.5127187338364447,0.6309347536812172,False,0.16724638141276166,0.6266584233218463,8,False,False
1,14,full,0.512916835323031,0.6349454728738421,False,0.17024642079973773,0.6286895353952633,8,False,False
1,15,pixel_only,0.051776067747210656,0.6461309364136752,True,0.05177606774775461,0.6461309364136757,16,True,True
1,15,rphi_only,0.05177646417662617,0.652483064544958,True,0.05177646417762811,0.6524830645435468,16,True,True
1,15,z_only,0.5943778283043417,0.6497851756212217,False,,,0,False,False
1,15,full,0.5928279551422064,0.6575020538362795,False,,,0,False,False
2,0,pixel_only,0.05177131597792917,1.6368286862176065,True,0.05177131597738019,1.6368286862176065,16,True,True
2,0,rphi_only,0.051771277657148805,1.6356005524573949,True,0.05177127765659982,1.6356005524573949,16,True,True
2,0,z_only,0.8354376406563174,1.714533653467667,False,,,0,False,False
2,0,full,0.828307491123362,1.7168192552252262,False,,,0,False,False
2,1,pixel_only,0.05107552169102353,0.6186596367175344,True,0.05107552169129842,0.6186596367175348,16,True,True
2,1,rphi_only,0.051092318280887075,0.6219449114240576,True,0.05109231828147575,0.6219449114225393,16,True,True
2,1,z_only,0.6061189873685134,0.7468356565564175,False,0.19650033135658937,0.9549713346856273,10,False,False
2,1,full,0.6048981166621252,0.7505462005245284,False,0.2046414195811827,0.9568857730545954,10,False,False
2,2,pixel_only,0.05175615583230785,0.6784951316863743,True,0.051756155832299144,0.678495131686356,16,True,True
2,2,rphi_only,0.051756968913570005,0.6733951273982398,True,0.05175696891398804,0.6733951273928639,16,True,True
2,2,z_only,0.6462729074550371,0.8409989155150704,False,0.33653767311750277,1.0155425217716127,8,False,False
2,2,full,0.6527165401894055,0.8318739679429515,False,0.3291698102633583,1.0137424728371152,8,False,False
2,3,pixel_only,0.0511242567672788,0.6017030450073345,True,0.05112425676700084,0.6017030450073345,16,True,True
2,3,rphi_only,0.05112762848654203,0.6037982078195343,True,0.05112762848701596,0.6037982078195343,16,True,True
2,3,z_only,0.5441875678441505,0.6058703090142309,False,0.23582354913719483,0.6718727142056331,11,False,False
2,3,full,0.5454079638955781,0.6068565857682493,False,0.24469871596059165,0.6715439939835626,11,False,False
2,4,pixel_only,0.0517774801522213,1.6336562455597636,True,0.05177748015169912,1.6336562455642183,16,True,True
2,4,rphi_only,0.05177742391575934,1.631188423672047,True,0.051777423915102615,1.6311884236675869,16,True,True
2,4,z_only,0.6035141152897872,1.63365926380048,False,0.22149198583435492,1.4760920875256582,14,True,False
2,4,full,0.603518883480115,1.631189559230641,False,0.22220975361593986,1.4728706101827398,14,True,False
2,5,pixel_only,0.05176988682075039,0.7806915179459026,True,0.05176988682035931,0.780691517936578,16,True,True
2,5,rphi_only,0.051769941167623686,0.7751330356984475,True,0.051769941167816316,0.7751330356890633,16,True,True
2,5,z_only,0.5809764517580168,0.7809040335730416,False,,,0,False,False
2,5,full,0.5810577187525962,0.7752863460795877,False,,,0,False,False
2,6,pixel_only,0.051748793439293055,0.6887890978247417,True,0.05174879343980716,0.6887890978352873,16,True,True
2,6,rphi_only,0.051749277285893874,0.6905618517077549,True,0.05174927728645859,0.690561851713014,16,True,True
2,6,z_only,0.6007013931619531,0.9150267028266761,False,0.28384712118969085,1.1425172828242882,10,False,False
2,6,full,0.5939473975119562,0.9207542879650513,False,0.27090649395008426,1.147424432644765,10,False,False
2,7,pixel_only,0.05161407287966216,0.681303434622067,True,0.05161407287911056,0.6813034346181039,16,True,True
2,7,rphi_only,0.051614738313469015,0.6897865781516543,True,0.05161473831354786,0.6897865781477093,16,True,True
2,7,z_only,0.6774600826610768,0.7873790206529291,False,0.2776343828450258,0.6956829974031747,7,False,False
2,7,full,0.6872755554600664,0.7862580796965781,False,0.2870601993905972,0.7050273035824163,7,False,False
2,8,pixel_only,0.051765788529092006,0.674148695683823,True,0.05176578852882123,0.6741486956838185,16,True,True
2,8,rphi_only,0.0517672061033836,0.6756062639263233,True,0.051767206103932595,0.6756062639263233,16,True,True
2,8,z_only,0.46326147505872606,0.6744011230671325,False,0.3542559459963404,0.6127909009818923,9,False,False
2,8,full,0.4633327924648052,0.675809148370955,False,0.3408223234399862,0.6100835427184018,9,False,False
2,9,pixel_only,0.05153797459109027,0.7251921262586986,True,0.051537974590718856,0.7251921262562167,16,True,True
2,9,rphi_only,0.05153229359870471,0.7262058371813036,True,0.05153229359796061,0.7262058371763469,16,True,True
2,9,z_only,0.7243410465680138,0.8573008074677574,False,,,0,False,False
2,9,full,0.7255563434268281,0.8571314755088572,False,0.3918915103860819,0.615495952974809,8,False,False
2,10,pixel_only,0.05172282739129061,0.7552221742710121,True,0.051722827391233434,0.7552221742710277,16,True,True
2,10,rphi_only,0.05172394867254357,0.7633926646267479,True,0.0517239486727995,0.7633926646362972,16,True,True
2,10,z_only,0.5918534156990959,0.7976703394468752,False,,,0,False,False
2,10,full,0.5945375004771644,0.8034317067920996,False,,,0,False,False
2,11,pixel_only,0.05173958913355114,0.8122543034251503,True,0.05173958913313573,0.8122543034251412,16,True,True
2,11,rphi_only,0.051741458639838624,0.8126367874493218,True,0.05174145863969164,0.81263678744037,16,True,True
2,11,z_only,0.8073938992474442,1.2020220092045262,False,,,0,False,False
2,11,full,0.8070136217112694,1.2025355049910122,False,,,0,False,False
2,12,pixel_only,0.05176603568572386,0.7851509783974986,True,0.051766035685507604,0.785150978392675,16,True,True
2,12,rphi_only,0.051765393629576745,0.7833494567431509,True,0.051765393628951495,0.7833494567416633,16,True,True
2,12,z_only,0.6967933571468079,0.7859689148961719,False,0.2729107937702448,1.1910289402244707,5,False,False
2,12,full,0.6974037875683264,0.7836259989983629,False,0.2559075946003815,1.188284949309445,5,False,False
2,13,pixel_only,0.05176559446735749,0.7929946613213913,True,0.051765594467093445,0.792994661321387,16,True,True
2,13,rphi_only,0.051761666111180264,0.7928720507346861,True,0.05176166611140837,0.7928720507346698,16,True,True
2,13,z_only,0.6739340858351387,0.7978753502076184,False,,,0,False,False
2,13,full,0.6713877180714094,0.7998973287197871,False,,,0,False,False
2,14,pixel_only,0.05173973081116609,0.628724180625421,True,0.051739730811837296,0.6287241806427255,16,True,True
2,14,rphi_only,0.051742965724491254,0.6343635936684543,True,0.051742965724548305,0.6343635936684111,16,True,True
2,14,z_only,0.6282893235820096,0.740900629637858,False,0.2571822616344423,0.9992273059030372,9,False,False
2,14,full,0.634029143925303,0.7408180121882668,False,0.26342533565678655,0.9994283742609417,9,False,False
2,15,pixel_only,0.051776067747210656,0.6461309364136752,True,0.05177606774775461,0.6461309364136757,16,True,True
2,15,rphi_only,0.05177471266677504,0.641739752865744,True,0.05177471266745899,0.6417397528672112,16,True,True
2,15,z_only,0.5973609147630081,0.9323010459923143,False,0.2552125716861312,0.7446240170650492,9,False,False
2,15,full,0.597249943925698,0.9293340063443379,False,0.2650952020378115,0.7329313866297348,9,False,False
3,0,pixel_only,0.05177131597792917,1.6368286862176065,True,0.05177131597738019,1.6368286862176065,16,True,True
3,0,rphi_only,0.051771210372174206,1.6311632597537464,True,0.051771210371625215,1.6311632597537464,16,True,True
3,0,z_only,0.5186347971127341,1.7914642483782388,False,0.25683536166440246,1.1801253875729563,12,False,False
3,0,full,0.5115848734325901,1.7883213441900296,False,0.25642478200273905,1.1714326921494582,12,False,False
3,1,pixel_only,0.05107552169102353,0.6186596367175344,True,0.05107552169129842,0.6186596367175348,16,True,True
3,1,rphi_only,0.05106779432957562,0.6207114275449802,True,0.051067794329832314,0.6207114275434957,16,True,True
3,1,z_only,0.5011992340091658,0.6187967188459736,False,0.21967360152606716,0.6433005552783594,10,False,False
3,1,full,0.5001619379142653,0.621683413037622,False,0.2243289747010267,0.6448482072850971,10,False,False
3,2,pixel_only,0.05175615583230785,0.6784951316863743,True,0.051756155832299144,0.678495131686356,16,True,True
3,2,rphi_only,0.05175607907789987,0.6795026767929714,True,0.05175607907807863,0.6795026767768789,16,True,True
3,2,z_only,0.6767710289496627,0.7591121168036028,False,0.333382652987129,1.0360118742798252,8,False,False
3,2,full,0.6783301332493041,0.7586211899890614,False,0.34381412109690124,1.0362800072694036,8,False,False
3,3,pixel_only,0.0511242567672788,0.6017030450073345,True,0.05112425676700084,0.6017030450073345,16,True,True
3,3,rphi_only,0.05113289467805282,0.605416337823234,True,0.05113289467754151,0.6054163378232303,16,True,True
3,3,z_only,0.6009938945911998,0.9761337628707742,False,0.2373476607134298,1.1947047279951482,11,False,False
3,3,full,0.6039389481424771,0.9766124987420639,False,0.24902052793609095,1.1951374431331292,11,False,False
3,4,pixel_only,0.0517774801522213,1.6336562455597636,True,0.05177748015169912,1.6336562455642183,16,True,True
3,4,rphi_only,0.051777440705797186,1.632785481475086,True,0.051777440705485483,1.632785481466174,16,True,True
3,4,z_only,0.8104140945354505,1.683378973809281,False,0.32652604857708034,1.3413765849893076,10,False,False
3,4,full,0.8097067360624374,1.6828741582475328,False,0.330652515717636,1.322550747365867,10,False,False
3,5,pixel_only,0.05176988682075039,0.7806915179459026,True,0.05176988682035931,0.780691517936578,16,True,True
3,5,rphi_only,0.05176983083347299,0.7680970406525595,True,0.051769830833200886,0.7680970406525482,16,True,True
3,5,z_only,0.6531526912297566,0.8213474491237329,False,,,0,False,False
3,5,full,0.6519420535622658,0.8103603496991596,False,,,0,False,False
3,6,pixel_only,0.051748793439293055,0.6887890978247417,True,0.05174879343980716,0.6887890978352873,16,True,True
3,6,rphi_only,0.051748846256091545,0.6867910109554591,True,0.051748846256365694,0.6867910109554592,16,True,True
3,6,z_only,0.6843149193732,0.9098310507608698,False,0.3304974665245522,1.323646415500138,8,False,False
3,6,full,0.684250109485448,0.9083676013039429,False,0.32761277043957493,1.3223687992369,8,False,False
3,7,pixel_only,0.05161407287966216,0.681303434622067,True,0.05161407287911056,0.6813034346181039,16,True,True
3,7,rphi_only,0.051617574990280406,0.6761522290198093,True,0.05161757498914975,0.6761522290077345,16,True,True
3,7,z_only,0.678749371566629,1.045046345110698,False,,,0,False,False
3,7,full,0.6728423108532924,1.0455211357053806,False,,,0,False,False
3,8,pixel_only,0.051765788529092006,0.674148695683823,True,0.05176578852882123,0.6741486956838185,16,True,True
3,8,rphi_only,0.05176328051277556,0.6770963374481312,True,0.05176328051414526,0.6770963374481148,16,True,True
3,8,z_only,0.5780497703696011,0.708021098353878,False,0.184642618325322,0.9599327290660423,7,False,False
3,8,full,0.5829328319057091,0.7068286267367667,False,0.2956942699998053,0.8370248369899533,9,False,False
3,9,pixel_only,0.05153797459109027,0.7251921262586986,True,0.051537974590718856,0.7251921262562167,16,True,True
3,9,rphi_only,0.051542221436328,0.7306791562736141,True,0.05154222143558688,0.7306791562686876,16,True,True
3,9,z_only,0.6880104356632466,0.7743868855155001,False,0.35977495040699214,0.9071189768696244,9,False,False
3,9,full,0.6939346250522694,0.7742590553510852,False,0.3690111189203059,0.9058834365063075,9,False,False
3,10,pixel_only,0.05172282739129061,0.7552221742710121,True,0.051722827391233434,0.7552221742710277,16,True,True
3,10,rphi_only,0.051719205905328115,0.7601132965118755,True,0.051719205905261016,0.7601132965118447,16,True,True
3,10,z_only,0.568323610884509,0.7552838283482789,False,,,0,False,False
3,10,full,0.5684039239772849,0.7601142485835215,False,,,0,False,False
3,11,pixel_only,0.05173958913355114,0.8122543034251503,True,0.05173958913313573,0.8122543034251412,16,True,True
3,11,rphi_only,0.05174157866419727,0.8114413841973998,True,0.05174157866396657,0.8114413841973935,16,True,True
3,11,z_only,0.6606467734486977,0.8629196634575466,False,0.2992038540104606,0.8970618676977992,9,False,False
3,11,full,0.6616428237910517,0.8613900448872854,False,0.29945980209564826,0.895918943425677,9,False,False
3,12,pixel_only,0.05176603568572386,0.7851509783974986,True,0.051766035685507604,0.785150978392675,16,True,True
3,12,rphi_only,0.05176610424080319,0.7883394269042935,True,0.051766104241525876,0.788339426921112,16,True,True
3,12,z_only,0.62258518538028,0.7911498456389591,False,0.13440447054801705,0.8082773522924395,5,False,False
3,12,full,0.6251361603989308,0.7923080475913036,False,0.14031987218413736,0.8207228970639641,5,False,False
3,13,pixel_only,0.05176559446735749,0.7929946613213913,True,0.051765594467093445,0.792994661321387,16,True,True
3,13,rphi_only,0.05176651215836303,0.7924344024432236,True,0.051766512158395,0.7924344024432277,16,True,True
3,13,z_only,0.6330816064141883,0.8762973035372488,False,0.24603311046454798,1.0298805908741733,9,False,False
3,13,full,0.639074024577217,0.8714275181450779,False,0.2525447880034672,1.0242253145040863,9,False,False
3,14,pixel_only,0.05173973081116609,0.628724180625421,True,0.051739730811837296,0.6287241806427255,16,True,True
3,14,rphi_only,0.05173910708904855,0.6231014997491438,True,0.05173910708971491,0.623101499778282,16,True,True
3,14,z_only,0.5799850312047579,0.7035282758136788,False,0.19234713579535306,0.9076099010236814,9,False,False
3,14,full,0.5809668647984196,0.6976912013050866,False,0.18277265219645836,0.9050461665573251,9,False,False
3,15,pixel_only,0.051776067747210656,0.6461309364136752,True,0.05177606774775461,0.6461309364136757,16,True,True
3,15,rphi_only,0.051775808961918676,0.644128652885983,True,0.05177580896289019,0.6441286528930102,16,True,True
3,15,z_only,0.646120374595093,0.9182300643121691,False,,,0,False,False
3,15,full,0.6440041226379422,0.9183099044114167,False,0.3586679120378522,0.588542911414068,9,False,False
4,0,pixel_only,0.05177131597792917,1.6368286862176065,True,0.05177131597738019,1.6368286862176065,16,True,True
4,0,rphi_only,0.051771292813555775,1.6399870393415874,True,0.05177129281218337,1.6399870393415874,16,True,True
4,0,z_only,0.5273088413638445,1.6430945839846909,False,0.19106810770109817,1.4237020784181245,13,False,False
4,0,full,0.5275879296747775,1.6461511728297016,False,0.1908076369192504,1.4246225157824013,13,False,False
4,1,pixel_only,0.05107552169102353,0.6186596367175344,True,0.05107552169129842,0.6186596367175348,16,True,True
4,1,rphi_only,0.05105815313461744,0.6171198396416047,True,0.05105815313575199,0.6171198396474289,16,True,True
4,1,z_only,0.6184093101995191,0.8730475177814692,False,0.20834283532255768,0.44326060756131846,9,False,False
4,1,full,0.61700373733715,0.872951282825681,False,0.14106237610757522,0.43544814749017885,8,False,False
4,2,pixel_only,0.05175615583230785,0.6784951316863743,True,0.051756155832299144,0.678495131686356,16,True,True
4,2,rphi_only,0.05175638307729929,0.6740399307389134,True,0.05175638307793981,0.6740399307442843,16,True,True
4,2,z_only,0.5949962047356604,0.8665149554716126,False,0.2875869538318746,1.0772855376856985,10,False,False
4,2,full,0.6005565184375189,0.8591706687790466,False,0.29275922382341263,1.0710864220883805,10,False,False
4,3,pixel_only,0.0511242567672788,0.6017030450073345,True,0.05112425676700084,0.6017030450073345,16,True,True
4,3,rphi_only,0.051106362490770774,0.6005015202136953,True,0.051106362490705146,0.6005015202136932,16,True,True
4,3,z_only,0.6009901898563148,0.8406038679740344,False,0.23816857736255698,1.0277174307655854,11,False,False
4,3,full,0.5997775299028854,0.8406097589510085,False,0.23443354902181188,1.0277205738229376,11,False,False
4,4,pixel_only,0.0517774801522213,1.6336562455597636,True,0.05177748015169912,1.6336562455642183,16,True,True
4,4,rphi_only,0.051777596400160136,1.6397940890406613,True,0.05177759639923464,1.6397940890362241,16,True,True
4,4,z_only,0.3656704266596005,1.6640223927339226,False,,,0,False,False
4,4,full,0.36581552021236363,1.6700166472664277,False,,,0,False,False
4,5,pixel_only,0.05176988682075039,0.7806915179459026,True,0.05176988682035931,0.780691517936578,16,True,True
4,5,rphi_only,0.05176938823644989,0.7763131592088587,True,0.05176938823619627,0.776313159199481,16,True,True
4,5,z_only,0.7762854113041925,0.9343767364045122,False,,,0,False,False
4,5,full,0.7746592631450396,0.9320749733688319,False,,,0,False,False
4,6,pixel_only,0.051748793439293055,0.6887890978247417,True,0.05174879343980716,0.6887890978352873,16,True,True
4,6,rphi_only,0.05174867744311705,0.6914442351920985,True,0.051748677443708556,0.6914442351920983,16,True,True
4,6,z_only,0.688666251946718,1.0226021152314795,False,0.34424274412244676,1.492806936305165,8,False,False
4,6,full,0.6909098648624985,1.022880620754117,False,0.35106573714022576,1.4928014975581767,8,False,False
4,7,pixel_only,0.05161407287966216,0.681303434622067,True,0.05161407287911056,0.6813034346181039,16,True,True
4,7,rphi_only,0.051598009499423926,0.6750647145738542,True,0.05159800949759556,0.6750647145564601,16,True,True
4,7,z_only,0.6809841419678444,1.0025939287599428,False,0.32257418516866354,1.1136018743570126,9,False,False
4,7,full,0.6748453772439713,1.0025243716528534,False,0.3271159047413409,1.1109040301172772,9,False,False
4,8,pixel_only,0.051765788529092006,0.674148695683823,True,0.05176578852882123,0.6741486956838185,16,True,True
4,8,rphi_only,0.05176555752834437,0.6709362176532652,True,0.05176555752834437,0.6709362176532652,16,True,True
4,8,z_only,0.6138735499151526,0.8163146209805731,False,0.24756407156216945,1.0758739580643322,9,False,False
4,8,full,0.6136218774302415,0.8138536019479964,False,0.2543930148075557,1.07434243913871,9,False,False
4,9,pixel_only,0.05153797459109027,0.7251921262586986,True,0.051537974590718856,0.7251921262562167,16,True,True
4,9,rphi_only,0.05154054619441381,0.7322165900570345,True,0.051540546193692735,0.7322165900533767,16,True,True
4,9,z_only,0.7125632626639797,1.251240420707931,False,0.3979878526207179,1.6364261474403212,9,False,False
4,9,full,0.7171971866411766,1.2526827494258612,False,0.4131878740864918,1.4395902829970435,8,False,False
4,10,pixel_only,0.05172282739129061,0.7552221742710121,True,0.051722827391233434,0.7552221742710277,16,True,True
4,10,rphi_only,0.051723014158748554,0.7577986658195561,True,0.05172301415844782,0.7577986658243344,16,True,True
4,10,z_only,0.3222775326524514,0.7566147378170043,False,0.22566720935335724,0.756081770268141,14,True,False
4,10,full,0.32281801812698374,0.7589569535577037,False,0.22543533938960728,0.7597053922669667,14,True,False
4,11,pixel_only,0.05173958913355114,0.8122543034251503,True,0.05173958913313573,0.8122543034251412,16,True,True
4,11,rphi_only,0.05173675921182736,0.8104691511098474,True,0.05173675921154373,0.8104691511008715,16,True,True
4,11,z_only,0.7743847242183173,0.9589124858542363,False,0.2982635160197464,1.2638560852926692,8,False,False
4,11,full,0.7704098079770725,0.9606024732255507,False,0.29596061908324794,1.266302939121645,8,False,False
4,12,pixel_only,0.05176603568572386,0.7851509783974986,True,0.051766035685507604,0.785150978392675,16,True,True
4,12,rphi_only,0.05176570445873354,0.7832994725610855,True,0.05176570445882142,0.783299472590721,16,True,True
4,12,z_only,0.6899110876475997,0.8084996887935049,False,0.20163152752171876,0.8285962875587347,13,False,False
4,12,full,0.6825050376550408,0.8129771580342249,False,0.20090217108771333,0.8315769881646888,13,False,False
4,13,pixel_only,0.05176559446735749,0.7929946613213913,True,0.051765594467093445,0.792994661321387,16,True,True
4,13,rphi_only,0.05176502298621367,0.7930057346687606,True,0.051765022985961764,0.7930057346687482,16,True,True
4,13,z_only,0.5385677180161723,0.9034628489380959,False,0.3467149721297449,1.01899448576847,9,False,False
4,13,full,0.5420866328752592,0.9013650428859791,False,0.36758026743830075,1.0121162131610808,10,False,False
4,14,pixel_only,0.05173973081116609,0.628724180625421,True,0.051739730811837296,0.6287241806427255,16,True,True
4,14,rphi_only,0.05174457537964006,0.627353061480542,True,0.05174457538030523,0.6273530615210161,16,True,True
4,14,z_only,0.5638949219853993,0.6881598975757668,False,0.24112338031610173,0.8266157484349367,10,False,False
4,14,full,0.5778256931101707,0.6752314430206994,False,0.25851748139025793,0.8205836662258735,10,False,False
4,15,pixel_only,0.051776067747210656,0.6461309364136752,True,0.05177606774775461,0.6461309364136757,16,True,True
4,15,rphi_only,0.051776216184792605,0.6552185716567441,True,0.0517762161858433,0.6552185716581509,16,True,True
4,15,z_only,0.6166340819563924,0.8313141971978729,False,0.3139631200919803,0.849761847860848,10,False,False
4,15,full,0.622094852486916,0.8343526095701429,False,0.3401294467186485,0.8516247608538225,10,False,False
5,0,pixel_only,0.05177131597792917,1.6368286862176065,True,0.05177131597738019,1.6368286862176065,16,True,True
5,0,rphi_only,0.05177138421425904,1.6404865631766616,True,0.05177138421398435,1.6404865631766545,16,True,True
5,0,z_only,0.9460274616753207,1.6789697538486725,False,,,0,False,False
5,0,full,0.9434660813518636,1.6839748457860513,False,,,0,False,False
5,1,pixel_only,0.05107552169102353,0.6186596367175344,True,0.05107552169129842,0.6186596367175348,16,True,True
5,1,rphi_only,0.05108303350836699,0.6223615895523669,True,0.05108303350840639,0.6223615895523669,16,True,True
5,1,z_only,0.5740768834141434,0.6709600126380326,False,0.191877520038606,0.8197340102980977,10,False,False
5,1,full,0.578062614463629,0.6709621468755552,False,0.20736194000999986,0.6772890096932611,9,False,False
5,2,pixel_only,0.05175615583230785,0.6784951316863743,True,0.051756155832299144,0.678495131686356,16,True,True
5,2,rphi_only,0.05175629351743677,0.6824432081654043,True,0.05175629351824109,0.6824432081867142,16,True,True
5,2,z_only,0.5682761379584432,0.7101199295471006,False,0.3209418431919022,0.5918705031571332,8,False,False
5,2,full,0.564760483497045,0.7166777183704901,False,0.31784776241264234,0.8449810826219001,9,False,False
5,3,pixel_only,0.0511242567672788,0.6017030450073345,True,0.05112425676700084,0.6017030450073345,16,True,True
5,3,rphi_only,0.05111940126921431,0.6026527716254455,True,0.05111940126915172,0.6026527716375164,16,True,True
5,3,z_only,0.6004949785884324,1.1486918325933815,False,0.23689759938048915,1.4059472230030654,11,False,False
5,3,full,0.6016867697426839,1.1485658902362486,False,0.24148989200787138,1.4058434481421491,11,False,False
5,4,pixel_only,0.0517774801522213,1.6336562455597636,True,0.05177748015169912,1.6336562455642183,16,True,True
5,4,rphi_only,0.05177741556856705,1.628342503663674,True,0.051777415567997566,1.628342503659206,16,True,True
5,4,z_only,0.6999878458202435,1.6410447449007028,False,0.24699615100851674,1.1968858350192988,12,False,False
5,4,full,0.6995540577384366,1.6359406879961296,False,0.24833782354529405,1.190961341527326,12,False,False
5,5,pixel_only,0.05176988682075039,0.7806915179459026,True,0.05176988682035931,0.780691517936578,16,True,True
5,5,rphi_only,0.051770088317535344,0.7802581087454338,True,0.05177008831731964,0.780258108754756,16,True,True
5,5,z_only,0.7329625637788789,0.9150665185863889,False,,,0,False,False
5,5,full,0.7342555939247728,0.913658854368852,False,,,0,False,False
5,6,pixel_only,0.051748793439293055,0.6887890978247417,True,0.05174879343980716,0.6887890978352873,16,True,True
5,6,rphi_only,0.05174921317306912,0.687058647208165,True,0.05174921317204652,0.687058647208242,16,True,True
5,6,z_only,0.668497611313133,0.7153347200864286,False,0.30036006520499675,0.6256390312287521,9,False,False
5,6,full,0.6631056960136493,0.7186810346164492,False,0.29986508369623704,0.619161212932907,9,False,False
5,7,pixel_only,0.05161407287966216,0.681303434622067,True,0.05161407287911056,0.6813034346181039,16,True,True
5,7,rphi_only,0.051609041691954446,0.6739130110717441,True,0.05160904169038966,0.6739130110569904,16,True,True
5,7,z_only,0.649002428733564,1.3043008607206374,False,0.3304863843956833,1.6788318671884481,10,False,False
5,7,full,0.6418137836025165,1.304019085946643,False,0.3223853646996065,1.6786119318667534,10,False,False
5,8,pixel_only,0.051765788529092006,0.674148695683823,True,0.05176578852882123,0.6741486956838185,16,True,True
5,8,rphi_only,0.05176714827406979,0.679294280525171,True,0.05176714827516161,0.6792942805251965,16,True,True
5,8,z_only,0.5874563186129528,0.868379820750211,False,0.25878893612750975,1.0767277216130209,10,False,False
5,8,full,0.585798101787249,0.8734949105886545,False,0.26521127792005333,1.08058383052274,10,False,False
5,9,pixel_only,0.05153797459109027,0.7251921262586986,True,0.051537974590718856,0.7251921262562167,16,True,True
5,9,rphi_only,0.05154278064661886,0.7242095575580032,True,0.05154278064732775,0.7242095575542166,16,True,True
5,9,z_only,0.6848975834040529,0.9676196030285827,False,,,0,False,False
5,9,full,0.6900168694266053,0.9632370296015104,False,,,0,False,False
5,10,pixel_only,0.05172282739129061,0.7552221742710121,True,0.051722827391233434,0.7552221742710277,16,True,True
5,10,rphi_only,0.05172041484040396,0.7606823847930053,True,0.051720414840688275,0.760682384807334,16,True,True
5,10,z_only,0.5237318140915893,0.8031370857666045,False,0.32797621297212903,0.8745134226863934,9,False,False
5,10,full,0.5197411167764039,0.8108457266278777,False,0.32109593811243897,0.8818603730058263,9,False,False
5,11,pixel_only,0.05173958913355114,0.8122543034251503,True,0.05173958913313573,0.8122543034251412,16,True,True
5,11,rphi_only,0.051742205851716225,0.8147633561967499,True,0.05174220585150314,0.8147633561878183,16,True,True
5,11,z_only,0.5218714677415677,0.8145910721044491,False,0.2207855560406989,0.7608634864993588,14,True,False
5,11,full,0.5226706141882789,0.8165821333581704,False,0.22083921725357986,0.76095895500203,14,True,False
5,12,pixel_only,0.05176603568572386,0.7851509783974986,True,0.051766035685507604,0.785150978392675,16,True,True
5,12,rphi_only,0.0517659900398452,0.7807021693370354,True,0.05176599004003019,0.780702169341304,16,True,True
5,12,z_only,0.7851502809615019,1.1706648684106842,False,0.3284909254219845,1.4395038467409313,7,False,False
5,12,full,0.7806960093814587,1.1706687375061267,False,0.3118429262347693,1.4387317658218086,7,False,False
5,13,pixel_only,0.05176559446735749,0.7929946613213913,True,0.051765594467093445,0.792994661321387,16,True,True
5,13,rphi_only,0.051765066911659795,0.800304194824078,True,0.05176506691186069,0.8003041948240859,16,True,True
5,13,z_only,0.4532683679067883,0.8013116862793747,False,,,0,False,False
5,13,full,0.4541164694026286,0.8080702037728492,False,,,0,False,False
5,14,pixel_only,0.05173973081116609,0.628724180625421,True,0.051739730811837296,0.6287241806427255,16,True,True
5,14,rphi_only,0.05173820162999316,0.6274359657878554,True,0.051738201630416224,0.6274359657588525,16,True,True
5,14,z_only,0.6279061902469706,0.7212864808033246,False,0.2491477217430176,0.9128192076053907,9,False,False
5,14,full,0.6262405397851936,0.7216125242921146,False,0.2416254680343657,0.9126060807874802,9,False,False
5,15,pixel_only,0.051776067747210656,0.6461309364136752,True,0.05177606774775461,0.6461309364136757,16,True,True
5,15,rphi_only,0.05177565114789024,0.6477955449171005,True,0.051775651148667154,0.647795544917101,16,True,True
5,15,z_only,0.6228220072326444,0.7158157128181297,False,,,0,False,False
5,15,full,0.6241666006093669,0.7161487249721372,False,,,0,False,False
6,0,pixel_only,0.05177131597792917,1.6368286862176065,True,0.05177131597738019,1.6368286862176065,16,True,True
6,0,rphi_only,0.05177114377171946,1.6286035919680957,True,0.05177114377062149,1.6286035919680957,16,True,True
6,0,z_only,0.6978382454330497,1.6626238314592563,False,,,0,False,False
6,0,full,0.6977978929126268,1.6545448472112614,False,,,0,False,False
6,1,pixel_only,0.05107552169102353,0.6186596367175344,True,0.05107552169129842,0.6186596367175348,16,True,True
6,1,rphi_only,0.051084046095780065,0.6181219261883364,True,0.051084046096111474,0.6181219261883742,16,True,True
6,1,z_only,0.5714411572775442,0.6285682423888932,False,0.21810819499973016,0.7501215318558929,10,False,False
6,1,full,0.5699790371258574,0.6293669818936155,False,0.2148535133166024,0.75041192205983,10,False,False
6,2,pixel_only,0.05175615583230785,0.6784951316863743,True,0.051756155832299144,0.678495131686356,16,True,True
6,2,rphi_only,0.051757410248321124,0.6795099168326848,True,0.05175741024886485,0.6795099168327215,16,True,True
6,2,z_only,0.5934158251953615,0.779714081694603,False,0.3288139387768011,0.9261818710529033,9,False,False
6,2,full,0.5960407847058141,0.7785948573927375,False,0.3333434156160272,0.9257529639127073,9,False,False
6,3,pixel_only,0.0511242567672788,0.6017030450073345,True,0.05112425676700084,0.6017030450073345,16,True,True
6,3,rphi_only,0.05113436041632749,0.6027258719846569,True,0.05113436041589129,0.6027258719846544,16,True,True
6,3,z_only,0.5971259556337517,0.777107365031263,False,0.2326422271571637,0.9481664408264457,11,False,False
6,3,full,0.599529901024959,0.7760489780703987,False,0.23832234087487703,0.947616482878724,11,False,False
6,4,pixel_only,0.0517774801522213,1.6336562455597636,True,0.05177748015169912,1.6336562455642183,16,True,True
6,4,rphi_only,0.05177742806393483,1.6294808655512611,True,0.051777428063717046,1.6294808655400976,16,True,True
6,4,z_only,0.5231564280320207,1.7671012935187171,False,,,0,False,False
6,4,full,0.5215964205339542,1.7637041627052155,False,,,0,False,False
6,5,pixel_only,0.05176988682075039,0.7806915179459026,True,0.05176988682035931,0.780691517936578,16,True,True
6,5,rphi_only,0.05177003231465167,0.7809099617793459,True,0.051770032314437185,0.7809099617793387,16,True,True
6,5,z_only,0.55267070475532,0.7914799321612256,False,,,0,False,False
6,5,full,0.5491206134945631,0.7941616694846333,False,,,0,False,False
6,6,pixel_only,0.051748793439293055,0.6887890978247417,True,0.05174879343980716,0.6887890978352873,16,True,True
6,6,rphi_only,0.05174987965224499,0.6924987337332565,True,0.0517498796527633,0.6924987337437646,16,True,True
6,6,z_only,0.6651254224458383,0.9828156061564303,False,0.34040552311378197,1.1788513267790064,8,False,False
6,6,full,0.6661874775666221,0.9847014085822373,False,0.35247718366737885,1.1794548241476432,8,False,False
6,7,pixel_only,0.05161407287966216,0.681303434622067,True,0.05161407287911056,0.6813034346181039,16,True,True
6,7,rphi_only,0.051618324639754055,0.6825075833352838,True,0.05161832463853725,0.6825075833287217,16,True,True
6,7,z_only,0.5791238357823896,0.7131888049378844,False,,,0,False,False
6,7,full,0.5806822831921751,0.7130730523348556,False,,,0,False,False
6,8,pixel_only,0.051765788529092006,0.674148695683823,True,0.05176578852882123,0.6741486956838185,16,True,True
6,8,rphi_only,0.051764220144831716,0.6705535471265608,True,0.05176422014620432,0.6705535471265608,16,True,True
6,8,z_only,0.6573968985244638,0.904716860553077,False,0.29053342182182873,1.2062563657039074,9,False,False
6,8,full,0.6584235215283478,0.9012922604175507,False,0.2829891224203918,1.2025494281942226,9,False,False
6,9,pixel_only,0.05153797459109027,0.7251921262586986,True,0.051537974590718856,0.7251921262562167,16,True,True
6,9,rphi_only,0.05154612514493755,0.7206229775498849,True,0.05154612514492974,0.720622977553691,16,True,True
6,9,z_only,0.6897984540165222,0.788391218816218,False,0.3434590381286211,1.0130543550288795,9,False,False
6,9,full,0.6769152353468674,0.7953382427819762,False,0.3167369279020968,1.004650095426013,8,False,False
6,10,pixel_only,0.05172282739129061,0.7552221742710121,True,0.051722827391233434,0.7552221742710277,16,True,True
6,10,rphi_only,0.0517232025712785,0.7547653871166818,True,0.051723202570860674,0.7547653871215266,16,True,True
6,10,z_only,0.7372058608202822,0.8145677720599044,False,,,0,False,False
6,10,full,0.7379519750765527,0.813468004152486,False,,,0,False,False
6,11,pixel_only,0.05173958913355114,0.8122543034251503,True,0.05173958913313573,0.8122543034251412,16,True,True
6,11,rphi_only,0.051740979865463874,0.8098055237485267,True,0.05174097986563051,0.8098055237485146,16,True,True
6,11,z_only,0.5691789158187028,0.8309596119342347,False,0.34259283485972436,0.5323439499483279,8,False,False
6,11,full,0.5682593051166986,0.8291974307208789,False,0.34385162139267783,0.5271580556661339,8,False,False
6,12,pixel_only,0.05176603568572386,0.7851509783974986,True,0.051766035685507604,0.785150978392675,16,True,True
6,12,rphi_only,0.05176552951938134,0.7891103659486469,True,0.051765529519741636,0.789110365954995,16,True,True
6,12,z_only,0.7379696869823354,0.9033582649480967,False,0.22256504100479152,0.682730983792558,5,False,False
6,12,full,0.7386350760904211,0.9062583555044181,False,0.1267614718401479,0.7200616144293114,4,False,False
6,13,pixel_only,0.05176559446735749,0.7929946613213913,True,0.051765594467093445,0.792994661321387,16,True,True
6,13,rphi_only,0.051764437382802564,0.7866860638857476,True,0.051764437382802564,0.7866860638857476,16,True,True
6,13,z_only,0.756041398715205,0.8133049135587659,False,,,0,False,False
6,13,full,0.7479975022078175,0.8146155275684058,False,,,0,False,False
6,14,pixel_only,0.05173973081116609,0.628724180625421,True,0.051739730811837296,0.6287241806427255,16,True,True
6,14,rphi_only,0.051737155181405904,0.6266215741334542,True,0.051737155181562695,0.6266215741276151,16,True,True
6,14,z_only,0.6230368340861919,0.9279893410177515,False,0.2522402098489725,1.0222118496728902,9,False,False
6,14,full,0.6228688711423908,0.9266789461014122,False,0.20465947914191454,1.0807542131522874,8,False,False
6,15,pixel_only,0.051776067747210656,0.6461309364136752,True,0.05177606774775461,0.6461309364136757,16,True,True
6,15,rphi_only,0.051776611757127715,0.648008245330806,True,0.05177661175835852,0.6480082453335573,16,True,True
6,15,z_only,0.5794630155884883,0.6691419551248091,False,0.27708726898909786,0.5403366534158303,11,False,False
6,15,full,0.5779931559792291,0.6722217640381319,False,0.27656889984986704,0.5408051589349486,11,False,False
7,0,pixel_only,0.05177131597792917,1.6368286862176065,True,0.05177131597738019,1.6368286862176065,16,True,True
7,0,rphi_only,0.05177153578850219,1.649018371924343,True,0.05177153578877663,1.649018371924343,16,True,True
7,0,z_only,0.8573478575633284,1.6501244856011488,False,,,0,False,False
7,0,full,0.8573764461355806,1.6622002834234322,False,,,0,False,False
7,1,pixel_only,0.05107552169102353,0.6186596367175344,True,0.05107552169129842,0.6186596367175348,16,True,True
7,1,rphi_only,0.05106249813189613,0.6190672328629658,True,0.05106249813260292,0.6190672328629292,16,True,True
7,1,z_only,0.6172311918898309,1.1106556849805096,False,0.21665528647923096,1.4330061932382832,10,False,False
7,1,full,0.6181514762819214,1.1103703796954485,False,0.22012784625718917,1.432700516297475,10,False,False
7,2,pixel_only,0.05175615583230785,0.6784951316863743,True,0.051756155832299144,0.678495131686356,16,True,True
7,2,rphi_only,0.05175570888816124,0.6774878566139508,True,0.05175570888824898,0.6774878566032455,16,True,True
7,2,z_only,0.6777136698117241,0.8186156691682842,False,0.2949165082712729,0.9410799882599824,9,False,False
7,2,full,0.6768334531362381,0.8185095890868394,False,0.2953933192154961,0.9401081106036179,9,False,False
7,3,pixel_only,0.0511242567672788,0.6017030450073345,True,0.05112425676700084,0.6017030450073345,16,True,True
7,3,rphi_only,0.051111748228143954,0.6001574028923615,True,0.051111748227865926,0.6001574028923616,16,True,True
7,3,z_only,0.5988931730998445,0.8190854744555908,False,0.23509239072664218,1.0008955309090908,11,False,False
7,3,full,0.5986550867930891,0.8181241002389501,False,0.2319395337687921,1.0003606279861375,11,False,False
7,4,pixel_only,0.0517774801522213,1.6336562455597636,True,0.05177748015169912,1.6336562455642183,16,True,True
7,4,rphi_only,0.051777272801317595,1.62743692130602,True,0.05177727280101877,1.6274369213037847,16,True,True
7,4,z_only,0.5336536380297813,1.6411405976110958,False,,,0,False,False
7,4,full,0.5332234982682181,1.6350901590372768,False,,,0,False,False
7,5,pixel_only,0.05176988682075039,0.7806915179459026,True,0.05176988682035931,0.780691517936578,16,True,True
7,5,rphi_only,0.051769728591343184,0.7787866222158494,True,0.051769728590411186,0.7787866222064943,16,True,True
7,5,z_only,0.7655992879304618,0.9557325767357615,False,,,0,False,False
7,5,full,0.7624124476748421,0.9567260137263118,False,,,0,False,False
7,6,pixel_only,0.051748793439293055,0.6887890978247417,True,0.05174879343980716,0.6887890978352873,16,True,True
7,6,rphi_only,0.05174806317571523,0.6916859820532815,True,0.051748063175740024,0.6916859820427418,16,True,True
7,6,z_only,0.6885251855440548,0.8444479999361841,False,0.30218744996202057,1.1116754219238547,7,False,False
7,6,full,0.6904031213031069,0.8452829302068863,False,0.3304622233364241,1.1086533601117252,7,False,False
7,7,pixel_only,0.05161407287966216,0.681303434622067,True,0.05161407287911056,0.6813034346181039,16,True,True
7,7,rphi_only,0.05162437779326045,0.6877452850369427,True,0.05162437779257746,0.6877452850316766,16,True,True
7,7,z_only,0.6058231983586988,0.6872150373034421,False,,,0,False,False
7,7,full,0.6013423666898312,0.6974910965792602,False,,,0,False,False
7,8,pixel_only,0.051765788529092006,0.674148695683823,True,0.05176578852882123,0.6741486956838185,16,True,True
7,8,rphi_only,0.05176934860645864,0.669427273858162,True,0.05176934860645864,0.669427273858162,16,True,True
7,8,z_only,0.6470499114051758,1.0193682254482865,False,0.26756531030311703,1.382266387017731,9,False,False
7,8,full,0.647840694632133,1.0157481529705814,False,0.25949781224653073,1.3788343619776877,9,False,False
7,9,pixel_only,0.05153797459109027,0.7251921262586986,True,0.051537974590718856,0.7251921262562167,16,True,True
7,9,rphi_only,0.051529305251893996,0.7192918617476819,True,0.051529305252287,0.7192918617514652,16,True,True
7,9,z_only,0.5329550225673256,0.7252924713142007,False,0.3220184318586733,0.5300938992317604,7,False,False
7,9,full,0.5325331434896731,0.7197050424761061,False,0.33561780513989564,0.5915427227568102,10,False,False
7,10,pixel_only,0.05172282739129061,0.7552221742710121,True,0.051722827391233434,0.7552221742710277,16,True,True
7,10,rphi_only,0.05172393282290838,0.7534645588619996,True,0.051723932822746024,0.7534645588475499,16,True,True
7,10,z_only,0.7490709056659887,0.9671121208165274,False,,,0,False,False
7,10,full,0.7504791941193778,0.9646460848553062,False,,,0,False,False
7,11,pixel_only,0.05173958913355114,0.8122543034251503,True,0.05173958913313573,0.8122543034251412,16,True,True
7,11,rphi_only,0.05174144356552819,0.8257432993075482,True,0.0517414435652685,0.8257432992987326,16,True,True
7,11,z_only,0.7683833108931141,0.9471415426207305,False,,,0,False,False
7,11,full,0.7823807593942824,0.9473480964199059,False,,,0,False,False
7,12,pixel_only,0.05176603568572386,0.7851509783974986,True,0.051766035685507604,0.785150978392675,16,True,True
7,12,rphi_only,0.051767007119419374,0.7813115040538238,True,0.05176700711972416,0.7813115040681744,16,True,True
7,12,z_only,0.45164727529005444,0.7867627888522614,False,0.3078085455143942,0.8072525487597492,5,False,False
7,12,full,0.45279115854802005,0.7822702896821733,False,0.3765187838778276,0.6625471787008084,7,False,False
7,13,pixel_only,0.05176559446735749,0.7929946613213913,True,0.051765594467093445,0.792994661321387,16,True,True
7,13,rphi_only,0.051765550722727226,0.7914384845238681,True,0.05176555072250853,0.7914384845146739,16,True,True
7,13,z_only,0.7759555411826994,0.9042113306712701,False,,,0,False,False
7,13,full,0.7759798954937128,0.9028258110000681,False,,,0,False,False
7,14,pixel_only,0.05173973081116609,0.628724180625421,True,0.051739730811837296,0.6287241806427255,16,True,True
7,14,rphi_only,0.05173793052347444,0.6291418438437909,True,0.051737930524134876,0.6291418438726714,16,True,True
7,14,z_only,0.6174553078839593,0.7159315220663232,False,0.19497024116715245,0.8779589505683572,9,False,False
7,14,full,0.6163892291287414,0.7172160673521322,False,0.25746700835487785,0.8110421459875297,9,False,False
7,15,pixel_only,0.051776067747210656,0.6461309364136752,True,0.05177606774775461,0.6461309364136757,16,True,True
7,15,rphi_only,0.05177716800357029,0.65191741216324,True,0.05177716800425246,0.6519174121646845,16,True,True
7,15,z_only,0.499140715414089,0.6461375599126268,False,0.3001962642738616,0.48606859465430685,10,False,False
7,15,full,0.49913380747358066,0.6519295639505295,False,0.2929776277201096,0.5008690411647316,10,False,False
8,0,pixel_only,0.05177131597792917,1.6368286862176065,True,0.05177131597738019,1.6368286862176065,16,True,True
8,0,rphi_only,0.05177125824004739,1.6339726372887238,True,0.05177125823895012,1.633972637288709,16,True,True
8,0,z_only,0.4278018997501583,1.6638560345185032,False,0.33395663296895967,1.2593112358438165,11,False,False
8,0,full,0.4284886766244335,1.6608692668380436,False,0.3327837734451486,1.2503994140314427,11,False,False
8,1,pixel_only,0.05107552169102353,0.6186596367175344,True,0.05107552169129842,0.6186596367175348,16,True,True
8,1,rphi_only,0.051079597444463096,0.6178685302016748,True,0.051079597445863684,0.617868530208984,16,True,True
8,1,z_only,0.6120626376064853,0.9488346352013437,False,0.15966553931758146,1.0586926969331898,9,False,False
8,1,full,0.6130928845496945,0.9476540195709874,False,0.14886888115135566,1.0580329297014213,9,False,False
8,2,pixel_only,0.05175615583230785,0.6784951316863743,True,0.051756155832299144,0.678495131686356,16,True,True
8,2,rphi_only,0.05175745349615393,0.6764777716946347,True,0.051757453496044915,0.6764777717000042,16,True,True
8,2,z_only,0.5851989111167323,0.7522336144765638,False,0.32734697697838083,0.8925369023297153,9,False,False
8,2,full,0.5822944985097697,0.7526708955206541,False,0.3168274380843431,0.8929594843444095,9,False,False
8,3,pixel_only,0.0511242567672788,0.6017030450073345,True,0.05112425676700084,0.6017030450073345,16,True,True
8,3,rphi_only,0.05111484974600522,0.6012522615353393,True,0.051114849745770186,0.6012522615474393,16,True,True
8,3,z_only,0.6014750707441655,0.9364031068898141,False,0.23945007007987013,1.1457639051037107,11,False,False
8,3,full,0.6009739307774459,0.936434806993536,False,0.23815711636887119,1.145777473824419,11,False,False
8,4,pixel_only,0.0517774801522213,1.6336562455597636,True,0.05177748015169912,1.6336562455642183,16,True,True
8,4,rphi_only,0.05177783991321835,1.6511637371552728,True,0.051777839912898097,1.6511637371596795,16,True,True
8,4,z_only,0.5856823168692895,1.6688863369379745,False,0.300837472352311,1.2075059383009348,13,False,False
8,4,full,0.5851876370866718,1.6861999171190074,False,0.3014774590069915,1.2183234219886878,13,False,False
8,5,pixel_only,0.05176988682075039,0.7806915179459026,True,0.05176988682035931,0.780691517936578,16,True,True
8,5,rphi_only,0.05177017706767171,0.7815557360741142,True,0.051770177067632824,0.7815557360741104,16,True,True
8,5,z_only,0.7447109222499447,0.9037890768253747,False,,,0,False,False
8,5,full,0.743784845498744,0.9052979267562233,False,,,0,False,False
8,6,pixel_only,0.051748793439293055,0.6887890978247417,True,0.05174879343980716,0.6887890978352873,16,True,True
8,6,rphi_only,0.05174824140118807,0.6907156618105391,True,0.05174824140129009,0.6907156618053004,16,True,True
8,6,z_only,0.6519155291851897,0.7015396181665469,False,0.3176398822171813,0.7983549949916261,6,False,False
8,6,full,0.6523043600668574,0.7030709222857242,False,0.3045401741788677,0.8016720101095107,6,False,False
8,7,pixel_only,0.05161407287966216,0.681303434622067,True,0.05161407287911056,0.6813034346181039,16,True,True
8,7,rphi_only,0.05160984188478179,0.682282354240509,True,0.05160984188407381,0.6822823542325631,16,True,True
8,7,z_only,0.6732723784791339,1.026358365853554,False,0.1595081922215076,0.8374479577633498,10,False,False
8,7,full,0.6739369986278605,1.0265726195287754,False,0.1725465054818829,0.8370922892825918,10,False,False
8,8,pixel_only,0.051765788529092006,0.674148695683823,True,0.05176578852882123,0.6741486956838185,16,True,True
8,8,rphi_only,0.05176484111580665,0.677114908424313,True,0.05176484111580665,0.677114908424313,16,True,True
8,8,z_only,0.632790926345028,1.017563657689795,False,0.11075976437723531,1.440692276906307,8,False,False
8,8,full,0.634870606514673,1.0182373877952262,False,0.10849975037085145,1.4418848461962073,8,False,False
8,9,pixel_only,0.05153797459109027,0.7251921262586986,True,0.051537974590718856,0.7251921262562167,16,True,True
8,9,rphi_only,0.05153869596658871,0.721668223085542,True,0.051538695966402946,0.721668223084295,16,True,True
8,9,z_only,0.7154407900498818,1.0121681475639424,False,0.38696932740146184,1.2046615962428597,9,False,False
8,9,full,0.7082042569185346,1.0147350178093024,False,0.3700990870783903,1.2606192354924006,10,False,False
8,10,pixel_only,0.05172282739129061,0.7552221742710121,True,0.051722827391233434,0.7552221742710277,16,True,True
8,10,rphi_only,0.05172338624100513,0.7607267421412286,True,0.05172338624081357,0.7607267421268702,16,True,True
8,10,z_only,0.7552181594514638,1.062962148997515,False,,,0,False,False
8,10,full,0.7606533280289453,1.0630114229220013,False,,,0,False,False
8,11,pixel_only,0.05173958913355114,0.8122543034251503,True,0.05173958913313573,0.8122543034251412,16,True,True
8,11,rphi_only,0.05174103619053751,0.8157051765927034,True,0.05174103619056197,0.8157051765926969,16,True,True
8,11,z_only,0.7318404009670658,0.9298529823440805,False,,,0,False,False
8,11,full,0.7334154622483543,0.9316305644026392,False,,,0,False,False
8,12,pixel_only,0.05176603568572386,0.7851509783974986,True,0.051766035685507604,0.785150978392675,16,True,True
8,12,rphi_only,0.05176555392664267,0.7896555753464883,True,0.0517655539266904,0.7896555753473612,16,True,True
8,12,z_only,0.7828457644280126,0.7983955850124497,False,0.3340804952927983,1.0667298538002878,7,False,False
8,12,full,0.7876226064490045,0.798140475903836,False,0.33185136107861807,1.070377077716273,7,False,False
8,13,pixel_only,0.05176559446735749,0.7929946613213913,True,0.051765594467093445,0.792994661321387,16,True,True
8,13,rphi_only,0.051765978367009136,0.8003884072686623,True,0.051765978367404035,0.8003884072686503,16,True,True
8,13,z_only,0.47263823407746147,0.8513951140111717,False,0.20479055913367838,0.919039635082619,8,False,False
8,13,full,0.472941483558469,0.8581190678337138,False,0.20440548993768565,0.9923269139498783,6,False,False
8,14,pixel_only,0.05173973081116609,0.628724180625421,True,0.051739730811837296,0.6287241806427255,16,True,True
8,14,rphi_only,0.05173660626638509,0.6349145059372351,True,0.051736606266417844,0.6349145059314719,16,True,True
8,14,z_only,0.6265443772924876,1.037992913051895,False,0.22260898530979498,1.2904402518206335,9,False,False
8,14,full,0.63089906522809,1.039122096601854,False,0.2367105605847892,1.2930087576143499,9,False,False
8,15,pixel_only,0.051776067747210656,0.6461309364136752,True,0.05177606774775461,0.6461309364136757,16,True,True
8,15,rphi_only,0.05177628851143073,0.6522366051363044,True,0.051776288513096846,0.6522366051530087,16,True,True
8,15,z_only,0.5662258923476949,0.7484246223751982,False,0.26945703693519907,0.7739279129604464,10,False,False
8,15,full,0.5644524861962213,0.7550307279834036,False,0.28307404719246576,0.7773302129189061,10,False,False
9,0,pixel_only,0.05177131597792917,1.6368286862176065,True,0.05177131597738019,1.6368286862176065,16,True,True
9,0,rphi_only,0.0517713728978452,1.6399203828825695,True,0.05177137289702172,1.6399203828825695,16,True,True
9,0,z_only,0.5597420294969881,1.6791371831870432,False,,,0,False,False
9,0,full,0.5595389872677489,1.6822180624729701,False,,,0,False,False
9,1,pixel_only,0.05107552169102353,0.6186596367175344,True,0.05107552169129842,0.6186596367175348,16,True,True
9,1,rphi_only,0.051085118368423076,0.6178740282595022,True,0.05108511836912129,0.6178740282491371,16,True,True
9,1,z_only,0.6154366933556484,0.6914247801018768,False,0.22145653626394796,0.8866173256641877,10,False,False
9,1,full,0.614499030283664,0.691556624867352,False,0.2180013039802852,0.8866488032678228,10,False,False
9,2,pixel_only,0.05175615583230785,0.6784951316863743,True,0.051756155832299144,0.678495131686356,16,True,True
9,2,rphi_only,0.051754726242062184,0.6818786604057452,True,0.05175472624201902,0.6818786604057272,16,True,True
9,2,z_only,0.4094561768048958,0.6836342369324305,False,0.282879900188788,0.5407283620915458,10,False,False
9,2,full,0.40754214206915,0.6881297031669662,False,0.27553684254533,0.5524285162515761,10,False,False
9,3,pixel_only,0.0511242567672788,0.6017030450073345,True,0.05112425676700084,0.6017030450073345,16,True,True
9,3,rphi_only,0.051144611651051934,0.602130361144054,True,0.05114461165077408,0.602130361144054,16,True,True
9,3,z_only,0.5990102928682509,1.0283623613956367,False,0.23481252866602287,1.2564679618864032,11,False,False
9,3,full,0.5989316011639008,1.0286594050716464,False,0.2342097819577703,1.2566737972128543,11,False,False
9,4,pixel_only,0.0517774801522213,1.6336562455597636,True,0.05177748015169912,1.6336562455642183,16,True,True
9,4,rphi_only,0.05177758081703645,1.6436021362982323,True,0.051777580816446594,1.643602136304872,16,True,True
9,4,z_only,0.527390602295582,1.6456284623813708,False,,,0,False,False
9,4,full,0.526420224528965,1.6558113322928663,False,,,0,False,False
9,5,pixel_only,0.05176988682075039,0.7806915179459026,True,0.05176988682035931,0.780691517936578,16,True,True
9,5,rphi_only,0.05176917940552534,0.7715524612224878,True,0.051769179405194356,0.7715524612224735,16,True,True
9,5,z_only,0.5963300081518057,0.8061750178110342,False,,,0,False,False
9,5,full,0.6004204022734317,0.7942520098332798,False,,,0,False,False
9,6,pixel_only,0.051748793439293055,0.6887890978247417,True,0.05174879343980716,0.6887890978352873,16,True,True
9,6,rphi_only,0.05174797055401181,0.6855417340352289,True,0.05174797055417674,0.6855417340299316,16,True,True
9,6,z_only,0.6885080269898702,1.106476376253367,False,0.3324683650031759,1.4892611865309566,8,False,False
9,6,full,0.6850046208946835,1.10663364861554,False,0.31600309746572935,1.4888171763479845,8,False,False
9,7,pixel_only,0.05161407287966216,0.681303434622067,True,0.05161407287911056,0.6813034346181039,16,True,True
9,7,rphi_only,0.05161680948694091,0.6802907639983995,True,0.05161680948452208,0.680290763979878,16,True,True
9,7,z_only,0.6360136634694176,0.7296065100510917,False,,,0,False,False
9,7,full,0.6337024399312026,0.7306720785217372,False,,,0,False,False
9,8,pixel_only,0.051765788529092006,0.674148695683823,True,0.05176578852882123,0.6741486956838185,16,True,True
9,8,rphi_only,0.05176550757257473,0.675495587304436,True,0.05176550757312376,0.675495587304436,16,True,True
9,8,z_only,0.6284834714762267,0.8285002862707614,False,0.31089572938439536,1.1021597242912031,9,False,False
9,8,full,0.6304072531270317,0.8281352466393573,False,0.3128070943326512,1.051262672290948,9,False,False
9,9,pixel_only,0.05153797459109027,0.7251921262586986,True,0.051537974590718856,0.7251921262562167,16,True,True
9,9,rphi_only,0.05154137149870568,0.731075143861543,True,0.05154137149798468,0.7310751438578796,16,True,True
9,9,z_only,0.5734545022051198,0.7252046774525996,False,0.3954112992324872,0.7038327672009821,8,False,False
9,9,full,0.573279956899622,0.7312254357642197,False,0.3885320502143131,0.7048795087727605,8,False,False
9,10,pixel_only,0.05172282739129061,0.7552221742710121,True,0.051722827391233434,0.7552221742710277,16,True,True
9,10,rphi_only,0.05172505441787509,0.7643668673550829,True,0.051725054418389795,0.7643668673645425,16,True,True
9,10,z_only,0.47089532252469424,0.7672426050477843,False,,,0,False,False
9,10,full,0.4710459642679235,0.7761548936074327,False,,,0,False,False
9,11,pixel_only,0.05173958913355114,0.8122543034251503,True,0.05173958913313573,0.8122543034251412,16,True,True
9,11,rphi_only,0.051739837343480664,0.8152081150025499,True,0.051739837343480664,0.8152081150025499,16,True,True
9,11,z_only,0.6389332821492097,0.8315300034893522,False,,,0,False,False
9,11,full,0.6381833112617578,0.8349894258475818,False,,,0,False,False
9,12,pixel_only,0.05176603568572386,0.7851509783974986,True,0.051766035685507604,0.785150978392675,16,True,True
9,12,rphi_only,0.051766076802428986,0.7836739283745209,True,0.051766076802219785,0.7836739283880666,16,True,True
9,12,z_only,0.41265095005335073,0.7864355588724969,False,0.25355539720232834,0.6833141981270046,5,False,False
9,12,full,0.41334293759143426,0.7845963482473698,False,0.25611730711624653,0.6910201779776193,5,False,False
9,13,pixel_only,0.05176559446735749,0.7929946613213913,True,0.051765594467093445,0.792994661321387,16,True,True
9,13,rphi_only,0.051764002711300904,0.7916492574274676,True,0.05176400271212869,0.7916492574642182,16,True,True
9,13,z_only,0.7904134928986337,0.9433008148218135,False,,,0,False,False
9,13,full,0.7895036789708135,0.9429326130531026,False,,,0,False,False
9,14,pixel_only,0.05173973081116609,0.628724180625421,True,0.051739730811837296,0.6287241806427255,16,True,True
9,14,rphi_only,0.05174113005345773,0.6326371177108709,True,0.05174113005383663,0.6326371177396574,16,True,True
9,14,z_only,0.48294011977094986,0.6332666948936454,False,0.24113251045283426,0.6730903049071181,9,False,False
9,14,full,0.4835538130863828,0.6366862884742672,False,0.23963297493757404,0.6723709961394169,9,False,False
9,15,pixel_only,0.051776067747210656,0.6461309364136752,True,0.05177606774775461,0.6461309364136757,16,True,True
9,15,rphi_only,0.05177722439915279,0.6500610796914246,True,0.05177722439953694,0.6500610796900386,16,True,True
9,15,z_only,0.6223470755045568,0.7244124105848374,False,0.13403312911344342,0.5283823377520939,8,False,False
9,15,full,0.6260622150613308,0.7247279213740616,False,0.13272632073146629,0.5308465304112765,8,False,False
10,0,pixel_only,0.05177131597792917,1.6368286862176065,True,0.05177131597738019,1.6368286862176065,16,True,True
10,0,rphi_only,0.05177120419390937,1.6311710501721877,True,0.05177120419308607,1.6311710501721877,16,True,True
10,0,z_only,0.5867373593761819,1.636863356982307,False,,,0,False,False
10,0,full,0.5866331649425831,1.6312439920096014,False,,,0,False,False
10,1,pixel_only,0.05107552169102353,0.6186596367175344,True,0.05107552169129842,0.6186596367175348,16,True,True
10,1,rphi_only,0.0510819409826297,0.6161286275384938,True,0.051081940983062214,0.6161286275399149,16,True,True
10,1,z_only,0.5660773531928694,0.644995727401394,False,0.17594850115214397,0.42701302363313054,9,False,False
10,1,full,0.5654427402848061,0.6431275210045959,False,0.15968060289965338,0.426878187521091,9,False,False
10,2,pixel_only,0.05175615583230785,0.6784951316863743,True,0.051756155832299144,0.678495131686356,16,True,True
10,2,rphi_only,0.0517574618386947,0.6846754122160169,True,0.05175746183844684,0.684675412216017,16,True,True
10,2,z_only,0.6784414497741709,1.173949666727549,False,0.28040711705634985,1.1982827784836998,7,False,False
10,2,full,0.684553386593373,1.1739896155625227,False,0.28615059355280786,1.1990429622589007,7,False,False
10,3,pixel_only,0.0511242567672788,0.6017030450073345,True,0.05112425676700084,0.6017030450073345,16,True,True
10,3,rphi_only,0.051136510623462125,0.6010542585729438,True,0.05113651062318423,0.6010542585729438,16,True,True
10,3,z_only,0.43174090662510844,0.602182848287928,False,0.23855618360876982,0.528439954020164,11,False,False
10,3,full,0.43234072645071625,0.601104680629671,False,0.23629341385134897,0.527993218062739,11,False,False
10,4,pixel_only,0.0517774801522213,1.6336562455597636,True,0.05177748015169912,1.6336562455642183,16,True,True
10,4,rphi_only,0.05177778081831221,1.6484462745981483,True,0.051777780816442916,1.648446274598148,16,True,True
10,4,z_only,0.5848594508068148,1.6383498077927516,False,,,0,False,False
10,4,full,0.5856008535327415,1.6528362135100607,False,,,0,False,False
10,5,pixel_only,0.05176988682075039,0.7806915179459026,True,0.05176988682035931,0.780691517936578,16,True,True
10,5,rphi_only,0.05176981991573485,0.782645580396579,True,0.051769819915559276,0.7826455803965753,16,True,True
10,5,z_only,0.6343888092163614,0.8950413106484029,False,,,0,False,False
10,5,full,0.6401829615469826,0.8926177397587887,False,,,0,False,False
10,6,pixel_only,0.051748793439293055,0.6887890978247417,True,0.05174879343980716,0.6887890978352873,16,True,True
10,6,rphi_only,0.0517506513586584,0.6930601152480026,True,0.05175065135873337,0.6930601152690967,16,True,True
10,6,z_only,0.6852636987733715,0.8027704640484127,False,0.34005708583411576,1.167456332162002,8,False,False
10,6,full,0.6869800014275927,0.8049766833797454,False,0.3384109771709473,1.1683399982285225,8,False,False
10,7,pixel_only,0.05161407287966216,0.681303434622067,True,0.05161407287911056,0.6813034346181039,16,True,True
10,7,rphi_only,0.05159863617505136,0.6800684797866239,True,0.05159863617469244,0.6800684797812991,16,True,True
10,7,z_only,0.6807297459161349,0.9128147998288096,False,,,0,False,False
10,7,full,0.6799839134312382,0.9124481594681644,False,,,0,False,False
10,8,pixel_only,0.051765788529092006,0.674148695683823,True,0.05176578852882123,0.6741486956838185,16,True,True
10,8,rphi_only,0.05176527125420655,0.672450375755766,True,0.05176527125420836,0.6724503757557828,16,True,True
10,8,z_only,0.5872824382609334,0.7500066018852644,False,0.16244963514419272,0.8007292015585773,10,False,False
10,8,full,0.581145100577637,0.7532545783041347,False,0.16386089059770892,0.800845902244243,10,False,False
10,9,pixel_only,0.05153797459109027,0.7251921262586986,True,0.051537974590718856,0.7251921262562167,16,True,True
10,9,rphi_only,0.051546781008841414,0.7279795275573696,True,0.0515467810084281,0.7279795275486869,16,True,True
10,9,z_only,0.6431004056504703,0.8009292649403168,False,0.3353092622045131,0.8379007994714345,8,False,False
10,9,full,0.6458799620842025,0.8012215360794885,False,0.3476076886924683,0.8424529233601095,8,False,False
10,10,pixel_only,0.05172282739129061,0.7552221742710121,True,0.051722827391233434,0.7552221742710277,16,True,True
10,10,rphi_only,0.05172244678270071,0.7641333438798651,True,0.05172244678266263,0.7641333438702944,16,True,True
10,10,z_only,0.6810512893180649,0.8435066342137125,False,,,0,False,False
10,10,full,0.6811966403843867,0.8513779370634968,False,,,0,False,False
10,11,pixel_only,0.05173958913355114,0.8122543034251503,True,0.05173958913313573,0.8122543034251412,16,True,True
10,11,rphi_only,0.051739869416629565,0.8207163863100911,True,0.051739869416629565,0.820716386310091,16,True,True
10,11,z_only,0.641508060610582,0.9788981660435857,False,0.1502130093671788,0.7719616324526869,14,True,False
10,11,full,0.6513301626557592,0.9794704521366755,False,0.14857765348393578,0.7837579355901252,14,True,False
10,12,pixel_only,0.05176603568572386,0.7851509783974986,True,0.051766035685507604,0.785150978392675,16,True,True
10,12,rphi_only,0.051766583856708674,0.7880462225241702,True,0.0517665838572223,0.7880462225217899,16,True,True
10,12,z_only,0.6241503244453414,0.7851705771932068,False,0.28496150127041775,1.0264084060396046,4,False,False
10,12,full,0.6241720591441852,0.7880488556123035,False,0.29546457163478196,1.0261108778467516,4,False,False
10,13,pixel_only,0.05176559446735749,0.7929946613213913,True,0.051765594467093445,0.792994661321387,16,True,True
10,13,rphi_only,0.05176702512740689,0.7915819297035257,True,0.05176702512766641,0.7915819296943292,16,True,True
10,13,z_only,0.7495935796012105,1.0698650156540528,False,,,0,False,False
10,13,full,0.7396587479308853,1.0757170086726195,False,,,0,False,False
10,14,pixel_only,0.05173973081116609,0.628724180625421,True,0.051739730811837296,0.6287241806427255,16,True,True
10,14,rphi_only,0.05173422819870205,0.6253039464593699,True,0.05173422819885991,0.6253039464593477,16,True,True
10,14,z_only,0.5513311240813941,0.6290717639743123,False,0.20619216089399486,0.7734514541462518,8,False,False
10,14,full,0.5516162730644896,0.6254019461659799,False,0.22612464101463986,0.7253519279151778,9,False,False
10,15,pixel_only,0.051776067747210656,0.6461309364136752,True,0.05177606774775461,0.6461309364136757,16,True,True
10,15,rphi_only,0.051775886277720284,0.6556612254135166,True,0.05177588627660841,0.6556612254109505,16,True,True
10,15,z_only,0.5434298091993317,0.7419879896280677,False,0.28330996381012413,0.8420467670007188,11,False,False
10,15,full,0.5353834528464008,0.7560646905219364,False,0.28658660351763876,0.8520080256863886,11,False,False
11,0,pixel_only,0.05177131597792917,1.6368286862176065,True,0.05177131597738019,1.6368286862176065,16,True,True
11,0,rphi_only,0.05177138759257188,1.6406954287737021,True,0.051771387591473914,1.6406954287737021,16,True,True
11,0,z_only,0.6082636515055057,1.642156317837702,False,,,0,False,False
11,0,full,0.6079164667095766,1.6461390247834837,False,,,0,False,False
11,1,pixel_only,0.05107552169102353,0.6186596367175344,True,0.05107552169129842,0.6186596367175348,16,True,True
11,1,rphi_only,0.05108071981565327,0.6234687568569437,True,0.05108071981618015,0.6234687568569441,16,True,True
11,1,z_only,0.5966082282257912,0.8927304813907343,False,0.16695382889080676,1.1414970928413264,10,False,False
11,1,full,0.5962279487086292,0.8963230402431404,False,0.17905013104321427,1.1439868010496268,10,False,False
11,2,pixel_only,0.05175615583230785,0.6784951316863743,True,0.051756155832299144,0.678495131686356,16,True,True
11,2,rphi_only,0.05175577494452127,0.6802187893425161,True,0.051755774944508955,0.6802187893317992,16,True,True
11,2,z_only,0.6659726722359925,0.7283375803305877,False,0.3374478358988127,0.9293627577493196,8,False,False
11,2,full,0.6701997131768272,0.726064567783076,False,0.3486401635600319,0.9299608542777663,8,False,False
11,3,pixel_only,0.0511242567672788,0.6017030450073345,True,0.05112425676700084,0.6017030450073345,16,True,True
11,3,rphi_only,0.05114092309392718,0.60189287952249,True,0.05114092309423886,0.6018928795224907,16,True,True
11,3,z_only,0.5985106386354043,0.8074941782428045,False,0.2316626006261802,0.9865160743250367,11,False,False
11,3,full,0.5988087607612927,0.8074158563541155,False,0.231657193914704,0.9864642490114113,11,False,False
11,4,pixel_only,0.0517774801522213,1.6336562455597636,True,0.05177748015169912,1.6336562455642183,16,True,True
11,4,rphi_only,0.05177756655595738,1.6360293954673655,True,0.05177756655563311,1.636029395462918,16,True,True
11,4,z_only,1.084830437532888,1.6681447100440614,False,,,0,False,False
11,4,full,1.0860492474342742,1.6696767933239105,False,,,0,False,False
11,5,pixel_only,0.05176988682075039,0.7806915179459026,True,0.05176988682035931,0.780691517936578,16,True,True
11,5,rphi_only,0.051769592074889056,0.7833464660600886,True,0.0517695920747934,0.7833464660600812,16,True,True
11,5,z_only,0.65509221681401,1.011338686774998,False,,,0,False,False
11,5,full,0.6512057635967565,1.015890539472167,False,,,0,False,False
11,6,pixel_only,0.051748793439293055,0.6887890978247417,True,0.05174879343980716,0.6887890978352873,16,True,True
11,6,rphi_only,0.05174851497428458,0.691929593597949,True,0.05174851497491436,0.6919295936136763,16,True,True
11,6,z_only,0.6885750753830295,0.7336266209476763,False,0.33678845339967745,1.034220581438017,8,False,False
11,6,full,0.6918825698935106,0.7334700368855942,False,0.3453613190729034,1.0340119819280686,8,False,False
11,7,pixel_only,0.05161407287966216,0.681303434622067,True,0.05161407287911056,0.6813034346181039,16,True,True
11,7,rphi_only,0.051624244694390274,0.6836173117895645,True,0.05162424469505329,0.683617311792198,16,True,True
11,7,z_only,0.6614708103009419,0.8053717871253815,False,0.35938205098161524,0.7837835957273713,7,False,False
11,7,full,0.663057428666069,0.8060281581178823,False,0.3553675426905907,0.7858279104089972,7,False,False
11,8,pixel_only,0.051765788529092006,0.674148695683823,True,0.05176578852882123,0.6741486956838185,16,True,True
11,8,rphi_only,0.05176607506960812,0.6744850752023425,True,0.051766075070431634,0.6744850752023425,16,True,True
11,8,z_only,0.37082663673388794,0.6866619171889335,False,0.2843463814478443,0.5615808297097423,11,False,False
11,8,full,0.37118062775901395,0.6868005031902306,False,0.2865581230026202,0.5611207283322179,11,False,False
11,9,pixel_only,0.05153797459109027,0.7251921262586986,True,0.051537974590718856,0.7251921262562167,16,True,True
11,9,rphi_only,0.05154221664333675,0.7243427505639134,True,0.05154221664375596,0.724342750565156,16,True,True
11,9,z_only,0.7016486305281471,1.0223658538245077,False,0.32559590610513833,1.3419150063155274,9,False,False
11,9,full,0.703692266529779,1.0203573837602375,False,0.32437775102823396,1.3394577995725128,9,False,False
11,10,pixel_only,0.05172282739129061,0.7552221742710121,True,0.051722827391233434,0.7552221742710277,16,True,True
11,10,rphi_only,0.0517227793986833,0.7523653556163817,True,0.051722779398967765,0.752365355616366,16,True,True
11,10,z_only,0.6669780734971191,0.8722100890224501,False,0.3357206500464959,0.8368994383384369,9,False,False
11,10,full,0.6686962520008013,0.868417202304447,False,0.335583325954359,0.8280357338701025,9,False,False
11,11,pixel_only,0.05173958913355114,0.8122543034251503,True,0.05173958913313573,0.8122543034251412,16,True,True
11,11,rphi_only,0.051737259891408094,0.806942757847948,True,0.05173725989136583,0.806942757856966,16,True,True
11,11,z_only,0.8121752329630927,0.8944324675994496,False,,,0,False,False
11,11,full,0.8067696601364672,0.8945152365365071,False,,,0,False,False
11,12,pixel_only,0.05176603568572386,0.7851509783974986,True,0.051766035685507604,0.785150978392675,16,True,True
11,12,rphi_only,0.05176626757674454,0.7799322362905092,True,0.05176626757674454,0.7799322362905365,16,True,True
11,12,z_only,0.6133375226763209,0.8257153295526627,False,0.3026655323483245,1.0936217853224672,7,False,False
11,12,full,0.6093351231613113,0.8237306924250534,False,0.28239123081041123,1.094805313034981,7,False,False
11,13,pixel_only,0.05176559446735749,0.7929946613213913,True,0.051765594467093445,0.792994661321387,16,True,True
11,13,rphi_only,0.051765924207354236,0.7905076457109315,True,0.05176592420775551,0.7905076457109356,16,True,True
11,13,z_only,0.7855543478145668,0.9916065034379947,False,,,0,False,False
11,13,full,0.7839130379116366,0.9909202754187899,False,,,0,False,False
11,14,pixel_only,0.05173973081116609,0.628724180625421,True,0.051739730811837296,0.6287241806427255,16,True,True
11,14,rphi_only,0.051738282872542944,0.6278874037034355,True,0.051738282872871105,0.6278874037207411,16,True,True
11,14,z_only,0.6036495889679392,0.8454178269887923,False,0.204236160865489,0.8888518060706317,9,False,False
11,14,full,0.6016920651708662,0.8461908166190059,False,0.19440206015336076,0.8895422093337835,9,False,False
11,15,pixel_only,0.051776067747210656,0.6461309364136752,True,0.05177606774775461,0.6461309364136757,16,True,True
11,15,rphi_only,0.05177647304749558,0.6475811077633318,True,0.05177647304846836,0.6475811077703214,16,True,True
11,15,z_only,0.6174017128766557,0.6598601382435125,False,,,0,False,False
11,15,full,0.6237765408217439,0.6552703752817185,False,,,0,False,False
12,0,pixel_only,0.05177131597792917,1.6368286862176065,True,0.05177131597738019,1.6368286862176065,16,True,True
12,0,rphi_only,0.05177137780427175,1.6401781063344676,True,0.05177137780344827,1.6401781063344676,16,True,True
12,0,z_only,1.0920835317272872,1.6505899215620392,False,0.1974761789950939,1.219449089781504,13,False,False
12,0,full,1.0919138733717395,1.654024189243766,False,0.1963182589661466,1.2237154012351048,13,False,False
12,1,pixel_only,0.05107552169102353,0.6186596367175344,True,0.05107552169129842,0.6186596367175348,16,True,True
12,1,rphi_only,0.051093137520413674,0.623439921051624,True,0.05109313752111415,0.6234399210545071,16,True,True
12,1,z_only,0.6087957150636598,1.248559372790014,False,0.1898132553344816,1.6076868056915743,10,False,False
12,1,full,0.6133401168934353,1.2487137285285426,False,0.21346102824209795,1.6078291631438588,10,False,False
12,2,pixel_only,0.05175615583230785,0.6784951316863743,True,0.051756155832299144,0.678495131686356,16,True,True
12,2,rphi_only,0.05175693580600128,0.6857789231661062,True,0.05175693580604662,0.6857789231608092,16,True,True
12,2,z_only,0.5744174872736806,0.6857576851306528,False,0.3489141763872431,0.628159310550063,9,False,False
12,2,full,0.576153672280791,0.6915218097017398,False,0.34728079961834074,0.6348642349366576,9,False,False
12,3,pixel_only,0.0511242567672788,0.6017030450073345,True,0.05112425676700084,0.6017030450073345,16,True,True
12,3,rphi_only,0.05111737608170377,0.6017219228628362,True,0.05111737608173359,0.6017219228386508,16,True,True
12,3,z_only,0.6016470032881648,0.768143107832625,False,0.17003346024441682,0.9490528593301774,9,False,False
12,3,full,0.601637400720115,0.7681651089313976,False,0.23985901838075632,0.9399317432383387,11,False,False
12,4,pixel_only,0.0517774801522213,1.6336562455597636,True,0.05177748015169912,1.6336562455642183,16,True,True
12,4,rphi_only,0.051777491041026094,1.6354959503412878,True,0.05177749104052487,1.6354959503457374,16,True,True
12,4,z_only,1.034952482836546,1.6365636307900246,False,,,0,False,False
12,4,full,1.0349374634909334,1.6384093808468103,False,,,0,False,False
12,5,pixel_only,0.05176988682075039,0.7806915179459026,True,0.05176988682035931,0.780691517936578,16,True,True
12,5,rphi_only,0.051769982745225984,0.7866593671785753,True,0.051769982745375046,0.7866593671878138,16,True,True
12,5,z_only,0.6200093710241225,0.7828612941366101,False,,,0,False,False
12,5,full,0.6202575770103199,0.7886175761352249,False,,,0,False,False
12,6,pixel_only,0.051748793439293055,0.6887890978247417,True,0.05174879343980716,0.6887890978352873,16,True,True
12,6,rphi_only,0.05174904729437587,0.6845166670216482,True,0.05174904729519656,0.6845166670109595,16,True,True
12,6,z_only,0.5952565042733999,0.8527320311767294,False,0.320184394941082,0.7014931940986163,9,False,False
12,6,full,0.5941384912126242,0.850067528123932,False,0.30933994537382614,0.6983021849106879,9,False,False
12,7,pixel_only,0.05161407287966216,0.681303434622067,True,0.05161407287911056,0.6813034346181039,16,True,True
12,7,rphi_only,0.0516141916212094,0.6814396633990005,True,0.05161419162126576,0.6814396633975851,16,True,True
12,7,z_only,0.620722738150975,0.7662284481107973,False,0.31585863409012765,0.9279500578569385,9,False,False
12,7,full,0.6221862847800235,0.7651618777144514,False,0.3151155512694555,0.9269034024957438,9,False,False
12,8,pixel_only,0.051765788529092006,0.674148695683823,True,0.05176578852882123,0.6741486956838185,16,True,True
12,8,rphi_only,0.05176684765936846,0.6696983398063389,True,0.05176684765936846,0.6696983398063389,16,True,True
12,8,z_only,0.6694199146650169,1.0780332399263157,False,0.3249722216676339,1.3413978005636487,8,False,False
12,8,full,0.664198064205694,1.0784885484818054,False,0.29727149582530826,1.341170806705789,8,False,False
12,9,pixel_only,0.05153797459109027,0.7251921262586986,True,0.051537974590718856,0.7251921262562167,16,True,True
12,9,rphi_only,0.051529474768710885,0.721112361336043,True,0.051529474768785576,0.7211123613322696,16,True,True
12,9,z_only,0.6753970640290095,0.8025712061854513,False,0.3452400339286814,1.0473681781816064,9,False,False
12,9,full,0.6843060605887884,0.7912691054860177,False,0.3407522220233412,1.0395437729033024,9,False,False
12,10,pixel_only,0.05172282739129061,0.7552221742710121,True,0.051722827391233434,0.7552221742710277,16,True,True
12,10,rphi_only,0.051724489428854645,0.7586941413565212,True,0.05172448942897364,0.7586941413612942,16,True,True
12,10,z_only,0.4857976923440101,0.7639998443693838,False,,,0,False,False
12,10,full,0.4857913763550868,0.7674362037603015,False,,,0,False,False
12,11,pixel_only,0.05173958913355114,0.8122543034251503,True,0.05173958913313573,0.8122543034251412,16,True,True
12,11,rphi_only,0.05174023429827119,0.8153527043336283,True,0.05174023429855036,0.8153527043336312,16,True,True
12,11,z_only,0.6275620480730509,0.8125095052694673,False,,,0,False,False
12,11,full,0.627748132624743,0.8154637075761162,False,,,0,False,False
12,12,pixel_only,0.05176603568572386,0.7851509783974986,True,0.051766035685507604,0.785150978392675,16,True,True
12,12,rphi_only,0.051766740738418804,0.7921174724899626,True,0.05176674073841104,0.7921174724896934,16,True,True
12,12,z_only,0.6148576655396506,0.8291479191071549,False,0.29815542661326055,1.0243490493400143,8,False,False
12,12,full,0.6139655652375924,0.8364032165091344,False,0.27816402275635527,1.0684740925904521,7,False,False
12,13,pixel_only,0.05176559446735749,0.7929946613213913,True,0.051765594467093445,0.792994661321387,16,True,True
12,13,rphi_only,0.05176807468194554,0.8004746046531281,True,0.051768074682432774,0.8004746046531285,16,True,True
12,13,z_only,0.7888740126219,0.9009070282161874,False,,,0,False,False
12,13,full,0.7947380821594345,0.9023673241187062,False,,,0,False,False
12,14,pixel_only,0.05173973081116609,0.628724180625421,True,0.051739730811837296,0.6287241806427255,16,True,True
12,14,rphi_only,0.0517405452472494,0.6292400188731643,True,0.05174054524752355,0.6292400188731643,16,True,True
12,14,z_only,0.610665079883143,0.6528001508034852,False,0.23196951760565912,0.8245263343416969,9,False,False
12,14,full,0.6139523417959645,0.6502086850562672,False,0.2369075288354155,0.8235055780908628,9,False,False
12,15,pixel_only,0.051776067747210656,0.6461309364136752,True,0.05177606774775461,0.6461309364136757,16,True,True
12,15,rphi_only,0.051775732617097864,0.6459569948002007,True,0.05177573261804081,0.6459569948099984,16,True,True
12,15,z_only,0.6459424393755449,0.9662513619900794,False,,,0,False,False
12,15,full,0.6458668873216052,0.9661856271972993,False,,,0,False,False
13,0,pixel_only,0.05177131597792917,1.6368286862176065,True,0.05177131597738019,1.6368286862176065,16,True,True
13,0,rphi_only,0.05177144877635165,1.6442033290562974,True,0.051771448774979724,1.6442033290562825,16,True,True
13,0,z_only,0.39900311922038684,1.636999278912142,False,,,0,False,False
13,0,full,0.39883702064216947,1.644413688352278,False,,,0,False,False
13,1,pixel_only,0.05107552169102353,0.6186596367175344,True,0.05107552169129842,0.6186596367175348,16,True,True
13,1,rphi_only,0.05105958070271419,0.6179950412323321,True,0.05105958070164822,0.6179950412310274,16,True,True
13,1,z_only,0.6183150025931932,1.3882475486306327,False,0.22088159813747785,1.7912426286290892,10,False,False
13,1,full,0.6177793765448885,1.3881892833632807,False,0.21795267995825124,1.7911611603299293,10,False,False
13,2,pixel_only,0.05175615583230785,0.6784951316863743,True,0.051756155832299144,0.678495131686356,16,True,True
13,2,rphi_only,0.051758717834017635,0.6805177689857884,True,0.05175871783392038,0.6805177689697565,16,True,True
13,2,z_only,0.6627071836596288,0.7080318224583506,False,0.09597157485306451,0.8044066912304422,6,False,False
13,2,full,0.665713290361767,0.7071523495434169,False,0.09172630811953203,0.8026756410991958,6,False,False
13,3,pixel_only,0.0511242567672788,0.6017030450073345,True,0.05112425676700084,0.6017030450073345,16,True,True
13,3,rphi_only,0.0511247805496757,0.6067501966104784,True,0.0511247805497523,0.6067501966104784,16,True,True
13,3,z_only,0.5183869734530464,0.6089693668980954,False,0.2316231990291553,0.6466539724166607,11,False,False
13,3,full,0.5129465568187417,0.618509729958076,False,0.24328557976834803,0.6496629093092829,11,False,False
13,4,pixel_only,0.0517774801522213,1.6336562455597636,True,0.05177748015169912,1.6336562455642183,16,True,True
13,4,rphi_only,0.05177728718187712,1.6268127887769974,True,0.05177728718127466,1.6268127887814696,16,True,True
13,4,z_only,0.8619177415812718,1.6724578088961766,False,,,0,False,False
13,4,full,0.86210370044835,1.6656780575984556,False,,,0,False,False
13,5,pixel_only,0.05176988682075039,0.7806915179459026,True,0.05176988682035931,0.780691517936578,16,True,True
13,5,rphi_only,0.05176994800098401,0.7847173295116727,True,0.05176994800022953,0.784717329474584,16,True,True
13,5,z_only,0.5223485466977585,0.7811309131900233,False,,,0,False,False
13,5,full,0.5220648839817001,0.7853425097460796,False,,,0,False,False
13,6,pixel_only,0.051748793439293055,0.6887890978247417,True,0.05174879343980716,0.6887890978352873,16,True,True
13,6,rphi_only,0.05175033247167504,0.6940389899188566,True,0.051750332471942724,0.694038989903158,16,True,True
13,6,z_only,0.6824077761040689,0.9162025949392671,False,0.3349792186371739,1.0755752981123228,8,False,False
13,6,full,0.6876192634762519,0.9162683459301408,False,0.34433697100506777,1.0763147435085063,8,False,False
13,7,pixel_only,0.05161407287966216,0.681303434622067,True,0.05161407287911056,0.6813034346181039,16,True,True
13,7,rphi_only,0.05161439475940465,0.6807598687188692,True,0.05161439475870869,0.6807598687202223,16,True,True
13,7,z_only,0.5853111929745395,0.856580404329797,False,0.308684122522896,1.0256784741236435,10,False,False
13,7,full,0.5873041223348364,0.8547825235750564,False,0.31377203884896065,1.0246404206384874,10,False,False
13,8,pixel_only,0.051765788529092006,0.674148695683823,True,0.05176578852882123,0.6741486956838185,16,True,True
13,8,rphi_only,0.05176557040174923,0.6712236497109886,True,0.05176557040147473,0.6712236497110056,16,True,True
13,8,z_only,0.6209136942558482,0.7329493159850263,False,0.2599673534862205,0.5996858809681879,7,False,False
13,8,full,0.6250774459819189,0.7266990927511343,False,0.2750018135251455,0.5978360499958483,7,False,False
13,9,pixel_only,0.05153797459109027,0.7251921262586986,True,0.051537974590718856,0.7251921262562167,16,True,True
13,9,rphi_only,0.05154606973251438,0.7252848643794413,True,0.051546069731166703,0.7252848643707853,16,True,True
13,9,z_only,0.30757694462704427,0.7253504143286356,False,0.24981988945786004,0.4919213594561268,9,False,False
13,9,full,0.30771610733174815,0.7253845530616614,False,0.24905911105942236,0.49772556337409996,9,False,False
13,10,pixel_only,0.05172282739129061,0.7552221742710121,True,0.051722827391233434,0.7552221742710277,16,True,True
13,10,rphi_only,0.051720602522878134,0.7487468642670942,True,0.05172060252334474,0.748746864281604,16,True,True
13,10,z_only,0.7333849345192869,0.9083815415810244,False,,,0,False,False
13,10,full,0.7313732887966523,0.9046359868636547,False,,,0,False,False
13,11,pixel_only,0.05173958913355114,0.8122543034251503,True,0.05173958913313573,0.8122543034251412,16,True,True
13,11,rphi_only,0.05173579085786429,0.8116273926357901,True,0.051735790857788636,0.8116273926268242,16,True,True
13,11,z_only,0.646629896823487,0.9589432360690217,False,0.33611454556497683,1.1577298016346524,10,False,False
13,11,full,0.6531115617647797,0.9540061962986057,False,0.3338126441780218,1.1524176350222406,10,False,False
13,12,pixel_only,0.05176603568572386,0.7851509783974986,True,0.051766035685507604,0.785150978392675,16,True,True
13,12,rphi_only,0.051766795036317106,0.7917783893769113,True,0.051766795036597646,0.791778389377701,16,True,True
13,12,z_only,0.7330139901753934,1.1220385621243916,False,0.12725754075873252,1.656390950670956,7,False,False
13,12,full,0.731997496653907,1.1273464377340463,False,0.14162061690334368,1.663170330026102,7,False,False
13,13,pixel_only,0.05176559446735749,0.7929946613213913,True,0.051765594467093445,0.792994661321387,16,True,True
13,13,rphi_only,0.051764912591979184,0.8015055699927477,True,0.05176491259213498,0.8015055699745982,16,True,True
13,13,z_only,0.5987346951561024,0.8100571187970398,False,0.25798402021692235,0.8579178900908057,14,True,False
13,13,full,0.5938932572512221,0.8219105453977646,False,0.2552588100851656,0.8680015293280318,14,True,False
13,14,pixel_only,0.05173973081116609,0.628724180625421,True,0.051739730811837296,0.6287241806427255,16,True,True
13,14,rphi_only,0.05173631034810278,0.630420125726864,True,0.05173631034811584,0.630420125721016,16,True,True
13,14,z_only,0.6271281284232493,0.8810244487132034,False,0.28323124314281056,1.1331157059727026,10,False,False
13,14,full,0.6293384701563823,0.8806596792877731,False,0.25495528535161793,1.1226681443957083,9,False,False
13,15,pixel_only,0.051776067747210656,0.6461309364136752,True,0.05177606774775461,0.6461309364136757,16,True,True
13,15,rphi_only,0.051776964863569495,0.6526637174561283,True,0.051776964865332765,0.6526637174713793,16,True,True
13,15,z_only,0.6369282067326317,0.7155888612069408,False,,,0,False,False
13,15,full,0.6388878349544157,0.7197587282562697,False,,,0,False,False
14,0,pixel_only,0.05177131597792917,1.6368286862176065,True,0.05177131597738019,1.6368286862176065,16,True,True
14,0,rphi_only,0.051771371939309405,1.639818749767699,True,0.05177137193903491,1.639818749767699,16,True,True
14,0,z_only,0.5277824513823532,1.6810028332224594,False,0.36413925900948274,1.3846706507950746,12,False,False
14,0,full,0.5268121660907266,1.6842184666799798,False,0.3643801514793078,1.3881829490890165,12,False,False
14,1,pixel_only,0.05107552169102353,0.6186596367175344,True,0.05107552169129842,0.6186596367175348,16,True,True
14,1,rphi_only,0.05107117163305918,0.6187347740714251,True,0.05107117163362811,0.6187347740713882,16,True,True
14,1,z_only,0.4290694130279278,0.6189978677531757,False,0.1786562203475812,0.6401032070906548,14,True,False
14,1,full,0.4292793692767399,0.6189270380212253,False,0.17846039422736765,0.6402567283088743,14,True,False
14,2,pixel_only,0.05175615583230785,0.6784951316863743,True,0.051756155832299144,0.678495131686356,16,True,True
14,2,rphi_only,0.05175562588462748,0.667225830778641,True,0.05175562588517664,0.6672258307895852,16,True,True
14,2,z_only,0.6430912138644893,1.0463971696309222,False,0.3291881986637681,1.1248484862895407,8,False,False
14,2,full,0.6391956208338165,1.041526829577591,False,0.30425585858362314,1.1237356829770742,8,False,False
14,3,pixel_only,0.0511242567672788,0.6017030450073345,True,0.05112425676700084,0.6017030450073345,16,True,True
14,3,rphi_only,0.05113120890839296,0.6030271063082611,True,0.051131208907889955,0.6030271063082602,16,True,True
14,3,z_only,0.5475382596171833,0.6169155331756853,False,0.2260067131730458,0.6934830116784038,11,False,False
14,3,full,0.5462151121444463,0.6193768899764042,False,0.22917445598201314,0.6940888957987698,11,False,False
14,4,pixel_only,0.0517774801522213,1.6336562455597636,True,0.05177748015169912,1.6336562455642183,16,True,True
14,4,rphi_only,0.051777467295890514,1.6335708140082874,True,0.05177746729582316,1.6335708140038336,16,True,True
14,4,z_only,0.7339528465939988,1.6750691914242826,False,,,0,False,False
14,4,full,0.7320443166295653,1.6758214824938251,False,,,0,False,False
14,5,pixel_only,0.05176988682075039,0.7806915179459026,True,0.05176988682035931,0.780691517936578,16,True,True
14,5,rphi_only,0.051769441343190566,0.7802496211560745,True,0.05176944134301531,0.780249621156071,16,True,True
14,5,z_only,0.7498901145475859,1.1840909261106973,False,,,0,False,False
14,5,full,0.75064801462503,1.1833198694893903,False,,,0,False,False
14,6,pixel_only,0.051748793439293055,0.6887890978247417,True,0.05174879343980716,0.6887890978352873,16,True,True
14,6,rphi_only,0.051746713262483764,0.6869664337975537,True,0.05174671326247061,0.6869664337975345,16,True,True
14,6,z_only,0.649205737886938,1.040254161220834,False,0.20447192103701323,1.210208349789766,8,False,False
14,6,full,0.6482313294454578,1.0396564690858467,False,0.20306226532937907,1.208615799712871,8,False,False
14,7,pixel_only,0.05161407287966216,0.681303434622067,True,0.05161407287911056,0.6813034346181039,16,True,True
14,7,rphi_only,0.05162574141872896,0.6852000219447465,True,0.051625741416743136,0.6852000219262943,16,True,True
14,7,z_only,0.3377054658259123,0.6882433639197673,False,0.2370463256807761,0.5626127710442327,9,False,False
14,7,full,0.3386621942788943,0.6916341061149102,False,0.2586850807853699,0.5639823267964635,9,False,False
14,8,pixel_only,0.051765788529092006,0.674148695683823,True,0.05176578852882123,0.6741486956838185,16,True,True
14,8,rphi_only,0.05176680749278674,0.6717149115739975,True,0.051766807493610234,0.6717149115739975,16,True,True
14,8,z_only,0.5573410898126188,0.7317298338973658,False,0.20812982306407068,0.4677391053095316,7,False,False
14,8,full,0.5533143612719579,0.7325468180913676,False,0.20117329087501237,0.45663573427460497,7,False,False
14,9,pixel_only,0.05153797459109027,0.7251921262586986,True,0.051537974590718856,0.7251921262562167,16,True,True
14,9,rphi_only,0.05153250290511829,0.7265654374596774,True,0.05153250290476649,0.7265654374584686,16,True,True
14,9,z_only,0.3900504512451471,0.7252420589407335,False,0.19608157993635553,0.7061502487498983,14,True,False
14,9,full,0.3901660836851947,0.7265522794354609,False,0.1957339321019556,0.7120695134171514,14,True,False
14,10,pixel_only,0.05172282739129061,0.7552221742710121,True,0.051722827391233434,0.7552221742710277,16,True,True
14,10,rphi_only,0.051727982607114066,0.7559028249974656,True,0.051727982606798284,0.7559028249734032,16,True,True
14,10,z_only,0.31997201011537435,0.7677698348804155,False,0.31997201011566384,0.7677698348850331,16,True,True
14,10,full,0.3182338682230254,0.7691610832888268,False,0.31823386822094735,0.7691610832660218,16,True,True
14,11,pixel_only,0.05173958913355114,0.8122543034251503,True,0.05173958913313573,0.8122543034251412,16,True,True
14,11,rphi_only,0.05173631207628898,0.8222060927947019,True,0.05173631207607599,0.8222060927858512,16,True,True
14,11,z_only,0.6726305385291084,0.871626972950436,False,0.2918519010686857,0.8833398911326504,8,False,False
14,11,full,0.6813362221501916,0.8741917901569374,False,0.30135527330792417,0.882123534271718,8,False,False
14,12,pixel_only,0.05176603568572386,0.7851509783974986,True,0.051766035685507604,0.785150978392675,16,True,True
14,12,rphi_only,0.05176537464452972,0.7878057568790334,True,0.05176537464457729,0.7878057568429293,16,True,True
14,12,z_only,0.6744603824451769,0.8788761072718363,False,0.1519316014878927,1.3740048205801263,6,False,False
14,12,full,0.6706463671838545,0.8841549216622792,False,0.21514965228672167,1.2747680616061963,7,False,False
14,13,pixel_only,0.05176559446735749,0.7929946613213913,True,0.051765594467093445,0.792994661321387,16,True,True
14,13,rphi_only,0.051764388150294674,0.7868629717914952,True,0.05176438814999323,0.7868629717822392,16,True,True
14,13,z_only,0.7573286752490395,0.8795325681044892,False,,,0,False,False
14,13,full,0.7511429418800231,0.8793297950787825,False,,,0,False,False
14,14,pixel_only,0.05173973081116609,0.628724180625421,True,0.051739730811837296,0.6287241806427255,16,True,True
14,14,rphi_only,0.05173718965457961,0.6332422223826102,True,0.05173718965459966,0.6332422223883443,16,True,True
14,14,z_only,0.627803228316897,0.642216801706371,False,0.22653405293952922,0.8020418852645839,9,False,False
14,14,full,0.6268541085994649,0.647560012395468,False,0.23068471571526236,0.7989583167574902,9,False,False
14,15,pixel_only,0.051776067747210656,0.6461309364136752,True,0.05177606774775461,0.6461309364136757,16,True,True
14,15,rphi_only,0.05177538322317347,0.6499636798938428,True,0.051775383225423514,0.649963679907679,16,True,True
14,15,z_only,0.6460561387676307,0.6871099269046351,False,,,0,False,False
14,15,full,0.6499332291015151,0.6870680269429997,False,,,0,False,False
15,0,pixel_only,0.05177131597792917,1.6368286862176065,True,0.05177131597738019,1.6368286862176065,16,True,True
15,0,rphi_only,0.05177130248596253,1.6360983377706764,True,0.05177130248568798,1.636098337770685,16,True,True
15,0,z_only,0.7361238872992931,1.6675231006181663,False,,,0,False,False
15,0,full,0.7356278173701606,1.6670245335088634,False,,,0,False,False
15,1,pixel_only,0.05107552169102353,0.6186596367175344,True,0.05107552169129842,0.6186596367175348,16,True,True
15,1,rphi_only,0.051074508275907385,0.6181665743664713,True,0.05107450827708688,0.61816657436636,16,True,True
15,1,z_only,0.5915430633428668,0.9017806168903262,False,0.12881983116615572,1.1529262465015373,10,False,False
15,1,full,0.5939978690805996,0.8998266727872468,False,0.1383224580729159,1.151384110244483,10,False,False
15,2,pixel_only,0.05175615583230785,0.6784951316863743,True,0.051756155832299144,0.678495131686356,16,True,True
15,2,rphi_only,0.05175627968945035,0.6761619375547543,True,0.0517562796894884,0.6761619375386742,16,True,True
15,2,z_only,0.3951619836351069,0.6785464368804868,False,0.2970311363326359,0.5108245605782216,8,False,False
15,2,full,0.3952489249747839,0.6761628646870702,False,0.2902399496523568,0.5005558399514369,8,False,False
15,3,pixel_only,0.0511242567672788,0.6017030450073345,True,0.05112425676700084,0.6017030450073345,16,True,True
15,3,rphi_only,0.051108602090769006,0.6048051246270366,True,0.05110860209052357,0.6048051246270358,16,True,True
15,3,z_only,0.5380554183827719,0.6045141916418368,False,0.2366395234128154,0.6621904396059373,11,False,False
15,3,full,0.540379611562155,0.6055344841496973,False,0.2514768881695376,0.6614197894774503,11,False,False
15,4,pixel_only,0.0517774801522213,1.6336562455597636,True,0.05177748015169912,1.6336562455642183,16,True,True
15,4,rphi_only,0.05177748825663513,1.6372089991197873,True,0.051777488256311316,1.6372089991231205,16,True,True
15,4,z_only,0.6348011907485128,1.6595846464053352,False,,,0,False,False
15,4,full,0.633016750465675,1.6637617914340992,False,,,0,False,False
15,5,pixel_only,0.05176988682075039,0.7806915179459026,True,0.05176988682035931,0.780691517936578,16,True,True
15,5,rphi_only,0.0517697745314201,0.778251497790102,True,0.051769774531284424,0.778251497799445,16,True,True
15,5,z_only,0.6244529087653736,0.7895172060425272,False,,,0,False,False
15,5,full,0.6230023978783238,0.7882537593087663,False,,,0,False,False
15,6,pixel_only,0.051748793439293055,0.6887890978247417,True,0.05174879343980716,0.6887890978352873,16,True,True
15,6,rphi_only,0.05174869412746202,0.6981730860230679,True,0.05174869412786879,0.6981730860386735,16,True,True
15,6,z_only,0.6563498354036947,0.8314605213701202,False,0.22140602873774798,0.9958400073348346,8,False,False
15,6,full,0.6576195542702697,0.8382561613303262,False,0.18082927421879585,1.0079363470320557,7,False,False
15,7,pixel_only,0.05161407287966216,0.681303434622067,True,0.05161407287911056,0.6813034346181039,16,True,True
15,7,rphi_only,0.051623080392719956,0.6927341133953605,True,0.051623080392171325,0.6927341133914627,16,True,True
15,7,z_only,0.633094721623675,1.04526147716853,False,0.2798854763439993,0.9033038873969167,8,False,False
15,7,full,0.6417231773378226,1.0475113423855904,False,0.28417086761400917,0.9167852939304236,8,False,False
15,8,pixel_only,0.051765788529092006,0.674148695683823,True,0.05176578852882123,0.6741486956838185,16,True,True
15,8,rphi_only,0.05176431489970893,0.6820612433118587,True,0.05176431490025797,0.6820612433118587,16,True,True
15,8,z_only,0.4962023066798245,0.680989076373606,False,0.33421281773443745,0.6394679281464615,8,False,False
15,8,full,0.49707196491192024,0.6881952341818577,False,0.3605454147023375,0.6396896142280201,8,False,False
15,9,pixel_only,0.05153797459109027,0.7251921262586986,True,0.051537974590718856,0.7251921262562167,16,True,True
15,9,rphi_only,0.051538311566220796,0.7300463219105116,True,0.051538311565506575,0.730046321903086,16,True,True
15,9,z_only,0.6861328240443185,0.8394860574968056,False,0.3086885305345413,0.562784561628662,8,False,False
15,9,full,0.69155789988091,0.839241594884616,False,0.30412845501853353,0.5711560728613448,8,False,False
15,10,pixel_only,0.05172282739129061,0.7552221742710121,True,0.051722827391233434,0.7552221742710277,16,True,True
15,10,rphi_only,0.051720686898202535,0.7528822993140268,True,0.05172068689836565,0.7528822993237563,16,True,True
15,10,z_only,0.7176475769681329,1.0986249817162443,False,,,0,False,False
15,10,full,0.7122081052907492,1.1005573500440065,False,,,0,False,False
15,11,pixel_only,0.05173958913355114,0.8122543034251503,True,0.05173958913313573,0.8122543034251412,16,True,True
15,11,rphi_only,0.05174175013009434,0.8059603025148034,True,0.05174175013006529,0.8059603025057772,16,True,True
15,11,z_only,0.7526117812490496,0.8853233018502444,False,0.22804332759160606,0.5929632081455859,8,False,False
15,11,full,0.7494887161709352,0.882214781161579,False,0.2279190151446127,0.5945743984778172,8,False,False
15,12,pixel_only,0.05176603568572386,0.7851509783974986,True,0.051766035685507604,0.785150978392675,16,True,True
15,12,rphi_only,0.051767299069165544,0.7809680819771294,True,0.05176729906993583,0.7809680819698509,16,True,True
15,12,z_only,0.7612319878801488,0.8987779493698625,False,0.1453076936275209,1.6156695617158165,5,False,False
15,12,full,0.7609415922031708,0.8953731658032299,False,0.1713054646932927,1.6111854375247545,5,False,False
15,13,pixel_only,0.05176559446735749,0.7929946613213913,True,0.051765594467093445,0.792994661321387,16,True,True
15,13,rphi_only,0.05176524056846273,0.7916870162863386,True,0.05176524056846273,0.7916870162863386,16,True,True
15,13,z_only,0.7592855703438686,0.8894924581647206,False,,,0,False,False
15,13,full,0.7494290753258174,0.896657636113296,False,,,0,False,False
15,14,pixel_only,0.05173973081116609,0.628724180625421,True,0.051739730811837296,0.6287241806427255,16,True,True
15,14,rphi_only,0.05174058598152384,0.6310038955743391,True,0.05174058598157687,0.6310038955800937,16,True,True
15,14,z_only,0.6287012556277655,0.8980661172689812,False,0.23123591500066265,1.0798703966950214,9,False,False
15,14,full,0.6309365829007528,0.8980974528161081,False,0.24381477241694607,1.0708241066520043,9,False,False
15,15,pixel_only,0.051776067747210656,0.6461309364136752,True,0.05177606774775461,0.6461309364136757,16,True,True
15,15,rphi_only,0.05177590257486281,0.6525023318177704,True,0.05177590257531644,0.6525023318191518,16,True,True
15,15,z_only,0.6121195024871445,0.9054939609337411,False,0.309352032073702,1.0071868406277678,10,False,False
15,15,full,0.61100855001642,0.9107976866232745,False,0.3154750401279865,1.0124527651215305,10,False,False
16,0,pixel_only,0.05177131597792917,1.6368286862176065,True,0.05177131597738019,1.6368286862176065,16,True,True
16,0,rphi_only,0.05177141891512441,1.6424755575455323,True,0.05177141891539877,1.6424755575455212,16,True,True
16,0,z_only,1.0672707625467073,1.6373933732834423,False,,,0,False,False
16,0,full,1.0672880896243238,1.64302757519737,False,,,0,False,False
16,1,pixel_only,0.05107552169102353,0.6186596367175344,True,0.05107552169129842,0.6186596367175348,16,True,True
16,1,rphi_only,0.05107191529614404,0.6204430723408623,True,0.051071915296571554,0.6204430723394146,16,True,True
16,1,z_only,0.6046851387338915,0.8562622529078303,False,0.19352599131983617,1.0969494952508776,10,False,False
16,1,full,0.6084807197501854,0.8548625250800281,False,0.20731891555391174,1.0960583474651484,10,False,False
16,2,pixel_only,0.05175615583230785,0.6784951316863743,True,0.051756155832299144,0.678495131686356,16,True,True
16,2,rphi_only,0.05175669830637002,0.6753995285618214,True,0.05175669830658504,0.6753995285510279,16,True,True
16,2,z_only,0.6307327084556323,0.8574423527898745,False,0.2646140856120068,1.2123020516289003,8,False,False
16,2,full,0.630479688691511,0.8551817389928278,False,0.2803205583980118,1.2115678135985883,8,False,False
16,3,pixel_only,0.0511242567672788,0.6017030450073345,True,0.05112425676700084,0.6017030450073345,16,True,True
16,3,rphi_only,0.05111602294868832,0.6019442220589172,True,0.05111602294861966,0.6019442220105652,16,True,True
16,3,z_only,0.5916596274402531,0.7476673357375629,False,0.2224246367981309,0.9066263815723513,11,False,False
16,3,full,0.5922317825660236,0.7474078818501037,False,0.22453085000125633,0.9064781830306116,11,False,False
16,4,pixel_only,0.0517774801522213,1.6336562455597636,True,0.05177748015169912,1.6336562455642183,16,True,True
16,4,rphi_only,0.051777326824285645,1.6243047601145435,True,0.05177732682360277,1.624304760114543,16,True,True
16,4,z_only,1.0597762080500963,1.6607868988556105,False,,,0,False,False
16,4,full,1.0573760415441769,1.653125440273903,False,,,0,False,False
16,5,pixel_only,0.05176988682075039,0.7806915179459026,True,0.05176988682035931,0.780691517936578,16,True,True
16,5,rphi_only,0.05177002893034012,0.7712530671001994,True,0.051770028930125375,0.771253067100192,16,True,True
16,5,z_only,0.6866414927175839,0.9808561502956602,False,0.2307977551247215,0.9427575168444768,8,False,False
16,5,full,0.6810935640984237,0.9772501566796808,False,0.23938414394166,0.9241073484297652,8,False,False
16,6,pixel_only,0.051748793439293055,0.6887890978247417,True,0.05174879343980716,0.6887890978352873,16,True,True
16,6,rphi_only,0.0517486854133626,0.6905279097999114,True,0.05174868541351205,0.6905279097946327,16,True,True
16,6,z_only,0.6798202497194092,0.8227699922956573,False,0.34535031271166466,0.76064257286233,9,False,False
16,6,full,0.6837021991683088,0.821009175650919,False,0.34903876115981947,0.7605864596620524,9,False,False
16,7,pixel_only,0.05161407287966216,0.681303434622067,True,0.05161407287911056,0.6813034346181039,16,True,True
16,7,rphi_only,0.05162592412550822,0.6847304350095234,True,0.05162592412492062,0.6847304350055171,16,True,True
16,7,z_only,0.5717514670412159,0.7047566978303484,False,0.22781322266901216,0.7299483799670294,7,False,False
16,7,full,0.5700913658508567,0.7094087063391478,False,0.2234035376846611,0.7428234552350792,7,False,False
16,8,pixel_only,0.051765788529092006,0.674148695683823,True,0.05176578852882123,0.6741486956838185,16,True,True
16,8,rphi_only,0.05176800536950325,0.679035911018702,True,0.05176800536977775,0.679035911018702,16,True,True
16,8,z_only,0.5121765342424592,0.7182129806239016,False,0.222938849567781,0.8246258151265343,9,False,False
16,8,full,0.512447087914843,0.7226107594868839,False,0.2198652171176517,0.8275346415533931,9,False,False
16,9,pixel_only,0.05153797459109027,0.7251921262586986,True,0.051537974590718856,0.7251921262562167,16,True,True
16,9,rphi_only,0.051535391311857026,0.7207924342686992,True,0.05153539131174086,0.7207924342699775,16,True,True
16,9,z_only,0.7163266935791387,0.8255615011027363,False,0.3619475183569673,0.6836966429933127,8,False,False
16,9,full,0.7161997633659999,0.821810470401544,False,0.35893302720673564,0.691431038838647,8,False,False
16,10,pixel_only,0.05172282739129061,0.7552221742710121,True,0.051722827391233434,0.7552221742710277,16,True,True
16,10,rphi_only,0.051726668233297225,0.7572663331983495,True,0.05172666823352459,0.7572663331983498,16,True,True
16,10,z_only,0.45504130813745125,0.7590599601131771,False,0.2367320015744669,0.7919202737878616,13,False,False
16,10,full,0.4557668692226449,0.7606594722418275,False,0.2556237693240747,0.8144724401470423,14,True,False
16,11,pixel_only,0.05173958913355114,0.8122543034251503,True,0.05173958913313573,0.8122543034251412,16,True,True
16,11,rphi_only,0.051741396160717434,0.82085274815485,True,0.05174139616070755,0.8208527481371234,16,True,True
16,11,z_only,0.483720112064743,0.8204264240395159,False,0.3446409533580807,0.5385908639553215,8,False,False
16,11,full,0.482552309349513,0.8296210784445426,False,0.35268751897739686,0.5424017761136118,8,False,False
16,12,pixel_only,0.05176603568572386,0.7851509783974986,True,0.051766035685507604,0.785150978392675,16,True,True
16,12,rphi_only,0.051766810309801105,0.7865359662106778,True,0.051766810310065886,0.7865359662114185,16,True,True
16,12,z_only,0.611590748288867,0.7869330756500036,False,0.2434767053458259,0.9797513131671846,6,False,False
16,12,full,0.6125299910636689,0.7875855405010289,False,0.23344435362660027,0.9747748728462746,6,False,False
16,13,pixel_only,0.05176559446735749,0.7929946613213913,True,0.051765594467093445,0.792994661321387,16,True,True
16,13,rphi_only,0.05176587539306149,0.7871340783983447,True,0.051765875393115675,0.7871340783983366,16,True,True
16,13,z_only,0.7526575569495406,0.9171533773227095,False,,,0,False,False
16,13,full,0.7430474079530857,0.919937323356696,False,,,0,False,False
16,14,pixel_only,0.05173973081116609,0.628724180625421,True,0.051739730811837296,0.6287241806427255,16,True,True
16,14,rphi_only,0.05174251268948178,0.631716041552915,True,0.051742512690396016,0.6317160415470361,16,True,True
16,14,z_only,0.6285756464347856,1.3092862111089758,False,0.23565174032253006,1.538305148855077,9,False,False
16,14,full,0.6304347570704042,1.309832932221531,False,0.25375058599695166,1.540206513689385,9,False,False
16,15,pixel_only,0.051776067747210656,0.6461309364136752,True,0.05177606774775461,0.6461309364136757,16,True,True
16,15,rphi_only,0.05177600418841963,0.6427422870636845,True,0.05177600418914711,0.6427422870665205,16,True,True
16,15,z_only,0.6429364352866572,1.189226541789049,False,0.25452167720495145,0.9178637467776491,8,False,False
16,15,full,0.6395537068931605,1.1892143776017572,False,0.2488851290851108,0.9141679153709245,8,False,False
17,0,pixel_only,0.05177131597792917,1.6368286862176065,True,0.05177131597738019,1.6368286862176065,16,True,True
17,0,rphi_only,0.0517714410898863,1.643513661299276,True,0.05177144109016077,1.6435136612992691,16,True,True
17,0,z_only,0.5167085098093688,1.6437147611446572,False,,,0,False,False
17,0,full,0.5169610534250275,1.6502934171830148,False,,,0,False,False
17,1,pixel_only,0.05107552169102353,0.6186596367175344,True,0.05107552169129842,0.6186596367175348,16,True,True
17,1,rphi_only,0.051069145540027915,0.6206838912246649,True,0.051069145542269476,0.6206838912377318,16,True,True
17,1,z_only,0.6174017481924551,0.9686511190829169,False,0.21758138530286172,1.249418656661616,10,False,False
17,1,full,0.6196551406462998,0.968506823253227,False,0.22741534923249043,1.2492779330699095,10,False,False
17,2,pixel_only,0.05175615583230785,0.6784951316863743,True,0.051756155832299144,0.678495131686356,16,True,True
17,2,rphi_only,0.051756624838250956,0.6809068697046194,True,0.051756624838669225,0.6809068696993028,16,True,True
17,2,z_only,0.6774648141331808,1.0559486730693692,False,0.2850522379351226,0.5887188059968333,7,False,False
17,2,full,0.6798073019865034,1.0559960109902593,False,0.2778323441116775,0.5948383733024145,7,False,False
17,3,pixel_only,0.0511242567672788,0.6017030450073345,True,0.05112425676700084,0.6017030450073345,16,True,True
17,3,rphi_only,0.05111605123782324,0.6008552185908059,True,0.05111605123842605,0.6008552185908054,16,True,True
17,3,z_only,0.6014094300233352,0.753589823440869,False,0.23954302909531763,0.9186870278716321,11,False,False
17,3,full,0.6003108545808948,0.7537886379920382,False,0.23669326960797732,0.9186861614352829,11,False,False
17,4,pixel_only,0.0517774801522213,1.6336562455597636,True,0.05177748015169912,1.6336562455642183,16,True,True
17,4,rphi_only,0.05177750597735173,1.6363803284770366,True,0.05177750597686739,1.6363803284725902,16,True,True
17,4,z_only,0.6640111383770728,1.7357424586001653,False,0.2251703884554669,1.1838343988861433,12,False,False
17,4,full,0.6645876372603641,1.7380852064611139,False,0.22722926711563252,1.179335747138281,12,False,False
17,5,pixel_only,0.05176988682075039,0.7806915179459026,True,0.05176988682035931,0.780691517936578,16,True,True
17,5,rphi_only,0.05176995194453927,0.7849088651302419,True,0.051769951943878685,0.7849088651302273,16,True,True
17,5,z_only,0.7320011943218238,1.0887177761624185,False,,,0,False,False
17,5,full,0.7414638199574991,1.0853419693630906,False,,,0,False,False
17,6,pixel_only,0.051748793439293055,0.6887890978247417,True,0.05174879343980716,0.6887890978352873,16,True,True
17,6,rphi_only,0.051748765222137165,0.692324898182238,True,0.0517487652221677,0.6923248981718231,16,True,True
17,6,z_only,0.6310100529630103,0.7689233496609337,False,0.2857231457969282,1.0612871878956913,8,False,False
17,6,full,0.634063908655052,0.7695865075042452,False,0.28850848256513306,1.0608224125997552,8,False,False
17,7,pixel_only,0.05161407287966216,0.681303434622067,True,0.05161407287911056,0.6813034346181039,16,True,True
17,7,rphi_only,0.05162155091910371,0.6847920209218233,True,0.0516215509187963,0.6847920209138753,16,True,True
17,7,z_only,0.6727709080420424,0.8082609562354051,False,,,0,False,False
17,7,full,0.6747012621382352,0.8096002507868462,False,,,0,False,False
17,8,pixel_only,0.051765788529092006,0.674148695683823,True,0.05176578852882123,0.6741486956838185,16,True,True
17,8,rphi_only,0.051766171894874195,0.6833706231754508,True,0.051766171894874195,0.6833706231754508,16,True,True
17,8,z_only,0.612104682794961,0.9839340335756693,False,0.19173978758701005,1.3220496413290173,9,False,False
17,8,full,0.6055558494724248,0.9942942110450187,False,0.2428686225093211,1.2563190008253642,10,False,False
17,9,pixel_only,0.05153797459109027,0.7251921262586986,True,0.051537974590718856,0.7251921262562167,16,True,True
17,9,rphi_only,0.05153519527968846,0.7237706380717437,True,0.05153519527931662,0.7237706380692569,16,True,True
17,9,z_only,0.723805770459285,0.7697447861476024,False,0.33065330448340774,0.8392748974284008,8,False,False
17,9,full,0.7228514447703583,0.7693031574109618,False,0.33667033725936857,0.8346908763303018,8,False,False
17,10,pixel_only,0.05172282739129061,0.7552221742710121,True,0.051722827391233434,0.7552221742710277,16,True,True
17,10,rphi_only,0.051724337571880774,0.7529892612218371,True,0.05172433757200876,0.7529892612266775,16,True,True
17,10,z_only,0.6338130352521982,1.0964699367799031,False,0.3141920893088606,1.4440325924706232,8,False,False
17,10,full,0.6325564579303578,1.0956597509655508,False,0.3125234539198373,1.4423887496056538,8,False,False
17,11,pixel_only,0.05173958913355114,0.8122543034251503,True,0.05173958913313573,0.8122543034251412,16,True,True
17,11,rphi_only,0.05174165938605092,0.818524196617437,True,0.05174165938616699,0.8185241966085417,16,True,True
17,11,z_only,0.7469628375632601,1.490377078782536,False,,,0,False,False
17,11,full,0.7518706951779357,1.4913392621431583,False,,,0,False,False
17,12,pixel_only,0.05176603568572386,0.7851509783974986,True,0.051766035685507604,0.785150978392675,16,True,True
17,12,rphi_only,0.05176556277864868,0.7850748781620422,True,0.05176556277882589,0.7850748781653638,16,True,True
17,12,z_only,0.7725839468897058,0.9102011781862276,False,0.26870264964472856,1.6293891537321294,5,False,False
17,12,full,0.7718999649706819,0.9107160310993742,False,0.24830426372368405,1.6311321127815623,5,False,False
17,13,pixel_only,0.05176559446735749,0.7929946613213913,True,0.051765594467093445,0.792994661321387,16,True,True
17,13,rphi_only,0.051760942848232905,0.7807303452582783,True,0.05176094284823291,0.7807303452582784,16,True,True
17,13,z_only,0.7260054253861062,0.7936038946706269,False,0.258735234315077,0.8286096595347299,12,False,False
17,13,full,0.7261371837133168,0.7812268092532207,False,0.2588158452671392,0.8139088864235429,12,False,False
17,14,pixel_only,0.05173973081116609,0.628724180625421,True,0.051739730811837296,0.6287241806427255,16,True,True
17,14,rphi_only,0.05174318463512851,0.6275308588002795,True,0.051743184635746474,0.6275308588118748,16,True,True
17,14,z_only,0.5892215793151403,0.6321231420501866,False,0.2838111342370604,0.761912629405984,10,False,False
17,14,full,0.5881557696930081,0.6319302431435826,False,0.28061604956981356,0.762216147912269,10,False,False
17,15,pixel_only,0.051776067747210656,0.6461309364136752,True,0.05177606774775461,0.6461309364136757,16,True,True
17,15,rphi_only,0.051776586278461496,0.6440811172660516,True,0.051776586278797325,0.644081117261792,16,True,True
17,15,z_only,0.6297473020700672,1.1010607534829724,False,0.2276829838852455,0.5977319144291481,9,False,False
17,15,full,0.6281936425116215,1.1007472743382125,False,0.23016349037380165,0.5928043466190664,9,False,False
18,0,pixel_only,0.05177131597792917,1.6368286862176065,True,0.05177131597738019,1.6368286862176065,16,True,True
18,0,rphi_only,0.05177144675367016,1.6440068804026509,True,0.05177144675339567,1.6440068804026509,16,True,True
18,0,z_only,0.838858246769017,1.6378077431591471,False,0.3337792066913896,1.6681085691394464,7,False,False
18,0,full,0.8386064154391173,1.6451102757354237,False,0.3306137513802728,1.6828393721201487,7,False,False
18,1,pixel_only,0.05107552169102353,0.6186596367175344,True,0.05107552169129842,0.6186596367175348,16,True,True
18,1,rphi_only,0.05106928819036054,0.6201883447435662,True,0.051069288191277915,0.620188344747913,16,True,True
18,1,z_only,0.61812557135481,0.7820150465206437,False,0.22052167749373583,1.0079394326173736,10,False,False
18,1,full,0.620119830720733,0.781646592499848,False,0.22892565004742707,1.0075627502705211,10,False,False
18,2,pixel_only,0.05175615583230785,0.6784951316863743,True,0.051756155832299144,0.678495131686356,16,True,True
18,2,rphi_only,0.05175545724760603,0.6845222488384267,True,0.05175545724743687,0.6845222488330839,16,True,True
18,2,z_only,0.6283623406994273,0.8470671899526453,False,0.32271984869015485,0.985465110743729,9,False,False
18,2,full,0.6335764268732483,0.8480315945941567,False,0.3181928193754881,0.9925839349912722,9,False,False
18,3,pixel_only,0.0511242567672788,0.6017030450073345,True,0.05112425676700084,0.6017030450073345,16,True,True
18,3,rphi_only,0.051119391513879994,0.6012548833099871,True,0.051119391513676934,0.6012548833099848,16,True,True
18,3,z_only,0.5946435564509839,0.7093620803828337,False,0.22961963426233128,0.8605705763498956,11,False,False
18,3,full,0.5947202164554166,0.7089172766803684,False,0.22880606711600435,0.8603783169935415,11,False,False
18,4,pixel_only,0.0517774801522213,1.6336562455597636,True,0.05177748015169912,1.6336562455642183,16,True,True
18,4,rphi_only,0.05177728125484556,1.6231045997813083,True,0.051777281255020915,1.6231045997813085,16,True,True
18,4,z_only,0.7721596420641571,1.7069680822998374,False,0.40027644080865976,1.8479426401192571,7,False,False
18,4,full,0.7728268336205628,1.6965689384434521,False,0.39709841357388886,1.8410564430957925,7,False,False
18,5,pixel_only,0.05176988682075039,0.7806915179459026,True,0.05176988682035931,0.780691517936578,16,True,True
18,5,rphi_only,0.05176983939728465,0.7655506713614407,True,0.051769839397206474,0.7655506713519351,16,True,True
18,5,z_only,0.6680944098546778,0.9827165857183034,False,0.28349168914382383,1.169404661634159,8,False,False
18,5,full,0.6627308834385224,0.9744005923643485,False,0.2775299825544525,1.1530615198679044,8,False,False
18,6,pixel_only,0.051748793439293055,0.6887890978247417,True,0.05174879343980716,0.6887890978352873,16,True,True
18,6,rphi_only,0.05174957268963478,0.6882222709837778,True,0.05174957268981153,0.6882222709890934,16,True,True
18,6,z_only,0.682947725175102,1.0296433401525582,False,0.2716974116751822,1.4725867751230861,7,False,False
18,6,full,0.6813030558091887,1.0303538331492585,False,0.2720007413315419,1.474160024482948,7,False,False
18,7,pixel_only,0.05161407287966216,0.681303434622067,True,0.05161407287911056,0.6813034346181039,16,True,True
18,7,rphi_only,0.05161254796946094,0.6750851316049151,True,0.051612547970290905,0.6750851316088509,16,True,True
18,7,z_only,0.6789141870131513,0.8886527152631408,False,,,0,False,False
18,7,full,0.6709228669058394,0.8899750013296976,False,,,0,False,False
18,8,pixel_only,0.051765788529092006,0.674148695683823,True,0.05176578852882123,0.6741486956838185,16,True,True
18,8,rphi_only,0.051766092312848885,0.6691178635970522,True,0.05176609231339789,0.6691178635970522,16,True,True
18,8,z_only,0.6221950344429361,0.7808644640584526,False,0.289913769250997,1.0099612656059895,9,False,False
18,8,full,0.6232290512865881,0.7756960161058202,False,0.27956698890786985,1.0066012382513105,9,False,False
18,9,pixel_only,0.05153797459109027,0.7251921262586986,True,0.051537974590718856,0.7251921262562167,16,True,True
18,9,rphi_only,0.05152616227773317,0.7229965694920173,True,0.05152616227697494,0.7229965694896177,16,True,True
18,9,z_only,0.6181843381382386,0.9429801721268993,False,0.29518123872850693,1.1727467236251259,10,False,False
18,9,full,0.6173568003375552,0.9418347572123383,False,0.2908692250248428,1.1717343592729939,10,False,False
18,10,pixel_only,0.05172282739129061,0.7552221742710121,True,0.051722827391233434,0.7552221742710277,16,True,True
18,10,rphi_only,0.05172280217580833,0.7574132102308883,True,0.0517228021762631,0.7574132102308885,16,True,True
18,10,z_only,0.7288769567315823,1.0216856201769795,False,,,0,False,False
18,10,full,0.7301132010510896,1.022424406921604,False,,,0,False,False
18,11,pixel_only,0.05173958913355114,0.8122543034251503,True,0.05173958913313573,0.8122543034251412,16,True,True
18,11,rphi_only,0.05173810557575562,0.7997791923908206,True,0.05173810557564182,0.7997791923908145,16,True,True
18,11,z_only,0.8050654934246807,0.880178538832692,False,0.3575536746270663,1.0337060556070752,8,False,False
18,11,full,0.7937809990250544,0.8790020652243543,False,0.35628417109237714,0.9780262573112359,9,False,False
18,12,pixel_only,0.05176603568572386,0.7851509783974986,True,0.051766035685507604,0.785150978392675,16,True,True
18,12,rphi_only,0.051766433927969396,0.7853709775169736,True,0.05176643392841932,0.7853709775115091,16,True,True
18,12,z_only,0.7818826817288422,1.292477506418024,False,0.15414887932749025,2.372262004632317,4,False,False
18,12,full,0.7826702695712879,1.2921346835650034,False,0.1159303186914563,2.37363067817171,4,False,False
18,13,pixel_only,0.05176559446735749,0.7929946613213913,True,0.051765594467093445,0.792994661321387,16,True,True
18,13,rphi_only,0.05176433292801226,0.7903613587244215,True,0.051764332928235665,0.7903613587244175,16,True,True
18,13,z_only,0.7623465620365791,0.8509210831590309,False,,,0,False,False
18,13,full,0.7579774022205743,0.8523733446598077,False,,,0,False,False
18,14,pixel_only,0.05173973081116609,0.628724180625421,True,0.051739730811837296,0.6287241806427255,16,True,True
18,14,rphi_only,0.051742103738596286,0.6333509740113277,True,0.05174210373817132,0.6333509740170173,16,True,True
18,14,z_only,0.6267545900553737,0.8908965016455497,False,0.2310298750133996,1.1411683930875958,9,False,False
18,14,full,0.631481647749924,0.8908355386069714,False,0.231571012200515,1.1420846125876785,9,False,False
18,15,pixel_only,0.051776067747210656,0.6461309364136752,True,0.05177606774775461,0.6461309364136757,16,True,True
18,15,rphi_only,0.051775877307377545,0.639693165104643,True,0.05177587730744439,0.6396931651004167,16,True,True
18,15,z_only,0.6190838862720326,0.835318907824575,False,0.32571447170505313,1.0616869670466655,10,False,False
18,15,full,0.6187847256678457,0.830572047102542,False,0.31401535039915585,1.0587090862050053,10,False,False
19,0,pixel_only,0.05177131597792917,1.6368286862176065,True,0.05177131597738019,1.6368286862176065,16,True,True
19,0,rphi_only,0.05177125644113124,1.6337765934923953,True,0.051771256438661005,1.6337765934924022,16,True,True
19,0,z_only,0.7896730599194951,1.6994339685061157,False,0.3909795366242814,1.5829570296928885,7,False,False
19,0,full,0.7869012033201375,1.6977824956067455,False,0.3859084124120211,1.6036818495355527,7,False,False
19,1,pixel_only,0.05107552169102353,0.6186596367175344,True,0.05107552169129842,0.6186596367175348,16,True,True
19,1,rphi_only,0.05107055585369323,0.6163980114876573,True,0.051070555853738424,0.6163980114817521,16,True,True
19,1,z_only,0.6044044846386099,1.310401152792479,False,0.16837185436925933,1.6887786344570124,10,False,False
19,1,full,0.6028365485045939,1.3100575093861175,False,0.15759750451059745,1.688440951892727,10,False,False
19,2,pixel_only,0.05175615583230785,0.6784951316863743,True,0.051756155832299144,0.678495131686356,16,True,True
19,2,rphi_only,0.05175644913154338,0.6806978792280644,True,0.051756449131593836,0.6806978792120548,16,True,True
19,2,z_only,0.6783725587505995,0.683146944107693,False,0.32333856384598514,0.8929903774104448,7,False,False
19,2,full,0.6786542339545044,0.6850556988651062,False,0.3179350586571652,0.8958770998360737,7,False,False
19,3,pixel_only,0.0511242567672788,0.6017030450073345,True,0.05112425676700084,0.6017030450073345,16,True,True
19,3,rphi_only,0.0511250447092842,0.6012128628583944,True,0.0511250447090964,0.6012128628704947,16,True,True
19,3,z_only,0.6015965147611542,0.8809621800866699,False,0.23939797116888104,1.077247209181693,11,False,False
19,3,full,0.601011260258918,0.8810270555473037,False,0.23736945532151255,1.0772617996414338,11,False,False
19,4,pixel_only,0.0517774801522213,1.6336562455597636,True,0.05177748015169912,1.6336562455642183,16,True,True
19,4,rphi_only,0.05177750850982309,1.6334928252233065,True,0.05177750850983592,1.6334928252233065,16,True,True
19,4,z_only,0.7269843481620722,1.6753488031724226,False,0.30022567466267797,1.7390300593745158,8,False,False
19,4,full,0.7295945029981488,1.674053318392288,False,0.3007771658441749,1.7303431484767984,8,False,False
19,5,pixel_only,0.05176988682075039,0.7806915179459026,True,0.05176988682035931,0.780691517936578,16,True,True
19,5,rphi_only,0.0517697433358733,0.7888304722680426,True,0.0517697433354986,0.7888304722588246,16,True,True
19,5,z_only,0.7806475413068882,0.8632582419289015,False,,,0,False,False
19,5,full,0.7887999815185303,0.8632460532674046,False,,,0,False,False
19,6,pixel_only,0.051748793439293055,0.6887890978247417,True,0.05174879343980716,0.6887890978352873,16,True,True
19,6,rphi_only,0.05174871755217541,0.6868780563870708,True,0.051748717552758304,0.6868780563871288,16,True,True
19,6,z_only,0.5478551904113785,0.6965985499299591,False,0.3078490624304144,0.8168585985476078,8,False,False
19,6,full,0.5504123817685289,0.6926847101715305,False,0.30797173042532433,0.8134441067246747,8,False,False
19,7,pixel_only,0.05161407287966216,0.681303434622067,True,0.05161407287911056,0.6813034346181039,16,True,True
19,7,rphi_only,0.05159957871210663,0.6801748681020926,True,0.051599578711889665,0.6801748680940911,16,True,True
19,7,z_only,0.42537995017800195,0.7115422639543956,False,0.2556195652628233,0.7035960314671139,14,True,False
19,7,full,0.42797246307530756,0.7089018941450982,False,0.25599187899600445,0.7026748500556935,14,True,False
19,8,pixel_only,0.051765788529092006,0.674148695683823,True,0.05176578852882123,0.6741486956838185,16,True,True
19,8,rphi_only,0.051764918441445984,0.6797388843918719,True,0.05176491844062922,0.6797388843918839,16,True,True
19,8,z_only,0.6475239050492994,0.7666503429351486,False,0.30845881081578297,1.0202083142195504,9,False,False
19,8,full,0.6465369349268086,0.7723980192240515,False,0.3243668033116875,1.023127766578266,9,False,False
19,9,pixel_only,0.05153797459109027,0.7251921262586986,True,0.051537974590718856,0.7251921262562167,16,True,True
19,9,rphi_only,0.0515438127917512,0.7304553896458249,True,0.05154381279101043,0.7304553896408967,16,True,True
19,9,z_only,0.7237368390261365,0.8255141569554311,False,0.27041887360388406,0.9853703245851568,8,False,False
19,9,full,0.7255048592621037,0.8285966596658507,False,0.2917014785394155,0.9362087084136679,9,False,False
19,10,pixel_only,0.05172282739129061,0.7552221742710121,True,0.051722827391233434,0.7552221742710277,16,True,True
19,10,rphi_only,0.05172198115260127,0.7587037381131407,True,0.051721981152473215,0.7587037381083366,16,True,True
19,10,z_only,0.7274161219032306,0.9454411460357971,False,0.2839772124822918,1.0610967439996863,9,False,False
19,10,full,0.7267849890751484,0.9487080479576441,False,0.2853403132263267,1.0656385449665273,9,False,False
19,11,pixel_only,0.05173958913355114,0.8122543034251503,True,0.05173958913313573,0.8122543034251412,16,True,True
19,11,rphi_only,0.05174038125400276,0.8141528157573149,True,0.05174038125462728,0.8141528157573239,16,True,True
19,11,z_only,0.7238344116184139,1.014426725708204,False,0.22895522849250954,1.2535615472717083,10,False,False
19,11,full,0.7274377725449416,1.013370502589866,False,0.23852598795465532,1.2520848805868983,10,False,False
19,12,pixel_only,0.05176603568572386,0.7851509783974986,True,0.051766035685507604,0.785150978392675,16,True,True
19,12,rphi_only,0.05176573133913648,0.7888143551021063,True,0.05176573133850363,0.7888143550991698,16,True,True
19,12,z_only,0.7840954824570835,0.818524754506198,False,0.24708821619441698,1.1008953056672706,6,False,False
19,12,full,0.7888073834714717,0.8175191009830557,False,0.27353207315345235,1.0967701357304054,6,False,False
19,13,pixel_only,0.05176559446735749,0.7929946613213913,True,0.051765594467093445,0.792994661321387,16,True,True
19,13,rphi_only,0.051764093685562645,0.7931307553270157,True,0.051764093686227586,0.7931307553270239,16,True,True
19,13,z_only,0.5508435409492705,0.8200414178295193,False,,,0,False,False
19,13,full,0.5515434322684485,0.8197027809200901,False,,,0,False,False
19,14,pixel_only,0.05173973081116609,0.628724180625421,True,0.051739730811837296,0.6287241806427255,16,True,True
19,14,rphi_only,0.05173740849261195,0.6278319630277185,True,0.05173740849302379,0.6278319630334802,16,True,True
19,14,z_only,0.6180782784497619,1.155416124909161,False,0.21485530894713925,1.272479060017171,9,False,False
19,14,full,0.6203954400650513,1.1536881249133297,False,0.20867181498211196,1.2711801130863511,9,False,False
19,15,pixel_only,0.051776067747210656,0.6461309364136752,True,0.05177606774775461,0.6461309364136757,16,True,True
19,15,rphi_only,0.05177638346907988,0.6469784251038134,True,0.05177638346945328,0.6469784251052066,16,True,True
19,15,z_only,0.5957588299366174,0.8397730423958524,False,0.3141193400949881,1.00403090662873,11,False,False
19,15,full,0.5871935535170758,0.8464318770161493,False,0.3009919447357915,1.0089211587887033,11,False,False
