trial,event,mode,sigma_z_mm,direct_delta_s,direct_delta_w,found,delta_s,delta_w,accepted_hits,coverage_all8,coverage_7double
0,0,z_sigma,0.0,0.05177131597783616,1.6368286862175891,True,0.05177131597701268,1.6368286862175891,16,True,True
0,0,z_sigma,0.1,0.09741658469375072,1.6368338135330056,True,0.09741658469346152,1.6368338135330054,16,True,True
0,0,z_sigma,0.25,0.21161352921165627,1.636861160776445,False,0.18636683591167072,1.436639355237881,15,True,True
0,0,z_sigma,0.5,0.4128503539753308,1.636965085597771,False,,,0,False,False
0,0,z_sigma,0.58,0.4778039555382884,1.6370165539909234,False,,,0,False,False
0,0,z_sigma,1.16,0.9501437129719564,1.6378651858984974,False,,,0,False,False
0,1,z_sigma,0.0,0.05107552169098705,0.6186596367145552,True,0.05107552169124374,0.6186596367130658,16,True,True
0,1,z_sigma,0.1,0.06409282799541137,0.6186227544474586,True,0.06409282799604737,0.6186227544458988,16,True,True
0,1,z_sigma,0.25,0.11061904162123944,0.6186019993711237,False,0.11061904162122835,0.6186019993696344,16,True,True
0,1,z_sigma,0.5,0.20360588983389685,0.618666913437007,False,0.1930204978831225,0.28130058971903066,10,False,False
0,1,z_sigma,0.58,0.2343834349367833,0.6187195962197523,False,0.19999340309412006,0.31467077466565396,10,False,False
0,1,z_sigma,1.16,0.46003655661888754,0.6203087935022232,False,0.20998924361077972,0.5995694798905215,10,False,False
0,2,z_sigma,0.0,0.05175615583218509,0.6784951316917281,True,0.05175615583217639,0.6784951316917098,16,True,True
0,2,z_sigma,0.1,0.0892941147748501,0.6791273844822966,True,0.08929411477453461,0.6791273844876551,16,True,True
0,2,z_sigma,0.25,0.19023650214516877,0.6825431188833792,False,0.19023650214521448,0.6825431188993171,16,True,True
0,2,z_sigma,0.5,0.3625711620655602,0.6988650514534781,False,0.2594587981345597,0.6059778526765087,11,False,False
0,2,z_sigma,0.58,0.41354437058953825,0.7093616272611261,False,0.27623148167210065,0.6632108634358571,11,False,False
0,2,z_sigma,1.16,0.5997006123491496,0.9746135850290983,False,0.27501249002858347,1.2315864781376429,10,False,False
0,3,z_sigma,0.0,0.051124256767248216,0.6017030450315198,True,0.051124256767237176,0.6017030450194274,16,True,True
0,3,z_sigma,0.1,0.0991908948025153,0.6016696032829637,True,0.09919089480268796,0.6016696032829593,16,True,True
0,3,z_sigma,0.25,0.21594933799896893,0.6016474169532239,False,0.0774334983440529,0.641588304677273,14,True,False
0,3,z_sigma,0.5,0.42086317081540797,0.6017277936007912,False,0.11560593213775214,0.6418140757947116,14,True,False
0,3,z_sigma,0.58,0.486875285990622,0.6018632869982176,False,0.1290166371333324,0.6419062396163024,14,True,False
0,3,z_sigma,1.16,0.601263163897281,0.9688478504845262,False,0.15762127188012412,0.34936294544931407,9,False,False
0,4,z_sigma,0.0,0.051777480152047285,1.633656245555259,True,0.051777480151379826,1.6336562455597112,16,True,True
0,4,z_sigma,0.1,0.10042498389820793,1.633940694546906,False,0.10042498397063082,1.6339406945469073,16,True,True
0,4,z_sigma,0.25,0.2197239388797818,1.6354540317839432,False,0.1219822200310933,1.3944785721510733,14,True,False
0,4,z_sigma,0.5,0.4277904960209919,1.6412165740929445,False,0.22265716455717602,1.395244535014288,14,True,False
0,4,z_sigma,0.58,0.49430183256932797,1.6440762670600568,False,0.25591612941853936,1.395610770823108,14,True,False
0,4,z_sigma,1.16,0.9566580919454657,1.6904525897138998,False,,,0,False,False
0,5,z_sigma,0.0,0.05176988682016089,0.7806915179459066,True,0.05176988682022458,0.780691517936567,16,True,True
0,5,z_sigma,0.1,0.07385193734125538,0.7807377430378163,True,0.07385193734130331,0.7807377430378157,16,True,True
0,5,z_sigma,0.25,0.14561346577990636,0.7809965775327685,False,0.14561346577987763,0.7809965775234565,16,True,True
0,5,z_sigma,0.5,0.2795801383427373,0.7820541793339293,False,0.26211485711950067,0.7674758017635284,14,True,False
0,5,z_sigma,0.58,0.32311046019943823,0.7826221077779963,False,0.30103574247699294,0.6686454362778426,11,False,False
0,5,z_sigma,1.16,0.6297921392599456,0.7989005603983105,False,0.3719931331518248,0.9686915095279444,8,False,False
0,6,z_sigma,0.0,0.05174879343968676,0.6887890978405597,True,0.05174879343993141,0.688789097851163,16,True,True
0,6,z_sigma,0.1,0.10800945788809321,0.6891497870678996,False,0.10800945788846081,0.6891497870837205,16,True,True
0,6,z_sigma,0.25,0.24229329364805174,0.6911700502458789,False,0.24229329364860056,0.691170050256233,16,True,True
0,6,z_sigma,0.5,0.46793380699775744,0.7038775839600093,False,0.3563579308020515,0.6725430741341307,10,False,False
0,6,z_sigma,0.58,0.5330368722109153,0.7157480500228984,False,0.36401363580730645,0.7638797426422645,10,False,False
0,6,z_sigma,1.16,0.6636018914391435,1.1463427553729926,False,0.35652206045594875,1.5617544792961304,9,False,False
0,7,z_sigma,0.0,0.05161407287939999,0.6813034346247401,True,0.05161407287867292,0.6813034346154303,16,True,True
0,7,z_sigma,0.1,0.07339724972732838,0.681361440257521,True,0.07198026718555615,0.6954332104514523,15,True,True
0,7,z_sigma,0.25,0.14014853251352016,0.6820012166747402,False,0.13449236299548958,0.6907284710288687,14,True,False
0,7,z_sigma,0.5,0.26453510368423133,0.684930073299026,False,0.19169720891417474,0.5029477018466565,10,False,False
0,7,z_sigma,0.58,0.30463948081070685,0.6865727790739318,False,0.12527599398735795,0.5437826280599648,9,False,False
0,7,z_sigma,1.16,0.5627208295103129,0.73543929955325,False,0.15519201503046604,0.8697815642415148,9,False,False
0,8,z_sigma,0.0,0.051765788529637285,0.674148695683822,True,0.051765788529637285,0.674148695683822,16,True,True
0,8,z_sigma,0.1,0.06988727481466617,0.6741513448418675,True,0.06988727481466617,0.6741513448418675,16,True,True
0,8,z_sigma,0.25,0.12941478853884134,0.6741886066776053,False,0.12941478853884134,0.6741886066776053,16,True,True
0,8,z_sigma,0.5,0.24354463337510174,0.6743593409498254,False,0.16387603579117335,0.6920435984447385,15,True,True
0,8,z_sigma,0.58,0.2809584471345258,0.6744535367461574,False,0.1877957012298895,0.6925963086322384,15,True,True
0,8,z_sigma,1.16,0.553097260664937,0.6774326020918863,False,0.3006592106313416,0.5724912049764012,10,False,False
0,9,z_sigma,0.0,0.0515379745920921,0.7251921262686257,True,0.05153797459217674,0.7251921262686557,16,True,True
0,9,z_sigma,0.1,0.09214468463028516,0.7253627730970251,True,0.09214468462974695,0.725362773094587,16,True,True
0,9,z_sigma,0.25,0.19760309896522904,0.7260169844096706,False,0.19760309896508294,0.7260169844085295,16,True,True
0,9,z_sigma,0.5,0.3834753176489108,0.7288968844684988,False,,,0,False,False
0,9,z_sigma,0.58,0.4426518897619474,0.7307962343430965,False,,,0,False,False
0,9,z_sigma,1.16,0.7026316164546121,0.9161421678330567,False,,,0,False,False
0,10,z_sigma,0.0,0.05172282739177839,0.7552221742710277,True,0.05172282739100029,0.7552221742758225,16,True,True
0,10,z_sigma,0.1,0.06354601881672138,0.7552616200592256,True,0.0635460188164998,0.7552616200592629,16,True,True
0,10,z_sigma,0.25,0.10383157812291208,0.7554028600188952,False,0.10383157812265097,0.7554028600237097,16,True,True
0,10,z_sigma,0.5,0.18577505683420967,0.7558809200017383,False,0.18577505683404943,0.7558809200161779,16,True,True
0,10,z_sigma,0.58,0.21304518582944654,0.7561086687441829,False,0.18082843874065715,0.7779621874201191,15,True,True
0,10,z_sigma,1.16,0.4131719180685183,0.7595722098303616,False,,,0,False,False
0,11,z_sigma,0.0,0.05173958913396772,0.8122543034251536,True,0.05173958913355114,0.8122543034251503,16,True,True
0,11,z_sigma,0.1,0.0710595408090483,0.812346372986494,True,0.07105954080909505,0.8123463730133649,16,True,True
0,11,z_sigma,0.25,0.12777775311618644,0.8127493821396474,False,0.12777775311620643,0.8127493821485965,16,True,True
0,11,z_sigma,0.5,0.23565226523891655,0.8142330586689654,False,0.1849942216496229,0.770065092673026,14,True,False
0,11,z_sigma,0.58,0.27089197365111656,0.8149722206062965,False,0.2508582079389806,0.8041461296873174,15,True,True
0,11,z_sigma,1.16,0.5225492735885902,0.8281459821823824,False,,,0,False,False
0,12,z_sigma,0.0,0.051766035685234496,0.7851509784076885,True,0.0517660356852425,0.7851509784078605,16,True,True
0,12,z_sigma,0.1,0.06589552075785218,0.785210231409929,True,0.06589552075788103,0.7852102314107796,16,True,True
0,12,z_sigma,0.25,0.11209710638337644,0.7855542395743509,False,0.11209710638367909,0.7855542395852593,16,True,True
0,12,z_sigma,0.5,0.20354678220357578,0.7868826825154539,False,0.14040257966764907,0.7930369230345969,15,True,True
0,12,z_sigma,0.58,0.2336964693215664,0.787542256626798,False,0.15962147024556358,0.7931020747918947,15,True,True
0,12,z_sigma,1.16,0.45099417760974136,0.7981989912241056,False,0.2752580455310048,0.8003830179695902,7,False,False
0,13,z_sigma,0.0,0.05176559446733529,0.7929946613030388,True,0.05176559446733529,0.7929946613030388,16,True,True
0,13,z_sigma,0.1,0.07364020526844264,0.7931636229731931,True,0.07364020526844264,0.7931636229731931,16,True,True
0,13,z_sigma,0.25,0.13973217666518145,0.7939487659746206,False,0.1397321766652705,0.793948765974635,16,True,True
0,13,z_sigma,0.5,0.2630571980577989,0.7969596389258079,False,0.2630571980578521,0.7969596389258081,16,True,True
0,13,z_sigma,0.58,0.30294142769324467,0.7985135285874554,False,,,0,False,False
0,13,z_sigma,1.16,0.5750874074145003,0.8311865945909661,False,,,0,False,False
0,14,z_sigma,0.0,0.05173973081117219,0.6287241806253988,True,0.051739730811837296,0.6287241806427255,16,True,True
0,14,z_sigma,0.1,0.09235202984511974,0.6289399002043224,True,0.09235202984515645,0.6289399002159025,16,True,True
0,14,z_sigma,0.25,0.19924702543200412,0.6304264876566253,False,0.1441215510983317,0.6596906192183819,13,False,False
0,14,z_sigma,0.5,0.3842558411300626,0.6388884726280504,False,0.2144190937058972,0.550208552841286,10,False,False
0,14,z_sigma,0.58,0.44030664612072007,0.6455541959784374,False,0.218308953413839,0.6263735648826451,10,False,False
0,14,z_sigma,1.16,0.599840559674124,0.9442041925097571,False,0.22636641836278312,1.2065157824809014,10,False,False
0,15,z_sigma,0.0,0.05177606774741734,0.6461309364178907,True,0.05177606774775461,0.6461309364136757,16,True,True
0,15,z_sigma,0.1,0.07071874572749876,0.6462853951620258,True,0.07071874572766497,0.6462853951619875,16,True,True
0,15,z_sigma,0.25,0.12845963479720285,0.6471731715357926,False,0.12845963479707095,0.6471731715329989,16,True,True
0,15,z_sigma,0.5,0.2376914655654997,0.6508223396093136,False,0.24506998665441657,0.562082347367946,14,False,True
0,15,z_sigma,0.58,0.27295367716215707,0.6527794378598087,False,0.2395425566914335,0.461667831888796,12,False,False
0,15,z_sigma,1.16,0.5010467349157421,0.6993911960466113,False,0.2810941308598638,0.7402933023948065,11,False,False
1,0,z_sigma,0.0,0.05177131597783616,1.6368286862175891,True,0.05177131597701268,1.6368286862175891,16,True,True
1,0,z_sigma,0.1,0.07646812451209464,1.6368661803930737,True,0.07646812451116548,1.6368661803930737,16,True,True
1,0,z_sigma,0.25,0.1503629660673592,1.6370644894471937,False,0.13538095438560044,1.4363884853251085,15,True,True
1,0,z_sigma,0.5,0.2872451844209741,1.6377934449465181,False,0.23950164954704167,1.408242227794518,14,True,False
1,0,z_sigma,0.58,0.3317947780514287,1.6381406627359671,False,0.2749602436238659,1.411806661049295,14,True,False
1,0,z_sigma,1.16,0.6559696932669226,1.6428153000017927,False,,,0,False,False
1,1,z_sigma,0.0,0.05107552169098705,0.6186596367145552,True,0.05107552169124374,0.6186596367130658,16,True,True
1,1,z_sigma,0.1,0.0887372920150536,0.618747351695431,True,0.08873729201505667,0.6187473516939817,16,True,True
1,1,z_sigma,0.25,0.19232289730004604,0.6189799920287606,False,0.19875510268667826,0.6171094889663903,15,True,True
1,1,z_sigma,0.5,0.37639304270563734,0.6199726606521904,False,0.21565429561020902,0.48964150625175545,10,False,False
1,1,z_sigma,0.58,0.43546947565310373,0.6207427089332358,False,0.21589020725432279,0.5666417093668973,10,False,False
1,1,z_sigma,1.16,0.6152357820461101,0.8769099636843919,False,0.21616586077900926,1.1282081242082846,10,False,False
1,2,z_sigma,0.0,0.05175615583218509,0.6784951316917281,True,0.05175615583217639,0.6784951316917098,16,True,True
1,2,z_sigma,0.1,0.07240984125917331,0.6784954324331037,True,0.0724098412592663,0.6784954324544945,16,True,True
1,2,z_sigma,0.25,0.14091123113216975,0.678508038298079,False,0.14091123113224843,0.6785080383141082,16,True,True
1,2,z_sigma,0.5,0.2700169918744518,0.6785704468005368,False,0.21699547791708831,0.6961517305440006,15,True,True
1,2,z_sigma,0.58,0.31217906778717047,0.678606621885529,False,0.15009054433378669,0.7512253641336486,13,False,False
1,2,z_sigma,1.16,0.6188004327189357,0.68077434071006,False,0.2834264827894256,0.7543991220687215,13,False,False
1,3,z_sigma,0.0,0.051124256767248216,0.6017030450315198,True,0.051124256767237176,0.6017030450194274,16,True,True
1,3,z_sigma,0.1,0.0922151981529933,0.6016961639444347,True,0.09221519815331954,0.6016961639807098,16,True,True
1,3,z_sigma,0.25,0.20297682212633217,0.6016894415843962,False,0.19414629317322793,0.25369113293176027,10,False,False
1,3,z_sigma,0.5,0.3991566416229399,0.6016882233885666,False,0.2213899648924334,0.43276761517321227,10,False,False
1,3,z_sigma,0.58,0.46251771142404574,0.6016938614027121,False,0.2220688783843356,0.4990372014709478,10,False,False
1,3,z_sigma,1.16,0.6016458785757028,0.9238685198153014,False,0.2227605380830182,0.9876514652266597,10,False,False
1,4,z_sigma,0.0,0.051777480152047285,1.633656245555259,True,0.051777480151379826,1.6336562455597112,16,True,True
1,4,z_sigma,0.1,0.09231125895808077,1.633848514088246,True,0.0923112589580852,1.6338485140882457,16,True,True
1,4,z_sigma,0.25,0.19795930660795288,1.6348673946561436,False,0.12300448435531247,1.3949324547601873,14,True,False
1,4,z_sigma,0.5,0.3848273607849881,1.6386984451815039,False,0.23005610686152161,1.3969524732599383,14,True,False
1,4,z_sigma,0.58,0.4448720735931533,1.640572769530744,False,0.26531791054627657,1.3979035837855545,14,True,False
1,4,z_sigma,1.16,0.8702106240595375,1.6690916119425023,False,,,0,False,False
1,5,z_sigma,0.0,0.05176988682016089,0.7806915179459066,True,0.05176988682022458,0.780691517936567,16,True,True
1,5,z_sigma,0.1,0.08483172262587547,0.7807488212297176,True,0.08483172262586344,0.7807488212204005,16,True,True
1,5,z_sigma,0.25,0.17366778807047648,0.7810546423136349,False,0.17366778807063912,0.7810546423135818,16,True,True
1,5,z_sigma,0.5,0.3335692707366952,0.782364878845884,False,0.30296737909876464,0.7829067659033713,15,True,True
1,5,z_sigma,0.58,0.385142514399036,0.7831201554044781,False,0.3484591924087439,0.7855763661153924,15,True,True
1,5,z_sigma,1.16,0.7211778223546527,0.8291975616524615,False,,,0,False,False
1,6,z_sigma,0.0,0.05174879343968676,0.6887890978405597,True,0.05174879343993141,0.688789097851163,16,True,True
1,6,z_sigma,0.1,0.08470583445573543,0.6888420275333741,True,0.08470583445599494,0.6888420275491989,16,True,True
1,6,z_sigma,0.25,0.177870408295825,0.6890959864357579,False,0.14248994343412139,0.7069145689394704,15,True,True
1,6,z_sigma,0.5,0.3453859542929155,0.6902483833039763,False,0.2719633967068898,0.7102440842227443,15,True,True
1,6,z_sigma,0.58,0.3993387682236539,0.69098739984877,False,0.2590090317498873,0.5424014461648673,8,False,False
1,6,z_sigma,1.16,0.6743278590336879,0.8150185796376724,False,0.2955793999458823,0.9499804374761676,8,False,False
1,7,z_sigma,0.0,0.05161407287939999,0.6813034346247401,True,0.05161407287867292,0.6813034346154303,16,True,True
1,7,z_sigma,0.1,0.07819171173490395,0.6813230933176584,True,0.07819171173414367,0.6813230932990293,16,True,True
1,7,z_sigma,0.25,0.15695167859215067,0.681683696157928,False,0.1569516785919928,0.6816836961432501,16,True,True
1,7,z_sigma,0.5,0.30108126424418635,0.6834862296255548,False,0.20683415022164336,0.7022948165448126,15,True,True
1,7,z_sigma,0.58,0.34754192017531266,0.6845755679304507,False,0.20629931880294863,0.724441179853082,14,True,False
1,7,z_sigma,1.16,0.6300920699600098,0.7500316609136566,False,,,0,False,False
1,8,z_sigma,0.0,0.051765788529637285,0.674148695683822,True,0.051765788529637285,0.674148695683822,16,True,True
1,8,z_sigma,0.1,0.0699002438311045,0.6743212483680334,True,0.06990024383151071,0.6743212483680335,16,True,True
1,8,z_sigma,0.25,0.13360073387941024,0.6753694023991563,False,0.16113669972163638,0.7938714588936173,10,False,False
1,8,z_sigma,0.5,0.25386059548922973,0.6797625474175377,False,0.03681731109757944,0.6048250915857166,5,False,False
1,8,z_sigma,0.58,0.2924932034923376,0.6821532458375574,False,0.08385197006946774,0.6016883543275618,6,False,False
1,8,z_sigma,1.16,0.5348995545224225,0.7421896378316989,False,0.07966457860406034,1.0732964040082253,6,False,False
1,9,z_sigma,0.0,0.0515379745920921,0.7251921262686257,True,0.05153797459217674,0.7251921262686557,16,True,True
1,9,z_sigma,0.1,0.08734840578079207,0.7254493832003773,True,0.0873484057804736,0.7254493831979442,16,True,True
1,9,z_sigma,0.25,0.18412662875095598,0.7264887698193666,False,0.1841266287510914,0.7264887698193213,16,True,True
1,9,z_sigma,0.5,0.3556063952320925,0.7309128814115649,False,0.29685322001386183,0.6105993706053756,11,False,False
1,9,z_sigma,0.58,0.4099533081980343,0.733634918147704,False,0.287177426929272,0.5969980921579725,8,False,False
1,9,z_sigma,1.16,0.6779910306304546,0.8825390687758135,False,0.33452007525738264,1.011898118417111,8,False,False
1,10,z_sigma,0.0,0.05172282739177839,0.7552221742710277,True,0.05172282739100029,0.7552221742758225,16,True,True
1,10,z_sigma,0.1,0.06997604253065895,0.7552200692311768,True,0.06997604253034768,0.7552200692311768,16,True,True
1,10,z_sigma,0.25,0.12562876020744235,0.7552184536709401,False,0.1256287602072938,0.7552184536564441,16,True,True
1,10,z_sigma,0.5,0.23252638219162367,0.7552200721321053,False,0.23252638219166183,0.7552200721369318,16,True,True
1,10,z_sigma,0.58,0.267651379640848,0.7552219135833005,False,0.26765137964082814,0.755221913588127,16,True,True
1,10,z_sigma,1.16,0.5254261346031809,0.7552769117719283,False,,,0,False,False
1,11,z_sigma,0.0,0.05173958913396772,0.8122543034251536,True,0.05173958913355114,0.8122543034251503,16,True,True
1,11,z_sigma,0.1,0.0877527913959707,0.8124036594813565,True,0.08775279139625403,0.8124036594813641,16,True,True
1,11,z_sigma,0.25,0.18332043380489885,0.8133795633945399,False,0.18332043380549165,0.8133795634212424,16,True,True
1,11,z_sigma,0.5,0.35292216714236724,0.8177452822042277,False,0.2909042480065591,0.7522795555184005,13,False,False
1,11,z_sigma,0.58,0.4068889079945931,0.8202915295379515,False,0.3730632295419787,0.4727802637474605,8,False,False
1,11,z_sigma,1.16,0.7202652181008775,0.9204228501060886,False,,,0,False,False
1,12,z_sigma,0.0,0.051766035685234496,0.7851509784076885,True,0.0517660356852425,0.7851509784078605,16,True,True
1,12,z_sigma,0.1,0.09041560852309434,0.78539417028183,True,0.0904156085232939,0.7853941702884525,16,True,True
1,12,z_sigma,0.25,0.18978562889713946,0.7866886996205623,False,0.18978562889667022,0.7866886996049002,16,True,True
1,12,z_sigma,0.5,0.3645940273277034,0.7924218478857914,False,0.29467440954345286,0.6529968817865905,8,False,False
1,12,z_sigma,0.58,0.41977432909163864,0.7958556495400259,False,0.30814186759890677,0.7222574981436785,8,False,False
1,12,z_sigma,1.16,0.7086071740040114,0.9358335542190084,False,0.29837877093227094,1.4110393605741405,7,False,False
1,13,z_sigma,0.0,0.05176559446733529,0.7929946613030388,True,0.05176559446733529,0.7929946613030388,16,True,True
1,13,z_sigma,0.1,0.097989612868568,0.7931250421891128,True,0.0979896128685768,0.7931250421891132,16,True,True
1,13,z_sigma,0.25,0.2136364001906848,0.794004403794259,False,0.21363640019083885,0.7940044038125629,16,True,True
1,13,z_sigma,0.5,0.41516305106941076,0.7983869471805304,False,0.2196220096043353,0.8831733105460527,12,False,False
1,13,z_sigma,0.58,0.47882746251507713,0.8013209448356554,False,0.25165779095218027,0.8831732465115917,12,False,False
1,13,z_sigma,1.16,0.7571170817614367,1.008859487360907,False,,,0,False,False
1,14,z_sigma,0.0,0.05173973081117219,0.6287241806253988,True,0.051739730811837296,0.6287241806427255,16,True,True
1,14,z_sigma,0.1,0.06481686906951481,0.6287217022112135,True,0.06481686906907394,0.6287217022228081,16,True,True
1,14,z_sigma,0.25,0.1180621595796,0.6287421721526755,False,0.10430269847218882,0.6393793767402536,15,True,True
1,14,z_sigma,0.5,0.223657384045242,0.6288535508309557,False,0.19798426066291896,0.6517917534418067,14,False,True
1,14,z_sigma,0.58,0.2584614682878741,0.6289168778119885,False,0.15280101958561498,0.34433221986058843,8,False,False
1,14,z_sigma,1.16,0.5127187338364447,0.6309347536812172,False,0.16724638141276166,0.6266584233218463,8,False,False
1,15,z_sigma,0.0,0.05177606774741734,0.6461309364178907,True,0.05177606774775461,0.6461309364136757,16,True,True
1,15,z_sigma,0.1,0.07318080858459276,0.6461332565467622,True,0.07318080858459448,0.6461332565439749,16,True,True
1,15,z_sigma,0.25,0.13868979823774458,0.6461541057700896,False,0.13868979823770936,0.6461541057644875,16,True,True
1,15,z_sigma,0.5,0.2620346011272622,0.6462491638545415,False,0.24668039332584166,0.6628878812387746,15,True,True
1,15,z_sigma,0.58,0.3023412402089413,0.6463035814213672,False,,,0,False,False
1,15,z_sigma,1.16,0.5943778283043417,0.6497851756212217,False,,,0,False,False
2,0,z_sigma,0.0,0.05177131597783616,1.6368286862175891,True,0.05177131597701268,1.6368286862175891,16,True,True
2,0,z_sigma,0.1,0.09046420485174789,1.6372671175890179,True,0.09046420485144845,1.637267117589019,16,True,True
2,0,z_sigma,0.25,0.1940266081852162,1.639597495205387,False,0.13921866876383782,1.2301965819453933,14,False,True
2,0,z_sigma,0.5,0.37675791442423284,1.6483286954205163,False,0.2627115046545381,1.2322714122797238,14,False,True
2,0,z_sigma,0.58,0.4350596715146789,1.6525769455050663,False,,,0,False,False
2,0,z_sigma,1.16,0.8354376406563174,1.714533653467667,False,,,0,False,False
2,1,z_sigma,0.0,0.05107552169098705,0.6186596367145552,True,0.05107552169124374,0.6186596367130658,16,True,True
2,1,z_sigma,0.1,0.08187343762787655,0.6186021886032146,True,0.0818734376277046,0.6186021886032144,16,True,True
2,1,z_sigma,0.25,0.1662444909254792,0.618715673509091,False,0.16919261184726175,0.6171791167005661,15,True,True
2,1,z_sigma,0.5,0.3188655970479823,0.6196768749857365,False,0.18853500263053724,0.42742577411048516,10,False,False
2,1,z_sigma,0.58,0.3680720063675313,0.620369504902567,False,0.19113870948954384,0.48934620672234397,10,False,False
2,1,z_sigma,1.16,0.6061189873685134,0.7468356565564175,False,0.19650033135658937,0.9549713346856273,10,False,False
2,2,z_sigma,0.0,0.05175615583218509,0.6784951316917281,True,0.05175615583217639,0.6784951316917098,16,True,True
2,2,z_sigma,0.1,0.08432495438504466,0.6786058318475943,True,0.08432495438538191,0.6786058318635956,16,True,True
2,2,z_sigma,0.25,0.17778578440851261,0.6792983100378074,False,0.17778578440860332,0.6792983100377649,16,True,True
2,2,z_sigma,0.5,0.34490326081374556,0.6826405432180411,False,0.206751369788208,0.6993921337431062,14,True,False
2,2,z_sigma,0.58,0.398069687177921,0.6848182769573511,False,0.2379025849151074,0.6993930036100734,14,True,False
2,2,z_sigma,1.16,0.6462729074550371,0.8409989155150704,False,0.33653767311750277,1.0155425217716127,8,False,False
2,3,z_sigma,0.0,0.051124256767248216,0.6017030450315198,True,0.051124256767237176,0.6017030450194274,16,True,True
2,3,z_sigma,0.1,0.07003518120862891,0.6017329652071546,True,0.07003518120881182,0.6017329652192465,16,True,True
2,3,z_sigma,0.25,0.12886007948373218,0.6017937624273806,False,0.1288600794837983,0.6017937624273859,16,True,True
2,3,z_sigma,0.5,0.24106550863011864,0.6019599407442483,False,0.22793237230494667,0.30222545345878793,11,False,False
2,3,z_sigma,0.58,0.27783432631807703,0.6020410655897633,False,0.2315796794086951,0.34408523133144275,11,False,False
2,3,z_sigma,1.16,0.5441875678441505,0.6058703090142309,False,0.23582354913719483,0.6718727142056331,11,False,False
2,4,z_sigma,0.0,0.051777480152047285,1.633656245555259,True,0.051777480151379826,1.6336562455597112,16,True,True
2,4,z_sigma,0.1,0.07108838487252309,1.6336562748256318,True,0.07108838487256057,1.633656274821177,16,True,True
2,4,z_sigma,0.25,0.13710839109026837,1.6336563887339004,False,0.13710839109254536,1.6336563887339002,16,True,True
2,4,z_sigma,0.5,0.2624342070281144,1.6336567740312748,False,0.10373556374423874,1.4485594353554159,14,True,False
2,4,z_sigma,0.58,0.3034251063596949,1.6336569527278222,False,0.11735017573676892,1.4507160515479804,14,True,False
2,4,z_sigma,1.16,0.6035141152897872,1.63365926380048,False,0.22149198583435492,1.4760920875256582,14,True,False
2,5,z_sigma,0.0,0.05176988682016089,0.7806915179459066,True,0.05176988682022458,0.780691517936567,16,True,True
2,5,z_sigma,0.1,0.07093595624138126,0.7806924679201938,True,0.07093595624138492,0.7806924679388199,16,True,True
2,5,z_sigma,0.25,0.1339585740818431,0.7806965812097256,False,0.13395857408183937,0.780696581209708,16,True,True
2,5,z_sigma,0.5,0.2539533659128144,0.7807120483111384,False,0.15968406137500873,0.8068727638685912,15,True,True
2,5,z_sigma,0.58,0.2932461175727035,0.780719997552014,False,0.1826135220495769,0.8068817299355737,15,True,True
2,5,z_sigma,1.16,0.5809764517580168,0.7809040335730416,False,,,0,False,False
2,6,z_sigma,0.0,0.05174879343968676,0.6887890978405597,True,0.05174879343993141,0.688789097851163,16,True,True
2,6,z_sigma,0.1,0.0855465207239445,0.6892974564207881,True,0.08554652072335131,0.6892974564261798,16,True,True
2,6,z_sigma,0.25,0.1780563624570003,0.6919941605643597,False,0.17805636245531029,0.691994160549021,16,True,True
2,6,z_sigma,0.5,0.33924782047864305,0.7042167061530379,False,0.2546889692743046,0.5845001046745698,11,False,False
2,6,z_sigma,0.58,0.3883659643356261,0.711671534392825,False,0.27401760306801126,0.6331530598200698,11,False,False
2,6,z_sigma,1.16,0.6007013931619531,0.9150267028266761,False,0.28384712118969085,1.1425172828242882,10,False,False
2,7,z_sigma,0.0,0.05161407287939999,0.6813034346247401,True,0.05161407287867292,0.6813034346154303,16,True,True
2,7,z_sigma,0.1,0.08379076139934756,0.68133120727315,True,0.08379076139931292,0.6813312072638475,16,True,True
2,7,z_sigma,0.25,0.1749843125669752,0.6814082773636769,False,0.13493127582958006,0.6953357031064482,15,True,True
2,7,z_sigma,0.5,0.33965655573783277,0.681695060555715,False,0.2492444607956226,0.6907455677531961,14,True,False
2,7,z_sigma,0.58,0.3929627081005885,0.6818697030270715,False,0.2712638149132369,0.46590544135512185,9,False,False
2,7,z_sigma,1.16,0.6774600826610768,0.7873790206529291,False,0.2776343828450258,0.6956829974031747,7,False,False
2,8,z_sigma,0.0,0.051765788529637285,0.674148695683822,True,0.051765788529637285,0.674148695683822,16,True,True
2,8,z_sigma,0.1,0.0639274616838074,0.6741476772537569,True,0.06392746168425197,0.674147677253757,16,True,True
2,8,z_sigma,0.25,0.11030609827355675,0.6741506454257512,False,0.11030609827342942,0.6741506454257362,16,True,True
2,8,z_sigma,0.5,0.2038483708667873,0.674169091394999,False,0.20384837086671767,0.6741690913950368,16,True,True
2,8,z_sigma,0.58,0.2348605527099032,0.6741793862115569,False,0.2348605527099032,0.6741793862115569,16,True,True
2,8,z_sigma,1.16,0.46326147505872606,0.6744011230671325,False,0.3542559459963404,0.6127909009818923,9,False,False
2,9,z_sigma,0.0,0.0515379745920921,0.7251921262686257,True,0.05153797459217674,0.7251921262686557,16,True,True
2,9,z_sigma,0.1,0.09200833158328088,0.7252037583765123,True,0.0920083315834992,0.725203758378993,16,True,True
2,9,z_sigma,0.25,0.19340259914919275,0.7252296721675962,False,0.13998563433079625,0.7307657280295848,15,True,True
2,9,z_sigma,0.5,0.3735467013957517,0.7253154791334178,False,0.20451732548608112,0.705927360646401,14,True,False
2,9,z_sigma,0.58,0.4317753698408779,0.7253669797872989,False,0.23461652702267638,0.7059446438834485,14,True,False
2,9,z_sigma,1.16,0.7243410465680138,0.8573008074677574,False,,,0,False,False
2,10,z_sigma,0.0,0.05172282739177839,0.7552221742710277,True,0.05172282739100029,0.7552221742758225,16,True,True
2,10,z_sigma,0.1,0.07687534845462031,0.7553075984001564,True,0.07687534845455722,0.7553075984049815,16,True,True
2,10,z_sigma,0.25,0.14634310999826197,0.7559439758976118,False,0.14634310999801345,0.7559439759024613,16,True,True
2,10,z_sigma,0.5,0.27420834617346423,0.7586724159168067,False,0.274208346172909,0.7586724159122286,16,True,True
2,10,z_sigma,0.58,0.31546394861302773,0.7601496876309907,False,0.31546394861362875,0.7601496876450943,16,True,True
2,10,z_sigma,1.16,0.5918534156990959,0.7976703394468752,False,,,0,False,False
2,11,z_sigma,0.0,0.05173958913396772,0.8122543034251536,True,0.05173958913355114,0.8122543034251503,16,True,True
2,11,z_sigma,0.1,0.11656291443005795,0.8122803270294288,False,0.11656291443021881,0.8122803270383806,16,True,True
2,11,z_sigma,0.25,0.26364878147043996,0.8125119994296451,False,,,0,False,False
2,11,z_sigma,0.5,0.5170152683817867,0.8139627893466869,False,,,0,False,False
2,11,z_sigma,0.58,0.5977343975756407,0.8152731321764922,False,,,0,False,False
2,11,z_sigma,1.16,0.8073938992474442,1.2020220092045262,False,,,0,False,False
2,12,z_sigma,0.0,0.051766035685234496,0.7851509784076885,True,0.0517660356852425,0.7851509784078605,16,True,True
2,12,z_sigma,0.1,0.07961484354281431,0.7851531947189483,True,0.07961484354299651,0.7851531946976633,16,True,True
2,12,z_sigma,0.25,0.15902331506250622,0.785161415676969,False,0.15902331506232714,0.7851614156648877,16,True,True
2,12,z_sigma,0.5,0.30456948439907133,0.7851922979098781,False,0.29601217317844025,0.5361770585264735,6,False,False
2,12,z_sigma,0.58,0.3518891092802621,0.7852089372529116,False,0.31107325126505697,0.5895266539826862,6,False,False
2,12,z_sigma,1.16,0.6967933571468079,0.7859689148961719,False,0.2729107937702448,1.1910289402244707,5,False,False
2,13,z_sigma,0.0,0.05176559446733529,0.7929946613030388,True,0.05176559446733529,0.7929946613030388,16,True,True
2,13,z_sigma,0.1,0.07584200199488977,0.7930127541870913,True,0.07584200199483611,0.7930127541779212,16,True,True
2,13,z_sigma,0.25,0.15234558561375994,0.7930776627785401,False,0.1523455856137606,0.7930776627785262,16,True,True
2,13,z_sigma,0.5,0.2941476827253025,0.7933157508850258,False,0.21253118697338633,0.8194092809568106,15,True,True
2,13,z_sigma,0.58,0.3402835522759596,0.793441600028194,False,0.24495865616727408,0.8194238771047254,15,True,True
2,13,z_sigma,1.16,0.6739340858351387,0.7978753502076184,False,,,0,False,False
2,14,z_sigma,0.0,0.05173973081117219,0.6287241806253988,True,0.051739730811837296,0.6287241806427255,16,True,True
2,14,z_sigma,0.1,0.08073452573203388,0.6287213533406244,True,0.08073452573180587,0.6287213533464634,16,True,True
2,14,z_sigma,0.25,0.16600076968065783,0.628723304050296,False,0.16600076968060845,0.6287233040561119,16,True,True
2,14,z_sigma,0.5,0.3214818222117467,0.6287496673844711,False,0.2567694988057257,0.43260753975087946,9,False,False
2,14,z_sigma,0.58,0.3719561489367528,0.6287694529185525,False,0.256935842225516,0.5010214411427977,9,False,False
2,14,z_sigma,1.16,0.6282893235820096,0.740900629637858,False,0.2571822616344423,0.9992273059030372,9,False,False
2,15,z_sigma,0.0,0.05177606774741734,0.6461309364178907,True,0.05177606774775461,0.6461309364136757,16,True,True
2,15,z_sigma,0.1,0.09062629079524,0.6464977150950099,True,0.09062629079507385,0.646497715092159,16,True,True
2,15,z_sigma,0.25,0.19198946602622557,0.6486711264974795,False,0.1919894660263868,0.6486711264988321,16,True,True
2,15,z_sigma,0.5,0.3668415384300009,0.6598255326206447,False,0.24096838491347167,0.6030470544955395,12,False,False
2,15,z_sigma,0.58,0.4194894336665005,0.6676195544053796,False,0.22626729677285776,0.4968905052120188,10,False,False
2,15,z_sigma,1.16,0.5973609147630081,0.9323010459923143,False,0.2552125716861312,0.7446240170650492,9,False,False
3,0,z_sigma,0.0,0.05177131597783616,1.6368286862175891,True,0.05177131597701268,1.6368286862175891,16,True,True
3,0,z_sigma,0.1,0.0705174604273044,1.6379129667893944,True,0.07051746042725311,1.6379129667893966,16,True,True
3,0,z_sigma,0.25,0.13120924167126444,1.6436247779099151,False,0.13120924167096273,1.643624777909922,16,True,True
3,0,z_sigma,0.5,0.24451340046671705,1.6642821386781403,False,0.13094809377828454,1.1976578659243406,13,False,False
3,0,z_sigma,0.58,0.28055686598728613,1.6739305254978545,False,0.1486626819294496,1.1978381103123288,13,False,False
3,0,z_sigma,1.16,0.5186347971127341,1.7914642483782388,False,0.25683536166440246,1.1801253875729563,12,False,False
3,1,z_sigma,0.0,0.05107552169098705,0.6186596367145552,True,0.05107552169124374,0.6186596367130658,16,True,True
3,1,z_sigma,0.1,0.06803552703402334,0.6186410185225872,True,0.06803552703369224,0.6186410185211338,16,True,True
3,1,z_sigma,0.25,0.12054371452594932,0.6186200966484777,False,0.1205437145261574,0.6186200966469886,16,True,True
3,1,z_sigma,0.5,0.22217073667024112,0.6186026957565862,False,0.21438154573888585,0.28593981055820217,10,False,False
3,1,z_sigma,0.58,0.25562193082896156,0.6186021124717465,False,0.21683032401180352,0.3272620677839305,10,False,False
3,1,z_sigma,1.16,0.5011992340091658,0.6187967188459736,False,0.21967360152606716,0.6433005552783594,10,False,False
3,2,z_sigma,0.0,0.05175615583218509,0.6784951316917281,True,0.05175615583217639,0.6784951316917098,16,True,True
3,2,z_sigma,0.1,0.08314034823858467,0.678500949993588,True,0.08314034823887158,0.6785009499935711,16,True,True
3,2,z_sigma,0.25,0.17078158876730218,0.6785223779176247,False,0.17078158876722305,0.6785223779122534,16,True,True
3,2,z_sigma,0.5,0.3296066164586134,0.6786107641275183,False,0.21586642994479302,0.7282971985345151,14,False,True
3,2,z_sigma,0.58,0.38111050303353006,0.6786650717988165,False,0.2342131047741577,0.7269213224539786,13,False,False
3,2,z_sigma,1.16,0.6767710289496627,0.7591121168036028,False,0.333382652987129,1.0360118742798252,8,False,False
3,3,z_sigma,0.0,0.051124256767248216,0.6017030450315198,True,0.051124256767237176,0.6017030450194274,16,True,True
3,3,z_sigma,0.1,0.09809794613172235,0.6016635106109341,True,0.09809794613177855,0.6016635106109292,16,True,True
3,3,z_sigma,0.25,0.21580986382141473,0.6016487342826514,False,0.23515978978429655,0.2651092255578588,11,False,False
3,3,z_sigma,0.5,0.4225425727037398,0.6018377909394113,False,0.23754593599772464,0.517148375159908,11,False,False
3,3,z_sigma,0.58,0.48904108237963856,0.6021145478488051,False,0.2375286304164504,0.599058919224755,11,False,False
3,3,z_sigma,1.16,0.6009938945911998,0.9761337628707742,False,0.2373476607134298,1.1947047279951482,11,False,False
3,4,z_sigma,0.0,0.051777480152047285,1.633656245555259,True,0.051777480151379826,1.6336562455597112,16,True,True
3,4,z_sigma,0.1,0.08647304605491107,1.633938585520831,True,0.08647304588669048,1.6339385855208277,16,True,True
3,4,z_sigma,0.25,0.1846367815241969,1.635442968023688,False,0.1095439105421038,1.6431749498786652,15,True,True
3,4,z_sigma,0.5,0.3597641180038052,1.6410659270778782,False,0.14733663396585128,1.223177756172351,11,False,False
3,4,z_sigma,0.58,0.4159735136246404,1.6437938718955802,False,0.16854194931307942,1.2278188459259485,11,False,False
3,4,z_sigma,1.16,0.8104140945354505,1.683378973809281,False,0.32652604857708034,1.3413765849893076,10,False,False
3,5,z_sigma,0.0,0.05176988682016089,0.7806915179459066,True,0.05176988682022458,0.780691517936567,16,True,True
3,5,z_sigma,0.1,0.07782997654326995,0.7807826552745679,True,0.07782997654316894,0.7807826552652481,16,True,True
3,5,z_sigma,0.25,0.15560665355294798,0.7812904657302823,False,0.15560665355287162,0.7812904657302933,16,True,True
3,5,z_sigma,0.5,0.2982423736706963,0.7833994018364038,False,0.20750851580917123,0.7593717069128821,15,True,True
3,5,z_sigma,0.58,0.3442830305807192,0.7845554491263631,False,0.23910450088946555,0.7594810213823697,15,True,True
3,5,z_sigma,1.16,0.6531526912297566,0.8213474491237329,False,,,0,False,False
3,6,z_sigma,0.0,0.05174879343968676,0.6887890978405597,True,0.05174879343993141,0.688789097851163,16,True,True
3,6,z_sigma,0.1,0.09406535499059573,0.6888066260668712,True,0.09406535499080225,0.6888066260721925,16,True,True
3,6,z_sigma,0.25,0.20184620861498265,0.6889402889773795,False,0.13073104047825684,0.7059754004056514,15,True,True
3,6,z_sigma,0.5,0.39238207054964896,0.6896676755622193,False,0.2107198422390597,0.7322165277696401,14,True,False
3,6,z_sigma,0.58,0.4536571801262715,0.6902123124518303,False,0.20678211820907416,0.7621242323951188,13,False,False
3,6,z_sigma,1.16,0.6843149193732,0.9098310507608698,False,0.3304974665245522,1.323646415500138,8,False,False
3,7,z_sigma,0.0,0.05161407287939999,0.6813034346247401,True,0.05161407287867292,0.6813034346154303,16,True,True
3,7,z_sigma,0.1,0.10406992844054044,0.6812946670134444,False,0.10406992844033634,0.6812946670054468,16,True,True
3,7,z_sigma,0.25,0.2305489102285252,0.6814014556552392,False,0.23054891022839402,0.6814014556365694,16,True,True
3,7,z_sigma,0.5,0.45099674923876404,0.6822538156184043,False,,,0,False,False
3,7,z_sigma,0.58,0.5214882874456933,0.6831209640205057,False,,,0,False,False
3,7,z_sigma,1.16,0.678749371566629,1.045046345110698,False,,,0,False,False
3,8,z_sigma,0.0,0.051765788529637285,0.674148695683822,True,0.051765788529637285,0.674148695683822,16,True,True
3,8,z_sigma,0.1,0.07427028940729288,0.6742022687931486,True,0.07427028940748415,0.6742022687931487,16,True,True
3,8,z_sigma,0.25,0.1410802698726718,0.6745606055193112,False,0.14108026987247074,0.674560605519311,16,True,True
3,8,z_sigma,0.5,0.26573389573311074,0.6761114830213731,False,0.2876100883051935,0.5273701965266892,12,False,False
3,8,z_sigma,0.58,0.3061675587379225,0.6769769830187431,False,0.2952246228362357,0.46077001208479296,10,False,False
3,8,z_sigma,1.16,0.5780497703696011,0.708021098353878,False,0.184642618325322,0.9599327290660423,7,False,False
3,9,z_sigma,0.0,0.0515379745920921,0.7251921262686257,True,0.05153797459217674,0.7251921262686557,16,True,True
3,9,z_sigma,0.1,0.08200001733284318,0.7251826387251294,True,0.08200001733278652,0.7251826387213722,16,True,True
3,9,z_sigma,0.25,0.1666008286080647,0.7253345150160896,False,0.16660082860777348,0.7253345150111017,16,True,True
3,9,z_sigma,0.5,0.3200036054012828,0.7261817222597344,False,0.27700230639795675,0.509164946693948,9,False,False
3,9,z_sigma,0.58,0.3695985838089492,0.7267047831655955,False,0.30153175071792465,0.5419098493848494,9,False,False
3,9,z_sigma,1.16,0.6880104356632466,0.7743868855155001,False,0.35977495040699214,0.9071189768696244,9,False,False
3,10,z_sigma,0.0,0.05172282739177839,0.7552221742710277,True,0.05172282739100029,0.7552221742758225,16,True,True
3,10,z_sigma,0.1,0.0690843558386616,0.755223421357407,True,0.06908435583887909,0.7552234213670594,16,True,True
3,10,z_sigma,0.25,0.13017849886262822,0.755225750180669,False,0.13017849886257724,0.755225750190276,16,True,True
3,10,z_sigma,0.5,0.24760902689705586,0.7552313611458561,False,0.1781242853883748,0.779930792053593,15,True,True
3,10,z_sigma,0.58,0.28611563179853916,0.7552338255004736,False,0.2047215752442308,0.7799968682365719,15,True,True
3,10,z_sigma,1.16,0.568323610884509,0.7552838283482789,False,,,0,False,False
3,11,z_sigma,0.0,0.05173958913396772,0.8122543034251536,True,0.05173958913355114,0.8122543034251503,16,True,True
3,11,z_sigma,0.1,0.07743711164616134,0.8124167089991668,True,0.07743711164620459,0.8124167089991658,16,True,True
3,11,z_sigma,0.25,0.1571344483401443,0.8131728653243027,False,0.12597609474605057,0.7848388704232707,15,True,True
3,11,z_sigma,0.5,0.30301198277178804,0.8161680038910234,False,0.2355268407461942,0.827392120426013,14,False,True
3,11,z_sigma,0.58,0.34995586394719036,0.8177788439779994,False,0.26171951401603805,0.7865578507486377,12,False,False
3,11,z_sigma,1.16,0.6606467734486977,0.8629196634575466,False,0.2992038540104606,0.8970618676977992,9,False,False
3,12,z_sigma,0.0,0.051766035685234496,0.7851509784076885,True,0.0517660356852425,0.7851509784078605,16,True,True
3,12,z_sigma,0.1,0.07346636586868688,0.7851643283687898,True,0.07346636586888645,0.7851643283753598,16,True,True
3,12,z_sigma,0.25,0.14292578004967732,0.7852508567773876,False,0.14292578004973125,0.7852508567549561,16,True,True
3,12,z_sigma,0.5,0.27318307388498947,0.7856113916038941,False,0.18315414376539924,0.8062765806218503,14,True,False
3,12,z_sigma,0.58,0.31565299739988756,0.7858045026360653,False,0.21683245381631805,0.48547819619311333,6,False,False
3,12,z_sigma,1.16,0.62258518538028,0.7911498456389591,False,0.13440447054801705,0.8082773522924395,5,False,False
3,13,z_sigma,0.0,0.05176559446733529,0.7929946613030388,True,0.05176559446733529,0.7929946613030388,16,True,True
3,13,z_sigma,0.1,0.07950882661005632,0.7932727309803593,True,0.07950882660988502,0.7932727309712043,16,True,True
3,13,z_sigma,0.25,0.15889303456156287,0.7946189188155853,False,0.15889303456181741,0.7946189188155678,16,True,True
3,13,z_sigma,0.5,0.30261167038661535,0.8000201933069983,False,0.20855557225855803,0.7275255654092161,10,False,False
3,13,z_sigma,0.58,0.3484191194088904,0.8029366840168647,False,0.23329069273025904,0.7491181213819517,10,False,False
3,13,z_sigma,1.16,0.6330816064141883,0.8762973035372488,False,0.24603311046454798,1.0298805908741733,9,False,False
3,14,z_sigma,0.0,0.05173973081117219,0.6287241806253988,True,0.051739730811837296,0.6287241806427255,16,True,True
3,14,z_sigma,0.1,0.07728077794371639,0.6288431132733575,True,0.077280777943241,0.6288431132791521,16,True,True
3,14,z_sigma,0.25,0.14990790155444908,0.6293723803060964,False,0.14990790155425596,0.6293723803060514,16,True,True
3,14,z_sigma,0.5,0.283347998617148,0.6315862474443376,False,0.21518515904103486,0.42641080851821245,10,False,False
3,14,z_sigma,0.58,0.3263289776364258,0.6328798062768378,False,0.22585261754539993,0.47199475077716524,10,False,False
3,14,z_sigma,1.16,0.5799850312047579,0.7035282758136788,False,0.19234713579535306,0.9076099010236814,9,False,False
3,15,z_sigma,0.0,0.05177606774741734,0.6461309364178907,True,0.05177606774775461,0.6461309364136757,16,True,True
3,15,z_sigma,0.1,0.09356803843063177,0.6461307189761625,True,0.09356803843093307,0.6461307189761317,16,True,True
3,15,z_sigma,0.25,0.20334142743054787,0.6461307937917813,False,0.11157414357741731,0.6684826857738754,15,True,True
3,15,z_sigma,0.5,0.3978528674556955,0.6461326900344643,False,0.2079828585053103,0.6685910438040132,15,True,True
3,15,z_sigma,0.58,0.4606929608043687,0.6461345214290792,False,0.21894054163911175,0.6892934169800914,14,True,False
3,15,z_sigma,1.16,0.646120374595093,0.9182300643121691,False,,,0,False,False
4,0,z_sigma,0.0,0.05177131597783616,1.6368286862175891,True,0.05177131597701268,1.6368286862175891,16,True,True
4,0,z_sigma,0.1,0.06917546861298922,1.636870574082543,True,0.06917546861215725,1.6368705740825436,16,True,True
4,0,z_sigma,0.25,0.12512775280389765,1.6370915356819251,False,0.1251277528034333,1.637091535681924,16,True,True
4,0,z_sigma,0.5,0.23302712025092492,1.6378952976639125,False,0.1188469338475678,1.4489795372433043,14,True,False
4,0,z_sigma,0.58,0.26845177899977285,1.638273529640067,False,0.13432581344538355,1.4498268157070047,14,True,False
4,0,z_sigma,1.16,0.5273088413638445,1.6430945839846909,False,0.19106810770109817,1.4237020784181245,13,False,False
4,1,z_sigma,0.0,0.05107552169098705,0.6186596367145552,True,0.05107552169124374,0.6186596367130658,16,True,True
4,1,z_sigma,0.1,0.09010377821481674,0.6186354528429872,False,0.056794628683864624,0.6639275478840557,14,True,False
4,1,z_sigma,0.25,0.19386913539030304,0.6186116917172475,False,0.07734392449582606,0.6639326538547794,14,True,False
4,1,z_sigma,0.5,0.37846268258014226,0.6186063673857262,False,0.13054691063593896,0.6641663284235606,14,True,False
4,1,z_sigma,0.58,0.4381302887043878,0.6186216367084623,False,0.14927498571304237,0.6643050453321575,14,True,False
4,1,z_sigma,1.16,0.6184093101995191,0.8730475177814692,False,0.20834283532255768,0.44326060756131846,9,False,False
4,2,z_sigma,0.0,0.05175615583218509,0.6784951316917281,True,0.05175615583217639,0.6784951316917098,16,True,True
4,2,z_sigma,0.1,0.0856118070439979,0.6788967074785277,True,0.08561180704387118,0.6788967074946007,16,True,True
4,2,z_sigma,0.25,0.17316467561866958,0.6810112601841799,False,0.17316467561866958,0.6810112601841799,16,True,True
4,2,z_sigma,0.5,0.32691025771276705,0.6904674925747705,False,0.24410476408980758,0.5611765614151742,11,False,False
4,2,z_sigma,0.58,0.37443880824422215,0.6961685202651211,False,0.2639625798003755,0.6046816918933589,11,False,False
4,2,z_sigma,1.16,0.5949962047356604,0.8665149554716126,False,0.2875869538318746,1.0772855376856985,10,False,False
4,3,z_sigma,0.0,0.051124256767248216,0.6017030450315198,True,0.051124256767237176,0.6017030450194274,16,True,True
4,3,z_sigma,0.1,0.08946876080274338,0.6017292943734942,True,0.08946876080276941,0.6017292943734945,16,True,True
4,3,z_sigma,0.25,0.18866899076928528,0.6017870732971815,False,0.18866899076925558,0.6017870732971887,16,True,True
4,3,z_sigma,0.5,0.36538531576273475,0.6020042842275921,False,0.23696310219447597,0.4473227541342939,11,False,False
4,3,z_sigma,0.58,0.4224600976308869,0.6021663084127279,False,0.23737419711253263,0.5172485302543385,11,False,False
4,3,z_sigma,1.16,0.6009901898563148,0.8406038679740344,False,0.23816857736255698,1.0277174307655854,11,False,False
4,4,z_sigma,0.0,0.051777480152047285,1.633656245555259,True,0.051777480151379826,1.6336562455597112,16,True,True
4,4,z_sigma,0.1,0.05841270788993231,1.6338739111914442,True,0.05841270788994533,1.633873911191444,16,True,True
4,4,z_sigma,0.25,0.09158081455702168,1.6350143569547309,True,0.09158081447769868,1.635014356954723,16,True,True
4,4,z_sigma,0.5,0.16403659825119887,1.6391141576551698,False,0.16403659820714164,1.6391141576551396,16,True,True
4,4,z_sigma,0.58,0.18837769012213926,1.6410190052546965,False,0.18837769016998188,1.6410190052547464,16,True,True
4,4,z_sigma,1.16,0.3656704266596005,1.6640223927339226,False,,,0,False,False
4,5,z_sigma,0.0,0.05176988682016089,0.7806915179459066,True,0.05176988682022458,0.780691517936567,16,True,True
4,5,z_sigma,0.1,0.09570834861250875,0.7807047543449205,True,0.09570834861244161,0.7807047543262728,16,True,True
4,5,z_sigma,0.25,0.20693860926918292,0.7807839389288184,False,0.1809126037361756,0.7596238405423403,15,True,True
4,5,z_sigma,0.5,0.40327515847692935,0.781168288051164,False,,,0,False,False
4,5,z_sigma,0.58,0.46656352965584114,0.7814247912703662,False,,,0,False,False
4,5,z_sigma,1.16,0.7762854113041925,0.9343767364045122,False,,,0,False,False
4,6,z_sigma,0.0,0.05174879343968676,0.6887890978405597,True,0.05174879343993141,0.688789097851163,16,True,True
4,6,z_sigma,0.1,0.10056085830149553,0.6887917011143221,False,0.1005608583012861,0.6887917011090301,16,True,True
4,6,z_sigma,0.25,0.22456417028612832,0.6888002633712867,False,0.18480402376296054,0.712273797918929,15,True,True
4,6,z_sigma,0.5,0.4420146999758032,0.6888434816835461,False,0.3450045797065166,0.6343463817358688,7,False,False
4,6,z_sigma,0.58,0.5121178177768576,0.6888820555372023,False,0.3441765788241718,0.747083128443993,8,False,False
4,6,z_sigma,1.16,0.688666251946718,1.0226021152314795,False,0.34424274412244676,1.492806936305165,8,False,False
4,7,z_sigma,0.0,0.05161407287939999,0.6813034346247401,True,0.05161407287867292,0.6813034346154303,16,True,True
4,7,z_sigma,0.1,0.10080804328766946,0.6813149460359577,False,0.10080804328731277,0.6813149460253313,16,True,True
4,7,z_sigma,0.25,0.22203297035509634,0.6813431660433148,False,0.19032690778005137,0.6959722434449204,15,True,True
4,7,z_sigma,0.5,0.434550730786989,0.681464532640336,False,0.2891023360650917,0.5428290099731782,9,False,False
4,7,z_sigma,0.58,0.5030335837080806,0.6815671491846541,False,0.30049395057137346,0.6035329447356884,9,False,False
4,7,z_sigma,1.16,0.6809841419678444,1.0025939287599428,False,0.32257418516866354,1.1136018743570126,9,False,False
4,8,z_sigma,0.0,0.051765788529637285,0.674148695683822,True,0.051765788529637285,0.674148695683822,16,True,True
4,8,z_sigma,0.1,0.08172472497139832,0.6743245533992033,True,0.08172472497139832,0.6743245533992034,16,True,True
4,8,z_sigma,0.25,0.16713526919270028,0.6754161322838592,False,0.16713526919268795,0.675416132283856,16,True,True
4,8,z_sigma,0.5,0.3203841218873405,0.6804565674259296,False,0.286371095798225,0.5060062678503089,11,False,False
4,8,z_sigma,0.58,0.36885999399007113,0.6835436279287632,False,0.2720385911713809,0.5571604467817977,10,False,False
4,8,z_sigma,1.16,0.6138735499151526,0.8163146209805731,False,0.24756407156216945,1.0758739580643322,9,False,False
4,9,z_sigma,0.0,0.0515379745920921,0.7251921262686257,True,0.05153797459217674,0.7251921262686557,16,True,True
4,9,z_sigma,0.1,0.11658170311914565,0.7254793880122512,False,0.11658170311905465,0.7254793880097835,16,True,True
4,9,z_sigma,0.25,0.26805542310444386,0.7267604350474927,False,0.22627124305813948,0.7268920537609633,14,True,False
4,9,z_sigma,0.5,0.5238378513353054,0.7353606966044892,False,0.361544568812811,0.6662844765829768,9,False,False
4,9,z_sigma,0.58,0.5990033397115031,0.745343652564486,False,0.39269495577061686,0.8314576274366446,9,False,False
4,9,z_sigma,1.16,0.7125632626639797,1.251240420707931,False,0.3979878526207179,1.6364261474403212,9,False,False
4,10,z_sigma,0.0,0.05172282739177839,0.7552221742710277,True,0.05172282739100029,0.7552221742758225,16,True,True
4,10,z_sigma,0.1,0.05843875837575828,0.755240576228332,True,0.05843875837578205,0.7552405762186807,16,True,True
4,10,z_sigma,0.25,0.08578862217416,0.7552971652285944,True,0.08578862217393612,0.7552971652382537,16,True,True
4,10,z_sigma,0.5,0.14657993837199645,0.7554739975173577,False,0.14657993837187677,0.7554739975221721,16,True,True
4,10,z_sigma,0.58,0.167320825921543,0.7555545920954891,False,0.1673208259214651,0.755554592095493,16,True,True
4,10,z_sigma,1.16,0.3222775326524514,0.7566147378170043,False,0.22566720935335724,0.756081770268141,14,True,False
4,11,z_sigma,0.0,0.05173958913396772,0.8122543034251536,True,0.05173958913355114,0.8122543034251503,16,True,True
4,11,z_sigma,0.1,0.09464683984534579,0.812336213675396,True,0.09464683984534579,0.8123362136753957,16,True,True
4,11,z_sigma,0.25,0.20372001094620745,0.8129130307572359,False,0.20814498338493603,0.7354276143576564,12,False,False
4,11,z_sigma,0.5,0.3955018923637695,0.8156815409821275,False,0.2641154552318447,0.6283534617688254,8,False,False
4,11,z_sigma,0.58,0.45669909262569414,0.8174341121734695,False,0.2746968848566946,0.6967592492377737,8,False,False
4,11,z_sigma,1.16,0.7743847242183173,0.9589124858542363,False,0.2982635160197464,1.2638560852926692,8,False,False
4,12,z_sigma,0.0,0.051766035685234496,0.7851509784076885,True,0.0517660356852425,0.7851509784078605,16,True,True
4,12,z_sigma,0.1,0.08097179630683497,0.7851967676823162,True,0.08097179630651359,0.7851967676979894,16,True,True
4,12,z_sigma,0.25,0.16215625291544758,0.7854245276211439,True,0.08702697998229092,0.7975789343401083,15,True,True
4,12,z_sigma,0.5,0.3100239881963028,0.7863577514008903,False,0.1471431325332858,0.7976802753082078,15,True,True
4,12,z_sigma,0.58,0.3578993935112094,0.7868739406000902,False,0.15965816590764528,0.8076613220637957,14,True,False
4,12,z_sigma,1.16,0.6899110876475997,0.8084996887935049,False,0.20163152752171876,0.8285962875587347,13,False,False
4,13,z_sigma,0.0,0.05176559446733529,0.7929946613030388,True,0.05176559446733529,0.7929946613030388,16,True,True
4,13,z_sigma,0.1,0.07267117698449008,0.7935273729552575,True,0.07267117698449008,0.7935273729552573,16,True,True
4,13,z_sigma,0.25,0.1397218270153724,0.796162404644896,False,0.13972182701547292,0.7961624046448962,16,True,True
4,13,z_sigma,0.5,0.2631493266476798,0.8063662472294294,False,0.2631493266476584,0.806366247229475,16,True,True
4,13,z_sigma,0.58,0.3020966356952951,0.8115983001268122,False,0.30209663569402284,0.811598300118337,16,True,True
4,13,z_sigma,1.16,0.5385677180161723,0.9034628489380959,False,0.3467149721297449,1.01899448576847,9,False,False
4,14,z_sigma,0.0,0.05173973081117219,0.6287241806253988,True,0.051739730811837296,0.6287241806427255,16,True,True
4,14,z_sigma,0.1,0.07336237100072049,0.6287847024433524,True,0.07336237100051354,0.6287847024665063,16,True,True
4,14,z_sigma,0.25,0.14137570585830608,0.629249974344059,False,0.14137570585832612,0.6292499743613998,16,True,True
4,14,z_sigma,0.5,0.268363686559264,0.6313672539432835,False,0.2417876567960126,0.4053569915994529,11,False,False
4,14,z_sigma,0.58,0.3093919387024688,0.6325994941706856,False,0.25809798538033474,0.4406432864110468,11,False,False
4,14,z_sigma,1.16,0.5638949219853993,0.6881598975757668,False,0.24112338031610173,0.8266157484349367,10,False,False
4,15,z_sigma,0.0,0.05177606774741734,0.6461309364178907,True,0.05177606774775461,0.6461309364136757,16,True,True
4,15,z_sigma,0.1,0.08606772200478059,0.6462628459387609,True,0.08606772200560053,0.6462628459400362,16,True,True
4,15,z_sigma,0.25,0.1784814386742368,0.6470550462104432,False,0.17848143867435123,0.6470550462075497,16,True,True
4,15,z_sigma,0.5,0.3429121545214162,0.6509517557866775,False,0.2543064577201196,0.4704578014790531,11,False,False
4,15,z_sigma,0.58,0.39494767524618957,0.6535726655323276,False,0.2784459074752431,0.4962769589850037,11,False,False
4,15,z_sigma,1.16,0.6166340819563924,0.8313141971978729,False,0.3139631200919803,0.849761847860848,10,False,False
5,0,z_sigma,0.0,0.05177131597783616,1.6368286862175891,True,0.05177131597701268,1.6368286862175891,16,True,True
5,0,z_sigma,0.1,0.09797614276275997,1.6370406755489206,True,0.09797614276261496,1.6370406755489206,16,True,True
5,0,z_sigma,0.25,0.21469896334113692,1.638171523491079,False,0.16071156674058096,1.6458667569428334,15,True,True
5,0,z_sigma,0.5,0.4192134746543741,1.6424708132046402,False,0.261058728976014,1.6647376790754904,14,False,True
5,0,z_sigma,0.58,0.48477135290330164,1.6445997783107238,False,,,0,False,False
5,0,z_sigma,1.16,0.9460274616753207,1.6789697538486725,False,,,0,False,False
5,1,z_sigma,0.0,0.05107552169098705,0.6186596367145552,True,0.05107552169124374,0.6186596367130658,16,True,True
5,1,z_sigma,0.1,0.0729530847288858,0.6188127178797495,True,0.07295308472911388,0.6188127178782189,16,True,True
5,1,z_sigma,0.25,0.1419239458628108,0.6192451787163358,False,0.14192394586279938,0.6192451787148487,16,True,True
5,1,z_sigma,0.5,0.270542869526583,0.620760331251799,False,0.1848635355351084,0.37291871505062985,10,False,False
5,1,z_sigma,0.58,0.31221399604126576,0.6215961850718713,False,0.18748878380842462,0.4246396712267474,10,False,False
5,1,z_sigma,1.16,0.5740768834141434,0.6709600126380326,False,0.191877520038606,0.8197340102980977,10,False,False
5,2,z_sigma,0.0,0.05175615583218509,0.6784951316917281,True,0.05175615583217639,0.6784951316917098,16,True,True
5,2,z_sigma,0.1,0.07202790647762547,0.6785800913175886,True,0.07202790647742828,0.6785800913175885,16,True,True
5,2,z_sigma,0.25,0.1369166145679474,0.6789900153103734,False,0.13691661456794738,0.6789900153050153,16,True,True
5,2,z_sigma,0.5,0.2591743385744137,0.6806376300872107,False,0.17275535357614705,0.702832850205769,15,True,True
5,2,z_sigma,0.58,0.29888130780732736,0.6815328880567522,False,0.19827457063267862,0.7033153519884459,15,True,True
5,2,z_sigma,1.16,0.5682761379584432,0.7101199295471006,False,0.3209418431919022,0.5918705031571332,8,False,False
5,3,z_sigma,0.0,0.051124256767248216,0.6017030450315198,True,0.051124256767237176,0.6017030450194274,16,True,True
5,3,z_sigma,0.1,0.11052559946757404,0.6017855485730499,False,0.11052559946764552,0.6017855485730547,16,True,True
5,3,z_sigma,0.25,0.25131808328130756,0.6020281273942828,False,0.22987076392224592,0.31353789007930816,11,False,False
5,3,z_sigma,0.5,0.493905881708246,0.6040506837216744,False,0.23586426675519892,0.6085624412289986,11,False,False
5,3,z_sigma,0.58,0.566480725328012,0.6102272559810952,False,0.23617895585744514,0.7048992525452757,11,False,False
5,3,z_sigma,1.16,0.6004949785884324,1.1486918325933815,False,0.23689759938048915,1.4059472230030654,11,False,False
5,4,z_sigma,0.0,0.051777480152047285,1.633656245555259,True,0.051777480151379826,1.6336562455597112,16,True,True
5,4,z_sigma,0.1,0.07847563157057397,1.6337007882595045,True,0.06039889306981059,1.4310298331210853,15,True,True
5,4,z_sigma,0.25,0.15853350462725754,1.6339386303150223,True,0.09614731927771589,1.4316017632033844,15,True,True
5,4,z_sigma,0.5,0.3055439655822754,1.6348181641880921,False,0.14310102921129958,1.2324095209487094,14,False,True
5,4,z_sigma,0.58,0.35328632562292434,1.6352393744297757,False,0.16347559051481073,1.2351193960434672,14,False,True
5,4,z_sigma,1.16,0.6999878458202435,1.6410447449007028,False,0.24699615100851674,1.1968858350192988,12,False,False
5,5,z_sigma,0.0,0.05176988682016089,0.7806915179459066,True,0.05176988682022458,0.780691517936567,16,True,True
5,5,z_sigma,0.1,0.09013829528507733,0.780825101801092,True,0.09013829528500647,0.7808251017917619,16,True,True
5,5,z_sigma,0.25,0.19162204002315764,0.7815534850051288,False,0.18251537654562916,0.7616648750084832,15,True,True
5,5,z_sigma,0.5,0.3711962823139915,0.7848463955592774,False,0.3507442612778086,0.7391167547043638,12,False,False
5,5,z_sigma,0.58,0.42843803490284077,0.786870445722193,False,0.3390796979004002,0.756437810593802,9,False,False
5,5,z_sigma,1.16,0.7329625637788789,0.9150665185863889,False,,,0,False,False
5,6,z_sigma,0.0,0.05174879343968676,0.6887890978405597,True,0.05174879343993141,0.688789097851163,16,True,True
5,6,z_sigma,0.1,0.07817985853132284,0.6887956753236533,True,0.07817985853138146,0.6887956753447536,16,True,True
5,6,z_sigma,0.25,0.15704034615127913,0.6888543215887271,False,0.11782617935513322,0.6872641815648074,15,True,True
5,6,z_sigma,0.5,0.30206096375864,0.6891303465894025,False,0.22116421711495604,0.6882292897662929,14,True,False
5,6,z_sigma,0.58,0.3491714165847377,0.68929526507361,False,0.22000474297406605,0.6682970975552858,12,True,False
5,6,z_sigma,1.16,0.668497611313133,0.7153347200864286,False,0.30036006520499675,0.6256390312287521,9,False,False
5,7,z_sigma,0.0,0.05161407287939999,0.6813034346247401,True,0.05161407287867292,0.6813034346154303,16,True,True
5,7,z_sigma,0.1,0.12003397214245157,0.6817811085301091,False,0.12003397214246166,0.6817811085207668,16,True,True
5,7,z_sigma,0.25,0.27201748655073676,0.6855217599294606,False,0.27201748655051855,0.6855217599202017,16,True,True
5,7,z_sigma,0.5,0.5128612704774737,0.715325570893894,False,0.31408605726852457,0.7637651733437425,10,False,False
5,7,z_sigma,0.58,0.5694015744322576,0.746196015097931,False,0.31951182875347134,0.8700819591580458,10,False,False
5,7,z_sigma,1.16,0.649002428733564,1.3043008607206374,False,0.3304863843956833,1.6788318671884481,10,False,False
5,8,z_sigma,0.0,0.051765788529637285,0.674148695683822,True,0.051765788529637285,0.674148695683822,16,True,True
5,8,z_sigma,0.1,0.08243739626211793,0.6745145407650324,True,0.08243739626211793,0.6745145407650324,16,True,True
5,8,z_sigma,0.25,0.1693879970191457,0.6767103446671848,False,0.16938799701909552,0.6767103446671785,16,True,True
5,8,z_sigma,0.5,0.3229148491856301,0.6867745122776954,False,0.27136173648390943,0.5359316795984697,12,False,False
5,8,z_sigma,0.58,0.37025231261637076,0.6928639297728041,False,0.13250130177870764,0.7146256682968318,13,False,False
5,8,z_sigma,1.16,0.5874563186129528,0.868379820750211,False,0.25878893612750975,1.0767277216130209,10,False,False
5,9,z_sigma,0.0,0.0515379745920921,0.7251921262686257,True,0.05153797459217674,0.7251921262686557,16,True,True
5,9,z_sigma,0.1,0.09451166694122029,0.7253093127282323,True,0.09451166694113991,0.725309312727008,16,True,True
5,9,z_sigma,0.25,0.20340781344691244,0.7264712742658437,False,0.2034078134471283,0.7264712742646128,16,True,True
5,9,z_sigma,0.5,0.3929316014264534,0.7326996718199376,False,,,0,False,False
5,9,z_sigma,0.58,0.4520505103860127,0.7370137446283249,False,,,0,False,False
5,9,z_sigma,1.16,0.6848975834040529,0.9676196030285827,False,,,0,False,False
5,10,z_sigma,0.0,0.05172282739177839,0.7552221742710277,True,0.05172282739100029,0.7552221742758225,16,True,True
5,10,z_sigma,0.1,0.06866781280778468,0.7553640297182118,True,0.06866781280858791,0.7553640297374082,16,True,True
5,10,z_sigma,0.25,0.12801215242611416,0.7563379306138628,False,0.12801215242638828,0.7563379306186295,16,True,True
5,10,z_sigma,0.5,0.24136571080683883,0.7603410791557683,False,0.24670781597887143,0.7410052769394586,15,True,True
5,10,z_sigma,0.58,0.278027360741339,0.7624248634185116,False,0.2878039824015798,0.7122777081156346,14,True,False
5,10,z_sigma,1.16,0.5237318140915893,0.8031370857666045,False,0.32797621297212903,0.8745134226863934,9,False,False
5,11,z_sigma,0.0,0.05173958913396772,0.8122543034251536,True,0.05173958913355114,0.8122543034251503,16,True,True
5,11,z_sigma,0.1,0.06863349811573904,0.8122726549007938,True,0.06863349811573904,0.8122726549007937,16,True,True
5,11,z_sigma,0.25,0.12373825132129258,0.8123372373290312,False,0.12373825132128029,0.8123372373290315,16,True,True
5,11,z_sigma,0.5,0.2304078115085597,0.8125590006679912,False,0.13430157745524982,0.7982470633974595,15,True,True
5,11,z_sigma,0.58,0.26546812259720415,0.8126672683730946,False,0.1518984127059867,0.7986711458170634,15,True,True
5,11,z_sigma,1.16,0.5218714677415677,0.8145910721044491,False,0.2207855560406989,0.7608634864993588,14,True,False
5,12,z_sigma,0.0,0.051766035685234496,0.7851509784076885,True,0.0517660356852425,0.7851509784078605,16,True,True
5,12,z_sigma,0.1,0.11213514165239065,0.7851508960994926,False,0.11213514165214636,0.7851508960875379,16,True,True
5,12,z_sigma,0.25,0.25617740730867766,0.7851508138609415,False,0.20601819405163238,0.7982275193810854,15,True,True
5,12,z_sigma,0.5,0.5059123495152417,0.785150786446802,False,0.29114707482805313,0.693334451083235,7,False,False
5,12,z_sigma,0.58,0.5863039533219573,0.7851508365889383,False,0.30267198222412156,0.7754157003128117,7,False,False
5,12,z_sigma,1.16,0.7851502809615019,1.1706648684106842,False,0.3284909254219845,1.4395038467409313,7,False,False
5,13,z_sigma,0.0,0.05176559446733529,0.7929946613030388,True,0.05176559446733529,0.7929946613030388,16,True,True
5,13,z_sigma,0.1,0.06513263753626365,0.7930531270877916,True,0.06513263753625192,0.7930531270877789,16,True,True
5,13,z_sigma,0.25,0.11109264093956821,0.7932968509195248,False,0.11109264093971236,0.793296850919515,16,True,True
5,13,z_sigma,0.5,0.20275965600908424,0.7941668871013567,False,0.16157408146722468,0.8209223226687569,15,True,True
5,13,z_sigma,0.58,0.23305354562117633,0.7945897906998544,False,0.18482336008694017,0.8212261954636524,15,True,True
5,13,z_sigma,1.16,0.4532683679067883,0.8013116862793747,False,,,0,False,False
5,14,z_sigma,0.0,0.05173973081117219,0.6287241806253988,True,0.051739730811837296,0.6287241806427255,16,True,True
5,14,z_sigma,0.1,0.08001342772609286,0.6287301232179924,True,0.08001342772608783,0.6287301232411361,16,True,True
5,14,z_sigma,0.25,0.1625228320407886,0.6287460715383351,False,0.16252283204073398,0.6287460715614487,16,True,True
5,14,z_sigma,0.5,0.31339123271888397,0.6288043208264987,False,0.25815627515236894,0.4223679697574203,9,False,False
5,14,z_sigma,0.58,0.3623950946243752,0.6288395728163044,False,0.2581620958479816,0.48942006539042837,9,False,False
5,14,z_sigma,1.16,0.6279061902469706,0.7212864808033246,False,0.2491477217430176,0.9128192076053907,9,False,False
5,15,z_sigma,0.0,0.05177606774741734,0.6461309364178907,True,0.05177606774775461,0.6461309364136757,16,True,True
5,15,z_sigma,0.1,0.08010473601678104,0.6461644349437647,True,0.08010473601646678,0.6461644349395206,16,True,True
5,15,z_sigma,0.25,0.15849361414736196,0.646375070957154,False,0.15849361414721938,0.646375070952999,16,True,True
5,15,z_sigma,0.5,0.3016245055779246,0.6473432942990884,False,0.2682465559354279,0.6698234548306774,15,True,True
5,15,z_sigma,0.58,0.34792709930037286,0.6479350922771275,False,,,0,False,False
5,15,z_sigma,1.16,0.6228220072326444,0.7158157128181297,False,,,0,False,False
6,0,z_sigma,0.0,0.05177131597783616,1.6368286862175891,True,0.05177131597701268,1.6368286862175891,16,True,True
6,0,z_sigma,0.1,0.07881254528501866,1.6369871287021918,True,0.07881254528501866,1.6369871287021918,16,True,True
6,0,z_sigma,0.25,0.15959798237629433,1.637825891748474,False,0.1269990811971728,1.4349171500279119,15,True,True
6,0,z_sigma,0.5,0.3073938312108058,1.6409202126182088,False,0.19954924376996064,1.233102980933833,14,False,True
6,0,z_sigma,0.58,0.35522054841949846,1.6424000939836174,False,0.2122978171274744,1.2058880354077577,13,False,False
6,0,z_sigma,1.16,0.6978382454330497,1.6626238314592563,False,,,0,False,False
6,1,z_sigma,0.0,0.05107552169098705,0.6186596367145552,True,0.05107552169124374,0.6186596367130658,16,True,True
6,1,z_sigma,0.1,0.07154632516601928,0.6187079183717688,True,0.07154632516632874,0.6187079183702405,16,True,True
6,1,z_sigma,0.25,0.13486959252473038,0.6188139161272604,False,0.13486959252472389,0.6188139161258133,16,True,True
6,1,z_sigma,0.5,0.2544285003159934,0.6191250403236629,False,0.21653761978431843,0.32897316024638806,10,False,False
6,1,z_sigma,0.58,0.29348947618835863,0.6192828643886318,False,0.21728881895859603,0.37921344107100036,10,False,False
6,1,z_sigma,1.16,0.5714411572775442,0.6285682423888932,False,0.21810819499973016,0.7501215318558929,10,False,False
6,2,z_sigma,0.0,0.05175615583218509,0.6784951316917281,True,0.05175615583217639,0.6784951316917098,16,True,True
6,2,z_sigma,0.1,0.07642084475555919,0.6787077310477215,True,0.076420844755267,0.6787077310477145,16,True,True
6,2,z_sigma,0.25,0.15323921866090937,0.6797903019661613,False,0.15323921866032278,0.6797903019608573,16,True,True
6,2,z_sigma,0.5,0.2936493823680267,0.684390722109951,False,0.3047706944124832,0.6007620920380565,14,False,True
6,2,z_sigma,0.58,0.3383874354167462,0.6870334912425462,False,0.3082480716307411,0.5385759055588101,11,False,False
6,2,z_sigma,1.16,0.5934158251953615,0.779714081694603,False,0.3288139387768011,0.9261818710529033,9,False,False
6,3,z_sigma,0.0,0.051124256767248216,0.6017030450315198,True,0.051124256767237176,0.6017030450194274,16,True,True
6,3,z_sigma,0.1,0.08376883519138716,0.6017828866918496,True,0.08376883519170228,0.6017828866797611,16,True,True
6,3,z_sigma,0.25,0.17349098470587013,0.6019875808455558,False,0.17349098470584395,0.6019875808334789,16,True,True
6,3,z_sigma,0.5,0.33502648143677877,0.6027734268535162,False,0.22829383998318917,0.4170171253022377,11,False,False
6,3,z_sigma,0.58,0.38712510100763636,0.6033016682924371,False,0.22982341397859754,0.48018208450792277,11,False,False
6,3,z_sigma,1.16,0.5971259556337517,0.777107365031263,False,0.2326422271571637,0.9481664408264457,11,False,False
6,4,z_sigma,0.0,0.051777480152047285,1.633656245555259,True,0.051777480151379826,1.6336562455597112,16,True,True
6,4,z_sigma,0.1,0.07201651648397597,1.6345819841399345,True,0.0720165163830788,1.6345819841399292,16,True,True
6,4,z_sigma,0.25,0.13277832498431336,1.6394696442536634,False,0.13277832492990685,1.6394696442536316,16,True,True
6,4,z_sigma,0.5,0.24576432635211642,1.6571759533413088,False,0.20620934026433754,1.4399297550007606,15,True,True
6,4,z_sigma,0.58,0.28183036427212727,1.6654590592854157,False,0.2364969662935483,1.4431355927095617,15,True,True
6,4,z_sigma,1.16,0.5231564280320207,1.7671012935187171,False,,,0,False,False
6,5,z_sigma,0.0,0.05176988682016089,0.7806915179459066,True,0.05176988682022458,0.780691517936567,16,True,True
6,5,z_sigma,0.1,0.06848942231608743,0.7807302548880035,True,0.06848942231618241,0.7807302548879964,16,True,True
6,5,z_sigma,0.25,0.1283661970962012,0.7809461128001489,False,0.12836619709590588,0.7809461127908431,16,True,True
6,5,z_sigma,0.5,0.24371761551887525,0.781799855173061,False,0.1865094863792502,0.7593556630650142,15,True,True
6,5,z_sigma,0.58,0.2814598347386496,0.7822403517365295,False,0.21498700006256205,0.7594568853645817,15,True,True
6,5,z_sigma,1.16,0.55267070475532,0.7914799321612256,False,,,0,False,False
6,6,z_sigma,0.0,0.05174879343968676,0.6887890978405597,True,0.05174879343993141,0.688789097851163,16,True,True
6,6,z_sigma,0.1,0.0965842212130123,0.6889513404103241,True,0.096584221212995,0.68895134042089,16,True,True
6,6,z_sigma,0.25,0.21022825865007344,0.689974829021467,False,0.21022825865045924,0.689974829037227,16,True,True
6,6,z_sigma,0.5,0.40765609808278136,0.6955498416425807,False,0.3440923900282202,0.5526049595178629,11,False,False
6,6,z_sigma,0.58,0.46906396664503036,0.6998151918626767,False,0.31483816833017864,0.6542018527073974,8,False,False
6,6,z_sigma,1.16,0.6651254224458383,0.9828156061564303,False,0.34040552311378197,1.1788513267790064,8,False,False
6,7,z_sigma,0.0,0.05161407287939999,0.6813034346247401,True,0.05161407287867292,0.6813034346154303,16,True,True
6,7,z_sigma,0.1,0.0741958847380443,0.6813165342225769,True,0.07419588473788585,0.6813165342158183,16,True,True
6,7,z_sigma,0.25,0.1409630598606324,0.6816208629579197,False,0.14096305986038615,0.6816208629405863,16,True,True
6,7,z_sigma,0.5,0.26548998247993416,0.6830849646318216,False,0.26548998247993294,0.6830849646131818,16,True,True
6,7,z_sigma,0.58,0.30589085431128177,0.6839174116643271,False,,,0,False,False
6,7,z_sigma,1.16,0.5791238357823896,0.7131888049378844,False,,,0,False,False
6,8,z_sigma,0.0,0.051765788529637285,0.674148695683822,True,0.051765788529637285,0.674148695683822,16,True,True
6,8,z_sigma,0.1,0.09361719410535536,0.6742302947093575,True,0.09361719410535536,0.6742302947093575,16,True,True
6,8,z_sigma,0.25,0.19831056072512157,0.6747788952484218,False,0.19831056072512157,0.6747788952484218,16,True,True
6,8,z_sigma,0.5,0.38244183816434474,0.6776852452338986,False,0.2744756365867903,0.566420004292371,9,False,False
6,8,z_sigma,0.58,0.44084875003128793,0.6798108766274066,False,0.2803431085904543,0.6386604221948241,9,False,False
6,8,z_sigma,1.16,0.6573968985244638,0.904716860553077,False,0.29053342182182873,1.2062563657039074,9,False,False
6,9,z_sigma,0.0,0.0515379745920921,0.7251921262686257,True,0.05153797459217674,0.7251921262686557,16,True,True
6,9,z_sigma,0.1,0.08290079666877062,0.7252871837389578,True,0.08290079666881525,0.725287183735245,16,True,True
6,9,z_sigma,0.25,0.1695491989530946,0.7256076409381256,False,0.16383917434569542,0.6990009937163953,15,True,True
6,9,z_sigma,0.5,0.32610945476472536,0.726836939374336,False,0.31425780103383877,0.5854828793965678,12,False,False
6,9,z_sigma,0.58,0.3766322296335301,0.7275433599793564,False,0.24482329289361748,0.7070681070870104,14,True,False
6,9,z_sigma,1.16,0.6897984540165222,0.788391218816218,False,0.3434590381286211,1.0130543550288795,9,False,False
6,10,z_sigma,0.0,0.05172282739177839,0.7552221742710277,True,0.05172282739100029,0.7552221742758225,16,True,True
6,10,z_sigma,0.1,0.0865645022121219,0.7552603034803977,True,0.08656450221238812,0.7552603034948483,16,True,True
6,10,z_sigma,0.25,0.17945351580743935,0.7554017319096097,False,0.1794535158076322,0.755401731924083,16,True,True
6,10,z_sigma,0.5,0.34618681570895565,0.7559688776580773,False,0.22904981756188017,0.792811712112706,13,False,False
6,10,z_sigma,0.58,0.4000715854816757,0.7563025640675161,False,0.2628034001501265,0.793201535070741,13,False,False
6,10,z_sigma,1.16,0.7372058608202822,0.8145677720599044,False,,,0,False,False
6,11,z_sigma,0.0,0.05173958913396772,0.8122543034251536,True,0.05173958913355114,0.8122543034251503,16,True,True
6,11,z_sigma,0.1,0.07450112492325109,0.812303933765471,True,0.0745011249234797,0.8123039337923217,16,True,True
6,11,z_sigma,0.25,0.13815171349759722,0.8126654394955077,False,0.1381517134975972,0.8126654394955074,16,True,True
6,11,z_sigma,0.5,0.25696560472558877,0.814162987999472,False,0.18997715287307387,0.7570841738971225,14,True,False
6,11,z_sigma,0.58,0.2956088972275696,0.8149432745787956,False,0.20265515262120418,0.7784506714898916,13,False,False
6,11,z_sigma,1.16,0.5691789158187028,0.8309596119342347,False,0.34259283485972436,0.5323439499483279,8,False,False
6,12,z_sigma,0.0,0.051766035685234496,0.7851509784076885,True,0.0517660356852425,0.7851509784078605,16,True,True
6,12,z_sigma,0.1,0.08854836759133296,0.7852537380870035,True,0.07583109081095672,0.7993102111960723,15,True,True
6,12,z_sigma,0.25,0.18868061996885024,0.785861317030426,False,0.08845742047906244,0.8145765618008619,14,True,False
6,12,z_sigma,0.5,0.3665820867371002,0.7886289622386898,False,0.15358638562540333,0.8315146456985809,13,False,False
6,12,z_sigma,0.58,0.4234548372643722,0.7903188114189461,False,0.1755257415461048,0.8317956919310646,13,False,False
6,12,z_sigma,1.16,0.7379696869823354,0.9033582649480967,False,0.22256504100479152,0.682730983792558,5,False,False
6,13,z_sigma,0.0,0.05176559446733529,0.7929946613030388,True,0.05176559446733529,0.7929946613030388,16,True,True
6,13,z_sigma,0.1,0.08481986946831373,0.7930180796147313,True,0.08481986946884301,0.7930180796147259,16,True,True
6,13,z_sigma,0.25,0.17497735910081783,0.7931069130481235,False,0.17497735910081783,0.7931069130481235,16,True,True
6,13,z_sigma,0.5,0.33758890178530804,0.7934545406383275,False,,,0,False,False
6,13,z_sigma,0.58,0.3902367569436033,0.7936507778479027,False,,,0,False,False
6,13,z_sigma,1.16,0.756041398715205,0.8133049135587659,False,,,0,False,False
6,14,z_sigma,0.0,0.05173973081117219,0.6287241806253988,True,0.051739730811837296,0.6287241806427255,16,True,True
6,14,z_sigma,0.1,0.09410871169254531,0.6287973438222165,True,0.09410871169215362,0.628797343822273,16,True,True
6,14,z_sigma,0.25,0.20395994222942043,0.6291230508426197,False,0.17938014869445906,0.6450332602251723,14,True,False
6,14,z_sigma,0.5,0.39741619720585364,0.630898744859708,False,0.2519582781852445,0.44284118904339886,9,False,False
6,14,z_sigma,0.58,0.4589798702921801,0.6324337006866241,False,0.2520678054270729,0.5128517239182292,9,False,False
6,14,z_sigma,1.16,0.6230368340861919,0.9279893410177515,False,0.2522402098489725,1.0222118496728902,9,False,False
6,15,z_sigma,0.0,0.05177606774741734,0.6461309364178907,True,0.05177606774775461,0.6461309364136757,16,True,True
6,15,z_sigma,0.1,0.07221217412912999,0.6461707582010778,True,0.07221217412905373,0.6461707581968859,16,True,True
6,15,z_sigma,0.25,0.13786682338461861,0.6463657800565029,False,0.13786682338465106,0.6463657800537019,16,True,True
6,15,z_sigma,0.5,0.26170368465559346,0.6471684267762661,False,0.16538883924939843,0.6698344535254908,15,True,True
6,15,z_sigma,0.58,0.3020464734179061,0.6476169586943064,False,0.18914210920921418,0.6703424245036738,15,True,True
6,15,z_sigma,1.16,0.5794630155884883,0.6691419551248091,False,0.27708726898909786,0.5403366534158303,11,False,False
7,0,z_sigma,0.0,0.05177131597783616,1.6368286862175891,True,0.05177131597701268,1.6368286862175891,16,True,True
7,0,z_sigma,0.1,0.09102777884405504,1.636900901868261,True,0.09102777884405504,1.636900901868261,16,True,True
7,0,z_sigma,0.25,0.19337489297783195,1.6372849519172756,False,0.1933748929779019,1.637284951917276,16,True,True
7,0,z_sigma,0.5,0.37534239476575565,1.638727309733485,False,,,0,False,False
7,0,z_sigma,0.58,0.43406060487770576,1.6394316570972074,False,,,0,False,False
7,0,z_sigma,1.16,0.8573478575633284,1.6501244856011488,False,,,0,False,False
7,1,z_sigma,0.0,0.05107552169098705,0.6186596367145552,True,0.05107552169124374,0.6186596367130658,16,True,True
7,1,z_sigma,0.1,0.10817315549884629,0.6186067994377692,False,0.10817315549868001,0.6186067994362113,16,True,True
7,1,z_sigma,0.25,0.24390368313574798,0.6186440043363935,False,0.2092537945924886,0.3199536989504832,10,False,False
7,1,z_sigma,0.5,0.47910226305889664,0.6195494437294986,False,0.21541120420865784,0.6206881762065499,10,False,False
7,1,z_sigma,0.58,0.5532849816220733,0.6214287789543687,False,0.2157922588857266,0.7187984732296128,10,False,False
7,1,z_sigma,1.16,0.6172311918898309,1.1106556849805096,False,0.21665528647923096,1.4330061932382832,10,False,False
7,2,z_sigma,0.0,0.05175615583218509,0.6784951316917281,True,0.05175615583217639,0.6784951316917098,16,True,True
7,2,z_sigma,0.1,0.08741058226407383,0.6785001232565985,True,0.0874105822640204,0.6785001232512434,16,True,True
7,2,z_sigma,0.25,0.18339810416151042,0.6785182064619035,False,0.1556043755935391,0.6767379990039353,15,True,True
7,2,z_sigma,0.5,0.3555313653622916,0.6785959889272085,False,0.25658409397794957,0.4822893138410612,10,False,False
7,2,z_sigma,0.58,0.4112454727805904,0.6786471130677992,False,0.27765844483363666,0.5188296037207899,10,False,False
7,2,z_sigma,1.16,0.6777136698117241,0.8186156691682842,False,0.2949165082712729,0.9410799882599824,9,False,False
7,3,z_sigma,0.0,0.051124256767248216,0.6017030450315198,True,0.051124256767237176,0.6017030450194274,16,True,True
7,3,z_sigma,0.1,0.08654444169131428,0.6017702984616716,True,0.0865444416914721,0.6017702984737661,16,True,True
7,3,z_sigma,0.25,0.18233873756798655,0.6019389648147095,False,0.18233873756820204,0.6019389647784518,16,True,True
7,3,z_sigma,0.5,0.3537028236796955,0.6026100482870926,False,0.23225524306816897,0.4372000878106463,11,False,False
7,3,z_sigma,0.58,0.4089185642573014,0.6030960321100596,False,0.23323505574627643,0.5047054761487652,11,False,False
7,3,z_sigma,1.16,0.5988931730998445,0.8190854744555908,False,0.23509239072664218,1.0008955309090908,11,False,False
7,4,z_sigma,0.0,0.051777480152047285,1.633656245555259,True,0.051777480151379826,1.6336562455597112,16,True,True
7,4,z_sigma,0.1,0.0688310234244452,1.6337066439338395,True,0.06883102342442798,1.6337066439338392,16,True,True
7,4,z_sigma,0.25,0.12559074706233417,1.6339704112608182,False,0.12559074700442266,1.6339704112608162,16,True,True
7,4,z_sigma,0.5,0.23517969300596378,1.6349286957916178,False,0.24063449431817355,1.4329303162015585,15,True,True
7,4,z_sigma,0.58,0.27114300088276766,1.6353796987702514,False,0.24510799151498316,1.204302586748881,13,False,False
7,4,z_sigma,1.16,0.5336536380297813,1.6411405976110958,False,,,0,False,False
7,5,z_sigma,0.0,0.05176988682016089,0.7806915179459066,True,0.05176988682022458,0.780691517936567,16,True,True
7,5,z_sigma,0.1,0.09653789457158697,0.7807499398629189,True,0.09653789457153023,0.7807499398628933,16,True,True
7,5,z_sigma,0.25,0.20880752648211245,0.781069258593032,False,0.1360660456524611,0.7770080758708133,15,True,True
7,5,z_sigma,0.5,0.40620121184493907,0.7825972629006227,False,0.2274965583334845,0.7655967631960825,14,True,False
7,5,z_sigma,0.58,0.4694605572807166,0.7836156680508798,False,0.2610836274462466,0.767866943325053,14,True,False
7,5,z_sigma,1.16,0.7655992879304618,0.9557325767357615,False,,,0,False,False
7,6,z_sigma,0.0,0.05174879343968676,0.6887890978405597,True,0.05174879343993141,0.688789097851163,16,True,True
7,6,z_sigma,0.1,0.09174729798839001,0.6887884965953469,True,0.09174729798825616,0.6887884966270795,16,True,True
7,6,z_sigma,0.25,0.19143702709067284,0.6887921118973521,False,0.19143702709058333,0.6887921119132098,16,True,True
7,6,z_sigma,0.5,0.36879419769585436,0.6888167899488261,False,0.31420452136778115,0.5012391089694117,9,False,False
7,6,z_sigma,0.58,0.4261531170791475,0.6888347563518731,False,0.33681385976691847,0.5434674410803182,9,False,False
7,6,z_sigma,1.16,0.6885251855440548,0.8444479999361841,False,0.30218744996202057,1.1116754219238547,7,False,False
7,7,z_sigma,0.0,0.05161407287939999,0.6813034346247401,True,0.05161407287867292,0.6813034346154303,16,True,True
7,7,z_sigma,0.1,0.07318391646073198,0.6813304899793078,True,0.07318391646067167,0.6813304899738974,16,True,True
7,7,z_sigma,0.25,0.14051186104686428,0.6814029574465549,False,0.14051186104633637,0.6814029574359464,16,True,True
7,7,z_sigma,0.5,0.26698243120074916,0.6816405109461099,False,0.2669824312004733,0.6816405109368489,16,True,True
7,7,z_sigma,0.58,0.3082591307766878,0.6817637848137186,False,,,0,False,False
7,7,z_sigma,1.16,0.6058231983586988,0.6872150373034421,False,,,0,False,False
7,8,z_sigma,0.0,0.051765788529637285,0.674148695683822,True,0.051765788529637285,0.674148695683822,16,True,True
7,8,z_sigma,0.1,0.09957435239613283,0.6743779853991908,True,0.09957435239583791,0.6743779853992069,16,True,True
7,8,z_sigma,0.25,0.21702198358585198,0.6758459250306585,False,0.21702198358585198,0.6758459250306585,16,True,True
7,8,z_sigma,0.5,0.4185737631596513,0.684251489354977,False,0.289779977619482,0.6040341916074249,10,False,False
7,8,z_sigma,0.58,0.47970456061466143,0.6910459999026913,False,0.2583421832940824,0.723331661087477,9,False,False
7,8,z_sigma,1.16,0.6470499114051758,1.0193682254482865,False,0.26756531030311703,1.382266387017731,9,False,False
7,9,z_sigma,0.0,0.0515379745920921,0.7251921262686257,True,0.05153797459217674,0.7251921262686557,16,True,True
7,9,z_sigma,0.1,0.07011430176918694,0.7251853419593953,True,0.07011430176854387,0.7251853419569712,16,True,True
7,9,z_sigma,0.25,0.12685055465829906,0.7251786985064796,False,0.12685055465856634,0.7251786985077219,16,True,True
7,9,z_sigma,0.5,0.23553393059016214,0.7251771280296335,False,0.15574269785011988,0.7502647353543482,15,True,True
7,9,z_sigma,0.58,0.2712185850348216,0.7251794780936348,False,0.16050103439045874,0.7562143255624221,14,False,True
7,9,z_sigma,1.16,0.5329550225673256,0.7252924713142007,False,0.3220184318586733,0.5300938992317604,7,False,False
7,10,z_sigma,0.0,0.05172282739177839,0.7552221742710277,True,0.05172282739100029,0.7552221742758225,16,True,True
7,10,z_sigma,0.1,0.0954379168964333,0.7552315515840224,True,0.09543791689599739,0.7552315515791962,16,True,True
7,10,z_sigma,0.25,0.21081356485552402,0.755373272042603,False,0.14548917762374838,0.7818603823112237,15,True,True
7,10,z_sigma,0.5,0.4141114019192469,0.7561742809658398,False,0.19158001301097424,0.7855373170968283,13,False,False
7,10,z_sigma,0.58,0.4794471857698273,0.7567562559840089,False,0.22088103117681362,0.7859788095026485,13,False,False
7,10,z_sigma,1.16,0.7490709056659887,0.9671121208165274,False,,,0,False,False
7,11,z_sigma,0.0,0.05173958913396772,0.8122543034251536,True,0.05173958913355114,0.8122543034251503,16,True,True
7,11,z_sigma,0.1,0.09211946208763235,0.8123977496437695,True,0.09211946208763235,0.8123977496437694,16,True,True
7,11,z_sigma,0.25,0.19867583019272111,0.8130752325664896,False,0.16637289251458987,0.7713901262472599,15,True,True
7,11,z_sigma,0.5,0.3866678298411431,0.8160447724818428,False,0.36343240372669705,0.4760581799689313,8,False,False
7,11,z_sigma,0.58,0.44666777058409013,0.8178626609323145,False,,,0,False,False
7,11,z_sigma,1.16,0.7683833108931141,0.9471415426207305,False,,,0,False,False
7,12,z_sigma,0.0,0.051766035685234496,0.7851509784076885,True,0.0517660356852425,0.7851509784078605,16,True,True
7,12,z_sigma,0.1,0.06470655220882232,0.7851613662644588,True,0.0647065522085753,0.7851613662574997,16,True,True
7,12,z_sigma,0.25,0.10989995693223194,0.7852071449695434,False,0.10989995693225775,0.785207144970765,16,True,True
7,12,z_sigma,0.5,0.20057229198840068,0.7853731668033529,False,0.19466090551329826,0.7982379690290584,15,True,True
7,12,z_sigma,0.58,0.23063119182399258,0.7854542694796668,False,0.22653350680353512,0.7735924256141877,14,True,False
7,12,z_sigma,1.16,0.45164727529005444,0.7867627888522614,False,0.3078085455143942,0.8072525487597492,5,False,False
7,13,z_sigma,0.0,0.05176559446733529,0.7929946613030388,True,0.05176559446733529,0.7929946613030388,16,True,True
7,13,z_sigma,0.1,0.0908605613084396,0.7930483395306699,True,0.09086056130822978,0.7930483395306634,16,True,True
7,13,z_sigma,0.25,0.19599395207670461,0.7932800433024639,False,0.11572093434332927,0.8205522042373402,15,True,True
7,13,z_sigma,0.5,0.38269912609183215,0.7942814181348108,False,0.21239333535770277,0.8220586450732378,15,True,True
7,13,z_sigma,0.58,0.442797432076198,0.7949012007791515,False,0.20417619563201897,0.8517980861096324,14,False,True
7,13,z_sigma,1.16,0.7759555411826994,0.9042113306712701,False,,,0,False,False
7,14,z_sigma,0.0,0.05173973081117219,0.6287241806253988,True,0.051739730811837296,0.6287241806427255,16,True,True
7,14,z_sigma,0.1,0.07808475820687305,0.6287326490879674,True,0.07808475820713537,0.628732649099544,16,True,True
7,14,z_sigma,0.25,0.15811941917733774,0.628851123064119,False,0.1464522002983879,0.6399089474004396,15,True,True
7,14,z_sigma,0.5,0.30508296199534685,0.6294624874061273,False,0.22822481663873997,0.41394142804322237,10,False,False
7,14,z_sigma,0.58,0.3527051244761169,0.6298562935098285,False,0.1844208805498436,0.46594212766617543,9,False,False
7,14,z_sigma,1.16,0.6174553078839593,0.7159315220663232,False,0.19497024116715245,0.8779589505683572,9,False,False
7,15,z_sigma,0.0,0.05177606774741734,0.6461309364178907,True,0.05177606774775461,0.6461309364136757,16,True,True
7,15,z_sigma,0.1,0.06739282689585163,0.6461307853862566,True,0.06739282689579691,0.6461307853834672,16,True,True
7,15,z_sigma,0.25,0.11912877786442286,0.6461306888494839,False,0.119128777864342,0.6461306888466635,16,True,True
7,15,z_sigma,0.5,0.22037135611215192,0.6461309017498232,False,0.14671244034756453,0.6840534478939639,14,False,True
7,15,z_sigma,0.58,0.25375325062503473,0.6461310908796213,False,0.16688648668296366,0.6843340927952956,14,False,True
7,15,z_sigma,1.16,0.499140715414089,0.6461375599126268,False,0.3001962642738616,0.48606859465430685,10,False,False
8,0,z_sigma,0.0,0.05177131597783616,1.6368286862175891,True,0.05177131597701268,1.6368286862175891,16,True,True
8,0,z_sigma,0.1,0.06219881074880495,1.6370176179465474,True,0.062198810748580004,1.6370176179465474,16,True,True
8,0,z_sigma,0.25,0.1044144576682144,1.6380122733733882,False,0.1044144576679426,1.6380122733733882,16,True,True
8,0,z_sigma,0.5,0.1910284732732945,1.6416037132866605,False,0.1684464308473303,1.4443369305573395,15,True,True
8,0,z_sigma,0.58,0.2197318857123373,1.643279490638775,False,0.19279954645303968,1.447657736392576,15,True,True
8,0,z_sigma,1.16,0.4278018997501583,1.6638560345185032,False,0.33395663296895967,1.2593112358438165,11,False,False
8,1,z_sigma,0.0,0.05107552169098705,0.6186596367145552,True,0.05107552169124374,0.6186596367130658,16,True,True
8,1,z_sigma,0.1,0.09460179663654947,0.6188323512683674,True,0.09460179663680199,0.6188323512668368,16,True,True
8,1,z_sigma,0.25,0.20718022969237276,0.6193718131456006,False,0.2225132352609235,0.30880412824017,11,False,False
8,1,z_sigma,0.5,0.40429277995499013,0.6220857947082533,False,0.15512390684109092,0.48082032109533346,9,False,False
8,1,z_sigma,0.58,0.4663954870051512,0.6245261082658641,False,0.1567806685240536,0.5485524039910024,9,False,False
8,1,z_sigma,1.16,0.6120626376064853,0.9488346352013437,False,0.15966553931758146,1.0586926969331898,9,False,False
8,2,z_sigma,0.0,0.05175615583218509,0.6784951316917281,True,0.05175615583217639,0.6784951316917098,16,True,True
8,2,z_sigma,0.1,0.07815355105285914,0.6786629110760551,True,0.07815355105257049,0.6786629110706878,16,True,True
8,2,z_sigma,0.25,0.15077955005049806,0.6795070328052243,False,0.15077955005029636,0.6795070328159367,16,True,True
8,2,z_sigma,0.5,0.28341454808139926,0.6830277442580996,False,0.27483285412185277,0.5564598408249395,12,False,False
8,2,z_sigma,0.58,0.3259267937873977,0.6850076958532529,False,0.28839475996890485,0.5286130791475722,11,False,False
8,2,z_sigma,1.16,0.5851989111167323,0.7522336144765638,False,0.32734697697838083,0.8925369023297153,9,False,False
8,3,z_sigma,0.0,0.051124256767248216,0.6017030450315198,True,0.051124256767237176,0.6017030450194274,16,True,True
8,3,z_sigma,0.1,0.09451110518190495,0.6017153445910759,True,0.09451110518171245,0.6017153445910739,16,True,True
8,3,z_sigma,0.25,0.2069079006957524,0.6017434526622337,False,0.23364373693564092,0.25596488130621253,11,False,False
8,3,z_sigma,0.5,0.40531767244932704,0.6018678995838257,False,0.23919910238789727,0.4952423455560709,11,False,False
8,3,z_sigma,0.58,0.4693018400483023,0.6019875330637142,False,0.23928417420654663,0.5738889813862295,11,False,False
8,3,z_sigma,1.16,0.6014750707441655,0.9364031068898141,False,0.23945007007987013,1.1457639051037107,11,False,False
8,4,z_sigma,0.0,0.051777480152047285,1.633656245555259,True,0.051777480151379826,1.6336562455597112,16,True,True
8,4,z_sigma,0.1,0.06970134861112555,1.6338883438707257,True,0.06970134861112554,1.6338883438707252,16,True,True
8,4,z_sigma,0.25,0.13475601026624348,1.6351090820490304,False,0.10977104905558743,1.430982426937243,15,True,True
8,4,z_sigma,0.5,0.2583912649738278,1.639562138058404,False,0.1345253784656083,1.1945969927269193,13,False,False
8,4,z_sigma,0.58,0.29859281063876497,1.6416659813273016,False,0.15410094738116573,1.1955728485659625,13,False,False
8,4,z_sigma,1.16,0.5856823168692895,1.6688863369379745,False,0.300837472352311,1.2075059383009348,13,False,False
8,5,z_sigma,0.0,0.05176988682016089,0.7806915179459066,True,0.05176988682022458,0.780691517936567,16,True,True
8,5,z_sigma,0.1,0.09014041858945697,0.7807788381051421,True,0.09014041858933348,0.7807788381237786,16,True,True
8,5,z_sigma,0.25,0.19209750728116054,0.7812763636136671,False,0.1853368492866088,0.7610345448051318,15,True,True
8,5,z_sigma,0.5,0.3729289737074056,0.7835540965055625,False,0.2866945150547504,0.7960288434377486,14,False,True
8,5,z_sigma,0.58,0.43082362173081706,0.7849663698569179,False,0.3079156888828534,0.7249795874861217,11,False,False
8,5,z_sigma,1.16,0.7447109222499447,0.9037890768253747,False,,,0,False,False
8,6,z_sigma,0.0,0.05174879343968676,0.6887890978405597,True,0.05174879343993141,0.688789097851163,16,True,True
8,6,z_sigma,0.1,0.07783483213697452,0.6887943367293329,True,0.07783483213700655,0.688794336745174,16,True,True
8,6,z_sigma,0.25,0.1526229550158281,0.6888437772987382,False,0.15262295501593595,0.688843777298776,16,True,True
8,6,z_sigma,0.5,0.29053089105733476,0.6890739417584044,False,0.15550332708510303,0.7620390487716748,13,False,False
8,6,z_sigma,0.58,0.3353879889199813,0.6892084536535182,False,0.17749811861776946,0.7620759876960292,13,False,False
8,6,z_sigma,1.16,0.6519155291851897,0.7015396181665469,False,0.3176398822171813,0.7983549949916261,6,False,False
8,7,z_sigma,0.0,0.05161407287939999,0.6813034346247401,True,0.05161407287867292,0.6813034346154303,16,True,True
8,7,z_sigma,0.1,0.10154577470249275,0.6814351559740351,True,0.0702943703538656,0.6958281252735675,15,True,True
8,7,z_sigma,0.25,0.22423703481419696,0.6819597997676766,False,0.12332097948482987,0.6981341317218346,15,True,True
8,7,z_sigma,0.5,0.4375170084757731,0.6847824158563323,False,0.21870883489571988,0.6328764871453947,13,False,False
8,7,z_sigma,0.58,0.504760809646594,0.6872703463151647,False,0.16945352967113755,0.5629773617997142,11,False,False
8,7,z_sigma,1.16,0.6732723784791339,1.026358365853554,False,0.1595081922215076,0.8374479577633498,10,False,False
8,8,z_sigma,0.0,0.051765788529637285,0.674148695683822,True,0.051765788529637285,0.674148695683822,16,True,True
8,8,z_sigma,0.1,0.09803710540469979,0.6745007634240439,False,0.09958148545510966,0.7225258468618848,13,False,False
8,8,z_sigma,0.25,0.21208232330401283,0.6766995809679167,False,0.2140684679002092,0.7002879953354499,14,False,True
8,8,z_sigma,0.5,0.40621949458551465,0.6887627743437018,False,0.19380155126393742,0.6538261655864783,9,False,False
8,8,z_sigma,0.58,0.4639594876080819,0.6978544502341976,False,0.19781797915523738,0.7321209804865789,9,False,False
8,8,z_sigma,1.16,0.632790926345028,1.017563657689795,False,0.11075976437723531,1.440692276906307,8,False,False
8,9,z_sigma,0.0,0.0515379745920921,0.7251921262686257,True,0.05153797459217674,0.7251921262686557,16,True,True
8,9,z_sigma,0.1,0.09970029058463346,0.7253202543843452,True,0.09970029058428072,0.7253202543806678,16,True,True
8,9,z_sigma,0.25,0.22032782535982973,0.7257976550442773,False,0.21179955206149323,0.7000427846164291,15,True,True
8,9,z_sigma,0.5,0.4308197362945544,0.7280993621048375,False,0.25105187595951167,0.7428377368641275,13,False,False
8,9,z_sigma,0.58,0.49773790884257046,0.7298621870986512,False,0.28888272397490605,0.7438835011081992,13,False,False
8,9,z_sigma,1.16,0.7154407900498818,1.0121681475639424,False,0.38696932740146184,1.2046615962428597,9,False,False
8,10,z_sigma,0.0,0.05172282739177839,0.7552221742710277,True,0.05172282739100029,0.7552221742758225,16,True,True
8,10,z_sigma,0.1,0.10669424475995916,0.7552214631344618,False,0.10669424475988268,0.7552214631440827,16,True,True
8,10,z_sigma,0.25,0.23610528929606722,0.7552206495915931,False,0.1401572799299809,0.7779278461596869,15,True,True
8,10,z_sigma,0.5,0.46167480369545716,0.7552197329386977,False,0.22844622826957803,0.8062324750543853,14,False,True
8,10,z_sigma,0.58,0.5343628335603241,0.7552195310430938,False,,,0,False,False
8,10,z_sigma,1.16,0.7552181594514638,1.062962148997515,False,,,0,False,False
8,11,z_sigma,0.0,0.05173958913396772,0.8122543034251536,True,0.05173958913355114,0.8122543034251503,16,True,True
8,11,z_sigma,0.1,0.08798246716046448,0.812397425652235,True,0.08798246716083465,0.8123974256701249,16,True,True
8,11,z_sigma,0.25,0.18649957522799562,0.8133381613389495,False,0.18649957522825517,0.8133381613478371,16,True,True
8,11,z_sigma,0.5,0.36118828091137056,0.8175974706993531,False,0.30549024230441085,0.7604251218360787,11,False,False
8,11,z_sigma,0.58,0.41675792552668633,0.8201193566257824,False,0.32658761854791263,0.7641192817428173,10,False,False
8,11,z_sigma,1.16,0.7318404009670658,0.9298529823440805,False,,,0,False,False
8,12,z_sigma,0.0,0.051766035685234496,0.7851509784076885,True,0.0517660356852425,0.7851509784078605,16,True,True
8,12,z_sigma,0.1,0.08582333778574129,0.7851521692802317,True,0.08582333778573184,0.7851521692798064,16,True,True
8,12,z_sigma,0.25,0.17883234170293677,0.7851561609702026,False,0.17883234170267995,0.7851561609785827,16,True,True
8,12,z_sigma,0.5,0.3462654262290887,0.7851713395252371,False,0.28070515742405916,0.5418513691863542,7,False,False
8,12,z_sigma,0.58,0.4005135535226305,0.7851799936807964,False,0.29764998975078144,0.5941360001561938,7,False,False
8,12,z_sigma,1.16,0.7828457644280126,0.7983955850124497,False,0.3340804952927983,1.0667298538002878,7,False,False
8,13,z_sigma,0.0,0.05176559446733529,0.7929946613030388,True,0.05176559446733529,0.7929946613030388,16,True,True
8,13,z_sigma,0.1,0.06582901754602508,0.7933302915327957,True,0.06582901754616388,0.7933302915327856,16,True,True
8,13,z_sigma,0.25,0.11806589405219492,0.7949416211608175,False,0.10611831443568863,0.8211149202692074,15,True,True
8,13,z_sigma,0.5,0.21979803291259245,0.8009574130233006,False,0.16223194481193798,0.8896096421934439,13,False,False
8,13,z_sigma,0.58,0.2527041905012599,0.8039351530366783,False,0.18542102351631418,0.8925037386181227,13,False,False
8,13,z_sigma,1.16,0.47263823407746147,0.8513951140111717,False,0.20479055913367838,0.919039635082619,8,False,False
8,14,z_sigma,0.0,0.05173973081117219,0.6287241806253988,True,0.051739730811837296,0.6287241806427255,16,True,True
8,14,z_sigma,0.1,0.10372533266971136,0.6287696601989207,False,0.10372533266947744,0.628769660210487,16,True,True
8,14,z_sigma,0.25,0.2292098486002673,0.6289657241147241,False,0.21976925478151552,0.5860110142787234,14,True,False
8,14,z_sigma,0.5,0.44774982750460207,0.6302411813556418,False,0.25620991872100485,0.5497232020297145,10,False,False
8,14,z_sigma,0.58,0.5170929930363273,0.631778237809154,False,0.26028565186922703,0.6280722177355673,10,False,False
8,14,z_sigma,1.16,0.6265443772924876,1.037992913051895,False,0.22260898530979498,1.2904402518206335,9,False,False
8,15,z_sigma,0.0,0.05177606774741734,0.6461309364178907,True,0.05177606774775461,0.6461309364136757,16,True,True
8,15,z_sigma,0.1,0.07564774944750224,0.6463111655616084,True,0.07564774944781827,0.646311165560183,16,True,True
8,15,z_sigma,0.25,0.14889114896676015,0.6473577150544576,False,0.14889114896693836,0.6473577150544587,16,True,True
8,15,z_sigma,0.5,0.2832659643153238,0.6519475079528227,False,0.24262138181410056,0.5858458546342027,13,False,False
8,15,z_sigma,0.58,0.3260688463162621,0.6546134040232483,False,0.2337009705115666,0.48569913411629917,11,False,False
8,15,z_sigma,1.16,0.5662258923476949,0.7484246223751982,False,0.26945703693519907,0.7739279129604464,10,False,False
9,0,z_sigma,0.0,0.05177131597783616,1.6368286862175891,True,0.05177131597701268,1.6368286862175891,16,True,True
9,0,z_sigma,0.1,0.07223009136939322,1.6371104612763945,True,0.07223009136919654,1.6371104612763945,16,True,True
9,0,z_sigma,0.25,0.1344024771766855,1.6385974698132844,False,0.1344024771762635,1.6385974698132844,16,True,True
9,0,z_sigma,0.5,0.25144116831073626,1.6440140125666831,False,0.21276190956563934,1.6466756586413263,15,True,True
9,0,z_sigma,0.58,0.28945586129230516,1.6465662584136211,False,0.2642541069070017,1.4535289628304329,15,True,True
9,0,z_sigma,1.16,0.5597420294969881,1.6791371831870432,False,,,0,False,False
9,1,z_sigma,0.0,0.05107552169098705,0.6186596367145552,True,0.05107552169124374,0.6186596367130658,16,True,True
9,1,z_sigma,0.1,0.0785007112458259,0.6186905142523331,True,0.07850071124628252,0.6186905142508057,16,True,True
9,1,z_sigma,0.25,0.15677565972892069,0.6187554025811672,False,0.15677565972904878,0.6187554025796782,16,True,True
9,1,z_sigma,0.5,0.3001950130239023,0.6189536132004879,False,0.2479192405801008,0.2607102121993433,8,False,False
9,1,z_sigma,0.58,0.34678375177217285,0.6190644310148452,False,0.24976435630853977,0.29924087326680954,8,False,False
9,1,z_sigma,1.16,0.6154366933556484,0.6914247801018768,False,0.22145653626394796,0.8866173256641877,10,False,False
9,2,z_sigma,0.0,0.05175615583218509,0.6784951316917281,True,0.05175615583217639,0.6784951316917098,16,True,True
9,2,z_sigma,0.1,0.06293680072941392,0.6785268582055763,True,0.06293680072946427,0.6785268582055335,16,True,True
9,2,z_sigma,0.25,0.10264286558519062,0.6786665726113283,False,0.10264286558515162,0.6786665726113282,16,True,True
9,2,z_sigma,0.5,0.1839917880211328,0.6791763259535107,False,0.14332320522894243,0.7024883263880727,15,True,True
9,2,z_sigma,0.58,0.21108640910604096,0.6794272158206777,False,0.16287985521528192,0.7028334504947663,15,True,True
9,2,z_sigma,1.16,0.4094561768048958,0.6836342369324305,False,0.282879900188788,0.5407283620915458,10,False,False
9,3,z_sigma,0.0,0.051124256767248216,0.6017030450315198,True,0.051124256767237176,0.6017030450194274,16,True,True
9,3,z_sigma,0.1,0.09965856173195317,0.6018192230386807,True,0.09965856173190166,0.6018192230507786,16,True,True
9,3,z_sigma,0.25,0.22390304321074203,0.6021670624760936,False,0.23493959998318337,0.30963588410289417,12,False,False
9,3,z_sigma,0.5,0.4402236562230651,0.6042609592647924,False,0.23290634725743029,0.5444114862565508,11,False,False
9,3,z_sigma,0.58,0.507928243856562,0.6069932145718641,False,0.23351036216155735,0.6301921939758418,11,False,False
9,3,z_sigma,1.16,0.5990102928682509,1.0283623613956367,False,0.23481252866602287,1.2564679618864032,11,False,False
9,4,z_sigma,0.0,0.051777480152047285,1.633656245555259,True,0.051777480151379826,1.6336562455597112,16,True,True
9,4,z_sigma,0.1,0.06920307595995259,1.6337370297267033,True,0.06920307574970853,1.6337370297267022,16,True,True
9,4,z_sigma,0.25,0.1253896384160213,1.6341604869912516,False,0.12538963835803044,1.6341604869912485,16,True,True
9,4,z_sigma,0.5,0.23362271734197268,1.6356986058229654,False,0.15456796493398942,1.1950467886560752,13,False,False
9,4,z_sigma,0.58,0.26911417995699377,1.636422041407731,False,0.17580112839504958,1.1961838421172253,13,False,False
9,4,z_sigma,1.16,0.527390602295582,1.6456284623813708,False,,,0,False,False
9,5,z_sigma,0.0,0.05176988682016089,0.7806915179459066,True,0.05176988682022458,0.780691517936567,16,True,True
9,5,z_sigma,0.1,0.07273840346343172,0.780769784059272,True,0.07273840346254738,0.7807697840685887,16,True,True
9,5,z_sigma,0.25,0.14050740973053924,0.7812034596365148,False,0.14050740973044568,0.7812034596365287,16,True,True
9,5,z_sigma,0.5,0.26765139841229807,0.7829503492410432,False,0.26765139841213254,0.7829503492318179,16,True,True
9,5,z_sigma,0.58,0.3089297419648989,0.7838729668776051,False,,,0,False,False
9,5,z_sigma,1.16,0.5963300081518057,0.8061750178110342,False,,,0,False,False
9,6,z_sigma,0.0,0.05174879343968676,0.6887890978405597,True,0.05174879343993141,0.688789097851163,16,True,True
9,6,z_sigma,0.1,0.10755508202769765,0.6887896109137834,False,0.10755508202749463,0.6887896108980143,16,True,True
9,6,z_sigma,0.25,0.24285710979704037,0.6888057924182863,False,0.1722207399780249,0.712321662732489,15,True,True
9,6,z_sigma,0.5,0.47832173700547,0.6889316206585683,False,0.2822560993652281,0.73460181443617,14,True,False
9,6,z_sigma,0.58,0.5540673505648309,0.6890784692727862,False,0.33635977143287404,0.6966164483478366,13,True,False
9,6,z_sigma,1.16,0.6885080269898702,1.106476376253367,False,0.3324683650031759,1.4892611865309566,8,False,False
9,7,z_sigma,0.0,0.05161407287939999,0.6813034346247401,True,0.05161407287867292,0.6813034346154303,16,True,True
9,7,z_sigma,0.1,0.07801693646373696,0.6813946386228836,True,0.07801693646385921,0.6813946386175089,16,True,True
9,7,z_sigma,0.25,0.15508470175349665,0.6817138313453226,False,0.1550847017540749,0.6817138313505254,16,True,True
9,7,z_sigma,0.5,0.29652311472184845,0.6829371954800031,False,0.20620198375663332,0.70434228304886,15,True,True
9,7,z_sigma,0.58,0.3422908224503076,0.6836285553311485,False,0.23699026961634126,0.7057276718256907,15,True,True
9,7,z_sigma,1.16,0.6360136634694176,0.7296065100510917,False,,,0,False,False
9,8,z_sigma,0.0,0.051765788529637285,0.674148695683822,True,0.051765788529637285,0.674148695683822,16,True,True
9,8,z_sigma,0.1,0.08323547164096932,0.6742942002683835,True,0.08323547164130055,0.6742942002684059,16,True,True
9,8,z_sigma,0.25,0.1726890991749997,0.6752118660835007,False,0.1726890991749997,0.6752118660835007,16,True,True
9,8,z_sigma,0.5,0.3327560913838115,0.6795585266933077,False,0.3279019069593869,0.49874702585461733,12,False,False
9,8,z_sigma,0.58,0.3834743364063326,0.6823077016959834,False,0.3367725195698719,0.5369263544337531,11,False,False
9,8,z_sigma,1.16,0.6284834714762267,0.8285002862707614,False,0.31089572938439536,1.1021597242912031,9,False,False
9,9,z_sigma,0.0,0.0515379745920921,0.7251921262686257,True,0.05153797459217674,0.7251921262686557,16,True,True
9,9,z_sigma,0.1,0.07094922734206029,0.7251875823714221,True,0.07094922734199276,0.7251875823702104,16,True,True
9,9,z_sigma,0.25,0.1330707437443765,0.7251822792193292,False,0.13307074374430816,0.7251822792180876,16,True,True
9,9,z_sigma,0.5,0.25123471198632985,0.7251770737693334,False,0.2476250723309422,0.698017300868521,15,True,True
9,9,z_sigma,0.58,0.2899351257541253,0.7251763937391049,False,0.28545899316489376,0.6983288761399595,15,True,True
9,9,z_sigma,1.16,0.5734545022051198,0.7252046774525996,False,0.3954112992324872,0.7038327672009821,8,False,False
9,10,z_sigma,0.0,0.05172282739177839,0.7552221742710277,True,0.05172282739100029,0.7552221742758225,16,True,True
9,10,z_sigma,0.1,0.06643445018888129,0.7552502917673115,True,0.06643445018886475,0.7552502917769429,16,True,True
9,10,z_sigma,0.25,0.11530167659002585,0.7555146738741422,False,0.11530167659004831,0.7555146738644695,16,True,True
9,10,z_sigma,0.5,0.2114512734100608,0.7566221511870749,False,0.21145127341009637,0.7566221511918753,16,True,True
9,10,z_sigma,0.58,0.24309638776880788,0.7571889597736607,False,0.24309638776864106,0.7571889597737095,16,True,True
9,10,z_sigma,1.16,0.47089532252469424,0.7672426050477843,False,,,0,False,False
9,11,z_sigma,0.0,0.05173958913396772,0.8122543034251536,True,0.05173958913355114,0.8122543034251503,16,True,True
9,11,z_sigma,0.1,0.07486469133223089,0.8123292379470125,True,0.07486469133223018,0.8123292379380554,16,True,True
9,11,z_sigma,0.25,0.14801055822266332,0.8126536996799937,False,0.14801055822257914,0.8126536996889446,16,True,True
9,11,z_sigma,0.5,0.2839390750786662,0.8138939400728789,False,0.2167386127012018,0.8260703170635174,15,True,True
9,11,z_sigma,0.58,0.32806164354522455,0.8145445075243157,False,0.2491737182125383,0.8281192320205661,15,True,True
9,11,z_sigma,1.16,0.6389332821492097,0.8315300034893522,False,,,0,False,False
9,12,z_sigma,0.0,0.051766035685234496,0.7851509784076885,True,0.0517660356852425,0.7851509784078605,16,True,True
9,12,z_sigma,0.1,0.06567763008384225,0.7851557363120905,True,0.06567763008369379,0.78515573630781,16,True,True
9,12,z_sigma,0.25,0.10636838143057083,0.7851902191960712,False,0.10636838143069068,0.7851902192014285,16,True,True
9,12,z_sigma,0.5,0.18736147786328705,0.7853270586874607,False,0.18455894471835857,0.797564010876485,15,True,True
9,12,z_sigma,0.58,0.21427211374825889,0.7853947917529549,False,0.2106902552821863,0.7975703186186831,15,True,True
9,12,z_sigma,1.16,0.41265095005335073,0.7864355588724969,False,0.25355539720232834,0.6833141981270046,5,False,False
9,13,z_sigma,0.0,0.05176559446733529,0.7929946613030388,True,0.05176559446733529,0.7929946613030388,16,True,True
9,13,z_sigma,0.1,0.09601154244811407,0.7930097306669263,True,0.09601154244811407,0.793009730666926,16,True,True
9,13,z_sigma,0.25,0.20877086618305224,0.7930639454439414,False,0.20877086618314078,0.7930639454439347,16,True,True
9,13,z_sigma,0.5,0.4077587757511566,0.7932939275206143,False,,,0,False,False
9,13,z_sigma,0.58,0.47194441217999816,0.7934424518435962,False,,,0,False,False
9,13,z_sigma,1.16,0.7904134928986337,0.9433008148218135,False,,,0,False,False
9,14,z_sigma,0.0,0.05173973081117219,0.6287241806253988,True,0.051739730811837296,0.6287241806427255,16,True,True
9,14,z_sigma,0.1,0.06546632619201945,0.6287497409610932,True,0.0654663261921411,0.6287497409784593,16,True,True
9,14,z_sigma,0.25,0.11515270781450143,0.62883929745685,False,0.1151527078144733,0.6288392974857342,16,True,True
9,14,z_sigma,0.5,0.2137144888386391,0.6291567501115342,False,0.21371448883865388,0.6291567501288527,16,True,True
9,14,z_sigma,0.58,0.2462416729897419,0.6293185297237471,False,0.24624167298963703,0.6293185297352649,16,True,True
9,14,z_sigma,1.16,0.48294011977094986,0.6332666948936454,False,0.24113251045283426,0.6730903049071181,9,False,False
9,15,z_sigma,0.0,0.05177606774741734,0.6461309364178907,True,0.05177606774775461,0.6461309364136757,16,True,True
9,15,z_sigma,0.1,0.07803157070622348,0.6461822934184682,True,0.07803157070618835,0.6461822934157271,16,True,True
9,15,z_sigma,0.25,0.15728699887052183,0.6464408169432576,False,0.15728699887050093,0.6464408169418356,16,True,True
9,15,z_sigma,0.5,0.30270787359624823,0.6475814233691973,False,0.1317983104852511,0.6843011316259308,14,False,True
9,15,z_sigma,0.58,0.34972389396328246,0.6482757521771159,False,0.15069311288176016,0.6846679357394896,14,False,True
9,15,z_sigma,1.16,0.6223470755045568,0.7244124105848374,False,0.13403312911344342,0.5283823377520939,8,False,False
10,0,z_sigma,0.0,0.05177131597783616,1.6368286862175891,True,0.05177131597701268,1.6368286862175891,16,True,True
10,0,z_sigma,0.1,0.0721204805631159,1.6368289112080538,True,0.0721204805627216,1.6368289112080625,16,True,True
10,0,z_sigma,0.25,0.13604743265544672,1.6368300994417235,False,0.13604743265555116,1.6368300994417235,16,True,True
10,0,z_sigma,0.5,0.2570803299234932,1.636834442046019,False,0.20191421108424779,1.4381539029954065,15,True,True
10,0,z_sigma,0.58,0.29668568031342263,1.6368364968137559,False,0.2317045696235685,1.4393156076801596,15,True,True
10,0,z_sigma,1.16,0.5867373593761819,1.636863356982307,False,,,0,False,False
10,1,z_sigma,0.0,0.05107552169098705,0.6186596367145552,True,0.05107552169124374,0.6186596367130658,16,True,True
10,1,z_sigma,0.1,0.07248628019639668,0.6187635004374394,True,0.072486280196231,0.6187635004374391,16,True,True
10,1,z_sigma,0.25,0.13715428239336414,0.6190311826457954,False,0.07228184670454042,0.664204237732134,14,True,False
10,1,z_sigma,0.5,0.25847948513814095,0.619907440622474,False,0.11007304363654277,0.6646061164597322,14,True,False
10,1,z_sigma,0.58,0.2979791369614009,0.6203712356962813,False,0.1237097972394752,0.6647751147260094,14,True,False
10,1,z_sigma,1.16,0.5660773531928694,0.644995727401394,False,0.17594850115214397,0.42701302363313054,9,False,False
10,2,z_sigma,0.0,0.05175615583218509,0.6784951316917281,True,0.05175615583217639,0.6784951316917098,16,True,True
10,2,z_sigma,0.1,0.11361997190954264,0.6784945213279071,False,0.1136199719095213,0.6784945213386137,16,True,True
10,2,z_sigma,0.25,0.2580275668109009,0.6784974588957385,False,0.18023937014285704,0.7003833582454194,14,True,False
10,2,z_sigma,0.5,0.5081289633724354,0.6785305646968374,False,0.29659424459265077,0.5298882541468826,9,False,False
10,2,z_sigma,0.58,0.5885872979243356,0.6785854357316722,False,0.3152237230035907,0.5800279415159412,9,False,False
10,2,z_sigma,1.16,0.6784414497741709,1.173949666727549,False,0.28040711705634985,1.1982827784836998,7,False,False
10,3,z_sigma,0.0,0.051124256767248216,0.6017030450315198,True,0.051124256767237176,0.6017030450194274,16,True,True
10,3,z_sigma,0.1,0.062285622929452084,0.6017150687161068,True,0.06228562292944609,0.6017150687161055,16,True,True
10,3,z_sigma,0.25,0.1046112878932249,0.6017366923424162,False,0.1046112878934755,0.6017366923424167,16,True,True
10,3,z_sigma,0.5,0.19101406802356558,0.601786342789653,False,0.1910140680238342,0.6017863427775665,16,True,True
10,3,z_sigma,0.58,0.21975745186076556,0.6018074362104087,False,0.23320035853260052,0.27213034896259786,11,False,False
10,3,z_sigma,1.16,0.43174090662510844,0.602182848287928,False,0.23855618360876982,0.528439954020164,11,False,False
10,4,z_sigma,0.0,0.051777480152047285,1.633656245555259,True,0.051777480151379826,1.6336562455597112,16,True,True
10,4,z_sigma,0.1,0.072341229367831,1.6336871595491744,True,0.07234122936783792,1.6336871595491742,16,True,True
10,4,z_sigma,0.25,0.1362543640313409,1.6338487688419827,True,0.08410509172906037,1.4314314849350207,15,True,True
10,4,z_sigma,0.5,0.2570723944862561,1.6344380150640618,False,0.13674532842219378,1.433055128540245,15,True,True
10,4,z_sigma,0.58,0.2965703415962442,1.6347165973578113,False,0.15482718728270642,1.433812777936474,15,True,True
10,4,z_sigma,1.16,0.5848594508068148,1.6383498077927516,False,,,0,False,False
10,5,z_sigma,0.0,0.05176988682016089,0.7806915179459066,True,0.05176988682022458,0.780691517936567,16,True,True
10,5,z_sigma,0.1,0.08193475792944989,0.7809996067358995,True,0.08193475792976486,0.7809996067638466,16,True,True
10,5,z_sigma,0.25,0.1651007939528577,0.7827045549378548,False,0.16510079395271565,0.7827045549378803,16,True,True
10,5,z_sigma,0.5,0.31389831996982476,0.7898578627475905,False,0.22077845021406214,0.7630180171119663,14,True,False
10,5,z_sigma,0.58,0.3608948820579689,0.793815351674378,False,0.25369668197253264,0.7642840420238439,14,True,False
10,5,z_sigma,1.16,0.6343888092163614,0.8950413106484029,False,,,0,False,False
10,6,z_sigma,0.0,0.05174879343968676,0.6887890978405597,True,0.05174879343993141,0.688789097851163,16,True,True
10,6,z_sigma,0.1,0.0866785002118832,0.6887938889123185,True,0.0866785002124314,0.6887938889281767,16,True,True
10,6,z_sigma,0.25,0.18006362544360652,0.6888412077673568,False,0.1800636254437768,0.6888412077832271,16,True,True
10,6,z_sigma,0.5,0.34777179231322713,0.6890838263506717,False,0.3365327880829374,0.508162808184388,8,False,False
10,6,z_sigma,0.58,0.4020286454585128,0.6892443685414674,False,0.3380002520205367,0.586967002426073,8,False,False
10,6,z_sigma,1.16,0.6852636987733715,0.8027704640484127,False,0.34005708583411576,1.167456332162002,8,False,False
10,7,z_sigma,0.0,0.05161407287939999,0.6813034346247401,True,0.05161407287867292,0.6813034346154303,16,True,True
10,7,z_sigma,0.1,0.09232432759877829,0.6813167685155654,True,0.09232432759963528,0.6813167685167248,16,True,True
10,7,z_sigma,0.25,0.20129932187043503,0.6813494466136318,False,0.20129932186984736,0.6813494465977709,16,True,True
10,7,z_sigma,0.5,0.39457431176219304,0.6814763114975229,False,,,0,False,False
10,7,z_sigma,0.58,0.4569757167101582,0.6815665437494514,False,,,0,False,False
10,7,z_sigma,1.16,0.6807297459161349,0.9128147998288096,False,,,0,False,False
10,8,z_sigma,0.0,0.051765788529637285,0.674148695683822,True,0.051765788529637285,0.674148695683822,16,True,True
10,8,z_sigma,0.1,0.07371842989685487,0.6743161622774786,True,0.06610295664241138,0.6914456985195279,15,True,True
10,8,z_sigma,0.25,0.14652898483575585,0.6751390787655153,False,0.11965551565816115,0.6929568707027283,15,True,True
10,8,z_sigma,0.5,0.28145642989967445,0.6785635307005928,False,0.09545567684032566,0.5028082218232157,10,False,False
10,8,z_sigma,0.58,0.32477004095974643,0.6804983147435052,False,0.10889126168516673,0.5308974495934741,10,False,False
10,8,z_sigma,1.16,0.5872824382609334,0.7500066018852644,False,0.16244963514419272,0.8007292015585773,10,False,False
10,9,z_sigma,0.0,0.0515379745920921,0.7251921262686257,True,0.05153797459217674,0.7251921262686557,16,True,True
10,9,z_sigma,0.1,0.07976110354145484,0.7254003368308001,True,0.07976110354146365,0.725400336829565,16,True,True
10,9,z_sigma,0.25,0.16077903861379106,0.7262017238971695,False,0.16077903861396017,0.7262017238996175,16,True,True
10,9,z_sigma,0.5,0.30780214727483113,0.7293384240589041,False,0.2431420943204372,0.7630284388266294,14,False,True
10,9,z_sigma,0.58,0.354950559663207,0.7310946870104702,False,0.2796455217718109,0.7657536747437862,14,False,True
10,9,z_sigma,1.16,0.6431004056504703,0.8009292649403168,False,0.3353092622045131,0.8379007994714345,8,False,False
10,10,z_sigma,0.0,0.05172282739177839,0.7552221742710277,True,0.05172282739100029,0.7552221742758225,16,True,True
10,10,z_sigma,0.1,0.08008388899080258,0.75539388855266,True,0.08008388899061993,0.755393888557482,16,True,True
10,10,z_sigma,0.25,0.1679186803124196,0.7561648759139192,False,0.16791868031235405,0.7561648759283455,16,True,True
10,10,z_sigma,0.5,0.3268340964192563,0.7593540743201862,False,,,0,False,False
10,10,z_sigma,0.58,0.37772490937934394,0.7611868453882091,False,,,0,False,False
10,10,z_sigma,1.16,0.6810512893180649,0.8435066342137125,False,,,0,False,False
10,11,z_sigma,0.0,0.05173958913396772,0.8122543034251536,True,0.05173958913355114,0.8122543034251503,16,True,True
10,11,z_sigma,0.1,0.08388823095970357,0.8127134213817663,False,0.05781495345461211,0.7694689435253176,14,True,False
10,11,z_sigma,0.25,0.1730910763067739,0.8154779185007577,False,0.0650642953956217,0.7695725541747335,14,True,False
10,11,z_sigma,0.5,0.33013638194027306,0.8272785927170079,False,0.08406657082583728,0.7699221669329802,14,True,False
10,11,z_sigma,0.58,0.37886821457604525,0.8338145989329107,False,0.09126305207943765,0.7700815195796579,14,True,False
10,11,z_sigma,1.16,0.641508060610582,0.9788981660435857,False,0.1502130093671788,0.7719616324526869,14,True,False
10,12,z_sigma,0.0,0.051766035685234496,0.7851509784076885,True,0.0517660356852425,0.7851509784078605,16,True,True
10,12,z_sigma,0.1,0.0743200187617849,0.785151193238677,True,0.07432001876162828,0.7851511932335729,16,True,True
10,12,z_sigma,0.25,0.1434663163764059,0.785151678713981,False,0.11766792026267468,0.7994995516590457,15,True,True
10,12,z_sigma,0.5,0.27288039240848333,0.7851530668305287,False,0.21792549833777042,0.8000952111455543,15,True,True
10,12,z_sigma,0.58,0.3151256947334011,0.7851537307380217,False,0.2510248466911067,0.8003901480293193,15,True,True
10,12,z_sigma,1.16,0.6241503244453414,0.7851705771932068,False,0.28496150127041775,1.0264084060396046,4,False,False
10,13,z_sigma,0.0,0.05176559446733529,0.7929946613030388,True,0.05176559446733529,0.7929946613030388,16,True,True
10,13,z_sigma,0.1,0.09737514273759228,0.79329713405749,True,0.09737514273759228,0.7932971340574899,16,True,True
10,13,z_sigma,0.25,0.21948954657226305,0.7948284459381807,False,0.21948954657238368,0.7948284459381426,16,True,True
10,13,z_sigma,0.5,0.43061267799132547,0.8022419730752878,False,,,0,False,False
10,13,z_sigma,0.58,0.4962426573103207,0.8073035265547636,False,,,0,False,False
10,13,z_sigma,1.16,0.7495935796012105,1.0698650156540528,False,,,0,False,False
10,14,z_sigma,0.0,0.05173973081117219,0.6287241806253988,True,0.051739730811837296,0.6287241806427255,16,True,True
10,14,z_sigma,0.1,0.06882442938477273,0.6287268005144124,True,0.06882442938443731,0.628726800520255,16,True,True
10,14,z_sigma,0.25,0.12765544401918086,0.6287325299740074,False,0.1276554440191112,0.6287325299913997,16,True,True
10,14,z_sigma,0.5,0.24113109055063353,0.6287489468938052,False,0.23854738733879738,0.6373831814252859,15,True,True
10,14,z_sigma,0.58,0.27838190960383774,0.628757019660115,False,0.2361294361059851,0.37682310477277864,9,False,False
10,14,z_sigma,1.16,0.5513311240813941,0.6290717639743123,False,0.20619216089399486,0.7734514541462518,8,False,False
10,15,z_sigma,0.0,0.05177606774741734,0.6461309364178907,True,0.05177606774775461,0.6461309364136757,16,True,True
10,15,z_sigma,0.1,0.0742664098675411,0.6463440090512771,True,0.07426640986781816,0.6463440090484658,16,True,True
10,15,z_sigma,0.25,0.14309549165196075,0.6475702716671097,False,0.14309549165181673,0.6475702716643235,16,True,True
10,15,z_sigma,0.5,0.27001035396918194,0.652827356086669,False,0.23661770569785598,0.46157129217920684,12,False,False
10,15,z_sigma,0.58,0.31040596748203164,0.655795352182057,False,0.2574467996909813,0.4899436617103856,12,False,False
10,15,z_sigma,1.16,0.5434298091993317,0.7419879896280677,False,0.28330996381012413,0.8420467670007188,11,False,False
11,0,z_sigma,0.0,0.05177131597783616,1.6368286862175891,True,0.05177131597701268,1.6368286862175891,16,True,True
11,0,z_sigma,0.1,0.07362513519719215,1.6368629360114857,True,0.07362513519719216,1.6368629360114857,16,True,True
11,0,z_sigma,0.25,0.14082805671576293,1.6370438956588242,False,0.14082805671557427,1.6370438956588231,16,True,True
11,0,z_sigma,0.5,0.26696809809314925,1.637706326199911,False,0.23493191253951826,1.6426640573953495,15,True,True
11,0,z_sigma,0.58,0.3081378320373945,1.638020344380254,False,,,0,False,False
11,0,z_sigma,1.16,0.6082636515055057,1.642156317837702,False,,,0,False,False
11,1,z_sigma,0.0,0.05107552169098705,0.6186596367145552,True,0.05107552169124374,0.6186596367130658,16,True,True
11,1,z_sigma,0.1,0.08846028756988586,0.6190142118343323,True,0.08846028756987226,0.6190142118328439,16,True,True
11,1,z_sigma,0.25,0.1901559461539905,0.6202704377229792,False,0.1901559461539694,0.6202704377214985,16,True,True
11,1,z_sigma,0.5,0.3683472381741793,0.6261957798054724,False,0.1632597948580061,0.5119897227315676,10,False,False
11,1,z_sigma,0.58,0.42357205589894975,0.6306099143405709,False,0.1646148227532096,0.5863968938073916,10,False,False
11,1,z_sigma,1.16,0.5966082282257912,0.8927304813907343,False,0.16695382889080676,1.1414970928413264,10,False,False
11,2,z_sigma,0.0,0.05175615583218509,0.6784951316917281,True,0.05175615583217639,0.6784951316917098,16,True,True
11,2,z_sigma,0.1,0.07937277444133116,0.6785037446746628,True,0.07937277444149456,0.6785037446745986,16,True,True
11,2,z_sigma,0.25,0.16108813503815678,0.6785755227750307,False,0.16108813503836666,0.6785755227910647,16,True,True
11,2,z_sigma,0.5,0.31068226110896835,0.6789173805179366,False,0.27945924601351624,0.6968850802207579,15,True,True
11,2,z_sigma,0.58,0.3592172278892546,0.6791267989225407,False,0.3532609893648901,0.4478108766462502,9,False,False
11,2,z_sigma,1.16,0.6659726722359925,0.7283375803305877,False,0.3374478358988127,0.9293627577493196,8,False,False
11,3,z_sigma,0.0,0.051124256767248216,0.6017030450315198,True,0.051124256767237176,0.6017030450194274,16,True,True
11,3,z_sigma,0.1,0.08511298886605223,0.6016534557839025,True,0.08511298886626993,0.601653455735523,16,True,True
11,3,z_sigma,0.25,0.17929599157299114,0.601673937568956,False,0.17929599157316356,0.6016739375689485,16,True,True
11,3,z_sigma,0.5,0.3483852871869629,0.6020993208229803,False,0.2307709948461031,0.43032075793184515,11,False,False
11,3,z_sigma,0.58,0.40294529868248574,0.602469845451105,False,0.2312290057158046,0.4970358282754344,11,False,False
11,3,z_sigma,1.16,0.5985106386354043,0.8074941782428045,False,0.2316626006261802,0.9865160743250367,11,False,False
11,4,z_sigma,0.0,0.051777480152047285,1.633656245555259,True,0.051777480151379826,1.6336562455597112,16,True,True
11,4,z_sigma,0.1,0.10787245049477438,1.6338007871152913,False,0.10787245056220782,1.633800787115292,16,True,True
11,4,z_sigma,0.25,0.24326696433671496,1.6345795341929004,False,0.21647202693958134,1.2326052428971952,14,False,True
11,4,z_sigma,0.5,0.4781296825353766,1.6376074234879847,False,0.3829061563585864,1.2310875194484516,12,False,False
11,4,z_sigma,0.58,0.553408361773765,1.6391461361333637,False,0.4160636479543854,1.354440492246027,9,False,False
11,4,z_sigma,1.16,1.084830437532888,1.6681447100440614,False,,,0,False,False
11,5,z_sigma,0.0,0.05176988682016089,0.7806915179459066,True,0.05176988682022458,0.780691517936567,16,True,True
11,5,z_sigma,0.1,0.09083037702523888,0.7812743853054082,True,0.09083037702489737,0.7812743852961153,16,True,True
11,5,z_sigma,0.25,0.19022985923964872,0.7845341578670169,False,0.19022985924012048,0.7845341578854487,16,True,True
11,5,z_sigma,0.5,0.3613612503092794,0.798970989203398,False,0.33860441567603466,0.7892495944907009,13,True,False
11,5,z_sigma,0.58,0.41346010171661307,0.8074191263513135,False,,,0,False,False
11,5,z_sigma,1.16,0.65509221681401,1.011338686774998,False,,,0,False,False
11,6,z_sigma,0.0,0.05174879343968676,0.6887890978405597,True,0.05174879343993141,0.688789097851163,16,True,True
11,6,z_sigma,0.1,0.08342157053405443,0.688788513565534,True,0.08342157053403348,0.6887885135655529,16,True,True
11,6,z_sigma,0.25,0.16789864639984498,0.6887887170068494,False,0.16789864639989674,0.6887887170227068,16,True,True
11,6,z_sigma,0.5,0.3210329321161662,0.6887927861194021,False,0.3281045087438427,0.4567917473133782,8,False,False
11,6,z_sigma,0.58,0.3707352324758119,0.6887956958707362,False,0.3320167032478972,0.5238180415215609,8,False,False
11,6,z_sigma,1.16,0.6885750753830295,0.7336266209476763,False,0.33678845339967745,1.034220581438017,8,False,False
11,7,z_sigma,0.0,0.05161407287939999,0.6813034346247401,True,0.05161407287867292,0.6813034346154303,16,True,True
11,7,z_sigma,0.1,0.08519207436897429,0.6814094084993783,True,0.08519207436976743,0.6814094084979201,16,True,True
11,7,z_sigma,0.25,0.17620716473723086,0.6817970503525688,False,0.1762071647361523,0.6817970503367734,16,True,True
11,7,z_sigma,0.5,0.33952190150988576,0.6834128693520927,False,0.2386372352814122,0.74641041301888,12,False,False
11,7,z_sigma,0.58,0.39201151175974885,0.6844199487620213,False,0.2737332143032959,0.7471975474149148,12,False,False
11,7,z_sigma,1.16,0.6614708103009419,0.8053717871253815,False,0.35938205098161524,0.7837835957273713,7,False,False
11,8,z_sigma,0.0,0.051765788529637285,0.674148695683822,True,0.051765788529637285,0.674148695683822,16,True,True
11,8,z_sigma,0.1,0.06138165810401598,0.674229580908804,True,0.06138165810355297,0.6742295809088039,16,True,True
11,8,z_sigma,0.25,0.09629991274311467,0.6745985268498177,True,0.09629991274311467,0.6745985268498177,16,True,True
11,8,z_sigma,0.5,0.16937049815443098,0.6759420859660311,False,0.16937049815443098,0.6759420859660312,16,True,True
11,8,z_sigma,0.58,0.19379726145209328,0.6765957216721074,False,0.19379726145209328,0.6765957216721074,16,True,True
11,8,z_sigma,1.16,0.37082663673388794,0.6866619171889335,False,0.2843463814478443,0.5615808297097423,11,False,False
11,9,z_sigma,0.0,0.0515379745920921,0.7251921262686257,True,0.05153797459217674,0.7251921262686557,16,True,True
11,9,z_sigma,0.1,0.10076471092336692,0.7252663619913361,False,0.10076471092330884,0.7252663619900901,16,True,True
11,9,z_sigma,0.25,0.2199704333339075,0.7261318498690608,False,0.2133960482045052,0.700487226532969,15,True,True
11,9,z_sigma,0.5,0.4262681926420868,0.7311977971519646,False,0.29910162034955556,0.6356066656170606,10,False,False
11,9,z_sigma,0.58,0.49068610940622814,0.7351021523419561,False,0.3130204010645285,0.7044369475391236,10,False,False
11,9,z_sigma,1.16,0.7016486305281471,1.0223658538245077,False,0.32559590610513833,1.3419150063155274,9,False,False
11,10,z_sigma,0.0,0.05172282739177839,0.7552221742710277,True,0.05172282739100029,0.7552221742758225,16,True,True
11,10,z_sigma,0.1,0.08457909796493888,0.7553782948484213,True,0.0845790979647428,0.7553782948579663,16,True,True
11,10,z_sigma,0.25,0.17380534721526625,0.7564637401258688,False,0.173805347215581,0.7564637401353931,16,True,True
11,10,z_sigma,0.5,0.33299312853973867,0.7613928143205348,False,0.219652022710632,0.7991778323227433,13,False,False
11,10,z_sigma,0.58,0.3835150743304528,0.764288966989086,False,0.2508985971580396,0.8020254834376758,13,False,False
11,10,z_sigma,1.16,0.6669780734971191,0.8722100890224501,False,0.3357206500464959,0.8368994383384369,9,False,False
11,11,z_sigma,0.0,0.05173958913396772,0.8122543034251536,True,0.05173958913355114,0.8122543034251503,16,True,True
11,11,z_sigma,0.1,0.09335915187992357,0.8122531849670429,True,0.09335915188021157,0.8122531849759984,16,True,True
11,11,z_sigma,0.25,0.19987710727168626,0.8122523276871289,False,0.15927020122061855,0.7863377190117588,15,True,True
11,11,z_sigma,0.5,0.38877356966046206,0.8122533929045797,False,0.3307733840876923,0.6401366008723407,9,False,False
11,11,z_sigma,0.58,0.44981996925743023,0.8122547406766568,False,,,0,False,False
11,11,z_sigma,1.16,0.8121752329630927,0.8944324675994496,False,,,0,False,False
11,12,z_sigma,0.0,0.051766035685234496,0.7851509784076885,True,0.0517660356852425,0.7851509784078605,16,True,True
11,12,z_sigma,0.1,0.07508779317643348,0.7852816783975384,True,0.07508779317623115,0.7852816783915304,16,True,True
11,12,z_sigma,0.25,0.14695572602758833,0.7859512263276048,False,0.14695572602744372,0.7859512263221986,16,True,True
11,12,z_sigma,0.5,0.28006457638329263,0.7886279491229362,False,0.29773061908197435,0.6224420440381687,10,False,False
11,12,z_sigma,0.58,0.3230501177239871,0.7900510681351105,False,0.3093982398179716,0.6001453494371877,9,False,False
11,12,z_sigma,1.16,0.6133375226763209,0.8257153295526627,False,0.3026655323483245,1.0936217853224672,7,False,False
11,13,z_sigma,0.0,0.05176559446733529,0.7929946613030388,True,0.05176559446733529,0.7929946613030388,16,True,True
11,13,z_sigma,0.1,0.09919671023127899,0.7930113876789558,True,0.09919671023127219,0.7930113876697813,16,True,True
11,13,z_sigma,0.25,0.21765384332281057,0.7931705268945277,False,0.2176538433227473,0.7931705269128738,16,True,True
11,13,z_sigma,0.5,0.4254603626111911,0.7940193283359612,False,,,0,False,False
11,13,z_sigma,0.58,0.492217875126439,0.7946153841955583,False,,,0,False,False
11,13,z_sigma,1.16,0.7855543478145668,0.9916065034379947,False,,,0,False,False
11,14,z_sigma,0.0,0.05173973081117219,0.6287241806253988,True,0.051739730811837296,0.6287241806427255,16,True,True
11,14,z_sigma,0.1,0.08970257209330072,0.628834863273893,True,0.08970257209315569,0.628834863279697,16,True,True
11,14,z_sigma,0.25,0.18472182297851192,0.6296411804658137,False,0.18472182297844533,0.6296411804600289,16,True,True
11,14,z_sigma,0.5,0.35226355064871495,0.633903374570958,False,0.20344277307572725,0.5014922120443848,10,False,False
11,14,z_sigma,0.58,0.4049588982810072,0.6369433607821238,False,0.2084031204895063,0.5666344717355754,10,False,False
11,14,z_sigma,1.16,0.6036495889679392,0.8454178269887923,False,0.204236160865489,0.8888518060706317,9,False,False
11,15,z_sigma,0.0,0.05177606774741734,0.6461309364178907,True,0.05177606774775461,0.6461309364136757,16,True,True
11,15,z_sigma,0.1,0.07542761270818614,0.6461372296675992,True,0.07542761270814273,0.6461372296647799,16,True,True
11,15,z_sigma,0.25,0.1455253037548152,0.6461837293655007,False,0.1455253037550358,0.6461837293626133,16,True,True
11,15,z_sigma,0.5,0.2760693452477556,0.6463945828467469,False,,,0,False,False
11,15,z_sigma,0.58,0.31861297319331283,0.6465177680976044,False,,,0,False,False
11,15,z_sigma,1.16,0.6174017128766557,0.6598601382435125,False,,,0,False,False
12,0,z_sigma,0.0,0.05177131597783616,1.6368286862175891,True,0.05177131597701268,1.6368286862175891,16,True,True
12,0,z_sigma,0.1,0.10766711725999582,1.636885913600762,True,0.07706463975968329,1.4359518718079771,15,True,True
12,0,z_sigma,0.25,0.24225524274436785,1.6371927525795893,False,0.1454070814156476,1.4416297512183693,15,True,True
12,0,z_sigma,0.5,0.47625852083078646,1.6383842361764744,False,0.14056455168662363,1.4107195623338993,14,True,False
12,0,z_sigma,0.58,0.5514928275989032,1.6389895832907155,False,0.15921219508289797,1.4150539526076495,14,True,False
12,0,z_sigma,1.16,1.0920835317272872,1.6505899215620392,False,0.1974761789950939,1.219449089781504,13,False,False
12,1,z_sigma,0.0,0.05107552169098705,0.6186596367145552,True,0.05107552169124374,0.6186596367130658,16,True,True
12,1,z_sigma,0.1,0.11707318812467771,0.6190956784620295,False,0.11707318812500644,0.6190956784605427,16,True,True
12,1,z_sigma,0.25,0.2681570447532705,0.6208963366386929,False,0.18174596131816972,0.37097229175049723,10,False,False
12,1,z_sigma,0.5,0.514840839779323,0.6385079421542463,False,0.18881783598891552,0.7022472816016279,10,False,False
12,1,z_sigma,0.58,0.5690119653513162,0.6694335470261319,False,0.18922897113176804,0.8111691291797934,10,False,False
12,1,z_sigma,1.16,0.6087957150636598,1.248559372790014,False,0.1898132553344816,1.6076868056915743,10,False,False
12,2,z_sigma,0.0,0.05175615583218509,0.6784951316917281,True,0.05175615583217639,0.6784951316917098,16,True,True
12,2,z_sigma,0.1,0.06988493288526493,0.6785048028390717,True,0.06988493288489821,0.6785048028391146,16,True,True
12,2,z_sigma,0.25,0.13268149675671018,0.6785820574708976,False,0.13268149675657578,0.6785820574708444,16,True,True
12,2,z_sigma,0.5,0.2526848139832324,0.6789201362220006,False,0.20391330333128066,0.6761920560024247,15,True,True
12,2,z_sigma,0.58,0.29193930972284,0.6791067569511803,False,0.2348567824095142,0.6763478239922748,15,True,True
12,2,z_sigma,1.16,0.5744174872736806,0.6857576851306528,False,0.3489141763872431,0.628159310550063,9,False,False
12,3,z_sigma,0.0,0.051124256767248216,0.6017030450315198,True,0.051124256767237176,0.6017030450194274,16,True,True
12,3,z_sigma,0.1,0.08351254551152416,0.6016940798567814,True,0.08351254551138843,0.6016940798567777,16,True,True
12,3,z_sigma,0.25,0.17287563299354355,0.6016836494418394,False,0.1544701564820089,0.2283147006234167,9,False,False
12,3,z_sigma,0.5,0.33426084225783814,0.601671755850131,False,0.23955871030260908,0.4073829771552845,11,False,False
12,3,z_sigma,0.58,0.386583267526722,0.6016691327651084,False,0.23956128108425914,0.4717314501518615,11,False,False
12,3,z_sigma,1.16,0.6016470032881648,0.768143107832625,False,0.17003346024441682,0.9490528593301774,9,False,False
12,4,z_sigma,0.0,0.051777480152047285,1.633656245555259,True,0.051777480151379826,1.6336562455597112,16,True,True
12,4,z_sigma,0.1,0.10487113494310006,1.6336689849266897,False,0.10487113494310377,1.6336689849266892,16,True,True
12,4,z_sigma,0.25,0.23071785811866977,1.6337382418955484,False,0.18856807064480485,1.6399921295640525,15,True,True
12,4,z_sigma,0.5,0.45045217507569757,1.6340056461962464,False,,,0,False,False
12,4,z_sigma,0.58,0.5212540414652672,1.6341401635311577,False,,,0,False,False
12,4,z_sigma,1.16,1.034952482836546,1.6365636307900246,False,,,0,False,False
12,5,z_sigma,0.0,0.05176988682016089,0.7806915179459066,True,0.05176988682022458,0.780691517936567,16,True,True
12,5,z_sigma,0.1,0.07092132350464628,0.7806982330802327,True,0.0709213235043839,0.7806982330709125,16,True,True
12,5,z_sigma,0.25,0.13938093576963237,0.7807315537145135,False,0.13938093576962857,0.7807315537051954,16,True,True
12,5,z_sigma,0.5,0.2690657844215992,0.7808631141188053,False,0.2358814062854912,0.7600065140182876,15,True,True
12,5,z_sigma,0.58,0.31142378223738265,0.7809326453120562,False,0.2725377909762271,0.7603808319461086,15,True,True
12,5,z_sigma,1.16,0.6200093710241225,0.7828612941366101,False,,,0,False,False
12,6,z_sigma,0.0,0.05174879343968676,0.6887890978405597,True,0.05174879343993141,0.688789097851163,16,True,True
12,6,z_sigma,0.1,0.0803794196329169,0.6891667385180837,True,0.08037941963263853,0.6891667385182203,16,True,True
12,6,z_sigma,0.25,0.16464288120409093,0.6911353317261177,False,0.1646428812032889,0.6911353317210501,16,True,True
12,6,z_sigma,0.5,0.3149584997188109,0.6997194060768213,False,0.21820072488668232,0.6884159421713597,15,True,True
12,6,z_sigma,0.58,0.36182246563959725,0.7047587471117158,False,0.27716510983875325,0.5860963083732866,12,False,False
12,6,z_sigma,1.16,0.5952565042733999,0.8527320311767294,False,0.320184394941082,0.7014931940986163,9,False,False
12,7,z_sigma,0.0,0.05161407287939999,0.6813034346247401,True,0.05161407287867292,0.6813034346154303,16,True,True
12,7,z_sigma,0.1,0.07818182016643212,0.6814860158910194,True,0.07818182016554442,0.681486015881738,16,True,True
12,7,z_sigma,0.25,0.1574408728352095,0.6822053337622184,False,0.15744087283468508,0.6822053337556545,16,True,True
12,7,z_sigma,0.5,0.30203519942574814,0.685094667048757,False,0.2964417166976701,0.6236673432961316,13,False,False
12,7,z_sigma,0.58,0.34843004994312526,0.6867565524361223,False,0.30316998708468484,0.5232154994213267,10,False,False
12,7,z_sigma,1.16,0.620722738150975,0.7662284481107973,False,0.31585863409012765,0.9279500578569385,9,False,False
12,8,z_sigma,0.0,0.051765788529637285,0.674148695683822,True,0.051765788529637285,0.674148695683822,16,True,True
12,8,z_sigma,0.1,0.10540156693156759,0.6741904675976798,False,0.10540156693156759,0.6741904675976798,16,True,True
12,8,z_sigma,0.25,0.23575744903274198,0.6745032051736588,False,0.21755496808106342,0.6906818887805676,14,True,False
12,8,z_sigma,0.5,0.46184605670591916,0.6766321871649014,False,0.344186507923302,0.5528997346739732,9,False,False
12,8,z_sigma,0.58,0.5331475108446849,0.6789124424911553,False,0.3472438540945646,0.635755548127578,9,False,False
12,8,z_sigma,1.16,0.6694199146650169,1.0780332399263157,False,0.3249722216676339,1.3413978005636487,8,False,False
12,9,z_sigma,0.0,0.0515379745920921,0.7251921262686257,True,0.05153797459217674,0.7251921262686557,16,True,True
12,9,z_sigma,0.1,0.08083824078095711,0.7253368479263523,True,0.08083824078068579,0.7253368479251494,16,True,True
12,9,z_sigma,0.25,0.1670088126879848,0.7258638740191584,False,0.16700881268787798,0.7258638740179301,16,True,True
12,9,z_sigma,0.5,0.32309212411582405,0.7279356198396824,False,0.306472653194626,0.5379651787777224,11,False,False
12,9,z_sigma,0.58,0.3732968797209331,0.7291281025346966,False,0.3210676610954019,0.5709659733915565,10,False,False
12,9,z_sigma,1.16,0.6753970640290095,0.8025712061854513,False,0.3452400339286814,1.0473681781816064,9,False,False
12,10,z_sigma,0.0,0.05172282739177839,0.7552221742710277,True,0.05172282739100029,0.7552221742758225,16,True,True
12,10,z_sigma,0.1,0.06810942124080092,0.7552827117189396,True,0.06810942124083967,0.7552827117237526,16,True,True
12,10,z_sigma,0.25,0.11901593235714407,0.755516147992989,False,0.11901593235710883,0.7555161479978034,16,True,True
12,10,z_sigma,0.5,0.2179448606044736,0.7563436168751699,False,0.21794486060437077,0.7563436168895958,16,True,True
12,10,z_sigma,0.58,0.25046851353321453,0.7567514472173129,False,0.2127946927723623,0.7833121560949642,15,True,True
12,10,z_sigma,1.16,0.4857976923440101,0.7639998443693838,False,,,0,False,False
12,11,z_sigma,0.0,0.05173958913396772,0.8122543034251536,True,0.05173958913355114,0.8122543034251503,16,True,True
12,11,z_sigma,0.1,0.07427368778692393,0.8122570576187259,True,0.07427368778697055,0.8122570576187229,16,True,True
12,11,z_sigma,0.25,0.14390189373326479,0.8122635941634477,False,0.1439018937332291,0.8122635941813557,16,True,True
12,11,z_sigma,0.5,0.27418066070860353,0.8122827843044069,False,,,0,False,False
12,11,z_sigma,0.58,0.31669931885765495,0.8122919929325559,False,,,0,False,False
12,11,z_sigma,1.16,0.6275620480730509,0.8125095052694673,False,,,0,False,False
12,12,z_sigma,0.0,0.051766035685234496,0.7851509784076885,True,0.0517660356852425,0.7851509784078605,16,True,True
12,12,z_sigma,0.1,0.07812303406970421,0.7852917008802089,True,0.07812303406960969,0.7852917009019426,16,True,True
12,12,z_sigma,0.25,0.15086176411193522,0.7860149975278646,False,0.15086176411160665,0.7860149975158778,16,True,True
12,12,z_sigma,0.5,0.2841008837361932,0.788915147559473,False,0.23960271769411143,0.590546156298574,9,False,False
12,12,z_sigma,0.58,0.3270419913090466,0.7904602374714726,False,0.26336273256645115,0.6238360957765318,9,False,False
12,12,z_sigma,1.16,0.6148576655396506,0.8291479191071549,False,0.29815542661326055,1.0243490493400143,8,False,False
12,13,z_sigma,0.0,0.05176559446733529,0.7929946613030388,True,0.05176559446733529,0.7929946613030388,16,True,True
12,13,z_sigma,0.1,0.09230846067796247,0.7930110734783171,True,0.09230846067822095,0.7930110734783221,16,True,True
12,13,z_sigma,0.25,0.1990562567541165,0.7930706261901798,False,0.13908123881291304,0.8193625022730717,15,True,True
12,13,z_sigma,0.5,0.38852568628794343,0.7933166177021491,False,0.21960492781333502,0.8484171658674603,13,False,False
12,13,z_sigma,0.58,0.4496976018928709,0.7934689686160364,False,0.251904935983819,0.848874613697994,13,False,False
12,13,z_sigma,1.16,0.7888740126219,0.9009070282161874,False,,,0,False,False
12,14,z_sigma,0.0,0.05173973081117219,0.6287241806253988,True,0.051739730811837296,0.6287241806427255,16,True,True
12,14,z_sigma,0.1,0.07409076959886851,0.6287237867138973,True,0.0740907695982835,0.6287237867254916,16,True,True
12,14,z_sigma,0.25,0.14452922810616492,0.6287680320034741,False,0.1403001548986822,0.6372726411981816,15,True,True
12,14,z_sigma,0.5,0.2762567436923142,0.6290026584510232,False,0.2524379175976222,0.3823141284423475,10,False,False
12,14,z_sigma,0.58,0.3191868168800832,0.6291461538801605,False,0.22324839108152233,0.42942432124842633,9,False,False
12,14,z_sigma,1.16,0.610665079883143,0.6528001508034852,False,0.23196951760565912,0.8245263343416969,9,False,False
12,15,z_sigma,0.0,0.05177606774741734,0.6461309364178907,True,0.05177606774775461,0.6461309364136757,16,True,True
12,15,z_sigma,0.1,0.09892745574427404,0.646133893137052,True,0.0989274557441807,0.646133893134231,16,True,True
12,15,z_sigma,0.25,0.21518977774505185,0.6461458997422925,False,0.16025195348766047,0.6687958228998034,15,True,True
12,15,z_sigma,0.5,0.41964372528966726,0.6462120317592446,False,0.2682476098366092,0.6889149877131254,14,True,False
12,15,z_sigma,0.58,0.4855876510769491,0.6462732066002187,False,0.3366065205380331,0.5348872411421995,11,False,False
12,15,z_sigma,1.16,0.6459424393755449,0.9662513619900794,False,,,0,False,False
13,0,z_sigma,0.0,0.05177131597783616,1.6368286862175891,True,0.05177131597701268,1.6368286862175891,16,True,True
13,0,z_sigma,0.1,0.06223766254145621,1.6368298804653287,True,0.062237662542141164,1.6368298804653287,16,True,True
13,0,z_sigma,0.25,0.10007917423443097,1.6368361674173801,False,0.100079174233863,1.6368361674173801,16,True,True
13,0,z_sigma,0.5,0.17849011217639357,1.6368588576426906,False,0.17849011217663047,1.6368588576426926,16,True,True
13,0,z_sigma,0.58,0.20472423300025405,1.6368694394861134,False,0.20472423300011525,1.6368694394861134,16,True,True
13,0,z_sigma,1.16,0.39900311922038684,1.636999278912142,False,,,0,False,False
13,1,z_sigma,0.0,0.05107552169098705,0.6186596367145552,True,0.05107552169124374,0.6186596367130658,16,True,True
13,1,z_sigma,0.1,0.13039802806691947,0.6186185772393333,False,0.13039802806694364,0.618618577237879,16,True,True
13,1,z_sigma,0.25,0.3035570272119896,0.6186045762982296,False,0.21915647860091883,0.3899352064591064,10,False,False
13,1,z_sigma,0.5,0.5985287968698767,0.6202820489575683,False,0.22051445982028064,0.7734640543458885,10,False,False
13,1,z_sigma,0.58,0.6179448318417258,0.6961933795860975,False,0.22061979503487872,0.8967010741355304,10,False,False
13,1,z_sigma,1.16,0.6183150025931932,1.3882475486306327,False,0.22088159813747785,1.7912426286290892,10,False,False
13,2,z_sigma,0.0,0.05175615583218509,0.6784951316917281,True,0.05175615583217639,0.6784951316917098,16,True,True
13,2,z_sigma,0.1,0.07919838777383578,0.6785102238447757,True,0.08100302071401767,0.6758315595038188,15,True,True
13,2,z_sigma,0.25,0.15776724225806887,0.6785736598837189,False,0.10905632466750498,0.7323697025731024,12,False,False
13,2,z_sigma,0.5,0.3018793977754597,0.6788343542853387,False,0.19914823046233937,0.6904167729265288,11,False,False
13,2,z_sigma,0.58,0.34869208741697366,0.6789862635612214,False,0.2324930786402829,0.6367132592421044,10,False,False
13,2,z_sigma,1.16,0.6627071836596288,0.7080318224583506,False,0.09597157485306451,0.8044066912304422,6,False,False
13,3,z_sigma,0.0,0.051124256767248216,0.6017030450315198,True,0.051124256767237176,0.6017030450194274,16,True,True
13,3,z_sigma,0.1,0.06682490488075947,0.6017601161224619,True,0.06682490488072713,0.601760116110376,16,True,True
13,3,z_sigma,0.25,0.12204715950041158,0.6018891205570283,False,0.12204715950050034,0.6018891205691216,16,True,True
13,3,z_sigma,0.5,0.2294084229795563,0.6022667320456546,False,0.2363646179900222,0.3141180269854164,12,False,False
13,3,z_sigma,0.58,0.2646647933034302,0.6024533534143147,False,0.22337996679706804,0.3351245542729903,11,False,False
13,3,z_sigma,1.16,0.5183869734530464,0.6089693668980954,False,0.2316231990291553,0.6466539724166607,11,False,False
13,4,z_sigma,0.0,0.051777480152047285,1.633656245555259,True,0.051777480151379826,1.6336562455597112,16,True,True
13,4,z_sigma,0.1,0.09372888115767959,1.6338664579326068,True,0.09372888131289095,1.6338664579326088,16,True,True
13,4,z_sigma,0.25,0.19846571197182436,1.6349892656110916,False,0.15961635914587288,1.2006303495434032,13,False,False
13,4,z_sigma,0.5,0.3832843979706393,1.639214406281196,False,0.29140031709563763,1.2289117069499356,13,False,False
13,4,z_sigma,0.58,0.4426282100541214,1.6412798154839106,False,0.331931892319772,1.2425049820755185,13,False,False
13,4,z_sigma,1.16,0.8619177415812718,1.6724578088961766,False,,,0,False,False
13,5,z_sigma,0.0,0.05176988682016089,0.7806915179459066,True,0.05176988682022458,0.780691517936567,16,True,True
13,5,z_sigma,0.1,0.06520513653714101,0.7806937192249421,True,0.06520513653661697,0.7806937192249337,16,True,True
13,5,z_sigma,0.25,0.1195853585377353,0.7807039026791319,False,0.11958535853763777,0.7807039026604725,16,True,True
13,5,z_sigma,0.5,0.22706090660330605,0.780742081483755,False,0.18063157752765602,0.7603776301411797,15,True,True
13,5,z_sigma,0.58,0.2624705159299867,0.7807613003236956,False,0.20798536373150756,0.7608693053144499,15,True,True
13,5,z_sigma,1.16,0.5223485466977585,0.7811309131900233,False,,,0,False,False
13,6,z_sigma,0.0,0.05174879343968676,0.6887890978405597,True,0.05174879343993141,0.688789097851163,16,True,True
13,6,z_sigma,0.1,0.09566419498600046,0.688835153893344,True,0.0956641949859211,0.6888351539039751,16,True,True
13,6,z_sigma,0.25,0.20393957575390823,0.6890586716768521,False,0.17433530491284394,0.6870841000438919,15,True,True
13,6,z_sigma,0.5,0.39471291968014055,0.6901806337707792,False,0.3261009368426408,0.47535304970461806,8,False,False
13,6,z_sigma,0.58,0.4558988070764435,0.6910097727451565,False,0.32991365471650275,0.5452457774496237,8,False,False
13,6,z_sigma,1.16,0.6824077761040689,0.9162025949392671,False,0.3349792186371739,1.0755752981123228,8,False,False
13,7,z_sigma,0.0,0.05161407287939999,0.6813034346247401,True,0.05161407287867292,0.6813034346154303,16,True,True
13,7,z_sigma,0.1,0.08099314548392778,0.6818190850129721,True,0.08099314548338035,0.6818190850036397,16,True,True
13,7,z_sigma,0.25,0.165089038509554,0.6841360318887807,False,0.16508903850778003,0.6841360318718884,16,True,True
13,7,z_sigma,0.5,0.3143035878295739,0.693905381267602,False,0.2768343390413154,0.5501540402068102,12,False,False
13,7,z_sigma,0.58,0.36054916730396525,0.6995959684189667,False,0.30204674755623745,0.5843055768899795,12,False,False
13,7,z_sigma,1.16,0.5853111929745395,0.856580404329797,False,0.308684122522896,1.0256784741236435,10,False,False
13,8,z_sigma,0.0,0.051765788529637285,0.674148695683822,True,0.051765788529637285,0.674148695683822,16,True,True
13,8,z_sigma,0.1,0.0764814313069022,0.6742341426937142,True,0.0764814313069022,0.6742341426937142,16,True,True
13,8,z_sigma,0.25,0.15253878302686058,0.6746385320661119,False,0.15253878302686058,0.6746385320661119,16,True,True
13,8,z_sigma,0.5,0.2927158085870928,0.6763346228130874,False,0.17725928550099906,0.7107462084144602,13,False,False
13,8,z_sigma,0.58,0.337995348487665,0.6773141329614145,False,0.2035515894733259,0.7110258728407226,13,False,False
13,8,z_sigma,1.16,0.6209136942558482,0.7329493159850263,False,0.2599673534862205,0.5996858809681879,7,False,False
13,9,z_sigma,0.0,0.0515379745920921,0.7251921262686257,True,0.05153797459217674,0.7251921262686557,16,True,True
13,9,z_sigma,0.1,0.0584856471163732,0.7251981285779964,True,0.05848564711639412,0.7251981285754852,16,True,True
13,9,z_sigma,0.25,0.08427368710887792,0.7252091135719625,True,0.0842736871088015,0.7252091135707532,16,True,True
13,9,z_sigma,0.5,0.14140881099893496,0.7252333758649375,False,0.14140881099880453,0.7252333758612203,16,True,True
13,9,z_sigma,0.58,0.1609551493112933,0.7252429484248655,False,0.16095514931119048,0.7252429484224523,16,True,True
13,9,z_sigma,1.16,0.30757694462704427,0.7253504143286356,False,0.24981988945786004,0.4919213594561268,9,False,False
13,10,z_sigma,0.0,0.05172282739177839,0.7552221742710277,True,0.05172282739100029,0.7552221742758225,16,True,True
13,10,z_sigma,0.1,0.09167353372287165,0.7553247504860777,True,0.09167353372256684,0.7553247504860973,16,True,True
13,10,z_sigma,0.25,0.1963903316653329,0.7557691123548135,False,0.15409611837955292,0.7345666613211338,15,True,True
13,10,z_sigma,0.5,0.38167423023755437,0.7577407929931119,False,,,0,False,False
13,10,z_sigma,0.58,0.44100559004458184,0.75900260161043,False,,,0,False,False
13,10,z_sigma,1.16,0.7333849345192869,0.9083815415810244,False,,,0,False,False
13,11,z_sigma,0.0,0.05173958913396772,0.8122543034251536,True,0.05173958913355114,0.8122543034251503,16,True,True
13,11,z_sigma,0.1,0.08508562426954247,0.8126390846936976,True,0.08508562426973615,0.8126390847026307,16,True,True
13,11,z_sigma,0.25,0.1731348934374043,0.8149770613590342,False,0.1731348934374855,0.8149770613590341,16,True,True
13,11,z_sigma,0.5,0.32842453683502776,0.8249612419076668,False,0.2963691572649065,0.8205955592278774,15,True,True
13,11,z_sigma,0.58,0.3769314544940688,0.8304913700696317,False,0.2965387873549421,0.7809286239137291,12,False,False
13,11,z_sigma,1.16,0.646629896823487,0.9589432360690217,False,0.33611454556497683,1.1577298016346524,10,False,False
13,12,z_sigma,0.0,0.051766035685234496,0.7851509784076885,True,0.0517660356852425,0.7851509784078605,16,True,True
13,12,z_sigma,0.1,0.10581412824003139,0.785532023474222,False,0.10581412823984086,0.785532023467664,16,True,True
13,12,z_sigma,0.25,0.23239376460621883,0.7877830695511492,False,0.22687180682937877,0.6549190419995189,10,False,False
13,12,z_sigma,0.5,0.44717790664809914,0.7993949177022039,False,0.18997957333983054,0.76431279015347,8,False,False
13,12,z_sigma,0.58,0.5122288403099712,0.8076077909236834,False,0.19981759077977762,0.8490799969208114,8,False,False
13,12,z_sigma,1.16,0.7330139901753934,1.1220385621243916,False,0.12725754075873252,1.656390950670956,7,False,False
13,13,z_sigma,0.0,0.05176559446733529,0.7929946613030388,True,0.05176559446733529,0.7929946613030388,16,True,True
13,13,z_sigma,0.1,0.0765124959270878,0.7930308071928904,True,0.0765124959270878,0.7930308071928904,16,True,True
13,13,z_sigma,0.25,0.14424083079551683,0.7933079759233889,False,0.14424083079551683,0.7933079759233889,16,True,True
13,13,z_sigma,0.5,0.26963802501774675,0.7944831072980117,False,0.1288841611992097,0.8489538025814835,14,True,False
13,13,z_sigma,0.58,0.31038146566695424,0.7951086675617546,False,0.14413441291975798,0.8496100186960521,14,True,False
13,13,z_sigma,1.16,0.5987346951561024,0.8100571187970398,False,0.25798402021692235,0.8579178900908057,14,True,False
13,14,z_sigma,0.0,0.05173973081117219,0.6287241806253988,True,0.051739730811837296,0.6287241806427255,16,True,True
13,14,z_sigma,0.1,0.09291911194123562,0.6287243737196285,True,0.0929191119409429,0.6287243737196659,16,True,True
13,14,z_sigma,0.25,0.19730093059437315,0.6287765936910112,False,0.19730093059437698,0.6287765937141253,16,True,True
13,14,z_sigma,0.5,0.38238750011266315,0.6291215181262304,False,0.28101252895724643,0.4939704966737935,10,False,False
13,14,z_sigma,0.58,0.4420489101288784,0.6294127802421351,False,0.2818683151008622,0.5706802823959687,10,False,False
13,14,z_sigma,1.16,0.6271281284232493,0.8810244487132034,False,0.28323124314281056,1.1331157059727026,10,False,False
13,15,z_sigma,0.0,0.05177606774741734,0.6461309364178907,True,0.05177606774775461,0.6461309364136757,16,True,True
13,15,z_sigma,0.1,0.07606409375331119,0.6461501056470312,True,0.07606409375280485,0.6461501056428695,16,True,True
13,15,z_sigma,0.25,0.1562960791194687,0.6462410668509042,False,0.15629607911951202,0.6462410668495298,16,True,True
13,15,z_sigma,0.5,0.3044544854129242,0.6466391361674341,False,0.17588036822789532,0.6872246726369889,14,True,False
13,15,z_sigma,0.58,0.35254763744643525,0.6468832416830904,False,0.203040802399238,0.6872250218327641,14,True,False
13,15,z_sigma,1.16,0.6369282067326317,0.7155888612069408,False,,,0,False,False
14,0,z_sigma,0.0,0.05177131597783616,1.6368286862175891,True,0.05177131597701268,1.6368286862175891,16,True,True
14,0,z_sigma,0.1,0.07153031939182027,1.637127380472613,True,0.07153031939142307,1.637127380472613,16,True,True
14,0,z_sigma,0.25,0.12943595907041122,1.6387027590321117,False,0.12943595907019215,1.6387027590321115,16,True,True
14,0,z_sigma,0.5,0.23894080444028476,1.6444268596145726,False,0.18276168234944876,1.4527336726324038,15,True,True
14,0,z_sigma,0.58,0.27455907447822503,1.647116102606713,False,0.20838242419809944,1.4589365955899225,15,True,True
14,0,z_sigma,1.16,0.5277824513823532,1.6810028332224594,False,0.36413925900948274,1.3846706507950746,12,False,False
14,1,z_sigma,0.0,0.05107552169098705,0.6186596367145552,True,0.05107552169124374,0.6186596367130658,16,True,True
14,1,z_sigma,0.1,0.06240462553800262,0.618634571877661,True,0.06240462553804465,0.6186345718762077,16,True,True
14,1,z_sigma,0.25,0.1044514737520369,0.61861033776345,False,0.10445147375222057,0.6186103377619263,16,True,True
14,1,z_sigma,0.5,0.1901818244604432,0.6186058762908186,True,0.08878026012187415,0.6400744323150914,15,True,True
14,1,z_sigma,0.58,0.21870545596102273,0.6186150872138422,True,0.0982170975954555,0.6400710490782989,15,True,True
14,1,z_sigma,1.16,0.4290694130279278,0.6189978677531757,False,0.1786562203475812,0.6401032070906548,14,True,False
14,2,z_sigma,0.0,0.05175615583218509,0.6784951316917281,True,0.05175615583217639,0.6784951316917098,16,True,True
14,2,z_sigma,0.1,0.09937628474698046,0.6788279818720542,True,0.0993762847474972,0.6788279818827179,16,True,True
14,2,z_sigma,0.25,0.21846117967926576,0.6808881775622232,False,0.17857777470149938,0.6759791684994184,15,True,True
14,2,z_sigma,0.5,0.4210018170784807,0.6925691206656184,False,0.16159552905711377,0.7243703600458954,13,False,False
14,2,z_sigma,0.58,0.4811107915445588,0.7018178014791585,False,0.18441601711771397,0.7243768140685867,13,False,False
14,2,z_sigma,1.16,0.6430912138644893,1.0463971696309222,False,0.3291881986637681,1.1248484862895407,8,False,False
14,3,z_sigma,0.0,0.051124256767248216,0.6017030450315198,True,0.051124256767237176,0.6017030450194274,16,True,True
14,3,z_sigma,0.1,0.07109521591716515,0.6017755116399638,True,0.07109521591756011,0.6017755116399649,16,True,True
14,3,z_sigma,0.25,0.13180577301119067,0.6019489440193211,False,0.13180577301102903,0.6019489440072552,16,True,True
14,3,z_sigma,0.5,0.24676787244434442,0.6024879197097398,False,0.2109117092373578,0.3221248887307343,11,False,False
14,3,z_sigma,0.58,0.2843284780451602,0.6027661927504505,False,0.216794064401972,0.36275159295412096,11,False,False
14,3,z_sigma,1.16,0.5475382596171833,0.6169155331756853,False,0.2260067131730458,0.6934830116784038,11,False,False
14,4,z_sigma,0.0,0.051777480152047285,1.633656245555259,True,0.051777480151379826,1.6336562455597112,16,True,True
14,4,z_sigma,0.1,0.083834256688001,1.6339045090409525,True,0.08383425660124602,1.633904509040951,16,True,True
14,4,z_sigma,0.25,0.1707362435514059,1.635224993388451,False,0.13277634839798064,1.4309121613590126,15,True,True
14,4,z_sigma,0.5,0.3271970845983662,1.640118826568639,False,0.23212767359199057,1.2263000140598799,14,False,True
14,4,z_sigma,0.58,0.3775804109679444,1.6424693872231824,False,0.23232300447502705,1.19176124735635,13,False,False
14,4,z_sigma,1.16,0.7339528465939988,1.6750691914242826,False,,,0,False,False
14,5,z_sigma,0.0,0.05176988682016089,0.7806915179459066,True,0.05176988682022458,0.780691517936567,16,True,True
14,5,z_sigma,0.1,0.1104201379097265,0.7809942199915649,False,0.11042013790985024,0.7809942199915354,16,True,True
14,5,z_sigma,0.25,0.2493213748920244,0.7827314540918985,False,0.18025669508850978,0.7591705316004331,15,True,True
14,5,z_sigma,0.5,0.4849012825780057,0.7925040446946191,False,0.26378303912176826,0.7860968980942059,14,True,False
14,5,z_sigma,0.58,0.5562014374371362,0.8004087886066027,False,,,0,False,False
14,5,z_sigma,1.16,0.7498901145475859,1.1840909261106973,False,,,0,False,False
14,6,z_sigma,0.0,0.05174879343968676,0.6887890978405597,True,0.05174879343993141,0.688789097851163,16,True,True
14,6,z_sigma,0.1,0.09904935645204994,0.6891335858768863,True,0.0990493564521278,0.6891335858874512,16,True,True
14,6,z_sigma,0.25,0.21658178973692785,0.6912550396687163,False,0.1692535635874067,0.7152441146295738,15,True,True
14,6,z_sigma,0.5,0.4166981042799143,0.7029346781793998,False,0.27624645531140046,0.5867680479412757,11,False,False
14,6,z_sigma,0.58,0.4764011439839692,0.711832206503432,False,0.23483211843903673,0.6615621687802942,9,False,False
14,6,z_sigma,1.16,0.649205737886938,1.040254161220834,False,0.20447192103701323,1.210208349789766,8,False,False
14,7,z_sigma,0.0,0.05161407287939999,0.6813034346247401,True,0.05161407287867292,0.6813034346154303,16,True,True
14,7,z_sigma,0.1,0.0588372967792283,0.6813005975123735,True,0.05883729677939848,0.681300597505642,16,True,True
14,7,z_sigma,0.25,0.0885472661082586,0.6814604847053439,True,0.08854726610837117,0.6814604847053667,16,True,True
14,7,z_sigma,0.5,0.15356432809235035,0.6821952066196403,False,0.1535643280924302,0.6821952066116427,16,True,True
14,7,z_sigma,0.58,0.17557866104797215,0.6825686907765272,False,0.17557866104796088,0.6825686907605246,16,True,True
14,7,z_sigma,1.16,0.3377054658259123,0.6882433639197673,False,0.2370463256807761,0.5626127710442327,9,False,False
14,8,z_sigma,0.0,0.051765788529637285,0.674148695683822,True,0.051765788529637285,0.674148695683822,16,True,True
14,8,z_sigma,0.1,0.07247001976240079,0.6742692228430419,True,0.07247001976219426,0.6742692228430787,16,True,True
14,8,z_sigma,0.25,0.13868398457287104,0.6750202931275279,False,0.13868398457287104,0.6750202931275279,16,True,True
14,8,z_sigma,0.5,0.2625755744582511,0.6782173446895922,False,0.13109952326770918,0.7112735371269605,13,False,False
14,8,z_sigma,0.58,0.3025021250148092,0.6799841576295521,False,0.14922444389244946,0.7113228794080968,13,False,False
14,8,z_sigma,1.16,0.5573410898126188,0.7317298338973658,False,0.20812982306407068,0.4677391053095316,7,False,False
14,9,z_sigma,0.0,0.0515379745920921,0.7251921262686257,True,0.05153797459217674,0.7251921262686557,16,True,True
14,9,z_sigma,0.1,0.05802368209339226,0.7251941847177447,True,0.058023682092660255,0.7251941847153222,16,True,True
14,9,z_sigma,0.25,0.09348909731476818,0.7251976906428228,True,0.09348909731488601,0.7251976906415523,16,True,True
14,9,z_sigma,0.5,0.17083061992210852,0.725204979027345,False,0.14417704367104994,0.6981237073325647,15,True,True
14,9,z_sigma,0.58,0.19686907445665608,0.7252078076773727,False,0.16545259558692055,0.6984429015845149,15,True,True
14,9,z_sigma,1.16,0.3900504512451471,0.7252420589407335,False,0.19608157993635553,0.7061502487498983,14,True,False
14,10,z_sigma,0.0,0.05172282739177839,0.7552221742710277,True,0.05172282739100029,0.7552221742758225,16,True,True
14,10,z_sigma,0.1,0.05671600729306991,0.7553307289623851,True,0.05671600729271595,0.7553307289672085,16,True,True
14,10,z_sigma,0.25,0.08351269563656268,0.755777021093738,True,0.08351269563622966,0.7557770210937376,16,True,True
14,10,z_sigma,0.5,0.14498941909402938,0.7573212374765974,False,0.14498941909422114,0.7573212374909741,16,True,True
14,10,z_sigma,0.58,0.165955666372529,0.7580464249782101,False,0.16595566637288728,0.75804642499734,16,True,True
14,10,z_sigma,1.16,0.31997201011537435,0.7677698348804155,False,0.31997201011566384,0.7677698348850331,16,True,True
14,11,z_sigma,0.0,0.05173958913396772,0.8122543034251536,True,0.05173958913355114,0.8122543034251503,16,True,True
14,11,z_sigma,0.1,0.08065364324609138,0.8123675807057484,True,0.08065364324646951,0.8123675807236412,16,True,True
14,11,z_sigma,0.25,0.1632391179095959,0.8131193356037661,False,0.16323911790967077,0.8131193356037523,16,True,True
14,11,z_sigma,0.5,0.31291477938886936,0.8163478587741496,False,0.25119407187721227,0.69345700367328,10,False,False
14,11,z_sigma,0.58,0.3609589312393647,0.8181328068332308,False,0.23865814622749346,0.6899847937235409,9,False,False
14,11,z_sigma,1.16,0.6726305385291084,0.871626972950436,False,0.2918519010686857,0.8833398911326504,8,False,False
14,12,z_sigma,0.0,0.051766035685234496,0.7851509784076885,True,0.0517660356852425,0.7851509784078605,16,True,True
14,12,z_sigma,0.1,0.08318974234448034,0.7853581151944867,True,0.08318974234431473,0.785358115189402,16,True,True
14,12,z_sigma,0.25,0.17028025022966797,0.7864442906495506,False,0.17028025022980828,0.7864442906542307,16,True,True
14,12,z_sigma,0.5,0.32645057545988065,0.7910188948683596,False,0.23839855242941976,0.6247690995136985,8,False,False
14,12,z_sigma,0.58,0.3762108710316969,0.7935993493830672,False,0.25229800372768635,0.6811249673249807,8,False,False
14,12,z_sigma,1.16,0.6744603824451769,0.8788761072718363,False,0.1519316014878927,1.3740048205801263,6,False,False
14,13,z_sigma,0.0,0.05176559446733529,0.7929946613030388,True,0.05176559446733529,0.7929946613030388,16,True,True
14,13,z_sigma,0.1,0.0878063237880696,0.793074715729413,True,0.08780632378790791,0.7930747157294129,16,True,True
14,13,z_sigma,0.25,0.18675065750912692,0.7934333090442982,False,0.18675065750912692,0.7934333090442982,16,True,True
14,13,z_sigma,0.5,0.363337055722807,0.7949558124514401,False,,,0,False,False
14,13,z_sigma,0.58,0.420127140364785,0.7958641094362364,False,,,0,False,False
14,13,z_sigma,1.16,0.7573286752490395,0.8795325681044892,False,,,0,False,False
14,14,z_sigma,0.0,0.05173973081117219,0.6287241806253988,True,0.051739730811837296,0.6287241806427255,16,True,True
14,14,z_sigma,0.1,0.07678280980643074,0.6287222392090027,True,0.07678280980622625,0.628722239209024,16,True,True
14,14,z_sigma,0.25,0.14847778011788812,0.6287211231830636,False,0.1421812915222271,0.6394401719111289,15,True,True
14,14,z_sigma,0.5,0.2813413393378208,0.628724855926545,False,0.21318822063730208,0.3709025612038953,9,False,False
14,14,z_sigma,0.58,0.32464825269568975,0.6287282306698135,False,0.21812407970952793,0.41932201798029756,9,False,False
14,14,z_sigma,1.16,0.627803228316897,0.642216801706371,False,0.22653405293952922,0.8020418852645839,9,False,False
14,15,z_sigma,0.0,0.05177606774741734,0.6461309364178907,True,0.05177606774775461,0.6461309364136757,16,True,True
14,15,z_sigma,0.1,0.07681336310045697,0.6461307225162202,True,0.07681336310022495,0.6461307225120048,16,True,True
14,15,z_sigma,0.25,0.15460635618714091,0.6461307729477764,False,0.1546063561871159,0.6461307729435615,16,True,True
14,15,z_sigma,0.5,0.2983929647334234,0.646132125440403,False,0.18603583938995705,0.6887017907414404,14,True,False
14,15,z_sigma,0.58,0.34519007555015296,0.6461331009854887,False,0.214522470895605,0.6887478125536667,14,True,False
14,15,z_sigma,1.16,0.6460561387676307,0.6871099269046351,False,,,0,False,False
15,0,z_sigma,0.0,0.05177131597783616,1.6368286862175891,True,0.05177131597701268,1.6368286862175891,16,True,True
15,0,z_sigma,0.1,0.0815994310872472,1.637012802565324,True,0.08159943108689635,1.637012802565324,16,True,True
15,0,z_sigma,0.25,0.16807943568098224,1.6379884501966193,False,0.1680794356808134,1.6379884501966193,16,True,True
15,0,z_sigma,0.5,0.3247928052232143,1.6416017642940042,False,0.2569259382540396,1.644079564249509,15,True,True
15,0,z_sigma,0.58,0.3753808030581405,1.643337546905563,False,,,0,False,False
15,0,z_sigma,1.16,0.7361238872992931,1.6675231006181663,False,,,0,False,False
15,1,z_sigma,0.0,0.05107552169098705,0.6186596367145552,True,0.05107552169124374,0.6186596367130658,16,True,True
15,1,z_sigma,0.1,0.08998385812079088,0.6186667511840352,True,0.0899838581213824,0.6186667511854409,16,True,True
15,1,z_sigma,0.25,0.19198924302379758,0.6196819401502329,False,0.09489872083687138,0.3192007785283037,10,False,False
15,1,z_sigma,0.5,0.369919604500425,0.626199008579418,False,0.11869601167706907,0.5263610006377775,10,False,False
15,1,z_sigma,0.58,0.42461514571940867,0.6313398700758921,False,0.12153862742354378,0.5995787733857093,10,False,False
15,1,z_sigma,1.16,0.5915430633428668,0.9017806168903262,False,0.12881983116615572,1.1529262465015373,10,False,False
15,2,z_sigma,0.0,0.05175615583218509,0.6784951316917281,True,0.05175615583217639,0.6784951316917098,16,True,True
15,2,z_sigma,0.1,0.06059310007597525,0.6784945447748794,True,0.06059310007597525,0.6784945447748792,16,True,True
15,2,z_sigma,0.25,0.09742008992849423,0.6784949114508365,True,0.0974200899289779,0.6784949114722095,16,True,True
15,2,z_sigma,0.5,0.17531577498091486,0.6784990982270773,False,0.17245940636587212,0.6760319979366187,15,True,True
15,2,z_sigma,0.58,0.20145004123244978,0.6785015233589585,False,0.1980088947220788,0.6761284491704697,15,True,True
15,2,z_sigma,1.16,0.3951619836351069,0.6785464368804868,False,0.2970311363326359,0.5108245605782216,8,False,False
15,3,z_sigma,0.0,0.051124256767248216,0.6017030450315198,True,0.051124256767237176,0.6017030450194274,16,True,True
15,3,z_sigma,0.1,0.06974038357955409,0.6017269900936345,True,0.0697403835795187,0.6017269900936345,16,True,True
15,3,z_sigma,0.25,0.12756257975228455,0.6017741581258391,False,0.12756257975246701,0.6017741581500253,16,True,True
15,3,z_sigma,0.5,0.2380941287112829,0.6018990943269167,False,0.22947324530862875,0.29726017466812305,11,False,False
15,3,z_sigma,0.58,0.2743409868309417,0.6019590178565998,False,0.232900878999671,0.33868224697830723,11,False,False
15,3,z_sigma,1.16,0.5380554183827719,0.6045141916418368,False,0.2366395234128154,0.6621904396059373,11,False,False
15,4,z_sigma,0.0,0.051777480152047285,1.633656245555259,True,0.051777480151379826,1.6336562455597112,16,True,True
15,4,z_sigma,0.1,0.07843236873027194,1.6338224668022119,True,0.07843236873026066,1.6338224668022117,16,True,True
15,4,z_sigma,0.25,0.15068556360782304,1.6346974789886692,False,0.1506855636560514,1.6346974789886746,16,True,True
15,4,z_sigma,0.5,0.2833432260879939,1.637904270548776,False,,,0,False,False
15,4,z_sigma,0.58,0.326348527735121,1.6394271523560637,False,,,0,False,False
15,4,z_sigma,1.16,0.6348011907485128,1.6595846464053352,False,,,0,False,False
15,5,z_sigma,0.0,0.05176988682016089,0.7806915179459066,True,0.05176988682022458,0.780691517936567,16,True,True
15,5,z_sigma,0.1,0.07522625842852994,0.7807169096937062,True,0.07522625842868236,0.7807169097123126,16,True,True
15,5,z_sigma,0.25,0.1454195526528955,0.780848441905547,False,0.14541955265285147,0.7808484418962172,16,True,True
15,5,z_sigma,0.5,0.2761411256443042,0.7813751155867991,False,0.25152065928597017,0.8078986260331816,15,True,True
15,5,z_sigma,0.58,0.318706560001664,0.7816553475410537,False,,,0,False,False
15,5,z_sigma,1.16,0.6244529087653736,0.7895172060425272,False,,,0,False,False
15,6,z_sigma,0.0,0.05174879343968676,0.6887890978405597,True,0.05174879343993141,0.688789097851163,16,True,True
15,6,z_sigma,0.1,0.08358619674313078,0.6888825591734458,True,0.08358619674274062,0.6888825591787349,16,True,True
15,6,z_sigma,0.25,0.1758675615846465,0.6894725882476168,False,0.1418569579063868,0.7075082418639195,15,True,True
15,6,z_sigma,0.5,0.3414309847477468,0.6922828427737747,False,0.266021223998585,0.5902126571301013,12,False,False
15,6,z_sigma,0.58,0.39430466151820986,0.6940801954569591,False,0.28060295840963284,0.5565283097034017,11,False,False
15,6,z_sigma,1.16,0.6563498354036947,0.8314605213701202,False,0.22140602873774798,0.9958400073348346,8,False,False
15,7,z_sigma,0.0,0.05161407287939999,0.6813034346247401,True,0.05161407287867292,0.6813034346154303,16,True,True
15,7,z_sigma,0.1,0.09649768942647495,0.6819196209922505,True,0.09649768942693628,0.6819196209921653,16,True,True
15,7,z_sigma,0.25,0.21256797699777116,0.6848575087003337,False,0.15833874571476428,0.7024350247249933,15,True,True
15,7,z_sigma,0.5,0.4088207031005327,0.6999874610035202,False,0.25803284503511426,0.5434198129333747,10,False,False
15,7,z_sigma,0.58,0.46626174838304557,0.7110702045672325,False,0.24975142682196422,0.562786211720422,9,False,False
15,7,z_sigma,1.16,0.633094721623675,1.04526147716853,False,0.2798854763439993,0.9033038873969167,8,False,False
15,8,z_sigma,0.0,0.051765788529637285,0.674148695683822,True,0.051765788529637285,0.674148695683822,16,True,True
15,8,z_sigma,0.1,0.06731558422596305,0.6741631689766923,True,0.06731558422596305,0.6741631689766923,16,True,True
15,8,z_sigma,0.25,0.11928622235873262,0.6742796171835862,False,0.11928622235873262,0.6742796171835862,16,True,True
15,8,z_sigma,0.5,0.2208707054901853,0.6747724336590039,False,0.2015760832412859,0.6853263057746644,15,True,True
15,8,z_sigma,0.58,0.25429221431911614,0.6750327699099952,False,0.2318352898767873,0.6853470709211835,15,True,True
15,8,z_sigma,1.16,0.4962023066798245,0.680989076373606,False,0.33421281773443745,0.6394679281464615,8,False,False
15,9,z_sigma,0.0,0.0515379745920921,0.7251921262686257,True,0.05153797459217674,0.7251921262686557,16,True,True
15,9,z_sigma,0.1,0.0871396844373033,0.725214831839605,True,0.08713968443718399,0.7252148318408748,16,True,True
15,9,z_sigma,0.25,0.17991987596986075,0.7256631893831376,False,0.1037941697633318,0.7359295234574491,15,True,True
15,9,z_sigma,0.5,0.34538125366267053,0.7279958376580362,False,0.173492958180576,0.7116217312144428,14,False,True
15,9,z_sigma,0.58,0.39835607733581263,0.7294721589042203,False,0.19838505717748625,0.7118643910757335,14,False,True
15,9,z_sigma,1.16,0.6861328240443185,0.8394860574968056,False,0.3086885305345413,0.562784561628662,8,False,False
15,10,z_sigma,0.0,0.05172282739177839,0.7552221742710277,True,0.05172282739100029,0.7552221742758225,16,True,True
15,10,z_sigma,0.1,0.10365458837934005,0.7555947739777,False,0.10365458837934874,0.7555947739777035,16,True,True
15,10,z_sigma,0.25,0.22991301226137542,0.7574585108695947,False,0.2299130122613039,0.7574585108695947,16,True,True
15,10,z_sigma,0.5,0.4454120251048465,0.7670747258488116,False,,,0,False,False
15,10,z_sigma,0.58,0.5110582779659556,0.7742061355583842,False,,,0,False,False
15,10,z_sigma,1.16,0.7176475769681329,1.0986249817162443,False,,,0,False,False
15,11,z_sigma,0.0,0.05173958913396772,0.8122543034251536,True,0.05173958913355114,0.8122543034251503,16,True,True
15,11,z_sigma,0.1,0.0858340456609594,0.8123115451738502,True,0.08405473947618097,0.7971275620079151,15,True,True
15,11,z_sigma,0.25,0.1820616718043741,0.8127288994004228,False,0.14627957010876289,0.7234973944624712,13,False,False
15,11,z_sigma,0.5,0.35433847598659773,0.8146381893195416,False,0.15440664048452973,0.7345893151805284,12,False,False
15,11,z_sigma,0.58,0.40970149240923015,0.8157676725057047,False,0.17760745637136754,0.7354033093320255,12,False,False
15,11,z_sigma,1.16,0.7526117812490496,0.8853233018502444,False,0.22804332759160606,0.5929632081455859,8,False,False
15,12,z_sigma,0.0,0.051766035685234496,0.7851509784076885,True,0.0517660356852425,0.7851509784078605,16,True,True
15,12,z_sigma,0.1,0.09249930489341708,0.7851999079379349,True,0.09249930489342444,0.78519990792047,16,True,True
15,12,z_sigma,0.25,0.1958003667013112,0.7854990978185004,False,0.19580036670150713,0.7854990978307754,16,True,True
15,12,z_sigma,0.5,0.37870659294843656,0.7868945755716537,False,0.2323441377779885,0.6839617215506041,6,False,False
15,12,z_sigma,0.58,0.43746843407179126,0.7877693489170257,False,0.24078633845518513,0.7698803368225882,6,False,False
15,12,z_sigma,1.16,0.7612319878801488,0.8987779493698625,False,0.1453076936275209,1.6156695617158165,5,False,False
15,13,z_sigma,0.0,0.05176559446733529,0.7929946613030388,True,0.05176559446733529,0.7929946613030388,16,True,True
15,13,z_sigma,0.1,0.08822351426347899,0.7930790436992363,True,0.08822351426347998,0.7930790436992224,16,True,True
15,13,z_sigma,0.25,0.1887696833840877,0.7934595153567217,False,0.1887696833840877,0.7934595153567217,16,True,True
15,13,z_sigma,0.5,0.36796772291589785,0.7950881860032345,False,0.2864903113267549,0.8169632588005674,14,False,True
15,13,z_sigma,0.58,0.4255526282375139,0.7960687711509392,False,,,0,False,False
15,13,z_sigma,1.16,0.7592855703438686,0.8894924581647206,False,,,0,False,False
15,14,z_sigma,0.0,0.05173973081117219,0.6287241806253988,True,0.051739730811837296,0.6287241806427255,16,True,True
15,14,z_sigma,0.1,0.09288730601641773,0.628725148539822,True,0.09288730601647537,0.6287251485687431,16,True,True
15,14,z_sigma,0.25,0.1999062474996893,0.628727250351065,False,0.18081184725613866,0.6397328462930183,15,True,True
15,14,z_sigma,0.5,0.3897917927852668,0.6287352693748888,False,0.2256613848855912,0.47844215073562063,9,False,False
15,14,z_sigma,0.58,0.45115506527888677,0.628741505950061,False,0.22762568265837632,0.5496376880295152,9,False,False
15,14,z_sigma,1.16,0.6287012556277655,0.8980661172689812,False,0.23123591500066265,1.0798703966950214,9,False,False
15,15,z_sigma,0.0,0.05177606774741734,0.6461309364178907,True,0.05177606774775461,0.6461309364136757,16,True,True
15,15,z_sigma,0.1,0.09018318115703537,0.6463585374968421,True,0.09018318115659878,0.64635853749407,16,True,True
15,15,z_sigma,0.25,0.19124641336071047,0.6477210694294278,False,0.19124641336061785,0.6477210694266454,16,True,True
15,15,z_sigma,0.5,0.36780739268065255,0.6547824170507702,False,0.2758786881174561,0.5081350873726765,11,False,False
15,15,z_sigma,0.58,0.42232480039007314,0.659840838929401,False,0.29511682611322687,0.549352159876731,11,False,False
15,15,z_sigma,1.16,0.6121195024871445,0.9054939609337411,False,0.309352032073702,1.0071868406277678,10,False,False
16,0,z_sigma,0.0,0.05177131597783616,1.6368286862175891,True,0.05177131597701268,1.6368286862175891,16,True,True
16,0,z_sigma,0.1,0.1032542645128655,1.636831108289924,False,0.10325426451272786,1.636831108289924,16,True,True
16,0,z_sigma,0.25,0.23342198007556328,1.6368440771969575,False,0.17466744297599437,1.6429244277295552,15,True,True
16,0,z_sigma,0.5,0.4609349416444768,1.6368941941463393,False,0.2616788408495493,1.1971545949148343,13,False,False
16,0,z_sigma,0.58,0.5342579422559616,1.6369195210530096,False,,,0,False,False
16,0,z_sigma,1.16,1.0672707625467073,1.6373933732834423,False,,,0,False,False
16,1,z_sigma,0.0,0.05107552169098705,0.6186596367145552,True,0.05107552169124374,0.6186596367130658,16,True,True
16,1,z_sigma,0.1,0.08710200029134686,0.6188828041519483,True,0.0871020002914726,0.6188828041504596,16,True,True
16,1,z_sigma,0.25,0.18569215441320105,0.6195989922327105,False,0.18569215441313708,0.61959899223271,16,True,True
16,1,z_sigma,0.5,0.36039766096566694,0.6227915455069772,False,0.1905578907286532,0.4855198677126378,10,False,False
16,1,z_sigma,0.58,0.4156893609731095,0.625113654794932,False,0.19167923427113434,0.5582878885095452,10,False,False
16,1,z_sigma,1.16,0.6046851387338915,0.8562622529078303,False,0.19352599131983617,1.0969494952508776,10,False,False
16,2,z_sigma,0.0,0.05175615583218509,0.6784951316917281,True,0.05175615583217639,0.6784951316917098,16,True,True
16,2,z_sigma,0.1,0.08646841195021385,0.6786817152703523,True,0.08646841195022037,0.6786817152756909,16,True,True
16,2,z_sigma,0.25,0.17931755254282195,0.679819519910193,False,0.1793175525424937,0.6798195198995577,16,True,True
16,2,z_sigma,0.5,0.3437598027088192,0.6852509142940202,False,0.2803064501073906,0.5376615646142738,9,False,False
16,2,z_sigma,0.58,0.395484818401402,0.6887351238022283,False,0.2893783675274512,0.6031234059109188,9,False,False
16,2,z_sigma,1.16,0.6307327084556323,0.8574423527898745,False,0.2646140856120068,1.2123020516289003,8,False,False
16,3,z_sigma,0.0,0.051124256767248216,0.6017030450315198,True,0.051124256767237176,0.6017030450194274,16,True,True
16,3,z_sigma,0.1,0.08299303507321011,0.6018230845813104,True,0.08299303507321047,0.6018230845692283,16,True,True
16,3,z_sigma,0.25,0.16779871706331317,0.6021561368267677,False,0.16779871706318958,0.6021561368026556,16,True,True
16,3,z_sigma,0.5,0.32066933857890395,0.6034435704200141,False,0.21375769336063577,0.4079803801796368,11,False,False
16,3,z_sigma,0.58,0.3698786990471462,0.6042703394938542,False,0.21673012459558308,0.46617767985376424,11,False,False
16,3,z_sigma,1.16,0.5916596274402531,0.7476673357375629,False,0.2224246367981309,0.9066263815723513,11,False,False
16,4,z_sigma,0.0,0.051777480152047285,1.633656245555259,True,0.051777480151379826,1.6336562455597112,16,True,True
16,4,z_sigma,0.1,0.10741236320183734,1.6337752966579548,False,0.10741236313411821,1.633775296657954,16,True,True
16,4,z_sigma,0.25,0.23866405942637295,1.6344098038225363,False,0.23866405945682873,1.63440980382254,16,True,True
16,4,z_sigma,0.5,0.4666643472039563,1.6368610943254998,False,,,0,False,False
16,4,z_sigma,0.58,0.539832230701111,1.6380996667889474,False,,,0,False,False
16,4,z_sigma,1.16,1.0597762080500963,1.6607868988556105,False,,,0,False,False
16,5,z_sigma,0.0,0.05176988682016089,0.7806915179459066,True,0.05176988682022458,0.780691517936567,16,True,True
16,5,z_sigma,0.1,0.09149363254799381,0.781082415075256,True,0.08067030771627715,0.7775974771860107,15,True,True
16,5,z_sigma,0.25,0.19309666034033293,0.7832301044880091,False,0.15463878348673135,0.7827550823987253,15,True,True
16,5,z_sigma,0.5,0.36979291182903273,0.7928676327622178,False,0.2339614354849429,0.7393285248856156,12,False,False
16,5,z_sigma,0.58,0.4245908109090903,0.7986631254585396,False,0.2266762255313751,0.7472563327795919,11,False,False
16,5,z_sigma,1.16,0.6866414927175839,0.9808561502956602,False,0.2307977551247215,0.9427575168444768,8,False,False
16,6,z_sigma,0.0,0.05174879343968676,0.6887890978405597,True,0.05174879343993141,0.688789097851163,16,True,True
16,6,z_sigma,0.1,0.08866580014528522,0.6888097068993283,True,0.08866580014518868,0.6888097068993432,16,True,True
16,6,z_sigma,0.25,0.18389834407472522,0.68896082924119,False,0.18389834407471267,0.6889608292570343,16,True,True
16,6,z_sigma,0.5,0.3539926063980856,0.6897150061258689,False,0.22888081105313582,0.7353700690894188,14,True,False
16,6,z_sigma,0.58,0.4088324359946075,0.6902166215764829,False,0.2531226770314808,0.6143564782419886,10,False,False
16,6,z_sigma,1.16,0.6798202497194092,0.8227699922956573,False,0.34535031271166466,0.76064257286233,9,False,False
16,7,z_sigma,0.0,0.05161407287939999,0.6813034346247401,True,0.05161407287867292,0.6813034346154303,16,True,True
16,7,z_sigma,0.1,0.07274841753426269,0.6814013328392716,True,0.07274841753310832,0.6814013328246757,16,True,True
16,7,z_sigma,0.25,0.13737099994860597,0.6817441254633486,False,0.13737099994976815,0.6817441254684682,16,True,True
16,7,z_sigma,0.5,0.2588081868050833,0.6829946273342289,False,0.24898394406471025,0.6454708063313513,14,True,False
16,7,z_sigma,0.58,0.29831403723680405,0.6836557985403301,False,0.26185405051457006,0.49365507742679643,11,False,False
16,7,z_sigma,1.16,0.5717514670412159,0.7047566978303484,False,0.22781322266901216,0.7299483799670294,7,False,False
16,8,z_sigma,0.0,0.051765788529637285,0.674148695683822,True,0.051765788529637285,0.674148695683822,16,True,True
16,8,z_sigma,0.1,0.07104530688767703,0.6743154054994175,True,0.07104530688746591,0.6743154054994039,16,True,True
16,8,z_sigma,0.25,0.12929585875842595,0.675124560042288,False,0.1292958587585306,0.6751245600422954,16,True,True
16,8,z_sigma,0.5,0.23946606425888853,0.6783046395889701,False,0.24254064775372855,0.6372508715390239,15,True,True
16,8,z_sigma,0.58,0.27512741598362467,0.6799780311998,False,0.28399568010333626,0.5946419749383137,14,False,True
16,8,z_sigma,1.16,0.5121765342424592,0.7182129806239016,False,0.222938849567781,0.8246258151265343,9,False,False
16,9,z_sigma,0.0,0.0515379745920921,0.7251921262686257,True,0.05153797459217674,0.7251921262686557,16,True,True
16,9,z_sigma,0.1,0.08578148198757335,0.7252416571885034,True,0.08578148198715646,0.725241657186025,16,True,True
16,9,z_sigma,0.25,0.1814701542006909,0.7253887642764444,False,0.12651633879344015,0.7296724405233002,15,True,True
16,9,z_sigma,0.5,0.3532232150989703,0.7259471594422872,False,0.1319997891107893,0.765350757052545,13,False,False
16,9,z_sigma,0.58,0.40870197697800653,0.7262836989637288,False,0.15014346293455996,0.7653530402035245,13,False,False
16,9,z_sigma,1.16,0.7163266935791387,0.8255615011027363,False,0.3619475183569673,0.6836966429933127,8,False,False
16,10,z_sigma,0.0,0.05172282739177839,0.7552221742710277,True,0.05172282739100029,0.7552221742758225,16,True,True
16,10,z_sigma,0.1,0.0668919065278484,0.7552553161903505,True,0.06689190652756778,0.7552553161951501,16,True,True
16,10,z_sigma,0.25,0.11327337586834992,0.7553708246213005,False,0.11327337586820499,0.7553708246357346,16,True,True
16,10,z_sigma,0.5,0.2044691861443085,0.7557626240388571,False,0.16216443344418266,0.7822760995277749,15,True,True
16,10,z_sigma,0.58,0.23459880630571806,0.7559514954731779,False,0.18480780351411386,0.7824801161801939,15,True,True
16,10,z_sigma,1.16,0.45504130813745125,0.7590599601131771,False,0.2367320015744669,0.7919202737878616,13,False,False
16,11,z_sigma,0.0,0.05173958913396772,0.8122543034251536,True,0.05173958913355114,0.8122543034251503,16,True,True
16,11,z_sigma,0.1,0.06569744416227584,0.8123100874639784,True,0.06569744416227584,0.812310087463978,16,True,True
16,11,z_sigma,0.25,0.11569515090626153,0.8125406555862887,False,0.11569515090638435,0.8125406555862884,16,True,True
16,11,z_sigma,0.5,0.2145883198266232,0.8133658298381718,False,0.16343911472780479,0.8115035402567293,14,False,True
16,11,z_sigma,0.58,0.24717415943498972,0.8137692628814646,False,0.18695497446833836,0.8115891249273041,14,False,True
16,11,z_sigma,1.16,0.483720112064743,0.8204264240395159,False,0.3446409533580807,0.5385908639553215,8,False,False
16,12,z_sigma,0.0,0.051766035685234496,0.7851509784076885,True,0.0517660356852425,0.7851509784078605,16,True,True
16,12,z_sigma,0.1,0.0749135895078587,0.7851543159857532,True,0.0749135895080048,0.7851543159629388,16,True,True
16,12,z_sigma,0.25,0.1426526422935297,0.7851804464530634,False,0.13470093144867448,0.7977670665840765,15,True,True
16,12,z_sigma,0.5,0.2691932922171071,0.7852919555181614,False,0.23844691756958963,0.5000554758580426,7,False,False
16,12,z_sigma,0.58,0.3104930681305719,0.7853516970763329,False,0.2033602839719887,0.5703290250116831,6,False,False
16,12,z_sigma,1.16,0.611590748288867,0.7869330756500036,False,0.2434767053458259,0.9797513131671846,6,False,False
16,13,z_sigma,0.0,0.05176559446733529,0.7929946613030388,True,0.05176559446733529,0.7929946613030388,16,True,True
16,13,z_sigma,0.1,0.09141684751349859,0.7931200651276753,True,0.09141684751357736,0.7931200651276678,16,True,True
16,13,z_sigma,0.25,0.1945030204652734,0.7937076678950704,False,0.1945030204653462,0.7937076678950704,16,True,True
16,13,z_sigma,0.5,0.376838517803259,0.7962743334253974,False,,,0,False,False
16,13,z_sigma,0.58,0.4351447502274761,0.797841998296042,False,,,0,False,False
16,13,z_sigma,1.16,0.7526575569495406,0.9171533773227095,False,,,0,False,False
16,14,z_sigma,0.0,0.05173973081117219,0.6287241806253988,True,0.051739730811837296,0.6287241806427255,16,True,True
16,14,z_sigma,0.1,0.12509683158621024,0.6287338174170856,False,0.12509683158605414,0.6287338174344302,16,True,True
16,14,z_sigma,0.25,0.28755021511205336,0.6287684085350033,False,0.26007471600956394,0.3740649851723878,11,False,False
16,14,z_sigma,0.5,0.5663444032932481,0.6293041120722265,False,0.2724967601730802,0.6419488984785349,10,False,False
16,14,z_sigma,0.58,0.6272474315930292,0.6582060091448121,False,0.2746434459543874,0.7389406620317631,10,False,False
16,14,z_sigma,1.16,0.6285756464347856,1.3092862111089758,False,0.23565174032253006,1.538305148855077,9,False,False
16,15,z_sigma,0.0,0.05177606774741734,0.6461309364178907,True,0.05177606774775461,0.6461309364136757,16,True,True
16,15,z_sigma,0.1,0.11238430579988073,0.6461821494344449,False,0.11238430579937381,0.6461821494247085,16,True,True
16,15,z_sigma,0.25,0.25802255907106453,0.6465336531048459,False,0.14196186878734457,0.6898310170220453,14,True,False
16,15,z_sigma,0.5,0.5079984270693398,0.6497660708962653,False,0.24321694897590476,0.48696143788028695,10,False,False
16,15,z_sigma,0.58,0.5831126588444321,0.6561853159658299,False,0.2662995787722118,0.5133883912087761,10,False,False
16,15,z_sigma,1.16,0.6429364352866572,1.189226541789049,False,0.25452167720495145,0.9178637467776491,8,False,False
17,0,z_sigma,0.0,0.05177131597783616,1.6368286862175891,True,0.05177131597701268,1.6368286862175891,16,True,True
17,0,z_sigma,0.1,0.06554900824138396,1.636874926329101,True,0.06554900824116881,1.636874926329101,16,True,True
17,0,z_sigma,0.25,0.11947204643136754,1.6371187521535373,False,0.11947204643113868,1.6371187521535346,16,True,True
17,0,z_sigma,0.5,0.22581839865834616,1.6380048751944891,False,0.19952566545699713,1.4349460923930737,15,True,True
17,0,z_sigma,0.58,0.2608211825403594,1.6384215020389072,False,0.22997665577819876,1.434962891905337,15,True,True
17,0,z_sigma,1.16,0.5167085098093688,1.6437147611446572,False,,,0,False,False
17,1,z_sigma,0.0,0.05107552169098705,0.6186596367145552,True,0.05107552169124374,0.6186596367130658,16,True,True
17,1,z_sigma,0.1,0.09783523783122965,0.6186132832268599,True,0.09783523783151055,0.6186132832282455,16,True,True
17,1,z_sigma,0.25,0.21442091928073487,0.6186126198470282,False,0.20715651427273737,0.2836832042971439,10,False,False
17,1,z_sigma,0.5,0.4191524704996988,0.6189479020014784,False,0.21616716716520462,0.5418834906744856,10,False,False
17,1,z_sigma,0.58,0.48493035484492697,0.6193582854312711,False,0.2166142627631965,0.6272438467132151,10,False,False
17,1,z_sigma,1.16,0.6174017481924551,0.9686511190829169,False,0.21758138530286172,1.249418656661616,10,False,False
17,2,z_sigma,0.0,0.05175615583218509,0.6784951316917281,True,0.05175615583217639,0.6784951316917098,16,True,True
17,2,z_sigma,0.1,0.10566931032880654,0.6785012681759715,False,0.10566931032861769,0.678501268170599,16,True,True
17,2,z_sigma,0.25,0.2338959382012829,0.6785603895729949,False,0.18180608964981113,0.7017266650909059,15,True,True
17,2,z_sigma,0.5,0.457381904878462,0.6789656576000019,False,0.1597825283483373,0.7556710996223849,12,False,False
17,2,z_sigma,0.58,0.5291245217405369,0.6793890831950385,False,0.18105425133683026,0.7559531706396513,12,False,False
17,2,z_sigma,1.16,0.6774648141331808,1.0559486730693692,False,0.2850522379351226,0.5887188059968333,7,False,False
17,3,z_sigma,0.0,0.051124256767248216,0.6017030450315198,True,0.051124256767237176,0.6017030450194274,16,True,True
17,3,z_sigma,0.1,0.07967352335017898,0.6017092228083408,True,0.0796735233503675,0.6017092227962477,16,True,True
17,3,z_sigma,0.25,0.16687583167250253,0.6017226705617778,False,0.1668758316725094,0.6017226705375941,16,True,True
17,3,z_sigma,0.5,0.3256756979881055,0.6017681601241514,False,0.23953891271288175,0.3959079214002326,11,False,False
17,3,z_sigma,0.58,0.3771928613198747,0.6017970194053274,False,0.23955683168167594,0.4590592391320662,11,False,False
17,3,z_sigma,1.16,0.6014094300233352,0.753589823440869,False,0.23954302909531763,0.9186870278716321,11,False,False
17,4,z_sigma,0.0,0.051777480152047285,1.633656245555259,True,0.051777480151379826,1.6336562455597112,16,True,True
17,4,z_sigma,0.1,0.08128184994592488,1.6343090507528044,True,0.0812818501248118,1.6343090507528113,16,True,True
17,4,z_sigma,0.25,0.16151003918524676,1.6377696213443824,False,0.16151003916283393,1.6377696213443709,16,True,True
17,4,z_sigma,0.5,0.3057934950804744,1.6504852665471346,False,0.15044220510352718,1.424965224333425,13,False,False
17,4,z_sigma,0.58,0.35179462231076386,1.6565302450559525,False,0.17014583717563858,1.4291541875465557,13,False,False
17,4,z_sigma,1.16,0.6640111383770728,1.7357424586001653,False,0.2251703884554669,1.1838343988861433,12,False,False
17,5,z_sigma,0.0,0.05176988682016089,0.7806915179459066,True,0.05176988682022458,0.780691517936567,16,True,True
17,5,z_sigma,0.1,0.10198703571738889,0.7810230809876906,False,0.10198703571705085,0.7810230809876993,16,True,True
17,5,z_sigma,0.25,0.22511764437225684,0.7829338290759291,False,0.22511764437196663,0.7829338290852551,16,True,True
17,5,z_sigma,0.5,0.43584795865088405,0.7926065290883043,False,,,0,False,False
17,5,z_sigma,0.58,0.5004288639284019,0.7993532852083403,False,,,0,False,False
17,5,z_sigma,1.16,0.7320011943218238,1.0887177761624185,False,,,0,False,False
17,6,z_sigma,0.0,0.05174879343968676,0.6887890978405597,True,0.05174879343993141,0.688789097851163,16,True,True
17,6,z_sigma,0.1,0.08039344225342863,0.6889068330132243,True,0.08039344225369531,0.688906833023777,16,True,True
17,6,z_sigma,0.25,0.16064242620753152,0.6894919373384027,False,0.16064242620751337,0.6894919373489974,16,True,True
17,6,z_sigma,0.5,0.3063822965281067,0.6919961857279384,False,0.29654918944123954,0.4874992493095032,10,False,False
17,6,z_sigma,0.58,0.3531935329211544,0.6934602122136231,False,0.3183347994729419,0.5279817093949611,10,False,False
17,6,z_sigma,1.16,0.6310100529630103,0.7689233496609337,False,0.2857231457969282,1.0612871878956913,8,False,False
17,7,z_sigma,0.0,0.05161407287939999,0.6813034346247401,True,0.05161407287867292,0.6813034346154303,16,True,True
17,7,z_sigma,0.1,0.08557906364604774,0.6813604301393854,True,0.08557906364587566,0.6813604301340092,16,True,True
17,7,z_sigma,0.25,0.17886107964168296,0.6815458570013903,False,0.17886107964141307,0.6815458569921174,16,True,True
17,7,z_sigma,0.5,0.34641903280724645,0.6822960671856663,False,0.3108377266550727,0.5168221904255803,10,False,False
17,7,z_sigma,0.58,0.40049203878416634,0.6827690138084385,False,,,0,False,False
17,7,z_sigma,1.16,0.6727709080420424,0.8082609562354051,False,,,0,False,False
17,8,z_sigma,0.0,0.051765788529637285,0.674148695683822,True,0.051765788529637285,0.674148695683822,16,True,True
17,8,z_sigma,0.1,0.09259973619836179,0.6746969266078353,True,0.09259973619806491,0.6746969266078171,16,True,True
17,8,z_sigma,0.25,0.19802657301772142,0.6776364781605686,False,0.19802657301772142,0.6776364781605686,16,True,True
17,8,z_sigma,0.5,0.37777037657150947,0.6922104996392242,False,0.21253587781606187,0.6089650691274376,10,False,False
17,8,z_sigma,0.58,0.4310660262663487,0.7020810888810528,False,0.22196887918742506,0.6793015947696628,10,False,False
17,8,z_sigma,1.16,0.612104682794961,0.9839340335756693,False,0.19173978758701005,1.3220496413290173,9,False,False
17,9,z_sigma,0.0,0.0515379745920921,0.7251921262686257,True,0.05153797459217674,0.7251921262686557,16,True,True
17,9,z_sigma,0.1,0.08549282781898718,0.7251992975561615,True,0.08549282781939471,0.7251992975574025,16,True,True
17,9,z_sigma,0.25,0.17482046809260177,0.7252139196178289,False,0.1634739004284498,0.6983212892640406,15,True,True
17,9,z_sigma,0.5,0.3357098296585303,0.7252564576448919,False,0.25020509807333385,0.7400062996019401,13,False,False
17,9,z_sigma,0.58,0.3878556838788705,0.7252791835478842,False,0.28168389797948434,0.6190541273491524,10,False,False
17,9,z_sigma,1.16,0.723805770459285,0.7697447861476024,False,0.33065330448340774,0.8392748974284008,8,False,False
17,10,z_sigma,0.0,0.05172282739177839,0.7552221742710277,True,0.05172282739100029,0.7552221742758225,16,True,True
17,10,z_sigma,0.1,0.09537577201353915,0.7560450854575294,True,0.09537577201555672,0.7560450854957699,16,True,True
17,10,z_sigma,0.25,0.2039305804279002,0.761143747385922,False,0.20393058042936862,0.761143747399852,16,True,True
17,10,z_sigma,0.5,0.3847547816698087,0.7852054020809386,False,0.2683695207247204,0.7793318921301413,10,False,False
17,10,z_sigma,0.58,0.43701562016480056,0.7998728562247446,False,0.2920821871013167,0.8248035422857031,10,False,False
17,10,z_sigma,1.16,0.6338130352521982,1.0964699367799031,False,0.3141920893088606,1.4440325924706232,8,False,False
17,11,z_sigma,0.0,0.05173958913396772,0.8122543034251536,True,0.05173958913355114,0.8122543034251503,16,True,True
17,11,z_sigma,0.1,0.12747113128798362,0.8134717328252855,False,0.12747113128802626,0.8134717328342245,16,True,True
17,11,z_sigma,0.25,0.29556935072077234,0.8203669329843207,False,0.2767086241459569,0.8120742314935494,15,True,True
17,11,z_sigma,0.5,0.556861141381864,0.8631570158641608,False,,,0,False,False
17,11,z_sigma,0.58,0.6207872134975072,0.8975849649339073,False,,,0,False,False
17,11,z_sigma,1.16,0.7469628375632601,1.490377078782536,False,,,0,False,False
17,12,z_sigma,0.0,0.051766035685234496,0.7851509784076885,True,0.0517660356852425,0.7851509784078605,16,True,True
17,12,z_sigma,0.1,0.09236060236114729,0.785187953129366,True,0.09236060236127801,0.7851879531345423,16,True,True
17,12,z_sigma,0.25,0.19899174030050115,0.7853743028315983,False,0.20636074441170513,0.8059685884002303,12,False,False
17,12,z_sigma,0.5,0.38797195075125535,0.7862230468123015,False,0.31294615934749326,0.6798923258563779,6,False,False
17,12,z_sigma,0.58,0.4488135496484457,0.7867630238323815,False,0.2554903772091835,0.8568139967009325,5,False,False
17,12,z_sigma,1.16,0.7725839468897058,0.9102011781862276,False,0.26870264964472856,1.6293891537321294,5,False,False
17,13,z_sigma,0.0,0.05176559446733529,0.7929946613030388,True,0.05176559446733529,0.7929946613030388,16,True,True
17,13,z_sigma,0.1,0.07882021046804565,0.7929928731590724,True,0.05927560245322918,0.8193692058821019,15,True,True
17,13,z_sigma,0.25,0.16210646111806565,0.7929938342392581,True,0.09592814796534643,0.8193890210737733,15,True,True
17,13,z_sigma,0.5,0.31479822344200326,0.7930071586153004,False,0.13723685124646584,0.8160897937232341,14,True,False
17,13,z_sigma,0.58,0.36440902260622504,0.7930158429667167,False,0.15786520709165247,0.8162140890568396,14,True,False
17,13,z_sigma,1.16,0.7260054253861062,0.7936038946706269,False,0.258735234315077,0.8286096595347299,12,False,False
17,14,z_sigma,0.0,0.05173973081117219,0.6287241806253988,True,0.051739730811837296,0.6287241806427255,16,True,True
17,14,z_sigma,0.1,0.07390851830451506,0.6287211504261833,True,0.07390851830411607,0.6287211504377577,16,True,True
17,14,z_sigma,0.25,0.1388404404632104,0.6287307383602452,False,0.13884044046313587,0.6287307383776184,16,True,True
17,14,z_sigma,0.5,0.26073539851674743,0.6287944296364902,False,0.22882044111929536,0.6562784819804123,14,True,False
17,14,z_sigma,0.58,0.300568044515576,0.6288336257145868,False,0.26811726284519727,0.3825148490780198,10,False,False
17,14,z_sigma,1.16,0.5892215793151403,0.6321231420501866,False,0.2838111342370604,0.761912629405984,10,False,False
17,15,z_sigma,0.0,0.05177606774741734,0.6461309364178907,True,0.05177606774775461,0.6461309364136757,16,True,True
17,15,z_sigma,0.1,0.10651201603659773,0.6463802521606327,False,0.06968644797294259,0.6938543117455044,14,False,True
17,15,z_sigma,0.25,0.23673581075845407,0.6478150465006435,False,0.11734707138609457,0.6948158777678024,14,False,True
17,15,z_sigma,0.5,0.45726801023655167,0.6575783555348549,False,0.21193217195640107,0.6985110219500783,14,False,True
17,15,z_sigma,0.58,0.5212510089090626,0.6679370743956305,False,0.22910296732805768,0.5655124913669874,11,False,False
17,15,z_sigma,1.16,0.6297473020700672,1.1010607534829724,False,0.2276829838852455,0.5977319144291481,9,False,False
18,0,z_sigma,0.0,0.05177131597783616,1.6368286862175891,True,0.05177131597701268,1.6368286862175891,16,True,True
18,0,z_sigma,0.1,0.08730319245792907,1.6368340676259234,True,0.08730319245678883,1.6368340676259303,16,True,True
18,0,z_sigma,0.25,0.1862467831690265,1.6368626643880773,False,0.13054857213262938,1.2028279724651008,13,False,False
18,0,z_sigma,0.5,0.36358533629803474,1.6369698003493482,False,0.23527376281269144,1.2020874801295665,12,False,False
18,0,z_sigma,0.58,0.4209778542815344,1.6370219849221967,False,0.2691843082592374,1.2126325922123797,12,False,False
18,0,z_sigma,1.16,0.838858246769017,1.6378077431591471,False,0.3337792066913896,1.6681085691394464,7,False,False
18,1,z_sigma,0.0,0.05107552169098705,0.6186596367145552,True,0.05107552169124374,0.6186596367130658,16,True,True
18,1,z_sigma,0.1,0.08475851452042342,0.6186323689312898,True,0.08475851452057764,0.6186323689298006,16,True,True
18,1,z_sigma,0.25,0.17598673069452345,0.6186077455706549,False,0.12740538146117775,0.6400792126866357,15,True,True
18,1,z_sigma,0.5,0.3402099350124647,0.6186146434430667,False,0.21191787402502296,0.327813634754192,9,False,False
18,1,z_sigma,0.58,0.39341057830259435,0.6186383929850414,False,0.21638255611966908,0.37223990330785733,9,False,False
18,1,z_sigma,1.16,0.61812557135481,0.7820150465206437,False,0.22052167749373583,1.0079394326173736,10,False,False
18,2,z_sigma,0.0,0.05175615583218509,0.6784951316917281,True,0.05175615583217639,0.6784951316917098,16,True,True
18,2,z_sigma,0.1,0.08386969722917091,0.6787194325405236,True,0.08386969722863297,0.6787194325405104,16,True,True
18,2,z_sigma,0.25,0.17492047750874584,0.6798826684728394,False,0.1749204775083747,0.6798826684621698,16,True,True
18,2,z_sigma,0.5,0.3371277595669484,0.6852000812877482,False,0.25748071234907643,0.5444055228592138,10,False,False
18,2,z_sigma,0.58,0.3882592810464268,0.6885427687516732,False,0.2830295152121086,0.5766411887717257,10,False,False
18,2,z_sigma,1.16,0.6283623406994273,0.8470671899526453,False,0.32271984869015485,0.985465110743729,9,False,False
18,3,z_sigma,0.0,0.051124256767248216,0.6017030450315198,True,0.051124256767237176,0.6017030450194274,16,True,True
18,3,z_sigma,0.1,0.08089152833554618,0.6017772023964647,True,0.08089152833537935,0.6017772023843767,16,True,True
18,3,z_sigma,0.25,0.16105596214400109,0.6019612334166018,False,0.16105596214419599,0.6019612334286898,16,True,True
18,3,z_sigma,0.5,0.30673597283885656,0.6026100026195759,False,0.22277120007539744,0.3846389108476336,11,False,False
18,3,z_sigma,0.58,0.3538883209968566,0.6030021191952768,False,0.22524982981945146,0.44042197619038964,11,False,False
18,3,z_sigma,1.16,0.5946435564509839,0.7093620803828337,False,0.22961963426233128,0.8605705763498956,11,False,False
18,4,z_sigma,0.0,0.051777480152047285,1.633656245555259,True,0.051777480151379826,1.6336562455597112,16,True,True
18,4,z_sigma,0.1,0.08562337402136803,1.6340884480230113,True,0.08562337410630542,1.6340884480230133,16,True,True
18,4,z_sigma,0.25,0.1798100771727067,1.6363874857011143,False,0.18352099272759917,1.229509170524858,14,False,True
18,4,z_sigma,0.5,0.34775572027165397,1.644940382577329,False,0.2865319861200258,1.2136441916549243,12,False,False
18,4,z_sigma,0.58,0.40145920997060985,1.6490661024627502,False,0.3262786314899734,1.2307085790377865,12,False,False
18,4,z_sigma,1.16,0.7721596420641571,1.7069680822998374,False,0.40027644080865976,1.8479426401192571,7,False,False
18,5,z_sigma,0.0,0.05176988682016089,0.7806915179459066,True,0.05176988682022458,0.780691517936567,16,True,True
18,5,z_sigma,0.1,0.08753518699101649,0.7811447652745757,True,0.08753518699070902,0.7811447652745919,16,True,True
18,5,z_sigma,0.25,0.1860465788050981,0.7836789552980645,False,0.18604657880439068,0.7836789552889117,16,True,True
18,5,z_sigma,0.5,0.3579223570677765,0.7949029058283128,False,0.25931449085857555,0.7522443798302193,11,False,False
18,5,z_sigma,0.58,0.41098852313292766,0.8015068371331872,False,0.26471018963597676,0.7505946685633553,10,False,False
18,5,z_sigma,1.16,0.6680944098546778,0.9827165857183034,False,0.28349168914382383,1.169404661634159,8,False,False
18,6,z_sigma,0.0,0.05174879343968676,0.6887890978405597,True,0.05174879343993141,0.688789097851163,16,True,True
18,6,z_sigma,0.1,0.10111105299028635,0.6888546191993612,False,0.10111105299035732,0.6888546192099937,16,True,True
18,6,z_sigma,0.25,0.22476986687511769,0.6891880839038435,False,0.2329951903115166,0.6877243332458253,14,True,False
18,6,z_sigma,0.5,0.4404082727841911,0.6910986198172383,False,0.2937993214417769,0.6342391371876918,8,False,False
18,6,z_sigma,0.58,0.5088930960027014,0.6928055657533836,False,0.3014554556438209,0.7172027610386139,8,False,False
18,6,z_sigma,1.16,0.682947725175102,1.0296433401525582,False,0.2716974116751822,1.4725867751230861,7,False,False
18,7,z_sigma,0.0,0.05161407287939999,0.6813034346247401,True,0.05161407287867292,0.6813034346154303,16,True,True
18,7,z_sigma,0.1,0.08968576652500038,0.681336976363711,True,0.08968576652485467,0.6813369763570811,16,True,True
18,7,z_sigma,0.25,0.1950089218415931,0.6814360370264252,False,0.19500892184131527,0.6814360370144329,16,True,True
18,7,z_sigma,0.5,0.3824736847704543,0.681850293527226,False,,,0,False,False
18,7,z_sigma,0.58,0.442934863150311,0.6821400483170442,False,,,0,False,False
18,7,z_sigma,1.16,0.6789141870131513,0.8886527152631408,False,,,0,False,False
18,8,z_sigma,0.0,0.051765788529637285,0.674148695683822,True,0.051765788529637285,0.674148695683822,16,True,True
18,8,z_sigma,0.1,0.0804751470262307,0.6742561167546054,True,0.0804751470262307,0.6742561167546054,16,True,True
18,8,z_sigma,0.25,0.1628744204809219,0.6749423319175356,False,0.1628744204809219,0.6749423319175356,16,True,True
18,8,z_sigma,0.5,0.3121015823401513,0.6780898845181559,False,0.29262766797127515,0.5007659786436385,11,False,False
18,8,z_sigma,0.58,0.3598174509045311,0.6799965101964461,False,0.2900242181346453,0.5357710184440955,10,False,False
18,8,z_sigma,1.16,0.6221950344429361,0.7808644640584526,False,0.289913769250997,1.0099612656059895,9,False,False
18,9,z_sigma,0.0,0.0515379745920921,0.7251921262686257,True,0.05153797459217674,0.7251921262686557,16,True,True
18,9,z_sigma,0.1,0.0898420468786025,0.7255399330532688,True,0.089842046878838,0.7255399330520581,16,True,True
18,9,z_sigma,0.25,0.18341990846197928,0.7282024441899643,False,0.18341990846211872,0.7282024441887162,16,True,True
18,9,z_sigma,0.5,0.3450166515260464,0.7407989979021746,False,0.22572078532994652,0.6609844198406817,10,False,False
18,9,z_sigma,0.58,0.3943025709280586,0.7483757341573996,False,0.24325291748642497,0.7110275419848877,10,False,False
18,9,z_sigma,1.16,0.6181843381382386,0.9429801721268993,False,0.29518123872850693,1.1727467236251259,10,False,False
18,10,z_sigma,0.0,0.05172282739177839,0.7552221742710277,True,0.05172282739100029,0.7552221742758225,16,True,True
18,10,z_sigma,0.1,0.09806369904818145,0.755429917131447,True,0.09806369904793434,0.7554299171458905,16,True,True
18,10,z_sigma,0.25,0.21680668191885114,0.7564132046563151,False,0.2168066819188932,0.7564132046611148,16,True,True
18,10,z_sigma,0.5,0.42326072083828853,0.7612211804506236,False,,,0,False,False
18,10,z_sigma,0.58,0.48813199555321835,0.764633000088561,False,,,0,False,False
18,10,z_sigma,1.16,0.7288769567315823,1.0216856201769795,False,,,0,False,False
18,11,z_sigma,0.0,0.05173958913396772,0.8122543034251536,True,0.05173958913355114,0.8122543034251503,16,True,True
18,11,z_sigma,0.1,0.08997593966583227,0.8122713886273081,True,0.08997593966583227,0.8122713886273077,16,True,True
18,11,z_sigma,0.25,0.19346315129983702,0.8123330145569122,False,0.16735058047685175,0.7585458462842447,14,True,False
18,11,z_sigma,0.5,0.37786641769391416,0.8125801368831241,False,0.2905122647368031,0.6365745907196712,10,False,False
18,11,z_sigma,0.58,0.43744243947680667,0.812727288666088,False,0.32243120694080846,0.5691542502441693,9,False,False
18,11,z_sigma,1.16,0.8050654934246807,0.880178538832692,False,0.3575536746270663,1.0337060556070752,8,False,False
18,12,z_sigma,0.0,0.051766035685234496,0.7851509784076885,True,0.0517660356852425,0.7851509784078605,16,True,True
18,12,z_sigma,0.1,0.12271058601926065,0.7851880077500509,False,0.12271058601918691,0.7851880077462954,16,True,True
18,12,z_sigma,0.25,0.28219476110688196,0.7854352674091292,False,0.26379651209052174,0.5123252950657144,5,False,False
18,12,z_sigma,0.5,0.5555533920713982,0.787190100778261,False,0.15009599892352424,1.0501392493118806,4,False,False
18,12,z_sigma,0.58,0.6419411604187479,0.7892944034905915,False,0.15135439855385582,1.2080330627130615,4,False,False
18,12,z_sigma,1.16,0.7818826817288422,1.292477506418024,False,0.15414887932749025,2.372262004632317,4,False,False
18,13,z_sigma,0.0,0.05176559446733529,0.7929946613030388,True,0.05176559446733529,0.7929946613030388,16,True,True
18,13,z_sigma,0.1,0.0891221248238594,0.793043677969602,True,0.0891221248238594,0.7930436779696018,16,True,True
18,13,z_sigma,0.25,0.1851590342109439,0.7932513085603741,False,0.11848522865881322,0.8198964961140608,15,True,True
18,13,z_sigma,0.5,0.3565472296179758,0.7941106743385193,False,0.2157535370392537,0.8214707091600402,15,True,True
18,13,z_sigma,0.58,0.4118327468347423,0.7946145046162794,False,0.2477532344033596,0.8222408473803672,15,True,True
18,13,z_sigma,1.16,0.7623465620365791,0.8509210831590309,False,,,0,False,False
18,14,z_sigma,0.0,0.05173973081117219,0.6287241806253988,True,0.051739730811837296,0.6287241806427255,16,True,True
18,14,z_sigma,0.1,0.09223078102859528,0.6287512263869454,True,0.09223078102854243,0.6287512264100319,16,True,True
18,14,z_sigma,0.25,0.19785531303308992,0.6288542983382136,False,0.19085969059452845,0.6376555875718619,15,True,True
18,14,z_sigma,0.5,0.385197787859668,0.6293718441981085,False,0.26360146196804635,0.48702744781258717,10,False,False
18,14,z_sigma,0.58,0.44550977614781956,0.6297932447986575,False,0.26839909905000436,0.5551559544147251,10,False,False
18,14,z_sigma,1.16,0.6267545900553737,0.8908965016455497,False,0.2310298750133996,1.1411683930875958,9,False,False
18,15,z_sigma,0.0,0.05177606774741734,0.6461309364178907,True,0.05177606774775461,0.6461309364136757,16,True,True
18,15,z_sigma,0.1,0.08768304582044241,0.6462761244118116,True,0.08768304582035681,0.6462761244089885,16,True,True
18,15,z_sigma,0.25,0.1811008452095611,0.647050708874891,False,0.18110084520955586,0.6470507088692916,16,True,True
18,15,z_sigma,0.5,0.34683792360817384,0.6507997026304482,False,0.32617024786411825,0.4718267393473882,12,False,False
18,15,z_sigma,0.58,0.39930143319456973,0.6533350864982961,False,0.34346418490300346,0.5184048272881382,12,False,False
18,15,z_sigma,1.16,0.6190838862720326,0.835318907824575,False,0.32571447170505313,1.0616869670466655,10,False,False
19,0,z_sigma,0.0,0.05177131597783616,1.6368286862175891,True,0.05177131597701268,1.6368286862175891,16,True,True
19,0,z_sigma,0.1,0.0857576269943709,1.6371934090443228,True,0.08575762699452945,1.6371934090443143,16,True,True
19,0,z_sigma,0.25,0.18177800947115091,1.6391290051899885,False,0.18177800947115508,1.639129005189988,16,True,True
19,0,z_sigma,0.5,0.3531045434791223,1.6463393286575732,False,0.21602298050093605,1.442801178966947,13,False,False
19,0,z_sigma,0.58,0.4079853472312291,1.6498252339146753,False,0.2476055080910014,1.4515619385225491,13,False,False
19,0,z_sigma,1.16,0.7896730599194951,1.6994339685061157,False,0.3909795366242814,1.5829570296928885,7,False,False
19,1,z_sigma,0.0,0.05107552169098705,0.6186596367145552,True,0.05107552169124374,0.6186596367130658,16,True,True
19,1,z_sigma,0.1,0.11965625381730263,0.6193030795955251,False,0.1196562538172884,0.6193030795940382,16,True,True
19,1,z_sigma,0.25,0.2771759193869847,0.622188102604975,False,0.15978631440195493,0.3960420811197941,10,False,False
19,1,z_sigma,0.5,0.5237065215808786,0.6527241482375573,False,0.16723946281718696,0.7406611885467783,10,False,False
19,1,z_sigma,0.58,0.5682584195223189,0.6973966467916425,False,0.16771249404388047,0.8544454559753739,10,False,False
19,1,z_sigma,1.16,0.6044044846386099,1.310401152792479,False,0.16837185436925933,1.6887786344570124,10,False,False
19,2,z_sigma,0.0,0.05175615583218509,0.6784951316917281,True,0.05175615583217639,0.6784951316917098,16,True,True
19,2,z_sigma,0.1,0.07799281720010542,0.6784952078148248,True,0.0779928172003731,0.6784952078254962,16,True,True
19,2,z_sigma,0.25,0.15534094679018146,0.6784953561138712,False,0.15534094679016236,0.6784953561138531,16,True,True
19,2,z_sigma,0.5,0.29786225989431675,0.6784957611624369,False,0.2624132745372149,0.6972334447320576,14,False,True
19,2,z_sigma,0.58,0.34424128104767915,0.6784959668923465,False,0.32764671826726144,0.4505919308295401,8,False,False
19,2,z_sigma,1.16,0.6783725587505995,0.683146944107693,False,0.32333856384598514,0.8929903774104448,7,False,False
19,3,z_sigma,0.0,0.051124256767248216,0.6017030450315198,True,0.051124256767237176,0.6017030450194274,16,True,True
19,3,z_sigma,0.1,0.09267324107934719,0.6017041960334575,True,0.09267324107935226,0.6017041960334545,16,True,True
19,3,z_sigma,0.25,0.19753031875080235,0.6017099122431416,False,0.22820161483429183,0.2492249833475937,11,False,False
19,3,z_sigma,0.5,0.3833612026483352,0.6017422879833857,False,0.23906570051233134,0.4676684833160523,11,False,False
19,3,z_sigma,0.58,0.44339874627687714,0.6017712058942145,False,0.23917957576311955,0.5413296986008639,11,False,False
19,3,z_sigma,1.16,0.6015965147611542,0.8809621800866699,False,0.23939797116888104,1.077247209181693,11,False,False
19,4,z_sigma,0.0,0.051777480152047285,1.633656245555259,True,0.051777480151379826,1.6336562455597112,16,True,True
19,4,z_sigma,0.1,0.08150866429991158,1.6339073458366467,False,0.07164355255273082,1.2260048104439196,14,False,True
19,4,z_sigma,0.25,0.1673466030295494,1.6352424473305822,False,0.12796534906424192,1.233142307792268,14,False,True
19,4,z_sigma,0.5,0.32273664283876435,1.6401861949125172,False,0.23429587030761959,1.2591665123666826,14,False,True
19,4,z_sigma,0.58,0.3728030586012054,1.6425587042010195,False,0.26587411104801306,1.2454044053036006,13,False,False
19,4,z_sigma,1.16,0.7269843481620722,1.6753488031724226,False,0.30022567466267797,1.7390300593745158,8,False,False
19,5,z_sigma,0.0,0.05176988682016089,0.7806915179459066,True,0.05176988682022458,0.780691517936567,16,True,True
19,5,z_sigma,0.1,0.08980287973831083,0.7806915092229271,True,0.08980287973826373,0.7806915092042747,16,True,True
19,5,z_sigma,0.25,0.19203800656416176,0.7806918161423296,False,0.19203800656410686,0.7806918161330021,16,True,True
19,5,z_sigma,0.5,0.3744359001792358,0.7806935518952883,False,,,0,False,False
19,5,z_sigma,0.58,0.4334339253944841,0.7806946837638811,False,,,0,False,False
19,5,z_sigma,1.16,0.7806475413068882,0.8632582419289015,False,,,0,False,False
19,6,z_sigma,0.0,0.05174879343968676,0.6887890978405597,True,0.05174879343993141,0.688789097851163,16,True,True
19,6,z_sigma,0.1,0.07158938654827836,0.6888037149214447,True,0.07158938654822657,0.6888037149319961,16,True,True
19,6,z_sigma,0.25,0.13116980734460745,0.6889125924655821,False,0.13116980734461817,0.6889125924444973,16,True,True
19,6,z_sigma,0.5,0.24432426473475233,0.689377181274148,False,0.18068877461554916,0.7124697475391181,15,True,True
19,6,z_sigma,0.58,0.2813444431723641,0.6896277334374262,False,0.16002811144899629,0.7391254149447011,14,False,True
19,6,z_sigma,1.16,0.5478551904113785,0.6965985499299591,False,0.3078490624304144,0.8168585985476078,8,False,False
19,7,z_sigma,0.0,0.05161407287939999,0.6813034346247401,True,0.05161407287867292,0.6813034346154303,16,True,True
19,7,z_sigma,0.1,0.06426509475753317,0.6813665677577683,True,0.06426509475719541,0.6813665677457842,16,True,True
19,7,z_sigma,0.25,0.10828117187705333,0.6820309148222482,False,0.10828117187694256,0.682030914822203,16,True,True
19,7,z_sigma,0.5,0.19620674070893687,0.6848517206470195,False,0.19620674070885455,0.6848517206350719,16,True,True
19,7,z_sigma,0.58,0.2250688920098706,0.6863013196175627,False,0.22506889200960584,0.6863013196083252,16,True,True
19,7,z_sigma,1.16,0.42537995017800195,0.7115422639543956,False,0.2556195652628233,0.7035960314671139,14,True,False
19,8,z_sigma,0.0,0.051765788529637285,0.674148695683822,True,0.051765788529637285,0.674148695683822,16,True,True
19,8,z_sigma,0.1,0.08357810837599246,0.6741921791735831,True,0.08357810837599246,0.6741921791735831,16,True,True
19,8,z_sigma,0.25,0.1683743751716853,0.674495579216995,False,0.1683743751718538,0.6744955792169951,16,True,True
19,8,z_sigma,0.5,0.3214145273879892,0.6759300567813524,False,0.2195420373177814,0.7056328718265883,14,False,True
19,8,z_sigma,0.58,0.37070982433118554,0.6768223063690711,False,0.3190975607623818,0.5155588163756775,10,False,False
19,8,z_sigma,1.16,0.6475239050492994,0.7666503429351486,False,0.30845881081578297,1.0202083142195504,9,False,False
19,9,z_sigma,0.0,0.0515379745920921,0.7251921262686257,True,0.05153797459217674,0.7251921262686557,16,True,True
19,9,z_sigma,0.1,0.08672322886796677,0.7252059432872818,True,0.08672322886800202,0.7252059432835308,16,True,True
19,9,z_sigma,0.25,0.18360755283871205,0.7252373715352527,False,0.14666343141948662,0.7305080969956577,15,True,True
19,9,z_sigma,0.5,0.3573725575092821,0.7253404975277795,False,0.2661903838738709,0.5257918454910704,10,False,False
19,9,z_sigma,0.58,0.41360579980427775,0.7254004725195358,False,0.26417795342361317,0.5522406570224319,9,False,False
19,9,z_sigma,1.16,0.7237368390261365,0.8255141569554311,False,0.27041887360388406,0.9853703245851568,8,False,False
19,10,z_sigma,0.0,0.05172282739177839,0.7552221742710277,True,0.05172282739100029,0.7552221742758225,16,True,True
19,10,z_sigma,0.1,0.09443653426032944,0.7552994713173452,True,0.09443653426082338,0.7552994713462046,16,True,True
19,10,z_sigma,0.25,0.20300800250119666,0.7559068000330134,False,0.182416861064106,0.7374452130785277,15,True,True
19,10,z_sigma,0.5,0.3937142691742547,0.7589958316307264,False,0.24972013072443616,0.6878568288926388,11,False,False
19,10,z_sigma,0.58,0.45435011773648765,0.7610713347034427,False,0.24498923451231328,0.6801478489467478,10,False,False
19,10,z_sigma,1.16,0.7274161219032306,0.9454411460357971,False,0.2839772124822918,1.0610967439996863,9,False,False
19,11,z_sigma,0.0,0.05173958913396772,0.8122543034251536,True,0.05173958913355114,0.8122543034251503,16,True,True
19,11,z_sigma,0.1,0.09339967394750526,0.8126555846622664,True,0.09339967394744773,0.8126555846622693,16,True,True
19,11,z_sigma,0.25,0.20068431028712627,0.8146761335720667,False,0.17637942610455987,0.7645016140642151,14,True,False
19,11,z_sigma,0.5,0.38703628393941086,0.8236184598086511,False,0.16933304766843024,0.7264519404477762,10,False,False
19,11,z_sigma,0.58,0.4450382331176431,0.8290194266433433,False,0.18306422219124494,0.779144389331582,10,False,False
19,11,z_sigma,1.16,0.7238344116184139,1.014426725708204,False,0.22895522849250954,1.2535615472717083,10,False,False
19,12,z_sigma,0.0,0.051766035685234496,0.7851509784076885,True,0.0517660356852425,0.7851509784078605,16,True,True
19,12,z_sigma,0.1,0.08907878761535473,0.78515094950869,True,0.08907878761530803,0.7851509495069977,16,True,True
19,12,z_sigma,0.25,0.1850851616807267,0.7851538710326987,False,0.15417222808346587,0.7933466274640871,15,True,True
19,12,z_sigma,0.5,0.35677440482733414,0.7851696386351645,False,0.24061359226785103,0.5498783487157788,7,False,False
19,12,z_sigma,0.58,0.4123508963618811,0.7851794858160112,False,0.26020993404486187,0.5928500336569745,7,False,False
19,12,z_sigma,1.16,0.7840954824570835,0.818524754506198,False,0.24708821619441698,1.1008953056672706,6,False,False
19,13,z_sigma,0.0,0.05176559446733529,0.7929946613030388,True,0.05176559446733529,0.7929946613030388,16,True,True
19,13,z_sigma,0.1,0.07162230553035956,0.7930744755245448,True,0.0716223055303591,0.7930744755153702,16,True,True
19,13,z_sigma,0.25,0.13314179783892147,0.7936159816019316,False,0.13314179783892147,0.7936159816019316,16,True,True
19,13,z_sigma,0.5,0.24941299579731513,0.7958326576755446,False,0.2134926651470101,0.8214966025702203,15,True,True
19,13,z_sigma,0.58,0.28720581270348405,0.7969833919999642,False,0.24545178211052263,0.8223298741174884,15,True,True
19,13,z_sigma,1.16,0.5508435409492705,0.8200414178295193,False,,,0,False,False
19,14,z_sigma,0.0,0.05173973081117219,0.6287241806253988,True,0.051739730811837296,0.6287241806427255,16,True,True
19,14,z_sigma,0.1,0.11153772199261838,0.6288713233656203,False,0.11153772199255702,0.628871323394554,16,True,True
19,14,z_sigma,0.25,0.2503149701880551,0.6299958874968832,False,0.24541177426254482,0.3800082888253557,11,False,False
19,14,z_sigma,0.5,0.48397956114588625,0.6397346158082027,False,0.20143844146842066,0.5873722594791696,9,False,False
19,14,z_sigma,0.58,0.5483442643391317,0.6538498759591829,False,0.20566050845672085,0.6664951201979926,9,False,False
19,14,z_sigma,1.16,0.6180782784497619,1.155416124909161,False,0.21485530894713925,1.272479060017171,9,False,False
19,15,z_sigma,0.0,0.05177606774741734,0.6461309364178907,True,0.05177606774775461,0.6461309364136757,16,True,True
19,15,z_sigma,0.1,0.08517352439444122,0.646397740278541,True,0.08517352439449688,0.6463977402757398,16,True,True
19,15,z_sigma,0.25,0.17479290818439716,0.6478338199118978,False,0.1747929081845054,0.647833819907688,16,True,True
19,15,z_sigma,0.5,0.3333152866176147,0.6545827782093602,False,0.2874622785328929,0.49092605177287985,12,False,False
19,15,z_sigma,0.58,0.382752485645174,0.658924500711754,False,0.3049569314930905,0.5353555114483215,12,False,False
19,15,z_sigma,1.16,0.5957588299366174,0.8397730423958524,False,0.3141193400949881,1.00403090662873,11,False,False
