event,photon_pT,weight,found,delta_s,delta_w,n_hits,reason
2.0,48.350277237637215,0.01,False,,,14,no exact8 plane survived
3.0,47.54800641016002,0.01,False,,,14,no exact8 plane survived
4.0,16.483321659111457,0.01,False,,,15,no valid outer-layer seed pairs
5.0,12.774309851914332,0.01,False,,,15,no valid outer-layer seed pairs
7.0,23.021788705138967,0.01,False,,,15,no exact8 plane survived
8.0,24.24634810176271,0.01,False,,,15,no exact8 plane survived
10.0,17.96214608728148,0.01,False,,,15,no valid outer-layer seed pairs
13.0,19.63702502724616,0.01,False,,,15,no exact8 plane survived
14.0,11.868590176714402,0.01,False,,,15,no valid outer-layer seed pairs
15.0,74.01545084851018,0.01,False,,,14,no exact8 plane survived
17.0,24.8603588185733,0.01,False,,,15,no exact8 plane survived
18.0,16.761479079572354,0.01,False,,,15,no valid outer-layer seed pairs
19.0,18.42165394370655,0.01,False,,,15,no valid outer-layer seed pairs
20.0,17.37607845417396,0.01,False,,,15,no valid outer-layer seed pairs
21.0,13.883915454200858,0.01,False,,,15,no valid outer-layer seed pairs
22.0,12.42087794514057,0.01,False,,,15,no valid outer-layer seed pairs
24.0,22.46017710856511,0.01,False,,,15,no exact8 plane survived
26.0,18.34267034279568,0.01,False,,,15,no valid outer-layer seed pairs
27.0,14.171801602404685,0.01,False,,,15,no valid outer-layer seed pairs
28.0,11.446201842001454,0.01,False,,,15,no valid outer-layer seed pairs
29.0,47.94022684772855,0.01,False,,,14,no exact8 plane survived
31.0,15.226291791717316,0.01,False,,,15,no valid outer-layer seed pairs
32.0,23.78242138601016,0.01,False,,,15,no exact8 plane survived
33.0,10.103415163726345,0.01,False,,,15,no valid outer-layer seed pairs
34.0,30.938474815687428,0.01,False,,,15,no exact8 plane survived
36.0,13.245555596798075,0.01,False,,,15,no valid outer-layer seed pairs
37.0,21.5385333590844,0.01,False,,,15,no exact8 plane survived
38.0,35.344448531932784,0.01,False,,,14,no exact8 plane survived
39.0,31.511907055228363,0.01,False,,,15,no exact8 plane survived
40.0,8.69070266324446,0.01,False,,,15,no valid outer-layer seed pairs
41.0,21.009505489922663,0.01,False,,,15,no exact8 plane survived
43.0,26.975789555489765,0.01,False,,,15,no exact8 plane survived
44.0,22.10071709711522,0.01,False,,,15,no exact8 plane survived
45.0,10.634668410159986,0.01,False,,,15,no valid outer-layer seed pairs
46.0,15.289175770967644,0.01,False,,,15,no valid outer-layer seed pairs
48.0,272.0767448845086,0.01,False,,,13,no exact8 plane survived
49.0,33.52600795280153,0.01,False,,,14,no exact8 plane survived
50.0,10.864751944521956,0.01,False,,,15,no valid outer-layer seed pairs
52.0,11.375909361795577,0.01,False,,,15,no valid outer-layer seed pairs
55.0,9.875264294930243,0.01,False,,,15,no valid outer-layer seed pairs
56.0,28.51161582641021,0.01,False,,,15,no exact8 plane survived
57.0,20.65656275077251,0.01,False,,,15,no exact8 plane survived
59.0,64.85839726973856,0.01,False,,,14,no exact8 plane survived
60.0,38.86262621614621,0.01,False,,,15,no exact8 plane survived
62.0,12.81839601665093,0.01,False,,,15,no valid outer-layer seed pairs
63.0,104.0752558631664,0.01,False,,,14,no exact8 plane survived
64.0,58.08918179955129,0.01,False,,,14,no exact8 plane survived
65.0,11.416936087142972,0.01,False,,,15,no valid outer-layer seed pairs
66.0,12.746765204304303,0.01,False,,,15,no valid outer-layer seed pairs
69.0,29.605424052960867,0.01,False,,,14,no exact8 plane survived
70.0,82.84742645308187,0.01,False,,,14,no exact8 plane survived
71.0,17.158210339641744,0.01,False,,,15,no valid outer-layer seed pairs
72.0,7.748710113667967,0.01,False,,,15,no valid outer-layer seed pairs
74.0,15.033467853724344,0.01,False,,,15,no valid outer-layer seed pairs
75.0,33.617389937798315,0.01,False,,,15,no exact8 plane survived
77.0,85.87089665282231,0.01,False,,,14,no exact8 plane survived
78.0,12.015564287549784,0.01,False,,,15,no valid outer-layer seed pairs
79.0,24.22429561954877,0.01,False,,,15,no exact8 plane survived
81.0,13.600754411877572,0.01,False,,,15,no valid outer-layer seed pairs
82.0,56.88923213446456,0.01,False,,,14,no exact8 plane survived
83.0,11.984808472866904,0.01,False,,,15,no valid outer-layer seed pairs
85.0,31.873923046811136,0.01,False,,,15,no exact8 plane survived
87.0,9.388413613430291,0.01,False,,,15,no valid outer-layer seed pairs
89.0,137.16582178771185,0.01,False,,,14,no exact8 plane survived
90.0,10.69621733176885,0.01,False,,,15,no valid outer-layer seed pairs
91.0,26.360171235597427,0.01,False,,,15,no exact8 plane survived
92.0,25.660563242102423,0.01,False,,,15,no exact8 plane survived
94.0,19.475839143109628,0.01,False,,,15,no exact8 plane survived
95.0,31.60519733041301,0.01,False,,,14,no exact8 plane survived
96.0,10.472915545345357,0.01,False,,,15,no valid outer-layer seed pairs
97.0,24.283791690440424,0.01,False,,,15,no exact8 plane survived
98.0,13.659717116962028,0.01,False,,,15,no valid outer-layer seed pairs
99.0,23.45887001269771,0.01,False,,,15,no exact8 plane survived
100.0,14.46618391419838,0.01,False,,,15,no valid outer-layer seed pairs
101.0,27.27630945870615,0.01,False,,,14,no exact8 plane survived
103.0,11.273771569974752,0.01,False,,,15,no valid outer-layer seed pairs
105.0,69.59554009628177,0.01,False,,,14,no exact8 plane survived
108.0,8.194040091704718,0.01,False,,,15,no valid outer-layer seed pairs
109.0,59.32949296675228,0.01,False,,,14,no exact8 plane survived
110.0,22.084947788998303,0.01,False,,,15,no exact8 plane survived
111.0,24.68332496047319,0.01,False,,,15,no exact8 plane survived
112.0,55.27510705304578,0.01,False,,,14,no exact8 plane survived
114.0,100.76955700103302,0.01,False,,,14,no exact8 plane survived
115.0,46.70479595929276,0.01,False,,,14,no exact8 plane survived
116.0,22.062469222880367,0.01,False,,,15,no exact8 plane survived
117.0,12.682051967217754,0.01,False,,,15,no valid outer-layer seed pairs
118.0,8.897964040514681,0.01,False,,,15,no valid outer-layer seed pairs
119.0,5.989654589405547,0.01,False,,,15,no valid outer-layer seed pairs
120.0,36.449903613231314,0.01,False,,,15,no exact8 plane survived
121.0,26.96651173942394,0.01,False,,,15,no exact8 plane survived
123.0,29.233350486802543,0.01,False,,,15,no exact8 plane survived
125.0,12.223985781690072,0.01,False,,,15,no valid outer-layer seed pairs
126.0,32.67301921211033,0.01,False,,,14,no exact8 plane survived
127.0,23.374213903752928,0.01,False,,,15,no exact8 plane survived
128.0,21.558627213209046,0.01,False,,,15,no exact8 plane survived
129.0,15.5741603961581,0.01,False,,,15,no valid outer-layer seed pairs
130.0,11.503839775822431,0.01,False,,,15,no valid outer-layer seed pairs
131.0,20.749893229069382,0.01,False,,,15,no exact8 plane survived
132.0,50.66986100828035,0.01,False,,,14,no exact8 plane survived
133.0,14.110365531382298,0.01,False,,,15,no valid outer-layer seed pairs
135.0,61.76036339565649,0.01,False,,,14,no exact8 plane survived
136.0,24.35404367595316,0.01,False,,,15,no exact8 plane survived
138.0,24.11625749434887,0.01,False,,,15,no exact8 plane survived
139.0,24.86695480959488,0.01,False,,,15,no exact8 plane survived
141.0,17.232551611150974,0.01,False,,,15,no valid outer-layer seed pairs
142.0,29.955366391039195,0.01,False,,,15,no exact8 plane survived
144.0,44.52918126933594,0.01,False,,,14,no exact8 plane survived
145.0,12.963233645429636,0.01,False,,,15,no valid outer-layer seed pairs
146.0,26.23955883275768,0.01,False,,,15,no exact8 plane survived
148.0,11.715450599876185,0.01,False,,,15,no valid outer-layer seed pairs
149.0,34.587464688460685,0.01,False,,,15,no exact8 plane survived
151.0,34.721161337949816,0.01,False,,,14,no exact8 plane survived
152.0,11.747799047870844,0.01,False,,,15,no valid outer-layer seed pairs
153.0,12.268578753219268,0.01,False,,,15,no valid outer-layer seed pairs
154.0,20.684575067628284,0.01,False,,,15,no exact8 plane survived
155.0,84.49017941759182,0.01,False,,,14,no exact8 plane survived
156.0,42.69064063377529,0.01,False,,,15,no exact8 plane survived
157.0,49.91316138499008,0.01,False,,,14,no exact8 plane survived
159.0,13.669680267876076,0.01,False,,,15,no valid outer-layer seed pairs
160.0,36.37114239127449,0.01,False,,,15,no exact8 plane survived
161.0,11.794480172423668,0.01,False,,,15,no valid outer-layer seed pairs
163.0,44.3538692836517,0.01,False,,,14,no exact8 plane survived
164.0,28.013335704304986,0.01,False,,,14,no exact8 plane survived
165.0,87.43432828111511,0.01,False,,,14,no exact8 plane survived
166.0,10.358672003108714,0.01,False,,,15,no valid outer-layer seed pairs
167.0,25.59448139677482,0.01,False,,,15,no exact8 plane survived
169.0,10.827763072541,0.01,False,,,15,no valid outer-layer seed pairs
172.0,25.25880158997148,0.01,False,,,15,no exact8 plane survived
173.0,11.616671164526572,0.01,False,,,15,no valid outer-layer seed pairs
174.0,20.8872018600338,0.01,False,,,15,no exact8 plane survived
177.0,11.48197602223872,0.01,False,,,15,no valid outer-layer seed pairs
179.0,58.89532496688017,0.01,False,,,14,no exact8 plane survived
180.0,17.992505093223777,0.01,False,,,15,no valid outer-layer seed pairs
181.0,18.933703437903954,0.01,False,,,15,no exact8 plane survived
183.0,34.80115333858375,0.01,False,,,14,no exact8 plane survived
185.0,17.98554504101128,0.01,False,,,15,no valid outer-layer seed pairs
188.0,35.90411749804212,0.01,False,,,15,no exact8 plane survived
189.0,21.8834253904651,0.01,False,,,15,no exact8 plane survived
190.0,33.39342057904048,0.01,False,,,15,no exact8 plane survived
192.0,12.05833973646802,0.01,False,,,15,no valid outer-layer seed pairs
193.0,10.76545649362838,0.01,False,,,15,no valid outer-layer seed pairs
194.0,20.070561811974763,0.01,False,,,15,no exact8 plane survived
197.0,29.2445668460513,0.01,False,,,14,no exact8 plane survived
198.0,13.534875764457055,0.01,False,,,15,no valid outer-layer seed pairs
199.0,10.127249368043822,0.01,False,,,15,no valid outer-layer seed pairs
200.0,15.476649586158551,0.01,False,,,15,no valid outer-layer seed pairs
202.0,16.458468596974885,0.01,False,,,15,no valid outer-layer seed pairs
203.0,27.791324362282708,0.01,False,,,15,no exact8 plane survived
204.0,123.16828297635624,0.01,False,,,14,no exact8 plane survived
207.0,84.53824425845573,0.01,False,,,14,no exact8 plane survived
208.0,199.66700904138867,0.01,False,,,14,no exact8 plane survived
209.0,11.863587677598812,0.01,False,,,15,no valid outer-layer seed pairs
211.0,11.548041181682429,0.01,False,,,15,no valid outer-layer seed pairs
212.0,15.674982478859398,0.01,False,,,15,no valid outer-layer seed pairs
214.0,99.44902098279624,0.01,False,,,14,no exact8 plane survived
215.0,16.23299331442152,0.01,False,,,15,no valid outer-layer seed pairs
216.0,30.42548106054947,0.01,False,,,14,no exact8 plane survived
221.0,10.01833422304286,0.01,False,,,15,no valid outer-layer seed pairs
222.0,13.650984120386322,0.01,False,,,15,no valid outer-layer seed pairs
224.0,138.6661327982324,0.01,False,,,14,no exact8 plane survived
225.0,42.95063741591506,0.01,False,,,14,no exact8 plane survived
226.0,14.72991022116169,0.01,False,,,15,no valid outer-layer seed pairs
227.0,14.38736866660626,0.01,False,,,15,no valid outer-layer seed pairs
228.0,79.35895726133229,0.01,False,,,14,no exact8 plane survived
229.0,22.693252530604084,0.01,False,,,15,no exact8 plane survived
230.0,23.77080186109715,0.01,False,,,15,no exact8 plane survived
231.0,19.117723953228825,0.01,False,,,15,no exact8 plane survived
233.0,12.89244380841112,0.01,False,,,15,no valid outer-layer seed pairs
234.0,14.39539823472987,0.01,False,,,15,no valid outer-layer seed pairs
237.0,16.99837750757192,0.01,False,,,15,no valid outer-layer seed pairs
238.0,28.851418054007027,0.01,False,,,15,no exact8 plane survived
239.0,29.699315772560567,0.01,False,,,14,no exact8 plane survived
240.0,9.678244749947291,0.01,False,,,15,no valid outer-layer seed pairs
241.0,19.038413518830573,0.01,False,,,15,no exact8 plane survived
242.0,73.76689047941471,0.01,False,,,14,no exact8 plane survived
244.0,12.680100363573906,0.01,False,,,15,no valid outer-layer seed pairs
245.0,37.169650207745256,0.01,False,,,15,no exact8 plane survived
247.0,45.90560244251361,0.01,False,,,14,no exact8 plane survived
249.0,72.12045768655848,0.01,False,,,14,no exact8 plane survived
251.0,17.92911605450711,0.01,False,,,15,no valid outer-layer seed pairs
252.0,10.156728941206342,0.01,False,,,15,no valid outer-layer seed pairs
253.0,33.18263278163075,0.01,False,,,14,no exact8 plane survived
254.0,10.72265226595853,0.01,False,,,15,no valid outer-layer seed pairs
255.0,18.64245202780985,0.01,False,,,15,no exact8 plane survived
256.0,44.50233350603345,0.01,False,,,14,no exact8 plane survived
257.0,17.378398193168746,0.01,False,,,15,no valid outer-layer seed pairs
258.0,54.5470786309076,0.01,False,,,14,no exact8 plane survived
260.0,27.37634212947189,0.01,False,,,15,no exact8 plane survived
261.0,27.25134720629399,0.01,False,,,14,no exact8 plane survived
264.0,34.30157220215143,0.01,False,,,15,no exact8 plane survived
265.0,15.442667526469116,0.01,False,,,15,no valid outer-layer seed pairs
266.0,23.994820670839,0.01,False,,,15,no exact8 plane survived
274.0,55.08367831311664,0.01,False,,,14,no exact8 plane survived
275.0,55.67894729918893,0.01,False,,,14,no exact8 plane survived
277.0,45.72424869680213,0.01,False,,,15,no exact8 plane survived
278.0,10.934457483543788,0.01,False,,,15,no valid outer-layer seed pairs
279.0,9.64728832827296,0.01,False,,,15,no valid outer-layer seed pairs
284.0,15.560126406413929,0.01,False,,,15,no valid outer-layer seed pairs
287.0,18.99446044158429,0.01,False,,,15,no exact8 plane survived
288.0,11.763534313443248,0.01,False,,,15,no valid outer-layer seed pairs
290.0,16.048435769669588,0.01,False,,,15,no valid outer-layer seed pairs
292.0,44.96189042911958,0.01,False,,,14,no exact8 plane survived
293.0,38.585302051298754,0.01,False,,,14,no exact8 plane survived
294.0,31.572991680455416,0.01,False,,,14,no exact8 plane survived
297.0,19.73677289087757,0.01,False,,,15,no exact8 plane survived
299.0,10.491590182341133,0.01,False,,,15,no valid outer-layer seed pairs
301.0,12.160913464400288,0.01,False,,,15,no valid outer-layer seed pairs
302.0,23.2606215213988,0.01,False,,,15,no exact8 plane survived
303.0,42.62988057700572,0.01,False,,,14,no exact8 plane survived
304.0,10.128545861079452,0.01,False,,,15,no valid outer-layer seed pairs
305.0,31.86141409116461,0.01,False,,,14,no exact8 plane survived
306.0,28.81401932923569,0.01,False,,,15,no exact8 plane survived
307.0,10.788692926672455,0.01,False,,,15,no valid outer-layer seed pairs
308.0,11.188286159296371,0.01,False,,,15,no valid outer-layer seed pairs
310.0,14.795130041959847,0.01,False,,,15,no valid outer-layer seed pairs
311.0,46.78990574972693,0.01,False,,,14,no exact8 plane survived
312.0,12.096759586080962,0.01,False,,,15,no valid outer-layer seed pairs
313.0,30.904812902889464,0.01,False,,,15,no exact8 plane survived
314.0,47.914800598460914,0.01,False,,,14,no exact8 plane survived
315.0,33.41941437599179,0.01,False,,,15,no exact8 plane survived
319.0,41.957885286743405,0.01,False,,,14,no exact8 plane survived
320.0,17.938641176261424,0.01,False,,,15,no valid outer-layer seed pairs
321.0,29.51812435976209,0.01,False,,,15,no exact8 plane survived
322.0,23.72450357123342,0.01,False,,,15,no exact8 plane survived
323.0,21.24799321322803,0.01,False,,,15,no exact8 plane survived
324.0,10.933121249765186,0.01,False,,,15,no valid outer-layer seed pairs
325.0,20.662558582635366,0.01,False,,,15,no exact8 plane survived
327.0,9.799152054000038,0.01,False,,,15,no valid outer-layer seed pairs
328.0,14.97876070570786,0.01,False,,,15,no valid outer-layer seed pairs
329.0,14.636256171178042,0.01,False,,,15,no valid outer-layer seed pairs
330.0,12.624659414790775,0.01,False,,,15,no valid outer-layer seed pairs
331.0,9.994025597371015,0.01,False,,,15,no valid outer-layer seed pairs
332.0,19.121474261558102,0.01,False,,,15,no exact8 plane survived
333.0,43.38458168069983,0.01,False,,,14,no exact8 plane survived
334.0,34.10470437631768,0.01,False,,,15,no exact8 plane survived
335.0,12.754095538622687,0.01,False,,,15,no valid outer-layer seed pairs
337.0,22.507520891758748,0.01,False,,,15,no exact8 plane survived
338.0,13.012744411092232,0.01,False,,,15,no valid outer-layer seed pairs
339.0,14.041010771156618,0.01,False,,,15,no valid outer-layer seed pairs
340.0,15.387095450689404,0.01,False,,,15,no valid outer-layer seed pairs
341.0,41.77895495878692,0.01,False,,,14,no exact8 plane survived
344.0,14.581819739181537,0.01,False,,,15,no valid outer-layer seed pairs
345.0,16.48762564516387,0.01,False,,,15,no valid outer-layer seed pairs
346.0,22.336596298473264,0.01,False,,,15,no exact8 plane survived
347.0,15.664315910332949,0.01,False,,,15,no valid outer-layer seed pairs
348.0,23.190049187140087,0.01,False,,,15,no exact8 plane survived
349.0,37.05694136250951,0.01,False,,,14,no exact8 plane survived
350.0,22.273492874129737,0.01,False,,,15,no exact8 plane survived
351.0,11.579143230046036,0.01,False,,,15,no valid outer-layer seed pairs
352.0,14.538325575249106,0.01,False,,,15,no valid outer-layer seed pairs
353.0,14.755762995122856,0.01,False,,,15,no valid outer-layer seed pairs
354.0,18.28511896806563,0.01,False,,,15,no valid outer-layer seed pairs
355.0,11.000944497158155,0.01,False,,,15,no valid outer-layer seed pairs
356.0,50.38855409234995,0.01,False,,,14,no exact8 plane survived
357.0,28.11493558267886,0.01,False,,,15,no exact8 plane survived
360.0,20.67425482018992,0.01,False,,,15,no exact8 plane survived
362.0,20.265893269021703,0.01,False,,,15,no exact8 plane survived
363.0,20.413388071228603,0.01,False,,,15,no exact8 plane survived
364.0,12.753751049901052,0.01,False,,,15,no valid outer-layer seed pairs
367.0,38.682061692433074,0.01,False,,,15,no exact8 plane survived
368.0,17.863225829162356,0.01,False,,,15,no valid outer-layer seed pairs
370.0,46.4628947557263,0.01,False,,,14,no exact8 plane survived
371.0,24.36927175638192,0.01,False,,,15,no exact8 plane survived
372.0,18.323381839853408,0.01,False,,,15,no valid outer-layer seed pairs
374.0,10.909024655331963,0.01,False,,,15,no valid outer-layer seed pairs
375.0,14.991712727040216,0.01,False,,,15,no valid outer-layer seed pairs
376.0,93.02206447036062,0.01,False,,,14,no exact8 plane survived
377.0,10.496853933195723,0.01,False,,,15,no valid outer-layer seed pairs
378.0,102.22759867366987,0.01,False,,,14,no exact8 plane survived
379.0,11.47643412792188,0.01,False,,,15,no valid outer-layer seed pairs
380.0,11.186129655617078,0.01,False,,,15,no valid outer-layer seed pairs
381.0,12.107754108599227,0.01,False,,,15,no valid outer-layer seed pairs
382.0,22.574052217155163,0.01,False,,,15,no exact8 plane survived
383.0,13.598142965053627,0.01,False,,,15,no valid outer-layer seed pairs
384.0,21.26757776618549,0.01,False,,,15,no exact8 plane survived
385.0,14.191971933695257,0.01,False,,,15,no valid outer-layer seed pairs
387.0,17.54823918731004,0.01,False,,,15,no valid outer-layer seed pairs
389.0,26.659872430739885,0.01,False,,,15,no exact8 plane survived
390.0,17.741404450351066,0.01,False,,,15,no valid outer-layer seed pairs
391.0,27.45232174178714,0.01,False,,,14,no exact8 plane survived
393.0,14.262145385663644,0.01,False,,,15,no valid outer-layer seed pairs
394.0,51.70329916442612,0.01,False,,,14,no exact8 plane survived
397.0,12.04151255092011,0.01,False,,,15,no valid outer-layer seed pairs
398.0,13.285200819606615,0.01,False,,,15,no valid outer-layer seed pairs
399.0,20.232485083023228,0.01,False,,,15,no exact8 plane survived
400.0,13.405638550337994,0.01,False,,,15,no valid outer-layer seed pairs
401.0,59.76665606069919,0.01,False,,,14,no exact8 plane survived
402.0,14.998532565544668,0.01,False,,,15,no valid outer-layer seed pairs
403.0,12.031117923572715,0.01,False,,,15,no valid outer-layer seed pairs
404.0,31.62286838762609,0.01,False,,,14,no exact8 plane survived
405.0,91.29749015898676,0.01,False,,,14,no exact8 plane survived
406.0,26.51395963836516,0.01,False,,,15,no exact8 plane survived
407.0,16.62801034806289,0.01,False,,,15,no valid outer-layer seed pairs
410.0,12.491087007247677,0.01,False,,,15,no valid outer-layer seed pairs
411.0,20.4928729164716,0.01,False,,,15,no exact8 plane survived
412.0,12.747834333016106,0.01,False,,,15,no valid outer-layer seed pairs
417.0,24.56321584307364,0.01,False,,,15,no exact8 plane survived
418.0,13.394463530004916,0.01,False,,,15,no valid outer-layer seed pairs
419.0,18.13248891135143,0.01,False,,,15,no valid outer-layer seed pairs
420.0,19.877190312264247,0.01,False,,,15,no exact8 plane survived
421.0,13.66067598310027,0.01,False,,,15,no valid outer-layer seed pairs
422.0,28.71950911847805,0.01,False,,,15,no exact8 plane survived
423.0,46.13463558860827,0.01,False,,,14,no exact8 plane survived
424.0,5.988243900607253,0.01,False,,,15,no valid outer-layer seed pairs
425.0,61.98111736254656,0.01,False,,,14,no exact8 plane survived
426.0,16.36860870404365,0.01,False,,,15,no valid outer-layer seed pairs
427.0,26.163861160221707,0.01,False,,,15,no exact8 plane survived
428.0,17.661308009374537,0.01,False,,,15,no valid outer-layer seed pairs
429.0,28.39142513357213,0.01,False,,,15,no exact8 plane survived
430.0,80.86877360001648,0.01,False,,,14,no exact8 plane survived
432.0,15.908926190651025,0.01,False,,,15,no valid outer-layer seed pairs
433.0,48.060276547060255,0.01,False,,,14,no exact8 plane survived
434.0,78.62370549005507,0.01,False,,,14,no exact8 plane survived
435.0,12.374234966627233,0.01,False,,,15,no valid outer-layer seed pairs
437.0,34.84034170328614,0.01,False,,,14,no exact8 plane survived
439.0,32.69415621132011,0.01,False,,,15,no exact8 plane survived
440.0,12.904487769537786,0.01,False,,,15,no valid outer-layer seed pairs
441.0,11.479850080806948,0.01,False,,,15,no valid outer-layer seed pairs
443.0,11.055570442715853,0.01,False,,,15,no valid outer-layer seed pairs
444.0,9.698259987008244,0.01,False,,,15,no valid outer-layer seed pairs
445.0,11.181818770320362,0.01,False,,,15,no valid outer-layer seed pairs
446.0,383.4556342518929,0.01,False,,,13,no exact8 plane survived
447.0,37.79663194405919,0.01,False,,,14,no exact8 plane survived
450.0,41.1645545279673,0.01,False,,,15,no exact8 plane survived
452.0,12.0570732192711,0.01,False,,,15,no valid outer-layer seed pairs
453.0,22.09149070149037,0.01,False,,,15,no exact8 plane survived
454.0,26.273630152405683,0.01,False,,,15,no exact8 plane survived
455.0,22.76774603198647,0.01,False,,,15,no exact8 plane survived
457.0,19.763748586256177,0.01,False,,,15,no exact8 plane survived
458.0,55.72404713624773,0.01,False,,,14,no exact8 plane survived
460.0,9.227501968935986,0.01,False,,,15,no valid outer-layer seed pairs
461.0,61.67371866023308,0.01,False,,,14,no exact8 plane survived
462.0,16.275630497222632,0.01,False,,,15,no valid outer-layer seed pairs
464.0,73.36815277599996,0.01,False,,,14,no exact8 plane survived
466.0,28.808411075716784,0.01,False,,,15,no exact8 plane survived
467.0,9.79984023959998,0.01,False,,,15,no valid outer-layer seed pairs
468.0,105.46323394242384,0.01,False,,,14,no exact8 plane survived
469.0,15.221749209871188,0.01,False,,,15,no valid outer-layer seed pairs
470.0,48.490890487869805,0.01,False,,,14,no exact8 plane survived
472.0,23.19522689315088,0.01,False,,,15,no exact8 plane survived
473.0,12.886850257428218,0.01,False,,,15,no valid outer-layer seed pairs
474.0,13.40907292400575,0.01,False,,,15,no valid outer-layer seed pairs
475.0,46.72817361092464,0.01,False,,,14,no exact8 plane survived
476.0,80.72053581150413,0.01,False,,,14,no exact8 plane survived
477.0,21.73721454364653,0.01,False,,,15,no exact8 plane survived
478.0,24.206952360230083,0.01,False,,,15,no exact8 plane survived
479.0,20.27497020165615,0.01,False,,,15,no exact8 plane survived
480.0,17.403460175500953,0.01,False,,,15,no valid outer-layer seed pairs
481.0,9.757182244243184,0.01,False,,,15,no valid outer-layer seed pairs
483.0,67.62083536587643,0.01,False,,,14,no exact8 plane survived
484.0,8.896594784009817,0.01,False,,,15,no valid outer-layer seed pairs
485.0,154.06928496195974,0.01,False,,,14,no exact8 plane survived
486.0,13.563695940649191,0.01,False,,,15,no valid outer-layer seed pairs
488.0,15.729144436052104,0.01,False,,,15,no valid outer-layer seed pairs
489.0,12.491844034396053,0.01,False,,,15,no valid outer-layer seed pairs
492.0,97.1365720831407,0.01,False,,,14,no exact8 plane survived
493.0,59.87155042546015,0.01,False,,,14,no exact8 plane survived
494.0,30.358915646703128,0.01,False,,,15,no exact8 plane survived
495.0,23.850419537119013,0.01,False,,,15,no exact8 plane survived
496.0,45.65362715879396,0.01,False,,,15,no exact8 plane survived
499.0,53.445983995849375,0.01,False,,,14,no exact8 plane survived
500.0,9.079776477290077,0.01,False,,,15,no valid outer-layer seed pairs
501.0,11.709594862594416,0.01,False,,,15,no valid outer-layer seed pairs
502.0,58.99622031049168,0.01,False,,,14,no exact8 plane survived
505.0,16.050880293763313,0.01,False,,,15,no valid outer-layer seed pairs
506.0,28.38616226389941,0.01,False,,,15,no exact8 plane survived
507.0,14.356221294036034,0.01,False,,,15,no valid outer-layer seed pairs
510.0,31.67616652882948,0.01,False,,,15,no exact8 plane survived
511.0,47.116443180292656,0.01,False,,,14,no exact8 plane survived
512.0,11.560243115255693,0.01,False,,,15,no valid outer-layer seed pairs
513.0,15.979089150456586,0.01,False,,,15,no valid outer-layer seed pairs
514.0,38.82332600362286,0.01,False,,,15,no exact8 plane survived
518.0,7.656171745104503,0.01,False,,,15,no valid outer-layer seed pairs
519.0,30.575359077992857,0.01,False,,,15,no exact8 plane survived
520.0,14.807337086073538,0.01,False,,,15,no valid outer-layer seed pairs
521.0,36.0399280588608,0.01,False,,,15,no exact8 plane survived
523.0,7.009935270065913,0.01,False,,,15,no valid outer-layer seed pairs
524.0,67.12189044755894,0.01,False,,,14,no exact8 plane survived
526.0,16.106565183463754,0.01,False,,,15,no valid outer-layer seed pairs
527.0,10.527399406515356,0.01,False,,,15,no valid outer-layer seed pairs
528.0,32.01337710349973,0.01,False,,,14,no exact8 plane survived
530.0,108.90534577256412,0.01,False,,,14,no exact8 plane survived
531.0,114.52629672918688,0.01,False,,,14,no exact8 plane survived
533.0,4.925513950533856,0.01,False,,,15,no valid outer-layer seed pairs
535.0,12.36242759692546,0.01,False,,,15,no valid outer-layer seed pairs
536.0,5.2051496852342565,0.01,False,,,15,no valid outer-layer seed pairs
537.0,10.547911545468551,0.01,False,,,15,no valid outer-layer seed pairs
543.0,14.153109671579376,0.01,False,,,15,no valid outer-layer seed pairs
544.0,37.67875882709109,0.01,False,,,15,no exact8 plane survived
545.0,20.631085211851843,0.01,False,,,15,no exact8 plane survived
546.0,15.734992547862635,0.01,False,,,15,no valid outer-layer seed pairs
547.0,28.28422980769415,0.01,False,,,14,no exact8 plane survived
548.0,20.007653706443524,0.01,False,,,15,no exact8 plane survived
549.0,15.189352208860068,0.01,False,,,15,no valid outer-layer seed pairs
550.0,14.394337891557385,0.01,False,,,15,no valid outer-layer seed pairs
552.0,10.366161022338469,0.01,False,,,15,no valid outer-layer seed pairs
554.0,40.60350401021599,0.01,False,,,14,no exact8 plane survived
555.0,12.770935433313234,0.01,False,,,15,no valid outer-layer seed pairs
557.0,23.17703030260249,0.01,False,,,15,no exact8 plane survived
558.0,21.890481834859152,0.01,False,,,15,no exact8 plane survived
559.0,17.77651989506322,0.01,False,,,15,no valid outer-layer seed pairs
560.0,9.263887552714486,0.01,False,,,15,no valid outer-layer seed pairs
561.0,15.28482248525768,0.01,False,,,15,no valid outer-layer seed pairs
562.0,12.168295218139056,0.01,False,,,15,no valid outer-layer seed pairs
563.0,10.470173531157297,0.01,False,,,15,no valid outer-layer seed pairs
565.0,13.801934658132394,0.01,False,,,15,no valid outer-layer seed pairs
566.0,23.57749911781517,0.01,False,,,15,no exact8 plane survived
569.0,19.58336536759446,0.01,False,,,15,no exact8 plane survived
570.0,24.150527689145783,0.01,False,,,15,no exact8 plane survived
571.0,38.86588509173551,0.01,False,,,14,no exact8 plane survived
572.0,22.734027384326392,0.01,False,,,15,no exact8 plane survived
575.0,16.598907747087512,0.01,False,,,15,no valid outer-layer seed pairs
576.0,38.66223647108468,0.01,False,,,15,no exact8 plane survived
577.0,19.537387291586608,0.01,False,,,15,no exact8 plane survived
578.0,20.12372129948709,0.01,False,,,15,no exact8 plane survived
579.0,69.25676681319969,0.01,False,,,14,no exact8 plane survived
580.0,12.376469155861264,0.01,False,,,15,no valid outer-layer seed pairs
582.0,20.64892719058737,0.01,False,,,15,no exact8 plane survived
583.0,34.80839497313172,0.01,False,,,14,no exact8 plane survived
584.0,13.118662777749307,0.01,False,,,15,no valid outer-layer seed pairs
587.0,22.45641023619113,0.01,False,,,15,no exact8 plane survived
589.0,9.970805590091354,0.01,False,,,15,no valid outer-layer seed pairs
590.0,46.56656786040529,0.01,False,,,14,no exact8 plane survived
591.0,13.11645196803735,0.01,False,,,15,no valid outer-layer seed pairs
592.0,12.744498154029086,0.01,False,,,15,no valid outer-layer seed pairs
593.0,9.839277382931275,0.01,False,,,15,no valid outer-layer seed pairs
596.0,33.698360678594945,0.01,False,,,15,no exact8 plane survived
597.0,16.360722449988188,0.01,False,,,15,no valid outer-layer seed pairs
598.0,21.68463061512137,0.01,False,,,15,no exact8 plane survived
599.0,108.25637288950128,0.01,False,,,14,no exact8 plane survived
600.0,10.209823202622765,0.01,False,,,15,no valid outer-layer seed pairs
601.0,59.91655165749072,0.01,False,,,14,no exact8 plane survived
602.0,47.35139895421765,0.01,False,,,14,no exact8 plane survived
604.0,60.51835371750272,0.01,False,,,14,no exact8 plane survived
605.0,73.97512022680885,0.01,False,,,14,no exact8 plane survived
606.0,122.43382396954436,0.01,False,,,14,no exact8 plane survived
608.0,14.964187207187532,0.01,False,,,15,no valid outer-layer seed pairs
609.0,16.817601538092944,0.01,False,,,15,no valid outer-layer seed pairs
610.0,15.50640203571128,0.01,False,,,15,no valid outer-layer seed pairs
612.0,16.88452641766633,0.01,False,,,15,no valid outer-layer seed pairs
613.0,30.469697988777824,0.01,False,,,15,no exact8 plane survived
614.0,21.650629996818303,0.01,False,,,15,no exact8 plane survived
615.0,17.784711082841838,0.01,False,,,15,no valid outer-layer seed pairs
618.0,58.37183467471842,0.01,False,,,14,no exact8 plane survived
619.0,19.931865721701097,0.01,False,,,15,no exact8 plane survived
620.0,15.683406500967552,0.01,False,,,15,no valid outer-layer seed pairs
623.0,25.199242696904395,0.01,False,,,15,no exact8 plane survived
625.0,20.11567142732595,0.01,False,,,15,no exact8 plane survived
626.0,10.990250102777992,0.01,False,,,15,no valid outer-layer seed pairs
629.0,39.97962437698354,0.01,False,,,14,no exact8 plane survived
630.0,11.438456630745996,0.01,False,,,15,no valid outer-layer seed pairs
631.0,49.53447808012445,0.01,False,,,14,no exact8 plane survived
632.0,30.578118277506046,0.01,False,,,15,no exact8 plane survived
633.0,15.048675984660129,0.01,False,,,15,no valid outer-layer seed pairs
634.0,18.47189835620664,0.01,False,,,15,no valid outer-layer seed pairs
635.0,16.75478016313278,0.01,False,,,15,no valid outer-layer seed pairs
637.0,8.560338459756352,0.01,False,,,15,no valid outer-layer seed pairs
639.0,14.355389269497538,0.01,False,,,15,no valid outer-layer seed pairs
640.0,20.20759490144882,0.01,False,,,15,no exact8 plane survived
644.0,14.638793854186982,0.01,False,,,15,no valid outer-layer seed pairs
645.0,23.661785170566432,0.01,False,,,15,no exact8 plane survived
646.0,35.70241842354741,0.01,False,,,15,no exact8 plane survived
647.0,36.00200609344791,0.01,False,,,14,no exact8 plane survived
648.0,18.816812534195243,0.01,False,,,15,no exact8 plane survived
651.0,16.106924832995155,0.01,False,,,15,no valid outer-layer seed pairs
652.0,21.596418618399017,0.01,False,,,15,no exact8 plane survived
653.0,18.697517234081698,0.01,False,,,15,no exact8 plane survived
654.0,27.666920760383245,0.01,False,,,15,no exact8 plane survived
655.0,29.094993880383218,0.01,False,,,15,no exact8 plane survived
656.0,10.60133325182824,0.01,False,,,15,no valid outer-layer seed pairs
657.0,133.44393957783592,0.01,False,,,14,no exact8 plane survived
658.0,91.83304154253162,0.01,False,,,14,no exact8 plane survived
659.0,23.91138306098255,0.01,False,,,15,no exact8 plane survived
660.0,21.467177336748108,0.01,False,,,15,no exact8 plane survived
661.0,37.50594869276483,0.01,False,,,14,no exact8 plane survived
663.0,29.527437229643507,0.01,False,,,14,no exact8 plane survived
664.0,17.11251268557952,0.01,False,,,15,no valid outer-layer seed pairs
665.0,73.586012918993,0.01,False,,,14,no exact8 plane survived
666.0,16.30859989698779,0.01,False,,,15,no valid outer-layer seed pairs
667.0,26.98263847880288,0.01,False,,,15,no exact8 plane survived
670.0,17.50021544086799,0.01,False,,,15,no valid outer-layer seed pairs
673.0,18.166041865801112,0.01,False,,,15,no valid outer-layer seed pairs
674.0,29.63808784546956,0.01,False,,,15,no exact8 plane survived
675.0,18.95163177142593,0.01,False,,,15,no exact8 plane survived
676.0,22.384504132241485,0.01,False,,,15,no exact8 plane survived
678.0,59.00079198849592,0.01,False,,,14,no exact8 plane survived
679.0,86.42366761158476,0.01,False,,,14,no exact8 plane survived
680.0,11.722616039437142,0.01,False,,,15,no valid outer-layer seed pairs
681.0,12.773632975252728,0.01,False,,,15,no valid outer-layer seed pairs
682.0,24.499046777502297,0.01,False,,,15,no exact8 plane survived
685.0,20.72795633547813,0.01,False,,,15,no exact8 plane survived
687.0,35.1867101801532,0.01,False,,,14,no exact8 plane survived
688.0,23.10992142966577,0.01,False,,,15,no exact8 plane survived
689.0,45.77999729285815,0.01,False,,,14,no exact8 plane survived
690.0,40.79006633018447,0.01,False,,,15,no exact8 plane survived
692.0,29.680896318700945,0.01,False,,,14,no exact8 plane survived
693.0,35.63788769238803,0.01,False,,,15,no exact8 plane survived
694.0,83.20796294957707,0.01,False,,,14,no exact8 plane survived
696.0,12.034919024160176,0.01,False,,,15,no valid outer-layer seed pairs
699.0,25.732912413533345,0.01,False,,,15,no exact8 plane survived
700.0,10.331178251813313,0.01,False,,,15,no valid outer-layer seed pairs
701.0,18.577181686162746,0.01,False,,,15,no valid outer-layer seed pairs
703.0,34.60258208079256,0.01,False,,,15,no exact8 plane survived
704.0,19.53941994272845,0.01,False,,,15,no exact8 plane survived
705.0,29.19881689185932,0.01,False,,,15,no exact8 plane survived
706.0,10.702254601896266,0.01,False,,,15,no valid outer-layer seed pairs
708.0,24.90225478364864,0.01,False,,,15,no exact8 plane survived
709.0,12.775339562935232,0.01,False,,,15,no valid outer-layer seed pairs
710.0,12.653553114752238,0.01,False,,,15,no valid outer-layer seed pairs
711.0,10.905753611566308,0.01,False,,,15,no valid outer-layer seed pairs
713.0,31.80425078730776,0.01,False,,,14,no exact8 plane survived
714.0,73.85065716445085,0.01,False,,,14,no exact8 plane survived
715.0,32.68241628483617,0.01,False,,,14,no exact8 plane survived
716.0,24.722814985966508,0.01,False,,,15,no exact8 plane survived
717.0,12.50901164207942,0.01,False,,,15,no valid outer-layer seed pairs
718.0,11.283951078550649,0.01,False,,,15,no valid outer-layer seed pairs
721.0,11.741604732611718,0.01,False,,,15,no valid outer-layer seed pairs
722.0,34.28927281188043,0.01,False,,,15,no exact8 plane survived
723.0,10.922556845906588,0.01,False,,,15,no valid outer-layer seed pairs
724.0,21.7529659711212,0.01,False,,,15,no exact8 plane survived
725.0,27.682384642564365,0.01,False,,,15,no exact8 plane survived
726.0,67.1886966497419,0.01,False,,,14,no exact8 plane survived
727.0,13.723376349901976,0.01,False,,,15,no valid outer-layer seed pairs
729.0,9.95052929482558,0.01,False,,,15,no valid outer-layer seed pairs
730.0,29.690828308449024,0.01,False,,,15,no exact8 plane survived
731.0,18.514502811916827,0.01,False,,,15,no valid outer-layer seed pairs
732.0,8.700225575095796,0.01,False,,,15,no valid outer-layer seed pairs
733.0,82.16076028064252,0.01,False,,,14,no exact8 plane survived
734.0,28.909678115492788,0.01,False,,,15,no exact8 plane survived
735.0,27.9253815547119,0.01,False,,,15,no exact8 plane survived
737.0,7.51245694302001,0.01,False,,,15,no valid outer-layer seed pairs
738.0,18.37377860655616,0.01,False,,,15,no valid outer-layer seed pairs
740.0,51.75256775612007,0.01,False,,,14,no exact8 plane survived
741.0,18.302438622684885,0.01,False,,,15,no valid outer-layer seed pairs
743.0,21.834273827293323,0.01,False,,,15,no exact8 plane survived
744.0,9.460679062744855,0.01,False,,,15,no valid outer-layer seed pairs
746.0,17.59435273786889,0.01,False,,,15,no valid outer-layer seed pairs
747.0,66.59188896038899,0.01,False,,,14,no exact8 plane survived
748.0,10.91999567706259,0.01,False,,,15,no valid outer-layer seed pairs
749.0,13.59755938413614,0.01,False,,,15,no valid outer-layer seed pairs
750.0,72.011164846502,0.01,False,,,14,no exact8 plane survived
751.0,13.770557666604578,0.01,False,,,15,no valid outer-layer seed pairs
754.0,10.014307332957046,0.01,False,,,15,no valid outer-layer seed pairs
755.0,18.749399214399403,0.01,False,,,15,no exact8 plane survived
756.0,41.977504914230735,0.01,False,,,14,no exact8 plane survived
757.0,22.067793122836424,0.01,False,,,15,no exact8 plane survived
759.0,15.131618434342046,0.01,False,,,15,no valid outer-layer seed pairs
760.0,9.356499989296603,0.01,False,,,15,no valid outer-layer seed pairs
762.0,12.43702689932958,0.01,False,,,15,no valid outer-layer seed pairs
765.0,16.526011777076516,0.01,False,,,15,no valid outer-layer seed pairs
767.0,9.39404526136945,0.01,False,,,15,no valid outer-layer seed pairs
769.0,11.725743896394745,0.01,False,,,15,no valid outer-layer seed pairs
771.0,13.275757065488948,0.01,False,,,15,no valid outer-layer seed pairs
773.0,16.547936331989604,0.01,False,,,15,no valid outer-layer seed pairs
774.0,128.3109989716318,0.01,False,,,14,no exact8 plane survived
775.0,12.09501172618759,0.01,False,,,15,no valid outer-layer seed pairs
777.0,63.509030500475056,0.01,False,,,14,no exact8 plane survived
778.0,22.33439770836272,0.01,False,,,15,no exact8 plane survived
779.0,10.377239070597431,0.01,False,,,15,no valid outer-layer seed pairs
780.0,86.33921209249452,0.01,False,,,14,no exact8 plane survived
781.0,81.80625869803555,0.01,False,,,14,no exact8 plane survived
782.0,22.988893712575933,0.01,False,,,15,no exact8 plane survived
783.0,32.38775586304841,0.01,False,,,15,no exact8 plane survived
785.0,22.88422503536101,0.01,False,,,15,no exact8 plane survived
786.0,27.496266312366885,0.01,False,,,15,no exact8 plane survived
787.0,19.689393165808085,0.01,False,,,15,no exact8 plane survived
788.0,11.228302401953371,0.01,False,,,15,no valid outer-layer seed pairs
791.0,21.625888391146603,0.01,False,,,15,no exact8 plane survived
792.0,24.61766779195059,0.01,False,,,15,no exact8 plane survived
794.0,22.865818958339283,0.01,False,,,15,no exact8 plane survived
796.0,15.936769251187703,0.01,False,,,15,no valid outer-layer seed pairs
797.0,14.851055300677189,0.01,False,,,15,no valid outer-layer seed pairs
798.0,15.397090763143604,0.01,False,,,15,no valid outer-layer seed pairs
800.0,6.621551276921402,0.01,False,,,15,no valid outer-layer seed pairs
801.0,29.37949247510736,0.01,False,,,15,no exact8 plane survived
804.0,47.312536033784674,0.01,False,,,14,no exact8 plane survived
806.0,16.274030848109135,0.01,False,,,15,no valid outer-layer seed pairs
807.0,17.092704286394763,0.01,False,,,15,no valid outer-layer seed pairs
809.0,21.37610335688892,0.01,False,,,15,no exact8 plane survived
810.0,41.80447440643897,0.01,False,,,14,no exact8 plane survived
811.0,18.704903587388348,0.01,False,,,15,no exact8 plane survived
813.0,11.563583178534817,0.01,False,,,15,no valid outer-layer seed pairs
815.0,13.678199675610664,0.01,False,,,15,no valid outer-layer seed pairs
818.0,22.679720556616697,0.01,False,,,15,no exact8 plane survived
822.0,9.61996251767484,0.01,False,,,15,no valid outer-layer seed pairs
823.0,5.937546326014884,0.01,False,,,15,no valid outer-layer seed pairs
825.0,10.18905008168051,0.01,False,,,15,no valid outer-layer seed pairs
826.0,14.557208556916112,0.01,False,,,15,no valid outer-layer seed pairs
827.0,9.879293299615348,0.01,False,,,15,no valid outer-layer seed pairs
828.0,15.174351257525966,0.01,False,,,15,no valid outer-layer seed pairs
830.0,51.954953766988034,0.01,False,,,14,no exact8 plane survived
832.0,85.7596590661315,0.01,False,,,14,no exact8 plane survived
833.0,13.398350719919298,0.01,False,,,15,no valid outer-layer seed pairs
834.0,18.842005121085165,0.01,False,,,15,no exact8 plane survived
835.0,41.57562054075672,0.01,False,,,14,no exact8 plane survived
836.0,7.587266416714847,0.01,False,,,15,no valid outer-layer seed pairs
837.0,14.604573496127111,0.01,False,,,15,no valid outer-layer seed pairs
838.0,54.1070106674068,0.01,False,,,14,no exact8 plane survived
839.0,7.127879729960856,0.01,False,,,15,no valid outer-layer seed pairs
840.0,19.86477931784752,0.01,False,,,15,no exact8 plane survived
842.0,6.299858489984383,0.01,False,,,15,no valid outer-layer seed pairs
844.0,21.361570314144217,0.01,False,,,15,no exact8 plane survived
845.0,71.90423713247384,0.01,False,,,14,no exact8 plane survived
846.0,29.17084105946267,0.01,False,,,15,no exact8 plane survived
847.0,35.572520139437486,0.01,False,,,14,no exact8 plane survived
852.0,38.00422898355209,0.01,False,,,14,no exact8 plane survived
853.0,20.230066550102,0.01,False,,,15,no exact8 plane survived
856.0,10.86722669469632,0.01,False,,,15,no valid outer-layer seed pairs
858.0,51.99211298962501,0.01,False,,,14,no exact8 plane survived
859.0,12.266681485899268,0.01,False,,,15,no valid outer-layer seed pairs
860.0,32.66121071792297,0.01,False,,,15,no exact8 plane survived
861.0,27.99022779384701,0.01,False,,,15,no exact8 plane survived
863.0,19.028851562001453,0.01,False,,,15,no exact8 plane survived
864.0,62.162315973211726,0.01,False,,,14,no exact8 plane survived
865.0,22.37975413314149,0.01,False,,,15,no exact8 plane survived
866.0,4.0140281287897785,0.01,False,,,15,no valid outer-layer seed pairs
868.0,10.685193085725812,0.01,False,,,15,no valid outer-layer seed pairs
870.0,20.50214650151231,0.01,False,,,15,no exact8 plane survived
872.0,25.476469595167817,0.01,False,,,15,no exact8 plane survived
873.0,97.2104256827424,0.01,False,,,14,no exact8 plane survived
875.0,18.119927383077467,0.01,False,,,15,no valid outer-layer seed pairs
876.0,25.98174653615349,0.01,False,,,15,no exact8 plane survived
877.0,19.027429660158973,0.01,False,,,15,no exact8 plane survived
879.0,24.93498002228437,0.01,False,,,15,no exact8 plane survived
880.0,17.52645279672717,0.01,False,,,15,no valid outer-layer seed pairs
882.0,81.44037463000784,0.01,False,,,14,no exact8 plane survived
886.0,25.270427109875367,0.01,False,,,15,no exact8 plane survived
889.0,21.493549282568782,0.01,False,,,15,no exact8 plane survived
893.0,26.203323864305545,0.01,False,,,15,no exact8 plane survived
894.0,33.52197461862724,0.01,False,,,15,no exact8 plane survived
895.0,14.024607678872403,0.01,False,,,15,no valid outer-layer seed pairs
897.0,36.68259461289885,0.01,False,,,14,no exact8 plane survived
898.0,56.82292238861688,0.01,False,,,14,no exact8 plane survived
899.0,68.17777573012432,0.01,False,,,14,no exact8 plane survived
900.0,12.23386899846486,0.01,False,,,15,no valid outer-layer seed pairs
901.0,20.992905170496,0.01,False,,,15,no exact8 plane survived
902.0,13.878963685114377,0.01,False,,,15,no valid outer-layer seed pairs
903.0,12.339725514524464,0.01,False,,,15,no valid outer-layer seed pairs
904.0,12.3160785986607,0.01,False,,,15,no valid outer-layer seed pairs
905.0,9.964133760578092,0.01,False,,,15,no valid outer-layer seed pairs
907.0,19.036552331470386,0.01,False,,,15,no exact8 plane survived
909.0,174.17722800478467,0.01,False,,,14,no exact8 plane survived
910.0,9.510325713019505,0.01,False,,,15,no valid outer-layer seed pairs
913.0,30.26912096571013,0.01,False,,,15,no exact8 plane survived
914.0,12.69867785651073,0.01,False,,,15,no valid outer-layer seed pairs
915.0,31.632414789474648,0.01,False,,,15,no exact8 plane survived
916.0,36.35233157698863,0.01,False,,,15,no exact8 plane survived
917.0,13.115439921267782,0.01,False,,,15,no valid outer-layer seed pairs
920.0,27.26058699938869,0.01,False,,,15,no exact8 plane survived
921.0,26.35671445164268,0.01,False,,,15,no exact8 plane survived
922.0,10.400123696516127,0.01,False,,,15,no valid outer-layer seed pairs
923.0,7.281276661996028,0.01,False,,,15,no valid outer-layer seed pairs
924.0,11.00956243801968,0.01,False,,,15,no valid outer-layer seed pairs
925.0,53.29241147445726,0.01,False,,,14,no exact8 plane survived
926.0,11.38110010353712,0.01,False,,,15,no valid outer-layer seed pairs
930.0,14.003748657513944,0.01,False,,,15,no valid outer-layer seed pairs
931.0,25.047963902427423,0.01,False,,,15,no exact8 plane survived
932.0,22.85117095899934,0.01,False,,,15,no exact8 plane survived
933.0,18.715373480667303,0.01,False,,,15,no exact8 plane survived
934.0,54.706625272153,0.01,False,,,14,no exact8 plane survived
936.0,24.068526532234632,0.01,False,,,15,no exact8 plane survived
938.0,29.531879193876087,0.01,False,,,14,no exact8 plane survived
941.0,30.110460358255963,0.01,False,,,15,no exact8 plane survived
942.0,29.140282209932543,0.01,False,,,15,no exact8 plane survived
943.0,22.28061039922694,0.01,False,,,15,no exact8 plane survived
944.0,35.02370117263003,0.01,False,,,15,no exact8 plane survived
945.0,13.989824458634,0.01,False,,,15,no valid outer-layer seed pairs
949.0,22.07697140190785,0.01,False,,,15,no exact8 plane survived
950.0,10.477248293707245,0.01,False,,,15,no valid outer-layer seed pairs
951.0,3.7826403985123465,0.01,False,,,15,no valid outer-layer seed pairs
952.0,139.68479947095912,0.01,False,,,14,no exact8 plane survived
953.0,11.02800341685403,0.01,False,,,15,no valid outer-layer seed pairs
956.0,46.50712437276256,0.01,False,,,14,no exact8 plane survived
957.0,8.05261406373442,0.01,False,,,15,no valid outer-layer seed pairs
958.0,22.5913695908474,0.01,False,,,15,no exact8 plane survived
962.0,13.115999784255932,0.01,False,,,15,no valid outer-layer seed pairs
963.0,20.349536010081177,0.01,False,,,15,no exact8 plane survived
964.0,13.044600685299631,0.01,False,,,15,no valid outer-layer seed pairs
965.0,28.99003713670651,0.01,False,,,15,no exact8 plane survived
966.0,59.87218130637815,0.01,False,,,14,no exact8 plane survived
967.0,16.67269465714324,0.01,False,,,15,no valid outer-layer seed pairs
968.0,60.08382254658904,0.01,False,,,14,no exact8 plane survived
969.0,17.483612421720917,0.01,False,,,15,no valid outer-layer seed pairs
970.0,30.41267521981623,0.01,False,,,15,no exact8 plane survived
971.0,44.21753592356707,0.01,False,,,15,no exact8 plane survived
972.0,67.44482578419347,0.01,False,,,14,no exact8 plane survived
973.0,13.641631711334414,0.01,False,,,15,no valid outer-layer seed pairs
974.0,9.086157653707538,0.01,False,,,15,no valid outer-layer seed pairs
975.0,27.161578537527934,0.01,False,,,15,no exact8 plane survived
976.0,13.104680357125856,0.01,False,,,15,no valid outer-layer seed pairs
977.0,37.63810610922568,0.01,False,,,14,no exact8 plane survived
978.0,10.75829114795937,0.01,False,,,15,no valid outer-layer seed pairs
979.0,31.197712084631924,0.01,False,,,15,no exact8 plane survived
980.0,18.5480068701647,0.01,False,,,15,no valid outer-layer seed pairs
982.0,16.098029005521678,0.01,False,,,15,no valid outer-layer seed pairs
983.0,16.863855239850036,0.01,False,,,15,no valid outer-layer seed pairs
985.0,11.017633090506836,0.01,False,,,15,no valid outer-layer seed pairs
986.0,34.80308686929832,0.01,False,,,14,no exact8 plane survived
987.0,58.27912865301557,0.01,False,,,14,no exact8 plane survived
988.0,15.126163483834985,0.01,False,,,15,no valid outer-layer seed pairs
990.0,56.12373745729699,0.01,False,,,14,no exact8 plane survived
992.0,13.680507506925904,0.01,False,,,15,no valid outer-layer seed pairs
994.0,18.415234709266723,0.01,False,,,15,no valid outer-layer seed pairs
995.0,33.469776144234984,0.01,False,,,15,no exact8 plane survived
996.0,26.811305241915804,0.01,False,,,15,no exact8 plane survived
997.0,16.383114362564253,0.01,False,,,15,no valid outer-layer seed pairs
998.0,10.543421774688705,0.01,False,,,15,no valid outer-layer seed pairs
999.0,14.215400010020428,0.01,False,,,15,no valid outer-layer seed pairs
1000.0,14.665401948511066,0.01,False,,,15,no valid outer-layer seed pairs
1001.0,19.43156052693704,0.01,False,,,15,no exact8 plane survived
1002.0,100.06418907685428,0.01,False,,,14,no exact8 plane survived
1003.0,39.50864799297471,0.01,False,,,15,no exact8 plane survived
1005.0,12.406084207504469,0.01,False,,,15,no valid outer-layer seed pairs
1006.0,21.47781200349996,0.01,False,,,15,no exact8 plane survived
1008.0,49.23953377451763,0.01,False,,,14,no exact8 plane survived
1009.0,19.455268138984653,0.01,False,,,15,no exact8 plane survived
1010.0,81.71153556062363,0.01,False,,,14,no exact8 plane survived
1011.0,264.0261046216188,0.01,False,,,13,no exact8 plane survived
1012.0,19.44017238616247,0.01,False,,,15,no exact8 plane survived
1013.0,52.676714575786406,0.01,False,,,14,no exact8 plane survived
1014.0,17.967585978572444,0.01,False,,,15,no valid outer-layer seed pairs
1016.0,11.350259480912214,0.01,False,,,15,no valid outer-layer seed pairs
1019.0,13.695419847780908,0.01,False,,,15,no valid outer-layer seed pairs
1020.0,20.9883296670119,0.01,False,,,15,no exact8 plane survived
1022.0,13.790394659636457,0.01,False,,,15,no valid outer-layer seed pairs
1023.0,41.9903228309035,0.01,False,,,14,no exact8 plane survived
1024.0,58.10405534689554,0.01,False,,,14,no exact8 plane survived
1025.0,28.74945129079004,0.01,False,,,15,no exact8 plane survived
1026.0,67.33507379247966,0.01,False,,,14,no exact8 plane survived
1027.0,5.141592909921998,0.01,False,,,15,no valid outer-layer seed pairs
1028.0,12.411043116921874,0.01,False,,,15,no valid outer-layer seed pairs
1029.0,74.95040341876698,0.01,False,,,14,no exact8 plane survived
1030.0,49.23880673519067,0.01,False,,,14,no exact8 plane survived
1031.0,10.823723586212544,0.01,False,,,15,no valid outer-layer seed pairs
1032.0,16.78565747397536,0.01,False,,,15,no valid outer-layer seed pairs
1033.0,112.8491742689841,0.01,False,,,14,no exact8 plane survived
1034.0,128.21917841334906,0.01,False,,,14,no exact8 plane survived
1036.0,26.736997622210588,0.01,False,,,14,no exact8 plane survived
1037.0,59.52212130953407,0.01,False,,,14,no exact8 plane survived
1038.0,21.00763822035785,0.01,False,,,15,no exact8 plane survived
1039.0,19.49860797700932,0.01,False,,,15,no exact8 plane survived
1041.0,19.50365718084185,0.01,False,,,15,no exact8 plane survived
1042.0,25.990828022226008,0.01,False,,,15,no exact8 plane survived
1043.0,22.91779644602456,0.01,False,,,15,no exact8 plane survived
1044.0,17.964485460842724,0.01,False,,,15,no valid outer-layer seed pairs
1048.0,24.235995053063256,0.01,False,,,15,no exact8 plane survived
1049.0,38.50229858062794,0.01,False,,,14,no exact8 plane survived
1050.0,21.264712384619163,0.01,False,,,15,no exact8 plane survived
1051.0,25.09587551037641,0.01,False,,,15,no exact8 plane survived
1052.0,20.18704434862065,0.01,False,,,15,no exact8 plane survived
1053.0,120.86496932248248,0.01,False,,,14,no exact8 plane survived
1054.0,10.42699558220064,0.01,False,,,15,no valid outer-layer seed pairs
1055.0,10.903674172205196,0.01,False,,,15,no valid outer-layer seed pairs
1056.0,61.30775709481917,0.01,False,,,14,no exact8 plane survived
1057.0,23.82409917848958,0.01,False,,,15,no exact8 plane survived
1059.0,7.912154694676653,0.01,False,,,15,no valid outer-layer seed pairs
1060.0,32.1802806822794,0.01,False,,,15,no exact8 plane survived
1061.0,91.97701578098972,0.01,False,,,14,no exact8 plane survived
1062.0,32.091903672070465,0.01,False,,,15,no exact8 plane survived
1063.0,10.467344589375024,0.01,False,,,15,no valid outer-layer seed pairs
1065.0,16.496431370564867,0.01,False,,,15,no valid outer-layer seed pairs
1066.0,69.22446248234775,0.01,False,,,14,no exact8 plane survived
1067.0,10.715595799240496,0.01,False,,,15,no valid outer-layer seed pairs
1068.0,51.257289679804,0.01,False,,,14,no exact8 plane survived
1069.0,29.10487031906481,0.01,False,,,15,no exact8 plane survived
1070.0,82.27559493399914,0.01,False,,,14,no exact8 plane survived
1071.0,11.30928052624142,0.01,False,,,15,no valid outer-layer seed pairs
1072.0,66.40933021872226,0.01,False,,,14,no exact8 plane survived
1073.0,13.696023350693986,0.01,False,,,15,no valid outer-layer seed pairs
1074.0,11.52130602810595,0.01,False,,,15,no valid outer-layer seed pairs
1075.0,13.549793213094576,0.01,False,,,15,no valid outer-layer seed pairs
1076.0,13.442477606144331,0.01,False,,,15,no valid outer-layer seed pairs
1077.0,76.35152020340345,0.01,False,,,14,no exact8 plane survived
1078.0,45.506122078810456,0.01,False,,,14,no exact8 plane survived
1079.0,56.668596815077365,0.01,False,,,14,no exact8 plane survived
1080.0,25.09021387274789,0.01,False,,,15,no exact8 plane survived
1082.0,19.74596124868697,0.01,False,,,15,no exact8 plane survived
1083.0,23.298947592405057,0.01,False,,,15,no exact8 plane survived
1084.0,29.291748845125444,0.01,False,,,15,no exact8 plane survived
1085.0,5.206168510663793,0.01,False,,,16,no valid outer-layer seed pairs
1086.0,20.24343952608672,0.01,False,,,15,no exact8 plane survived
1087.0,26.694617750502665,0.01,False,,,15,no exact8 plane survived
1089.0,23.99382175222349,0.01,False,,,15,no exact8 plane survived
1090.0,14.70315301392665,0.01,False,,,15,no valid outer-layer seed pairs
1091.0,50.25346657727217,0.01,False,,,14,no exact8 plane survived
1092.0,32.452939455307096,0.01,False,,,14,no exact8 plane survived
1093.0,42.87841696240453,0.01,False,,,14,no exact8 plane survived
1095.0,54.53757525657111,0.01,False,,,14,no exact8 plane survived
1096.0,43.55357544730841,0.01,False,,,14,no exact8 plane survived
1097.0,16.008840131365943,0.01,False,,,15,no valid outer-layer seed pairs
1099.0,12.689055063322986,0.01,False,,,15,no valid outer-layer seed pairs
1100.0,86.03093450598305,0.01,False,,,14,no exact8 plane survived
1102.0,16.99863923354414,0.01,False,,,15,no valid outer-layer seed pairs
1104.0,10.366130633602356,0.01,False,,,15,no valid outer-layer seed pairs
1105.0,23.84271959743733,0.01,False,,,15,no exact8 plane survived
1107.0,62.70633674435109,0.01,False,,,14,no exact8 plane survived
1108.0,10.568956676063406,0.01,False,,,15,no valid outer-layer seed pairs
1109.0,12.7248516260038,0.01,False,,,15,no valid outer-layer seed pairs
1111.0,61.05614054988189,0.01,False,,,14,no exact8 plane survived
1113.0,19.545560634530226,0.01,False,,,15,no exact8 plane survived
1114.0,19.196241486722872,0.01,False,,,15,no exact8 plane survived
1115.0,15.980734365099618,0.01,False,,,15,no valid outer-layer seed pairs
1116.0,40.778033685466994,0.01,False,,,14,no exact8 plane survived
1117.0,14.288206168989632,0.01,False,,,15,no valid outer-layer seed pairs
1118.0,11.456500092452542,0.01,False,,,15,no valid outer-layer seed pairs
1121.0,12.42346415710956,0.01,False,,,15,no valid outer-layer seed pairs
1125.0,10.82282109677989,0.01,False,,,15,no valid outer-layer seed pairs
1126.0,16.515358710495455,0.01,False,,,15,no valid outer-layer seed pairs
1127.0,9.691335122427123,0.01,False,,,15,no valid outer-layer seed pairs
1128.0,10.213187306947992,0.01,False,,,15,no valid outer-layer seed pairs
1129.0,276.0418436835864,0.01,False,,,13,no exact8 plane survived
1131.0,12.43569440107041,0.01,False,,,15,no valid outer-layer seed pairs
1132.0,17.9216322947492,0.01,False,,,15,no valid outer-layer seed pairs
1133.0,28.23338028029713,0.01,False,,,15,no exact8 plane survived
1135.0,11.968947599513784,0.01,False,,,15,no valid outer-layer seed pairs
1136.0,21.67308804353533,0.01,False,,,15,no exact8 plane survived
1137.0,12.3682910492036,0.01,False,,,15,no valid outer-layer seed pairs
1138.0,12.23016129711013,0.01,False,,,15,no valid outer-layer seed pairs
1139.0,12.067398864751326,0.01,False,,,15,no valid outer-layer seed pairs
1140.0,12.50126072861642,0.01,False,,,15,no valid outer-layer seed pairs
1141.0,9.850728413667728,0.01,False,,,15,no valid outer-layer seed pairs
1142.0,20.90057894615074,0.01,False,,,15,no exact8 plane survived
1143.0,15.596427681155832,0.01,False,,,15,no valid outer-layer seed pairs
1144.0,15.751590234113811,0.01,False,,,15,no valid outer-layer seed pairs
1145.0,46.77927697615532,0.01,False,,,14,no exact8 plane survived
1146.0,12.732991073123983,0.01,False,,,15,no valid outer-layer seed pairs
1147.0,12.611476535696127,0.01,False,,,15,no valid outer-layer seed pairs
1148.0,10.31215088068285,0.01,False,,,15,no valid outer-layer seed pairs
1150.0,183.07154275991445,0.01,False,,,13,no exact8 plane survived
1151.0,16.337562617228905,0.01,False,,,15,no valid outer-layer seed pairs
1152.0,25.215717211344792,0.01,False,,,15,no exact8 plane survived
1153.0,43.774563242515065,0.01,False,,,15,no exact8 plane survived
1154.0,21.31959368964877,0.01,False,,,15,no exact8 plane survived
1156.0,10.232515908006976,0.01,False,,,15,no valid outer-layer seed pairs
1157.0,51.19411212260855,0.01,False,,,14,no exact8 plane survived
1158.0,11.54094403716356,0.01,False,,,15,no valid outer-layer seed pairs
1160.0,42.03926686553906,0.01,False,,,14,no exact8 plane survived
1162.0,77.26954085341615,0.01,False,,,14,no exact8 plane survived
1163.0,25.0265947072614,0.01,False,,,15,no exact8 plane survived
1164.0,84.17827684497526,0.01,False,,,14,no exact8 plane survived
1165.0,13.94629425486684,0.01,False,,,15,no valid outer-layer seed pairs
1166.0,25.086963150356485,0.01,False,,,15,no exact8 plane survived
1167.0,12.26326994363668,0.01,False,,,15,no valid outer-layer seed pairs
1168.0,54.19982583905784,0.01,False,,,14,no exact8 plane survived
1169.0,12.13617456399123,0.01,False,,,15,no valid outer-layer seed pairs
1170.0,15.51052179324492,0.01,False,,,15,no valid outer-layer seed pairs
1172.0,210.53330198342903,0.01,False,,,14,no exact8 plane survived
1173.0,38.522053973651865,0.01,False,,,15,no exact8 plane survived
1174.0,30.82330514106275,0.01,False,,,14,no exact8 plane survived
1175.0,43.947474491230246,0.01,False,,,14,no exact8 plane survived
1177.0,47.752345620887645,0.01,False,,,14,no exact8 plane survived
1178.0,34.50423515561052,0.01,False,,,15,no exact8 plane survived
1179.0,251.6658369679952,0.01,False,,,13,no exact8 plane survived
1181.0,93.428477212546,0.01,False,,,14,no exact8 plane survived
1183.0,62.146891584394616,0.01,False,,,14,no exact8 plane survived
1184.0,25.583041969191715,0.01,False,,,15,no exact8 plane survived
1185.0,25.309872967592074,0.01,False,,,15,no exact8 plane survived
1186.0,17.06596899237895,0.01,False,,,15,no valid outer-layer seed pairs
1187.0,30.62678989283605,0.01,False,,,15,no exact8 plane survived
1188.0,11.79665418122276,0.01,False,,,15,no valid outer-layer seed pairs
1189.0,85.65347328904268,0.01,False,,,14,no exact8 plane survived
1191.0,21.12419316713614,0.01,False,,,15,no exact8 plane survived
1192.0,111.2968610997133,0.01,False,,,14,no exact8 plane survived
1194.0,60.28829296640093,0.01,False,,,14,no exact8 plane survived
1195.0,14.131006704718308,0.01,False,,,15,no valid outer-layer seed pairs
1196.0,23.72592885097441,0.01,False,,,15,no exact8 plane survived
1197.0,10.236184740070332,0.01,False,,,15,no valid outer-layer seed pairs
1198.0,50.32381458174405,0.01,False,,,15,no exact8 plane survived
1199.0,128.16776618182416,0.01,False,,,14,no exact8 plane survived
1200.0,50.50237764068476,0.01,False,,,14,no exact8 plane survived
1201.0,2.477773953917182,0.01,False,,,16,no valid outer-layer seed pairs
1202.0,32.29605101849734,0.01,False,,,14,no exact8 plane survived
1203.0,27.952726099106936,0.01,False,,,15,no exact8 plane survived
1204.0,14.249686082158512,0.01,False,,,15,no valid outer-layer seed pairs
1206.0,24.64297805572873,0.01,False,,,15,no exact8 plane survived
1207.0,17.888714647817,0.01,False,,,15,no valid outer-layer seed pairs
1208.0,16.99987211775401,0.01,False,,,15,no valid outer-layer seed pairs
1209.0,33.74342358813098,0.01,False,,,15,no exact8 plane survived
1210.0,17.32277884784773,0.01,False,,,15,no valid outer-layer seed pairs
1211.0,20.63395651796172,0.01,False,,,15,no exact8 plane survived
1213.0,19.242988962036407,0.01,False,,,15,no exact8 plane survived
1215.0,22.313389047908164,0.01,False,,,15,no exact8 plane survived
1216.0,11.125527415418372,0.01,False,,,15,no valid outer-layer seed pairs
1218.0,50.47084848526965,0.01,False,,,14,no exact8 plane survived
1219.0,20.28492784412607,0.01,False,,,15,no exact8 plane survived
1220.0,9.50375555286427,0.01,False,,,15,no valid outer-layer seed pairs
1222.0,21.635681771144192,0.01,False,,,15,no exact8 plane survived
1223.0,26.11480374583389,0.01,False,,,15,no exact8 plane survived
1224.0,53.0480964910478,0.01,False,,,14,no exact8 plane survived
1225.0,9.329440679796283,0.01,False,,,15,no valid outer-layer seed pairs
1228.0,18.553182175753857,0.01,False,,,15,no valid outer-layer seed pairs
1229.0,28.52363852532363,0.01,False,,,15,no exact8 plane survived
1231.0,24.23709026888682,0.01,False,,,15,no exact8 plane survived
1232.0,8.601182137218185,0.01,False,,,15,no valid outer-layer seed pairs
1233.0,17.388795650017027,0.01,False,,,15,no valid outer-layer seed pairs
1234.0,48.743141038200186,0.01,False,,,14,no exact8 plane survived
1236.0,13.596276082918514,0.01,False,,,15,no valid outer-layer seed pairs
1237.0,8.744263326544777,0.01,False,,,15,no valid outer-layer seed pairs
1238.0,126.45893711487356,0.01,False,,,14,no exact8 plane survived
1239.0,13.711195973543576,0.01,False,,,15,no valid outer-layer seed pairs
1240.0,40.28984237732588,0.01,False,,,15,no exact8 plane survived
1241.0,18.127009761018805,0.01,False,,,15,no valid outer-layer seed pairs
1242.0,16.185175983018844,0.01,False,,,15,no valid outer-layer seed pairs
1243.0,17.149041808779504,0.01,False,,,15,no valid outer-layer seed pairs
1244.0,17.64559507331941,0.01,False,,,15,no valid outer-layer seed pairs
1245.0,16.464347961922698,0.01,False,,,15,no valid outer-layer seed pairs
1246.0,20.81259444286035,0.01,False,,,15,no exact8 plane survived
1247.0,14.45468358328482,0.01,False,,,15,no valid outer-layer seed pairs
1248.0,24.38654264713404,0.01,False,,,15,no exact8 plane survived
1251.0,18.40362482429859,0.01,False,,,15,no valid outer-layer seed pairs
1254.0,13.333033751706033,0.01,False,,,15,no valid outer-layer seed pairs
1255.0,16.350196838863514,0.01,False,,,15,no valid outer-layer seed pairs
1256.0,14.230332751355595,0.01,False,,,15,no valid outer-layer seed pairs
1257.0,32.504705710748055,0.01,False,,,14,no exact8 plane survived
1259.0,57.80477393076003,0.01,False,,,14,no exact8 plane survived
1260.0,44.77100098619655,0.01,False,,,14,no exact8 plane survived
1261.0,46.46326220756213,0.01,False,,,14,no exact8 plane survived
1263.0,29.660764746864363,0.01,False,,,14,no exact8 plane survived
1264.0,31.36623547493247,0.01,False,,,14,no exact8 plane survived
1265.0,15.154195970202837,0.01,False,,,15,no valid outer-layer seed pairs
1268.0,8.211206666278112,0.01,False,,,15,no valid outer-layer seed pairs
1269.0,20.251692066221725,0.01,False,,,15,no exact8 plane survived
1270.0,11.268762433629435,0.01,False,,,15,no valid outer-layer seed pairs
1273.0,13.047206206651506,0.01,False,,,15,no valid outer-layer seed pairs
1274.0,32.27397365143978,0.01,False,,,15,no exact8 plane survived
1275.0,20.37725361480373,0.01,False,,,15,no exact8 plane survived
1276.0,15.64100065885497,0.01,False,,,15,no valid outer-layer seed pairs
1277.0,13.899131126980466,0.01,False,,,15,no valid outer-layer seed pairs
1278.0,95.97739772701738,0.01,False,,,14,no exact8 plane survived
1279.0,21.20339911734909,0.01,False,,,15,no exact8 plane survived
1281.0,54.65286797073029,0.01,False,,,14,no exact8 plane survived
1282.0,95.43924207500112,0.01,False,,,14,no exact8 plane survived
1283.0,22.814677150504487,0.01,False,,,15,no exact8 plane survived
1284.0,31.48563755127132,0.01,False,,,14,no exact8 plane survived
1285.0,17.915975114846017,0.01,False,,,15,no valid outer-layer seed pairs
1286.0,26.052193982285527,0.01,False,,,15,no exact8 plane survived
1287.0,58.55879361323447,0.01,False,,,14,no exact8 plane survived
1288.0,15.194348158532788,0.01,False,,,15,no valid outer-layer seed pairs
1289.0,71.59416032149599,0.01,False,,,14,no exact8 plane survived
1291.0,15.234552425275217,0.01,False,,,15,no valid outer-layer seed pairs
1292.0,46.268856953899046,0.01,False,,,14,no exact8 plane survived
1293.0,10.241943344148424,0.01,False,,,15,no valid outer-layer seed pairs
1294.0,26.955278799667084,0.01,False,,,15,no exact8 plane survived
1295.0,16.734509741758263,0.01,False,,,15,no valid outer-layer seed pairs
1297.0,39.95492400882837,0.01,False,,,14,no exact8 plane survived
1298.0,55.56764836466642,0.01,False,,,14,no exact8 plane survived
1299.0,20.690060678329186,0.01,False,,,15,no exact8 plane survived
1300.0,96.59906953583524,0.01,False,,,14,no exact8 plane survived
1302.0,27.043132482969384,0.01,False,,,15,no exact8 plane survived
1303.0,14.957697450618562,0.01,False,,,15,no valid outer-layer seed pairs
1305.0,14.222781562625112,0.01,False,,,15,no valid outer-layer seed pairs
1306.0,26.501903682994737,0.01,False,,,15,no exact8 plane survived
1307.0,29.89187160804943,0.01,False,,,15,no exact8 plane survived
1308.0,16.370080430315653,0.01,False,,,15,no valid outer-layer seed pairs
1309.0,23.52547685157916,0.01,False,,,15,no exact8 plane survived
1312.0,11.4561783270076,0.01,False,,,15,no valid outer-layer seed pairs
1313.0,18.59046186210646,0.01,False,,,15,no valid outer-layer seed pairs
1316.0,23.71132353821482,0.01,False,,,15,no exact8 plane survived
1317.0,12.630969656297516,0.01,False,,,15,no valid outer-layer seed pairs
1318.0,20.126490744523498,0.01,False,,,15,no exact8 plane survived
1319.0,44.91876906584696,0.01,False,,,14,no exact8 plane survived
1320.0,23.922200233252056,0.01,False,,,15,no exact8 plane survived
1321.0,23.31891580748853,0.01,False,,,15,no exact8 plane survived
1322.0,102.56668876664476,0.01,False,,,14,no exact8 plane survived
1326.0,14.411768340464144,0.01,False,,,15,no valid outer-layer seed pairs
1327.0,76.39139455027421,0.01,False,,,14,no exact8 plane survived
1328.0,5.855595815053391,0.01,False,,,15,no valid outer-layer seed pairs
1329.0,29.28207202476117,0.01,False,,,15,no exact8 plane survived
1331.0,18.48962107050154,0.01,False,,,15,no valid outer-layer seed pairs
1332.0,15.693240584366938,0.01,False,,,15,no valid outer-layer seed pairs
1333.0,9.607884657005068,0.01,False,,,15,no valid outer-layer seed pairs
1334.0,13.887391933033042,0.01,False,,,15,no valid outer-layer seed pairs
1338.0,12.607374742348703,0.01,False,,,15,no valid outer-layer seed pairs
1339.0,17.455338625553274,0.01,False,,,15,no valid outer-layer seed pairs
1342.0,19.958145612517107,0.01,False,,,15,no exact8 plane survived
1344.0,88.44705575330443,0.01,False,,,14,no exact8 plane survived
1346.0,3.6911434936237,0.01,False,,,16,no valid outer-layer seed pairs
1351.0,19.689012727667983,0.01,False,,,15,no exact8 plane survived
1352.0,18.962253571126297,0.01,False,,,15,no exact8 plane survived
1353.0,13.405726161719368,0.01,False,,,15,no valid outer-layer seed pairs
1354.0,11.636628366562638,0.01,False,,,15,no valid outer-layer seed pairs
1355.0,14.099326149744735,0.01,False,,,15,no valid outer-layer seed pairs
1356.0,36.39388429306605,0.01,False,,,15,no exact8 plane survived
1357.0,13.737137606998289,0.01,False,,,15,no valid outer-layer seed pairs
1358.0,13.521379503700958,0.01,False,,,15,no valid outer-layer seed pairs
1360.0,15.646914646387955,0.01,False,,,15,no valid outer-layer seed pairs
1363.0,16.62113446366154,0.01,False,,,15,no valid outer-layer seed pairs
1365.0,80.41239306477047,0.01,False,,,14,no exact8 plane survived
1366.0,21.35641254069841,0.01,False,,,15,no exact8 plane survived
1367.0,16.09789916760482,0.01,False,,,15,no valid outer-layer seed pairs
1368.0,28.149717294983244,0.01,False,,,15,no exact8 plane survived
1369.0,39.04848253240629,0.01,False,,,14,no exact8 plane survived
1371.0,31.94805009799952,0.01,False,,,14,no exact8 plane survived
1373.0,84.51370964450689,0.01,False,,,14,no exact8 plane survived
1375.0,11.819911083573537,0.01,False,,,15,no valid outer-layer seed pairs
1377.0,21.88449370995512,0.01,False,,,15,no exact8 plane survived
1378.0,9.589780447383578,0.01,False,,,15,no valid outer-layer seed pairs
1379.0,61.145437813845525,0.01,False,,,14,no exact8 plane survived
1380.0,57.78180070992331,0.01,False,,,14,no exact8 plane survived
1381.0,16.25526186151875,0.01,False,,,15,no valid outer-layer seed pairs
1382.0,43.26609596703688,0.01,False,,,14,no exact8 plane survived
1383.0,34.56160719269873,0.01,False,,,15,no exact8 plane survived
1385.0,19.37563763994816,0.01,False,,,15,no exact8 plane survived
1388.0,14.83636104041939,0.01,False,,,15,no valid outer-layer seed pairs
1389.0,12.309716725053583,0.01,False,,,15,no valid outer-layer seed pairs
1390.0,29.93032052039938,0.01,False,,,14,no exact8 plane survived
1391.0,13.177721432359114,0.01,False,,,15,no valid outer-layer seed pairs
1392.0,29.11494056215376,0.01,False,,,15,no exact8 plane survived
1394.0,16.366402097461457,0.01,False,,,15,no valid outer-layer seed pairs
1395.0,14.493029856555212,0.01,False,,,15,no valid outer-layer seed pairs
1396.0,24.86572005835725,0.01,False,,,15,no exact8 plane survived
1397.0,11.004387600131327,0.01,False,,,15,no valid outer-layer seed pairs
1399.0,10.598559618110103,0.01,False,,,15,no valid outer-layer seed pairs
1400.0,12.927067030631129,0.01,False,,,15,no valid outer-layer seed pairs
1401.0,32.83734913329235,0.01,False,,,15,no exact8 plane survived
1403.0,25.15122797219557,0.01,False,,,15,no exact8 plane survived
1404.0,5.660457689949121,0.01,False,,,15,no valid outer-layer seed pairs
1406.0,12.248980806027252,0.01,False,,,15,no valid outer-layer seed pairs
1407.0,87.11842771279856,0.01,False,,,14,no exact8 plane survived
1408.0,25.78631747310819,0.01,False,,,15,no exact8 plane survived
1409.0,18.334184459421163,0.01,False,,,15,no valid outer-layer seed pairs
1410.0,11.821491134748364,0.01,False,,,15,no valid outer-layer seed pairs
1411.0,32.75845702064614,0.01,False,,,15,no exact8 plane survived
1412.0,11.662018474570996,0.01,False,,,15,no valid outer-layer seed pairs
1413.0,17.456859240049013,0.01,False,,,15,no valid outer-layer seed pairs
1415.0,22.154048715970795,0.01,False,,,15,no exact8 plane survived
1416.0,9.92938726292507,0.01,False,,,15,no valid outer-layer seed pairs
1417.0,36.93093873677936,0.01,False,,,15,no exact8 plane survived
1418.0,20.29388087046031,0.01,False,,,15,no exact8 plane survived
1419.0,13.798671859254798,0.01,False,,,15,no valid outer-layer seed pairs
1420.0,30.21760880878664,0.01,False,,,15,no exact8 plane survived
1423.0,29.21469771415784,0.01,False,,,15,no exact8 plane survived
1424.0,21.01728157007258,0.01,False,,,15,no exact8 plane survived
1429.0,18.11331889533532,0.01,False,,,15,no valid outer-layer seed pairs
1430.0,5.269116525551861,0.01,False,,,16,no valid outer-layer seed pairs
1431.0,23.9068721605291,0.01,False,,,15,no exact8 plane survived
1432.0,15.55780911573015,0.01,False,,,15,no valid outer-layer seed pairs
1433.0,21.7973579410032,0.01,False,,,15,no exact8 plane survived
1434.0,22.7252899593863,0.01,False,,,15,no exact8 plane survived
1435.0,16.22801570085041,0.01,False,,,15,no valid outer-layer seed pairs
1436.0,10.173526473965252,0.01,False,,,15,no valid outer-layer seed pairs
1437.0,60.0479674419004,0.01,False,,,14,no exact8 plane survived
1438.0,87.9893344845337,0.01,False,,,14,no exact8 plane survived
1439.0,11.844618409881718,0.01,False,,,15,no valid outer-layer seed pairs
1440.0,27.65703846118737,0.01,False,,,15,no exact8 plane survived
1443.0,19.125024551156454,0.01,False,,,15,no exact8 plane survived
1444.0,24.423954854517174,0.01,False,,,15,no exact8 plane survived
1446.0,22.501769814723463,0.01,False,,,15,no exact8 plane survived
1447.0,27.1197075764507,0.01,False,,,15,no exact8 plane survived
1449.0,19.985471049028632,0.01,False,,,15,no exact8 plane survived
1450.0,18.043405194370337,0.01,False,,,15,no valid outer-layer seed pairs
1451.0,12.624188912210204,0.01,False,,,15,no valid outer-layer seed pairs
1452.0,18.56870983981988,0.01,False,,,15,no valid outer-layer seed pairs
1453.0,15.216917070571837,0.01,False,,,15,no valid outer-layer seed pairs
1454.0,20.81356870217872,0.01,False,,,15,no exact8 plane survived
1455.0,17.76747090674812,0.01,False,,,15,no valid outer-layer seed pairs
1456.0,118.07788489881275,0.01,False,,,14,no exact8 plane survived
1458.0,10.953746366959942,0.01,False,,,15,no valid outer-layer seed pairs
1459.0,28.29312709625866,0.01,False,,,15,no exact8 plane survived
1460.0,29.56440996774682,0.01,False,,,15,no exact8 plane survived
1461.0,123.17007054047276,0.01,False,,,14,no exact8 plane survived
1462.0,33.47258452957415,0.01,False,,,14,no exact8 plane survived
1463.0,15.073722679498706,0.01,False,,,15,no valid outer-layer seed pairs
1465.0,110.22889800406892,0.01,False,,,14,no exact8 plane survived
1466.0,21.419320830637545,0.01,False,,,15,no exact8 plane survived
1467.0,43.284971099842735,0.01,False,,,14,no exact8 plane survived
1468.0,10.896631464896531,0.01,False,,,15,no valid outer-layer seed pairs
1470.0,11.440987825029962,0.01,False,,,15,no valid outer-layer seed pairs
1473.0,115.01899571750052,0.01,False,,,14,no exact8 plane survived
1474.0,16.348071914952552,0.01,False,,,15,no valid outer-layer seed pairs
1476.0,155.95732104703308,0.01,False,,,14,no exact8 plane survived
1477.0,14.874692200371856,0.01,False,,,15,no valid outer-layer seed pairs
1478.0,27.84229830044928,0.01,False,,,15,no exact8 plane survived
1479.0,40.859317105757775,0.01,False,,,14,no exact8 plane survived
1480.0,46.15409643337232,0.01,False,,,14,no exact8 plane survived
1481.0,33.35659284746061,0.01,False,,,15,no exact8 plane survived
1483.0,47.78418198652555,0.01,False,,,14,no exact8 plane survived
1485.0,14.871770623385714,0.01,False,,,15,no valid outer-layer seed pairs
1486.0,13.890940664310484,0.01,False,,,15,no valid outer-layer seed pairs
1487.0,15.167427488715145,0.01,False,,,15,no valid outer-layer seed pairs
1488.0,69.82371349760588,0.01,False,,,14,no exact8 plane survived
1489.0,10.358727308695068,0.01,False,,,15,no valid outer-layer seed pairs
1490.0,32.396189111030345,0.01,False,,,15,no exact8 plane survived
1494.0,15.4118314658229,0.01,False,,,15,no valid outer-layer seed pairs
1495.0,30.835298556913,0.01,False,,,15,no exact8 plane survived
1497.0,66.75112943888054,0.01,False,,,14,no exact8 plane survived
1498.0,15.9401415259985,0.01,False,,,15,no valid outer-layer seed pairs
1500.0,17.69518820027483,0.01,False,,,15,no valid outer-layer seed pairs
1501.0,16.65440648754325,0.01,False,,,15,no valid outer-layer seed pairs
1502.0,14.784158755298607,0.01,False,,,15,no valid outer-layer seed pairs
1503.0,12.293526240969898,0.01,False,,,15,no valid outer-layer seed pairs
1504.0,15.075637078135932,0.01,False,,,15,no valid outer-layer seed pairs
1506.0,13.375649367042886,0.01,False,,,15,no valid outer-layer seed pairs
1507.0,49.80992366444456,0.01,False,,,14,no exact8 plane survived
1510.0,16.3475351114501,0.01,False,,,15,no valid outer-layer seed pairs
1511.0,26.242388414955894,0.01,False,,,15,no exact8 plane survived
1512.0,22.34637359395208,0.01,False,,,15,no exact8 plane survived
1513.0,11.428438283759876,0.01,False,,,15,no valid outer-layer seed pairs
1514.0,14.58978508115049,0.01,False,,,15,no valid outer-layer seed pairs
1515.0,22.68670138787064,0.01,False,,,15,no exact8 plane survived
1518.0,64.84381667032888,0.01,False,,,14,no exact8 plane survived
1519.0,12.465746435593331,0.01,False,,,15,no valid outer-layer seed pairs
1520.0,16.05356718705818,0.01,False,,,15,no valid outer-layer seed pairs
1523.0,9.28467309220072,0.01,False,,,15,no valid outer-layer seed pairs
1524.0,22.645433539362507,0.01,False,,,15,no exact8 plane survived
1525.0,63.44159649775841,0.01,False,,,14,no exact8 plane survived
1530.0,2.1860972126873475,0.01,False,,,16,no valid outer-layer seed pairs
1531.0,11.698330149964477,0.01,False,,,15,no valid outer-layer seed pairs
1532.0,14.427696764750902,0.01,False,,,15,no valid outer-layer seed pairs
1533.0,21.128004414586936,0.01,False,,,15,no exact8 plane survived
1534.0,10.425310650870822,0.01,False,,,15,no valid outer-layer seed pairs
1535.0,42.3897852677345,0.01,False,,,14,no exact8 plane survived
1536.0,16.525527718547536,0.01,False,,,15,no valid outer-layer seed pairs
1537.0,14.634935729512176,0.01,False,,,15,no valid outer-layer seed pairs
1538.0,20.84481972638144,0.01,False,,,15,no exact8 plane survived
1540.0,67.45754755273568,0.01,False,,,14,no exact8 plane survived
1541.0,44.20186789309992,0.01,False,,,14,no exact8 plane survived
1543.0,11.008831958925546,0.01,False,,,15,no valid outer-layer seed pairs
1545.0,27.47194068598085,0.01,False,,,15,no exact8 plane survived
1546.0,14.659078339267756,0.01,False,,,15,no valid outer-layer seed pairs
1547.0,18.88256837328936,0.01,False,,,15,no exact8 plane survived
1548.0,27.450215547880823,0.01,False,,,15,no exact8 plane survived
1549.0,23.386320220150616,0.01,False,,,15,no exact8 plane survived
1550.0,18.07717329097177,0.01,False,,,15,no valid outer-layer seed pairs
1551.0,17.90025065110293,0.01,False,,,15,no valid outer-layer seed pairs
1552.0,13.615889954069935,0.01,False,,,15,no valid outer-layer seed pairs
1553.0,11.795292305318606,0.01,False,,,15,no valid outer-layer seed pairs
1554.0,22.28073059050378,0.01,False,,,15,no exact8 plane survived
1555.0,34.57166584596496,0.01,False,,,15,no exact8 plane survived
1557.0,26.66542849729408,0.01,False,,,15,no exact8 plane survived
1559.0,27.579828619199844,0.01,False,,,14,no exact8 plane survived
1560.0,25.293773182279622,0.01,False,,,15,no exact8 plane survived
1561.0,18.36569561549947,0.01,False,,,15,no valid outer-layer seed pairs
1562.0,34.579615940455106,0.01,False,,,14,no exact8 plane survived
1563.0,10.669026053379913,0.01,False,,,15,no valid outer-layer seed pairs
1564.0,20.01725166955633,0.01,False,,,15,no exact8 plane survived
1565.0,13.631606395755782,0.01,False,,,15,no valid outer-layer seed pairs
1567.0,15.009677393895394,0.01,False,,,15,no valid outer-layer seed pairs
1571.0,11.902442330368917,0.01,False,,,15,no valid outer-layer seed pairs
1572.0,74.56889906308244,0.01,False,,,14,no exact8 plane survived
1574.0,16.02010399969007,0.01,False,,,15,no valid outer-layer seed pairs
1575.0,20.59597519704612,0.01,False,,,15,no exact8 plane survived
1576.0,37.66922568288123,0.01,False,,,14,no exact8 plane survived
1577.0,14.458918998512525,0.01,False,,,15,no valid outer-layer seed pairs
1578.0,47.41411179813097,0.01,False,,,14,no exact8 plane survived
1579.0,13.28355877952383,0.01,False,,,15,no valid outer-layer seed pairs
1581.0,11.734423342042753,0.01,False,,,15,no valid outer-layer seed pairs
1582.0,15.738046630776466,0.01,False,,,15,no valid outer-layer seed pairs
1584.0,10.6488990829601,0.01,False,,,15,no valid outer-layer seed pairs
1585.0,26.786103022901177,0.01,False,,,15,no exact8 plane survived
1586.0,39.72182718236724,0.01,False,,,15,no exact8 plane survived
1587.0,35.25566957969741,0.01,False,,,14,no exact8 plane survived
1588.0,12.497313160770616,0.01,False,,,15,no valid outer-layer seed pairs
1589.0,14.074005725850608,0.01,False,,,15,no valid outer-layer seed pairs
1590.0,16.73135677731567,0.01,False,,,15,no valid outer-layer seed pairs
1591.0,11.16309177719445,0.01,False,,,15,no valid outer-layer seed pairs
1592.0,48.27855000412638,0.01,False,,,14,no exact8 plane survived
1593.0,13.546173919747758,0.01,False,,,15,no valid outer-layer seed pairs
1594.0,104.62751396663882,0.01,False,,,14,no exact8 plane survived
1595.0,10.602518313552316,0.01,False,,,15,no valid outer-layer seed pairs
1596.0,47.434482165406365,0.01,False,,,14,no exact8 plane survived
1597.0,29.73076835633909,0.01,False,,,15,no exact8 plane survived
1599.0,66.66438206164247,0.01,False,,,14,no exact8 plane survived
1601.0,11.16839153298932,0.01,False,,,15,no valid outer-layer seed pairs
1602.0,76.3180600471871,0.01,False,,,14,no exact8 plane survived
1603.0,48.87990106755476,0.01,False,,,14,no exact8 plane survived
1605.0,19.2422015719833,0.01,False,,,15,no exact8 plane survived
1606.0,20.08572675916149,0.01,False,,,15,no exact8 plane survived
1607.0,14.390286303125809,0.01,False,,,15,no valid outer-layer seed pairs
1609.0,15.98231636750727,0.01,False,,,15,no valid outer-layer seed pairs
1610.0,139.56991066346478,0.01,False,,,14,no exact8 plane survived
1611.0,48.37802532646486,0.01,False,,,15,no exact8 plane survived
1612.0,11.411742091626737,0.01,False,,,15,no valid outer-layer seed pairs
1613.0,40.464566140927,0.01,False,,,15,no exact8 plane survived
1614.0,41.45829775250208,0.01,False,,,14,no exact8 plane survived
1615.0,11.361119375061552,0.01,False,,,15,no valid outer-layer seed pairs
1616.0,8.1377079091528,0.01,False,,,15,no valid outer-layer seed pairs
1617.0,25.09452690846388,0.01,False,,,15,no exact8 plane survived
1618.0,25.40346077034492,0.01,False,,,15,no exact8 plane survived
1620.0,34.55570941865187,0.01,False,,,15,no exact8 plane survived
1621.0,118.0461513439302,0.01,False,,,14,no exact8 plane survived
1622.0,23.326763276926897,0.01,False,,,15,no exact8 plane survived
1623.0,67.31393789691383,0.01,False,,,14,no exact8 plane survived
1624.0,56.12085566254781,0.01,False,,,14,no exact8 plane survived
1625.0,16.591766939083517,0.01,False,,,15,no valid outer-layer seed pairs
1626.0,9.28563273530815,0.01,False,,,15,no valid outer-layer seed pairs
1627.0,18.086669376316014,0.01,False,,,15,no valid outer-layer seed pairs
1629.0,15.951020828605452,0.01,False,,,15,no valid outer-layer seed pairs
1630.0,18.70513559267584,0.01,False,,,15,no exact8 plane survived
1631.0,12.66679468619297,0.01,False,,,15,no valid outer-layer seed pairs
1633.0,13.77026229295448,0.01,False,,,15,no valid outer-layer seed pairs
1634.0,15.647176867700004,0.01,False,,,15,no valid outer-layer seed pairs
1635.0,39.839502106958456,0.01,False,,,14,no exact8 plane survived
1636.0,15.108448436573022,0.01,False,,,15,no valid outer-layer seed pairs
1637.0,30.777447345550065,0.01,False,,,14,no exact8 plane survived
1640.0,17.674434421276732,0.01,False,,,15,no valid outer-layer seed pairs
1641.0,24.796648765177,0.01,False,,,15,no exact8 plane survived
1642.0,19.85491466619301,0.01,False,,,15,no exact8 plane survived
1645.0,35.14954288876674,0.01,False,,,14,no exact8 plane survived
1646.0,23.712967363174943,0.01,False,,,15,no exact8 plane survived
1647.0,42.14647219955181,0.01,False,,,14,no exact8 plane survived
1648.0,42.50931924773551,0.01,False,,,14,no exact8 plane survived
1650.0,70.91975648077828,0.01,False,,,14,no exact8 plane survived
1651.0,12.63775341031778,0.01,False,,,15,no valid outer-layer seed pairs
1654.0,14.596141507266967,0.01,False,,,15,no valid outer-layer seed pairs
1655.0,16.93032425080262,0.01,False,,,15,no valid outer-layer seed pairs
1656.0,46.09039374862533,0.01,False,,,14,no exact8 plane survived
1657.0,76.7167287291821,0.01,False,,,14,no exact8 plane survived
1658.0,17.349463911169767,0.01,False,,,15,no valid outer-layer seed pairs
1659.0,11.197630807206425,0.01,False,,,15,no valid outer-layer seed pairs
1660.0,21.66994570994112,0.01,False,,,15,no exact8 plane survived
1663.0,13.03258069541541,0.01,False,,,15,no valid outer-layer seed pairs
1665.0,22.9639595548274,0.01,False,,,15,no exact8 plane survived
1667.0,12.13698438481985,0.01,False,,,15,no valid outer-layer seed pairs
1668.0,23.887854429626024,0.01,False,,,15,no exact8 plane survived
1671.0,33.843404181070404,0.01,False,,,15,no exact8 plane survived
1672.0,29.503972456763503,0.01,False,,,15,no exact8 plane survived
1673.0,54.18120325343057,0.01,False,,,14,no exact8 plane survived
1674.0,28.283019782745296,0.01,False,,,15,no exact8 plane survived
1676.0,72.75227085082066,0.01,False,,,14,no exact8 plane survived
1677.0,22.80326524801324,0.01,False,,,15,no exact8 plane survived
1679.0,56.082160282939626,0.01,False,,,14,no exact8 plane survived
1680.0,41.24923301475666,0.01,False,,,14,no exact8 plane survived
1682.0,46.10203841483174,0.01,False,,,14,no exact8 plane survived
1685.0,29.329103368760176,0.01,False,,,15,no exact8 plane survived
1686.0,39.616527885786255,0.01,False,,,15,no exact8 plane survived
1687.0,11.17219311621624,0.01,False,,,15,no valid outer-layer seed pairs
1688.0,26.549955225273667,0.01,False,,,15,no exact8 plane survived
1689.0,16.994467804661696,0.01,False,,,15,no valid outer-layer seed pairs
1690.0,31.34664903719937,0.01,False,,,15,no exact8 plane survived
1691.0,14.90089581350643,0.01,False,,,15,no valid outer-layer seed pairs
1692.0,14.865891778727974,0.01,False,,,15,no valid outer-layer seed pairs
1693.0,11.63990873087108,0.01,False,,,15,no valid outer-layer seed pairs
1694.0,11.078865186582895,0.01,False,,,15,no valid outer-layer seed pairs
1695.0,15.402302288461202,0.01,False,,,15,no valid outer-layer seed pairs
1696.0,25.39816190973983,0.01,False,,,15,no exact8 plane survived
1698.0,38.12468553743542,0.01,False,,,15,no exact8 plane survived
1700.0,43.71898655277177,0.01,False,,,14,no exact8 plane survived
1701.0,28.67679296939672,0.01,False,,,15,no exact8 plane survived
1702.0,12.279938604771369,0.01,False,,,15,no valid outer-layer seed pairs
1703.0,62.45207207038482,0.01,False,,,14,no exact8 plane survived
1704.0,18.60515103461584,0.01,False,,,15,no valid outer-layer seed pairs
1705.0,26.792875722141822,0.01,False,,,15,no exact8 plane survived
1706.0,103.9301422901432,0.01,False,,,14,no exact8 plane survived
1707.0,12.208537974012946,0.01,False,,,15,no valid outer-layer seed pairs
1708.0,21.04119719055289,0.01,False,,,15,no exact8 plane survived
1709.0,37.70480732430679,0.01,False,,,14,no exact8 plane survived
1710.0,28.4922024377916,0.01,False,,,15,no exact8 plane survived
1711.0,42.56949250261623,0.01,False,,,14,no exact8 plane survived
1712.0,63.47143577000759,0.01,False,,,14,no exact8 plane survived
1713.0,22.5044389353628,0.01,False,,,15,no exact8 plane survived
1714.0,10.094181251189644,0.01,False,,,15,no valid outer-layer seed pairs
1715.0,44.718418919588935,0.01,False,,,14,no exact8 plane survived
1716.0,6.06788614974173,0.01,False,,,15,no valid outer-layer seed pairs
1718.0,23.28606936809184,0.01,False,,,15,no exact8 plane survived
1720.0,53.06561759329527,0.01,False,,,14,no exact8 plane survived
1721.0,60.32830208947415,0.01,False,,,14,no exact8 plane survived
1722.0,25.457810924722207,0.01,False,,,15,no exact8 plane survived
1723.0,21.0365396629136,0.01,False,,,15,no exact8 plane survived
1724.0,13.05137921965437,0.01,False,,,15,no valid outer-layer seed pairs
1726.0,11.40139750529237,0.01,False,,,15,no valid outer-layer seed pairs
1727.0,18.2993446823836,0.01,False,,,15,no valid outer-layer seed pairs
1728.0,18.115397891564275,0.01,False,,,15,no valid outer-layer seed pairs
1730.0,31.52617618163493,0.01,False,,,14,no exact8 plane survived
1731.0,54.79603835182609,0.01,False,,,14,no exact8 plane survived
1732.0,19.72184364479013,0.01,False,,,15,no exact8 plane survived
1733.0,13.93675447821532,0.01,False,,,15,no valid outer-layer seed pairs
1734.0,14.08899379982508,0.01,False,,,15,no valid outer-layer seed pairs
1735.0,55.419743813690985,0.01,False,,,14,no exact8 plane survived
1737.0,16.532670334759768,0.01,False,,,15,no valid outer-layer seed pairs
1739.0,10.385391401792187,0.01,False,,,15,no valid outer-layer seed pairs
1740.0,12.93560449759616,0.01,False,,,15,no valid outer-layer seed pairs
1741.0,12.73520091233351,0.01,False,,,15,no valid outer-layer seed pairs
1744.0,29.88455349978636,0.01,False,,,14,no exact8 plane survived
1745.0,23.287936897190978,0.01,False,,,15,no exact8 plane survived
1746.0,33.741840695579825,0.01,False,,,14,no exact8 plane survived
1747.0,10.891905827714076,0.01,False,,,15,no valid outer-layer seed pairs
1748.0,16.578640952486378,0.01,False,,,15,no valid outer-layer seed pairs
1749.0,55.16299731996184,0.01,False,,,14,no exact8 plane survived
1750.0,11.25500483268067,0.01,False,,,15,no valid outer-layer seed pairs
1751.0,16.178994780149438,0.01,False,,,15,no valid outer-layer seed pairs
1752.0,80.10407541307323,0.01,False,,,14,no exact8 plane survived
1753.0,20.04094640079619,0.01,False,,,15,no exact8 plane survived
1755.0,11.217773206458116,0.01,False,,,15,no valid outer-layer seed pairs
1756.0,9.870591504438638,0.01,False,,,15,no valid outer-layer seed pairs
1757.0,16.484591843689483,0.01,False,,,15,no valid outer-layer seed pairs
1758.0,29.373618901678466,0.01,False,,,15,no exact8 plane survived
1759.0,17.4275504251648,0.01,False,,,15,no valid outer-layer seed pairs
1760.0,16.779961274891082,0.01,False,,,15,no valid outer-layer seed pairs
1761.0,12.449311672929449,0.01,False,,,15,no valid outer-layer seed pairs
1763.0,86.70772435129328,0.01,False,,,14,no exact8 plane survived
1765.0,80.15746195894904,0.01,False,,,14,no exact8 plane survived
1767.0,26.171804490991786,0.01,False,,,15,no exact8 plane survived
1768.0,33.23787237237017,0.01,False,,,14,no exact8 plane survived
1770.0,13.786668722223965,0.01,False,,,15,no valid outer-layer seed pairs
1771.0,60.86283103033213,0.01,False,,,14,no exact8 plane survived
1772.0,24.61521380166676,0.01,False,,,15,no exact8 plane survived
1773.0,19.555351698223348,0.01,False,,,15,no exact8 plane survived
1774.0,39.26386329050117,0.01,False,,,15,no exact8 plane survived
1777.0,13.37477062545066,0.01,False,,,15,no valid outer-layer seed pairs
1778.0,73.14946580950668,0.01,False,,,14,no exact8 plane survived
1780.0,15.361793793994256,0.01,False,,,15,no valid outer-layer seed pairs
1781.0,14.385375533564783,0.01,False,,,15,no valid outer-layer seed pairs
1782.0,65.89793122956567,0.01,False,,,14,no exact8 plane survived
1783.0,23.032507435355427,0.01,False,,,15,no exact8 plane survived
1784.0,35.81742100602615,0.01,False,,,15,no exact8 plane survived
1785.0,81.42871289975373,0.01,False,,,14,no exact8 plane survived
1786.0,84.11087775842464,0.01,False,,,14,no exact8 plane survived
1787.0,22.74160114383654,0.01,False,,,15,no exact8 plane survived
1788.0,16.304270673012383,0.01,False,,,15,no valid outer-layer seed pairs
1789.0,17.64675606110191,0.01,False,,,15,no valid outer-layer seed pairs
1791.0,24.738952583499067,0.01,False,,,15,no exact8 plane survived
1792.0,12.63423158910996,0.01,False,,,15,no valid outer-layer seed pairs
1794.0,10.112027919057,0.01,False,,,15,no valid outer-layer seed pairs
1795.0,14.242619020979578,0.01,False,,,15,no valid outer-layer seed pairs
1797.0,59.5808455138322,0.01,False,,,14,no exact8 plane survived
1800.0,9.063657499463678,0.01,False,,,15,no valid outer-layer seed pairs
1801.0,31.4375084614764,0.01,False,,,15,no exact8 plane survived
1802.0,55.24661011880542,0.01,False,,,14,no exact8 plane survived
1804.0,47.18220134979631,0.01,False,,,14,no exact8 plane survived
1805.0,24.989118780083,0.01,False,,,15,no exact8 plane survived
1806.0,17.004058471836363,0.01,False,,,15,no valid outer-layer seed pairs
1807.0,11.192063403002244,0.01,False,,,15,no valid outer-layer seed pairs
1808.0,19.045395823134363,0.01,False,,,15,no exact8 plane survived
1809.0,15.959344671553518,0.01,False,,,15,no valid outer-layer seed pairs
1810.0,26.39200846462621,0.01,False,,,15,no exact8 plane survived
1811.0,21.24642372040096,0.01,False,,,15,no exact8 plane survived
1812.0,19.571711357397053,0.01,False,,,15,no exact8 plane survived
1815.0,31.80400848537723,0.01,False,,,15,no exact8 plane survived
1816.0,11.11177687094517,0.01,False,,,15,no valid outer-layer seed pairs
1817.0,10.771583806276643,0.01,False,,,15,no valid outer-layer seed pairs
1818.0,14.307755254064254,0.01,False,,,15,no valid outer-layer seed pairs
1820.0,25.03019212925956,0.01,False,,,15,no exact8 plane survived
1821.0,22.18449255653231,0.01,False,,,15,no exact8 plane survived
1822.0,29.68432212212912,0.01,False,,,15,no exact8 plane survived
1823.0,85.48964129795402,0.01,False,,,14,no exact8 plane survived
1825.0,22.094722011743848,0.01,False,,,15,no exact8 plane survived
1828.0,18.148117430765144,0.01,False,,,15,no valid outer-layer seed pairs
1829.0,12.953282069583777,0.01,False,,,15,no valid outer-layer seed pairs
1831.0,11.359691022628208,0.01,False,,,15,no valid outer-layer seed pairs
1837.0,14.284047515186348,0.01,False,,,15,no valid outer-layer seed pairs
1838.0,21.377438339147464,0.01,False,,,15,no exact8 plane survived
1839.0,17.025044662933183,0.01,False,,,15,no valid outer-layer seed pairs
1840.0,12.342431290286717,0.01,False,,,15,no valid outer-layer seed pairs
1841.0,11.445447105089992,0.01,False,,,15,no valid outer-layer seed pairs
1842.0,10.315624663492914,0.01,False,,,15,no valid outer-layer seed pairs
1843.0,34.764059123620555,0.01,False,,,15,no exact8 plane survived
1845.0,42.06474720977669,0.01,False,,,14,no exact8 plane survived
1846.0,26.004441871295583,0.01,False,,,15,no exact8 plane survived
1848.0,32.973334280907444,0.01,False,,,15,no exact8 plane survived
1849.0,18.038397279258987,0.01,False,,,15,no valid outer-layer seed pairs
1850.0,19.391429788703377,0.01,False,,,15,no exact8 plane survived
1851.0,30.436162874673265,0.01,False,,,14,no exact8 plane survived
1852.0,9.859775753386698,0.01,False,,,15,no valid outer-layer seed pairs
1853.0,83.06459214632417,0.01,False,,,14,no exact8 plane survived
1854.0,27.43021347486073,0.01,False,,,15,no exact8 plane survived
1855.0,34.00348142799371,0.01,False,,,15,no exact8 plane survived
1856.0,28.37913248050318,0.01,False,,,15,no exact8 plane survived
1860.0,21.85679828246152,0.01,False,,,15,no exact8 plane survived
1862.0,11.278541315050838,0.01,False,,,15,no valid outer-layer seed pairs
1863.0,32.24504664033954,0.01,False,,,14,no exact8 plane survived
1866.0,20.747056780440644,0.01,False,,,15,no exact8 plane survived
1867.0,11.778181033659076,0.01,False,,,15,no valid outer-layer seed pairs
1868.0,41.143618277827,0.01,False,,,14,no exact8 plane survived
1869.0,15.547783608103222,0.01,False,,,15,no valid outer-layer seed pairs
1871.0,11.81348245532805,0.01,False,,,15,no valid outer-layer seed pairs
1872.0,11.960270385943108,0.01,False,,,15,no valid outer-layer seed pairs
1874.0,16.218446879694707,0.01,False,,,15,no valid outer-layer seed pairs
1875.0,21.004338665696515,0.01,False,,,15,no exact8 plane survived
1876.0,17.522256814053538,0.01,False,,,15,no valid outer-layer seed pairs
1878.0,17.176913531651888,0.01,False,,,15,no valid outer-layer seed pairs
1879.0,28.69569706747124,0.01,False,,,15,no exact8 plane survived
1880.0,29.794161385511927,0.01,False,,,15,no exact8 plane survived
1881.0,47.56645363007064,0.01,False,,,15,no exact8 plane survived
1882.0,42.15329957615872,0.01,False,,,14,no exact8 plane survived
1885.0,24.07615777071252,0.01,False,,,15,no exact8 plane survived
1886.0,11.205067405538466,0.01,False,,,15,no valid outer-layer seed pairs
1887.0,63.11666157934104,0.01,False,,,14,no exact8 plane survived
1888.0,27.71864949475496,0.01,False,,,15,no exact8 plane survived
1889.0,17.943300085417192,0.01,False,,,15,no valid outer-layer seed pairs
1890.0,48.90459099241278,0.01,False,,,14,no exact8 plane survived
1891.0,44.679819463360026,0.01,False,,,14,no exact8 plane survived
1892.0,18.06236263904672,0.01,False,,,15,no valid outer-layer seed pairs
1893.0,10.856884342352938,0.01,False,,,15,no valid outer-layer seed pairs
1894.0,11.96748017178572,0.01,False,,,15,no valid outer-layer seed pairs
1895.0,30.747408296652868,0.01,False,,,15,no exact8 plane survived
1897.0,11.173765113607946,0.01,False,,,15,no valid outer-layer seed pairs
1898.0,13.21761889142836,0.01,False,,,15,no valid outer-layer seed pairs
1899.0,15.694122720723536,0.01,False,,,15,no valid outer-layer seed pairs
1900.0,59.29923817526146,0.01,False,,,14,no exact8 plane survived
1901.0,19.48936916486831,0.01,False,,,15,no exact8 plane survived
1902.0,83.13053706780069,0.01,False,,,14,no exact8 plane survived
1903.0,9.724602574711591,0.01,False,,,15,no valid outer-layer seed pairs
1904.0,42.96504133152415,0.01,False,,,14,no exact8 plane survived
1906.0,14.47971203770907,0.01,False,,,15,no valid outer-layer seed pairs
1907.0,28.99993537297267,0.01,False,,,15,no exact8 plane survived
1909.0,154.99204197352006,0.01,False,,,14,no exact8 plane survived
1912.0,10.773001531460432,0.01,False,,,15,no valid outer-layer seed pairs
1913.0,11.381817596370013,0.01,False,,,15,no valid outer-layer seed pairs
1914.0,45.84553107645325,0.01,False,,,14,no exact8 plane survived
1915.0,26.27136893926076,0.01,False,,,15,no exact8 plane survived
1916.0,9.471424085490982,0.01,False,,,15,no valid outer-layer seed pairs
1917.0,21.26682491930857,0.01,False,,,15,no exact8 plane survived
1918.0,47.71158133250084,0.01,False,,,14,no exact8 plane survived
1919.0,41.90851043170681,0.01,False,,,14,no exact8 plane survived
1920.0,105.26298409769716,0.01,False,,,14,no exact8 plane survived
1921.0,27.20914089700246,0.01,False,,,15,no exact8 plane survived
1922.0,15.277873992589267,0.01,False,,,15,no valid outer-layer seed pairs
1923.0,24.38847499113542,0.01,False,,,15,no exact8 plane survived
1924.0,12.685153070372795,0.01,False,,,15,no valid outer-layer seed pairs
1925.0,111.93524326504502,0.01,False,,,14,no exact8 plane survived
1927.0,81.28754252231387,0.01,False,,,14,no exact8 plane survived
1928.0,30.44375126986346,0.01,False,,,15,no exact8 plane survived
1929.0,29.065910694300108,0.01,False,,,15,no exact8 plane survived
1933.0,21.65343891418336,0.01,False,,,15,no exact8 plane survived
1934.0,29.66846185677254,0.01,False,,,14,no exact8 plane survived
1935.0,33.49596148054238,0.01,False,,,15,no exact8 plane survived
1936.0,46.366777521484096,0.01,False,,,14,no exact8 plane survived
1938.0,18.580415735533947,0.01,False,,,15,no valid outer-layer seed pairs
1939.0,14.573511156604384,0.01,False,,,15,no valid outer-layer seed pairs
1940.0,31.32830570785834,0.01,False,,,15,no exact8 plane survived
1942.0,41.20847723012653,0.01,False,,,15,no exact8 plane survived
1943.0,22.75842048577429,0.01,False,,,15,no exact8 plane survived
1945.0,12.778424920212068,0.01,False,,,15,no valid outer-layer seed pairs
1947.0,31.71341707786633,0.01,False,,,15,no exact8 plane survived
1948.0,18.2021112907215,0.01,False,,,15,no valid outer-layer seed pairs
1949.0,11.267159565228502,0.01,False,,,15,no valid outer-layer seed pairs
1950.0,20.98568665065001,0.01,False,,,15,no exact8 plane survived
1951.0,25.278822126879444,0.01,False,,,15,no exact8 plane survived
1952.0,10.35383853161474,0.01,False,,,15,no valid outer-layer seed pairs
1954.0,26.525496192681228,0.01,False,,,15,no exact8 plane survived
1955.0,25.83262877968648,0.01,False,,,15,no exact8 plane survived
1956.0,13.834675078234431,0.01,False,,,15,no valid outer-layer seed pairs
1957.0,17.900281436226358,0.01,False,,,15,no valid outer-layer seed pairs
1958.0,14.578236329339074,0.01,False,,,15,no valid outer-layer seed pairs
1960.0,37.838250006627554,0.01,False,,,14,no exact8 plane survived
1961.0,10.546028131551845,0.01,False,,,15,no valid outer-layer seed pairs
1962.0,23.835257019246608,0.01,False,,,15,no exact8 plane survived
1965.0,13.505253340945195,0.01,False,,,15,no valid outer-layer seed pairs
1966.0,15.180068658707224,0.01,False,,,15,no valid outer-layer seed pairs
1967.0,25.1492437532128,0.01,False,,,15,no exact8 plane survived
1968.0,51.92491898647312,0.01,False,,,14,no exact8 plane survived
1969.0,26.389966426763785,0.01,False,,,15,no exact8 plane survived
1970.0,10.021973628004076,0.01,False,,,15,no valid outer-layer seed pairs
1971.0,32.30620783026198,0.01,False,,,15,no exact8 plane survived
1972.0,10.852514058064052,0.01,False,,,15,no valid outer-layer seed pairs
1974.0,92.8141483329236,0.01,False,,,14,no exact8 plane survived
1975.0,11.936936560291873,0.01,False,,,15,no valid outer-layer seed pairs
1976.0,12.16373798738682,0.01,False,,,15,no valid outer-layer seed pairs
1977.0,43.89325272269272,0.01,False,,,14,no exact8 plane survived
1978.0,20.69264812586861,0.01,False,,,15,no exact8 plane survived
1980.0,30.38831989152473,0.01,False,,,15,no exact8 plane survived
1981.0,37.717460690874965,0.01,False,,,14,no exact8 plane survived
1982.0,10.63900948505574,0.01,False,,,15,no valid outer-layer seed pairs
1983.0,51.38883937068677,0.01,False,,,14,no exact8 plane survived
1985.0,19.50067013983607,0.01,False,,,15,no exact8 plane survived
1986.0,67.87886645114774,0.01,False,,,14,no exact8 plane survived
1990.0,13.534871102195126,0.01,False,,,15,no valid outer-layer seed pairs
1992.0,15.428062256563,0.01,False,,,15,no valid outer-layer seed pairs
1995.0,10.912433271833304,0.01,False,,,15,no valid outer-layer seed pairs
1996.0,26.75307035598537,0.01,False,,,15,no exact8 plane survived
1997.0,11.184273151078267,0.01,False,,,15,no valid outer-layer seed pairs
2000.0,25.84650026844422,0.01,False,,,15,no exact8 plane survived
2001.0,25.9872635098849,0.01,False,,,15,no exact8 plane survived
2002.0,16.78522610648217,0.01,False,,,15,no valid outer-layer seed pairs
2003.0,27.382431131239844,0.01,False,,,14,no exact8 plane survived
2004.0,135.8188041527388,0.01,False,,,14,no exact8 plane survived
2007.0,13.354798968440434,0.01,False,,,15,no valid outer-layer seed pairs
2008.0,23.867955189594426,0.01,False,,,15,no exact8 plane survived
2009.0,17.03788352387025,0.01,False,,,15,no valid outer-layer seed pairs
2010.0,16.608908780048928,0.01,False,,,15,no valid outer-layer seed pairs
2011.0,13.896406650923376,0.01,False,,,15,no valid outer-layer seed pairs
2012.0,6.021376118946711,0.01,False,,,15,no valid outer-layer seed pairs
2013.0,39.66499900026699,0.01,False,,,14,no exact8 plane survived
2014.0,11.568961658147895,0.01,False,,,15,no valid outer-layer seed pairs
2015.0,14.037301039152856,0.01,False,,,15,no valid outer-layer seed pairs
2016.0,2.1749874127058586,0.01,False,,,16,no valid outer-layer seed pairs
2017.0,22.054340006636075,0.01,False,,,15,no exact8 plane survived
2018.0,14.879113455532204,0.01,False,,,15,no valid outer-layer seed pairs
2019.0,21.94104143748321,0.01,False,,,15,no exact8 plane survived
2020.0,15.312661919515314,0.01,False,,,15,no valid outer-layer seed pairs
2021.0,18.10840360227805,0.01,False,,,15,no valid outer-layer seed pairs
2022.0,46.83103444178558,0.01,False,,,14,no exact8 plane survived
2023.0,19.87343572910177,0.01,False,,,15,no exact8 plane survived
2024.0,41.86751777135613,0.01,False,,,14,no exact8 plane survived
2026.0,53.32917607398116,0.01,False,,,14,no exact8 plane survived
2027.0,12.268246358307785,0.01,False,,,15,no valid outer-layer seed pairs
2028.0,7.083378191706708,0.01,False,,,15,no valid outer-layer seed pairs
2029.0,19.3054541222001,0.01,False,,,15,no exact8 plane survived
2030.0,36.14843941848245,0.01,False,,,15,no exact8 plane survived
2032.0,6.816520752105592,0.01,False,,,15,no valid outer-layer seed pairs
2033.0,24.31193676231653,0.01,False,,,15,no exact8 plane survived
2034.0,13.473497500251751,0.01,False,,,15,no valid outer-layer seed pairs
2036.0,13.968243037889224,0.01,False,,,15,no valid outer-layer seed pairs
2038.0,5.551817804580659,0.01,False,,,15,no valid outer-layer seed pairs
2039.0,27.57761472532881,0.01,False,,,15,no exact8 plane survived
2040.0,16.97133597519234,0.01,False,,,15,no valid outer-layer seed pairs
2042.0,14.705951362698622,0.01,False,,,15,no valid outer-layer seed pairs
2043.0,46.60676286275351,0.01,False,,,14,no exact8 plane survived
2044.0,27.678000786520894,0.01,False,,,15,no exact8 plane survived
2045.0,128.8624763739806,0.01,False,,,14,no exact8 plane survived
2047.0,28.895249629986065,0.01,False,,,15,no exact8 plane survived
2049.0,31.57775825856551,0.01,False,,,15,no exact8 plane survived
2050.0,20.357129531986,0.01,False,,,15,no exact8 plane survived
2051.0,21.368862537720727,0.01,False,,,15,no exact8 plane survived
2052.0,70.22715236422118,0.01,False,,,14,no exact8 plane survived
2053.0,30.84650272590981,0.01,False,,,15,no exact8 plane survived
2054.0,31.115959399837298,0.01,False,,,14,no exact8 plane survived
2055.0,16.66032235890798,0.01,False,,,15,no valid outer-layer seed pairs
2056.0,19.472059765763543,0.01,False,,,15,no exact8 plane survived
2059.0,28.98735568368204,0.01,False,,,15,no exact8 plane survived
2060.0,10.647691360973502,0.01,False,,,15,no valid outer-layer seed pairs
2061.0,47.49602015030384,0.01,False,,,14,no exact8 plane survived
2063.0,18.842249418199,0.01,False,,,15,no exact8 plane survived
2064.0,11.345831391290986,0.01,False,,,15,no valid outer-layer seed pairs
2065.0,32.31300641868509,0.01,False,,,14,no exact8 plane survived
2066.0,13.679318430094837,0.01,False,,,15,no valid outer-layer seed pairs
2067.0,90.78887305777788,0.01,False,,,14,no exact8 plane survived
2068.0,17.678045156473104,0.01,False,,,15,no valid outer-layer seed pairs
2069.0,28.27663273801128,0.01,False,,,15,no exact8 plane survived
2070.0,20.70194167709332,0.01,False,,,15,no exact8 plane survived
2071.0,38.245983184872095,0.01,False,,,14,no exact8 plane survived
2073.0,19.10311551704708,0.01,False,,,15,no exact8 plane survived
2074.0,8.572629917835375,0.01,False,,,15,no valid outer-layer seed pairs
2075.0,18.803490167186453,0.01,False,,,15,no exact8 plane survived
2076.0,18.119392074993,0.01,False,,,15,no valid outer-layer seed pairs
2077.0,13.759566670082735,0.01,False,,,15,no valid outer-layer seed pairs
2078.0,27.470691598219656,0.01,False,,,15,no exact8 plane survived
2079.0,18.313044607617528,0.01,False,,,15,no valid outer-layer seed pairs
2080.0,11.85418080998601,0.01,False,,,15,no valid outer-layer seed pairs
2081.0,23.38085839053885,0.01,False,,,15,no exact8 plane survived
2083.0,7.687807259996373,0.01,False,,,15,no valid outer-layer seed pairs
2084.0,152.88448285089964,0.01,False,,,14,no exact8 plane survived
2086.0,15.641090636008112,0.01,False,,,15,no valid outer-layer seed pairs
2088.0,35.165163187244474,0.01,False,,,14,no exact8 plane survived
2089.0,27.00278537282511,0.01,False,,,15,no exact8 plane survived
2090.0,24.90597814639548,0.01,False,,,15,no exact8 plane survived
2091.0,26.67406712208496,0.01,False,,,15,no exact8 plane survived
2093.0,15.665411333688448,0.01,False,,,15,no valid outer-layer seed pairs
2094.0,24.619540084678203,0.01,False,,,15,no exact8 plane survived
2096.0,14.694923563257053,0.01,False,,,15,no valid outer-layer seed pairs
2098.0,14.92884956555876,0.01,False,,,15,no valid outer-layer seed pairs
2100.0,35.039974641839734,0.01,False,,,15,no exact8 plane survived
2101.0,9.339935880663534,0.01,False,,,15,no valid outer-layer seed pairs
2102.0,21.3536422668879,0.01,False,,,15,no exact8 plane survived
2103.0,10.222761163779388,0.01,False,,,15,no valid outer-layer seed pairs
2104.0,17.62546733533691,0.01,False,,,15,no valid outer-layer seed pairs
2106.0,13.355711243303135,0.01,False,,,15,no valid outer-layer seed pairs
2107.0,19.42804329847852,0.01,False,,,15,no exact8 plane survived
2109.0,12.904585096414738,0.01,False,,,15,no valid outer-layer seed pairs
2110.0,71.51788874902194,0.01,False,,,14,no exact8 plane survived
2111.0,33.78520684675786,0.01,False,,,15,no exact8 plane survived
2112.0,13.55367930614643,0.01,False,,,15,no valid outer-layer seed pairs
2114.0,13.67893712917702,0.01,False,,,15,no valid outer-layer seed pairs
2115.0,12.952199204816354,0.01,False,,,15,no valid outer-layer seed pairs
2119.0,11.076395616940353,0.01,False,,,15,no valid outer-layer seed pairs
2121.0,10.537825390976495,0.01,False,,,15,no valid outer-layer seed pairs
2123.0,30.7893425090568,0.01,False,,,15,no exact8 plane survived
2124.0,20.822541573099898,0.01,False,,,15,no exact8 plane survived
2126.0,16.83136417631012,0.01,False,,,15,no valid outer-layer seed pairs
2127.0,74.47438933319346,0.01,False,,,14,no exact8 plane survived
2129.0,62.65615086940787,0.01,False,,,14,no exact8 plane survived
2130.0,30.67225891123349,0.01,False,,,15,no exact8 plane survived
2131.0,20.10888886836983,0.01,False,,,15,no exact8 plane survived
2132.0,49.90647507575347,0.01,False,,,14,no exact8 plane survived
2133.0,37.47050105121918,0.01,False,,,15,no exact8 plane survived
2134.0,40.13738826301779,0.01,False,,,14,no exact8 plane survived
2135.0,15.13461184966099,0.01,False,,,15,no valid outer-layer seed pairs
2136.0,44.71728361017091,0.01,False,,,15,no exact8 plane survived
2137.0,57.19978647385744,0.01,False,,,14,no exact8 plane survived
2138.0,23.44033941006189,0.01,False,,,15,no exact8 plane survived
2139.0,69.4639233129331,0.01,False,,,14,no exact8 plane survived
2141.0,11.593704963173888,0.01,False,,,15,no valid outer-layer seed pairs
2142.0,45.02622757755319,0.01,False,,,14,no exact8 plane survived
2143.0,12.288741799724816,0.01,False,,,15,no valid outer-layer seed pairs
2144.0,15.848584368219155,0.01,False,,,15,no valid outer-layer seed pairs
2145.0,181.2509991072292,0.01,False,,,14,no exact8 plane survived
2147.0,33.258750762955586,0.01,False,,,15,no exact8 plane survived
2148.0,24.67337204161991,0.01,False,,,15,no exact8 plane survived
2149.0,10.384400010765058,0.01,False,,,15,no valid outer-layer seed pairs
2151.0,7.610430089670607,0.01,False,,,15,no valid outer-layer seed pairs
2152.0,15.015098567020162,0.01,False,,,15,no valid outer-layer seed pairs
2153.0,13.823842042664944,0.01,False,,,15,no valid outer-layer seed pairs
2154.0,18.847735972085182,0.01,False,,,15,no exact8 plane survived
2155.0,17.849639644929965,0.01,False,,,15,no valid outer-layer seed pairs
2157.0,31.135139047546623,0.01,False,,,14,no exact8 plane survived
2158.0,25.77161090839001,0.01,False,,,15,no exact8 plane survived
2159.0,32.81104862062375,0.01,False,,,14,no exact8 plane survived
2161.0,19.49291718909662,0.01,False,,,15,no exact8 plane survived
2163.0,35.45398674625213,0.01,False,,,15,no exact8 plane survived
2164.0,28.341303630871096,0.01,False,,,15,no exact8 plane survived
2165.0,170.10067350941142,0.01,False,,,14,no exact8 plane survived
2166.0,14.434170135425694,0.01,False,,,15,no valid outer-layer seed pairs
2168.0,146.202366391441,0.01,False,,,14,no exact8 plane survived
2169.0,9.341226501645304,0.01,False,,,15,no valid outer-layer seed pairs
2171.0,52.67536557691944,0.01,False,,,14,no exact8 plane survived
2172.0,16.886188893285937,0.01,False,,,15,no valid outer-layer seed pairs
2174.0,140.01657593783412,0.01,False,,,14,no exact8 plane survived
2175.0,9.941661169029777,0.01,False,,,15,no valid outer-layer seed pairs
2176.0,18.50517787976282,0.01,False,,,15,no valid outer-layer seed pairs
2178.0,21.32829553446382,0.01,False,,,15,no exact8 plane survived
2179.0,28.09092440746056,0.01,False,,,15,no exact8 plane survived
2181.0,10.644484919580734,0.01,False,,,15,no valid outer-layer seed pairs
2182.0,14.222099973890732,0.01,False,,,15,no valid outer-layer seed pairs
2183.0,10.645192563223912,0.01,False,,,15,no valid outer-layer seed pairs
2184.0,15.862866150281167,0.01,False,,,15,no valid outer-layer seed pairs
2185.0,38.601230906848734,0.01,False,,,15,no exact8 plane survived
2186.0,28.45633438066969,0.01,False,,,14,no exact8 plane survived
2189.0,18.11251612455672,0.01,False,,,15,no valid outer-layer seed pairs
2190.0,15.824150045267023,0.01,False,,,15,no valid outer-layer seed pairs
2191.0,12.14734001425484,0.01,False,,,15,no valid outer-layer seed pairs
2192.0,26.76019447461493,0.01,False,,,15,no exact8 plane survived
2195.0,36.31696182487194,0.01,False,,,14,no exact8 plane survived
2197.0,24.678701594506283,0.01,False,,,15,no exact8 plane survived
2200.0,16.90801672135473,0.01,False,,,15,no valid outer-layer seed pairs
2201.0,13.446185329357824,0.01,False,,,15,no valid outer-layer seed pairs
2202.0,26.21805422292599,0.01,False,,,15,no exact8 plane survived
2204.0,11.74026442427346,0.01,False,,,15,no valid outer-layer seed pairs
2205.0,65.78934049190583,0.01,False,,,14,no exact8 plane survived
2206.0,12.683360414910622,0.01,False,,,15,no valid outer-layer seed pairs
2207.0,10.453889188308851,0.01,False,,,15,no valid outer-layer seed pairs
2208.0,28.509615257231,0.01,False,,,15,no exact8 plane survived
2209.0,19.05203521526565,0.01,False,,,15,no exact8 plane survived
2210.0,49.02416625544535,0.01,False,,,14,no exact8 plane survived
2211.0,25.117017277747784,0.01,False,,,15,no exact8 plane survived
2212.0,15.655521894903364,0.01,False,,,15,no valid outer-layer seed pairs
2213.0,93.80921239084014,0.01,False,,,14,no exact8 plane survived
2214.0,110.77452643781388,0.01,False,,,14,no exact8 plane survived
2215.0,9.640185915759332,0.01,False,,,15,no valid outer-layer seed pairs
2216.0,22.145372352788225,0.01,False,,,15,no exact8 plane survived
2217.0,13.669922026181672,0.01,False,,,15,no valid outer-layer seed pairs
2218.0,42.552849566688856,0.01,False,,,14,no exact8 plane survived
2220.0,28.651603880671555,0.01,False,,,15,no exact8 plane survived
2221.0,46.61946435447325,0.01,False,,,14,no exact8 plane survived
2222.0,28.58637279045893,0.01,False,,,14,no exact8 plane survived
2226.0,16.479714958552655,0.01,False,,,15,no valid outer-layer seed pairs
2227.0,29.41927826710441,0.01,False,,,14,no exact8 plane survived
2228.0,7.47336180908162,0.01,False,,,15,no valid outer-layer seed pairs
2229.0,35.12795039438495,0.01,False,,,14,no exact8 plane survived
2231.0,72.51302591892464,0.01,False,,,14,no exact8 plane survived
2232.0,16.019289608881504,0.01,False,,,15,no valid outer-layer seed pairs
2233.0,14.071247714393316,0.01,False,,,15,no valid outer-layer seed pairs
2234.0,22.460894109927665,0.01,False,,,15,no exact8 plane survived
2235.0,10.20782855343173,0.01,False,,,15,no valid outer-layer seed pairs
2238.0,14.322391251514246,0.01,False,,,15,no valid outer-layer seed pairs
2240.0,23.03545001698554,0.01,False,,,15,no exact8 plane survived
2241.0,22.243299231365008,0.01,False,,,15,no exact8 plane survived
2242.0,59.86840534720793,0.01,False,,,14,no exact8 plane survived
2244.0,17.3101153955071,0.01,False,,,15,no valid outer-layer seed pairs
2246.0,16.468224545353408,0.01,False,,,15,no valid outer-layer seed pairs
2247.0,24.133350954695707,0.01,False,,,15,no exact8 plane survived
2250.0,12.2999191924818,0.01,False,,,15,no valid outer-layer seed pairs
2251.0,12.5793603556466,0.01,False,,,15,no valid outer-layer seed pairs
2252.0,18.23472750157074,0.01,False,,,15,no valid outer-layer seed pairs
2254.0,63.655170266725705,0.01,False,,,14,no exact8 plane survived
2255.0,13.858031445150017,0.01,False,,,15,no valid outer-layer seed pairs
2256.0,46.82838580159545,0.01,False,,,14,no exact8 plane survived
2257.0,19.16654820691637,0.01,False,,,15,no exact8 plane survived
2258.0,11.990355681406085,0.01,False,,,15,no valid outer-layer seed pairs
2259.0,28.300045497183163,0.01,False,,,15,no exact8 plane survived
2260.0,29.50296949040005,0.01,False,,,14,no exact8 plane survived
2261.0,15.940454781424366,0.01,False,,,15,no valid outer-layer seed pairs
2262.0,32.639117189875535,0.01,False,,,15,no exact8 plane survived
2263.0,39.92868513574868,0.01,False,,,15,no exact8 plane survived
2264.0,11.94423489019352,0.01,False,,,15,no valid outer-layer seed pairs
2265.0,87.61193816477497,0.01,False,,,14,no exact8 plane survived
2266.0,64.27812134144938,0.01,False,,,14,no exact8 plane survived
2267.0,9.827026488012685,0.01,False,,,15,no valid outer-layer seed pairs
2268.0,44.248342695517,0.01,False,,,14,no exact8 plane survived
2269.0,31.4303202218653,0.01,False,,,15,no exact8 plane survived
2270.0,1.992275310171328,0.01,False,,,16,no valid outer-layer seed pairs
2271.0,63.254537802357575,0.01,False,,,14,no exact8 plane survived
2272.0,16.31380887445402,0.01,False,,,15,no valid outer-layer seed pairs
2273.0,12.825234915110435,0.01,False,,,15,no valid outer-layer seed pairs
2274.0,54.78001183613837,0.01,False,,,14,no exact8 plane survived
2276.0,22.852975888711427,0.01,False,,,15,no exact8 plane survived
2278.0,46.22412325344547,0.01,False,,,14,no exact8 plane survived
2280.0,21.880244711113967,0.01,False,,,15,no exact8 plane survived
2281.0,10.655262487083832,0.01,False,,,15,no valid outer-layer seed pairs
2282.0,32.80649978718934,0.01,False,,,15,no exact8 plane survived
2284.0,22.404767578280502,0.01,False,,,15,no exact8 plane survived
2285.0,16.00300376486138,0.01,False,,,15,no valid outer-layer seed pairs
2286.0,32.52283976259367,0.01,False,,,14,no exact8 plane survived
2287.0,50.63987090040001,0.01,False,,,14,no exact8 plane survived
2291.0,41.915997357289655,0.01,False,,,15,no exact8 plane survived
2292.0,32.62361000045952,0.01,False,,,15,no exact8 plane survived
2294.0,11.81106780104822,0.01,False,,,15,no valid outer-layer seed pairs
2295.0,52.613400668794334,0.01,False,,,14,no exact8 plane survived
2296.0,11.037846520944294,0.01,False,,,15,no valid outer-layer seed pairs
2297.0,37.81273084328658,0.01,False,,,15,no exact8 plane survived
2298.0,17.71667103895428,0.01,False,,,15,no valid outer-layer seed pairs
2299.0,21.46416752580467,0.01,False,,,15,no exact8 plane survived
2301.0,37.40484950964961,0.01,False,,,14,no exact8 plane survived
2302.0,70.64820180347488,0.01,False,,,14,no exact8 plane survived
2303.0,28.43348239008375,0.01,False,,,15,no exact8 plane survived
2304.0,11.49769245399516,0.01,False,,,15,no valid outer-layer seed pairs
2306.0,13.990546744555552,0.01,False,,,15,no valid outer-layer seed pairs
2308.0,18.303269820617384,0.01,False,,,15,no valid outer-layer seed pairs
2310.0,9.938356431966238,0.01,False,,,15,no valid outer-layer seed pairs
2311.0,17.404710439419507,0.01,False,,,15,no valid outer-layer seed pairs
2312.0,9.272777793648997,0.01,False,,,15,no valid outer-layer seed pairs
2314.0,54.447201824928925,0.01,False,,,14,no exact8 plane survived
2315.0,30.331801468177296,0.01,False,,,14,no exact8 plane survived
2319.0,33.7593719540867,0.01,False,,,15,no exact8 plane survived
2320.0,15.33465743753113,0.01,False,,,15,no valid outer-layer seed pairs
2321.0,42.09822415457618,0.01,False,,,14,no exact8 plane survived
2322.0,14.385947257957612,0.01,False,,,15,no valid outer-layer seed pairs
2323.0,29.08494843847327,0.01,False,,,15,no exact8 plane survived
2324.0,12.62723735905502,0.01,False,,,15,no valid outer-layer seed pairs
2325.0,17.04725898823527,0.01,False,,,15,no valid outer-layer seed pairs
2326.0,59.03663317911684,0.01,False,,,14,no exact8 plane survived
2327.0,85.70902704838706,0.01,False,,,14,no exact8 plane survived
2328.0,15.074639627573308,0.01,False,,,15,no valid outer-layer seed pairs
2329.0,39.60814503185426,0.01,False,,,14,no exact8 plane survived
2330.0,182.11426479153184,0.01,False,,,14,no exact8 plane survived
2331.0,24.38583197021961,0.01,False,,,15,no exact8 plane survived
2332.0,57.33437141786775,0.01,False,,,14,no exact8 plane survived
2333.0,12.59229029199557,0.01,False,,,15,no valid outer-layer seed pairs
2334.0,15.778618001567006,0.01,False,,,15,no valid outer-layer seed pairs
2335.0,37.32359152803895,0.01,False,,,15,no exact8 plane survived
2336.0,11.245517625667382,0.01,False,,,15,no valid outer-layer seed pairs
2337.0,53.89748488672907,0.01,False,,,14,no exact8 plane survived
2339.0,25.90179002141958,0.01,False,,,15,no exact8 plane survived
2341.0,18.717589485225528,0.01,False,,,15,no exact8 plane survived
2342.0,13.01756157069532,0.01,False,,,15,no valid outer-layer seed pairs
2343.0,20.030432948380103,0.01,False,,,15,no exact8 plane survived
2344.0,10.713107750211496,0.01,False,,,15,no valid outer-layer seed pairs
2345.0,46.18099325379939,0.01,False,,,14,no exact8 plane survived
2346.0,10.846651648400927,0.01,False,,,15,no valid outer-layer seed pairs
2347.0,17.21512990556246,0.01,False,,,15,no valid outer-layer seed pairs
2348.0,30.425134721115253,0.01,False,,,14,no exact8 plane survived
2350.0,45.13387673733669,0.01,False,,,14,no exact8 plane survived
2351.0,28.482654409134096,0.01,False,,,14,no exact8 plane survived
2353.0,5.809219585500397,0.01,False,,,15,no valid outer-layer seed pairs
2354.0,17.505062747035073,0.01,False,,,15,no valid outer-layer seed pairs
2355.0,15.983072805139438,0.01,False,,,15,no valid outer-layer seed pairs
2356.0,30.03405562130032,0.01,False,,,14,no exact8 plane survived
2357.0,6.071682427009358,0.01,False,,,15,no valid outer-layer seed pairs
2358.0,19.61682125194105,0.01,False,,,15,no exact8 plane survived
2359.0,13.22473744131014,0.01,False,,,15,no valid outer-layer seed pairs
2361.0,16.467645244089933,0.01,False,,,15,no valid outer-layer seed pairs
2363.0,52.59434169471744,0.01,False,,,14,no exact8 plane survived
2366.0,90.2022979736105,0.01,False,,,14,no exact8 plane survived
2367.0,82.40693597655155,0.01,False,,,14,no exact8 plane survived
2368.0,63.19691506516066,0.01,False,,,14,no exact8 plane survived
2369.0,10.429381566404324,0.01,False,,,15,no valid outer-layer seed pairs
2371.0,40.95340460028265,0.01,False,,,14,no exact8 plane survived
2373.0,41.52587676546168,0.01,False,,,15,no exact8 plane survived
2374.0,14.904880035487093,0.01,False,,,15,no valid outer-layer seed pairs
2375.0,13.764157707376954,0.01,False,,,15,no valid outer-layer seed pairs
2376.0,11.166569634069118,0.01,False,,,15,no valid outer-layer seed pairs
2377.0,10.76503702442922,0.01,False,,,15,no valid outer-layer seed pairs
2381.0,83.82072332451321,0.01,False,,,14,no exact8 plane survived
2382.0,17.985774680773144,0.01,False,,,15,no valid outer-layer seed pairs
2383.0,14.84854263134397,0.01,False,,,15,no valid outer-layer seed pairs
2384.0,22.26764761133777,0.01,False,,,15,no exact8 plane survived
2385.0,13.466325277180294,0.01,False,,,15,no valid outer-layer seed pairs
2389.0,14.915744190206084,0.01,False,,,15,no valid outer-layer seed pairs
2392.0,17.732035220755606,0.01,False,,,15,no valid outer-layer seed pairs
2395.0,34.32061218381682,0.01,False,,,15,no exact8 plane survived
2396.0,29.734645458153874,0.01,False,,,14,no exact8 plane survived
2397.0,87.32699584981326,0.01,False,,,14,no exact8 plane survived
2399.0,53.25770687476454,0.01,False,,,14,no exact8 plane survived
2400.0,22.076002930051224,0.01,False,,,15,no exact8 plane survived
2401.0,27.054734310528985,0.01,False,,,15,no exact8 plane survived
2402.0,36.72551641907918,0.01,False,,,14,no exact8 plane survived
2404.0,60.16643631136274,0.01,False,,,14,no exact8 plane survived
2406.0,12.95688897391537,0.01,False,,,15,no valid outer-layer seed pairs
2407.0,23.43308386256293,0.01,False,,,15,no exact8 plane survived
2408.0,37.6195376472073,0.01,False,,,14,no exact8 plane survived
2409.0,74.89174954233555,0.01,False,,,14,no exact8 plane survived
2412.0,30.47254502663638,0.01,False,,,15,no exact8 plane survived
2413.0,59.705950324541845,0.01,False,,,14,no exact8 plane survived
2415.0,39.1792945888084,0.01,False,,,15,no exact8 plane survived
2417.0,120.0333953399848,0.01,False,,,14,no exact8 plane survived
2419.0,137.95745780995728,0.01,False,,,14,no exact8 plane survived
2420.0,45.366357423248175,0.01,False,,,14,no exact8 plane survived
2422.0,195.1389601047472,0.01,False,,,13,no exact8 plane survived
2423.0,20.22605176871553,0.01,False,,,15,no exact8 plane survived
2424.0,35.82670952011159,0.01,False,,,14,no exact8 plane survived
2425.0,16.38075049048725,0.01,False,,,15,no valid outer-layer seed pairs
2426.0,28.27138609244153,0.01,False,,,15,no exact8 plane survived
2427.0,29.49707545345022,0.01,False,,,15,no exact8 plane survived
2428.0,34.08923563444451,0.01,False,,,15,no exact8 plane survived
2430.0,18.2237616865838,0.01,False,,,15,no valid outer-layer seed pairs
2431.0,11.269345461617318,0.01,False,,,15,no valid outer-layer seed pairs
2432.0,26.86713407540947,0.01,False,,,15,no exact8 plane survived
2434.0,20.94798867826246,0.01,False,,,15,no exact8 plane survived
2435.0,15.452490179009748,0.01,False,,,15,no valid outer-layer seed pairs
2436.0,16.232684587530102,0.01,False,,,15,no valid outer-layer seed pairs
2438.0,16.82385763864859,0.01,False,,,15,no valid outer-layer seed pairs
2439.0,23.69328502479566,0.01,False,,,15,no exact8 plane survived
2440.0,19.92357582409932,0.01,False,,,15,no exact8 plane survived
2445.0,12.496901886656604,0.01,False,,,15,no valid outer-layer seed pairs
2446.0,79.76907169393776,0.01,False,,,14,no exact8 plane survived
2448.0,15.185395145809688,0.01,False,,,15,no valid outer-layer seed pairs
2449.0,26.920419190299096,0.01,False,,,15,no exact8 plane survived
2450.0,313.56976592821775,0.01,False,,,13,no exact8 plane survived
2451.0,18.77225341421564,0.01,False,,,15,no exact8 plane survived
2453.0,15.645051547573066,0.01,False,,,15,no valid outer-layer seed pairs
2456.0,38.37644608876624,0.01,False,,,15,no exact8 plane survived
2457.0,15.322260334576354,0.01,False,,,15,no valid outer-layer seed pairs
2458.0,38.72378008670472,0.01,False,,,15,no exact8 plane survived
2459.0,10.805209749318758,0.01,False,,,15,no valid outer-layer seed pairs
2460.0,10.978436436923262,0.01,False,,,15,no valid outer-layer seed pairs
2461.0,29.84396545812861,0.01,False,,,15,no exact8 plane survived
2462.0,15.324104420314104,0.01,False,,,15,no valid outer-layer seed pairs
2463.0,45.05522750240729,0.01,False,,,15,no exact8 plane survived
2465.0,16.063647325318456,0.01,False,,,15,no valid outer-layer seed pairs
2467.0,14.087789652310237,0.01,False,,,15,no valid outer-layer seed pairs
2468.0,14.720076584828089,0.01,False,,,15,no valid outer-layer seed pairs
2469.0,16.307950634001923,0.01,False,,,15,no valid outer-layer seed pairs
2470.0,23.47174036123664,0.01,False,,,15,no exact8 plane survived
2471.0,20.51919821587354,0.01,False,,,15,no exact8 plane survived
2472.0,52.08004020542686,0.01,False,,,14,no exact8 plane survived
2473.0,25.14938252606996,0.01,False,,,15,no exact8 plane survived
2476.0,28.72204447624912,0.01,False,,,15,no exact8 plane survived
2477.0,22.59487771794803,0.01,False,,,15,no exact8 plane survived
2479.0,60.84465026922798,0.01,False,,,14,no exact8 plane survived
2480.0,25.420288780523727,0.01,False,,,15,no exact8 plane survived
2482.0,85.96125815136914,0.01,False,,,14,no exact8 plane survived
2483.0,53.64153372502841,0.01,False,,,14,no exact8 plane survived
2484.0,18.21740663379139,0.01,False,,,15,no valid outer-layer seed pairs
2486.0,32.76298224485261,0.01,False,,,15,no exact8 plane survived
2487.0,73.05725369301582,0.01,False,,,14,no exact8 plane survived
2489.0,22.03890003227304,0.01,False,,,15,no exact8 plane survived
2490.0,163.70369540842833,0.01,False,,,14,no exact8 plane survived
2492.0,18.67174437561287,0.01,False,,,15,no exact8 plane survived
2494.0,12.865267945791595,0.01,False,,,15,no valid outer-layer seed pairs
2497.0,28.95639833528236,0.01,False,,,15,no exact8 plane survived
2498.0,11.816311722859025,0.01,False,,,15,no valid outer-layer seed pairs
2499.0,23.74347901162325,0.01,False,,,15,no exact8 plane survived
2500.0,15.517987204553112,0.01,False,,,15,no valid outer-layer seed pairs
2501.0,10.75413871217949,0.01,False,,,15,no valid outer-layer seed pairs
2502.0,38.38180062561421,0.01,False,,,15,no exact8 plane survived
2503.0,46.85065004714103,0.01,False,,,15,no exact8 plane survived
2504.0,24.385406249144737,0.01,False,,,15,no exact8 plane survived
2505.0,73.98121906719656,0.01,False,,,14,no exact8 plane survived
2506.0,31.10126220536128,0.01,False,,,15,no exact8 plane survived
2507.0,18.12769668279711,0.01,False,,,15,no valid outer-layer seed pairs
2508.0,46.159928553657,0.01,False,,,14,no exact8 plane survived
2509.0,78.43998862450192,0.01,False,,,14,no exact8 plane survived
2511.0,42.71399245215998,0.01,False,,,14,no exact8 plane survived
2512.0,50.90047586904134,0.01,False,,,14,no exact8 plane survived
2513.0,40.91849219712897,0.01,False,,,15,no exact8 plane survived
2515.0,20.504789574763933,0.01,False,,,15,no exact8 plane survived
2516.0,65.62363077121995,0.01,False,,,14,no exact8 plane survived
2517.0,10.307898296422318,0.01,False,,,15,no valid outer-layer seed pairs
2518.0,10.458229980296238,0.01,False,,,15,no valid outer-layer seed pairs
2519.0,25.12134674788123,0.01,False,,,15,no exact8 plane survived
2520.0,22.361456061567,0.01,False,,,15,no exact8 plane survived
2521.0,20.80203199345236,0.01,False,,,15,no exact8 plane survived
2522.0,20.33327612633936,0.01,False,,,15,no exact8 plane survived
2523.0,11.599834235645256,0.01,False,,,15,no valid outer-layer seed pairs
2524.0,27.48099111828808,0.01,False,,,15,no exact8 plane survived
2525.0,29.623163528665724,0.01,False,,,15,no exact8 plane survived
2526.0,14.77392248719883,0.01,False,,,15,no valid outer-layer seed pairs
2527.0,13.629054397170856,0.01,False,,,15,no valid outer-layer seed pairs
2528.0,18.75377640458673,0.01,False,,,15,no exact8 plane survived
2529.0,22.4332213582307,0.01,False,,,15,no exact8 plane survived
2530.0,103.90530104541445,0.01,False,,,14,no exact8 plane survived
2534.0,50.85812397366808,0.01,False,,,14,no exact8 plane survived
2535.0,25.25022674200468,0.01,False,,,15,no exact8 plane survived
2536.0,45.28657347282151,0.01,False,,,14,no exact8 plane survived
2537.0,17.901395207060904,0.01,False,,,15,no valid outer-layer seed pairs
2538.0,10.975508684077203,0.01,False,,,15,no valid outer-layer seed pairs
2539.0,21.073976979774475,0.01,False,,,15,no exact8 plane survived
2540.0,22.62293102207665,0.01,False,,,15,no exact8 plane survived
2541.0,17.862593313826153,0.01,False,,,15,no valid outer-layer seed pairs
2544.0,14.417754775680349,0.01,False,,,15,no valid outer-layer seed pairs
2548.0,101.85002714036318,0.01,False,,,14,no exact8 plane survived
2549.0,26.52738775003982,0.01,False,,,15,no exact8 plane survived
2550.0,14.350695565762855,0.01,False,,,15,no valid outer-layer seed pairs
2551.0,36.57485982427485,0.01,False,,,14,no exact8 plane survived
2553.0,25.17604594955496,0.01,False,,,15,no exact8 plane survived
2554.0,21.48518154410393,0.01,False,,,15,no exact8 plane survived
2555.0,44.0663684883933,0.01,False,,,14,no exact8 plane survived
2556.0,13.887045712790224,0.01,False,,,15,no valid outer-layer seed pairs
2557.0,14.50426498376008,0.01,False,,,15,no valid outer-layer seed pairs
2558.0,14.67065111168588,0.01,False,,,15,no valid outer-layer seed pairs
2560.0,9.913759730800924,0.01,False,,,15,no valid outer-layer seed pairs
2562.0,7.883545343381516,0.01,False,,,15,no valid outer-layer seed pairs
2563.0,70.69337404997566,0.01,False,,,14,no exact8 plane survived
2565.0,37.780513527507466,0.01,False,,,14,no exact8 plane survived
2566.0,28.381494105431745,0.01,False,,,15,no exact8 plane survived
2567.0,90.56368063389496,0.01,False,,,14,no exact8 plane survived
2568.0,20.31051461842104,0.01,False,,,15,no exact8 plane survived
2569.0,32.097943804201456,0.01,False,,,15,no exact8 plane survived
2571.0,37.93393427981354,0.01,False,,,15,no exact8 plane survived
2572.0,18.092437132874466,0.01,False,,,15,no valid outer-layer seed pairs
2573.0,12.50597982549974,0.01,False,,,15,no valid outer-layer seed pairs
2574.0,11.553822613728626,0.01,False,,,15,no valid outer-layer seed pairs
2575.0,23.34279195645549,0.01,False,,,15,no exact8 plane survived
2577.0,37.39566035776007,0.01,False,,,14,no exact8 plane survived
2579.0,23.411661258119903,0.01,False,,,15,no exact8 plane survived
2581.0,15.298741750662032,0.01,False,,,15,no valid outer-layer seed pairs
2583.0,12.156604841859616,0.01,False,,,15,no valid outer-layer seed pairs
2585.0,9.260508486176516,0.01,False,,,15,no valid outer-layer seed pairs
2586.0,49.507003746013176,0.01,False,,,14,no exact8 plane survived
2587.0,13.111507441155393,0.01,False,,,15,no valid outer-layer seed pairs
2588.0,24.060620729815284,0.01,False,,,15,no exact8 plane survived
2589.0,18.5538145902698,0.01,False,,,15,no valid outer-layer seed pairs
2591.0,9.987584625033817,0.01,False,,,15,no valid outer-layer seed pairs
2593.0,51.672912579169605,0.01,False,,,14,no exact8 plane survived
2594.0,17.012118769369028,0.01,False,,,15,no valid outer-layer seed pairs
2596.0,21.26215575050984,0.01,False,,,15,no exact8 plane survived
2597.0,9.182447107884949,0.01,False,,,15,no valid outer-layer seed pairs
2598.0,15.372763904905655,0.01,False,,,15,no valid outer-layer seed pairs
2599.0,14.595092393973284,0.01,False,,,15,no valid outer-layer seed pairs
2601.0,14.780025856619716,0.01,False,,,15,no valid outer-layer seed pairs
2602.0,52.90275891935868,0.01,False,,,14,no exact8 plane survived
2603.0,23.87144456302051,0.01,False,,,15,no exact8 plane survived
2604.0,14.843285624291498,0.01,False,,,15,no valid outer-layer seed pairs
2605.0,17.02088652403787,0.01,False,,,15,no valid outer-layer seed pairs
2608.0,14.881616081888424,0.01,False,,,15,no valid outer-layer seed pairs
2609.0,36.88254408250914,0.01,False,,,15,no exact8 plane survived
2610.0,12.91624729141677,0.01,False,,,15,no valid outer-layer seed pairs
2612.0,18.036050289214856,0.01,False,,,15,no valid outer-layer seed pairs
2614.0,10.12851849810314,0.01,False,,,15,no valid outer-layer seed pairs
2615.0,28.87784991387515,0.01,False,,,15,no exact8 plane survived
2617.0,14.240913056139563,0.01,False,,,15,no valid outer-layer seed pairs
2618.0,47.78130493267914,0.01,False,,,15,no exact8 plane survived
2619.0,21.48042221645388,0.01,False,,,15,no exact8 plane survived
2620.0,17.88580544352223,0.01,False,,,15,no valid outer-layer seed pairs
2623.0,19.85305307084706,0.01,False,,,15,no exact8 plane survived
2624.0,30.19616521846034,0.01,False,,,15,no exact8 plane survived
2625.0,14.963846936995324,0.01,False,,,15,no valid outer-layer seed pairs
2626.0,22.96323143171659,0.01,False,,,15,no exact8 plane survived
2629.0,16.497964594953615,0.01,False,,,15,no valid outer-layer seed pairs
2630.0,47.71711948325832,0.01,False,,,14,no exact8 plane survived
2631.0,6.058864397674151,0.01,False,,,15,no valid outer-layer seed pairs
2632.0,12.042488712066351,0.01,False,,,15,no valid outer-layer seed pairs
2633.0,20.48452294570616,0.01,False,,,15,no exact8 plane survived
2636.0,47.80378857579792,0.01,False,,,14,no exact8 plane survived
2638.0,15.401057227060669,0.01,False,,,15,no valid outer-layer seed pairs
2639.0,23.24619063173854,0.01,False,,,15,no exact8 plane survived
2640.0,82.05806511142605,0.01,False,,,14,no exact8 plane survived
2642.0,23.338249829074595,0.01,False,,,15,no exact8 plane survived
2643.0,97.088214230702,0.01,False,,,14,no exact8 plane survived
2644.0,84.42407334635142,0.01,False,,,14,no exact8 plane survived
2645.0,20.935517808110724,0.01,False,,,15,no exact8 plane survived
2646.0,11.213135036912846,0.01,False,,,15,no valid outer-layer seed pairs
2647.0,16.144162321110848,0.01,False,,,15,no valid outer-layer seed pairs
2648.0,17.806931587877955,0.01,False,,,15,no valid outer-layer seed pairs
2649.0,39.40470397841164,0.01,False,,,14,no exact8 plane survived
2651.0,10.937044022748172,0.01,False,,,15,no valid outer-layer seed pairs
2652.0,12.387644985299175,0.01,False,,,15,no valid outer-layer seed pairs
2654.0,24.106612449663285,0.01,False,,,15,no exact8 plane survived
2655.0,60.02837557230338,0.01,False,,,14,no exact8 plane survived
2656.0,15.375049580397462,0.01,False,,,15,no valid outer-layer seed pairs
2657.0,15.46155390026468,0.01,False,,,15,no valid outer-layer seed pairs
2658.0,13.705961780506232,0.01,False,,,15,no valid outer-layer seed pairs
2659.0,14.67989019776036,0.01,False,,,15,no valid outer-layer seed pairs
2660.0,33.29792893479767,0.01,False,,,14,no exact8 plane survived
2662.0,30.025312298054725,0.01,False,,,15,no exact8 plane survived
2663.0,12.248716324777485,0.01,False,,,15,no valid outer-layer seed pairs
2665.0,27.19640276653679,0.01,False,,,14,no exact8 plane survived
2666.0,10.512233604745733,0.01,False,,,15,no valid outer-layer seed pairs
2667.0,25.41145270800111,0.01,False,,,15,no exact8 plane survived
2668.0,20.79443119904964,0.01,False,,,15,no exact8 plane survived
2669.0,17.63862176197919,0.01,False,,,15,no valid outer-layer seed pairs
2670.0,55.058501186291615,0.01,False,,,14,no exact8 plane survived
2671.0,52.62136000467138,0.01,False,,,14,no exact8 plane survived
2674.0,14.485148706252076,0.01,False,,,15,no valid outer-layer seed pairs
2676.0,42.3052924552098,0.01,False,,,14,no exact8 plane survived
2677.0,14.386124315501638,0.01,False,,,15,no valid outer-layer seed pairs
2678.0,15.394949768645258,0.01,False,,,15,no valid outer-layer seed pairs
2679.0,55.20254112938349,0.01,False,,,14,no exact8 plane survived
2682.0,25.61392748724029,0.01,False,,,15,no exact8 plane survived
2683.0,36.88914187643554,0.01,False,,,14,no exact8 plane survived
2684.0,48.83762694217965,0.01,False,,,14,no exact8 plane survived
2685.0,14.494075697892198,0.01,False,,,15,no valid outer-layer seed pairs
2686.0,131.0934881367611,0.01,False,,,14,no exact8 plane survived
2687.0,60.66904377962091,0.01,False,,,14,no exact8 plane survived
2688.0,15.572742305274785,0.01,False,,,15,no valid outer-layer seed pairs
2689.0,35.9771166268418,0.01,False,,,14,no exact8 plane survived
2690.0,14.420745413488676,0.01,False,,,15,no valid outer-layer seed pairs
2691.0,12.44975157480746,0.01,False,,,15,no valid outer-layer seed pairs
2692.0,21.55639537910296,0.01,False,,,15,no exact8 plane survived
2693.0,17.256468709756327,0.01,False,,,15,no valid outer-layer seed pairs
2694.0,16.23227626762567,0.01,False,,,15,no valid outer-layer seed pairs
2695.0,52.30331269823333,0.01,False,,,14,no exact8 plane survived
2697.0,34.6660800943538,0.01,False,,,14,no exact8 plane survived
2698.0,17.827319831116277,0.01,False,,,15,no valid outer-layer seed pairs
2700.0,14.910551103729825,0.01,False,,,15,no valid outer-layer seed pairs
2702.0,22.12492811534596,0.01,False,,,15,no exact8 plane survived
2704.0,14.031208641040037,0.01,False,,,15,no valid outer-layer seed pairs
2705.0,9.129556741961126,0.01,False,,,15,no valid outer-layer seed pairs
2706.0,37.342394537507786,0.01,False,,,14,no exact8 plane survived
2707.0,21.74308849198481,0.01,False,,,15,no exact8 plane survived
2708.0,15.302484969549594,0.01,False,,,15,no valid outer-layer seed pairs
2709.0,68.36968129635726,0.01,False,,,14,no exact8 plane survived
2710.0,7.924974663199396,0.01,False,,,15,no valid outer-layer seed pairs
2712.0,10.698317866174689,0.01,False,,,15,no valid outer-layer seed pairs
2715.0,47.52872056421183,0.01,False,,,14,no exact8 plane survived
2717.0,260.98049179586826,0.01,False,,,14,no exact8 plane survived
2719.0,17.57315082642997,0.01,False,,,15,no valid outer-layer seed pairs
2720.0,68.6824890095589,0.01,False,,,14,no exact8 plane survived
2721.0,53.26909781757783,0.01,False,,,14,no exact8 plane survived
2722.0,9.912437964958558,0.01,False,,,15,no valid outer-layer seed pairs
2723.0,17.5131976357438,0.01,False,,,15,no valid outer-layer seed pairs
2724.0,9.448580489017068,0.01,False,,,15,no valid outer-layer seed pairs
2725.0,116.15138037184174,0.01,False,,,14,no exact8 plane survived
2727.0,35.80527259166755,0.01,False,,,14,no exact8 plane survived
2728.0,31.999658167891653,0.01,False,,,14,no exact8 plane survived
2729.0,123.03659835254626,0.01,False,,,14,no exact8 plane survived
2730.0,23.234870085225424,0.01,False,,,15,no exact8 plane survived
2731.0,12.106216047262304,0.01,False,,,15,no valid outer-layer seed pairs
2733.0,22.84042514966796,0.01,False,,,15,no exact8 plane survived
2735.0,11.139952986683696,0.01,False,,,15,no valid outer-layer seed pairs
2737.0,9.14134312799968,0.01,False,,,15,no valid outer-layer seed pairs
2738.0,19.929114798047788,0.01,False,,,15,no exact8 plane survived
2739.0,10.61189527049431,0.01,False,,,15,no valid outer-layer seed pairs
2741.0,10.748230330532342,0.01,False,,,15,no valid outer-layer seed pairs
2742.0,47.060632391752144,0.01,False,,,14,no exact8 plane survived
2743.0,205.8539340974394,0.01,False,,,14,no exact8 plane survived
2745.0,18.44321103372884,0.01,False,,,15,no valid outer-layer seed pairs
2746.0,7.917711886186657,0.01,False,,,15,no valid outer-layer seed pairs
2748.0,14.243544942466364,0.01,False,,,15,no valid outer-layer seed pairs
2749.0,40.735947188516526,0.01,False,,,14,no exact8 plane survived
2750.0,32.30090707996735,0.01,False,,,15,no exact8 plane survived
2751.0,17.53109939012585,0.01,False,,,15,no valid outer-layer seed pairs
2752.0,93.00775420520884,0.01,False,,,14,no exact8 plane survived
2754.0,21.062227332222594,0.01,False,,,15,no exact8 plane survived
2755.0,68.58643440217604,0.01,False,,,14,no exact8 plane survived
2757.0,14.661611696165073,0.01,False,,,15,no valid outer-layer seed pairs
2758.0,12.632565082771356,0.01,False,,,15,no valid outer-layer seed pairs
2759.0,0.94328121986132,0.01,False,,,14,no valid outer-layer seed pairs
2760.0,19.67610824897152,0.01,False,,,15,no exact8 plane survived
2761.0,23.931648081640603,0.01,False,,,15,no exact8 plane survived
2764.0,12.566670806588352,0.01,False,,,15,no valid outer-layer seed pairs
2766.0,15.573897438266084,0.01,False,,,15,no valid outer-layer seed pairs
2767.0,18.47585395331563,0.01,False,,,15,no valid outer-layer seed pairs
2768.0,11.323180996373962,0.01,False,,,15,no valid outer-layer seed pairs
2769.0,54.0116358578854,0.01,False,,,14,no exact8 plane survived
2770.0,13.290825028621208,0.01,False,,,15,no valid outer-layer seed pairs
2771.0,20.864336641039667,0.01,False,,,15,no exact8 plane survived
2772.0,55.31657184899005,0.01,False,,,14,no exact8 plane survived
2774.0,19.66574902137536,0.01,False,,,15,no exact8 plane survived
2775.0,11.979530323376906,0.01,False,,,15,no valid outer-layer seed pairs
2776.0,11.938684659476316,0.01,False,,,15,no valid outer-layer seed pairs
2777.0,84.00429944415089,0.01,False,,,14,no exact8 plane survived
2779.0,48.749641353981225,0.01,False,,,14,no exact8 plane survived
2780.0,18.512008557372383,0.01,False,,,15,no valid outer-layer seed pairs
2781.0,31.160762272175145,0.01,False,,,14,no exact8 plane survived
2783.0,15.504582317157556,0.01,False,,,15,no valid outer-layer seed pairs
2784.0,25.1165918637334,0.01,False,,,15,no exact8 plane survived
2785.0,37.69160598021347,0.01,False,,,15,no exact8 plane survived
2786.0,19.749484063113453,0.01,False,,,15,no exact8 plane survived
2787.0,12.01001805482178,0.01,False,,,15,no valid outer-layer seed pairs
2788.0,13.01930347481453,0.01,False,,,15,no valid outer-layer seed pairs
2789.0,40.45095165299456,0.01,False,,,14,no exact8 plane survived
2792.0,79.30377197577371,0.01,False,,,14,no exact8 plane survived
2793.0,15.14266607146508,0.01,False,,,15,no valid outer-layer seed pairs
2794.0,16.328351239395083,0.01,False,,,15,no valid outer-layer seed pairs
2795.0,14.942729793339408,0.01,False,,,15,no valid outer-layer seed pairs
2796.0,39.27003272608383,0.01,False,,,15,no exact8 plane survived
2797.0,16.32192109101034,0.01,False,,,15,no valid outer-layer seed pairs
2798.0,23.78249672589221,0.01,False,,,15,no exact8 plane survived
2799.0,15.217468763665114,0.01,False,,,15,no valid outer-layer seed pairs
2800.0,44.92301681295154,0.01,False,,,14,no exact8 plane survived
2801.0,102.8869059647376,0.01,False,,,14,no exact8 plane survived
2802.0,31.97649970931965,0.01,False,,,15,no exact8 plane survived
2803.0,32.17854925476969,0.01,False,,,14,no exact8 plane survived
2804.0,10.445922347103563,0.01,False,,,15,no valid outer-layer seed pairs
2805.0,20.2000390909042,0.01,False,,,15,no exact8 plane survived
2806.0,122.19113510728208,0.01,False,,,14,no exact8 plane survived
2807.0,9.876821407170514,0.01,False,,,15,no valid outer-layer seed pairs
2809.0,48.00684438552262,0.01,False,,,14,no exact8 plane survived
2811.0,13.635396905408268,0.01,False,,,15,no valid outer-layer seed pairs
2812.0,35.865543566430446,0.01,False,,,15,no exact8 plane survived
2814.0,37.37154008575568,0.01,False,,,14,no exact8 plane survived
2815.0,24.6822797563186,0.01,False,,,15,no exact8 plane survived
2816.0,9.347207886424515,0.01,False,,,15,no valid outer-layer seed pairs
2817.0,14.040707564838907,0.01,False,,,15,no valid outer-layer seed pairs
2818.0,96.35848643125932,0.01,False,,,14,no exact8 plane survived
2819.0,108.4134076023562,0.01,False,,,14,no exact8 plane survived
2820.0,71.86976052171822,0.01,False,,,14,no exact8 plane survived
2821.0,8.871213841799511,0.01,False,,,15,no valid outer-layer seed pairs
2822.0,48.11951319578122,0.01,False,,,14,no exact8 plane survived
2824.0,22.29460161412108,0.01,False,,,15,no exact8 plane survived
2825.0,115.137431481937,0.01,False,,,14,no exact8 plane survived
2828.0,11.164468120911112,0.01,False,,,15,no valid outer-layer seed pairs
2829.0,53.16058185561201,0.01,False,,,14,no exact8 plane survived
2830.0,137.27134422432945,0.01,False,,,14,no exact8 plane survived
2831.0,72.59342239600896,0.01,False,,,14,no exact8 plane survived
2832.0,29.49240235197457,0.01,False,,,14,no exact8 plane survived
2834.0,10.488293522692274,0.01,False,,,15,no valid outer-layer seed pairs
2836.0,17.587880255564034,0.01,False,,,15,no valid outer-layer seed pairs
2837.0,38.04062363619618,0.01,False,,,14,no exact8 plane survived
2838.0,19.14116565336574,0.01,False,,,15,no exact8 plane survived
2839.0,23.122765317605047,0.01,False,,,15,no exact8 plane survived
2840.0,197.8818799739117,0.01,False,,,13,no exact8 plane survived
2841.0,37.716510437433385,0.01,False,,,15,no exact8 plane survived
2844.0,15.805204265545145,0.01,False,,,15,no valid outer-layer seed pairs
2846.0,29.29394458031681,0.01,False,,,15,no exact8 plane survived
2848.0,37.52727735794459,0.01,False,,,15,no exact8 plane survived
2849.0,37.59160061013801,0.01,False,,,14,no exact8 plane survived
2850.0,21.65108111443676,0.01,False,,,15,no exact8 plane survived
2852.0,11.925895919994726,0.01,False,,,15,no valid outer-layer seed pairs
2853.0,34.63274122797884,0.01,False,,,14,no exact8 plane survived
2855.0,43.72393150330333,0.01,False,,,14,no exact8 plane survived
2856.0,34.39092191637486,0.01,False,,,15,no exact8 plane survived
2857.0,15.575808947526165,0.01,False,,,15,no valid outer-layer seed pairs
2858.0,10.239544253587658,0.01,False,,,15,no valid outer-layer seed pairs
2859.0,57.77888562341028,0.01,False,,,14,no exact8 plane survived
2860.0,22.80831111940861,0.01,False,,,15,no exact8 plane survived
2861.0,21.83180948362408,0.01,False,,,15,no exact8 plane survived
2864.0,9.991434102393542,0.01,False,,,15,no valid outer-layer seed pairs
2865.0,35.75350280521688,0.01,False,,,14,no exact8 plane survived
2867.0,8.834322523262044,0.01,False,,,15,no valid outer-layer seed pairs
2869.0,36.341779693774,0.01,False,,,14,no exact8 plane survived
2870.0,16.04922907971747,0.01,False,,,15,no valid outer-layer seed pairs
2872.0,28.71756736318772,0.01,False,,,15,no exact8 plane survived
2874.0,14.973834968542914,0.01,False,,,15,no valid outer-layer seed pairs
2875.0,17.56191097411529,0.01,False,,,15,no valid outer-layer seed pairs
2876.0,20.487425117631048,0.01,False,,,15,no exact8 plane survived
2877.0,18.10105710558437,0.01,False,,,15,no valid outer-layer seed pairs
2878.0,7.860330851040143,0.01,False,,,15,no valid outer-layer seed pairs
2879.0,22.86688203782967,0.01,False,,,15,no exact8 plane survived
2880.0,30.01118864153701,0.01,False,,,15,no exact8 plane survived
2884.0,24.49796257101553,0.01,False,,,15,no exact8 plane survived
2885.0,30.83830933876744,0.01,False,,,15,no exact8 plane survived
2886.0,9.540003624897922,0.01,False,,,15,no valid outer-layer seed pairs
2888.0,13.312473986288676,0.01,False,,,15,no valid outer-layer seed pairs
2891.0,18.13838720483751,0.01,False,,,15,no valid outer-layer seed pairs
2892.0,15.14089048329276,0.01,False,,,15,no valid outer-layer seed pairs
2893.0,19.889230323454456,0.01,False,,,15,no exact8 plane survived
2894.0,27.62784914107672,0.01,False,,,15,no exact8 plane survived
2895.0,28.34284213994582,0.01,False,,,15,no exact8 plane survived
2896.0,12.676132310720526,0.01,False,,,15,no valid outer-layer seed pairs
2897.0,18.27366732682571,0.01,False,,,15,no valid outer-layer seed pairs
2898.0,15.769271786374704,0.01,False,,,15,no valid outer-layer seed pairs
2901.0,23.47835726183194,0.01,False,,,15,no exact8 plane survived
2903.0,10.311468404719797,0.01,False,,,15,no valid outer-layer seed pairs
2904.0,18.310261692546923,0.01,False,,,15,no valid outer-layer seed pairs
2905.0,84.8237334758531,0.01,False,,,14,no exact8 plane survived
2907.0,12.165958314708243,0.01,False,,,15,no valid outer-layer seed pairs
2908.0,14.062621887706328,0.01,False,,,15,no valid outer-layer seed pairs
2909.0,101.6617469584227,0.01,False,,,14,no exact8 plane survived
2910.0,16.391757449669264,0.01,False,,,15,no valid outer-layer seed pairs
2912.0,19.720267755090862,0.01,False,,,15,no exact8 plane survived
2913.0,18.880672046077937,0.01,False,,,15,no exact8 plane survived
2914.0,10.31590806731064,0.01,False,,,15,no valid outer-layer seed pairs
2915.0,79.0942118844979,0.01,False,,,14,no exact8 plane survived
2916.0,43.44225476361851,0.01,False,,,14,no exact8 plane survived
2917.0,23.39301632465912,0.01,False,,,15,no exact8 plane survived
2918.0,136.32310481286814,0.01,False,,,14,no exact8 plane survived
2919.0,21.68166343921195,0.01,False,,,15,no exact8 plane survived
2920.0,39.12277809402515,0.01,False,,,15,no exact8 plane survived
2921.0,29.095948231098223,0.01,False,,,15,no exact8 plane survived
2923.0,23.90379418130368,0.01,False,,,15,no exact8 plane survived
2925.0,31.12425262338824,0.01,False,,,15,no exact8 plane survived
2927.0,18.585309806754328,0.01,False,,,15,no valid outer-layer seed pairs
2928.0,30.628907476301208,0.01,False,,,15,no exact8 plane survived
2929.0,9.754477168838584,0.01,False,,,15,no valid outer-layer seed pairs
2930.0,12.647831787760826,0.01,False,,,15,no valid outer-layer seed pairs
2931.0,47.592043958186366,0.01,False,,,14,no exact8 plane survived
2932.0,18.202993992733965,0.01,False,,,15,no valid outer-layer seed pairs
2933.0,23.55927299684067,0.01,False,,,15,no exact8 plane survived
2934.0,17.60317914340265,0.01,False,,,15,no valid outer-layer seed pairs
2936.0,31.8492078641588,0.01,False,,,15,no exact8 plane survived
2941.0,14.625017921581035,0.01,False,,,15,no valid outer-layer seed pairs
2942.0,11.893679521011627,0.01,False,,,15,no valid outer-layer seed pairs
2944.0,53.43976342466159,0.01,False,,,14,no exact8 plane survived
2945.0,32.7879568474201,0.01,False,,,15,no exact8 plane survived
2946.0,63.98603956472399,0.01,False,,,14,no exact8 plane survived
2947.0,38.50437212357688,0.01,False,,,15,no exact8 plane survived
2948.0,11.1565065460865,0.01,False,,,15,no valid outer-layer seed pairs
2950.0,10.275210188584506,0.01,False,,,15,no valid outer-layer seed pairs
2952.0,20.53746305889061,0.01,False,,,15,no exact8 plane survived
2953.0,9.196864724601062,0.01,False,,,15,no valid outer-layer seed pairs
2954.0,16.750190899114372,0.01,False,,,15,no valid outer-layer seed pairs
2955.0,10.127656699820164,0.01,False,,,15,no valid outer-layer seed pairs
2956.0,41.85528564121167,0.01,False,,,14,no exact8 plane survived
2957.0,15.038964799090456,0.01,False,,,15,no valid outer-layer seed pairs
2958.0,12.383099847399436,0.01,False,,,15,no valid outer-layer seed pairs
2959.0,27.165483699922127,0.01,False,,,15,no exact8 plane survived
2960.0,18.877592408296813,0.01,False,,,15,no exact8 plane survived
2961.0,13.013821277289647,0.01,False,,,15,no valid outer-layer seed pairs
2962.0,13.73321175160792,0.01,False,,,15,no valid outer-layer seed pairs
2964.0,13.227439819954736,0.01,False,,,15,no valid outer-layer seed pairs
2966.0,16.976365461270678,0.01,False,,,15,no valid outer-layer seed pairs
2967.0,33.488867978916986,0.01,False,,,14,no exact8 plane survived
2968.0,133.7585903652821,0.01,False,,,14,no exact8 plane survived
2970.0,35.9005544140757,0.01,False,,,15,no exact8 plane survived
2971.0,12.73257637851339,0.01,False,,,15,no valid outer-layer seed pairs
2972.0,38.21423760826737,0.01,False,,,14,no exact8 plane survived
2977.0,45.995459930491975,0.01,False,,,14,no exact8 plane survived
2978.0,14.8107640289864,0.01,False,,,15,no valid outer-layer seed pairs
2980.0,21.816016839697348,0.01,False,,,15,no exact8 plane survived
2981.0,16.256785696643465,0.01,False,,,15,no valid outer-layer seed pairs
2983.0,24.130166496053747,0.01,False,,,15,no exact8 plane survived
2985.0,7.132343387315978,0.01,False,,,15,no valid outer-layer seed pairs
2988.0,19.66565937842808,0.01,False,,,15,no exact8 plane survived
2989.0,21.187052576568853,0.01,False,,,15,no exact8 plane survived
2991.0,9.916219713613229,0.01,False,,,15,no valid outer-layer seed pairs
2992.0,9.01014854812359,0.01,False,,,15,no valid outer-layer seed pairs
2993.0,16.447512413898288,0.01,False,,,15,no valid outer-layer seed pairs
2994.0,88.84224363269601,0.01,False,,,14,no exact8 plane survived
2996.0,20.75659959670735,0.01,False,,,15,no exact8 plane survived
2997.0,23.3158246230097,0.01,False,,,15,no exact8 plane survived
2998.0,10.74749687508471,0.01,False,,,15,no valid outer-layer seed pairs
2999.0,31.103338872075103,0.01,False,,,14,no exact8 plane survived
3000.0,11.331399971217756,0.01,False,,,15,no valid outer-layer seed pairs
3001.0,22.459640139348178,0.01,False,,,15,no exact8 plane survived
3002.0,10.813096885160697,0.01,False,,,15,no valid outer-layer seed pairs
3003.0,11.359014181484593,0.01,False,,,15,no valid outer-layer seed pairs
3004.0,10.155978500828612,0.01,False,,,15,no valid outer-layer seed pairs
3005.0,23.440690014318545,0.01,False,,,15,no exact8 plane survived
3006.0,24.23518361271568,0.01,False,,,15,no exact8 plane survived
3007.0,57.07407473360886,0.01,False,,,14,no exact8 plane survived
3008.0,9.900101475132388,0.01,False,,,15,no valid outer-layer seed pairs
3009.0,45.68737970611897,0.01,False,,,14,no exact8 plane survived
3010.0,10.323015062173962,0.01,False,,,15,no valid outer-layer seed pairs
3011.0,17.636628300099773,0.01,False,,,15,no valid outer-layer seed pairs
3012.0,20.766428137764024,0.01,False,,,15,no exact8 plane survived
3014.0,23.725370676273943,0.01,False,,,15,no exact8 plane survived
3015.0,64.87044539004445,0.01,False,,,14,no exact8 plane survived
3016.0,55.05076971507943,0.01,False,,,14,no exact8 plane survived
3018.0,10.373165346244638,0.01,False,,,15,no valid outer-layer seed pairs
3019.0,13.897021196036407,0.01,False,,,15,no valid outer-layer seed pairs
3020.0,86.31082587930486,0.01,False,,,14,no exact8 plane survived
3022.0,12.13206307568728,0.01,False,,,15,no valid outer-layer seed pairs
3023.0,124.06386317545766,0.01,False,,,14,no exact8 plane survived
3024.0,20.273441000165622,0.01,False,,,15,no exact8 plane survived
3025.0,100.32965389471146,0.01,False,,,14,no exact8 plane survived
3026.0,70.19588066785126,0.01,False,,,14,no exact8 plane survived
3027.0,17.900126065060793,0.01,False,,,15,no valid outer-layer seed pairs
3029.0,13.9716139139368,0.01,False,,,15,no valid outer-layer seed pairs
3030.0,43.36788369990353,0.01,False,,,14,no exact8 plane survived
3031.0,18.5695650741958,0.01,False,,,15,no valid outer-layer seed pairs
3032.0,17.316085731754217,0.01,False,,,15,no valid outer-layer seed pairs
3033.0,23.50887176036132,0.01,False,,,15,no exact8 plane survived
3034.0,13.556940335588571,0.01,False,,,15,no valid outer-layer seed pairs
3035.0,0.5364342514533562,0.01,False,,,8,no valid outer-layer seed pairs
3036.0,36.69041576995338,0.01,False,,,15,no exact8 plane survived
3037.0,36.432457039726906,0.01,False,,,14,no exact8 plane survived
3038.0,21.73654405076374,0.01,False,,,15,no exact8 plane survived
3039.0,28.46476764349269,0.01,False,,,15,no exact8 plane survived
3040.0,25.73368574987128,0.01,False,,,15,no exact8 plane survived
3041.0,14.976514269389352,0.01,False,,,15,no valid outer-layer seed pairs
3042.0,10.008778551842347,0.01,False,,,15,no valid outer-layer seed pairs
3043.0,22.86878261175293,0.01,False,,,15,no exact8 plane survived
3045.0,23.3595863775422,0.01,False,,,15,no exact8 plane survived
3046.0,20.108877407960296,0.01,False,,,15,no exact8 plane survived
3047.0,11.71284990165956,0.01,False,,,15,no valid outer-layer seed pairs
3048.0,48.49027109698748,0.01,False,,,14,no exact8 plane survived
3049.0,17.129813119532855,0.01,False,,,15,no valid outer-layer seed pairs
3051.0,73.61562704371211,0.01,False,,,14,no exact8 plane survived
3052.0,185.61280514403043,0.01,False,,,14,no exact8 plane survived
3054.0,31.90692366988261,0.01,False,,,15,no exact8 plane survived
3055.0,28.80366258473797,0.01,False,,,14,no exact8 plane survived
3057.0,51.07787256455935,0.01,False,,,14,no exact8 plane survived
3059.0,355.8254115138564,0.01,False,,,13,no exact8 plane survived
3060.0,57.91719483378712,0.01,False,,,14,no exact8 plane survived
3061.0,27.12874668501149,0.01,False,,,15,no exact8 plane survived
3062.0,45.72483551502459,0.01,False,,,14,no exact8 plane survived
3063.0,16.5092208895572,0.01,False,,,15,no valid outer-layer seed pairs
3064.0,14.80966596744197,0.01,False,,,15,no valid outer-layer seed pairs
3065.0,10.657614862083705,0.01,False,,,15,no valid outer-layer seed pairs
3066.0,42.88405046522903,0.01,False,,,15,no exact8 plane survived
3067.0,12.973450102971425,0.01,False,,,15,no valid outer-layer seed pairs
3068.0,19.08220542620888,0.01,False,,,15,no exact8 plane survived
3071.0,21.001178565398035,0.01,False,,,15,no exact8 plane survived
3072.0,19.171412961614102,0.01,False,,,15,no exact8 plane survived
3074.0,10.488871130082137,0.01,False,,,15,no valid outer-layer seed pairs
3075.0,13.51117118391169,0.01,False,,,15,no valid outer-layer seed pairs
3076.0,149.37334961868896,0.01,False,,,14,no exact8 plane survived
3078.0,24.60649169219854,0.01,False,,,15,no exact8 plane survived
3079.0,21.22323293574358,0.01,False,,,15,no exact8 plane survived
3080.0,25.45993349715828,0.01,False,,,15,no exact8 plane survived
3081.0,35.8920788746935,0.01,False,,,14,no exact8 plane survived
3082.0,15.057689206156851,0.01,False,,,15,no valid outer-layer seed pairs
3083.0,21.220205861012754,0.01,False,,,15,no exact8 plane survived
3084.0,12.539641577872,0.01,False,,,15,no valid outer-layer seed pairs
3085.0,20.07334886911284,0.01,False,,,15,no exact8 plane survived
3086.0,47.49583185973492,0.01,False,,,14,no exact8 plane survived
3087.0,25.467608886727284,0.01,False,,,15,no exact8 plane survived
3088.0,20.311927383131003,0.01,False,,,15,no exact8 plane survived
3089.0,13.076589915950656,0.01,False,,,15,no valid outer-layer seed pairs
3090.0,12.287657352988376,0.01,False,,,15,no valid outer-layer seed pairs
3091.0,34.230530532070674,0.01,False,,,15,no exact8 plane survived
3092.0,10.110801128484232,0.01,False,,,15,no valid outer-layer seed pairs
3093.0,14.716354840599658,0.01,False,,,15,no valid outer-layer seed pairs
3094.0,26.48022429700081,0.01,False,,,15,no exact8 plane survived
3096.0,70.36770448631536,0.01,False,,,14,no exact8 plane survived
3097.0,11.1500098205862,0.01,False,,,15,no valid outer-layer seed pairs
3098.0,10.359248526944508,0.01,False,,,15,no valid outer-layer seed pairs
3099.0,26.908162227448795,0.01,False,,,14,no exact8 plane survived
3100.0,22.123502516696345,0.01,False,,,15,no exact8 plane survived
3101.0,24.12125106098549,0.01,False,,,15,no exact8 plane survived
3103.0,26.69832700588101,0.01,False,,,15,no exact8 plane survived
3104.0,12.671807815962117,0.01,False,,,15,no valid outer-layer seed pairs
3105.0,11.79381249510793,0.01,False,,,15,no valid outer-layer seed pairs
3106.0,32.23146568869403,0.01,False,,,15,no exact8 plane survived
3107.0,13.171958948551422,0.01,False,,,15,no valid outer-layer seed pairs
3108.0,12.221225282034863,0.01,False,,,15,no valid outer-layer seed pairs
3109.0,43.43940769458284,0.01,False,,,14,no exact8 plane survived
3111.0,14.27475530614126,0.01,False,,,15,no valid outer-layer seed pairs
3112.0,18.811796027722448,0.01,False,,,15,no exact8 plane survived
3113.0,13.853823914031942,0.01,False,,,15,no valid outer-layer seed pairs
3118.0,22.98723563369353,0.01,False,,,15,no exact8 plane survived
3119.0,12.686443362241448,0.01,False,,,15,no valid outer-layer seed pairs
3120.0,41.57592707227912,0.01,False,,,15,no exact8 plane survived
3121.0,13.757704232182638,0.01,False,,,15,no valid outer-layer seed pairs
3122.0,16.31854704780061,0.01,False,,,15,no valid outer-layer seed pairs
3123.0,15.14236523996906,0.01,False,,,15,no valid outer-layer seed pairs
3124.0,13.3168644001926,0.01,False,,,15,no valid outer-layer seed pairs
3125.0,26.73850275937042,0.01,False,,,15,no exact8 plane survived
3127.0,7.136976062379349,0.01,False,,,15,no valid outer-layer seed pairs
3128.0,10.848131133369913,0.01,False,,,15,no valid outer-layer seed pairs
3129.0,122.58278147688983,0.01,False,,,14,no exact8 plane survived
3130.0,18.88705602344736,0.01,False,,,15,no exact8 plane survived
3131.0,6.265142244753063,0.01,False,,,15,no valid outer-layer seed pairs
3132.0,12.10178461941466,0.01,False,,,15,no valid outer-layer seed pairs
3133.0,37.732242306667686,0.01,False,,,14,no exact8 plane survived
3138.0,11.895992068320142,0.01,False,,,15,no valid outer-layer seed pairs
3139.0,14.441184635313853,0.01,False,,,15,no valid outer-layer seed pairs
3142.0,9.468325487582351,0.01,False,,,15,no valid outer-layer seed pairs
3143.0,25.310937235219058,0.01,False,,,15,no exact8 plane survived
3145.0,49.60242293634258,0.01,False,,,14,no exact8 plane survived
3146.0,13.864063564409848,0.01,False,,,15,no valid outer-layer seed pairs
3147.0,20.32326386773539,0.01,False,,,15,no exact8 plane survived
3149.0,15.09883885614993,0.01,False,,,15,no valid outer-layer seed pairs
3150.0,46.17883388436916,0.01,False,,,14,no exact8 plane survived
3151.0,11.967103282825562,0.01,False,,,15,no valid outer-layer seed pairs
3152.0,49.96520444478361,0.01,False,,,14,no exact8 plane survived
3154.0,27.89936742293869,0.01,False,,,15,no exact8 plane survived
3155.0,30.062245834887584,0.01,False,,,15,no exact8 plane survived
3156.0,22.799661945056275,0.01,False,,,15,no exact8 plane survived
3157.0,50.24574063183355,0.01,False,,,14,no exact8 plane survived
3158.0,24.82287936245373,0.01,False,,,15,no exact8 plane survived
3159.0,58.9556737837366,0.01,False,,,14,no exact8 plane survived
3160.0,30.92832735452712,0.01,False,,,15,no exact8 plane survived
3162.0,22.18663317083826,0.01,False,,,15,no exact8 plane survived
3163.0,37.77066524573937,0.01,False,,,14,no exact8 plane survived
3164.0,33.14589461692987,0.01,False,,,14,no exact8 plane survived
3165.0,12.329783697595236,0.01,False,,,15,no valid outer-layer seed pairs
3166.0,16.85159785211945,0.01,False,,,15,no valid outer-layer seed pairs
3167.0,10.503543811922276,0.01,False,,,15,no valid outer-layer seed pairs
3169.0,15.57348549021377,0.01,False,,,15,no valid outer-layer seed pairs
3172.0,34.96782970778002,0.01,False,,,14,no exact8 plane survived
3173.0,24.62331663942705,0.01,False,,,15,no exact8 plane survived
3174.0,11.66234300979636,0.01,False,,,15,no valid outer-layer seed pairs
3182.0,18.771471120904863,0.01,False,,,15,no exact8 plane survived
3183.0,74.61850073572326,0.01,False,,,14,no exact8 plane survived
3184.0,48.649374743712464,0.01,False,,,15,no exact8 plane survived
3186.0,9.94985197021704,0.01,False,,,15,no valid outer-layer seed pairs
3187.0,12.986163531479049,0.01,False,,,15,no valid outer-layer seed pairs
3188.0,11.452670656464624,0.01,False,,,15,no valid outer-layer seed pairs
3189.0,17.438062768604674,0.01,False,,,15,no valid outer-layer seed pairs
3192.0,21.726674249118137,0.01,False,,,15,no exact8 plane survived
3193.0,8.924413385829268,0.01,False,,,15,no valid outer-layer seed pairs
3194.0,33.238672105355285,0.01,False,,,14,no exact8 plane survived
3195.0,25.177257315206724,0.01,False,,,15,no exact8 plane survived
3198.0,28.412995258446696,0.01,False,,,14,no exact8 plane survived
3200.0,24.72499018806049,0.01,False,,,15,no exact8 plane survived
3201.0,31.241566419026054,0.01,False,,,14,no exact8 plane survived
3203.0,51.66566552137812,0.01,False,,,14,no exact8 plane survived
3204.0,27.2281849031978,0.01,False,,,15,no exact8 plane survived
3205.0,14.61530278008928,0.01,False,,,15,no valid outer-layer seed pairs
3206.0,20.68307617836325,0.01,False,,,15,no exact8 plane survived
3208.0,16.397094084768966,0.01,False,,,15,no valid outer-layer seed pairs
3209.0,42.90247726488458,0.01,False,,,14,no exact8 plane survived
3210.0,53.30172708202787,0.01,False,,,14,no exact8 plane survived
3211.0,101.99723154210103,0.01,False,,,14,no exact8 plane survived
3215.0,25.541469688553462,0.01,False,,,15,no exact8 plane survived
3216.0,49.160298777413885,0.01,False,,,14,no exact8 plane survived
3217.0,41.747903964327726,0.01,False,,,14,no exact8 plane survived
3218.0,25.2856776858545,0.01,False,,,15,no exact8 plane survived
3221.0,41.523854135562175,0.01,False,,,15,no exact8 plane survived
3222.0,41.17783403998996,0.01,False,,,14,no exact8 plane survived
3225.0,15.733806098088667,0.01,False,,,15,no valid outer-layer seed pairs
3226.0,17.590958621974373,0.01,False,,,15,no valid outer-layer seed pairs
3227.0,24.333271281159742,0.01,False,,,15,no exact8 plane survived
3228.0,25.262354857499368,0.01,False,,,15,no exact8 plane survived
3229.0,21.82728830516,0.01,False,,,15,no exact8 plane survived
3230.0,61.43695521859407,0.01,False,,,14,no exact8 plane survived
3232.0,12.451166197080362,0.01,False,,,15,no valid outer-layer seed pairs
3233.0,20.875450060952865,0.01,False,,,15,no exact8 plane survived
3234.0,22.01291639660045,0.01,False,,,15,no exact8 plane survived
3235.0,10.7012654352726,0.01,False,,,15,no valid outer-layer seed pairs
3238.0,15.756293800197732,0.01,False,,,15,no valid outer-layer seed pairs
3239.0,12.101399939789522,0.01,False,,,15,no valid outer-layer seed pairs
3242.0,32.95830159278188,0.01,False,,,14,no exact8 plane survived
3243.0,34.46026172787956,0.01,False,,,14,no exact8 plane survived
3245.0,429.0344293371424,0.01,False,,,13,no exact8 plane survived
3246.0,12.80873397156024,0.01,False,,,15,no valid outer-layer seed pairs
3247.0,13.599165091549738,0.01,False,,,15,no valid outer-layer seed pairs
3250.0,20.548553593098667,0.01,False,,,15,no exact8 plane survived
3252.0,9.435950007000931,0.01,False,,,15,no valid outer-layer seed pairs
3253.0,29.94264022768102,0.01,False,,,15,no exact8 plane survived
3254.0,15.195679157391965,0.01,False,,,15,no valid outer-layer seed pairs
3256.0,9.17017522202434,0.01,False,,,15,no valid outer-layer seed pairs
3257.0,9.951574315178105,0.01,False,,,15,no valid outer-layer seed pairs
3258.0,15.914524908742262,0.01,False,,,15,no valid outer-layer seed pairs
3259.0,37.25415943379368,0.01,False,,,14,no exact8 plane survived
3260.0,74.84770649265877,0.01,False,,,14,no exact8 plane survived
3262.0,28.97996378226823,0.01,False,,,15,no exact8 plane survived
3263.0,31.26299423987565,0.01,False,,,15,no exact8 plane survived
3266.0,72.0716011083569,0.01,False,,,14,no exact8 plane survived
3267.0,111.76273167839004,0.01,False,,,14,no exact8 plane survived
3269.0,35.284491134280614,0.01,False,,,15,no exact8 plane survived
3270.0,22.03547671302702,0.01,False,,,15,no exact8 plane survived
3271.0,18.218803766820947,0.01,False,,,15,no valid outer-layer seed pairs
3273.0,35.504929991861616,0.01,False,,,15,no exact8 plane survived
3274.0,22.644019173327365,0.01,False,,,15,no exact8 plane survived
3275.0,13.155908807002556,0.01,False,,,15,no valid outer-layer seed pairs
3276.0,20.25979919136957,0.01,False,,,15,no exact8 plane survived
3277.0,7.947443749301729,0.01,False,,,15,no valid outer-layer seed pairs
3278.0,32.87037126197818,0.01,False,,,15,no exact8 plane survived
3279.0,34.42984862655255,0.01,False,,,15,no exact8 plane survived
3281.0,12.216131012301709,0.01,False,,,15,no valid outer-layer seed pairs
3282.0,66.53285042998269,0.01,False,,,14,no exact8 plane survived
3283.0,14.422313527623894,0.01,False,,,15,no valid outer-layer seed pairs
3284.0,80.24103024180836,0.01,False,,,14,no exact8 plane survived
3285.0,5.271535931706103,0.01,False,,,15,no valid outer-layer seed pairs
3286.0,30.50405566703109,0.01,False,,,15,no exact8 plane survived
3287.0,9.713709658953125,0.01,False,,,15,no valid outer-layer seed pairs
3288.0,15.265544382593506,0.01,False,,,15,no valid outer-layer seed pairs
3290.0,20.6667970184576,0.01,False,,,15,no exact8 plane survived
3291.0,30.002214216010515,0.01,False,,,15,no exact8 plane survived
3292.0,14.896089299368311,0.01,False,,,15,no valid outer-layer seed pairs
3293.0,16.726015606953226,0.01,False,,,15,no valid outer-layer seed pairs
3294.0,15.345347651781692,0.01,False,,,15,no valid outer-layer seed pairs
3295.0,11.148444158567264,0.01,False,,,15,no valid outer-layer seed pairs
3296.0,15.363157453282392,0.01,False,,,15,no valid outer-layer seed pairs
3297.0,33.794741989872946,0.01,False,,,14,no exact8 plane survived
3299.0,29.12681515650936,0.01,False,,,15,no exact8 plane survived
3300.0,39.47025226372484,0.01,False,,,14,no exact8 plane survived
3301.0,15.199403937542517,0.01,False,,,15,no valid outer-layer seed pairs
3302.0,6.248408264082668,0.01,False,,,15,no valid outer-layer seed pairs
3303.0,17.937620788881897,0.01,False,,,15,no valid outer-layer seed pairs
3305.0,73.00434308924402,0.01,False,,,14,no exact8 plane survived
3308.0,11.530685140310574,0.01,False,,,15,no valid outer-layer seed pairs
3309.0,39.16227583192729,0.01,False,,,15,no exact8 plane survived
3310.0,41.52659209390213,0.01,False,,,14,no exact8 plane survived
3311.0,19.905020602648044,0.01,False,,,15,no exact8 plane survived
3314.0,41.83967103499073,0.01,False,,,14,no exact8 plane survived
3315.0,15.394628979005018,0.01,False,,,15,no valid outer-layer seed pairs
3317.0,24.3744748621002,0.01,False,,,15,no exact8 plane survived
3318.0,19.023444253182465,0.01,False,,,15,no exact8 plane survived
3319.0,18.74853643863598,0.01,False,,,15,no exact8 plane survived
3320.0,23.02641390047621,0.01,False,,,15,no exact8 plane survived
3324.0,15.276737382376464,0.01,False,,,15,no valid outer-layer seed pairs
3325.0,19.77801512443181,0.01,False,,,15,no exact8 plane survived
3327.0,24.30643516251798,0.01,False,,,15,no exact8 plane survived
3328.0,82.91034269310957,0.01,False,,,14,no exact8 plane survived
3329.0,32.88100048210714,0.01,False,,,14,no exact8 plane survived
3330.0,15.943866703469968,0.01,False,,,15,no valid outer-layer seed pairs
3333.0,13.71997846357277,0.01,False,,,15,no valid outer-layer seed pairs
3334.0,23.29287385178256,0.01,False,,,15,no exact8 plane survived
3335.0,24.94506925577972,0.01,False,,,15,no exact8 plane survived
3338.0,49.31029467455488,0.01,False,,,14,no exact8 plane survived
3341.0,12.746946645133738,0.01,False,,,15,no valid outer-layer seed pairs
3344.0,11.416959324002136,0.01,False,,,15,no valid outer-layer seed pairs
3345.0,103.43179560536666,0.01,False,,,14,no exact8 plane survived
3347.0,30.781111948126263,0.01,False,,,15,no exact8 plane survived
3348.0,153.19472671449563,0.01,False,,,14,no exact8 plane survived
3350.0,26.887532769889383,0.01,False,,,15,no exact8 plane survived
3353.0,11.408147098938809,0.01,False,,,15,no valid outer-layer seed pairs
3354.0,10.92467013649481,0.01,False,,,15,no valid outer-layer seed pairs
3356.0,56.18541059467608,0.01,False,,,14,no exact8 plane survived
3357.0,20.196812310119363,0.01,False,,,15,no exact8 plane survived
3358.0,10.453402974275113,0.01,False,,,15,no valid outer-layer seed pairs
3359.0,22.0125406481652,0.01,False,,,15,no exact8 plane survived
3360.0,79.94510740864531,0.01,False,,,14,no exact8 plane survived
3361.0,60.49140757704684,0.01,False,,,14,no exact8 plane survived
3362.0,43.04309733116407,0.01,False,,,14,no exact8 plane survived
3363.0,23.374257227890585,0.01,False,,,15,no exact8 plane survived
3365.0,26.902547767711315,0.01,False,,,15,no exact8 plane survived
3366.0,13.082936757426136,0.01,False,,,15,no valid outer-layer seed pairs
3371.0,188.7380377876728,0.01,False,,,14,no exact8 plane survived
3373.0,16.584108739133477,0.01,False,,,15,no valid outer-layer seed pairs
3375.0,36.7853763715152,0.01,False,,,15,no exact8 plane survived
3377.0,57.74425110931256,0.01,False,,,14,no exact8 plane survived
3378.0,36.51776524560262,0.01,False,,,15,no exact8 plane survived
3380.0,23.607352179512684,0.01,False,,,15,no exact8 plane survived
3381.0,27.31352753491476,0.01,False,,,15,no exact8 plane survived
3382.0,196.935192956593,0.01,False,,,14,no exact8 plane survived
3383.0,49.82029626523042,0.01,False,,,14,no exact8 plane survived
3384.0,51.70906504702791,0.01,False,,,14,no exact8 plane survived
3386.0,19.61312990451631,0.01,False,,,15,no exact8 plane survived
3388.0,24.57535301399168,0.01,False,,,15,no exact8 plane survived
3389.0,26.922932388491297,0.01,False,,,15,no exact8 plane survived
3390.0,13.94527856105301,0.01,False,,,15,no valid outer-layer seed pairs
3391.0,6.629493701155512,0.01,False,,,15,no valid outer-layer seed pairs
3392.0,39.76390149231341,0.01,False,,,14,no exact8 plane survived
3394.0,20.615597561626924,0.01,False,,,15,no exact8 plane survived
3395.0,26.07823009084456,0.01,False,,,15,no exact8 plane survived
3398.0,26.05829161221267,0.01,False,,,15,no exact8 plane survived
3399.0,22.4414221257292,0.01,False,,,15,no exact8 plane survived
3400.0,43.45300335828264,0.01,False,,,14,no exact8 plane survived
3401.0,11.255510467521896,0.01,False,,,15,no valid outer-layer seed pairs
3402.0,16.45410004906284,0.01,False,,,15,no valid outer-layer seed pairs
3403.0,349.5735048285621,0.01,False,,,13,no exact8 plane survived
3404.0,21.87710864148596,0.01,False,,,15,no exact8 plane survived
3405.0,39.47279336861308,0.01,False,,,14,no exact8 plane survived
3406.0,10.02243422335383,0.01,False,,,15,no valid outer-layer seed pairs
3407.0,11.001549724042528,0.01,False,,,15,no valid outer-layer seed pairs
3408.0,18.50789476939556,0.01,False,,,15,no valid outer-layer seed pairs
3409.0,13.668484713526384,0.01,False,,,15,no valid outer-layer seed pairs
3411.0,12.202683721306675,0.01,False,,,15,no valid outer-layer seed pairs
3414.0,23.140957950195933,0.01,False,,,15,no exact8 plane survived
3415.0,24.05925523821932,0.01,False,,,15,no exact8 plane survived
3416.0,9.92520135743081,0.01,False,,,15,no valid outer-layer seed pairs
3417.0,26.456634300799056,0.01,False,,,15,no exact8 plane survived
3418.0,55.64934202541361,0.01,False,,,14,no exact8 plane survived
3419.0,17.247456472701195,0.01,False,,,15,no valid outer-layer seed pairs
3420.0,10.043716023512411,0.01,False,,,15,no valid outer-layer seed pairs
3421.0,18.37873257465609,0.01,False,,,15,no valid outer-layer seed pairs
3422.0,22.7956720493778,0.01,False,,,15,no exact8 plane survived
3423.0,21.1633015734266,0.01,False,,,15,no exact8 plane survived
3424.0,86.09402704676936,0.01,False,,,14,no exact8 plane survived
3425.0,10.972431754881368,0.01,False,,,15,no valid outer-layer seed pairs
3426.0,32.3725683153204,0.01,False,,,14,no exact8 plane survived
3427.0,15.56969434754504,0.01,False,,,15,no valid outer-layer seed pairs
3431.0,65.30939496396613,0.01,False,,,14,no exact8 plane survived
3432.0,31.306351497282524,0.01,False,,,15,no exact8 plane survived
3434.0,32.98161801446678,0.01,False,,,15,no exact8 plane survived
3436.0,11.632264576019624,0.01,False,,,15,no valid outer-layer seed pairs
3438.0,20.231081207688167,0.01,False,,,15,no exact8 plane survived
3439.0,16.908343933577854,0.01,False,,,15,no valid outer-layer seed pairs
3442.0,109.71519748283416,0.01,False,,,14,no exact8 plane survived
3443.0,13.612489999857653,0.01,False,,,15,no valid outer-layer seed pairs
3444.0,13.86511160354048,0.01,False,,,15,no valid outer-layer seed pairs
3445.0,19.54916026915776,0.01,False,,,15,no exact8 plane survived
3447.0,13.597797441698589,0.01,False,,,15,no valid outer-layer seed pairs
3449.0,23.669021346525973,0.01,False,,,15,no exact8 plane survived
3450.0,55.95792464342458,0.01,False,,,14,no exact8 plane survived
3453.0,22.45917912509314,0.01,False,,,15,no exact8 plane survived
3454.0,60.14192967317114,0.01,False,,,14,no exact8 plane survived
3455.0,14.842217835678788,0.01,False,,,15,no valid outer-layer seed pairs
3456.0,70.41336443491966,0.01,False,,,14,no exact8 plane survived
3458.0,30.217016326207805,0.01,False,,,15,no exact8 plane survived
3459.0,14.739518456211696,0.01,False,,,15,no valid outer-layer seed pairs
3460.0,20.10722187577885,0.01,False,,,15,no exact8 plane survived
3461.0,18.045913398454584,0.01,False,,,15,no valid outer-layer seed pairs
3462.0,10.92606198220751,0.01,False,,,15,no valid outer-layer seed pairs
3463.0,17.415689960865524,0.01,False,,,15,no valid outer-layer seed pairs
3464.0,15.27314365676184,0.01,False,,,15,no valid outer-layer seed pairs
3465.0,16.42110540704101,0.01,False,,,15,no valid outer-layer seed pairs
3466.0,10.675507964694448,0.01,False,,,15,no valid outer-layer seed pairs
3467.0,17.255827298994934,0.01,False,,,15,no valid outer-layer seed pairs
3468.0,64.96242568895141,0.01,False,,,14,no exact8 plane survived
3469.0,11.273214997698776,0.01,False,,,15,no valid outer-layer seed pairs
3471.0,59.68541005965314,0.01,False,,,14,no exact8 plane survived
3472.0,7.81300516791799,0.01,False,,,15,no valid outer-layer seed pairs
3475.0,23.31154669704818,0.01,False,,,15,no exact8 plane survived
3477.0,12.99396442863676,0.01,False,,,15,no valid outer-layer seed pairs
3478.0,16.355230917783437,0.01,False,,,15,no valid outer-layer seed pairs
3479.0,63.578083289309895,0.01,False,,,14,no exact8 plane survived
3482.0,23.3841393681821,0.01,False,,,15,no exact8 plane survived
3484.0,20.700444581679324,0.01,False,,,15,no exact8 plane survived
3485.0,102.01920190537744,0.01,False,,,14,no exact8 plane survived
3486.0,11.87128825894757,0.01,False,,,15,no valid outer-layer seed pairs
3487.0,217.127618862944,0.01,False,,,13,no exact8 plane survived
3488.0,126.97385958134072,0.01,False,,,14,no exact8 plane survived
3489.0,13.434157468412414,0.01,False,,,15,no valid outer-layer seed pairs
3490.0,12.390848933311874,0.01,False,,,15,no valid outer-layer seed pairs
3491.0,10.72973651245822,0.01,False,,,15,no valid outer-layer seed pairs
3492.0,28.49471889765831,0.01,False,,,15,no exact8 plane survived
3493.0,23.933439803571936,0.01,False,,,15,no exact8 plane survived
3494.0,16.064127262778303,0.01,False,,,15,no valid outer-layer seed pairs
3495.0,61.54829168030589,0.01,False,,,14,no exact8 plane survived
3497.0,17.878127534368346,0.01,False,,,15,no valid outer-layer seed pairs
3499.0,18.469299230165472,0.01,False,,,15,no valid outer-layer seed pairs
3500.0,49.759559203292056,0.01,False,,,14,no exact8 plane survived
3501.0,42.20647902700711,0.01,False,,,14,no exact8 plane survived
3502.0,17.652292171295784,0.01,False,,,15,no valid outer-layer seed pairs
3503.0,23.65157218339652,0.01,False,,,15,no exact8 plane survived
3506.0,11.56129032529222,0.01,False,,,15,no valid outer-layer seed pairs
3508.0,19.575262367364584,0.01,False,,,15,no exact8 plane survived
3509.0,22.62753396462962,0.01,False,,,15,no exact8 plane survived
3510.0,56.38043206244471,0.01,False,,,14,no exact8 plane survived
3511.0,7.002802617638887,0.01,False,,,15,no valid outer-layer seed pairs
3513.0,12.13095177451074,0.01,False,,,15,no valid outer-layer seed pairs
3514.0,10.235669154055056,0.01,False,,,15,no valid outer-layer seed pairs
3515.0,38.0264477221112,0.01,False,,,15,no exact8 plane survived
3516.0,10.294042062796285,0.01,False,,,15,no valid outer-layer seed pairs
3517.0,53.556153930424095,0.01,False,,,14,no exact8 plane survived
3518.0,23.33222701605132,0.01,False,,,15,no exact8 plane survived
3519.0,10.489587680740174,0.01,False,,,15,no valid outer-layer seed pairs
3520.0,186.81755777419443,0.01,False,,,14,no exact8 plane survived
3521.0,17.64069595140662,0.01,False,,,15,no valid outer-layer seed pairs
3522.0,12.646714089496024,0.01,False,,,15,no valid outer-layer seed pairs
3523.0,17.955957849380727,0.01,False,,,15,no valid outer-layer seed pairs
3524.0,21.329444252513408,0.01,False,,,15,no exact8 plane survived
3525.0,17.75317906859796,0.01,False,,,15,no valid outer-layer seed pairs
3526.0,32.74662341436867,0.01,False,,,15,no exact8 plane survived
3527.0,16.140184061456296,0.01,False,,,15,no valid outer-layer seed pairs
3528.0,12.078015192495268,0.01,False,,,15,no valid outer-layer seed pairs
3530.0,16.213626623862112,0.01,False,,,15,no valid outer-layer seed pairs
3531.0,19.212424534801286,0.01,False,,,15,no exact8 plane survived
3532.0,56.27289404067468,0.01,False,,,14,no exact8 plane survived
3533.0,45.63163505940248,0.01,False,,,14,no exact8 plane survived
3534.0,34.136206675716615,0.01,False,,,15,no exact8 plane survived
3535.0,12.727334250978949,0.01,False,,,15,no valid outer-layer seed pairs
3536.0,87.15106190851125,0.01,False,,,14,no exact8 plane survived
3540.0,10.913451640827962,0.01,False,,,15,no valid outer-layer seed pairs
3543.0,51.76134772467557,0.01,False,,,14,no exact8 plane survived
3545.0,47.382352948560666,0.01,False,,,14,no exact8 plane survived
3546.0,14.090181052786091,0.01,False,,,15,no valid outer-layer seed pairs
3547.0,18.98915971633312,0.01,False,,,15,no exact8 plane survived
3548.0,51.5862156942167,0.01,False,,,14,no exact8 plane survived
3549.0,18.43437068914731,0.01,False,,,15,no valid outer-layer seed pairs
3553.0,14.630491865705098,0.01,False,,,15,no valid outer-layer seed pairs
3554.0,69.69898243905527,0.01,False,,,14,no exact8 plane survived
3555.0,23.79992002575072,0.01,False,,,15,no exact8 plane survived
3556.0,14.455926730363126,0.01,False,,,15,no valid outer-layer seed pairs
3557.0,15.625740130341017,0.01,False,,,15,no valid outer-layer seed pairs
3558.0,11.807866985885234,0.01,False,,,15,no valid outer-layer seed pairs
3560.0,50.470672420415,0.01,False,,,14,no exact8 plane survived
3561.0,49.74013828122917,0.01,False,,,15,no exact8 plane survived
3562.0,119.24766632093576,0.01,False,,,14,no exact8 plane survived
3563.0,27.343712230752946,0.01,False,,,15,no exact8 plane survived
3565.0,13.093308594997284,0.01,False,,,15,no valid outer-layer seed pairs
3566.0,20.974381547095216,0.01,False,,,15,no exact8 plane survived
3567.0,15.186427583420238,0.01,False,,,15,no valid outer-layer seed pairs
3568.0,7.195401641022506,0.01,False,,,15,no valid outer-layer seed pairs
3569.0,13.00025396420796,0.01,False,,,15,no valid outer-layer seed pairs
3570.0,26.492786182610896,0.01,False,,,15,no exact8 plane survived
3571.0,55.75271743048308,0.01,False,,,14,no exact8 plane survived
3572.0,14.217626374792337,0.01,False,,,15,no valid outer-layer seed pairs
3573.0,13.88234872470406,0.01,False,,,15,no valid outer-layer seed pairs
3574.0,15.0490031544,0.01,False,,,15,no valid outer-layer seed pairs
3575.0,51.56975463410968,0.01,False,,,14,no exact8 plane survived
3576.0,15.606083349550596,0.01,False,,,15,no valid outer-layer seed pairs
3577.0,18.38739149109871,0.01,False,,,15,no valid outer-layer seed pairs
3578.0,260.4430855819501,0.01,False,,,13,no exact8 plane survived
3581.0,12.882193568596708,0.01,False,,,15,no valid outer-layer seed pairs
3585.0,56.32592312192645,0.01,False,,,14,no exact8 plane survived
3586.0,8.73321852590416,0.01,False,,,15,no valid outer-layer seed pairs
3587.0,68.25456214091595,0.01,False,,,14,no exact8 plane survived
3588.0,105.8292360102362,0.01,False,,,14,no exact8 plane survived
3590.0,26.607597860291843,0.01,False,,,15,no exact8 plane survived
3592.0,19.086277595265624,0.01,False,,,15,no exact8 plane survived
3596.0,46.61926555853989,0.01,False,,,14,no exact8 plane survived
3598.0,14.75673879540904,0.01,False,,,15,no valid outer-layer seed pairs
3599.0,15.711723616838658,0.01,False,,,15,no valid outer-layer seed pairs
3603.0,44.77053593191592,0.01,False,,,14,no exact8 plane survived
3604.0,38.950593390014845,0.01,False,,,14,no exact8 plane survived
3606.0,29.16869579302865,0.01,False,,,15,no exact8 plane survived
3607.0,50.092750904969634,0.01,False,,,14,no exact8 plane survived
3609.0,17.577597025904254,0.01,False,,,15,no valid outer-layer seed pairs
3610.0,36.077094119146935,0.01,False,,,15,no exact8 plane survived
3611.0,19.82165540534037,0.01,False,,,15,no exact8 plane survived
3615.0,16.063906470936896,0.01,False,,,15,no valid outer-layer seed pairs
3616.0,20.098634067128025,0.01,False,,,15,no exact8 plane survived
3619.0,23.10598814335372,0.01,False,,,15,no exact8 plane survived
3620.0,12.988660387625124,0.01,False,,,15,no valid outer-layer seed pairs
3621.0,22.970313159987903,0.01,False,,,15,no exact8 plane survived
3623.0,2.264464155856336,0.01,False,,,16,no valid outer-layer seed pairs
3624.0,41.48576793446735,0.01,False,,,14,no exact8 plane survived
3625.0,12.778749169227918,0.01,False,,,15,no valid outer-layer seed pairs
3626.0,20.15683498946601,0.01,False,,,15,no exact8 plane survived
3627.0,48.7568075207182,0.01,False,,,14,no exact8 plane survived
3629.0,31.40623683984997,0.01,False,,,15,no exact8 plane survived
3630.0,16.614872884718956,0.01,False,,,15,no valid outer-layer seed pairs
3631.0,21.40005808776959,0.01,False,,,15,no exact8 plane survived
3633.0,17.677147542878515,0.01,False,,,15,no valid outer-layer seed pairs
3634.0,12.254200955628018,0.01,False,,,15,no valid outer-layer seed pairs
3635.0,14.43565432566037,0.01,False,,,15,no valid outer-layer seed pairs
3637.0,42.52687205978785,0.01,False,,,14,no exact8 plane survived
3639.0,33.22620446757509,0.01,False,,,15,no exact8 plane survived
3640.0,27.90823151911648,0.01,False,,,14,no exact8 plane survived
3642.0,16.703790588203887,0.01,False,,,15,no valid outer-layer seed pairs
3643.0,12.89848296306557,0.01,False,,,15,no valid outer-layer seed pairs
3644.0,65.44358695824589,0.01,False,,,14,no exact8 plane survived
3647.0,14.55730565624863,0.01,False,,,15,no valid outer-layer seed pairs
3648.0,13.826294084284068,0.01,False,,,15,no valid outer-layer seed pairs
3649.0,12.930016138165008,0.01,False,,,15,no valid outer-layer seed pairs
3650.0,22.549348306849712,0.01,False,,,15,no exact8 plane survived
3651.0,28.52262873782767,0.01,False,,,15,no exact8 plane survived
3653.0,78.30507020960776,0.01,False,,,14,no exact8 plane survived
3654.0,13.73206108733354,0.01,False,,,15,no valid outer-layer seed pairs
3655.0,37.70855956838219,0.01,False,,,15,no exact8 plane survived
3658.0,103.90009749074328,0.01,False,,,14,no exact8 plane survived
3661.0,22.574460974564435,0.01,False,,,15,no exact8 plane survived
3662.0,46.99191313836362,0.01,False,,,14,no exact8 plane survived
3664.0,22.367309992707987,0.01,False,,,15,no exact8 plane survived
3666.0,35.88428540475076,0.01,False,,,15,no exact8 plane survived
3667.0,18.78099364536884,0.01,False,,,15,no exact8 plane survived
3668.0,24.863323498465807,0.01,False,,,15,no exact8 plane survived
3669.0,19.23651788791142,0.01,False,,,15,no exact8 plane survived
3670.0,14.19737289665488,0.01,False,,,15,no valid outer-layer seed pairs
3671.0,38.92070268879952,0.01,False,,,15,no exact8 plane survived
3672.0,76.50209247002068,0.01,False,,,14,no exact8 plane survived
3673.0,22.577784807226823,0.01,False,,,15,no exact8 plane survived
3674.0,8.798785715550698,0.01,False,,,15,no valid outer-layer seed pairs
3677.0,38.989477392937474,0.01,False,,,14,no exact8 plane survived
3678.0,12.072287776423709,0.01,False,,,15,no valid outer-layer seed pairs
3679.0,42.60082081557624,0.01,False,,,14,no exact8 plane survived
3680.0,27.44114165953774,0.01,False,,,15,no exact8 plane survived
3681.0,15.393469640923987,0.01,False,,,15,no valid outer-layer seed pairs
3682.0,9.049345492822772,0.01,False,,,15,no valid outer-layer seed pairs
3683.0,77.40482347863376,0.01,False,,,14,no exact8 plane survived
3684.0,11.007410111485015,0.01,False,,,15,no valid outer-layer seed pairs
3686.0,13.51988119162341,0.01,False,,,15,no valid outer-layer seed pairs
3688.0,38.67608220413645,0.01,False,,,15,no exact8 plane survived
3689.0,61.53870756236098,0.01,False,,,14,no exact8 plane survived
3690.0,82.42959519793776,0.01,False,,,14,no exact8 plane survived
3691.0,12.218398544357948,0.01,False,,,15,no valid outer-layer seed pairs
3692.0,22.79692991813544,0.01,False,,,15,no exact8 plane survived
3693.0,9.7855878650804,0.01,False,,,15,no valid outer-layer seed pairs
3695.0,19.88404045737699,0.01,False,,,15,no exact8 plane survived
3696.0,25.383219039375863,0.01,False,,,15,no exact8 plane survived
3698.0,12.411926110312876,0.01,False,,,15,no valid outer-layer seed pairs
3699.0,20.79111383619637,0.01,False,,,15,no exact8 plane survived
3701.0,9.34773165814016,0.01,False,,,15,no valid outer-layer seed pairs
3702.0,9.999995655033132,0.01,False,,,15,no valid outer-layer seed pairs
3703.0,15.88394713933469,0.01,False,,,15,no valid outer-layer seed pairs
3704.0,26.115019887280617,0.01,False,,,15,no exact8 plane survived
3705.0,17.562588980575125,0.01,False,,,15,no valid outer-layer seed pairs
3706.0,93.60187729788012,0.01,False,,,14,no exact8 plane survived
3708.0,25.501986896000595,0.01,False,,,15,no exact8 plane survived
3709.0,14.569786294063142,0.01,False,,,15,no valid outer-layer seed pairs
3711.0,20.85162080472464,0.01,False,,,15,no exact8 plane survived
3712.0,20.80809176684663,0.01,False,,,15,no exact8 plane survived
3713.0,25.04998161241273,0.01,False,,,15,no exact8 plane survived
3714.0,40.49625848085053,0.01,False,,,14,no exact8 plane survived
3716.0,58.93085879354713,0.01,False,,,14,no exact8 plane survived
3717.0,21.418965433789825,0.01,False,,,15,no exact8 plane survived
3721.0,71.21568982923459,0.01,False,,,14,no exact8 plane survived
3722.0,43.61110600112509,0.01,False,,,14,no exact8 plane survived
3724.0,85.30983415349112,0.01,False,,,14,no exact8 plane survived
3725.0,11.495204588868786,0.01,False,,,15,no valid outer-layer seed pairs
3726.0,61.71979075487252,0.01,False,,,14,no exact8 plane survived
3728.0,37.81040433856765,0.01,False,,,14,no exact8 plane survived
3729.0,26.07449069396901,0.01,False,,,15,no exact8 plane survived
3730.0,22.81849785925838,0.01,False,,,15,no exact8 plane survived
3731.0,23.846922196205966,0.01,False,,,15,no exact8 plane survived
3732.0,26.20289267747309,0.01,False,,,15,no exact8 plane survived
3733.0,8.70315833294449,0.01,False,,,15,no valid outer-layer seed pairs
3734.0,27.874136788828743,0.01,False,,,15,no exact8 plane survived
3736.0,25.36115894429029,0.01,False,,,15,no exact8 plane survived
3738.0,26.935934162850057,0.01,False,,,15,no exact8 plane survived
3740.0,19.69105360005542,0.01,False,,,15,no exact8 plane survived
3741.0,119.94028027686473,0.01,False,,,14,no exact8 plane survived
3742.0,8.741662089470532,0.01,False,,,15,no valid outer-layer seed pairs
3743.0,15.818759108427791,0.01,False,,,15,no valid outer-layer seed pairs
3744.0,10.94490796977485,0.01,False,,,15,no valid outer-layer seed pairs
3745.0,12.418243295869274,0.01,False,,,15,no valid outer-layer seed pairs
3747.0,15.053965377539203,0.01,False,,,15,no valid outer-layer seed pairs
3748.0,8.936145512092525,0.01,False,,,15,no valid outer-layer seed pairs
3749.0,18.37313045498136,0.01,False,,,15,no valid outer-layer seed pairs
3750.0,45.37799256690719,0.01,False,,,14,no exact8 plane survived
3751.0,29.790436626250536,0.01,False,,,15,no exact8 plane survived
3754.0,22.232019543838376,0.01,False,,,15,no exact8 plane survived
3755.0,15.969927160525126,0.01,False,,,15,no valid outer-layer seed pairs
3756.0,16.710954750049922,0.01,False,,,15,no valid outer-layer seed pairs
3760.0,29.42867170715989,0.01,False,,,15,no exact8 plane survived
3762.0,25.20872780024565,0.01,False,,,15,no exact8 plane survived
3763.0,10.899390970673554,0.01,False,,,15,no valid outer-layer seed pairs
3765.0,29.45660954226916,0.01,False,,,14,no exact8 plane survived
3766.0,42.85285781274359,0.01,False,,,14,no exact8 plane survived
3768.0,36.16394645785592,0.01,False,,,14,no exact8 plane survived
3769.0,29.40027653003232,0.01,False,,,15,no exact8 plane survived
3770.0,41.60976798129474,0.01,False,,,14,no exact8 plane survived
3772.0,9.732841330626348,0.01,False,,,15,no valid outer-layer seed pairs
3773.0,78.43909695485135,0.01,False,,,14,no exact8 plane survived
3775.0,11.896638771331968,0.01,False,,,15,no valid outer-layer seed pairs
3776.0,17.14429723909928,0.01,False,,,15,no valid outer-layer seed pairs
3777.0,16.690251435542383,0.01,False,,,15,no valid outer-layer seed pairs
3778.0,24.361978509846764,0.01,False,,,15,no exact8 plane survived
3780.0,40.496259708382034,0.01,False,,,14,no exact8 plane survived
3781.0,50.93903617233895,0.01,False,,,14,no exact8 plane survived
3782.0,9.588680324013012,0.01,False,,,15,no valid outer-layer seed pairs
3784.0,29.509071858878787,0.01,False,,,15,no exact8 plane survived
3786.0,16.361577075135212,0.01,False,,,15,no valid outer-layer seed pairs
3788.0,55.98040315984076,0.01,False,,,14,no exact8 plane survived
3789.0,14.47589164055702,0.01,False,,,15,no valid outer-layer seed pairs
3791.0,19.83861828709728,0.01,False,,,15,no exact8 plane survived
3793.0,30.554392547380505,0.01,False,,,15,no exact8 plane survived
3795.0,152.75328645371093,0.01,False,,,14,no exact8 plane survived
3796.0,40.160962705812295,0.01,False,,,14,no exact8 plane survived
3797.0,122.26931354027629,0.01,False,,,14,no exact8 plane survived
3798.0,20.40801518824616,0.01,False,,,15,no exact8 plane survived
3800.0,21.697297497416702,0.01,False,,,15,no exact8 plane survived
3801.0,61.4856291502606,0.01,False,,,14,no exact8 plane survived
3802.0,13.841247360763548,0.01,False,,,15,no valid outer-layer seed pairs
3803.0,10.333573098658386,0.01,False,,,15,no valid outer-layer seed pairs
3804.0,15.217802350726064,0.01,False,,,15,no valid outer-layer seed pairs
3805.0,211.67821327407435,0.01,False,,,14,no exact8 plane survived
3806.0,28.41800611697844,0.01,False,,,15,no exact8 plane survived
3807.0,15.550148506991636,0.01,False,,,15,no valid outer-layer seed pairs
3808.0,47.71148090539121,0.01,False,,,14,no exact8 plane survived
3809.0,24.69898177456457,0.01,False,,,15,no exact8 plane survived
3810.0,16.977672559535694,0.01,False,,,15,no valid outer-layer seed pairs
3811.0,27.367642701607743,0.01,False,,,15,no exact8 plane survived
3812.0,46.781664247482766,0.01,False,,,14,no exact8 plane survived
3813.0,46.48024105983556,0.01,False,,,15,no exact8 plane survived
3815.0,15.550274225018848,0.01,False,,,15,no valid outer-layer seed pairs
3816.0,20.94848313690908,0.01,False,,,15,no exact8 plane survived
3817.0,16.6715847817759,0.01,False,,,15,no valid outer-layer seed pairs
3818.0,9.70769035255614,0.01,False,,,15,no valid outer-layer seed pairs
3820.0,8.062329842167765,0.01,False,,,15,no valid outer-layer seed pairs
3821.0,16.452601422325845,0.01,False,,,15,no valid outer-layer seed pairs
3822.0,34.46329852306192,0.01,False,,,15,no exact8 plane survived
3823.0,18.152361782038867,0.01,False,,,15,no valid outer-layer seed pairs
3824.0,16.73875105975738,0.01,False,,,15,no valid outer-layer seed pairs
3825.0,48.70211176497072,0.01,False,,,14,no exact8 plane survived
3827.0,52.372524300360986,0.01,False,,,14,no exact8 plane survived
3828.0,54.71301131561127,0.01,False,,,14,no exact8 plane survived
3829.0,14.438843229518238,0.01,False,,,15,no valid outer-layer seed pairs
3832.0,51.48705497844432,0.01,False,,,14,no exact8 plane survived
3834.0,15.407636471681604,0.01,False,,,15,no valid outer-layer seed pairs
3836.0,16.602104975948134,0.01,False,,,15,no valid outer-layer seed pairs
3837.0,13.759665465661062,0.01,False,,,15,no valid outer-layer seed pairs
3839.0,15.607499038832843,0.01,False,,,15,no valid outer-layer seed pairs
3840.0,30.52339316447862,0.01,False,,,15,no exact8 plane survived
3841.0,16.168208895159616,0.01,False,,,15,no valid outer-layer seed pairs
3842.0,18.409793334417337,0.01,False,,,15,no valid outer-layer seed pairs
3843.0,18.297470933351228,0.01,False,,,15,no valid outer-layer seed pairs
3844.0,10.111322970351518,0.01,False,,,15,no valid outer-layer seed pairs
3845.0,37.21997695286433,0.01,False,,,14,no exact8 plane survived
3846.0,8.489710307382325,0.01,False,,,15,no valid outer-layer seed pairs
3848.0,14.696850053298666,0.01,False,,,15,no valid outer-layer seed pairs
3850.0,19.731018778158063,0.01,False,,,15,no exact8 plane survived
3851.0,60.57529742112563,0.01,False,,,14,no exact8 plane survived
3853.0,6.834681267466611,0.01,False,,,15,no valid outer-layer seed pairs
3856.0,23.68130674488438,0.01,False,,,15,no exact8 plane survived
3857.0,6.205392514182858,0.01,False,,,15,no valid outer-layer seed pairs
3859.0,37.10823490359428,0.01,False,,,14,no exact8 plane survived
3860.0,15.654123730069845,0.01,False,,,15,no valid outer-layer seed pairs
3861.0,17.509261091223387,0.01,False,,,15,no valid outer-layer seed pairs
3862.0,11.991316232587028,0.01,False,,,15,no valid outer-layer seed pairs
3864.0,6.26573826220136,0.01,False,,,15,no valid outer-layer seed pairs
3865.0,55.965123882170005,0.01,False,,,14,no exact8 plane survived
3867.0,37.16880498684531,0.01,False,,,15,no exact8 plane survived
3869.0,93.11236174453292,0.01,False,,,14,no exact8 plane survived
3870.0,40.409868643412935,0.01,False,,,14,no exact8 plane survived
3872.0,11.416678034520215,0.01,False,,,15,no valid outer-layer seed pairs
3873.0,14.512419860922142,0.01,False,,,15,no valid outer-layer seed pairs
3874.0,11.01914026428734,0.01,False,,,15,no valid outer-layer seed pairs
3876.0,9.1016343807383,0.01,False,,,15,no valid outer-layer seed pairs
3877.0,77.12457373972931,0.01,False,,,14,no exact8 plane survived
3878.0,29.19115198323937,0.01,False,,,15,no exact8 plane survived
3880.0,17.022980048393975,0.01,False,,,15,no valid outer-layer seed pairs
3881.0,26.31217388929094,0.01,False,,,15,no exact8 plane survived
3882.0,13.044265588043388,0.01,False,,,15,no valid outer-layer seed pairs
3883.0,10.31142162161814,0.01,False,,,15,no valid outer-layer seed pairs
3884.0,33.80025809561504,0.01,False,,,15,no exact8 plane survived
3885.0,35.76099387697657,0.01,False,,,14,no exact8 plane survived
3886.0,12.900012204246147,0.01,False,,,15,no valid outer-layer seed pairs
3887.0,17.00068390214192,0.01,False,,,15,no valid outer-layer seed pairs
3889.0,11.34323600980678,0.01,False,,,15,no valid outer-layer seed pairs
3890.0,10.348143055522623,0.01,False,,,15,no valid outer-layer seed pairs
3892.0,63.46773014831119,0.01,False,,,14,no exact8 plane survived
3893.0,16.115286469083866,0.01,False,,,15,no valid outer-layer seed pairs
3895.0,9.970501467530177,0.01,False,,,15,no valid outer-layer seed pairs
3897.0,27.454230017317293,0.01,False,,,15,no exact8 plane survived
3902.0,21.420521064759026,0.01,False,,,15,no exact8 plane survived
3904.0,12.777248223098743,0.01,False,,,15,no valid outer-layer seed pairs
3905.0,12.647789019512471,0.01,False,,,15,no valid outer-layer seed pairs
3908.0,16.739360912196975,0.01,False,,,15,no valid outer-layer seed pairs
3909.0,34.11679512882331,0.01,False,,,15,no exact8 plane survived
3911.0,82.38960963256739,0.01,False,,,14,no exact8 plane survived
3912.0,14.104412060495228,0.01,False,,,15,no valid outer-layer seed pairs
3914.0,92.49576658358215,0.01,False,,,14,no exact8 plane survived
3915.0,23.46915443613157,0.01,False,,,15,no exact8 plane survived
3916.0,19.174627729925646,0.01,False,,,15,no exact8 plane survived
3917.0,11.574730895117476,0.01,False,,,15,no valid outer-layer seed pairs
3918.0,69.79455127770294,0.01,False,,,14,no exact8 plane survived
3919.0,13.263338817303657,0.01,False,,,15,no valid outer-layer seed pairs
3920.0,11.965740466131615,0.01,False,,,15,no valid outer-layer seed pairs
3921.0,11.02240296238956,0.01,False,,,15,no valid outer-layer seed pairs
3923.0,23.600691093208887,0.01,False,,,15,no exact8 plane survived
3924.0,26.04704658782544,0.01,False,,,15,no exact8 plane survived
3925.0,19.96733788254045,0.01,False,,,15,no exact8 plane survived
3926.0,214.57832694484927,0.01,False,,,14,no exact8 plane survived
3927.0,28.003825274283937,0.01,False,,,15,no exact8 plane survived
3928.0,9.857094641684894,0.01,False,,,15,no valid outer-layer seed pairs
3930.0,11.21645630640291,0.01,False,,,15,no valid outer-layer seed pairs
3931.0,25.849341710076704,0.01,False,,,15,no exact8 plane survived
3933.0,16.04677838080463,0.01,False,,,15,no valid outer-layer seed pairs
3934.0,9.315148225601671,0.01,False,,,15,no valid outer-layer seed pairs
3935.0,19.51549382999352,0.01,False,,,15,no exact8 plane survived
3936.0,121.26345211641002,0.01,False,,,14,no exact8 plane survived
3937.0,14.7857421831856,0.01,False,,,15,no valid outer-layer seed pairs
3938.0,8.920263479653794,0.01,False,,,15,no valid outer-layer seed pairs
3940.0,61.47583523230198,0.01,False,,,14,no exact8 plane survived
3941.0,22.54826557443649,0.01,False,,,15,no exact8 plane survived
3942.0,120.4461563796117,0.01,False,,,14,no exact8 plane survived
3943.0,13.731716410028415,0.01,False,,,15,no valid outer-layer seed pairs
3945.0,15.490192371335532,0.01,False,,,15,no valid outer-layer seed pairs
3946.0,30.837742400564416,0.01,False,,,15,no exact8 plane survived
3948.0,12.1534178546671,0.01,False,,,15,no valid outer-layer seed pairs
3949.0,27.286451239618334,0.01,False,,,15,no exact8 plane survived
3950.0,16.459817544594316,0.01,False,,,15,no valid outer-layer seed pairs
3951.0,14.117022028432848,0.01,False,,,15,no valid outer-layer seed pairs
3954.0,8.150690071505524,0.01,False,,,15,no valid outer-layer seed pairs
3955.0,14.832426618664698,0.01,False,,,15,no valid outer-layer seed pairs
3956.0,34.82085193537892,0.01,False,,,15,no exact8 plane survived
3957.0,172.77579051255023,0.01,False,,,14,no exact8 plane survived
3959.0,57.36319925120255,0.01,False,,,14,no exact8 plane survived
3960.0,14.063875572404887,0.01,False,,,15,no valid outer-layer seed pairs
3961.0,51.71580855542962,0.01,False,,,14,no exact8 plane survived
3962.0,13.214195692761008,0.01,False,,,15,no valid outer-layer seed pairs
3964.0,17.72049616502454,0.01,False,,,15,no valid outer-layer seed pairs
3965.0,24.65749659745345,0.01,False,,,15,no exact8 plane survived
3966.0,12.609725410726858,0.01,False,,,15,no valid outer-layer seed pairs
3967.0,65.11121564984887,0.01,False,,,14,no exact8 plane survived
3968.0,24.367716635820067,0.01,False,,,15,no exact8 plane survived
3969.0,16.09845199253258,0.01,False,,,15,no valid outer-layer seed pairs
3971.0,52.707052769789485,0.01,False,,,14,no exact8 plane survived
3972.0,13.82180885939423,0.01,False,,,15,no valid outer-layer seed pairs
3974.0,12.704896581680924,0.01,False,,,15,no valid outer-layer seed pairs
3975.0,23.87116794920308,0.01,False,,,15,no exact8 plane survived
3976.0,18.540669857547307,0.01,False,,,15,no valid outer-layer seed pairs
3977.0,12.646648182585976,0.01,False,,,15,no valid outer-layer seed pairs
3978.0,10.3424423351778,0.01,False,,,15,no valid outer-layer seed pairs
3979.0,32.55260141182875,0.01,False,,,15,no exact8 plane survived
3981.0,53.627983331715534,0.01,False,,,14,no exact8 plane survived
3984.0,42.86022799133455,0.01,False,,,14,no exact8 plane survived
3985.0,21.41278345681885,0.01,False,,,15,no exact8 plane survived
3986.0,62.96955835135344,0.01,False,,,14,no exact8 plane survived
3988.0,49.78505741065992,0.01,False,,,14,no exact8 plane survived
3990.0,41.70626946598392,0.01,False,,,14,no exact8 plane survived
3991.0,23.23768007433566,0.01,False,,,15,no exact8 plane survived
3992.0,24.02055546844286,0.01,False,,,15,no exact8 plane survived
3993.0,16.726786249551264,0.01,False,,,15,no valid outer-layer seed pairs
3995.0,10.445234849303064,0.01,False,,,15,no valid outer-layer seed pairs
3997.0,44.119364390641294,0.01,False,,,14,no exact8 plane survived
3998.0,9.80647292311178,0.01,False,,,15,no valid outer-layer seed pairs
4000.0,20.62778841295595,0.01,False,,,15,no exact8 plane survived
4001.0,6.19827719598344,0.01,False,,,15,no valid outer-layer seed pairs
4004.0,34.85307925975937,0.01,False,,,14,no exact8 plane survived
4006.0,15.788507562775171,0.01,False,,,15,no valid outer-layer seed pairs
4007.0,13.83764974323192,0.01,False,,,15,no valid outer-layer seed pairs
4008.0,109.82099874443382,0.01,False,,,14,no exact8 plane survived
4009.0,10.473306180816875,0.01,False,,,15,no valid outer-layer seed pairs
4010.0,13.485446677833393,0.01,False,,,15,no valid outer-layer seed pairs
4011.0,11.575727680165675,0.01,False,,,15,no valid outer-layer seed pairs
4013.0,28.06110810438124,0.01,False,,,15,no exact8 plane survived
4014.0,19.72069671714689,0.01,False,,,15,no exact8 plane survived
4016.0,27.74479360739916,0.01,False,,,15,no exact8 plane survived
4017.0,33.84210611647672,0.01,False,,,14,no exact8 plane survived
4018.0,61.44196453934728,0.01,False,,,14,no exact8 plane survived
4019.0,26.148728122121728,0.01,False,,,15,no exact8 plane survived
4020.0,16.87978251695726,0.01,False,,,15,no valid outer-layer seed pairs
4021.0,33.20570030950091,0.01,False,,,14,no exact8 plane survived
4022.0,18.61818551964198,0.01,False,,,15,no valid outer-layer seed pairs
4023.0,21.600746026792983,0.01,False,,,15,no exact8 plane survived
4025.0,65.64340653364773,0.01,False,,,14,no exact8 plane survived
4031.0,13.60209655242308,0.01,False,,,15,no valid outer-layer seed pairs
4033.0,68.35144509878761,0.01,False,,,14,no exact8 plane survived
4034.0,32.539269871976614,0.01,False,,,15,no exact8 plane survived
4036.0,21.252045171909607,0.01,False,,,15,no exact8 plane survived
4037.0,24.25234831054459,0.01,False,,,15,no exact8 plane survived
4038.0,23.954524142850527,0.01,False,,,15,no exact8 plane survived
4039.0,38.17913910530102,0.01,False,,,15,no exact8 plane survived
4040.0,34.540324701315726,0.01,False,,,14,no exact8 plane survived
4041.0,16.440330475452654,0.01,False,,,15,no valid outer-layer seed pairs
4042.0,11.704076699619298,0.01,False,,,15,no valid outer-layer seed pairs
4043.0,18.91383660904686,0.01,False,,,15,no exact8 plane survived
4044.0,30.984058519563288,0.01,False,,,15,no exact8 plane survived
4045.0,14.887941230712102,0.01,False,,,15,no valid outer-layer seed pairs
4046.0,22.03304716986624,0.01,False,,,15,no exact8 plane survived
4047.0,11.120222280760949,0.01,False,,,15,no valid outer-layer seed pairs
4048.0,9.645045797152813,0.01,False,,,15,no valid outer-layer seed pairs
4049.0,16.77866329225899,0.01,False,,,15,no valid outer-layer seed pairs
4050.0,171.26541763479867,0.01,False,,,14,no exact8 plane survived
4052.0,20.603648649321297,0.01,False,,,15,no exact8 plane survived
4055.0,46.91555660240858,0.01,False,,,14,no exact8 plane survived
4056.0,37.88366451624436,0.01,False,,,14,no exact8 plane survived
4058.0,16.0133871729334,0.01,False,,,15,no valid outer-layer seed pairs
4059.0,37.33737382286681,0.01,False,,,14,no exact8 plane survived
4060.0,18.282552444412527,0.01,False,,,15,no valid outer-layer seed pairs
4061.0,7.337046419860785,0.01,False,,,15,no valid outer-layer seed pairs
4062.0,12.455275493285978,0.01,False,,,15,no valid outer-layer seed pairs
4063.0,19.085228555413213,0.01,False,,,15,no exact8 plane survived
4064.0,11.0762110247692,0.01,False,,,15,no valid outer-layer seed pairs
4065.0,9.8294320866095,0.01,False,,,15,no valid outer-layer seed pairs
4067.0,40.39559081551346,0.01,False,,,14,no exact8 plane survived
4069.0,33.32189580191669,0.01,False,,,15,no exact8 plane survived
4071.0,12.646389006033145,0.01,False,,,15,no valid outer-layer seed pairs
4072.0,13.57550026075881,0.01,False,,,15,no valid outer-layer seed pairs
4073.0,17.18435655685811,0.01,False,,,15,no valid outer-layer seed pairs
4078.0,16.522560546509037,0.01,False,,,15,no valid outer-layer seed pairs
4079.0,37.93937732668402,0.01,False,,,15,no exact8 plane survived
4080.0,60.97947618806615,0.01,False,,,14,no exact8 plane survived
4081.0,22.167244363816245,0.01,False,,,15,no exact8 plane survived
4082.0,22.56736253477564,0.01,False,,,15,no exact8 plane survived
4083.0,33.738534239885134,0.01,False,,,15,no exact8 plane survived
4086.0,28.77445354740613,0.01,False,,,15,no exact8 plane survived
4087.0,10.051884753440245,0.01,False,,,15,no valid outer-layer seed pairs
4088.0,12.031167388147022,0.01,False,,,15,no valid outer-layer seed pairs
4089.0,11.861288109590175,0.01,False,,,15,no valid outer-layer seed pairs
4090.0,18.567375350708858,0.01,False,,,15,no valid outer-layer seed pairs
4091.0,10.529146925773713,0.01,False,,,15,no valid outer-layer seed pairs
4092.0,16.06968530369278,0.01,False,,,15,no valid outer-layer seed pairs
4094.0,22.46025286205732,0.01,False,,,15,no exact8 plane survived
4095.0,17.599222952331342,0.01,False,,,15,no valid outer-layer seed pairs
4096.0,13.230986975749818,0.01,False,,,15,no valid outer-layer seed pairs
4098.0,11.988208359468084,0.01,False,,,15,no valid outer-layer seed pairs
4100.0,16.635755054675304,0.01,False,,,15,no valid outer-layer seed pairs
4102.0,28.332469441624923,0.01,False,,,15,no exact8 plane survived
4103.0,39.43659482326253,0.01,False,,,15,no exact8 plane survived
4104.0,37.881613872348254,0.01,False,,,14,no exact8 plane survived
4105.0,17.350566377323787,0.01,False,,,15,no valid outer-layer seed pairs
4106.0,14.394089806581542,0.01,False,,,15,no valid outer-layer seed pairs
4107.0,46.30535302676646,0.01,False,,,14,no exact8 plane survived
4108.0,27.805677914346926,0.01,False,,,14,no exact8 plane survived
4109.0,13.777347806772871,0.01,False,,,15,no valid outer-layer seed pairs
4110.0,29.438275338528705,0.01,False,,,15,no exact8 plane survived
4112.0,133.21776364622306,0.01,False,,,14,no exact8 plane survived
4113.0,10.982443377409162,0.01,False,,,15,no valid outer-layer seed pairs
4114.0,17.74869153297831,0.01,False,,,15,no valid outer-layer seed pairs
4115.0,49.06375266286332,0.01,False,,,14,no exact8 plane survived
4116.0,14.45164085930449,0.01,False,,,15,no valid outer-layer seed pairs
4118.0,17.935290695036606,0.01,False,,,15,no valid outer-layer seed pairs
4119.0,15.055149468820762,0.01,False,,,15,no valid outer-layer seed pairs
4120.0,78.2150169654601,0.01,False,,,14,no exact8 plane survived
4121.0,54.727664078404594,0.01,False,,,14,no exact8 plane survived
4122.0,15.590529630732547,0.01,False,,,15,no valid outer-layer seed pairs
4124.0,10.715052775705736,0.01,False,,,15,no valid outer-layer seed pairs
4125.0,26.81693165406543,0.01,False,,,15,no exact8 plane survived
4126.0,12.369534779234202,0.01,False,,,15,no valid outer-layer seed pairs
4127.0,12.78153595548383,0.01,False,,,15,no valid outer-layer seed pairs
4128.0,26.281859105924937,0.01,False,,,15,no exact8 plane survived
4129.0,16.0202285230706,0.01,False,,,15,no valid outer-layer seed pairs
4132.0,11.990717757715055,0.01,False,,,15,no valid outer-layer seed pairs
4133.0,38.447399031282416,0.01,False,,,14,no exact8 plane survived
4134.0,12.989635471956612,0.01,False,,,15,no valid outer-layer seed pairs
4135.0,262.773171870234,0.01,False,,,13,no exact8 plane survived
4136.0,25.90696379126797,0.01,False,,,15,no exact8 plane survived
4138.0,11.806817856705564,0.01,False,,,15,no valid outer-layer seed pairs
4139.0,11.950454513317595,0.01,False,,,15,no valid outer-layer seed pairs
4141.0,37.01125745316388,0.01,False,,,14,no exact8 plane survived
4142.0,102.90469178296404,0.01,False,,,14,no exact8 plane survived
4144.0,16.7788218565979,0.01,False,,,15,no valid outer-layer seed pairs
4145.0,11.295927092470956,0.01,False,,,15,no valid outer-layer seed pairs
4146.0,29.822454342713897,0.01,False,,,14,no exact8 plane survived
4147.0,42.24158230731145,0.01,False,,,14,no exact8 plane survived
4148.0,11.636526970889834,0.01,False,,,15,no valid outer-layer seed pairs
4149.0,10.36796324396925,0.01,False,,,15,no valid outer-layer seed pairs
4150.0,14.27403095900332,0.01,False,,,15,no valid outer-layer seed pairs
4151.0,9.21161429482027,0.01,False,,,15,no valid outer-layer seed pairs
4155.0,17.733287126641798,0.01,False,,,15,no valid outer-layer seed pairs
4156.0,8.610018714127637,0.01,False,,,15,no valid outer-layer seed pairs
4158.0,10.85595122943325,0.01,False,,,15,no valid outer-layer seed pairs
4159.0,41.674133981585,0.01,False,,,14,no exact8 plane survived
4160.0,30.95984857589741,0.01,False,,,14,no exact8 plane survived
4161.0,20.62950480363848,0.01,False,,,15,no exact8 plane survived
4163.0,41.86204837285448,0.01,False,,,14,no exact8 plane survived
4166.0,35.737894731832405,0.01,False,,,14,no exact8 plane survived
4167.0,38.12972976869031,0.01,False,,,14,no exact8 plane survived
4168.0,30.80854946457511,0.01,False,,,14,no exact8 plane survived
4169.0,25.963113884545912,0.01,False,,,15,no exact8 plane survived
4170.0,78.01468110467013,0.01,False,,,14,no exact8 plane survived
4171.0,111.30505600293732,0.01,False,,,14,no exact8 plane survived
4172.0,8.269172303423273,0.01,False,,,15,no valid outer-layer seed pairs
4173.0,22.47408462800093,0.01,False,,,15,no exact8 plane survived
4174.0,77.71882485477629,0.01,False,,,14,no exact8 plane survived
4175.0,17.32876483745034,0.01,False,,,15,no valid outer-layer seed pairs
4178.0,1.986837076865344,0.01,False,,,16,no valid outer-layer seed pairs
4179.0,67.21326244801337,0.01,False,,,14,no exact8 plane survived
4180.0,13.065725185893443,0.01,False,,,15,no valid outer-layer seed pairs
4181.0,56.51945635096981,0.01,False,,,14,no exact8 plane survived
4182.0,89.33378382628429,0.01,False,,,14,no exact8 plane survived
4184.0,62.25317330831903,0.01,False,,,14,no exact8 plane survived
4186.0,43.60933482303787,0.01,False,,,14,no exact8 plane survived
4187.0,34.44634739219984,0.01,False,,,14,no exact8 plane survived
4188.0,12.032013972531374,0.01,False,,,15,no valid outer-layer seed pairs
4190.0,45.94793505103949,0.01,False,,,14,no exact8 plane survived
4191.0,27.10959695620756,0.01,False,,,15,no exact8 plane survived
4192.0,16.31270334632181,0.01,False,,,15,no valid outer-layer seed pairs
4193.0,14.952202542901205,0.01,False,,,15,no valid outer-layer seed pairs
4194.0,13.348113187716065,0.01,False,,,15,no valid outer-layer seed pairs
4196.0,21.18714193515138,0.01,False,,,15,no exact8 plane survived
4197.0,46.498233258600486,0.01,False,,,14,no exact8 plane survived
4198.0,14.389770228435845,0.01,False,,,15,no valid outer-layer seed pairs
4199.0,10.440663100862984,0.01,False,,,15,no valid outer-layer seed pairs
4200.0,27.39271010893661,0.01,False,,,15,no exact8 plane survived
4201.0,48.86928528881449,0.01,False,,,14,no exact8 plane survived
4202.0,26.005508931334763,0.01,False,,,15,no exact8 plane survived
4203.0,11.0764455175828,0.01,False,,,15,no valid outer-layer seed pairs
4204.0,7.557051518103902,0.01,False,,,15,no valid outer-layer seed pairs
4207.0,88.33761280059976,0.01,False,,,14,no exact8 plane survived
4208.0,41.412702505084354,0.01,False,,,14,no exact8 plane survived
4209.0,8.157805952399531,0.01,False,,,15,no valid outer-layer seed pairs
4211.0,26.910691352557983,0.01,False,,,15,no exact8 plane survived
4212.0,16.858035542711388,0.01,False,,,15,no valid outer-layer seed pairs
4213.0,9.356671753647026,0.01,False,,,15,no valid outer-layer seed pairs
4215.0,14.724640923948558,0.01,False,,,15,no valid outer-layer seed pairs
4216.0,12.834331721367604,0.01,False,,,15,no valid outer-layer seed pairs
4217.0,18.76886606237048,0.01,False,,,15,no exact8 plane survived
4218.0,35.95511646209269,0.01,False,,,15,no exact8 plane survived
4221.0,41.6811262367312,0.01,False,,,15,no exact8 plane survived
4222.0,23.877800433042644,0.01,False,,,15,no exact8 plane survived
4223.0,37.33065745488853,0.01,False,,,14,no exact8 plane survived
4224.0,122.3772526151703,0.01,False,,,14,no exact8 plane survived
4225.0,41.14174667495114,0.01,False,,,14,no exact8 plane survived
4226.0,12.961081293950624,0.01,False,,,15,no valid outer-layer seed pairs
4227.0,6.259431255439986,0.01,False,,,15,no valid outer-layer seed pairs
4228.0,15.712646283148814,0.01,False,,,15,no valid outer-layer seed pairs
4230.0,22.3934420224722,0.01,False,,,15,no exact8 plane survived
4231.0,28.57207820279332,0.01,False,,,14,no exact8 plane survived
4232.0,56.42720649526674,0.01,False,,,14,no exact8 plane survived
4233.0,22.23800593727471,0.01,False,,,15,no exact8 plane survived
4234.0,6.29307013815401,0.01,False,,,15,no valid outer-layer seed pairs
4235.0,47.360040637494166,0.01,False,,,14,no exact8 plane survived
4236.0,20.97928898905573,0.01,False,,,15,no exact8 plane survived
4237.0,81.41829545315449,0.01,False,,,14,no exact8 plane survived
4239.0,169.14374028881355,0.01,False,,,14,no exact8 plane survived
4242.0,52.35848646659728,0.01,False,,,14,no exact8 plane survived
4243.0,15.469853120111525,0.01,False,,,15,no valid outer-layer seed pairs
4244.0,57.323084223749895,0.01,False,,,14,no exact8 plane survived
4246.0,51.20168735701892,0.01,False,,,14,no exact8 plane survived
4247.0,38.82100437860066,0.01,False,,,14,no exact8 plane survived
4249.0,48.24162930790303,0.01,False,,,14,no exact8 plane survived
4250.0,11.217328965859728,0.01,False,,,15,no valid outer-layer seed pairs
4252.0,25.33164400256008,0.01,False,,,15,no exact8 plane survived
4254.0,44.72587484148191,0.01,False,,,14,no exact8 plane survived
4255.0,18.59254850845945,0.01,False,,,15,no valid outer-layer seed pairs
4258.0,10.99570550445488,0.01,False,,,15,no valid outer-layer seed pairs
4259.0,12.194610237338413,0.01,False,,,15,no valid outer-layer seed pairs
4260.0,16.01307693949559,0.01,False,,,15,no valid outer-layer seed pairs
4261.0,28.5029785996052,0.01,False,,,15,no exact8 plane survived
4262.0,125.55873348302656,0.01,False,,,14,no exact8 plane survived
4264.0,28.122026090519025,0.01,False,,,14,no exact8 plane survived
4265.0,31.949028740702875,0.01,False,,,15,no exact8 plane survived
4266.0,14.785245319477976,0.01,False,,,15,no valid outer-layer seed pairs
4267.0,25.86485773866882,0.01,False,,,15,no exact8 plane survived
4268.0,14.000759617774897,0.01,False,,,15,no valid outer-layer seed pairs
4272.0,13.392665331280824,0.01,False,,,15,no valid outer-layer seed pairs
4273.0,23.12643389978944,0.01,False,,,15,no exact8 plane survived
4274.0,13.4786779380535,0.01,False,,,15,no valid outer-layer seed pairs
4275.0,17.390217605927763,0.01,False,,,15,no valid outer-layer seed pairs
4276.0,11.784470871880789,0.01,False,,,15,no valid outer-layer seed pairs
4277.0,11.335444270789964,0.01,False,,,15,no valid outer-layer seed pairs
4278.0,44.957269854361805,0.01,False,,,14,no exact8 plane survived
4279.0,58.06572945556939,0.01,False,,,14,no exact8 plane survived
4280.0,21.302020546826256,0.01,False,,,15,no exact8 plane survived
4281.0,17.65492109601486,0.01,False,,,15,no valid outer-layer seed pairs
4282.0,15.094908287365968,0.01,False,,,15,no valid outer-layer seed pairs
4283.0,16.93465032262744,0.01,False,,,15,no valid outer-layer seed pairs
4285.0,19.12805402810779,0.01,False,,,15,no exact8 plane survived
4287.0,9.772926442965334,0.01,False,,,15,no valid outer-layer seed pairs
4289.0,27.6872964633178,0.01,False,,,15,no exact8 plane survived
4290.0,16.74025660138885,0.01,False,,,15,no valid outer-layer seed pairs
4293.0,18.361808794106377,0.01,False,,,15,no valid outer-layer seed pairs
4294.0,27.9996590405655,0.01,False,,,14,no exact8 plane survived
4295.0,16.343817060573286,0.01,False,,,15,no valid outer-layer seed pairs
4296.0,13.847386133727603,0.01,False,,,15,no valid outer-layer seed pairs
4297.0,47.54296197777246,0.01,False,,,14,no exact8 plane survived
4300.0,9.955181451626324,0.01,False,,,15,no valid outer-layer seed pairs
4301.0,10.65839154720974,0.01,False,,,15,no valid outer-layer seed pairs
4302.0,4.518285068150498,0.01,False,,,15,no valid outer-layer seed pairs
4303.0,17.771560267788143,0.01,False,,,15,no valid outer-layer seed pairs
4306.0,15.564377202132464,0.01,False,,,15,no valid outer-layer seed pairs
4307.0,11.757682619161528,0.01,False,,,15,no valid outer-layer seed pairs
4308.0,11.116143480706036,0.01,False,,,15,no valid outer-layer seed pairs
4309.0,97.58624046118592,0.01,False,,,14,no exact8 plane survived
4311.0,42.16206810454698,0.01,False,,,14,no exact8 plane survived
4312.0,14.35706196421645,0.01,False,,,15,no valid outer-layer seed pairs
4313.0,65.47494289816268,0.01,False,,,14,no exact8 plane survived
4315.0,12.062162461617705,0.01,False,,,15,no valid outer-layer seed pairs
4317.0,36.53453387913716,0.01,False,,,14,no exact8 plane survived
4320.0,12.590532044780556,0.01,False,,,15,no valid outer-layer seed pairs
4322.0,29.73316424909212,0.01,False,,,15,no exact8 plane survived
4325.0,10.713618752624336,0.01,False,,,15,no valid outer-layer seed pairs
4326.0,11.18327001782926,0.01,False,,,15,no valid outer-layer seed pairs
4328.0,21.942230179679104,0.01,False,,,15,no exact8 plane survived
4329.0,17.246164034471924,0.01,False,,,15,no valid outer-layer seed pairs
4330.0,13.07040035814214,0.01,False,,,15,no valid outer-layer seed pairs
4331.0,17.143389582985275,0.01,False,,,15,no valid outer-layer seed pairs
4332.0,15.078654984959538,0.01,False,,,15,no valid outer-layer seed pairs
4334.0,26.59863920451305,0.01,False,,,15,no exact8 plane survived
4335.0,17.7269034052957,0.01,False,,,15,no valid outer-layer seed pairs
4336.0,36.789588626839176,0.01,False,,,15,no exact8 plane survived
4337.0,55.6596295538261,0.01,False,,,14,no exact8 plane survived
4338.0,33.641588373596434,0.01,False,,,15,no exact8 plane survived
4339.0,18.04905155296716,0.01,False,,,15,no valid outer-layer seed pairs
4340.0,5.558303867231592,0.01,False,,,15,no valid outer-layer seed pairs
4341.0,18.01011681206042,0.01,False,,,15,no valid outer-layer seed pairs
4342.0,15.793574290635258,0.01,False,,,15,no valid outer-layer seed pairs
4343.0,12.803195463656408,0.01,False,,,15,no valid outer-layer seed pairs
4345.0,20.7787834004082,0.01,False,,,15,no exact8 plane survived
4348.0,22.07633377042458,0.01,False,,,15,no exact8 plane survived
4349.0,35.92391040222369,0.01,False,,,15,no exact8 plane survived
4350.0,25.189813221958502,0.01,False,,,15,no exact8 plane survived
4351.0,19.38403967675104,0.01,False,,,15,no exact8 plane survived
4352.0,11.932913844425332,0.01,False,,,15,no valid outer-layer seed pairs
4353.0,10.54151125891774,0.01,False,,,15,no valid outer-layer seed pairs
4354.0,13.317723114846856,0.01,False,,,15,no valid outer-layer seed pairs
4355.0,12.267952905982323,0.01,False,,,15,no valid outer-layer seed pairs
4356.0,10.153887223453523,0.01,False,,,15,no valid outer-layer seed pairs
4357.0,30.367528410654906,0.01,False,,,15,no exact8 plane survived
4359.0,41.911735507503614,0.01,False,,,15,no exact8 plane survived
4360.0,41.41494404994776,0.01,False,,,14,no exact8 plane survived
4361.0,13.370561916236817,0.01,False,,,15,no valid outer-layer seed pairs
4362.0,26.186610231707064,0.01,False,,,15,no exact8 plane survived
4363.0,27.424212487807186,0.01,False,,,15,no exact8 plane survived
4367.0,19.91683907915715,0.01,False,,,15,no exact8 plane survived
4369.0,153.56050100402834,0.01,False,,,14,no exact8 plane survived
4372.0,9.923388145223996,0.01,False,,,15,no valid outer-layer seed pairs
4374.0,18.762449138159177,0.01,False,,,15,no exact8 plane survived
4375.0,13.894425713774726,0.01,False,,,15,no valid outer-layer seed pairs
4377.0,20.8408575783508,0.01,False,,,15,no exact8 plane survived
4378.0,14.694989932272351,0.01,False,,,15,no valid outer-layer seed pairs
4379.0,22.1520867010369,0.01,False,,,15,no exact8 plane survived
4380.0,65.35317591081913,0.01,False,,,14,no exact8 plane survived
4382.0,10.574694625109323,0.01,False,,,15,no valid outer-layer seed pairs
4384.0,16.173682010981334,0.01,False,,,15,no valid outer-layer seed pairs
4386.0,24.860032506980115,0.01,False,,,15,no exact8 plane survived
4387.0,33.804546684625834,0.01,False,,,15,no exact8 plane survived
4388.0,22.327816053146066,0.01,False,,,15,no exact8 plane survived
4390.0,23.67470996426845,0.01,False,,,15,no exact8 plane survived
4391.0,16.578916459279395,0.01,False,,,15,no valid outer-layer seed pairs
4392.0,37.161612713291824,0.01,False,,,15,no exact8 plane survived
4394.0,8.57747454921726,0.01,False,,,15,no valid outer-layer seed pairs
4396.0,52.507176183316005,0.01,False,,,14,no exact8 plane survived
4397.0,17.067306279183853,0.01,False,,,15,no valid outer-layer seed pairs
4398.0,9.527932344169503,0.01,False,,,15,no valid outer-layer seed pairs
4399.0,14.707594041721563,0.01,False,,,15,no valid outer-layer seed pairs
4401.0,69.18063115940262,0.01,False,,,14,no exact8 plane survived
4402.0,79.14195064489773,0.01,False,,,14,no exact8 plane survived
4405.0,23.27987703512424,0.01,False,,,15,no exact8 plane survived
4406.0,7.89344885540399,0.01,False,,,15,no valid outer-layer seed pairs
4408.0,11.765732736672875,0.01,False,,,15,no valid outer-layer seed pairs
4411.0,26.340888002647905,0.01,False,,,15,no exact8 plane survived
4412.0,21.25501930940271,0.01,False,,,15,no exact8 plane survived
4413.0,12.920240012896077,0.01,False,,,15,no valid outer-layer seed pairs
4415.0,28.99335703118554,0.01,False,,,15,no exact8 plane survived
4417.0,14.320113484151411,0.01,False,,,15,no valid outer-layer seed pairs
4418.0,39.68097829148995,0.01,False,,,14,no exact8 plane survived
4423.0,14.451493970816422,0.01,False,,,15,no valid outer-layer seed pairs
4424.0,10.95154406790716,0.01,False,,,15,no valid outer-layer seed pairs
4425.0,27.601527907949663,0.01,False,,,15,no exact8 plane survived
4427.0,34.76189188851051,0.01,False,,,14,no exact8 plane survived
4428.0,11.266270250211658,0.01,False,,,15,no valid outer-layer seed pairs
4429.0,59.16724526135493,0.01,False,,,14,no exact8 plane survived
4432.0,13.318162046199753,0.01,False,,,15,no valid outer-layer seed pairs
4433.0,10.526724392757274,0.01,False,,,15,no valid outer-layer seed pairs
4434.0,17.700260647713634,0.01,False,,,15,no valid outer-layer seed pairs
4436.0,28.6159808691329,0.01,False,,,14,no exact8 plane survived
4437.0,35.291537222048355,0.01,False,,,14,no exact8 plane survived
4439.0,9.26440955771494,0.01,False,,,15,no valid outer-layer seed pairs
4440.0,18.60761148391474,0.01,False,,,15,no valid outer-layer seed pairs
4441.0,14.953935604329695,0.01,False,,,15,no valid outer-layer seed pairs
4443.0,22.3597561564052,0.01,False,,,15,no exact8 plane survived
4447.0,46.98386041243952,0.01,False,,,14,no exact8 plane survived
4448.0,18.420722932728708,0.01,False,,,15,no valid outer-layer seed pairs
4449.0,10.279083985661256,0.01,False,,,15,no valid outer-layer seed pairs
4450.0,38.5314969704981,0.01,False,,,14,no exact8 plane survived
4453.0,15.014333747985654,0.01,False,,,15,no valid outer-layer seed pairs
4454.0,102.96130308161312,0.01,False,,,14,no exact8 plane survived
4456.0,20.199648830530656,0.01,False,,,15,no exact8 plane survived
4457.0,14.271680301838169,0.01,False,,,15,no valid outer-layer seed pairs
4458.0,406.9229748961852,0.01,False,,,13,no exact8 plane survived
4460.0,36.52704406024806,0.01,False,,,15,no exact8 plane survived
4461.0,15.058213152610954,0.01,False,,,15,no valid outer-layer seed pairs
4464.0,73.54475442443888,0.01,False,,,14,no exact8 plane survived
4465.0,12.804853573634915,0.01,False,,,15,no valid outer-layer seed pairs
4466.0,24.12328000594952,0.01,False,,,15,no exact8 plane survived
4467.0,24.56954221584072,0.01,False,,,15,no exact8 plane survived
4470.0,1.2328420629956849,0.01,False,,,16,no valid outer-layer seed pairs
4472.0,36.11237028841128,0.01,False,,,14,no exact8 plane survived
4473.0,23.6551148540788,0.01,False,,,15,no exact8 plane survived
4474.0,11.727803202678247,0.01,False,,,15,no valid outer-layer seed pairs
4476.0,98.73048739258108,0.01,False,,,14,no exact8 plane survived
4478.0,27.15633145728071,0.01,False,,,15,no exact8 plane survived
4480.0,26.731216840018693,0.01,False,,,15,no exact8 plane survived
4481.0,18.025196881458296,0.01,False,,,15,no valid outer-layer seed pairs
4482.0,10.476071108221484,0.01,False,,,15,no valid outer-layer seed pairs
4484.0,17.523124410076345,0.01,False,,,15,no valid outer-layer seed pairs
4487.0,20.848869985809788,0.01,False,,,15,no exact8 plane survived
4488.0,59.98923284086389,0.01,False,,,14,no exact8 plane survived
4489.0,39.84351743617805,0.01,False,,,14,no exact8 plane survived
4490.0,23.996584296544743,0.01,False,,,15,no exact8 plane survived
4491.0,20.92341109183469,0.01,False,,,15,no exact8 plane survived
4492.0,32.01276964559795,0.01,False,,,14,no exact8 plane survived
4494.0,24.351344540504748,0.01,False,,,15,no exact8 plane survived
4496.0,131.49101366429466,0.01,False,,,14,no exact8 plane survived
4498.0,25.30983604902773,0.01,False,,,15,no exact8 plane survived
4499.0,13.787009035471517,0.01,False,,,15,no valid outer-layer seed pairs
4500.0,40.98491651342413,0.01,False,,,14,no exact8 plane survived
4502.0,9.77306951581199,0.01,False,,,15,no valid outer-layer seed pairs
4503.0,19.181832206236187,0.01,False,,,15,no exact8 plane survived
4504.0,14.198053591160908,0.01,False,,,15,no valid outer-layer seed pairs
4505.0,17.07661818342106,0.01,False,,,15,no valid outer-layer seed pairs
4506.0,28.903382890763044,0.01,False,,,14,no exact8 plane survived
4507.0,10.162943844177075,0.01,False,,,15,no valid outer-layer seed pairs
4508.0,14.56061904796736,0.01,False,,,15,no valid outer-layer seed pairs
4510.0,208.6139688090865,0.01,False,,,14,no exact8 plane survived
4511.0,12.97651615899638,0.01,False,,,15,no valid outer-layer seed pairs
4512.0,24.366243933896843,0.01,False,,,15,no exact8 plane survived
4513.0,42.13574738309889,0.01,False,,,14,no exact8 plane survived
4514.0,127.07728010267766,0.01,False,,,14,no exact8 plane survived
4515.0,30.77536749395689,0.01,False,,,15,no exact8 plane survived
4516.0,21.761715331434186,0.01,False,,,15,no exact8 plane survived
4517.0,33.78452319310976,0.01,False,,,14,no exact8 plane survived
4518.0,24.584066641630905,0.01,False,,,15,no exact8 plane survived
4519.0,17.108415352275024,0.01,False,,,15,no valid outer-layer seed pairs
4520.0,41.114342667602486,0.01,False,,,15,no exact8 plane survived
4522.0,13.282524211388475,0.01,False,,,15,no valid outer-layer seed pairs
4523.0,36.59503868812432,0.01,False,,,14,no exact8 plane survived
4525.0,24.70256521675565,0.01,False,,,15,no exact8 plane survived
4526.0,203.873300104086,0.01,False,,,14,no exact8 plane survived
4527.0,31.15014812340309,0.01,False,,,15,no exact8 plane survived
4528.0,76.18659152187026,0.01,False,,,14,no exact8 plane survived
4529.0,24.14108000865413,0.01,False,,,15,no exact8 plane survived
4531.0,23.77502322838432,0.01,False,,,15,no exact8 plane survived
4532.0,37.63427616296483,0.01,False,,,15,no exact8 plane survived
4533.0,12.788277666115652,0.01,False,,,15,no valid outer-layer seed pairs
4534.0,14.518129428342936,0.01,False,,,15,no valid outer-layer seed pairs
4535.0,29.361048420563552,0.01,False,,,15,no exact8 plane survived
4536.0,42.36241564982269,0.01,False,,,14,no exact8 plane survived
4538.0,12.781840062799484,0.01,False,,,15,no valid outer-layer seed pairs
4539.0,4.174557806198372,0.01,False,,,16,no valid outer-layer seed pairs
4540.0,26.518569665007337,0.01,False,,,14,no exact8 plane survived
4541.0,16.826492766534955,0.01,False,,,15,no valid outer-layer seed pairs
4542.0,8.8430075690715,0.01,False,,,15,no valid outer-layer seed pairs
4543.0,54.03833455667523,0.01,False,,,14,no exact8 plane survived
4545.0,27.990211346597064,0.01,False,,,15,no exact8 plane survived
4546.0,44.91955366073308,0.01,False,,,14,no exact8 plane survived
4550.0,26.113804890387424,0.01,False,,,15,no exact8 plane survived
4551.0,34.551623148578315,0.01,False,,,14,no exact8 plane survived
4555.0,27.28101254999205,0.01,False,,,15,no exact8 plane survived
4556.0,79.75867581070071,0.01,False,,,14,no exact8 plane survived
4557.0,25.44229733527599,0.01,False,,,15,no exact8 plane survived
4558.0,32.0851221002434,0.01,False,,,15,no exact8 plane survived
4559.0,13.034971735974246,0.01,False,,,15,no valid outer-layer seed pairs
4560.0,76.84367843409011,0.01,False,,,14,no exact8 plane survived
4561.0,39.90750016791434,0.01,False,,,14,no exact8 plane survived
4562.0,12.124098315292768,0.01,False,,,15,no valid outer-layer seed pairs
4563.0,17.611151892606664,0.01,False,,,15,no valid outer-layer seed pairs
4565.0,56.5698378362751,0.01,False,,,14,no exact8 plane survived
4566.0,15.357795680892112,0.01,False,,,15,no valid outer-layer seed pairs
4567.0,24.47099990833482,0.01,False,,,15,no exact8 plane survived
4568.0,55.47373072781194,0.01,False,,,14,no exact8 plane survived
4570.0,39.79576996279449,0.01,False,,,14,no exact8 plane survived
4571.0,12.5644306738626,0.01,False,,,15,no valid outer-layer seed pairs
4572.0,69.58916357380869,0.01,False,,,14,no exact8 plane survived
4573.0,193.3465342503013,0.01,False,,,14,no exact8 plane survived
4575.0,33.36999593858368,0.01,False,,,14,no exact8 plane survived
4576.0,5.783885129730007,0.01,False,,,15,no valid outer-layer seed pairs
4577.0,16.202369322307014,0.01,False,,,15,no valid outer-layer seed pairs
4578.0,31.90359501592664,0.01,False,,,15,no exact8 plane survived
4579.0,11.067710461603214,0.01,False,,,15,no valid outer-layer seed pairs
4580.0,47.70332237155745,0.01,False,,,14,no exact8 plane survived
4581.0,25.67212228303892,0.01,False,,,15,no exact8 plane survived
4582.0,37.24654219371983,0.01,False,,,14,no exact8 plane survived
4583.0,18.096823686597364,0.01,False,,,15,no valid outer-layer seed pairs
4585.0,21.69276006182329,0.01,False,,,15,no exact8 plane survived
4586.0,16.942605552881883,0.01,False,,,15,no valid outer-layer seed pairs
4589.0,20.27545904424385,0.01,False,,,15,no exact8 plane survived
4590.0,14.762722695440964,0.01,False,,,15,no valid outer-layer seed pairs
4591.0,14.84598225747844,0.01,False,,,15,no valid outer-layer seed pairs
4592.0,41.44819441088136,0.01,False,,,14,no exact8 plane survived
4593.0,30.771977115110545,0.01,False,,,15,no exact8 plane survived
4594.0,10.258392146403844,0.01,False,,,15,no valid outer-layer seed pairs
4595.0,13.137814167710768,0.01,False,,,15,no valid outer-layer seed pairs
4596.0,30.220586893687088,0.01,False,,,15,no exact8 plane survived
4598.0,65.7073165713136,0.01,False,,,14,no exact8 plane survived
4601.0,19.23829274756017,0.01,False,,,15,no exact8 plane survived
4602.0,8.565661809355962,0.01,False,,,15,no valid outer-layer seed pairs
4603.0,36.59035868305713,0.01,False,,,14,no exact8 plane survived
4604.0,23.635005758947827,0.01,False,,,15,no exact8 plane survived
4606.0,16.096148060833542,0.01,False,,,15,no valid outer-layer seed pairs
4607.0,18.05071148197033,0.01,False,,,15,no valid outer-layer seed pairs
4608.0,12.53482591243531,0.01,False,,,15,no valid outer-layer seed pairs
4611.0,2.618440614911476,0.01,False,,,16,no valid outer-layer seed pairs
4614.0,10.43308750661168,0.01,False,,,15,no valid outer-layer seed pairs
4617.0,14.412387543779555,0.01,False,,,15,no valid outer-layer seed pairs
4618.0,20.9996953343313,0.01,False,,,15,no exact8 plane survived
4622.0,18.026119118903896,0.01,False,,,15,no valid outer-layer seed pairs
4623.0,11.719052038736308,0.01,False,,,15,no valid outer-layer seed pairs
4625.0,78.17450147360243,0.01,False,,,14,no exact8 plane survived
4626.0,10.572767676282217,0.01,False,,,15,no valid outer-layer seed pairs
4627.0,20.27681748221435,0.01,False,,,15,no exact8 plane survived
4628.0,10.682601413734998,0.01,False,,,15,no valid outer-layer seed pairs
4632.0,52.72869338850103,0.01,False,,,14,no exact8 plane survived
4634.0,11.663462526596687,0.01,False,,,15,no valid outer-layer seed pairs
4635.0,32.59349348646392,0.01,False,,,14,no exact8 plane survived
4636.0,21.57292612784165,0.01,False,,,15,no exact8 plane survived
4637.0,15.640900513490095,0.01,False,,,15,no valid outer-layer seed pairs
4640.0,21.84906895316619,0.01,False,,,15,no exact8 plane survived
4641.0,14.55351821492471,0.01,False,,,15,no valid outer-layer seed pairs
4644.0,13.191711721554988,0.01,False,,,15,no valid outer-layer seed pairs
4645.0,38.54850396887353,0.01,False,,,15,no exact8 plane survived
4647.0,23.74341959176027,0.01,False,,,15,no exact8 plane survived
4648.0,50.05109573081575,0.01,False,,,14,no exact8 plane survived
4651.0,12.601513084353646,0.01,False,,,15,no valid outer-layer seed pairs
4652.0,26.39797930290964,0.01,False,,,15,no exact8 plane survived
4653.0,46.47978678514649,0.01,False,,,14,no exact8 plane survived
4654.0,13.661843801471877,0.01,False,,,15,no valid outer-layer seed pairs
4655.0,35.956428745675495,0.01,False,,,15,no exact8 plane survived
4656.0,25.623564252892,0.01,False,,,15,no exact8 plane survived
4657.0,30.380448418295305,0.01,False,,,15,no exact8 plane survived
4658.0,51.26428806750932,0.01,False,,,14,no exact8 plane survived
4659.0,13.978358110184022,0.01,False,,,15,no valid outer-layer seed pairs
4660.0,12.98330632881252,0.01,False,,,15,no valid outer-layer seed pairs
4661.0,27.525074305214243,0.01,False,,,15,no exact8 plane survived
4662.0,39.52457877671833,0.01,False,,,14,no exact8 plane survived
4664.0,39.22042340164457,0.01,False,,,14,no exact8 plane survived
4665.0,19.381537616870222,0.01,False,,,15,no exact8 plane survived
4666.0,26.161340491314764,0.01,False,,,15,no exact8 plane survived
4667.0,10.39683351266952,0.01,False,,,15,no valid outer-layer seed pairs
4668.0,13.45644546423546,0.01,False,,,15,no valid outer-layer seed pairs
4669.0,14.500093516833113,0.01,False,,,15,no valid outer-layer seed pairs
4670.0,13.431435915355925,0.01,False,,,15,no valid outer-layer seed pairs
4672.0,17.147173708106177,0.01,False,,,15,no valid outer-layer seed pairs
4673.0,10.785647531660976,0.01,False,,,15,no valid outer-layer seed pairs
4674.0,17.2942208071965,0.01,False,,,15,no valid outer-layer seed pairs
4675.0,11.178362160317269,0.01,False,,,15,no valid outer-layer seed pairs
4676.0,24.93104923893197,0.01,False,,,15,no exact8 plane survived
4679.0,27.114679865287403,0.01,False,,,15,no exact8 plane survived
4681.0,76.18688790919873,0.01,False,,,14,no exact8 plane survived
4682.0,36.42809057467469,0.01,False,,,15,no exact8 plane survived
4683.0,10.853891730124744,0.01,False,,,15,no valid outer-layer seed pairs
4684.0,42.09102246422694,0.01,False,,,14,no exact8 plane survived
4685.0,36.497871860113015,0.01,False,,,15,no exact8 plane survived
4686.0,37.44877913372565,0.01,False,,,14,no exact8 plane survived
4687.0,84.4090313821496,0.01,False,,,14,no exact8 plane survived
4688.0,17.601309574475785,0.01,False,,,15,no valid outer-layer seed pairs
4691.0,18.121105124107263,0.01,False,,,15,no valid outer-layer seed pairs
4692.0,26.12200610377164,0.01,False,,,15,no exact8 plane survived
4693.0,29.89368411873232,0.01,False,,,14,no exact8 plane survived
4694.0,13.235615194181122,0.01,False,,,15,no valid outer-layer seed pairs
4696.0,42.31374484541073,0.01,False,,,14,no exact8 plane survived
4697.0,8.456350083030923,0.01,False,,,15,no valid outer-layer seed pairs
4698.0,45.91186355703827,0.01,False,,,14,no exact8 plane survived
4699.0,41.15975346053591,0.01,False,,,15,no exact8 plane survived
4700.0,34.88537361178172,0.01,False,,,15,no exact8 plane survived
4701.0,29.50589581947511,0.01,False,,,15,no exact8 plane survived
4702.0,28.45165596630628,0.01,False,,,14,no exact8 plane survived
4704.0,14.152079650733,0.01,False,,,15,no valid outer-layer seed pairs
4706.0,19.84080149461809,0.01,False,,,15,no exact8 plane survived
4707.0,11.841269540737011,0.01,False,,,15,no valid outer-layer seed pairs
4708.0,7.181299495345676,0.01,False,,,15,no valid outer-layer seed pairs
4709.0,46.844675867354766,0.01,False,,,14,no exact8 plane survived
4710.0,15.218422691028016,0.01,False,,,15,no valid outer-layer seed pairs
4711.0,17.26342753131522,0.01,False,,,15,no valid outer-layer seed pairs
4712.0,5.917611424988131,0.01,False,,,15,no valid outer-layer seed pairs
4715.0,11.940170757560686,0.01,False,,,15,no valid outer-layer seed pairs
4717.0,57.66466486151872,0.01,False,,,14,no exact8 plane survived
4718.0,23.83822630593232,0.01,False,,,15,no exact8 plane survived
4719.0,13.655595074844175,0.01,False,,,15,no valid outer-layer seed pairs
4720.0,18.78780676670625,0.01,False,,,15,no exact8 plane survived
4721.0,47.679320848376825,0.01,False,,,14,no exact8 plane survived
4722.0,11.006652032781178,0.01,False,,,15,no valid outer-layer seed pairs
4723.0,11.243053652991536,0.01,False,,,15,no valid outer-layer seed pairs
4724.0,69.17752474007479,0.01,False,,,14,no exact8 plane survived
4726.0,14.400106883289354,0.01,False,,,15,no valid outer-layer seed pairs
4727.0,11.33164711258665,0.01,False,,,15,no valid outer-layer seed pairs
4729.0,146.76541211717029,0.01,False,,,14,no exact8 plane survived
4730.0,66.43503489048915,0.01,False,,,14,no exact8 plane survived
4732.0,45.9020265538051,0.01,False,,,14,no exact8 plane survived
4733.0,26.603644534493903,0.01,False,,,15,no exact8 plane survived
4734.0,60.30314111666985,0.01,False,,,14,no exact8 plane survived
4736.0,60.86829765089326,0.01,False,,,14,no exact8 plane survived
4738.0,17.677780685449964,0.01,False,,,15,no valid outer-layer seed pairs
4739.0,15.906200532953788,0.01,False,,,15,no valid outer-layer seed pairs
4740.0,14.68886345029902,0.01,False,,,15,no valid outer-layer seed pairs
4741.0,18.3691509048384,0.01,False,,,15,no valid outer-layer seed pairs
4742.0,12.588526651619986,0.01,False,,,15,no valid outer-layer seed pairs
4743.0,109.605346671166,0.01,False,,,14,no exact8 plane survived
4744.0,16.19016539474343,0.01,False,,,15,no valid outer-layer seed pairs
4747.0,38.72367013349994,0.01,False,,,15,no exact8 plane survived
4748.0,17.090184845838547,0.01,False,,,15,no valid outer-layer seed pairs
4750.0,31.56307187894621,0.01,False,,,15,no exact8 plane survived
4751.0,98.244871374313,0.01,False,,,14,no exact8 plane survived
4752.0,77.54259965616606,0.01,False,,,14,no exact8 plane survived
4755.0,26.853656207157773,0.01,False,,,15,no exact8 plane survived
4756.0,17.716219432591416,0.01,False,,,15,no valid outer-layer seed pairs
4759.0,21.248062434044687,0.01,False,,,15,no exact8 plane survived
4760.0,7.122759880010013,0.01,False,,,15,no valid outer-layer seed pairs
4762.0,20.63672672428956,0.01,False,,,15,no exact8 plane survived
4765.0,11.26241289406339,0.01,False,,,15,no valid outer-layer seed pairs
4768.0,64.09854747852336,0.01,False,,,14,no exact8 plane survived
4769.0,23.55860634170396,0.01,False,,,15,no exact8 plane survived
4770.0,37.6268676280853,0.01,False,,,14,no exact8 plane survived
4771.0,16.059241465408537,0.01,False,,,15,no valid outer-layer seed pairs
4773.0,63.1191688653968,0.01,False,,,14,no exact8 plane survived
4774.0,10.239687236235056,0.01,False,,,15,no valid outer-layer seed pairs
4775.0,18.6172463825114,0.01,False,,,15,no valid outer-layer seed pairs
4776.0,69.2639092731087,0.01,False,,,14,no exact8 plane survived
4777.0,13.233961317532431,0.01,False,,,15,no valid outer-layer seed pairs
4779.0,22.702136715515763,0.01,False,,,15,no exact8 plane survived
4781.0,49.01704650410058,0.01,False,,,14,no exact8 plane survived
4782.0,20.106552865414752,0.01,False,,,15,no exact8 plane survived
4785.0,27.636826570868887,0.01,False,,,15,no exact8 plane survived
4786.0,14.639945007462396,0.01,False,,,15,no valid outer-layer seed pairs
4787.0,17.29109473463229,0.01,False,,,15,no valid outer-layer seed pairs
4788.0,33.80280310457501,0.01,False,,,14,no exact8 plane survived
4789.0,36.89516715609141,0.01,False,,,14,no exact8 plane survived
4790.0,66.81148740540397,0.01,False,,,14,no exact8 plane survived
4791.0,68.31971770692603,0.01,False,,,14,no exact8 plane survived
4792.0,111.16106199207844,0.01,False,,,14,no exact8 plane survived
4793.0,41.978046890319824,0.01,False,,,14,no exact8 plane survived
4795.0,9.862458289163357,0.01,False,,,15,no valid outer-layer seed pairs
4796.0,36.21314680893292,0.01,False,,,15,no exact8 plane survived
4797.0,27.53651381909604,0.01,False,,,15,no exact8 plane survived
4799.0,10.7468672400541,0.01,False,,,15,no valid outer-layer seed pairs
4800.0,98.36062874086784,0.01,False,,,14,no exact8 plane survived
4801.0,16.58527787364418,0.01,False,,,15,no valid outer-layer seed pairs
4802.0,30.845564306521347,0.01,False,,,14,no exact8 plane survived
4803.0,21.834536896558934,0.01,False,,,15,no exact8 plane survived
4804.0,11.804736119119664,0.01,False,,,15,no valid outer-layer seed pairs
4805.0,64.3138047804888,0.01,False,,,14,no exact8 plane survived
4806.0,58.96012060142076,0.01,False,,,14,no exact8 plane survived
4809.0,24.92975952519157,0.01,False,,,15,no exact8 plane survived
4812.0,18.29594802464946,0.01,False,,,15,no valid outer-layer seed pairs
4813.0,93.07941880682172,0.01,False,,,14,no exact8 plane survived
4814.0,17.60505154631508,0.01,False,,,15,no valid outer-layer seed pairs
4816.0,26.978240351249507,0.01,False,,,15,no exact8 plane survived
4817.0,17.572562766390654,0.01,False,,,15,no valid outer-layer seed pairs
4818.0,12.829236150564286,0.01,False,,,15,no valid outer-layer seed pairs
4819.0,22.03263098257868,0.01,False,,,15,no exact8 plane survived
4820.0,53.65511388108921,0.01,False,,,14,no exact8 plane survived
4822.0,12.89537535715008,0.01,False,,,15,no valid outer-layer seed pairs
4823.0,16.105544342392196,0.01,False,,,15,no valid outer-layer seed pairs
4824.0,23.046335149540223,0.01,False,,,15,no exact8 plane survived
4825.0,12.823706769144614,0.01,False,,,15,no valid outer-layer seed pairs
4826.0,26.75165871395188,0.01,False,,,15,no exact8 plane survived
4827.0,14.202625283943252,0.01,False,,,15,no valid outer-layer seed pairs
4831.0,11.16838951839583,0.01,False,,,15,no valid outer-layer seed pairs
4833.0,16.550249367513096,0.01,False,,,15,no valid outer-layer seed pairs
4834.0,17.457773970528507,0.01,False,,,15,no valid outer-layer seed pairs
4835.0,137.5323462962485,0.01,False,,,14,no exact8 plane survived
4836.0,30.98896183747984,0.01,False,,,15,no exact8 plane survived
4838.0,23.58062477484353,0.01,False,,,15,no exact8 plane survived
4841.0,216.8171771051932,0.01,False,,,14,no exact8 plane survived
4842.0,38.96359823527516,0.01,False,,,15,no exact8 plane survived
4843.0,63.02226605513885,0.01,False,,,14,no exact8 plane survived
4844.0,19.27545809672919,0.01,False,,,15,no exact8 plane survived
4845.0,32.86453381242315,0.01,False,,,15,no exact8 plane survived
4846.0,41.90704142247486,0.01,False,,,14,no exact8 plane survived
4847.0,15.059358749783035,0.01,False,,,15,no valid outer-layer seed pairs
4848.0,14.652449361639537,0.01,False,,,15,no valid outer-layer seed pairs
4849.0,21.02461677156401,0.01,False,,,15,no exact8 plane survived
4850.0,24.6685618654827,0.01,False,,,15,no exact8 plane survived
4851.0,24.918604171592925,0.01,False,,,15,no exact8 plane survived
4852.0,12.736558433931153,0.01,False,,,15,no valid outer-layer seed pairs
4853.0,14.793555170389764,0.01,False,,,15,no valid outer-layer seed pairs
4854.0,35.532957595582786,0.01,False,,,14,no exact8 plane survived
4855.0,30.824965493299807,0.01,False,,,15,no exact8 plane survived
4856.0,14.00009497677912,0.01,False,,,15,no valid outer-layer seed pairs
4857.0,17.52329819474987,0.01,False,,,15,no valid outer-layer seed pairs
4858.0,14.829720318527036,0.01,False,,,15,no valid outer-layer seed pairs
4859.0,20.772257663306355,0.01,False,,,15,no exact8 plane survived
4860.0,18.03632735770266,0.01,False,,,15,no valid outer-layer seed pairs
4861.0,23.53066935207385,0.01,False,,,15,no exact8 plane survived
4862.0,12.17991871635258,0.01,False,,,15,no valid outer-layer seed pairs
4865.0,19.96429332735559,0.01,False,,,15,no exact8 plane survived
4867.0,36.54959631274257,0.01,False,,,14,no exact8 plane survived
4868.0,29.876680267677628,0.01,False,,,15,no exact8 plane survived
4869.0,12.563615948798214,0.01,False,,,15,no valid outer-layer seed pairs
4871.0,12.8964323022149,0.01,False,,,15,no valid outer-layer seed pairs
4872.0,75.03240911534118,0.01,False,,,14,no exact8 plane survived
4873.0,13.493143170390224,0.01,False,,,15,no valid outer-layer seed pairs
4877.0,15.246733823961266,0.01,False,,,15,no valid outer-layer seed pairs
4881.0,23.424024370087054,0.01,False,,,15,no exact8 plane survived
4882.0,15.13201662340528,0.01,False,,,15,no valid outer-layer seed pairs
4883.0,18.344301071583697,0.01,False,,,15,no valid outer-layer seed pairs
4886.0,25.25117271760288,0.01,False,,,15,no exact8 plane survived
4887.0,28.87188677514637,0.01,False,,,15,no exact8 plane survived
4889.0,10.730820185901072,0.01,False,,,15,no valid outer-layer seed pairs
4890.0,31.955484692861607,0.01,False,,,14,no exact8 plane survived
4892.0,20.88527550015477,0.01,False,,,15,no exact8 plane survived
4893.0,7.615441554478266,0.01,False,,,15,no valid outer-layer seed pairs
4894.0,38.56221680593147,0.01,False,,,15,no exact8 plane survived
4896.0,20.63575404644698,0.01,False,,,15,no exact8 plane survived
4897.0,24.00327727696538,0.01,False,,,15,no exact8 plane survived
4898.0,19.11754263562491,0.01,False,,,15,no exact8 plane survived
4901.0,7.665184275240936,0.01,False,,,15,no valid outer-layer seed pairs
4903.0,10.951448006767531,0.01,False,,,15,no valid outer-layer seed pairs
4904.0,51.228263712368914,0.01,False,,,14,no exact8 plane survived
4906.0,53.78241777809324,0.01,False,,,14,no exact8 plane survived
4907.0,35.33024745850136,0.01,False,,,15,no exact8 plane survived
4908.0,10.263253480756791,0.01,False,,,15,no valid outer-layer seed pairs
4909.0,10.094087445384964,0.01,False,,,15,no valid outer-layer seed pairs
4910.0,66.08705830051181,0.01,False,,,14,no exact8 plane survived
4911.0,13.905006425603151,0.01,False,,,15,no valid outer-layer seed pairs
4914.0,39.28439133896708,0.01,False,,,14,no exact8 plane survived
4915.0,29.83006621373149,0.01,False,,,14,no exact8 plane survived
4917.0,44.49610795685547,0.01,False,,,14,no exact8 plane survived
4918.0,15.448017939282986,0.01,False,,,15,no valid outer-layer seed pairs
4921.0,11.405444934296284,0.01,False,,,15,no valid outer-layer seed pairs
4922.0,19.6433045835366,0.01,False,,,15,no exact8 plane survived
4924.0,34.42823161477779,0.01,False,,,14,no exact8 plane survived
4926.0,36.80157590389008,0.01,False,,,14,no exact8 plane survived
4929.0,51.40318500577338,0.01,False,,,14,no exact8 plane survived
4930.0,13.020028391999018,0.01,False,,,15,no valid outer-layer seed pairs
4932.0,22.09871123167713,0.01,False,,,15,no exact8 plane survived
4933.0,11.34636440693618,0.01,False,,,15,no valid outer-layer seed pairs
4934.0,19.82139686499769,0.01,False,,,15,no exact8 plane survived
4935.0,16.581375170530332,0.01,False,,,15,no valid outer-layer seed pairs
4936.0,31.109368218784248,0.01,False,,,15,no exact8 plane survived
4937.0,32.84572948539794,0.01,False,,,14,no exact8 plane survived
4938.0,22.037950194473645,0.01,False,,,15,no exact8 plane survived
4939.0,33.40169746586002,0.01,False,,,14,no exact8 plane survived
4940.0,21.55900837366044,0.01,False,,,15,no exact8 plane survived
4941.0,11.335032048470598,0.01,False,,,15,no valid outer-layer seed pairs
4942.0,37.95690799577185,0.01,False,,,14,no exact8 plane survived
4943.0,16.496839908198876,0.01,False,,,15,no valid outer-layer seed pairs
4944.0,38.75172988446196,0.01,False,,,14,no exact8 plane survived
4945.0,9.39202436350044,0.01,False,,,15,no valid outer-layer seed pairs
4946.0,37.19712946447622,0.01,False,,,15,no exact8 plane survived
4947.0,11.706413761620412,0.01,False,,,15,no valid outer-layer seed pairs
4949.0,109.42117483506564,0.01,False,,,14,no exact8 plane survived
4950.0,24.373368130637505,0.01,False,,,15,no exact8 plane survived
4954.0,29.37199878257754,0.01,False,,,15,no exact8 plane survived
4955.0,26.54710927378576,0.01,False,,,15,no exact8 plane survived
4957.0,10.373631383806876,0.01,False,,,15,no valid outer-layer seed pairs
4958.0,18.89975752882529,0.01,False,,,15,no exact8 plane survived
4959.0,18.84411619688073,0.01,False,,,15,no exact8 plane survived
4960.0,67.21813404231287,0.01,False,,,14,no exact8 plane survived
4961.0,14.833962073313112,0.01,False,,,15,no valid outer-layer seed pairs
4965.0,8.641477912447343,0.01,False,,,15,no valid outer-layer seed pairs
4966.0,40.80818491386975,0.01,False,,,15,no exact8 plane survived
4967.0,14.393550257703788,0.01,False,,,15,no valid outer-layer seed pairs
4968.0,52.190284865209385,0.01,False,,,14,no exact8 plane survived
4969.0,11.226167840183168,0.01,False,,,15,no valid outer-layer seed pairs
4971.0,20.59199020995673,0.01,False,,,15,no exact8 plane survived
4973.0,9.087186836026005,0.01,False,,,15,no valid outer-layer seed pairs
4974.0,17.24311982534213,0.01,False,,,15,no valid outer-layer seed pairs
4975.0,14.695522069197803,0.01,False,,,15,no valid outer-layer seed pairs
4976.0,36.2578986377264,0.01,False,,,14,no exact8 plane survived
4978.0,10.309127299597392,0.01,False,,,15,no valid outer-layer seed pairs
4980.0,10.768441894564749,0.01,False,,,15,no valid outer-layer seed pairs
4981.0,34.77496394619541,0.01,False,,,15,no exact8 plane survived
4982.0,35.849811308163936,0.01,False,,,15,no exact8 plane survived
4983.0,32.53165846885685,0.01,False,,,15,no exact8 plane survived
4984.0,45.34287738539665,0.01,False,,,14,no exact8 plane survived
4985.0,24.43999980261021,0.01,False,,,15,no exact8 plane survived
4986.0,11.088239689927477,0.01,False,,,15,no valid outer-layer seed pairs
4991.0,65.39735949816598,0.01,False,,,14,no exact8 plane survived
4992.0,9.845013044576378,0.01,False,,,15,no valid outer-layer seed pairs
4994.0,13.831736501909864,0.01,False,,,15,no valid outer-layer seed pairs
4996.0,14.64444781363776,0.01,False,,,15,no valid outer-layer seed pairs
4997.0,11.244703959692846,0.01,False,,,15,no valid outer-layer seed pairs
4998.0,50.58818537596444,0.01,False,,,14,no exact8 plane survived
5001.0,53.92297992970046,0.01,False,,,14,no exact8 plane survived
5002.0,41.4651445335018,0.01,False,,,14,no exact8 plane survived
5003.0,25.01780356995621,0.01,False,,,15,no exact8 plane survived
5005.0,24.85869484038724,0.01,False,,,15,no exact8 plane survived
5007.0,19.144267199894305,0.01,False,,,15,no exact8 plane survived
5008.0,38.449475176670006,0.01,False,,,15,no exact8 plane survived
5010.0,12.89558574174189,0.01,False,,,15,no valid outer-layer seed pairs
5011.0,44.57024510227407,0.01,False,,,14,no exact8 plane survived
5012.0,14.326845886194892,0.01,False,,,15,no valid outer-layer seed pairs
5013.0,39.16100247705904,0.01,False,,,14,no exact8 plane survived
5014.0,42.32697430450495,0.01,False,,,15,no exact8 plane survived
5016.0,19.674057114279623,0.01,False,,,15,no exact8 plane survived
5017.0,9.448994683951796,0.01,False,,,15,no valid outer-layer seed pairs
5019.0,20.89936212078153,0.01,False,,,15,no exact8 plane survived
5021.0,31.99373685981624,0.01,False,,,14,no exact8 plane survived
5023.0,38.38583108207611,0.01,False,,,15,no exact8 plane survived
5024.0,59.62338314843979,0.01,False,,,14,no exact8 plane survived
5025.0,40.53592376637332,0.01,False,,,14,no exact8 plane survived
5026.0,8.787334324905073,0.01,False,,,15,no valid outer-layer seed pairs
5027.0,33.71002085655347,0.01,False,,,15,no exact8 plane survived
5028.0,25.735496131589144,0.01,False,,,15,no exact8 plane survived
5033.0,27.47798833911257,0.01,False,,,15,no exact8 plane survived
5034.0,13.905783082585582,0.01,False,,,15,no valid outer-layer seed pairs
5035.0,33.12451094232291,0.01,False,,,15,no exact8 plane survived
5037.0,12.158700655998611,0.01,False,,,15,no valid outer-layer seed pairs
5038.0,15.469365415614014,0.01,False,,,15,no valid outer-layer seed pairs
5040.0,15.972901036893717,0.01,False,,,15,no valid outer-layer seed pairs
5041.0,11.461094900912952,0.01,False,,,15,no valid outer-layer seed pairs
5042.0,31.54849885893448,0.01,False,,,15,no exact8 plane survived
5043.0,19.60622193726731,0.01,False,,,15,no exact8 plane survived
5044.0,6.4370652085888,0.01,False,,,15,no valid outer-layer seed pairs
5048.0,30.660904142804647,0.01,False,,,15,no exact8 plane survived
5049.0,56.30230436921159,0.01,False,,,14,no exact8 plane survived
5052.0,59.92637658684009,0.01,False,,,14,no exact8 plane survived
5053.0,34.56700074956889,0.01,False,,,14,no exact8 plane survived
5055.0,29.17144093961791,0.01,False,,,15,no exact8 plane survived
5056.0,19.70239627169386,0.01,False,,,15,no exact8 plane survived
5057.0,40.781404392548055,0.01,False,,,15,no exact8 plane survived
5058.0,25.5994241664641,0.01,False,,,15,no exact8 plane survived
5059.0,21.751512953683505,0.01,False,,,15,no exact8 plane survived
5060.0,14.283328849898783,0.01,False,,,15,no valid outer-layer seed pairs
5064.0,98.25417569176024,0.01,False,,,14,no exact8 plane survived
5066.0,0.8246688780684338,0.01,False,,,12,no valid outer-layer seed pairs
5067.0,137.20440681601846,0.01,False,,,14,no exact8 plane survived
5068.0,12.438944018502536,0.01,False,,,15,no valid outer-layer seed pairs
5069.0,8.682799224109669,0.01,False,,,15,no valid outer-layer seed pairs
5070.0,15.184756755434702,0.01,False,,,15,no valid outer-layer seed pairs
5071.0,21.50809907306871,0.01,False,,,15,no exact8 plane survived
5072.0,25.286183647492408,0.01,False,,,15,no exact8 plane survived
5073.0,15.269248356766123,0.01,False,,,15,no valid outer-layer seed pairs
5074.0,15.014692134364356,0.01,False,,,15,no valid outer-layer seed pairs
5075.0,21.804104438731635,0.01,False,,,15,no exact8 plane survived
5076.0,65.44672340588272,0.01,False,,,14,no exact8 plane survived
5077.0,16.39358689259325,0.01,False,,,15,no valid outer-layer seed pairs
5078.0,39.327755234624085,0.01,False,,,14,no exact8 plane survived
5079.0,15.597952752666124,0.01,False,,,15,no valid outer-layer seed pairs
5081.0,23.826678423701992,0.01,False,,,15,no exact8 plane survived
5084.0,16.88471473895891,0.01,False,,,15,no valid outer-layer seed pairs
5085.0,32.66508829913066,0.01,False,,,14,no exact8 plane survived
5086.0,9.058242192815506,0.01,False,,,15,no valid outer-layer seed pairs
5088.0,18.029725559135,0.01,False,,,15,no valid outer-layer seed pairs
5089.0,45.14780125867916,0.01,False,,,14,no exact8 plane survived
5090.0,40.98481161144812,0.01,False,,,15,no exact8 plane survived
5091.0,42.634852664444765,0.01,False,,,14,no exact8 plane survived
5092.0,12.799375880250189,0.01,False,,,15,no valid outer-layer seed pairs
5093.0,24.184103038253923,0.01,False,,,15,no exact8 plane survived
5094.0,12.747275806063552,0.01,False,,,15,no valid outer-layer seed pairs
5095.0,20.22014068134747,0.01,False,,,15,no exact8 plane survived
5097.0,12.18788892490052,0.01,False,,,15,no valid outer-layer seed pairs
5098.0,30.75356155159744,0.01,False,,,14,no exact8 plane survived
5099.0,33.34505082624448,0.01,False,,,15,no exact8 plane survived
5101.0,21.29274676993863,0.01,False,,,15,no exact8 plane survived
5102.0,68.72148044410157,0.01,False,,,14,no exact8 plane survived
5103.0,17.284718677867062,0.01,False,,,15,no valid outer-layer seed pairs
5105.0,21.82804487957607,0.01,False,,,15,no exact8 plane survived
5106.0,27.50406084588884,0.01,False,,,14,no exact8 plane survived
5107.0,18.09358629097807,0.01,False,,,15,no valid outer-layer seed pairs
5108.0,109.50223719293508,0.01,False,,,14,no exact8 plane survived
5109.0,20.97136992577943,0.01,False,,,15,no exact8 plane survived
5110.0,17.563895165113443,0.01,False,,,15,no valid outer-layer seed pairs
5114.0,16.71674922668995,0.01,False,,,15,no valid outer-layer seed pairs
5115.0,7.897946795461197,0.01,False,,,15,no valid outer-layer seed pairs
5117.0,26.106514383557705,0.01,False,,,15,no exact8 plane survived
5121.0,32.72525616631996,0.01,False,,,14,no exact8 plane survived
5123.0,121.63685956933362,0.01,False,,,14,no exact8 plane survived
5124.0,39.505855987266976,0.01,False,,,14,no exact8 plane survived
5126.0,16.5120763857726,0.01,False,,,15,no valid outer-layer seed pairs
5127.0,17.615070669292972,0.01,False,,,15,no valid outer-layer seed pairs
5128.0,24.436153107792105,0.01,False,,,15,no exact8 plane survived
5129.0,84.90431346510863,0.01,False,,,14,no exact8 plane survived
5131.0,45.06615939803599,0.01,False,,,14,no exact8 plane survived
5132.0,25.669371036231777,0.01,False,,,15,no exact8 plane survived
5133.0,10.379442246501352,0.01,False,,,15,no valid outer-layer seed pairs
5134.0,13.052107766638663,0.01,False,,,15,no valid outer-layer seed pairs
5135.0,11.641252757378492,0.01,False,,,15,no valid outer-layer seed pairs
5137.0,14.40606706825717,0.01,False,,,15,no valid outer-layer seed pairs
5138.0,12.538411396254723,0.01,False,,,15,no valid outer-layer seed pairs
5139.0,67.79357385241423,0.01,False,,,14,no exact8 plane survived
5140.0,42.96665332797495,0.01,False,,,15,no exact8 plane survived
5142.0,16.58756002861418,0.01,False,,,15,no valid outer-layer seed pairs
5143.0,17.794095417226174,0.01,False,,,15,no valid outer-layer seed pairs
5144.0,14.379370907917714,0.01,False,,,15,no valid outer-layer seed pairs
5145.0,25.371895664355392,0.01,False,,,15,no exact8 plane survived
5146.0,13.53751237825017,0.01,False,,,15,no valid outer-layer seed pairs
5147.0,14.209531131206845,0.01,False,,,15,no valid outer-layer seed pairs
5148.0,17.39943940627298,0.01,False,,,15,no valid outer-layer seed pairs
5149.0,58.79167835057208,0.01,False,,,14,no exact8 plane survived
5150.0,14.43758267511167,0.01,False,,,15,no valid outer-layer seed pairs
5151.0,21.80998910419465,0.01,False,,,15,no exact8 plane survived
5153.0,19.693458664103904,0.01,False,,,15,no exact8 plane survived
5154.0,18.21771278765876,0.01,False,,,15,no valid outer-layer seed pairs
5155.0,41.97011445785002,0.01,False,,,15,no exact8 plane survived
5157.0,73.24695698167096,0.01,False,,,14,no exact8 plane survived
5158.0,23.113390735751736,0.01,False,,,15,no exact8 plane survived
5160.0,26.96879294072816,0.01,False,,,14,no exact8 plane survived
5161.0,9.679723682700956,0.01,False,,,15,no valid outer-layer seed pairs
5162.0,17.668583650995846,0.01,False,,,15,no valid outer-layer seed pairs
5163.0,9.651066031718846,0.01,False,,,15,no valid outer-layer seed pairs
5165.0,13.137473128224611,0.01,False,,,15,no valid outer-layer seed pairs
5168.0,73.4684024168022,0.01,False,,,14,no exact8 plane survived
5170.0,44.127576870381,0.01,False,,,14,no exact8 plane survived
5171.0,10.257268567687287,0.01,False,,,15,no valid outer-layer seed pairs
5172.0,90.00728523676086,0.01,False,,,14,no exact8 plane survived
5174.0,25.54599062200532,0.01,False,,,15,no exact8 plane survived
5175.0,10.355708923627974,0.01,False,,,15,no valid outer-layer seed pairs
5176.0,28.677657382846384,0.01,False,,,15,no exact8 plane survived
5179.0,10.551923657044997,0.01,False,,,15,no valid outer-layer seed pairs
5181.0,9.62591346241236,0.01,False,,,15,no valid outer-layer seed pairs
5182.0,51.75026727883348,0.01,False,,,14,no exact8 plane survived
5185.0,15.547686658570994,0.01,False,,,15,no valid outer-layer seed pairs
5186.0,61.169232044337534,0.01,False,,,14,no exact8 plane survived
5188.0,26.086602899450536,0.01,False,,,15,no exact8 plane survived
5189.0,10.50628325073502,0.01,False,,,15,no valid outer-layer seed pairs
5190.0,58.491590842119,0.01,False,,,14,no exact8 plane survived
5191.0,62.70304166478506,0.01,False,,,14,no exact8 plane survived
5192.0,14.560287838809971,0.01,False,,,15,no valid outer-layer seed pairs
5193.0,23.799846993967893,0.01,False,,,15,no exact8 plane survived
5194.0,17.71792602996292,0.01,False,,,15,no valid outer-layer seed pairs
5195.0,17.240695211840954,0.01,False,,,15,no valid outer-layer seed pairs
5196.0,33.33150719875353,0.01,False,,,15,no exact8 plane survived
5197.0,47.67165338737149,0.01,False,,,14,no exact8 plane survived
5198.0,18.49416983692221,0.01,False,,,15,no valid outer-layer seed pairs
5199.0,7.210153168103387,0.01,False,,,15,no valid outer-layer seed pairs
5203.0,31.93301084697068,0.01,False,,,15,no exact8 plane survived
5204.0,36.27951863858201,0.01,False,,,14,no exact8 plane survived
5205.0,92.5360195408985,0.01,False,,,14,no exact8 plane survived
5206.0,23.428622423010086,0.01,False,,,15,no exact8 plane survived
5207.0,22.541291796292366,0.01,False,,,15,no exact8 plane survived
5209.0,14.86585340502142,0.01,False,,,15,no valid outer-layer seed pairs
5211.0,38.43739491899841,0.01,False,,,14,no exact8 plane survived
5212.0,153.47492591888783,0.01,False,,,14,no exact8 plane survived
5213.0,21.88415149131712,0.01,False,,,15,no exact8 plane survived
5215.0,72.28338867749414,0.01,False,,,14,no exact8 plane survived
5216.0,35.79550917857987,0.01,False,,,15,no exact8 plane survived
5217.0,21.19752101826659,0.01,False,,,15,no exact8 plane survived
5218.0,16.2159904878157,0.01,False,,,15,no valid outer-layer seed pairs
5219.0,5.294964650822069,0.01,False,,,15,no valid outer-layer seed pairs
5220.0,10.665833853640754,0.01,False,,,15,no valid outer-layer seed pairs
5221.0,15.359970408324669,0.01,False,,,15,no valid outer-layer seed pairs
5223.0,23.463984703751425,0.01,False,,,15,no exact8 plane survived
5224.0,24.568591618178367,0.01,False,,,15,no exact8 plane survived
5225.0,79.15278919956415,0.01,False,,,14,no exact8 plane survived
5226.0,25.68972527545441,0.01,False,,,15,no exact8 plane survived
5229.0,59.82928791172723,0.01,False,,,14,no exact8 plane survived
5230.0,14.736256951151995,0.01,False,,,15,no valid outer-layer seed pairs
5231.0,14.154746473799074,0.01,False,,,15,no valid outer-layer seed pairs
5232.0,23.0299062362785,0.01,False,,,15,no exact8 plane survived
5234.0,30.64123165275589,0.01,False,,,15,no exact8 plane survived
5235.0,13.340231514136072,0.01,False,,,15,no valid outer-layer seed pairs
5237.0,26.52552996674747,0.01,False,,,15,no exact8 plane survived
5238.0,39.2739338010417,0.01,False,,,14,no exact8 plane survived
5240.0,23.372151938936085,0.01,False,,,15,no exact8 plane survived
5241.0,40.40157705987478,0.01,False,,,15,no exact8 plane survived
5242.0,18.26611810074407,0.01,False,,,15,no valid outer-layer seed pairs
5244.0,30.16736010056464,0.01,False,,,14,no exact8 plane survived
5246.0,54.91350339762312,0.01,False,,,14,no exact8 plane survived
5247.0,27.22338066871828,0.01,False,,,15,no exact8 plane survived
5249.0,119.0056793178024,0.01,False,,,14,no exact8 plane survived
5250.0,12.824744193392384,0.01,False,,,15,no valid outer-layer seed pairs
5251.0,22.55435900040429,0.01,False,,,15,no exact8 plane survived
5252.0,27.38397498420504,0.01,False,,,15,no exact8 plane survived
5254.0,10.08803620745155,0.01,False,,,15,no valid outer-layer seed pairs
5255.0,12.212833515483332,0.01,False,,,15,no valid outer-layer seed pairs
5256.0,136.4733253536304,0.01,False,,,14,no exact8 plane survived
5257.0,56.384439028798205,0.01,False,,,14,no exact8 plane survived
5260.0,34.33057576559841,0.01,False,,,15,no exact8 plane survived
5261.0,85.31422937415951,0.01,False,,,14,no exact8 plane survived
5262.0,24.90137935227593,0.01,False,,,15,no exact8 plane survived
5263.0,34.532219025705025,0.01,False,,,14,no exact8 plane survived
5264.0,16.219606351493578,0.01,False,,,15,no valid outer-layer seed pairs
5266.0,26.414223757209324,0.01,False,,,15,no exact8 plane survived
5267.0,53.379574006528685,0.01,False,,,14,no exact8 plane survived
5268.0,12.332300264781264,0.01,False,,,15,no valid outer-layer seed pairs
5269.0,11.48555853549328,0.01,False,,,15,no valid outer-layer seed pairs
5271.0,17.528193074391567,0.01,False,,,15,no valid outer-layer seed pairs
5272.0,17.304406784139854,0.01,False,,,15,no valid outer-layer seed pairs
5273.0,17.170392896579237,0.01,False,,,15,no valid outer-layer seed pairs
5274.0,14.47852073081756,0.01,False,,,15,no valid outer-layer seed pairs
5275.0,53.02183545403997,0.01,False,,,14,no exact8 plane survived
5276.0,20.27854042471796,0.01,False,,,15,no exact8 plane survived
5280.0,37.10063105634949,0.01,False,,,14,no exact8 plane survived
5281.0,11.360910211630491,0.01,False,,,15,no valid outer-layer seed pairs
5284.0,11.081956580768468,0.01,False,,,15,no valid outer-layer seed pairs
5287.0,15.807797818430013,0.01,False,,,15,no valid outer-layer seed pairs
5289.0,11.580837026429815,0.01,False,,,15,no valid outer-layer seed pairs
5290.0,40.64434170846849,0.01,False,,,15,no exact8 plane survived
5291.0,40.8175791173033,0.01,False,,,14,no exact8 plane survived
5293.0,19.88124422089914,0.01,False,,,15,no exact8 plane survived
5295.0,147.92550228375512,0.01,False,,,14,no exact8 plane survived
5297.0,35.77235704635075,0.01,False,,,15,no exact8 plane survived
5298.0,16.750070273528088,0.01,False,,,15,no valid outer-layer seed pairs
5299.0,21.28597833334403,0.01,False,,,15,no exact8 plane survived
5300.0,16.83301805074096,0.01,False,,,15,no valid outer-layer seed pairs
5302.0,23.049527304839646,0.01,False,,,15,no exact8 plane survived
5303.0,85.94380794296674,0.01,False,,,14,no exact8 plane survived
5306.0,21.277233987263635,0.01,False,,,15,no exact8 plane survived
5307.0,22.24447794448121,0.01,False,,,15,no exact8 plane survived
5308.0,37.30379827148016,0.01,False,,,15,no exact8 plane survived
5309.0,11.709125918779632,0.01,False,,,15,no valid outer-layer seed pairs
5310.0,13.767488425732717,0.01,False,,,15,no valid outer-layer seed pairs
5311.0,13.377040753343737,0.01,False,,,15,no valid outer-layer seed pairs
5313.0,71.82657036929596,0.01,False,,,14,no exact8 plane survived
5316.0,32.00173913849476,0.01,False,,,14,no exact8 plane survived
5317.0,16.358520025147378,0.01,False,,,15,no valid outer-layer seed pairs
5318.0,43.82607856359687,0.01,False,,,15,no exact8 plane survived
5319.0,2.501859584304921,0.01,False,,,16,no valid outer-layer seed pairs
5321.0,15.630917442097369,0.01,False,,,15,no valid outer-layer seed pairs
5323.0,13.439206315588883,0.01,False,,,15,no valid outer-layer seed pairs
5324.0,39.16735086691708,0.01,False,,,14,no exact8 plane survived
5325.0,13.504230416941624,0.01,False,,,15,no valid outer-layer seed pairs
5327.0,17.562284899807217,0.01,False,,,15,no valid outer-layer seed pairs
5329.0,86.15684347116006,0.01,False,,,14,no exact8 plane survived
5331.0,13.612778630648046,0.01,False,,,15,no valid outer-layer seed pairs
5332.0,25.45472114878743,0.01,False,,,15,no exact8 plane survived
5335.0,34.22467048045652,0.01,False,,,15,no exact8 plane survived
5336.0,14.741536656772617,0.01,False,,,15,no valid outer-layer seed pairs
5338.0,21.910323705553463,0.01,False,,,15,no exact8 plane survived
5339.0,10.94289317745909,0.01,False,,,15,no valid outer-layer seed pairs
5340.0,18.19440409023864,0.01,False,,,15,no valid outer-layer seed pairs
5342.0,13.163034027990893,0.01,False,,,15,no valid outer-layer seed pairs
5343.0,15.810239623398507,0.01,False,,,15,no valid outer-layer seed pairs
5344.0,28.801714280031952,0.01,False,,,15,no exact8 plane survived
5345.0,9.006093522868383,0.01,False,,,15,no valid outer-layer seed pairs
5346.0,24.171293484797943,0.01,False,,,15,no exact8 plane survived
5347.0,81.68358648853382,0.01,False,,,14,no exact8 plane survived
5348.0,71.38838366801394,0.01,False,,,14,no exact8 plane survived
5350.0,93.4129950281969,0.01,False,,,14,no exact8 plane survived
5351.0,27.15014730789164,0.01,False,,,15,no exact8 plane survived
5352.0,22.12277379059993,0.01,False,,,15,no exact8 plane survived
5353.0,12.451873881926971,0.01,False,,,15,no valid outer-layer seed pairs
5354.0,10.986814015482034,0.01,False,,,15,no valid outer-layer seed pairs
5356.0,28.512249326576992,0.01,False,,,15,no exact8 plane survived
5358.0,28.84465542422461,0.01,False,,,15,no exact8 plane survived
5359.0,22.04550036728714,0.01,False,,,15,no exact8 plane survived
5360.0,18.331841085358704,0.01,False,,,15,no valid outer-layer seed pairs
5364.0,168.4842164135801,0.01,False,,,14,no exact8 plane survived
5365.0,13.542592478098124,0.01,False,,,15,no valid outer-layer seed pairs
5367.0,45.119907686963465,0.01,False,,,15,no exact8 plane survived
5368.0,10.00462647689927,0.01,False,,,15,no valid outer-layer seed pairs
5369.0,12.189236162518815,0.01,False,,,15,no valid outer-layer seed pairs
5370.0,14.755745168186062,0.01,False,,,15,no valid outer-layer seed pairs
5371.0,46.07496595121669,0.01,False,,,14,no exact8 plane survived
5372.0,28.54722119353795,0.01,False,,,15,no exact8 plane survived
5373.0,16.153073624535008,0.01,False,,,15,no valid outer-layer seed pairs
5375.0,30.331453057862543,0.01,False,,,15,no exact8 plane survived
5376.0,14.858838234196288,0.01,False,,,15,no valid outer-layer seed pairs
5377.0,0.7076922822219424,0.01,False,,,10,no valid outer-layer seed pairs
5379.0,40.5406150688577,0.01,False,,,14,no exact8 plane survived
5380.0,17.250070119990493,0.01,False,,,15,no valid outer-layer seed pairs
5381.0,39.23045062919514,0.01,False,,,14,no exact8 plane survived
5382.0,17.13744125983438,0.01,False,,,15,no valid outer-layer seed pairs
5383.0,36.33637866612988,0.01,False,,,15,no exact8 plane survived
5384.0,39.23228851823392,0.01,False,,,14,no exact8 plane survived
5385.0,10.906936711303576,0.01,False,,,15,no valid outer-layer seed pairs
5387.0,34.71186144100427,0.01,False,,,14,no exact8 plane survived
5389.0,15.406216110254697,0.01,False,,,15,no valid outer-layer seed pairs
5391.0,71.84070227522243,0.01,False,,,14,no exact8 plane survived
5392.0,17.18015869105768,0.01,False,,,15,no valid outer-layer seed pairs
5393.0,38.17779150542009,0.01,False,,,15,no exact8 plane survived
5394.0,20.32083033102604,0.01,False,,,15,no exact8 plane survived
5396.0,24.00032309011503,0.01,False,,,15,no exact8 plane survived
5397.0,37.27198260328277,0.01,False,,,15,no exact8 plane survived
5398.0,25.86242659652393,0.01,False,,,15,no exact8 plane survived
5399.0,22.05311077199344,0.01,False,,,15,no exact8 plane survived
5400.0,29.95770911629269,0.01,False,,,15,no exact8 plane survived
5401.0,62.23092257691826,0.01,False,,,14,no exact8 plane survived
5402.0,9.446693282443826,0.01,False,,,15,no valid outer-layer seed pairs
5403.0,24.092972884126954,0.01,False,,,15,no exact8 plane survived
5405.0,27.36063771665984,0.01,False,,,15,no exact8 plane survived
5406.0,12.927014520426034,0.01,False,,,15,no valid outer-layer seed pairs
5407.0,11.692650037264809,0.01,False,,,15,no valid outer-layer seed pairs
5408.0,37.16756042404069,0.01,False,,,14,no exact8 plane survived
5409.0,30.325739517529964,0.01,False,,,15,no exact8 plane survived
5410.0,14.96037464974602,0.01,False,,,15,no valid outer-layer seed pairs
5411.0,14.525328432555693,0.01,False,,,15,no valid outer-layer seed pairs
5413.0,223.3033691336112,0.01,False,,,14,no exact8 plane survived
5414.0,14.329320023322593,0.01,False,,,15,no valid outer-layer seed pairs
5415.0,23.003052668092973,0.01,False,,,15,no exact8 plane survived
5416.0,16.4763263497334,0.01,False,,,15,no valid outer-layer seed pairs
5417.0,33.606276865714364,0.01,False,,,15,no exact8 plane survived
5418.0,32.902533345519494,0.01,False,,,15,no exact8 plane survived
5419.0,12.821833929271651,0.01,False,,,15,no valid outer-layer seed pairs
5420.0,43.821152142689535,0.01,False,,,15,no exact8 plane survived
5421.0,12.313368432866906,0.01,False,,,15,no valid outer-layer seed pairs
5423.0,32.79509283097238,0.01,False,,,14,no exact8 plane survived
5424.0,43.78642840940126,0.01,False,,,15,no exact8 plane survived
5425.0,29.17912421858014,0.01,False,,,15,no exact8 plane survived
5426.0,17.685209168396632,0.01,False,,,15,no valid outer-layer seed pairs
5428.0,204.9042111857977,0.01,False,,,14,no exact8 plane survived
5429.0,14.88631382384949,0.01,False,,,15,no valid outer-layer seed pairs
5431.0,12.10108165155298,0.01,False,,,15,no valid outer-layer seed pairs
5432.0,93.98036496242425,0.01,False,,,14,no exact8 plane survived
5433.0,48.0225976884466,0.01,False,,,14,no exact8 plane survived
5434.0,32.73844406264208,0.01,False,,,15,no exact8 plane survived
5435.0,21.981528401956044,0.01,False,,,15,no exact8 plane survived
5436.0,55.82763722890789,0.01,False,,,14,no exact8 plane survived
5437.0,66.41215481110042,0.01,False,,,14,no exact8 plane survived
5440.0,10.960629585160683,0.01,False,,,15,no valid outer-layer seed pairs
5441.0,14.088512737280032,0.01,False,,,15,no valid outer-layer seed pairs
5443.0,111.83000795974844,0.01,False,,,14,no exact8 plane survived
5445.0,13.562608823848718,0.01,False,,,15,no valid outer-layer seed pairs
5446.0,63.24968979492843,0.01,False,,,14,no exact8 plane survived
5448.0,10.636477243017202,0.01,False,,,15,no valid outer-layer seed pairs
5449.0,22.562113307627488,0.01,False,,,15,no exact8 plane survived
5451.0,6.552585985383718,0.01,False,,,15,no valid outer-layer seed pairs
5452.0,32.50134277971259,0.01,False,,,15,no exact8 plane survived
5454.0,10.43839920856536,0.01,False,,,15,no valid outer-layer seed pairs
5455.0,27.16296484764543,0.01,False,,,14,no exact8 plane survived
5456.0,17.936550489556975,0.01,False,,,15,no valid outer-layer seed pairs
5457.0,26.12597568969283,0.01,False,,,15,no exact8 plane survived
5459.0,60.98378955782599,0.01,False,,,14,no exact8 plane survived
5460.0,21.65995840620932,0.01,False,,,15,no exact8 plane survived
5461.0,18.617034386908937,0.01,False,,,15,no exact8 plane survived
5462.0,16.9737053938026,0.01,False,,,15,no valid outer-layer seed pairs
5463.0,27.779879754942524,0.01,False,,,15,no exact8 plane survived
5464.0,15.14647696887751,0.01,False,,,15,no valid outer-layer seed pairs
5465.0,21.716457303646845,0.01,False,,,15,no exact8 plane survived
5466.0,14.082878202303762,0.01,False,,,15,no valid outer-layer seed pairs
5467.0,36.44971971205968,0.01,False,,,14,no exact8 plane survived
5468.0,23.8750867182632,0.01,False,,,15,no exact8 plane survived
5469.0,11.108361855658856,0.01,False,,,15,no valid outer-layer seed pairs
5471.0,5.113170193821074,0.01,False,,,15,no valid outer-layer seed pairs
5472.0,15.179450962021212,0.01,False,,,15,no valid outer-layer seed pairs
5473.0,29.924209477169367,0.01,False,,,14,no exact8 plane survived
5475.0,6.1335139680847455,0.01,False,,,15,no valid outer-layer seed pairs
5478.0,13.675686603184625,0.01,False,,,15,no valid outer-layer seed pairs
5479.0,13.175917243208696,0.01,False,,,15,no valid outer-layer seed pairs
5480.0,29.019394606496896,0.01,False,,,15,no exact8 plane survived
5481.0,38.42840908131211,0.01,False,,,14,no exact8 plane survived
5482.0,43.329193258041656,0.01,False,,,14,no exact8 plane survived
5483.0,28.85825211579687,0.01,False,,,14,no exact8 plane survived
5484.0,13.250154752324578,0.01,False,,,15,no valid outer-layer seed pairs
5485.0,15.649806409387503,0.01,False,,,15,no valid outer-layer seed pairs
5486.0,25.66219910122425,0.01,False,,,15,no exact8 plane survived
5487.0,22.80728361428979,0.01,False,,,15,no exact8 plane survived
5488.0,35.04158642072417,0.01,False,,,15,no exact8 plane survived
5489.0,13.71925902089073,0.01,False,,,15,no valid outer-layer seed pairs
5491.0,28.038248540248933,0.01,False,,,15,no exact8 plane survived
5492.0,21.77769658794344,0.01,False,,,15,no exact8 plane survived
5494.0,25.12203771792136,0.01,False,,,15,no exact8 plane survived
5495.0,37.469899400196894,0.01,False,,,15,no exact8 plane survived
5497.0,13.06796129338498,0.01,False,,,15,no valid outer-layer seed pairs
5499.0,18.01463495147129,0.01,False,,,15,no valid outer-layer seed pairs
5500.0,82.78987008576331,0.01,False,,,14,no exact8 plane survived
5501.0,146.15230233923873,0.01,False,,,14,no exact8 plane survived
5503.0,36.04053212612854,0.01,False,,,15,no exact8 plane survived
5504.0,38.04003268030595,0.01,False,,,14,no exact8 plane survived
5506.0,102.89383187553987,0.01,False,,,14,no exact8 plane survived
5507.0,13.526245592744736,0.01,False,,,15,no valid outer-layer seed pairs
5508.0,11.688587487048258,0.01,False,,,15,no valid outer-layer seed pairs
5510.0,22.682019598008704,0.01,False,,,15,no exact8 plane survived
5512.0,18.508241543760928,0.01,False,,,15,no valid outer-layer seed pairs
5513.0,34.05069100535006,0.01,False,,,14,no exact8 plane survived
5514.0,28.64414291539268,0.01,False,,,15,no exact8 plane survived
5515.0,16.62512888065261,0.01,False,,,15,no valid outer-layer seed pairs
5516.0,23.06980645050672,0.01,False,,,15,no exact8 plane survived
5517.0,62.20398239727396,0.01,False,,,14,no exact8 plane survived
5519.0,13.736077407808509,0.01,False,,,15,no valid outer-layer seed pairs
5520.0,24.110551923481506,0.01,False,,,15,no exact8 plane survived
5521.0,14.133754891546925,0.01,False,,,15,no valid outer-layer seed pairs
5522.0,15.034097795178344,0.01,False,,,15,no valid outer-layer seed pairs
5525.0,23.856747635328347,0.01,False,,,15,no exact8 plane survived
5526.0,17.939116232419078,0.01,False,,,15,no valid outer-layer seed pairs
5528.0,18.45942173564238,0.01,False,,,15,no valid outer-layer seed pairs
5529.0,12.935484218088185,0.01,False,,,15,no valid outer-layer seed pairs
5530.0,9.31345737078511,0.01,False,,,15,no valid outer-layer seed pairs
5531.0,34.66099932493184,0.01,False,,,15,no exact8 plane survived
5532.0,32.07391151263026,0.01,False,,,15,no exact8 plane survived
5534.0,5.0112652102995865,0.01,False,,,15,no valid outer-layer seed pairs
5537.0,9.26841425207229,0.01,False,,,15,no valid outer-layer seed pairs
5539.0,19.490285052120463,0.01,False,,,15,no exact8 plane survived
5540.0,26.78912454125205,0.01,False,,,15,no exact8 plane survived
5541.0,20.560451077826272,0.01,False,,,15,no exact8 plane survived
5543.0,26.01116883135542,0.01,False,,,15,no exact8 plane survived
5544.0,15.381974587092865,0.01,False,,,15,no valid outer-layer seed pairs
5545.0,13.39281302613004,0.01,False,,,15,no valid outer-layer seed pairs
5546.0,20.507524437339697,0.01,False,,,15,no exact8 plane survived
5547.0,5.790228149491446,0.01,False,,,15,no valid outer-layer seed pairs
5548.0,25.35580346028564,0.01,False,,,15,no exact8 plane survived
5549.0,25.95615549070211,0.01,False,,,15,no exact8 plane survived
5550.0,18.93096907244844,0.01,False,,,15,no exact8 plane survived
5551.0,12.07068560569732,0.01,False,,,15,no valid outer-layer seed pairs
5553.0,255.0650688826649,0.01,False,,,13,no exact8 plane survived
5554.0,10.322553639246902,0.01,False,,,15,no valid outer-layer seed pairs
5557.0,12.19207390074284,0.01,False,,,15,no valid outer-layer seed pairs
5560.0,34.800294309868065,0.01,False,,,14,no exact8 plane survived
5561.0,17.13209113463838,0.01,False,,,15,no valid outer-layer seed pairs
5562.0,10.673480087024712,0.01,False,,,15,no valid outer-layer seed pairs
5563.0,11.352675971524834,0.01,False,,,15,no valid outer-layer seed pairs
5564.0,60.384509018259614,0.01,False,,,14,no exact8 plane survived
5566.0,23.018717847800907,0.01,False,,,15,no exact8 plane survived
5569.0,93.45285936043422,0.01,False,,,14,no exact8 plane survived
5570.0,18.957282548204727,0.01,False,,,15,no exact8 plane survived
5571.0,58.051956855535714,0.01,False,,,14,no exact8 plane survived
5572.0,60.27111334444296,0.01,False,,,14,no exact8 plane survived
5573.0,63.4126021457724,0.01,False,,,14,no exact8 plane survived
5574.0,16.703326076306865,0.01,False,,,15,no valid outer-layer seed pairs
5575.0,91.40231868950336,0.01,False,,,14,no exact8 plane survived
5576.0,16.782771284401466,0.01,False,,,15,no valid outer-layer seed pairs
5578.0,12.979110613751432,0.01,False,,,15,no valid outer-layer seed pairs
5579.0,9.94645645857555,0.01,False,,,15,no valid outer-layer seed pairs
5580.0,38.89425270610595,0.01,False,,,15,no exact8 plane survived
5581.0,63.011609010946806,0.01,False,,,14,no exact8 plane survived
5582.0,16.83376339620812,0.01,False,,,15,no valid outer-layer seed pairs
5583.0,20.5595278704912,0.01,False,,,15,no exact8 plane survived
5584.0,127.35083556715836,0.01,False,,,14,no exact8 plane survived
5585.0,8.639690618349524,0.01,False,,,15,no valid outer-layer seed pairs
5586.0,14.277001889916882,0.01,False,,,15,no valid outer-layer seed pairs
5588.0,15.374728170090554,0.01,False,,,15,no valid outer-layer seed pairs
5589.0,38.73747032384092,0.01,False,,,15,no exact8 plane survived
5590.0,25.075310043139368,0.01,False,,,15,no exact8 plane survived
5591.0,11.008434337563871,0.01,False,,,15,no valid outer-layer seed pairs
5592.0,61.95781155665003,0.01,False,,,14,no exact8 plane survived
5593.0,42.43636240240503,0.01,False,,,14,no exact8 plane survived
5596.0,20.68100663605569,0.01,False,,,15,no exact8 plane survived
5597.0,11.288668796844837,0.01,False,,,15,no valid outer-layer seed pairs
5598.0,19.12599741651274,0.01,False,,,15,no exact8 plane survived
5599.0,16.444081920014607,0.01,False,,,15,no valid outer-layer seed pairs
5600.0,21.85637338772472,0.01,False,,,15,no exact8 plane survived
5601.0,46.509293963046446,0.01,False,,,14,no exact8 plane survived
5604.0,45.31129882908901,0.01,False,,,14,no exact8 plane survived
5605.0,16.50406358271524,0.01,False,,,15,no valid outer-layer seed pairs
5606.0,13.936663649477527,0.01,False,,,15,no valid outer-layer seed pairs
5607.0,35.798670964124895,0.01,False,,,14,no exact8 plane survived
5608.0,38.45625439914939,0.01,False,,,14,no exact8 plane survived
5610.0,33.94873403066708,0.01,False,,,15,no exact8 plane survived
5611.0,15.6074541506582,0.01,False,,,15,no valid outer-layer seed pairs
5612.0,34.64539506838224,0.01,False,,,15,no exact8 plane survived
5613.0,27.548712219159324,0.01,False,,,15,no exact8 plane survived
5614.0,51.14324354898408,0.01,False,,,14,no exact8 plane survived
5616.0,31.94179534568889,0.01,False,,,15,no exact8 plane survived
5617.0,44.6488225250268,0.01,False,,,14,no exact8 plane survived
5618.0,11.258380402792616,0.01,False,,,15,no valid outer-layer seed pairs
5619.0,60.42250773947746,0.01,False,,,14,no exact8 plane survived
5620.0,18.409604144946407,0.01,False,,,15,no valid outer-layer seed pairs
5621.0,17.239452111701837,0.01,False,,,15,no valid outer-layer seed pairs
5622.0,80.72441484359669,0.01,False,,,14,no exact8 plane survived
5623.0,13.166879528218484,0.01,False,,,15,no valid outer-layer seed pairs
5624.0,12.280822021210042,0.01,False,,,15,no valid outer-layer seed pairs
5627.0,27.23767889405785,0.01,False,,,15,no exact8 plane survived
5628.0,4.3690743492013,0.01,False,,,16,no valid outer-layer seed pairs
5630.0,58.85274984449112,0.01,False,,,14,no exact8 plane survived
5631.0,15.04994022747899,0.01,False,,,15,no valid outer-layer seed pairs
5633.0,21.89084995658597,0.01,False,,,15,no exact8 plane survived
5638.0,27.395922816620825,0.01,False,,,15,no exact8 plane survived
5640.0,33.99451427916794,0.01,False,,,15,no exact8 plane survived
5641.0,12.348141387466296,0.01,False,,,15,no valid outer-layer seed pairs
5642.0,24.264592868925924,0.01,False,,,15,no exact8 plane survived
5644.0,28.70480891404081,0.01,False,,,15,no exact8 plane survived
5645.0,11.688441863016692,0.01,False,,,15,no valid outer-layer seed pairs
5647.0,10.125107039973305,0.01,False,,,15,no valid outer-layer seed pairs
5648.0,63.97480029135539,0.01,False,,,14,no exact8 plane survived
5649.0,16.634093076681538,0.01,False,,,15,no valid outer-layer seed pairs
5650.0,17.292188119879054,0.01,False,,,15,no valid outer-layer seed pairs
5651.0,13.221532709372022,0.01,False,,,15,no valid outer-layer seed pairs
5652.0,29.27142755587216,0.01,False,,,15,no exact8 plane survived
5653.0,12.659750195564374,0.01,False,,,15,no valid outer-layer seed pairs
5654.0,11.950616552250825,0.01,False,,,15,no valid outer-layer seed pairs
5655.0,18.20196577150668,0.01,False,,,15,no valid outer-layer seed pairs
5656.0,10.499315086956408,0.01,False,,,15,no valid outer-layer seed pairs
5657.0,74.82815824219033,0.01,False,,,14,no exact8 plane survived
5658.0,18.938645919359267,0.01,False,,,15,no exact8 plane survived
5659.0,9.974271956253054,0.01,False,,,15,no valid outer-layer seed pairs
5661.0,7.202162495803398,0.01,False,,,15,no valid outer-layer seed pairs
5662.0,11.973581014962583,0.01,False,,,15,no valid outer-layer seed pairs
5663.0,12.448771882219225,0.01,False,,,15,no valid outer-layer seed pairs
5664.0,9.59030396163927,0.01,False,,,15,no valid outer-layer seed pairs
5665.0,17.689290339881925,0.01,False,,,15,no valid outer-layer seed pairs
5666.0,19.52035495819301,0.01,False,,,15,no exact8 plane survived
5667.0,11.076108936606683,0.01,False,,,15,no valid outer-layer seed pairs
5668.0,18.549883509240708,0.01,False,,,15,no valid outer-layer seed pairs
5669.0,32.22513090202538,0.01,False,,,14,no exact8 plane survived
5670.0,25.29085742911064,0.01,False,,,15,no exact8 plane survived
5672.0,16.3212068071265,0.01,False,,,15,no valid outer-layer seed pairs
5673.0,13.210504969712378,0.01,False,,,15,no valid outer-layer seed pairs
5675.0,36.36857886517108,0.01,False,,,14,no exact8 plane survived
5676.0,15.877794960181612,0.01,False,,,15,no valid outer-layer seed pairs
5677.0,185.74353460727065,0.01,False,,,14,no exact8 plane survived
5678.0,13.582690595398953,0.01,False,,,15,no valid outer-layer seed pairs
5679.0,12.636553940000924,0.01,False,,,15,no valid outer-layer seed pairs
5681.0,12.08226509102529,0.01,False,,,15,no valid outer-layer seed pairs
5682.0,11.947845357435863,0.01,False,,,15,no valid outer-layer seed pairs
5683.0,14.037844670460482,0.01,False,,,15,no valid outer-layer seed pairs
5684.0,10.690451320706226,0.01,False,,,15,no valid outer-layer seed pairs
5685.0,15.589826714049822,0.01,False,,,15,no valid outer-layer seed pairs
5686.0,23.787237484221315,0.01,False,,,15,no exact8 plane survived
5687.0,34.81141754168916,0.01,False,,,15,no exact8 plane survived
5688.0,42.0194711528889,0.01,False,,,14,no exact8 plane survived
5689.0,13.342503702342446,0.01,False,,,15,no valid outer-layer seed pairs
5690.0,13.489211322423632,0.01,False,,,15,no valid outer-layer seed pairs
5691.0,26.21570156197531,0.01,False,,,15,no exact8 plane survived
5692.0,11.308764290893134,0.01,False,,,15,no valid outer-layer seed pairs
5693.0,33.81682201753267,0.01,False,,,15,no exact8 plane survived
5694.0,60.071214718281766,0.01,False,,,14,no exact8 plane survived
5695.0,16.110307266884206,0.01,False,,,15,no valid outer-layer seed pairs
5697.0,12.824364804097904,0.01,False,,,15,no valid outer-layer seed pairs
5698.0,9.964340696606758,0.01,False,,,15,no valid outer-layer seed pairs
5699.0,14.881430392213222,0.01,False,,,15,no valid outer-layer seed pairs
5701.0,14.588402875000506,0.01,False,,,15,no valid outer-layer seed pairs
5704.0,13.599616825448017,0.01,False,,,15,no valid outer-layer seed pairs
5705.0,112.81505756569813,0.01,False,,,14,no exact8 plane survived
5706.0,31.91243303095957,0.01,False,,,14,no exact8 plane survived
5707.0,29.81833213350193,0.01,False,,,15,no exact8 plane survived
5708.0,28.46848190509284,0.01,False,,,14,no exact8 plane survived
5709.0,19.117911577314985,0.01,False,,,15,no exact8 plane survived
5711.0,19.94999704777072,0.01,False,,,15,no exact8 plane survived
5712.0,10.083199239199784,0.01,False,,,15,no valid outer-layer seed pairs
5713.0,10.61606728727634,0.01,False,,,15,no valid outer-layer seed pairs
5715.0,27.40165852550607,0.01,False,,,15,no exact8 plane survived
5716.0,12.873680631281225,0.01,False,,,15,no valid outer-layer seed pairs
5718.0,60.47543129207455,0.01,False,,,14,no exact8 plane survived
5720.0,7.458256157023894,0.01,False,,,15,no valid outer-layer seed pairs
5721.0,12.008875745107895,0.01,False,,,15,no valid outer-layer seed pairs
5722.0,163.30766196345644,0.01,False,,,14,no exact8 plane survived
5723.0,8.45661354825087,0.01,False,,,15,no valid outer-layer seed pairs
5724.0,14.379952206392126,0.01,False,,,15,no valid outer-layer seed pairs
5725.0,12.834022132159918,0.01,False,,,15,no valid outer-layer seed pairs
5726.0,13.70363006886927,0.01,False,,,15,no valid outer-layer seed pairs
5727.0,24.12605662680484,0.01,False,,,15,no exact8 plane survived
5729.0,46.12345494830532,0.01,False,,,15,no exact8 plane survived
5730.0,50.46986285112393,0.01,False,,,14,no exact8 plane survived
5731.0,47.98502268910562,0.01,False,,,14,no exact8 plane survived
5732.0,61.478939089007945,0.01,False,,,14,no exact8 plane survived
5735.0,15.616915509695474,0.01,False,,,15,no valid outer-layer seed pairs
5736.0,114.07881315839256,0.01,False,,,14,no exact8 plane survived
5738.0,20.515928264158948,0.01,False,,,15,no exact8 plane survived
5739.0,13.938741555424157,0.01,False,,,15,no valid outer-layer seed pairs
5740.0,21.088249536854665,0.01,False,,,15,no exact8 plane survived
5741.0,21.659962772794145,0.01,False,,,15,no exact8 plane survived
5744.0,62.40617578818858,0.01,False,,,14,no exact8 plane survived
5746.0,222.48287381330783,0.01,False,,,13,no exact8 plane survived
5748.0,31.56818790067287,0.01,False,,,14,no exact8 plane survived
5749.0,11.441710731852282,0.01,False,,,15,no valid outer-layer seed pairs
5753.0,10.27318660317024,0.01,False,,,15,no valid outer-layer seed pairs
5754.0,19.969646127511428,0.01,False,,,15,no exact8 plane survived
5755.0,74.02617237271396,0.01,False,,,14,no exact8 plane survived
5756.0,9.983613583885896,0.01,False,,,15,no valid outer-layer seed pairs
5757.0,36.28340233385811,0.01,False,,,14,no exact8 plane survived
5759.0,41.98318484781529,0.01,False,,,14,no exact8 plane survived
5762.0,19.73706051672591,0.01,False,,,15,no exact8 plane survived
5763.0,13.829206792548533,0.01,False,,,15,no valid outer-layer seed pairs
5764.0,34.032019985891694,0.01,False,,,15,no exact8 plane survived
5766.0,9.955649387570586,0.01,False,,,15,no valid outer-layer seed pairs
5767.0,40.35862954431513,0.01,False,,,14,no exact8 plane survived
5768.0,13.07134496819105,0.01,False,,,15,no valid outer-layer seed pairs
5770.0,11.476301424816004,0.01,False,,,15,no valid outer-layer seed pairs
5771.0,14.11776695637041,0.01,False,,,15,no valid outer-layer seed pairs
5772.0,45.97673398612229,0.01,False,,,14,no exact8 plane survived
5774.0,31.170198277063736,0.01,False,,,15,no exact8 plane survived
5775.0,20.810742547200856,0.01,False,,,15,no exact8 plane survived
5776.0,12.482722122407166,0.01,False,,,15,no valid outer-layer seed pairs
5777.0,12.25893967161358,0.01,False,,,15,no valid outer-layer seed pairs
5779.0,15.768746214626605,0.01,False,,,15,no valid outer-layer seed pairs
5780.0,18.61334817471841,0.01,False,,,15,no exact8 plane survived
5781.0,59.2823659259644,0.01,False,,,14,no exact8 plane survived
5782.0,38.73870230029164,0.01,False,,,14,no exact8 plane survived
5784.0,93.45096885387754,0.01,False,,,14,no exact8 plane survived
5785.0,12.375982999965338,0.01,False,,,15,no valid outer-layer seed pairs
5786.0,46.51677429580442,0.01,False,,,14,no exact8 plane survived
5789.0,83.22813643024409,0.01,False,,,14,no exact8 plane survived
5790.0,27.31529984502469,0.01,False,,,15,no exact8 plane survived
5792.0,21.33734208516908,0.01,False,,,15,no exact8 plane survived
5795.0,21.193225219102764,0.01,False,,,15,no exact8 plane survived
5796.0,13.683051355580762,0.01,False,,,15,no valid outer-layer seed pairs
5797.0,90.15691565103587,0.01,False,,,14,no exact8 plane survived
5799.0,10.501041172909302,0.01,False,,,15,no valid outer-layer seed pairs
5800.0,11.050680615541651,0.01,False,,,15,no valid outer-layer seed pairs
5801.0,12.339125482732532,0.01,False,,,15,no valid outer-layer seed pairs
5803.0,33.37354938715804,0.01,False,,,15,no exact8 plane survived
5804.0,10.233058933168136,0.01,False,,,15,no valid outer-layer seed pairs
5805.0,19.36456991911865,0.01,False,,,15,no exact8 plane survived
5806.0,10.303168731699506,0.01,False,,,15,no valid outer-layer seed pairs
5807.0,24.88723027775725,0.01,False,,,15,no exact8 plane survived
5808.0,19.060264204804632,0.01,False,,,15,no exact8 plane survived
5809.0,12.856807222879995,0.01,False,,,15,no valid outer-layer seed pairs
5810.0,46.53739663071323,0.01,False,,,14,no exact8 plane survived
5811.0,16.26735814841495,0.01,False,,,15,no valid outer-layer seed pairs
5812.0,24.25104757370504,0.01,False,,,15,no exact8 plane survived
5814.0,15.44902668249351,0.01,False,,,15,no valid outer-layer seed pairs
5816.0,25.301740813170586,0.01,False,,,15,no exact8 plane survived
5817.0,2.474086250701402,0.01,False,,,16,no valid outer-layer seed pairs
5818.0,12.655448028565552,0.01,False,,,15,no valid outer-layer seed pairs
5820.0,31.95718499111076,0.01,False,,,15,no exact8 plane survived
5821.0,15.484209023867862,0.01,False,,,15,no valid outer-layer seed pairs
5823.0,26.43213124326752,0.01,False,,,15,no exact8 plane survived
5824.0,27.44843875600353,0.01,False,,,15,no exact8 plane survived
5826.0,13.997496642749736,0.01,False,,,15,no valid outer-layer seed pairs
5827.0,25.62665896923471,0.01,False,,,15,no exact8 plane survived
5828.0,29.03821029364561,0.01,False,,,15,no exact8 plane survived
5829.0,34.09147502141776,0.01,False,,,14,no exact8 plane survived
5830.0,53.20178794483616,0.01,False,,,14,no exact8 plane survived
5831.0,41.55520002796965,0.01,False,,,15,no exact8 plane survived
5833.0,76.37281281160529,0.01,False,,,14,no exact8 plane survived
5834.0,19.779851888974733,0.01,False,,,15,no exact8 plane survived
5835.0,19.394187975283444,0.01,False,,,15,no exact8 plane survived
5836.0,10.249761277352142,0.01,False,,,15,no valid outer-layer seed pairs
5837.0,14.869453140728352,0.01,False,,,15,no valid outer-layer seed pairs
5839.0,22.483364191655948,0.01,False,,,15,no exact8 plane survived
5840.0,15.694953812749391,0.01,False,,,15,no valid outer-layer seed pairs
5842.0,15.68413258682569,0.01,False,,,15,no valid outer-layer seed pairs
5844.0,9.79357584169743,0.01,False,,,15,no valid outer-layer seed pairs
5845.0,15.644540620730265,0.01,False,,,15,no valid outer-layer seed pairs
5846.0,12.76842266899442,0.01,False,,,15,no valid outer-layer seed pairs
5848.0,15.85830394611866,0.01,False,,,15,no valid outer-layer seed pairs
5849.0,12.943603986191146,0.01,False,,,15,no valid outer-layer seed pairs
5850.0,60.980145284972274,0.01,False,,,14,no exact8 plane survived
5851.0,11.508773862268365,0.01,False,,,15,no valid outer-layer seed pairs
5852.0,33.77131907538838,0.01,False,,,15,no exact8 plane survived
5855.0,40.99289155730025,0.01,False,,,15,no exact8 plane survived
5856.0,12.41582853838285,0.01,False,,,15,no valid outer-layer seed pairs
5857.0,12.116927137741186,0.01,False,,,15,no valid outer-layer seed pairs
5858.0,11.129202988936337,0.01,False,,,15,no valid outer-layer seed pairs
5860.0,35.784377971189286,0.01,False,,,15,no exact8 plane survived
5861.0,17.732349051592593,0.01,False,,,15,no valid outer-layer seed pairs
5863.0,10.46948137397714,0.01,False,,,15,no valid outer-layer seed pairs
5864.0,10.597348948914966,0.01,False,,,15,no valid outer-layer seed pairs
5865.0,30.16706900051937,0.01,False,,,14,no exact8 plane survived
5866.0,31.54915796327842,0.01,False,,,15,no exact8 plane survived
5868.0,78.74289836040226,0.01,False,,,14,no exact8 plane survived
5869.0,19.75285437869067,0.01,False,,,15,no exact8 plane survived
5870.0,11.948437854948782,0.01,False,,,15,no valid outer-layer seed pairs
5871.0,15.998728296437848,0.01,False,,,15,no valid outer-layer seed pairs
5873.0,51.58630122274253,0.01,False,,,14,no exact8 plane survived
5874.0,11.109284199202529,0.01,False,,,15,no valid outer-layer seed pairs
5875.0,11.21615664086448,0.01,False,,,15,no valid outer-layer seed pairs
5876.0,56.93407863089691,0.01,False,,,14,no exact8 plane survived
5878.0,14.94778328545226,0.01,False,,,15,no valid outer-layer seed pairs
5879.0,10.940864989781884,0.01,False,,,15,no valid outer-layer seed pairs
5880.0,11.428578839485365,0.01,False,,,15,no valid outer-layer seed pairs
5882.0,105.08823671408032,0.01,False,,,14,no exact8 plane survived
5883.0,12.170182812188788,0.01,False,,,15,no valid outer-layer seed pairs
5884.0,43.40072869021534,0.01,False,,,14,no exact8 plane survived
5886.0,47.93108545801949,0.01,False,,,14,no exact8 plane survived
5887.0,20.05045398745108,0.01,False,,,15,no exact8 plane survived
5889.0,12.237280219757656,0.01,False,,,15,no valid outer-layer seed pairs
5890.0,37.28563125672746,0.01,False,,,14,no exact8 plane survived
5891.0,13.865943181476954,0.01,False,,,15,no valid outer-layer seed pairs
5892.0,49.34018375418538,0.01,False,,,15,no exact8 plane survived
5893.0,21.81026639472428,0.01,False,,,15,no exact8 plane survived
5894.0,72.53418928544535,0.01,False,,,14,no exact8 plane survived
5895.0,15.20613644940406,0.01,False,,,15,no valid outer-layer seed pairs
5896.0,46.72580458528329,0.01,False,,,14,no exact8 plane survived
5897.0,54.366228882319135,0.01,False,,,14,no exact8 plane survived
5898.0,70.41585243898359,0.01,False,,,14,no exact8 plane survived
5900.0,15.997033856240522,0.01,False,,,15,no valid outer-layer seed pairs
5904.0,17.13351011761715,0.01,False,,,15,no valid outer-layer seed pairs
5905.0,28.115547987479687,0.01,False,,,15,no exact8 plane survived
5907.0,10.652350977743618,0.01,False,,,15,no valid outer-layer seed pairs
5908.0,22.946811437186323,0.01,False,,,15,no exact8 plane survived
5909.0,10.816545907330704,0.01,False,,,15,no valid outer-layer seed pairs
5910.0,20.43910491754372,0.01,False,,,15,no exact8 plane survived
5911.0,27.600173291858663,0.01,False,,,15,no exact8 plane survived
5912.0,105.4206913245464,0.01,False,,,14,no exact8 plane survived
5914.0,10.237900078186048,0.01,False,,,15,no valid outer-layer seed pairs
5915.0,19.25597278977872,0.01,False,,,15,no exact8 plane survived
5916.0,76.74688631181529,0.01,False,,,14,no exact8 plane survived
5917.0,21.00357400295993,0.01,False,,,15,no exact8 plane survived
5918.0,29.022124465375185,0.01,False,,,14,no exact8 plane survived
5919.0,56.249850492296495,0.01,False,,,14,no exact8 plane survived
5920.0,21.71864452060267,0.01,False,,,15,no exact8 plane survived
5921.0,74.36637130428497,0.01,False,,,14,no exact8 plane survived
5922.0,9.891044926247044,0.01,False,,,15,no valid outer-layer seed pairs
5923.0,45.43648894784561,0.01,False,,,14,no exact8 plane survived
5924.0,16.45555033428849,0.01,False,,,15,no valid outer-layer seed pairs
5925.0,43.34411521087648,0.01,False,,,14,no exact8 plane survived
5926.0,26.79777703934681,0.01,False,,,15,no exact8 plane survived
5927.0,12.557643933607656,0.01,False,,,15,no valid outer-layer seed pairs
5929.0,30.54575950717521,0.01,False,,,15,no exact8 plane survived
5930.0,37.61483482009651,0.01,False,,,14,no exact8 plane survived
5931.0,9.167943884427608,0.01,False,,,15,no valid outer-layer seed pairs
5932.0,8.888187670870435,0.01,False,,,15,no valid outer-layer seed pairs
5933.0,112.51024956918872,0.01,False,,,14,no exact8 plane survived
5935.0,26.81447259224883,0.01,False,,,15,no exact8 plane survived
5936.0,18.547600702172574,0.01,False,,,15,no valid outer-layer seed pairs
5937.0,24.941866469172616,0.01,False,,,15,no exact8 plane survived
5938.0,9.763185559973865,0.01,False,,,15,no valid outer-layer seed pairs
5939.0,65.74344810851844,0.01,False,,,14,no exact8 plane survived
5940.0,11.083028428449408,0.01,False,,,15,no valid outer-layer seed pairs
5942.0,54.28709574138288,0.01,False,,,14,no exact8 plane survived
5943.0,129.03453347303596,0.01,False,,,14,no exact8 plane survived
5944.0,15.194445793117412,0.01,False,,,15,no valid outer-layer seed pairs
5945.0,33.07256524377548,0.01,False,,,15,no exact8 plane survived
5949.0,10.294733035523114,0.01,False,,,15,no valid outer-layer seed pairs
5950.0,10.714552957936895,0.01,False,,,15,no valid outer-layer seed pairs
5951.0,13.35453125853055,0.01,False,,,15,no valid outer-layer seed pairs
5952.0,30.85436737374714,0.01,False,,,15,no exact8 plane survived
5954.0,12.30108116853216,0.01,False,,,15,no valid outer-layer seed pairs
5955.0,10.849469632082462,0.01,False,,,15,no valid outer-layer seed pairs
5956.0,243.08266539060315,0.01,False,,,13,no exact8 plane survived
5957.0,27.33743839537412,0.01,False,,,15,no exact8 plane survived
5958.0,24.064541238176744,0.01,False,,,15,no exact8 plane survived
5959.0,53.37390510656786,0.01,False,,,14,no exact8 plane survived
5960.0,164.32584107945755,0.01,False,,,14,no exact8 plane survived
5961.0,18.723547750558417,0.01,False,,,15,no exact8 plane survived
5962.0,12.702250382358235,0.01,False,,,15,no valid outer-layer seed pairs
5963.0,12.437404383948746,0.01,False,,,15,no valid outer-layer seed pairs
5964.0,18.229617849301217,0.01,False,,,15,no valid outer-layer seed pairs
5965.0,10.108289557794938,0.01,False,,,15,no valid outer-layer seed pairs
5966.0,10.607044371153371,0.01,False,,,15,no valid outer-layer seed pairs
5968.0,41.244197327562055,0.01,False,,,14,no exact8 plane survived
5969.0,24.52848384756365,0.01,False,,,15,no exact8 plane survived
5971.0,19.39687639363595,0.01,False,,,15,no exact8 plane survived
5972.0,30.88746742292157,0.01,False,,,14,no exact8 plane survived
5973.0,40.59620304999534,0.01,False,,,15,no exact8 plane survived
5974.0,48.53123761273721,0.01,False,,,14,no exact8 plane survived
5975.0,30.68202113541613,0.01,False,,,14,no exact8 plane survived
5976.0,40.25191324926962,0.01,False,,,14,no exact8 plane survived
5978.0,47.08890668857839,0.01,False,,,14,no exact8 plane survived
5979.0,12.924133547479457,0.01,False,,,15,no valid outer-layer seed pairs
5981.0,10.886970454936302,0.01,False,,,15,no valid outer-layer seed pairs
5983.0,29.43351710180909,0.01,False,,,14,no exact8 plane survived
5984.0,18.59756282987876,0.01,False,,,15,no valid outer-layer seed pairs
5986.0,91.07636612560586,0.01,False,,,14,no exact8 plane survived
5987.0,34.945918925676644,0.01,False,,,15,no exact8 plane survived
5991.0,15.990182340206198,0.01,False,,,15,no valid outer-layer seed pairs
5992.0,17.49332253631461,0.01,False,,,15,no valid outer-layer seed pairs
5993.0,10.755792083793112,0.01,False,,,15,no valid outer-layer seed pairs
5994.0,45.76241615961197,0.01,False,,,14,no exact8 plane survived
5995.0,9.176956799189096,0.01,False,,,15,no valid outer-layer seed pairs
5996.0,10.961797708730646,0.01,False,,,15,no valid outer-layer seed pairs
5997.0,56.092783760555,0.01,False,,,14,no exact8 plane survived
5998.0,21.73150045406933,0.01,False,,,15,no exact8 plane survived
5999.0,12.508935361495366,0.01,False,,,15,no valid outer-layer seed pairs
6001.0,18.91112634184121,0.01,False,,,15,no exact8 plane survived
6003.0,13.14176076831083,0.01,False,,,15,no valid outer-layer seed pairs
6004.0,32.374140796169264,0.01,False,,,15,no exact8 plane survived
6006.0,15.8903490584189,0.01,False,,,15,no valid outer-layer seed pairs
6007.0,44.39390497406468,0.01,False,,,15,no exact8 plane survived
6008.0,28.41648184556633,0.01,False,,,15,no exact8 plane survived
6009.0,11.77452475661551,0.01,False,,,15,no valid outer-layer seed pairs
6011.0,12.778895572281668,0.01,False,,,15,no valid outer-layer seed pairs
6012.0,18.91137655619001,0.01,False,,,15,no exact8 plane survived
6013.0,31.51297149204704,0.01,False,,,15,no exact8 plane survived
6016.0,12.835309486289296,0.01,False,,,15,no valid outer-layer seed pairs
6017.0,11.91943189298604,0.01,False,,,15,no valid outer-layer seed pairs
6018.0,11.274054087493472,0.01,False,,,15,no valid outer-layer seed pairs
6019.0,51.15464850503137,0.01,False,,,14,no exact8 plane survived
6020.0,41.219874772680576,0.01,False,,,15,no exact8 plane survived
6021.0,16.265062861675634,0.01,False,,,15,no valid outer-layer seed pairs
6023.0,17.77454116827322,0.01,False,,,15,no valid outer-layer seed pairs
6024.0,12.681380576143496,0.01,False,,,15,no valid outer-layer seed pairs
6025.0,19.88369774549027,0.01,False,,,15,no exact8 plane survived
6026.0,21.915362470769765,0.01,False,,,15,no exact8 plane survived
6029.0,13.309038610367322,0.01,False,,,15,no valid outer-layer seed pairs
6030.0,14.958793378279118,0.01,False,,,15,no valid outer-layer seed pairs
6031.0,13.372143059197658,0.01,False,,,15,no valid outer-layer seed pairs
6032.0,28.483175989342566,0.01,False,,,15,no exact8 plane survived
6033.0,8.925648593850832,0.01,False,,,15,no valid outer-layer seed pairs
6034.0,22.22721461298945,0.01,False,,,15,no exact8 plane survived
6035.0,7.62657662017108,0.01,False,,,15,no valid outer-layer seed pairs
6036.0,24.99674208538812,0.01,False,,,15,no exact8 plane survived
6038.0,16.651920802960802,0.01,False,,,15,no valid outer-layer seed pairs
6039.0,16.685236279694394,0.01,False,,,15,no valid outer-layer seed pairs
6041.0,59.5113367756887,0.01,False,,,14,no exact8 plane survived
6042.0,14.94191328968539,0.01,False,,,15,no valid outer-layer seed pairs
6047.0,30.106366463727024,0.01,False,,,15,no exact8 plane survived
6048.0,30.1785421932928,0.01,False,,,15,no exact8 plane survived
6049.0,42.10435981888978,0.01,False,,,14,no exact8 plane survived
6050.0,0.8343515491687018,0.01,False,,,12,no valid outer-layer seed pairs
6051.0,18.437331172470948,0.01,False,,,15,no valid outer-layer seed pairs
6052.0,55.17685351232609,0.01,False,,,14,no exact8 plane survived
6053.0,137.53536899061874,0.01,False,,,14,no exact8 plane survived
6056.0,80.31860061286993,0.01,False,,,14,no exact8 plane survived
6057.0,63.50953750927832,0.01,False,,,14,no exact8 plane survived
6058.0,46.61597035928323,0.01,False,,,14,no exact8 plane survived
6060.0,41.17210951282086,0.01,False,,,14,no exact8 plane survived
6061.0,9.780784768254575,0.01,False,,,15,no valid outer-layer seed pairs
6062.0,12.081065188713843,0.01,False,,,15,no valid outer-layer seed pairs
6063.0,40.42089340037929,0.01,False,,,14,no exact8 plane survived
6064.0,27.571627090054115,0.01,False,,,15,no exact8 plane survived
6065.0,19.504158524939136,0.01,False,,,15,no exact8 plane survived
6066.0,16.752709542262732,0.01,False,,,15,no valid outer-layer seed pairs
6069.0,37.72112355249739,0.01,False,,,15,no exact8 plane survived
6071.0,23.72645600356052,0.01,False,,,15,no exact8 plane survived
6072.0,18.20874319748464,0.01,False,,,15,no valid outer-layer seed pairs
6073.0,24.48643861443386,0.01,False,,,15,no exact8 plane survived
6074.0,37.14692044823615,0.01,False,,,15,no exact8 plane survived
6076.0,17.691849767402957,0.01,False,,,15,no valid outer-layer seed pairs
6077.0,91.8762618973956,0.01,False,,,14,no exact8 plane survived
6079.0,13.889218232869018,0.01,False,,,15,no valid outer-layer seed pairs
6081.0,16.177257438626917,0.01,False,,,15,no valid outer-layer seed pairs
6082.0,21.98205593848904,0.01,False,,,15,no exact8 plane survived
6083.0,13.30307131350992,0.01,False,,,15,no valid outer-layer seed pairs
6084.0,17.05575195084539,0.01,False,,,15,no valid outer-layer seed pairs
6086.0,24.595908885958565,0.01,False,,,15,no exact8 plane survived
6087.0,19.70518708287164,0.01,False,,,15,no exact8 plane survived
6089.0,45.02465407085717,0.01,False,,,14,no exact8 plane survived
6090.0,13.355583488984836,0.01,False,,,15,no valid outer-layer seed pairs
6091.0,17.500654891658314,0.01,False,,,15,no valid outer-layer seed pairs
6092.0,21.3841564168652,0.01,False,,,15,no exact8 plane survived
6093.0,13.35459442100507,0.01,False,,,15,no valid outer-layer seed pairs
6094.0,19.57808889406488,0.01,False,,,15,no exact8 plane survived
6095.0,87.98569006509692,0.01,False,,,14,no exact8 plane survived
6096.0,11.282530373097943,0.01,False,,,15,no valid outer-layer seed pairs
6097.0,32.38596748190487,0.01,False,,,15,no exact8 plane survived
6098.0,39.06179876541113,0.01,False,,,15,no exact8 plane survived
6099.0,92.2122494163851,0.01,False,,,14,no exact8 plane survived
6100.0,16.342868569876178,0.01,False,,,15,no valid outer-layer seed pairs
6101.0,13.934759802606363,0.01,False,,,15,no valid outer-layer seed pairs
6102.0,14.472474262807946,0.01,False,,,15,no valid outer-layer seed pairs
6105.0,10.032216587510602,0.01,False,,,15,no valid outer-layer seed pairs
6108.0,15.663994922767351,0.01,False,,,15,no valid outer-layer seed pairs
6109.0,9.81551859761558,0.01,False,,,15,no valid outer-layer seed pairs
6110.0,12.56950761162441,0.01,False,,,15,no valid outer-layer seed pairs
6112.0,42.716753800152986,0.01,False,,,14,no exact8 plane survived
6113.0,47.554239794160566,0.01,False,,,14,no exact8 plane survived
6114.0,225.1819339205536,0.01,False,,,13,no exact8 plane survived
6115.0,11.66130073529469,0.01,False,,,15,no valid outer-layer seed pairs
6118.0,22.11694879938974,0.01,False,,,15,no exact8 plane survived
6121.0,53.67999406831284,0.01,False,,,14,no exact8 plane survived
6123.0,10.51185728666299,0.01,False,,,15,no valid outer-layer seed pairs
6124.0,19.77394962769305,0.01,False,,,15,no exact8 plane survived
6127.0,10.03646425686112,0.01,False,,,15,no valid outer-layer seed pairs
6129.0,146.49248590786286,0.01,False,,,14,no exact8 plane survived
6130.0,24.01486751485898,0.01,False,,,15,no exact8 plane survived
6132.0,100.31807734759852,0.01,False,,,14,no exact8 plane survived
6133.0,26.73246235618549,0.01,False,,,15,no exact8 plane survived
6134.0,22.202761328332294,0.01,False,,,15,no exact8 plane survived
6136.0,11.745353884927503,0.01,False,,,15,no valid outer-layer seed pairs
6137.0,10.241162760912577,0.01,False,,,15,no valid outer-layer seed pairs
6139.0,9.908420003435571,0.01,False,,,15,no valid outer-layer seed pairs
6140.0,39.2285176993612,0.01,False,,,14,no exact8 plane survived
6141.0,13.267127111410511,0.01,False,,,15,no valid outer-layer seed pairs
6142.0,17.258876196927865,0.01,False,,,15,no valid outer-layer seed pairs
6143.0,87.16238026653137,0.01,False,,,14,no exact8 plane survived
6145.0,37.29803336032477,0.01,False,,,15,no exact8 plane survived
6148.0,9.712135561079709,0.01,False,,,15,no valid outer-layer seed pairs
6149.0,13.670223000962787,0.01,False,,,15,no valid outer-layer seed pairs
6150.0,83.73475257547815,0.01,False,,,14,no exact8 plane survived
6151.0,20.766565025282745,0.01,False,,,15,no exact8 plane survived
6153.0,12.474570130126944,0.01,False,,,15,no valid outer-layer seed pairs
6154.0,19.97837631219253,0.01,False,,,15,no exact8 plane survived
6155.0,10.155073401190691,0.01,False,,,15,no valid outer-layer seed pairs
6156.0,28.97298668427706,0.01,False,,,14,no exact8 plane survived
6157.0,38.16213883546526,0.01,False,,,14,no exact8 plane survived
6158.0,14.949404311610596,0.01,False,,,15,no valid outer-layer seed pairs
6160.0,93.75192482029884,0.01,False,,,14,no exact8 plane survived
6161.0,10.86122493538263,0.01,False,,,15,no valid outer-layer seed pairs
6162.0,28.883335470677327,0.01,False,,,15,no exact8 plane survived
6164.0,40.86774138331307,0.01,False,,,15,no exact8 plane survived
6166.0,10.45332160911432,0.01,False,,,15,no valid outer-layer seed pairs
6170.0,81.12081672712915,0.01,False,,,14,no exact8 plane survived
6171.0,23.707330341755195,0.01,False,,,15,no exact8 plane survived
6172.0,11.907289005660708,0.01,False,,,15,no valid outer-layer seed pairs
6174.0,21.1758983378117,0.01,False,,,15,no exact8 plane survived
6176.0,16.19227497984167,0.01,False,,,15,no valid outer-layer seed pairs
6177.0,73.09973399394634,0.01,False,,,14,no exact8 plane survived
6178.0,37.09553810966741,0.01,False,,,15,no exact8 plane survived
6179.0,36.6652749819654,0.01,False,,,14,no exact8 plane survived
6180.0,30.641441927694828,0.01,False,,,15,no exact8 plane survived
6181.0,63.13677671639667,0.01,False,,,14,no exact8 plane survived
6182.0,92.67275006212462,0.01,False,,,14,no exact8 plane survived
6183.0,32.05842697444509,0.01,False,,,14,no exact8 plane survived
6184.0,23.811663396237744,0.01,False,,,15,no exact8 plane survived
6187.0,13.591589377288722,0.01,False,,,15,no valid outer-layer seed pairs
6188.0,8.271106011682717,0.01,False,,,15,no valid outer-layer seed pairs
6190.0,12.648753074836252,0.01,False,,,15,no valid outer-layer seed pairs
6191.0,31.637618181248502,0.01,False,,,15,no exact8 plane survived
6192.0,9.510634717164391,0.01,False,,,15,no valid outer-layer seed pairs
6193.0,14.648597887808409,0.01,False,,,15,no valid outer-layer seed pairs
6195.0,11.84563118792335,0.01,False,,,15,no valid outer-layer seed pairs
6196.0,13.471419112218166,0.01,False,,,15,no valid outer-layer seed pairs
6198.0,54.60102814037937,0.01,False,,,14,no exact8 plane survived
6199.0,9.613972248593258,0.01,False,,,15,no valid outer-layer seed pairs
6201.0,25.25271030636217,0.01,False,,,15,no exact8 plane survived
6202.0,10.3376738798078,0.01,False,,,15,no valid outer-layer seed pairs
6203.0,13.00531234782738,0.01,False,,,15,no valid outer-layer seed pairs
6204.0,11.403284960302706,0.01,False,,,15,no valid outer-layer seed pairs
6206.0,3.0977774902906825,0.01,False,,,16,no valid outer-layer seed pairs
6209.0,27.79862279761365,0.01,False,,,15,no exact8 plane survived
6210.0,12.70936533089622,0.01,False,,,15,no valid outer-layer seed pairs
6211.0,25.9683624924252,0.01,False,,,15,no exact8 plane survived
6212.0,25.9135932131138,0.01,False,,,15,no exact8 plane survived
6213.0,95.59106093606424,0.01,False,,,14,no exact8 plane survived
6214.0,18.29851958253468,0.01,False,,,15,no valid outer-layer seed pairs
6215.0,32.733157699181454,0.01,False,,,14,no exact8 plane survived
6216.0,12.096604261064073,0.01,False,,,15,no valid outer-layer seed pairs
6217.0,15.356026437200024,0.01,False,,,15,no valid outer-layer seed pairs
6218.0,30.192756745779587,0.01,False,,,15,no exact8 plane survived
6219.0,14.719722699563592,0.01,False,,,15,no valid outer-layer seed pairs
6220.0,17.24069918059296,0.01,False,,,15,no valid outer-layer seed pairs
6221.0,20.623883686201232,0.01,False,,,15,no exact8 plane survived
6222.0,12.504107870871524,0.01,False,,,15,no valid outer-layer seed pairs
6223.0,12.35691998140918,0.01,False,,,15,no valid outer-layer seed pairs
6225.0,12.869594192964003,0.01,False,,,15,no valid outer-layer seed pairs
6226.0,12.399630837406846,0.01,False,,,15,no valid outer-layer seed pairs
6227.0,17.76428138770742,0.01,False,,,15,no valid outer-layer seed pairs
6228.0,15.38029106900078,0.01,False,,,15,no valid outer-layer seed pairs
6229.0,86.23406818466881,0.01,False,,,14,no exact8 plane survived
6231.0,13.263312658904123,0.01,False,,,15,no valid outer-layer seed pairs
6232.0,10.203716048831495,0.01,False,,,15,no valid outer-layer seed pairs
6233.0,11.709666855923675,0.01,False,,,15,no valid outer-layer seed pairs
6234.0,10.918587267092668,0.01,False,,,15,no valid outer-layer seed pairs
6236.0,13.826807908275963,0.01,False,,,15,no valid outer-layer seed pairs
6237.0,14.619761154397615,0.01,False,,,15,no valid outer-layer seed pairs
6239.0,32.927782650732496,0.01,False,,,14,no exact8 plane survived
6240.0,31.128917170413885,0.01,False,,,15,no exact8 plane survived
6242.0,78.04022607281419,0.01,False,,,14,no exact8 plane survived
6243.0,10.606453358396315,0.01,False,,,15,no valid outer-layer seed pairs
6244.0,41.82789044597678,0.01,False,,,15,no exact8 plane survived
6245.0,33.08418315691241,0.01,False,,,14,no exact8 plane survived
6246.0,92.83011127829536,0.01,False,,,14,no exact8 plane survived
6247.0,52.872737936461945,0.01,False,,,14,no exact8 plane survived
6248.0,69.68328665266647,0.01,False,,,14,no exact8 plane survived
6250.0,16.864849091399265,0.01,False,,,15,no valid outer-layer seed pairs
6251.0,16.52947912971221,0.01,False,,,15,no valid outer-layer seed pairs
6252.0,48.04178684989741,0.01,False,,,14,no exact8 plane survived
6254.0,31.53327136250672,0.01,False,,,15,no exact8 plane survived
6256.0,93.5613636619427,0.01,False,,,14,no exact8 plane survived
6257.0,29.01219605724016,0.01,False,,,15,no exact8 plane survived
6258.0,15.900906074063853,0.01,False,,,15,no valid outer-layer seed pairs
6261.0,15.87129756571067,0.01,False,,,15,no valid outer-layer seed pairs
6262.0,19.53053615066932,0.01,False,,,15,no exact8 plane survived
6263.0,10.680561204640426,0.01,False,,,15,no valid outer-layer seed pairs
6264.0,16.95248808166892,0.01,False,,,15,no valid outer-layer seed pairs
6265.0,32.65034038403183,0.01,False,,,15,no exact8 plane survived
6267.0,20.544541176992347,0.01,False,,,15,no exact8 plane survived
6268.0,73.97280602983899,0.01,False,,,14,no exact8 plane survived
6269.0,31.79081263277345,0.01,False,,,15,no exact8 plane survived
6270.0,27.292945412464075,0.01,False,,,15,no exact8 plane survived
6271.0,44.84924639203298,0.01,False,,,15,no exact8 plane survived
6273.0,15.138890741787211,0.01,False,,,15,no valid outer-layer seed pairs
6274.0,19.33407995598528,0.01,False,,,15,no exact8 plane survived
6275.0,15.570207245594275,0.01,False,,,15,no valid outer-layer seed pairs
6277.0,14.178007016740134,0.01,False,,,15,no valid outer-layer seed pairs
6278.0,13.831824511176988,0.01,False,,,15,no valid outer-layer seed pairs
6280.0,18.21081494914715,0.01,False,,,15,no valid outer-layer seed pairs
6281.0,14.387101772417695,0.01,False,,,15,no valid outer-layer seed pairs
6282.0,37.68048098407488,0.01,False,,,14,no exact8 plane survived
6285.0,41.8203783928193,0.01,False,,,14,no exact8 plane survived
6288.0,92.48082827234911,0.01,False,,,14,no exact8 plane survived
6289.0,33.54729914713969,0.01,False,,,14,no exact8 plane survived
6290.0,10.260033713230786,0.01,False,,,15,no valid outer-layer seed pairs
6292.0,16.383891245633887,0.01,False,,,15,no valid outer-layer seed pairs
6294.0,21.95010751493751,0.01,False,,,15,no exact8 plane survived
6296.0,57.62041378238085,0.01,False,,,14,no exact8 plane survived
6298.0,12.635555453620924,0.01,False,,,15,no valid outer-layer seed pairs
6299.0,6.803896898368186,0.01,False,,,15,no valid outer-layer seed pairs
6300.0,62.24225149028235,0.01,False,,,14,no exact8 plane survived
6301.0,12.578138163036222,0.01,False,,,15,no valid outer-layer seed pairs
6302.0,11.651841430331777,0.01,False,,,15,no valid outer-layer seed pairs
6303.0,20.177614306716915,0.01,False,,,15,no exact8 plane survived
6305.0,14.700013828515653,0.01,False,,,15,no valid outer-layer seed pairs
6306.0,19.288613831854363,0.01,False,,,15,no exact8 plane survived
6307.0,11.5554446546404,0.01,False,,,15,no valid outer-layer seed pairs
6308.0,150.5426909739016,0.01,False,,,14,no exact8 plane survived
6309.0,43.60702466275829,0.01,False,,,14,no exact8 plane survived
6310.0,18.519561816556777,0.01,False,,,15,no valid outer-layer seed pairs
6311.0,12.319666481206784,0.01,False,,,15,no valid outer-layer seed pairs
6312.0,20.86190501829695,0.01,False,,,15,no exact8 plane survived
6313.0,33.579207778059384,0.01,False,,,14,no exact8 plane survived
6314.0,88.20339714182478,0.01,False,,,14,no exact8 plane survived
6318.0,22.94778502740924,0.01,False,,,15,no exact8 plane survived
6319.0,13.104866161031444,0.01,False,,,15,no valid outer-layer seed pairs
6320.0,14.290943913193573,0.01,False,,,15,no valid outer-layer seed pairs
6321.0,10.88904463679511,0.01,False,,,15,no valid outer-layer seed pairs
6325.0,10.57341412156764,0.01,False,,,15,no valid outer-layer seed pairs
6326.0,24.360611545900664,0.01,False,,,15,no exact8 plane survived
6327.0,23.64777803176901,0.01,False,,,15,no exact8 plane survived
6329.0,43.520856492117616,0.01,False,,,14,no exact8 plane survived
6332.0,45.77062556448325,0.01,False,,,14,no exact8 plane survived
6333.0,19.36751457568337,0.01,False,,,15,no exact8 plane survived
6334.0,11.306415171114764,0.01,False,,,15,no valid outer-layer seed pairs
6335.0,22.81464150895996,0.01,False,,,15,no exact8 plane survived
6337.0,26.586525326579423,0.01,False,,,15,no exact8 plane survived
6338.0,9.906104143686605,0.01,False,,,15,no valid outer-layer seed pairs
6339.0,71.53203324982793,0.01,False,,,14,no exact8 plane survived
6340.0,12.488075972960608,0.01,False,,,15,no valid outer-layer seed pairs
6341.0,19.642568167612776,0.01,False,,,15,no exact8 plane survived
6342.0,83.38712747682472,0.01,False,,,14,no exact8 plane survived
6344.0,46.83499017259773,0.01,False,,,14,no exact8 plane survived
6345.0,13.725346870101038,0.01,False,,,15,no valid outer-layer seed pairs
6346.0,86.17902470117197,0.01,False,,,14,no exact8 plane survived
6347.0,23.20185614944021,0.01,False,,,15,no exact8 plane survived
6348.0,22.972549188600112,0.01,False,,,15,no exact8 plane survived
6349.0,26.824918120898825,0.01,False,,,15,no exact8 plane survived
6350.0,16.936046285403197,0.01,False,,,15,no valid outer-layer seed pairs
6351.0,16.54032005795911,0.01,False,,,15,no valid outer-layer seed pairs
6352.0,24.46882331502896,0.01,False,,,15,no exact8 plane survived
6353.0,13.401758756103805,0.01,False,,,15,no valid outer-layer seed pairs
6355.0,7.886331220662009,0.01,False,,,15,no valid outer-layer seed pairs
6356.0,9.367070737273009,0.01,False,,,15,no valid outer-layer seed pairs
6357.0,14.693206522000136,0.01,False,,,15,no valid outer-layer seed pairs
6359.0,19.74349223657956,0.01,False,,,15,no exact8 plane survived
6361.0,31.21116614671238,0.01,False,,,14,no exact8 plane survived
6362.0,17.729919464790342,0.01,False,,,15,no valid outer-layer seed pairs
6363.0,54.50191084543281,0.01,False,,,14,no exact8 plane survived
6364.0,11.82885638216749,0.01,False,,,15,no valid outer-layer seed pairs
6365.0,64.71879139330792,0.01,False,,,14,no exact8 plane survived
6366.0,29.054027342265428,0.01,False,,,15,no exact8 plane survived
6367.0,17.66651411031107,0.01,False,,,15,no valid outer-layer seed pairs
6368.0,35.62394343867291,0.01,False,,,14,no exact8 plane survived
6369.0,17.327699356100535,0.01,False,,,15,no valid outer-layer seed pairs
6370.0,43.4986118298943,0.01,False,,,14,no exact8 plane survived
6371.0,95.01884247517587,0.01,False,,,14,no exact8 plane survived
6372.0,24.284843638961352,0.01,False,,,15,no exact8 plane survived
6373.0,26.34860136282204,0.01,False,,,15,no exact8 plane survived
6374.0,18.167493550631782,0.01,False,,,15,no valid outer-layer seed pairs
6375.0,17.379889757173682,0.01,False,,,15,no valid outer-layer seed pairs
6376.0,28.525500061631163,0.01,False,,,14,no exact8 plane survived
6377.0,28.894533673793703,0.01,False,,,15,no exact8 plane survived
6379.0,12.545285632051714,0.01,False,,,15,no valid outer-layer seed pairs
6380.0,16.021945777989064,0.01,False,,,15,no valid outer-layer seed pairs
6381.0,20.97156063569569,0.01,False,,,15,no exact8 plane survived
6382.0,16.24919195175946,0.01,False,,,15,no valid outer-layer seed pairs
6383.0,45.42258923212102,0.01,False,,,14,no exact8 plane survived
6384.0,31.39162551639151,0.01,False,,,14,no exact8 plane survived
6385.0,17.255775960810052,0.01,False,,,15,no valid outer-layer seed pairs
6386.0,25.584571288857827,0.01,False,,,15,no exact8 plane survived
6387.0,32.7928745663528,0.01,False,,,15,no exact8 plane survived
6388.0,12.723770730244956,0.01,False,,,15,no valid outer-layer seed pairs
6389.0,47.14682007026961,0.01,False,,,15,no exact8 plane survived
6391.0,14.365970459151766,0.01,False,,,15,no valid outer-layer seed pairs
6393.0,95.69602498247288,0.01,False,,,14,no exact8 plane survived
6394.0,29.17508212520611,0.01,False,,,14,no exact8 plane survived
6395.0,18.50448624466166,0.01,False,,,15,no valid outer-layer seed pairs
6396.0,20.84568572382982,0.01,False,,,15,no exact8 plane survived
6397.0,14.396399523481277,0.01,False,,,15,no valid outer-layer seed pairs
6398.0,18.22563175279896,0.01,False,,,15,no valid outer-layer seed pairs
6399.0,53.47637250671526,0.01,False,,,14,no exact8 plane survived
6400.0,14.305366787913634,0.01,False,,,15,no valid outer-layer seed pairs
6401.0,11.37299117515708,0.01,False,,,15,no valid outer-layer seed pairs
6402.0,13.918873925414232,0.01,False,,,15,no valid outer-layer seed pairs
6403.0,25.57988985147008,0.01,False,,,15,no exact8 plane survived
6405.0,17.25105840883063,0.01,False,,,15,no valid outer-layer seed pairs
6406.0,16.6792885498369,0.01,False,,,15,no valid outer-layer seed pairs
6407.0,29.45055438035185,0.01,False,,,14,no exact8 plane survived
6409.0,17.70195452253371,0.01,False,,,15,no valid outer-layer seed pairs
6410.0,25.66684644857256,0.01,False,,,15,no exact8 plane survived
6411.0,32.71212863323956,0.01,False,,,15,no exact8 plane survived
6412.0,15.936672966680236,0.01,False,,,15,no valid outer-layer seed pairs
6413.0,33.214464533667446,0.01,False,,,14,no exact8 plane survived
6414.0,47.41260965759244,0.01,False,,,14,no exact8 plane survived
6416.0,28.295491994254544,0.01,False,,,15,no exact8 plane survived
6417.0,54.87620139805906,0.01,False,,,14,no exact8 plane survived
6418.0,13.02280225991204,0.01,False,,,15,no valid outer-layer seed pairs
6420.0,28.442763250781454,0.01,False,,,15,no exact8 plane survived
6421.0,30.339331973595502,0.01,False,,,15,no exact8 plane survived
6422.0,13.014774806200576,0.01,False,,,15,no valid outer-layer seed pairs
6424.0,8.117665522911064,0.01,False,,,15,no valid outer-layer seed pairs
6425.0,20.940953459972484,0.01,False,,,15,no exact8 plane survived
6426.0,72.66685490158149,0.01,False,,,14,no exact8 plane survived
6427.0,72.10779182110123,0.01,False,,,14,no exact8 plane survived
6428.0,12.49544652149758,0.01,False,,,15,no valid outer-layer seed pairs
6429.0,64.43941562580216,0.01,False,,,14,no exact8 plane survived
6431.0,18.925367876711004,0.01,False,,,15,no exact8 plane survived
6432.0,98.13566091325094,0.01,False,,,14,no exact8 plane survived
6433.0,10.167471549676453,0.01,False,,,15,no valid outer-layer seed pairs
6434.0,28.656574680707408,0.01,False,,,15,no exact8 plane survived
6435.0,106.57181471596888,0.01,False,,,14,no exact8 plane survived
6438.0,45.30775257804051,0.01,False,,,15,no exact8 plane survived
6440.0,11.935019727584695,0.01,False,,,15,no valid outer-layer seed pairs
6441.0,9.608294436036836,0.01,False,,,15,no valid outer-layer seed pairs
6443.0,34.622043535209485,0.01,False,,,15,no exact8 plane survived
6445.0,16.98512295365175,0.01,False,,,15,no valid outer-layer seed pairs
6446.0,57.256442987613184,0.01,False,,,14,no exact8 plane survived
6447.0,18.11365713014762,0.01,False,,,15,no valid outer-layer seed pairs
6448.0,38.35767685061284,0.01,False,,,14,no exact8 plane survived
6449.0,27.32692931801582,0.01,False,,,15,no exact8 plane survived
6451.0,11.43383174032686,0.01,False,,,15,no valid outer-layer seed pairs
6453.0,22.62602692883,0.01,False,,,15,no exact8 plane survived
6455.0,42.06274079096623,0.01,False,,,14,no exact8 plane survived
6456.0,13.299937620295395,0.01,False,,,15,no valid outer-layer seed pairs
6457.0,14.56708581660274,0.01,False,,,15,no valid outer-layer seed pairs
6458.0,15.266659538718024,0.01,False,,,15,no valid outer-layer seed pairs
6459.0,11.931756592109927,0.01,False,,,15,no valid outer-layer seed pairs
6460.0,15.57535392646759,0.01,False,,,15,no valid outer-layer seed pairs
6461.0,21.796288868914,0.01,False,,,15,no exact8 plane survived
6462.0,18.05742138705154,0.01,False,,,15,no valid outer-layer seed pairs
6463.0,15.596115028658694,0.01,False,,,15,no valid outer-layer seed pairs
6464.0,20.263619994325406,0.01,False,,,15,no exact8 plane survived
6465.0,13.469073135386004,0.01,False,,,15,no valid outer-layer seed pairs
6467.0,18.33681114858368,0.01,False,,,15,no valid outer-layer seed pairs
6469.0,16.96994923770932,0.01,False,,,15,no valid outer-layer seed pairs
6471.0,11.410310005948508,0.01,False,,,15,no valid outer-layer seed pairs
6472.0,32.050716652341684,0.01,False,,,15,no exact8 plane survived
6473.0,410.1475248636451,0.01,False,,,13,no exact8 plane survived
6474.0,38.01588904378687,0.01,False,,,14,no exact8 plane survived
6475.0,23.90944393841376,0.01,False,,,15,no exact8 plane survived
6476.0,18.007126163238347,0.01,False,,,15,no valid outer-layer seed pairs
6477.0,26.55780463954566,0.01,False,,,15,no exact8 plane survived
6479.0,34.097176039804715,0.01,False,,,15,no exact8 plane survived
6481.0,11.370143866981849,0.01,False,,,15,no valid outer-layer seed pairs
6482.0,12.891215430125982,0.01,False,,,15,no valid outer-layer seed pairs
6483.0,8.719765800621454,0.01,False,,,15,no valid outer-layer seed pairs
6484.0,15.15462950369453,0.01,False,,,15,no valid outer-layer seed pairs
6485.0,26.79955148487017,0.01,False,,,15,no exact8 plane survived
6487.0,26.925125804914703,0.01,False,,,15,no exact8 plane survived
6488.0,53.879086640158015,0.01,False,,,14,no exact8 plane survived
6489.0,9.924518162781162,0.01,False,,,15,no valid outer-layer seed pairs
6490.0,16.691151883114827,0.01,False,,,15,no valid outer-layer seed pairs
6491.0,34.61427319455912,0.01,False,,,15,no exact8 plane survived
6492.0,22.93707474705567,0.01,False,,,15,no exact8 plane survived
6493.0,13.675647707417204,0.01,False,,,15,no valid outer-layer seed pairs
6494.0,9.907927498463144,0.01,False,,,15,no valid outer-layer seed pairs
6495.0,4.912483897899923,0.01,False,,,16,no valid outer-layer seed pairs
6496.0,28.420895523078567,0.01,False,,,14,no exact8 plane survived
6497.0,21.09662262775062,0.01,False,,,15,no exact8 plane survived
6498.0,67.82351023996496,0.01,False,,,14,no exact8 plane survived
6499.0,18.74266020899812,0.01,False,,,15,no exact8 plane survived
6501.0,23.108996188815663,0.01,False,,,15,no exact8 plane survived
6502.0,21.265133675977207,0.01,False,,,15,no exact8 plane survived
6503.0,66.56257950348756,0.01,False,,,14,no exact8 plane survived
6504.0,31.97139723403781,0.01,False,,,14,no exact8 plane survived
6505.0,32.39243490918906,0.01,False,,,15,no exact8 plane survived
6506.0,9.474317117851498,0.01,False,,,15,no valid outer-layer seed pairs
6507.0,44.50955842865123,0.01,False,,,14,no exact8 plane survived
6508.0,33.86502507385106,0.01,False,,,15,no exact8 plane survived
6511.0,10.99803849473436,0.01,False,,,15,no valid outer-layer seed pairs
6512.0,9.758600587954357,0.01,False,,,15,no valid outer-layer seed pairs
6513.0,11.267942478586113,0.01,False,,,15,no valid outer-layer seed pairs
6514.0,17.852558866446575,0.01,False,,,15,no valid outer-layer seed pairs
6515.0,26.85237701460029,0.01,False,,,15,no exact8 plane survived
6516.0,38.53326751686997,0.01,False,,,14,no exact8 plane survived
6518.0,10.956025615488718,0.01,False,,,15,no valid outer-layer seed pairs
6519.0,24.046306670808267,0.01,False,,,15,no exact8 plane survived
6520.0,31.809816314787536,0.01,False,,,15,no exact8 plane survived
6521.0,49.08134333049598,0.01,False,,,14,no exact8 plane survived
6522.0,22.414628956736816,0.01,False,,,15,no exact8 plane survived
6523.0,10.242232811682433,0.01,False,,,15,no valid outer-layer seed pairs
6524.0,58.94012899830993,0.01,False,,,14,no exact8 plane survived
6525.0,80.91305387262145,0.01,False,,,14,no exact8 plane survived
6526.0,140.5864766380259,0.01,False,,,14,no exact8 plane survived
6528.0,11.503686563184283,0.01,False,,,15,no valid outer-layer seed pairs
6529.0,16.92606145442597,0.01,False,,,15,no valid outer-layer seed pairs
6530.0,49.71397576118802,0.01,False,,,14,no exact8 plane survived
6531.0,58.82676019964297,0.01,False,,,14,no exact8 plane survived
6533.0,7.770825837161268,0.01,False,,,15,no valid outer-layer seed pairs
6534.0,33.58017709274696,0.01,False,,,15,no exact8 plane survived
6536.0,34.78757503061913,0.01,False,,,15,no exact8 plane survived
6538.0,21.84847489783364,0.01,False,,,15,no exact8 plane survived
6539.0,55.19331625353223,0.01,False,,,14,no exact8 plane survived
6543.0,28.50326637596236,0.01,False,,,15,no exact8 plane survived
6545.0,20.32762527354864,0.01,False,,,15,no exact8 plane survived
6546.0,9.309212505313614,0.01,False,,,15,no valid outer-layer seed pairs
6547.0,152.5704769628976,0.01,False,,,14,no exact8 plane survived
6548.0,9.135955262612187,0.01,False,,,15,no valid outer-layer seed pairs
6550.0,60.622332498194346,0.01,False,,,14,no exact8 plane survived
6552.0,109.82793888085008,0.01,False,,,14,no exact8 plane survived
6555.0,18.39420395803856,0.01,False,,,15,no valid outer-layer seed pairs
6556.0,10.725346606939931,0.01,False,,,15,no valid outer-layer seed pairs
6557.0,43.27371085954053,0.01,False,,,14,no exact8 plane survived
6558.0,12.846376526241746,0.01,False,,,15,no valid outer-layer seed pairs
6560.0,5.391363134282661,0.01,False,,,15,no valid outer-layer seed pairs
6561.0,29.014638700692505,0.01,False,,,15,no exact8 plane survived
6562.0,13.029162923621293,0.01,False,,,15,no valid outer-layer seed pairs
6563.0,40.13934387047946,0.01,False,,,14,no exact8 plane survived
6564.0,52.56347255911165,0.01,False,,,14,no exact8 plane survived
6568.0,10.232591991098753,0.01,False,,,15,no valid outer-layer seed pairs
6570.0,32.25199185394791,0.01,False,,,14,no exact8 plane survived
6571.0,21.41478601597783,0.01,False,,,15,no exact8 plane survived
6572.0,8.813040771006497,0.01,False,,,15,no valid outer-layer seed pairs
6573.0,24.201838472891232,0.01,False,,,15,no exact8 plane survived
6574.0,28.464582927461457,0.01,False,,,14,no exact8 plane survived
6575.0,11.885850407797625,0.01,False,,,15,no valid outer-layer seed pairs
6577.0,40.13008373398837,0.01,False,,,14,no exact8 plane survived
6578.0,162.92722357218958,0.01,False,,,14,no exact8 plane survived
6579.0,26.072372241068724,0.01,False,,,15,no exact8 plane survived
6580.0,27.259139356436165,0.01,False,,,15,no exact8 plane survived
6581.0,50.52680183323894,0.01,False,,,14,no exact8 plane survived
6582.0,24.38935906528438,0.01,False,,,15,no exact8 plane survived
6586.0,30.01583472372249,0.01,False,,,15,no exact8 plane survived
6587.0,22.116309569008845,0.01,False,,,15,no exact8 plane survived
6588.0,30.79926567496592,0.01,False,,,15,no exact8 plane survived
6590.0,14.69278246736823,0.01,False,,,15,no valid outer-layer seed pairs
6591.0,13.112973665502444,0.01,False,,,15,no valid outer-layer seed pairs
6592.0,12.224939008916431,0.01,False,,,15,no valid outer-layer seed pairs
6595.0,24.29958631716763,0.01,False,,,15,no exact8 plane survived
6598.0,16.89278980204154,0.01,False,,,15,no valid outer-layer seed pairs
6600.0,18.103144184009626,0.01,False,,,15,no valid outer-layer seed pairs
6601.0,11.74897846538578,0.01,False,,,15,no valid outer-layer seed pairs
6602.0,37.5021545778505,0.01,False,,,15,no exact8 plane survived
6603.0,24.296656640124688,0.01,False,,,15,no exact8 plane survived
6604.0,14.562958266153396,0.01,False,,,15,no valid outer-layer seed pairs
6606.0,63.45815426894688,0.01,False,,,14,no exact8 plane survived
6607.0,6.306739229700949,0.01,False,,,15,no valid outer-layer seed pairs
6608.0,75.98519935384518,0.01,False,,,14,no exact8 plane survived
6609.0,24.005966060308555,0.01,False,,,15,no exact8 plane survived
6610.0,23.564606424756224,0.01,False,,,15,no exact8 plane survived
6613.0,37.80686598167909,0.01,False,,,15,no exact8 plane survived
6614.0,11.875070933815962,0.01,False,,,15,no valid outer-layer seed pairs
6615.0,65.43990655634663,0.01,False,,,14,no exact8 plane survived
6617.0,31.550045664327737,0.01,False,,,14,no exact8 plane survived
6618.0,14.524947091634267,0.01,False,,,15,no valid outer-layer seed pairs
6620.0,16.990797084314984,0.01,False,,,15,no valid outer-layer seed pairs
6621.0,8.76191058024739,0.01,False,,,15,no valid outer-layer seed pairs
6623.0,22.96517839874608,0.01,False,,,15,no exact8 plane survived
6624.0,16.69676697806795,0.01,False,,,15,no valid outer-layer seed pairs
6625.0,51.13374267903896,0.01,False,,,14,no exact8 plane survived
6626.0,46.54581035536491,0.01,False,,,14,no exact8 plane survived
6627.0,71.35030925584302,0.01,False,,,14,no exact8 plane survived
6629.0,20.796920204778697,0.01,False,,,15,no exact8 plane survived
6630.0,23.145800958258285,0.01,False,,,15,no exact8 plane survived
6631.0,30.98383764808959,0.01,False,,,14,no exact8 plane survived
6632.0,11.166670549088348,0.01,False,,,15,no valid outer-layer seed pairs
6633.0,23.21015763506244,0.01,False,,,15,no exact8 plane survived
6634.0,35.109636784455056,0.01,False,,,14,no exact8 plane survived
6636.0,15.75439173960278,0.01,False,,,15,no valid outer-layer seed pairs
6637.0,32.05017561533985,0.01,False,,,14,no exact8 plane survived
6638.0,17.880316205627647,0.01,False,,,15,no valid outer-layer seed pairs
6639.0,8.383984748560541,0.01,False,,,15,no valid outer-layer seed pairs
6641.0,14.611360532298304,0.01,False,,,15,no valid outer-layer seed pairs
6644.0,21.82465021290305,0.01,False,,,15,no exact8 plane survived
6645.0,41.52369653907095,0.01,False,,,14,no exact8 plane survived
6647.0,23.715813603476704,0.01,False,,,15,no exact8 plane survived
6649.0,54.454280646121646,0.01,False,,,14,no exact8 plane survived
6651.0,7.777110262082448,0.01,False,,,15,no valid outer-layer seed pairs
6654.0,21.45887117725846,0.01,False,,,15,no exact8 plane survived
6656.0,123.3627015338168,0.01,False,,,14,no exact8 plane survived
6658.0,31.438863805371707,0.01,False,,,14,no exact8 plane survived
6659.0,13.063787529195514,0.01,False,,,15,no valid outer-layer seed pairs
6660.0,37.7422873125424,0.01,False,,,14,no exact8 plane survived
6662.0,34.44950665200012,0.01,False,,,14,no exact8 plane survived
6664.0,27.351208349454414,0.01,False,,,15,no exact8 plane survived
6665.0,246.904488316691,0.01,False,,,13,no exact8 plane survived
6666.0,67.84136697118868,0.01,False,,,14,no exact8 plane survived
6667.0,40.86789259185976,0.01,False,,,14,no exact8 plane survived
6668.0,23.10358654970106,0.01,False,,,15,no exact8 plane survived
6669.0,13.446603620535774,0.01,False,,,15,no valid outer-layer seed pairs
6670.0,31.56749370505842,0.01,False,,,15,no exact8 plane survived
6671.0,72.97157986986149,0.01,False,,,14,no exact8 plane survived
6673.0,48.16698645159661,0.01,False,,,14,no exact8 plane survived
6674.0,29.75585238704956,0.01,False,,,14,no exact8 plane survived
6675.0,26.45273499001817,0.01,False,,,15,no exact8 plane survived
6676.0,85.89531544766606,0.01,False,,,14,no exact8 plane survived
6677.0,28.09998698106248,0.01,False,,,15,no exact8 plane survived
6680.0,87.03257875729149,0.01,False,,,14,no exact8 plane survived
6681.0,58.86702637057911,0.01,False,,,14,no exact8 plane survived
6682.0,10.62243088459516,0.01,False,,,15,no valid outer-layer seed pairs
6683.0,14.08099265855791,0.01,False,,,15,no valid outer-layer seed pairs
6684.0,20.952182037160256,0.01,False,,,15,no exact8 plane survived
6685.0,10.604025750335328,0.01,False,,,15,no valid outer-layer seed pairs
6686.0,28.106065890723563,0.01,False,,,15,no exact8 plane survived
6687.0,50.82902580941269,0.01,False,,,14,no exact8 plane survived
6688.0,20.98396551311364,0.01,False,,,15,no exact8 plane survived
6690.0,76.3536216729961,0.01,False,,,14,no exact8 plane survived
6691.0,18.17612482721228,0.01,False,,,15,no valid outer-layer seed pairs
6692.0,14.038361100394344,0.01,False,,,15,no valid outer-layer seed pairs
6694.0,37.66679471080258,0.01,False,,,15,no exact8 plane survived
6696.0,45.46256862683623,0.01,False,,,14,no exact8 plane survived
6697.0,19.839562516348224,0.01,False,,,15,no exact8 plane survived
6699.0,45.82861377579442,0.01,False,,,14,no exact8 plane survived
6700.0,12.360795856284607,0.01,False,,,15,no valid outer-layer seed pairs
6702.0,24.60499252415261,0.01,False,,,15,no exact8 plane survived
6703.0,40.60261229778574,0.01,False,,,14,no exact8 plane survived
6704.0,11.533136739786348,0.01,False,,,15,no valid outer-layer seed pairs
6705.0,10.289854557190331,0.01,False,,,15,no valid outer-layer seed pairs
6706.0,24.577959715726617,0.01,False,,,15,no exact8 plane survived
6707.0,17.467275913142057,0.01,False,,,15,no valid outer-layer seed pairs
6709.0,14.07999506003464,0.01,False,,,15,no valid outer-layer seed pairs
6710.0,46.31467012264785,0.01,False,,,14,no exact8 plane survived
6711.0,78.69041223497423,0.01,False,,,14,no exact8 plane survived
6713.0,21.54154966183146,0.01,False,,,15,no exact8 plane survived
6714.0,63.635406888478016,0.01,False,,,14,no exact8 plane survived
6715.0,21.79604547619782,0.01,False,,,15,no exact8 plane survived
6716.0,27.68008547170883,0.01,False,,,15,no exact8 plane survived
6717.0,58.50377826993323,0.01,False,,,14,no exact8 plane survived
6718.0,50.22428555797311,0.01,False,,,14,no exact8 plane survived
6719.0,43.04182298488217,0.01,False,,,14,no exact8 plane survived
6720.0,17.121886362106068,0.01,False,,,15,no valid outer-layer seed pairs
6721.0,8.188938574920128,0.01,False,,,15,no valid outer-layer seed pairs
6722.0,37.32479239318208,0.01,False,,,14,no exact8 plane survived
6723.0,95.45104263590036,0.01,False,,,14,no exact8 plane survived
6725.0,25.158657389361053,0.01,False,,,15,no exact8 plane survived
6726.0,19.02451487733021,0.01,False,,,15,no exact8 plane survived
6727.0,11.880695808205806,0.01,False,,,15,no valid outer-layer seed pairs
6728.0,23.83008032441928,0.01,False,,,15,no exact8 plane survived
6730.0,26.39869306912266,0.01,False,,,15,no exact8 plane survived
6731.0,86.0105254919834,0.01,False,,,14,no exact8 plane survived
6732.0,49.47975230738392,0.01,False,,,14,no exact8 plane survived
6734.0,12.761273222034076,0.01,False,,,15,no valid outer-layer seed pairs
6736.0,11.552114867218767,0.01,False,,,15,no valid outer-layer seed pairs
6737.0,26.92429204538105,0.01,False,,,15,no exact8 plane survived
6738.0,12.87227030951172,0.01,False,,,15,no valid outer-layer seed pairs
6739.0,31.669469216175937,0.01,False,,,14,no exact8 plane survived
6740.0,12.262526132224462,0.01,False,,,15,no valid outer-layer seed pairs
6741.0,15.665762434307382,0.01,False,,,15,no valid outer-layer seed pairs
6744.0,10.924850294526516,0.01,False,,,15,no valid outer-layer seed pairs
6746.0,11.118796524106102,0.01,False,,,15,no valid outer-layer seed pairs
6748.0,44.15494432464401,0.01,False,,,14,no exact8 plane survived
6749.0,14.960667323853585,0.01,False,,,15,no valid outer-layer seed pairs
6750.0,11.159025774579558,0.01,False,,,15,no valid outer-layer seed pairs
6751.0,39.58189789874718,0.01,False,,,14,no exact8 plane survived
6752.0,14.330140405152289,0.01,False,,,15,no valid outer-layer seed pairs
6753.0,30.25520984014012,0.01,False,,,15,no exact8 plane survived
6754.0,43.46926613590642,0.01,False,,,14,no exact8 plane survived
6755.0,56.46413014199037,0.01,False,,,14,no exact8 plane survived
6756.0,9.78491561605487,0.01,False,,,15,no valid outer-layer seed pairs
6757.0,14.269234065961484,0.01,False,,,15,no valid outer-layer seed pairs
6760.0,49.624971057340495,0.01,False,,,14,no exact8 plane survived
6762.0,24.01580463876468,0.01,False,,,15,no exact8 plane survived
6763.0,16.0349814271556,0.01,False,,,15,no valid outer-layer seed pairs
6764.0,62.320556602295866,0.01,False,,,14,no exact8 plane survived
6766.0,10.942662628497636,0.01,False,,,15,no valid outer-layer seed pairs
6767.0,41.01904774243206,0.01,False,,,15,no exact8 plane survived
6768.0,24.098663043985564,0.01,False,,,15,no exact8 plane survived
6769.0,23.82463767002157,0.01,False,,,15,no exact8 plane survived
6771.0,12.240991772721012,0.01,False,,,15,no valid outer-layer seed pairs
6772.0,174.53901648324938,0.01,False,,,14,no exact8 plane survived
6773.0,21.2160618758844,0.01,False,,,15,no exact8 plane survived
6774.0,36.18568177857202,0.01,False,,,15,no exact8 plane survived
6775.0,24.6734868472147,0.01,False,,,15,no exact8 plane survived
6776.0,108.63744732445412,0.01,False,,,14,no exact8 plane survived
6778.0,30.324237750058728,0.01,False,,,15,no exact8 plane survived
6780.0,9.604390434098832,0.01,False,,,15,no valid outer-layer seed pairs
6782.0,71.20630623422271,0.01,False,,,14,no exact8 plane survived
6784.0,54.55352128854533,0.01,False,,,14,no exact8 plane survived
6786.0,18.660523718965187,0.01,False,,,15,no exact8 plane survived
6788.0,24.760626513669447,0.01,False,,,15,no exact8 plane survived
6790.0,33.08276047489647,0.01,False,,,14,no exact8 plane survived
6791.0,75.9748530110858,0.01,False,,,14,no exact8 plane survived
6793.0,10.692235732904605,0.01,False,,,15,no valid outer-layer seed pairs
6795.0,55.83888882183042,0.01,False,,,14,no exact8 plane survived
6796.0,15.812478611677966,0.01,False,,,15,no valid outer-layer seed pairs
6797.0,15.003816268221389,0.01,False,,,15,no valid outer-layer seed pairs
6799.0,11.577083113965104,0.01,False,,,15,no valid outer-layer seed pairs
6800.0,14.111610629282197,0.01,False,,,15,no valid outer-layer seed pairs
6802.0,99.37799144872612,0.01,False,,,14,no exact8 plane survived
6803.0,45.785319591547925,0.01,False,,,14,no exact8 plane survived
6805.0,140.52193754565897,0.01,False,,,14,no exact8 plane survived
6806.0,9.183538876637805,0.01,False,,,15,no valid outer-layer seed pairs
6807.0,21.317411266651924,0.01,False,,,15,no exact8 plane survived
6808.0,9.458381113004156,0.01,False,,,15,no valid outer-layer seed pairs
6809.0,13.612934999714366,0.01,False,,,15,no valid outer-layer seed pairs
6811.0,61.92278039987655,0.01,False,,,14,no exact8 plane survived
6812.0,39.29391282703546,0.01,False,,,15,no exact8 plane survived
6813.0,23.5771918046516,0.01,False,,,15,no exact8 plane survived
6814.0,15.735222263094808,0.01,False,,,15,no valid outer-layer seed pairs
6816.0,12.834384407902077,0.01,False,,,15,no valid outer-layer seed pairs
6818.0,16.673540131755953,0.01,False,,,15,no valid outer-layer seed pairs
6820.0,11.680552491852415,0.01,False,,,15,no valid outer-layer seed pairs
6821.0,9.827549998272456,0.01,False,,,15,no valid outer-layer seed pairs
6822.0,26.66908949422229,0.01,False,,,15,no exact8 plane survived
6824.0,15.922508832262093,0.01,False,,,15,no valid outer-layer seed pairs
6825.0,13.120579243015465,0.01,False,,,15,no valid outer-layer seed pairs
6826.0,19.3194165423341,0.01,False,,,15,no exact8 plane survived
6827.0,26.44183545515088,0.01,False,,,15,no exact8 plane survived
6829.0,17.24378896946659,0.01,False,,,15,no valid outer-layer seed pairs
6830.0,46.17988415460743,0.01,False,,,14,no exact8 plane survived
6832.0,27.28599570788343,0.01,False,,,15,no exact8 plane survived
6833.0,25.524042962826226,0.01,False,,,15,no exact8 plane survived
6834.0,11.761066451191388,0.01,False,,,15,no valid outer-layer seed pairs
6835.0,17.15545979471162,0.01,False,,,15,no valid outer-layer seed pairs
6836.0,32.17541765449186,0.01,False,,,15,no exact8 plane survived
6837.0,32.354393063513704,0.01,False,,,15,no exact8 plane survived
6838.0,55.37478278110434,0.01,False,,,14,no exact8 plane survived
6839.0,72.79294033010386,0.01,False,,,14,no exact8 plane survived
6840.0,11.950327274521577,0.01,False,,,15,no valid outer-layer seed pairs
6842.0,32.47759628413442,0.01,False,,,15,no exact8 plane survived
6843.0,25.925080221153515,0.01,False,,,15,no exact8 plane survived
6844.0,13.73145432051709,0.01,False,,,15,no valid outer-layer seed pairs
6845.0,17.337189090369478,0.01,False,,,15,no valid outer-layer seed pairs
6846.0,16.600161360078086,0.01,False,,,15,no valid outer-layer seed pairs
6847.0,24.60473063625299,0.01,False,,,15,no exact8 plane survived
6848.0,47.20427571720788,0.01,False,,,14,no exact8 plane survived
6851.0,94.71864163841248,0.01,False,,,14,no exact8 plane survived
6853.0,18.306862355742293,0.01,False,,,15,no valid outer-layer seed pairs
6854.0,10.810376673883054,0.01,False,,,15,no valid outer-layer seed pairs
6855.0,60.26296629931632,0.01,False,,,14,no exact8 plane survived
6856.0,21.142565121063388,0.01,False,,,15,no exact8 plane survived
6859.0,12.524309341601969,0.01,False,,,15,no valid outer-layer seed pairs
6861.0,8.853189831226763,0.01,False,,,15,no valid outer-layer seed pairs
6863.0,19.439741280249866,0.01,False,,,15,no exact8 plane survived
6864.0,50.7801144855021,0.01,False,,,14,no exact8 plane survived
6865.0,51.98959456853299,0.01,False,,,14,no exact8 plane survived
6866.0,14.839341298648865,0.01,False,,,15,no valid outer-layer seed pairs
6867.0,34.29539755447766,0.01,False,,,15,no exact8 plane survived
6868.0,32.00647442202372,0.01,False,,,14,no exact8 plane survived
6870.0,60.778626858650455,0.01,False,,,14,no exact8 plane survived
6871.0,58.145489216612425,0.01,False,,,14,no exact8 plane survived
6872.0,15.710284093464374,0.01,False,,,15,no valid outer-layer seed pairs
6873.0,142.61210660835474,0.01,False,,,14,no exact8 plane survived
6874.0,14.286342222144128,0.01,False,,,15,no valid outer-layer seed pairs
6876.0,24.97376635659599,0.01,False,,,15,no exact8 plane survived
6877.0,9.605408182621645,0.01,False,,,15,no valid outer-layer seed pairs
6880.0,87.95554610201211,0.01,False,,,14,no exact8 plane survived
6881.0,19.99890905848557,0.01,False,,,15,no exact8 plane survived
6882.0,27.39884591755788,0.01,False,,,15,no exact8 plane survived
6885.0,24.34986942543725,0.01,False,,,15,no exact8 plane survived
6886.0,15.829456304018368,0.01,False,,,15,no valid outer-layer seed pairs
6887.0,19.92223162335597,0.01,False,,,15,no exact8 plane survived
6888.0,113.61617979671053,0.01,False,,,14,no exact8 plane survived
6890.0,11.868184897771656,0.01,False,,,15,no valid outer-layer seed pairs
6891.0,22.16859975258865,0.01,False,,,15,no exact8 plane survived
6892.0,42.63384703110731,0.01,False,,,14,no exact8 plane survived
6894.0,19.14485415692404,0.01,False,,,15,no exact8 plane survived
6895.0,0.9040628660665816,0.01,False,,,14,no valid outer-layer seed pairs
6896.0,16.166612754343696,0.01,False,,,15,no valid outer-layer seed pairs
6897.0,23.861322912234566,0.01,False,,,15,no exact8 plane survived
6898.0,46.34145921856251,0.01,False,,,14,no exact8 plane survived
6899.0,58.168150543828105,0.01,False,,,14,no exact8 plane survived
6901.0,29.34069861863325,0.01,False,,,15,no exact8 plane survived
6902.0,13.294319664005984,0.01,False,,,15,no valid outer-layer seed pairs
6903.0,13.717819762298902,0.01,False,,,15,no valid outer-layer seed pairs
6904.0,13.234714936718468,0.01,False,,,15,no valid outer-layer seed pairs
6905.0,37.603825483799895,0.01,False,,,14,no exact8 plane survived
6906.0,14.405332633192112,0.01,False,,,15,no valid outer-layer seed pairs
6907.0,395.23613538075926,0.01,False,,,13,no exact8 plane survived
6908.0,10.166875553342708,0.01,False,,,15,no valid outer-layer seed pairs
6910.0,85.52010090938315,0.01,False,,,14,no exact8 plane survived
6911.0,18.79261893985496,0.01,False,,,15,no exact8 plane survived
6912.0,9.4130092308019,0.01,False,,,15,no valid outer-layer seed pairs
6915.0,40.11476947484243,0.01,False,,,14,no exact8 plane survived
6916.0,40.004099946090776,0.01,False,,,14,no exact8 plane survived
6917.0,12.29351804113406,0.01,False,,,15,no valid outer-layer seed pairs
6918.0,22.505944000120472,0.01,False,,,15,no exact8 plane survived
6919.0,19.64936469700212,0.01,False,,,15,no exact8 plane survived
6920.0,27.98998538465692,0.01,False,,,15,no exact8 plane survived
6921.0,23.476326023192016,0.01,False,,,15,no exact8 plane survived
6922.0,31.992825482168804,0.01,False,,,14,no exact8 plane survived
6923.0,10.97614986303976,0.01,False,,,15,no valid outer-layer seed pairs
6924.0,10.710295542496784,0.01,False,,,15,no valid outer-layer seed pairs
6925.0,24.54990111886168,0.01,False,,,15,no exact8 plane survived
6926.0,20.636898774428943,0.01,False,,,15,no exact8 plane survived
6927.0,21.305584672658952,0.01,False,,,15,no exact8 plane survived
6928.0,75.88322786805759,0.01,False,,,14,no exact8 plane survived
6930.0,14.122618311814096,0.01,False,,,15,no valid outer-layer seed pairs
6931.0,7.102878499685419,0.01,False,,,15,no valid outer-layer seed pairs
6932.0,35.64798677572391,0.01,False,,,15,no exact8 plane survived
6934.0,27.58916926859483,0.01,False,,,15,no exact8 plane survived
6935.0,26.697745771939623,0.01,False,,,15,no exact8 plane survived
6937.0,17.53945522349624,0.01,False,,,15,no valid outer-layer seed pairs
6938.0,15.66320662825946,0.01,False,,,15,no valid outer-layer seed pairs
6939.0,13.087886754595155,0.01,False,,,15,no valid outer-layer seed pairs
6940.0,53.38152088172407,0.01,False,,,14,no exact8 plane survived
6941.0,10.364427274343084,0.01,False,,,15,no valid outer-layer seed pairs
6942.0,31.647082612376256,0.01,False,,,15,no exact8 plane survived
6943.0,105.30844377171069,0.01,False,,,14,no exact8 plane survived
6944.0,25.087424920651497,0.01,False,,,15,no exact8 plane survived
6946.0,59.9660516707736,0.01,False,,,14,no exact8 plane survived
6947.0,26.709395920677,0.01,False,,,15,no exact8 plane survived
6949.0,10.993686582788031,0.01,False,,,15,no valid outer-layer seed pairs
6950.0,114.8491582722936,0.01,False,,,14,no exact8 plane survived
6951.0,15.016583400043793,0.01,False,,,15,no valid outer-layer seed pairs
6953.0,23.973621896895107,0.01,False,,,15,no exact8 plane survived
6954.0,9.95671259827382,0.01,False,,,15,no valid outer-layer seed pairs
6955.0,18.147006014055144,0.01,False,,,15,no valid outer-layer seed pairs
6956.0,6.202247702697466,0.01,False,,,15,no valid outer-layer seed pairs
6958.0,18.67947477186122,0.01,False,,,15,no exact8 plane survived
6959.0,39.020413714874486,0.01,False,,,15,no exact8 plane survived
6960.0,14.863136091061556,0.01,False,,,15,no valid outer-layer seed pairs
6961.0,17.417460272383007,0.01,False,,,15,no valid outer-layer seed pairs
6962.0,16.216329104327347,0.01,False,,,15,no valid outer-layer seed pairs
6964.0,9.931953798417824,0.01,False,,,15,no valid outer-layer seed pairs
6966.0,22.97502591758377,0.01,False,,,15,no exact8 plane survived
6967.0,60.2493042231471,0.01,False,,,14,no exact8 plane survived
6968.0,12.185691674748108,0.01,False,,,15,no valid outer-layer seed pairs
6969.0,15.869991833363407,0.01,False,,,15,no valid outer-layer seed pairs
6970.0,25.21056796640385,0.01,False,,,15,no exact8 plane survived
6972.0,9.808458187506575,0.01,False,,,15,no valid outer-layer seed pairs
6973.0,18.730880477320568,0.01,False,,,15,no exact8 plane survived
6975.0,46.72668277144719,0.01,False,,,14,no exact8 plane survived
6976.0,21.21823607342563,0.01,False,,,15,no exact8 plane survived
6979.0,15.795156316142512,0.01,False,,,15,no valid outer-layer seed pairs
6980.0,31.21757878587368,0.01,False,,,15,no exact8 plane survived
6982.0,11.312227841588932,0.01,False,,,15,no valid outer-layer seed pairs
6983.0,14.328438722550088,0.01,False,,,15,no valid outer-layer seed pairs
6985.0,111.14920935004818,0.01,False,,,14,no exact8 plane survived
6986.0,18.635249117938827,0.01,False,,,15,no exact8 plane survived
6987.0,52.91480862259496,0.01,False,,,14,no exact8 plane survived
6988.0,54.46121745584334,0.01,False,,,14,no exact8 plane survived
6989.0,35.04353400697312,0.01,False,,,15,no exact8 plane survived
6990.0,13.500127989770148,0.01,False,,,15,no valid outer-layer seed pairs
6991.0,9.222564705858522,0.01,False,,,15,no valid outer-layer seed pairs
6992.0,32.915942723587904,0.01,False,,,15,no exact8 plane survived
6993.0,48.43820619922475,0.01,False,,,14,no exact8 plane survived
6994.0,16.599491297204658,0.01,False,,,15,no valid outer-layer seed pairs
6995.0,24.93436953584032,0.01,False,,,15,no exact8 plane survived
6996.0,398.2025845821008,0.01,False,,,13,no exact8 plane survived
6997.0,11.91746591881454,0.01,False,,,15,no valid outer-layer seed pairs
6998.0,16.162920754779964,0.01,False,,,15,no valid outer-layer seed pairs
6999.0,17.18339373866425,0.01,False,,,15,no valid outer-layer seed pairs
7000.0,11.789894587136343,0.01,False,,,15,no valid outer-layer seed pairs
7002.0,14.0263095464188,0.01,False,,,15,no valid outer-layer seed pairs
7003.0,17.36132662003114,0.01,False,,,15,no valid outer-layer seed pairs
7004.0,20.19769064364372,0.01,False,,,15,no exact8 plane survived
7005.0,16.576162543023628,0.01,False,,,15,no valid outer-layer seed pairs
7006.0,17.512359113282386,0.01,False,,,15,no valid outer-layer seed pairs
7007.0,10.292063047455107,0.01,False,,,15,no valid outer-layer seed pairs
7008.0,12.639861524516188,0.01,False,,,15,no valid outer-layer seed pairs
7009.0,110.34618824615572,0.01,False,,,14,no exact8 plane survived
7010.0,14.52203379677334,0.01,False,,,15,no valid outer-layer seed pairs
7011.0,92.8282254094212,0.01,False,,,14,no exact8 plane survived
7013.0,12.745644824795605,0.01,False,,,15,no valid outer-layer seed pairs
7014.0,32.6101426640032,0.01,False,,,14,no exact8 plane survived
7015.0,10.547790534631968,0.01,False,,,15,no valid outer-layer seed pairs
7018.0,25.71072995877144,0.01,False,,,15,no exact8 plane survived
7019.0,40.13733475358399,0.01,False,,,14,no exact8 plane survived
7020.0,80.62580748500439,0.01,False,,,14,no exact8 plane survived
7021.0,14.3191886347039,0.01,False,,,15,no valid outer-layer seed pairs
7022.0,48.92727388994486,0.01,False,,,14,no exact8 plane survived
7023.0,16.521960388021878,0.01,False,,,15,no valid outer-layer seed pairs
7024.0,96.7834985268442,0.01,False,,,14,no exact8 plane survived
7025.0,17.324964823364997,0.01,False,,,15,no valid outer-layer seed pairs
7026.0,16.609574046609403,0.01,False,,,15,no valid outer-layer seed pairs
7027.0,23.00038730367936,0.01,False,,,15,no exact8 plane survived
7028.0,13.99521414806995,0.01,False,,,15,no valid outer-layer seed pairs
7029.0,10.75829200255452,0.01,False,,,15,no valid outer-layer seed pairs
7030.0,29.544736196400983,0.01,False,,,15,no exact8 plane survived
7031.0,83.46078801909812,0.01,False,,,14,no exact8 plane survived
7032.0,17.463151655851867,0.01,False,,,15,no valid outer-layer seed pairs
7033.0,13.848919255154804,0.01,False,,,15,no valid outer-layer seed pairs
7034.0,16.46329196835198,0.01,False,,,15,no valid outer-layer seed pairs
7035.0,39.28176562021682,0.01,False,,,14,no exact8 plane survived
7036.0,20.85063489789548,0.01,False,,,15,no exact8 plane survived
7037.0,23.394057122648857,0.01,False,,,15,no exact8 plane survived
7039.0,50.42293856821513,0.01,False,,,14,no exact8 plane survived
7041.0,15.672414294762934,0.01,False,,,15,no valid outer-layer seed pairs
7043.0,33.64195216276644,0.01,False,,,14,no exact8 plane survived
7045.0,29.82955775554665,0.01,False,,,15,no exact8 plane survived
7046.0,62.17469839600348,0.01,False,,,14,no exact8 plane survived
7047.0,19.92544202064688,0.01,False,,,15,no exact8 plane survived
7049.0,19.25366487368116,0.01,False,,,15,no exact8 plane survived
7051.0,51.24685351166574,0.01,False,,,14,no exact8 plane survived
7052.0,22.706115758179635,0.01,False,,,15,no exact8 plane survived
7053.0,11.670617108652472,0.01,False,,,15,no valid outer-layer seed pairs
7054.0,6.669086047194751,0.01,False,,,15,no valid outer-layer seed pairs
7055.0,14.876591500459398,0.01,False,,,15,no valid outer-layer seed pairs
7056.0,33.34143806857988,0.01,False,,,14,no exact8 plane survived
7057.0,15.159932328019876,0.01,False,,,15,no valid outer-layer seed pairs
7059.0,11.201405297798331,0.01,False,,,15,no valid outer-layer seed pairs
7060.0,14.7043995580678,0.01,False,,,15,no valid outer-layer seed pairs
7061.0,59.63041183658318,0.01,False,,,14,no exact8 plane survived
7066.0,26.484236876929447,0.01,False,,,15,no exact8 plane survived
7067.0,95.19220533392246,0.01,False,,,14,no exact8 plane survived
7071.0,12.450133031386876,0.01,False,,,15,no valid outer-layer seed pairs
7072.0,15.100977836097313,0.01,False,,,15,no valid outer-layer seed pairs
7074.0,67.2236050767191,0.01,False,,,14,no exact8 plane survived
7075.0,10.083533511343786,0.01,False,,,15,no valid outer-layer seed pairs
7077.0,30.848823950164302,0.01,False,,,15,no exact8 plane survived
7079.0,47.138981290413824,0.01,False,,,15,no exact8 plane survived
7080.0,116.97366446992191,0.01,False,,,14,no exact8 plane survived
7081.0,14.473926153388549,0.01,False,,,15,no valid outer-layer seed pairs
7082.0,12.015624262126456,0.01,False,,,15,no valid outer-layer seed pairs
7083.0,15.582584986006882,0.01,False,,,15,no valid outer-layer seed pairs
7085.0,41.41587664357549,0.01,False,,,14,no exact8 plane survived
7086.0,27.13147103834694,0.01,False,,,15,no exact8 plane survived
7087.0,12.481899803581983,0.01,False,,,15,no valid outer-layer seed pairs
7090.0,22.85057270525557,0.01,False,,,15,no exact8 plane survived
7091.0,35.853481274807336,0.01,False,,,14,no exact8 plane survived
7092.0,50.38288539838597,0.01,False,,,14,no exact8 plane survived
7094.0,15.795020608253406,0.01,False,,,15,no valid outer-layer seed pairs
7096.0,37.57811768092171,0.01,False,,,14,no exact8 plane survived
7097.0,59.210283934327,0.01,False,,,14,no exact8 plane survived
7098.0,10.912926279542033,0.01,False,,,15,no valid outer-layer seed pairs
7100.0,27.01405358199035,0.01,False,,,15,no exact8 plane survived
7102.0,31.727958839500875,0.01,False,,,14,no exact8 plane survived
7104.0,24.695308456634145,0.01,False,,,15,no exact8 plane survived
7105.0,19.284479205173373,0.01,False,,,15,no exact8 plane survived
7106.0,14.7384436703183,0.01,False,,,15,no valid outer-layer seed pairs
7109.0,106.8002051479592,0.01,False,,,14,no exact8 plane survived
7110.0,23.171266576452545,0.01,False,,,15,no exact8 plane survived
7111.0,14.87155490611815,0.01,False,,,15,no valid outer-layer seed pairs
7114.0,177.60307043547448,0.01,False,,,14,no exact8 plane survived
7115.0,19.723273558744683,0.01,False,,,15,no exact8 plane survived
7116.0,10.944125489193528,0.01,False,,,15,no valid outer-layer seed pairs
7117.0,148.93269932011998,0.01,False,,,14,no exact8 plane survived
7118.0,14.225578174544458,0.01,False,,,15,no valid outer-layer seed pairs
7119.0,15.287207493358824,0.01,False,,,15,no valid outer-layer seed pairs
7120.0,11.04590801679798,0.01,False,,,15,no valid outer-layer seed pairs
7121.0,82.55224929790786,0.01,False,,,14,no exact8 plane survived
7123.0,15.294042453593091,0.01,False,,,15,no valid outer-layer seed pairs
7124.0,56.97515967637696,0.01,False,,,14,no exact8 plane survived
7126.0,40.419442884909486,0.01,False,,,14,no exact8 plane survived
7128.0,20.29445310856443,0.01,False,,,15,no exact8 plane survived
7129.0,27.752840382919818,0.01,False,,,15,no exact8 plane survived
7131.0,45.19307260145491,0.01,False,,,15,no exact8 plane survived
7132.0,34.565709935662575,0.01,False,,,14,no exact8 plane survived
7133.0,45.06024243497119,0.01,False,,,14,no exact8 plane survived
7136.0,40.1142982540914,0.01,False,,,14,no exact8 plane survived
7137.0,29.627543054645063,0.01,False,,,15,no exact8 plane survived
7138.0,50.195898391010665,0.01,False,,,14,no exact8 plane survived
7139.0,88.02217904986618,0.01,False,,,14,no exact8 plane survived
7140.0,75.72219197495556,0.01,False,,,14,no exact8 plane survived
7143.0,45.71892926119628,0.01,False,,,14,no exact8 plane survived
7144.0,16.470809064495082,0.01,False,,,15,no valid outer-layer seed pairs
7145.0,24.77906572105489,0.01,False,,,15,no exact8 plane survived
7147.0,7.37031749877797,0.01,False,,,15,no valid outer-layer seed pairs
7148.0,17.880227593669066,0.01,False,,,15,no valid outer-layer seed pairs
7149.0,11.39671057860524,0.01,False,,,15,no valid outer-layer seed pairs
7150.0,17.675242515126264,0.01,False,,,15,no valid outer-layer seed pairs
7151.0,20.243425727465898,0.01,False,,,15,no exact8 plane survived
7152.0,6.989365974522411,0.01,False,,,15,no valid outer-layer seed pairs
7153.0,37.250681208816665,0.01,False,,,14,no exact8 plane survived
7154.0,23.29507956347348,0.01,False,,,15,no exact8 plane survived
7155.0,55.97892325966072,0.01,False,,,14,no exact8 plane survived
7157.0,55.72090995787594,0.01,False,,,14,no exact8 plane survived
7159.0,9.592312774245096,0.01,False,,,15,no valid outer-layer seed pairs
7160.0,45.34185156140118,0.01,False,,,14,no exact8 plane survived
7161.0,32.53673446624224,0.01,False,,,14,no exact8 plane survived
7162.0,36.438866990025886,0.01,False,,,14,no exact8 plane survived
7164.0,21.099548128836823,0.01,False,,,15,no exact8 plane survived
7166.0,55.26549266972568,0.01,False,,,14,no exact8 plane survived
7167.0,41.350676416987824,0.01,False,,,14,no exact8 plane survived
7171.0,40.55926997508207,0.01,False,,,14,no exact8 plane survived
7172.0,12.205277690029956,0.01,False,,,15,no valid outer-layer seed pairs
7173.0,40.28887024064477,0.01,False,,,15,no exact8 plane survived
7175.0,15.138953277314592,0.01,False,,,15,no valid outer-layer seed pairs
7177.0,12.48919426197523,0.01,False,,,15,no valid outer-layer seed pairs
7178.0,18.21052236627446,0.01,False,,,15,no valid outer-layer seed pairs
7179.0,15.104151708333308,0.01,False,,,15,no valid outer-layer seed pairs
7180.0,11.15811301853178,0.01,False,,,15,no valid outer-layer seed pairs
7182.0,8.539402528992088,0.01,False,,,15,no valid outer-layer seed pairs
7185.0,13.31539017533906,0.01,False,,,15,no valid outer-layer seed pairs
7186.0,9.59840098509972,0.01,False,,,15,no valid outer-layer seed pairs
7188.0,82.17114254515843,0.01,False,,,14,no exact8 plane survived
7189.0,19.867578078930155,0.01,False,,,15,no exact8 plane survived
7191.0,17.192154036356303,0.01,False,,,15,no valid outer-layer seed pairs
7193.0,12.565169755665965,0.01,False,,,15,no valid outer-layer seed pairs
7195.0,28.20848060713504,0.01,False,,,14,no exact8 plane survived
7196.0,51.116400940098046,0.01,False,,,14,no exact8 plane survived
7198.0,27.792221611300683,0.01,False,,,15,no exact8 plane survived
7199.0,19.12712401667728,0.01,False,,,15,no exact8 plane survived
7200.0,28.17405289869597,0.01,False,,,15,no exact8 plane survived
7201.0,16.01246987408688,0.01,False,,,15,no valid outer-layer seed pairs
7202.0,31.88770066421217,0.01,False,,,15,no exact8 plane survived
7206.0,33.13863160574986,0.01,False,,,15,no exact8 plane survived
7208.0,39.86404289375714,0.01,False,,,14,no exact8 plane survived
7209.0,20.204650870373506,0.01,False,,,15,no exact8 plane survived
7212.0,28.726219186076044,0.01,False,,,15,no exact8 plane survived
7213.0,26.14352659112325,0.01,False,,,15,no exact8 plane survived
7214.0,29.53437791165884,0.01,False,,,15,no exact8 plane survived
7215.0,11.1181120595835,0.01,False,,,15,no valid outer-layer seed pairs
7216.0,20.94843741817473,0.01,False,,,15,no exact8 plane survived
7217.0,78.37421064734815,0.01,False,,,14,no exact8 plane survived
7218.0,37.80399412738261,0.01,False,,,15,no exact8 plane survived
7220.0,27.699884320125392,0.01,False,,,14,no exact8 plane survived
7221.0,15.68804752737774,0.01,False,,,15,no valid outer-layer seed pairs
7222.0,25.96505294886357,0.01,False,,,15,no exact8 plane survived
7223.0,16.76577466790835,0.01,False,,,15,no valid outer-layer seed pairs
7225.0,14.142837819443734,0.01,False,,,15,no valid outer-layer seed pairs
7226.0,32.996812622530925,0.01,False,,,15,no exact8 plane survived
7227.0,86.30792628660399,0.01,False,,,14,no exact8 plane survived
7228.0,28.949114042998488,0.01,False,,,15,no exact8 plane survived
7229.0,11.334401199822487,0.01,False,,,15,no valid outer-layer seed pairs
7232.0,24.47722368801963,0.01,False,,,15,no exact8 plane survived
7234.0,14.106680881295016,0.01,False,,,15,no valid outer-layer seed pairs
7236.0,13.282609471753949,0.01,False,,,15,no valid outer-layer seed pairs
7237.0,12.29881125549905,0.01,False,,,15,no valid outer-layer seed pairs
7238.0,25.441664479666915,0.01,False,,,15,no exact8 plane survived
7239.0,8.087448819081668,0.01,False,,,15,no valid outer-layer seed pairs
7240.0,29.646526427391088,0.01,False,,,15,no exact8 plane survived
7241.0,10.60034806435409,0.01,False,,,15,no valid outer-layer seed pairs
7242.0,35.28342467581464,0.01,False,,,14,no exact8 plane survived
7243.0,50.53120659774688,0.01,False,,,14,no exact8 plane survived
7245.0,17.34053661263468,0.01,False,,,15,no valid outer-layer seed pairs
7246.0,40.23612489906571,0.01,False,,,14,no exact8 plane survived
7247.0,24.78129785196728,0.01,False,,,15,no exact8 plane survived
7248.0,41.07678495455324,0.01,False,,,14,no exact8 plane survived
7249.0,23.33233230328419,0.01,False,,,15,no exact8 plane survived
7250.0,16.486447591363497,0.01,False,,,15,no valid outer-layer seed pairs
7252.0,18.9598581073834,0.01,False,,,15,no exact8 plane survived
7253.0,19.107073577741343,0.01,False,,,15,no exact8 plane survived
7254.0,13.114762921958135,0.01,False,,,15,no valid outer-layer seed pairs
7256.0,15.373095030353086,0.01,False,,,15,no valid outer-layer seed pairs
7257.0,10.258657263354095,0.01,False,,,15,no valid outer-layer seed pairs
7258.0,212.87954899379235,0.01,False,,,14,no exact8 plane survived
7259.0,15.963092659616107,0.01,False,,,15,no valid outer-layer seed pairs
7261.0,16.05755499892883,0.01,False,,,15,no valid outer-layer seed pairs
7262.0,29.815744715689146,0.01,False,,,15,no exact8 plane survived
7263.0,28.810804383166968,0.01,False,,,15,no exact8 plane survived
7265.0,16.574883735125486,0.01,False,,,15,no valid outer-layer seed pairs
7268.0,38.12503990412015,0.01,False,,,14,no exact8 plane survived
7270.0,12.532495989547392,0.01,False,,,15,no valid outer-layer seed pairs
7271.0,36.5134388165912,0.01,False,,,14,no exact8 plane survived
7272.0,22.68172548142389,0.01,False,,,15,no exact8 plane survived
7273.0,28.833381680423297,0.01,False,,,15,no exact8 plane survived
7275.0,22.34129709515944,0.01,False,,,15,no exact8 plane survived
7276.0,42.30781695774128,0.01,False,,,15,no exact8 plane survived
7277.0,29.14317140820863,0.01,False,,,15,no exact8 plane survived
7279.0,18.79695036979993,0.01,False,,,15,no exact8 plane survived
7281.0,35.34416116152331,0.01,False,,,15,no exact8 plane survived
7286.0,45.192329757659,0.01,False,,,14,no exact8 plane survived
7287.0,18.21071665775781,0.01,False,,,15,no valid outer-layer seed pairs
7288.0,18.8757931205484,0.01,False,,,15,no exact8 plane survived
7290.0,80.72695879067086,0.01,False,,,14,no exact8 plane survived
7291.0,20.01066888436601,0.01,False,,,15,no exact8 plane survived
7292.0,18.27587121075896,0.01,False,,,15,no valid outer-layer seed pairs
7293.0,14.726003921933106,0.01,False,,,15,no valid outer-layer seed pairs
7294.0,11.032305910493818,0.01,False,,,15,no valid outer-layer seed pairs
7295.0,26.588451447948195,0.01,False,,,15,no exact8 plane survived
7296.0,18.20357391733372,0.01,False,,,15,no valid outer-layer seed pairs
7297.0,82.72187281631716,0.01,False,,,14,no exact8 plane survived
7298.0,12.666403062358809,0.01,False,,,15,no valid outer-layer seed pairs
7301.0,14.63460029540036,0.01,False,,,15,no valid outer-layer seed pairs
7302.0,35.315248077247,0.01,False,,,14,no exact8 plane survived
7303.0,29.52103640297935,0.01,False,,,14,no exact8 plane survived
7304.0,122.41032476021172,0.01,False,,,14,no exact8 plane survived
7306.0,57.58625536717327,0.01,False,,,14,no exact8 plane survived
7309.0,18.01454279896675,0.01,False,,,15,no valid outer-layer seed pairs
7310.0,11.46297845033232,0.01,False,,,15,no valid outer-layer seed pairs
7311.0,11.503195597112706,0.01,False,,,15,no valid outer-layer seed pairs
7315.0,68.63785728534491,0.01,False,,,14,no exact8 plane survived
7320.0,15.38907331740582,0.01,False,,,15,no valid outer-layer seed pairs
7321.0,39.46559221524858,0.01,False,,,14,no exact8 plane survived
7322.0,9.027740414397575,0.01,False,,,15,no valid outer-layer seed pairs
7323.0,13.233239186325664,0.01,False,,,15,no valid outer-layer seed pairs
7324.0,37.85211143604659,0.01,False,,,14,no exact8 plane survived
7325.0,28.80986991321134,0.01,False,,,15,no exact8 plane survived
7326.0,35.364551994564515,0.01,False,,,14,no exact8 plane survived
7327.0,50.5704142232684,0.01,False,,,14,no exact8 plane survived
7328.0,55.77418650946227,0.01,False,,,14,no exact8 plane survived
7329.0,13.461038876403393,0.01,False,,,15,no valid outer-layer seed pairs
7331.0,286.17815905375886,0.01,False,,,13,no exact8 plane survived
7334.0,10.502430328825907,0.01,False,,,15,no valid outer-layer seed pairs
7335.0,14.669006057096167,0.01,False,,,15,no valid outer-layer seed pairs
7337.0,20.53665623308202,0.01,False,,,15,no exact8 plane survived
7338.0,10.438397020709218,0.01,False,,,15,no valid outer-layer seed pairs
7341.0,21.765952585713737,0.01,False,,,15,no exact8 plane survived
7342.0,40.4701527156234,0.01,False,,,14,no exact8 plane survived
7343.0,19.979135273544376,0.01,False,,,15,no exact8 plane survived
7345.0,11.804806739678828,0.01,False,,,15,no valid outer-layer seed pairs
7347.0,11.303743242784016,0.01,False,,,15,no valid outer-layer seed pairs
7348.0,30.498189089816755,0.01,False,,,15,no exact8 plane survived
7350.0,22.213091774961807,0.01,False,,,15,no exact8 plane survived
7351.0,14.617278491572367,0.01,False,,,15,no valid outer-layer seed pairs
7354.0,367.0922629522536,0.01,False,,,13,no exact8 plane survived
7355.0,14.600416926273878,0.01,False,,,15,no valid outer-layer seed pairs
7356.0,17.324400510666706,0.01,False,,,15,no valid outer-layer seed pairs
7357.0,28.52489040175352,0.01,False,,,14,no exact8 plane survived
7358.0,15.134612358449834,0.01,False,,,15,no valid outer-layer seed pairs
7360.0,24.311216638372738,0.01,False,,,15,no exact8 plane survived
7361.0,20.73338593604113,0.01,False,,,15,no exact8 plane survived
7362.0,23.29341366932175,0.01,False,,,15,no exact8 plane survived
7364.0,43.17932652414419,0.01,False,,,14,no exact8 plane survived
7365.0,12.37667098422308,0.01,False,,,15,no valid outer-layer seed pairs
7366.0,41.61226869541462,0.01,False,,,14,no exact8 plane survived
7367.0,15.4198277988033,0.01,False,,,15,no valid outer-layer seed pairs
7368.0,30.0055359645333,0.01,False,,,15,no exact8 plane survived
7369.0,63.91699804748608,0.01,False,,,14,no exact8 plane survived
7371.0,195.03060369628784,0.01,False,,,14,no exact8 plane survived
7372.0,16.637556224399752,0.01,False,,,15,no valid outer-layer seed pairs
7373.0,10.023855183611944,0.01,False,,,15,no valid outer-layer seed pairs
7374.0,14.907651489786222,0.01,False,,,15,no valid outer-layer seed pairs
7375.0,95.2553131161862,0.01,False,,,14,no exact8 plane survived
7377.0,15.963033349586006,0.01,False,,,15,no valid outer-layer seed pairs
7378.0,105.9331805023584,0.01,False,,,14,no exact8 plane survived
7379.0,26.41135137398175,0.01,False,,,15,no exact8 plane survived
7380.0,42.44889840081893,0.01,False,,,14,no exact8 plane survived
7381.0,11.627456333441453,0.01,False,,,15,no valid outer-layer seed pairs
7384.0,109.38126178724738,0.01,False,,,14,no exact8 plane survived
7386.0,13.166529891647787,0.01,False,,,15,no valid outer-layer seed pairs
7387.0,5.977478970883709,0.01,False,,,15,no valid outer-layer seed pairs
7390.0,12.52965024545442,0.01,False,,,15,no valid outer-layer seed pairs
7394.0,13.697545286402091,0.01,False,,,15,no valid outer-layer seed pairs
7395.0,65.91472643415455,0.01,False,,,14,no exact8 plane survived
7396.0,11.744945359332329,0.01,False,,,15,no valid outer-layer seed pairs
7398.0,16.530330785779377,0.01,False,,,15,no valid outer-layer seed pairs
7399.0,32.780877880239395,0.01,False,,,15,no exact8 plane survived
7400.0,14.84036960351252,0.01,False,,,15,no valid outer-layer seed pairs
7401.0,15.55388275282845,0.01,False,,,15,no valid outer-layer seed pairs
7402.0,46.49839738023701,0.01,False,,,14,no exact8 plane survived
7403.0,24.47095580397524,0.01,False,,,15,no exact8 plane survived
7405.0,12.363131020659804,0.01,False,,,15,no valid outer-layer seed pairs
7406.0,15.379596193597571,0.01,False,,,15,no valid outer-layer seed pairs
7407.0,25.569601020026926,0.01,False,,,15,no exact8 plane survived
7410.0,11.803957397232107,0.01,False,,,15,no valid outer-layer seed pairs
7411.0,23.726842356262864,0.01,False,,,15,no exact8 plane survived
7413.0,13.168103717396022,0.01,False,,,15,no valid outer-layer seed pairs
7415.0,71.65684396009439,0.01,False,,,14,no exact8 plane survived
7416.0,20.27196561901737,0.01,False,,,15,no exact8 plane survived
7418.0,15.267898346122507,0.01,False,,,15,no valid outer-layer seed pairs
7419.0,22.512272053429424,0.01,False,,,15,no exact8 plane survived
7422.0,15.845026137184544,0.01,False,,,15,no valid outer-layer seed pairs
7423.0,16.432684742149004,0.01,False,,,15,no valid outer-layer seed pairs
7424.0,75.1757883605407,0.01,False,,,14,no exact8 plane survived
7425.0,75.73020297999128,0.01,False,,,14,no exact8 plane survived
7426.0,32.01852848322488,0.01,False,,,15,no exact8 plane survived
7427.0,25.008860623040466,0.01,False,,,15,no exact8 plane survived
7428.0,13.751089732237036,0.01,False,,,15,no valid outer-layer seed pairs
7430.0,31.48910652295029,0.01,False,,,14,no exact8 plane survived
7431.0,12.035857317887867,0.01,False,,,15,no valid outer-layer seed pairs
7434.0,20.603541639562696,0.01,False,,,15,no exact8 plane survived
7435.0,14.501446510769192,0.01,False,,,15,no valid outer-layer seed pairs
7436.0,11.823455528064477,0.01,False,,,15,no valid outer-layer seed pairs
7438.0,18.759896739207488,0.01,False,,,15,no exact8 plane survived
7440.0,29.81594494203928,0.01,False,,,14,no exact8 plane survived
7441.0,15.36213749986222,0.01,False,,,15,no valid outer-layer seed pairs
7442.0,44.759509638470696,0.01,False,,,14,no exact8 plane survived
7443.0,23.53014957452285,0.01,False,,,15,no exact8 plane survived
7444.0,18.907436295145263,0.01,False,,,15,no exact8 plane survived
7445.0,12.214838199031789,0.01,False,,,15,no valid outer-layer seed pairs
7446.0,18.73294179344337,0.01,False,,,15,no exact8 plane survived
7448.0,31.909208506206003,0.01,False,,,15,no exact8 plane survived
7449.0,30.921696460548567,0.01,False,,,14,no exact8 plane survived
7450.0,12.979169731830671,0.01,False,,,15,no valid outer-layer seed pairs
7451.0,9.185159130592847,0.01,False,,,15,no valid outer-layer seed pairs
7452.0,17.55226944654825,0.01,False,,,15,no valid outer-layer seed pairs
7454.0,11.566277702460296,0.01,False,,,15,no valid outer-layer seed pairs
7455.0,21.227069232281675,0.01,False,,,15,no exact8 plane survived
7456.0,45.18341245021015,0.01,False,,,14,no exact8 plane survived
7457.0,12.767767403650582,0.01,False,,,15,no valid outer-layer seed pairs
7458.0,10.85959837368899,0.01,False,,,15,no valid outer-layer seed pairs
7459.0,26.52949418929483,0.01,False,,,15,no exact8 plane survived
7461.0,8.296334456772236,0.01,False,,,15,no valid outer-layer seed pairs
7462.0,12.435178989850115,0.01,False,,,15,no valid outer-layer seed pairs
7463.0,29.31481038821168,0.01,False,,,15,no exact8 plane survived
7465.0,12.42583515859323,0.01,False,,,15,no valid outer-layer seed pairs
7466.0,35.100004447771084,0.01,False,,,15,no exact8 plane survived
7467.0,46.07343079313341,0.01,False,,,15,no exact8 plane survived
7468.0,26.35288357664636,0.01,False,,,15,no exact8 plane survived
7469.0,21.492607660559383,0.01,False,,,15,no exact8 plane survived
7470.0,68.14907098117047,0.01,False,,,14,no exact8 plane survived
7471.0,13.358457470322648,0.01,False,,,15,no valid outer-layer seed pairs
7472.0,11.668995167293136,0.01,False,,,15,no valid outer-layer seed pairs
7473.0,41.83518136204985,0.01,False,,,14,no exact8 plane survived
7475.0,10.274166895217489,0.01,False,,,15,no valid outer-layer seed pairs
7476.0,51.93657652980102,0.01,False,,,14,no exact8 plane survived
7477.0,14.929873592312788,0.01,False,,,15,no valid outer-layer seed pairs
7479.0,188.10952684377745,0.01,False,,,14,no exact8 plane survived
7480.0,82.74981967554501,0.01,False,,,14,no exact8 plane survived
7481.0,30.98913345460292,0.01,False,,,15,no exact8 plane survived
7482.0,28.81753861637556,0.01,False,,,15,no exact8 plane survived
7483.0,26.93942102783461,0.01,False,,,15,no exact8 plane survived
7485.0,12.889835985883565,0.01,False,,,15,no valid outer-layer seed pairs
7486.0,109.93702240844456,0.01,False,,,14,no exact8 plane survived
7487.0,33.91628117171205,0.01,False,,,14,no exact8 plane survived
7488.0,12.638230581612296,0.01,False,,,15,no valid outer-layer seed pairs
7489.0,11.77533334437718,0.01,False,,,15,no valid outer-layer seed pairs
7491.0,32.47657096079351,0.01,False,,,15,no exact8 plane survived
7493.0,14.101225465437162,0.01,False,,,15,no valid outer-layer seed pairs
7495.0,14.709109923535264,0.01,False,,,15,no valid outer-layer seed pairs
7496.0,43.037593101599015,0.01,False,,,15,no exact8 plane survived
7497.0,26.87184393253448,0.01,False,,,15,no exact8 plane survived
7498.0,35.44373814644819,0.01,False,,,14,no exact8 plane survived
7499.0,21.143691592642543,0.01,False,,,15,no exact8 plane survived
7500.0,10.763770358216966,0.01,False,,,15,no valid outer-layer seed pairs
7501.0,31.85261892333626,0.01,False,,,15,no exact8 plane survived
7502.0,12.33175069996556,0.01,False,,,15,no valid outer-layer seed pairs
7504.0,61.29414419178661,0.01,False,,,14,no exact8 plane survived
7506.0,5.201365044722493,0.01,False,,,15,no valid outer-layer seed pairs
7508.0,46.60372776046002,0.01,False,,,14,no exact8 plane survived
7509.0,15.80947573485347,0.01,False,,,15,no valid outer-layer seed pairs
7510.0,17.371228945853733,0.01,False,,,15,no valid outer-layer seed pairs
7511.0,12.162147962374652,0.01,False,,,15,no valid outer-layer seed pairs
7512.0,18.19762665833943,0.01,False,,,15,no valid outer-layer seed pairs
7513.0,16.508062676669706,0.01,False,,,15,no valid outer-layer seed pairs
7514.0,18.588884356862973,0.01,False,,,15,no valid outer-layer seed pairs
7515.0,17.034079280951108,0.01,False,,,15,no valid outer-layer seed pairs
7519.0,74.5602593548568,0.01,False,,,14,no exact8 plane survived
7520.0,15.644069467229189,0.01,False,,,15,no valid outer-layer seed pairs
7521.0,9.663757159302374,0.01,False,,,15,no valid outer-layer seed pairs
7522.0,10.695595809433028,0.01,False,,,15,no valid outer-layer seed pairs
7523.0,21.59849625015884,0.01,False,,,15,no exact8 plane survived
7524.0,13.995383806130674,0.01,False,,,15,no valid outer-layer seed pairs
7526.0,42.00846479401877,0.01,False,,,15,no exact8 plane survived
7527.0,16.718877000847833,0.01,False,,,15,no valid outer-layer seed pairs
7528.0,11.09077956590666,0.01,False,,,15,no valid outer-layer seed pairs
7529.0,17.29350777491134,0.01,False,,,15,no valid outer-layer seed pairs
7530.0,61.96687949696872,0.01,False,,,14,no exact8 plane survived
7531.0,11.492722039518794,0.01,False,,,15,no valid outer-layer seed pairs
7532.0,22.56635100637268,0.01,False,,,15,no exact8 plane survived
7533.0,23.9112095692907,0.01,False,,,15,no exact8 plane survived
7534.0,68.46344978022793,0.01,False,,,14,no exact8 plane survived
7535.0,15.363987138552009,0.01,False,,,15,no valid outer-layer seed pairs
7536.0,29.63313392644633,0.01,False,,,15,no exact8 plane survived
7537.0,7.3438532192917,0.01,False,,,15,no valid outer-layer seed pairs
7538.0,22.50315692573492,0.01,False,,,15,no exact8 plane survived
7539.0,13.62510224232727,0.01,False,,,15,no valid outer-layer seed pairs
7540.0,56.40415208590802,0.01,False,,,14,no exact8 plane survived
7541.0,74.05737539694623,0.01,False,,,14,no exact8 plane survived
7543.0,11.237971260164471,0.01,False,,,15,no valid outer-layer seed pairs
7544.0,22.41343951737781,0.01,False,,,15,no exact8 plane survived
7545.0,11.419167032679802,0.01,False,,,15,no valid outer-layer seed pairs
7546.0,23.01164067031982,0.01,False,,,15,no exact8 plane survived
7547.0,12.063545436897364,0.01,False,,,15,no valid outer-layer seed pairs
7548.0,19.62516171015772,0.01,False,,,15,no exact8 plane survived
7549.0,29.42181542363146,0.01,False,,,15,no exact8 plane survived
7552.0,13.99018550211441,0.01,False,,,15,no valid outer-layer seed pairs
7554.0,16.56353655909911,0.01,False,,,15,no valid outer-layer seed pairs
7556.0,37.89457053951238,0.01,False,,,14,no exact8 plane survived
7557.0,19.79632816700838,0.01,False,,,15,no exact8 plane survived
7558.0,21.23981377946041,0.01,False,,,15,no exact8 plane survived
7560.0,22.93929499416492,0.01,False,,,15,no exact8 plane survived
7561.0,13.453617990133887,0.01,False,,,15,no valid outer-layer seed pairs
7562.0,11.386996510963112,0.01,False,,,15,no valid outer-layer seed pairs
7563.0,147.02061258698328,0.01,False,,,14,no exact8 plane survived
7564.0,37.68071702472668,0.01,False,,,15,no exact8 plane survived
7566.0,19.94001405918124,0.01,False,,,15,no exact8 plane survived
7567.0,13.69252338623757,0.01,False,,,15,no valid outer-layer seed pairs
7568.0,19.35019847641709,0.01,False,,,15,no exact8 plane survived
7569.0,13.068425504683995,0.01,False,,,15,no valid outer-layer seed pairs
7570.0,71.20610748025761,0.01,False,,,14,no exact8 plane survived
7571.0,101.78640273074184,0.01,False,,,14,no exact8 plane survived
7572.0,10.07740229009979,0.01,False,,,15,no valid outer-layer seed pairs
7574.0,12.155057131573054,0.01,False,,,15,no valid outer-layer seed pairs
7575.0,24.46462803624295,0.01,False,,,15,no exact8 plane survived
7576.0,2.3065392101633315,0.01,False,,,16,no valid outer-layer seed pairs
7578.0,57.2700023401564,0.01,False,,,14,no exact8 plane survived
7579.0,24.93073785218225,0.01,False,,,15,no exact8 plane survived
7580.0,15.145493576137602,0.01,False,,,15,no valid outer-layer seed pairs
7583.0,32.42800353593243,0.01,False,,,14,no exact8 plane survived
7586.0,25.78359863101981,0.01,False,,,15,no exact8 plane survived
7587.0,20.94362459047193,0.01,False,,,15,no exact8 plane survived
7588.0,31.21604948636064,0.01,False,,,15,no exact8 plane survived
7589.0,33.66520540570719,0.01,False,,,14,no exact8 plane survived
7590.0,68.9295362798465,0.01,False,,,14,no exact8 plane survived
7592.0,18.32113124355025,0.01,False,,,15,no valid outer-layer seed pairs
7593.0,10.531589325081162,0.01,False,,,15,no valid outer-layer seed pairs
7594.0,14.561668083753254,0.01,False,,,15,no valid outer-layer seed pairs
7595.0,13.311766232830523,0.01,False,,,15,no valid outer-layer seed pairs
7596.0,26.978092264327863,0.01,False,,,15,no exact8 plane survived
7597.0,12.83336121490501,0.01,False,,,15,no valid outer-layer seed pairs
7598.0,68.44120148740014,0.01,False,,,14,no exact8 plane survived
7599.0,47.37164315135052,0.01,False,,,14,no exact8 plane survived
7600.0,14.016845554148263,0.01,False,,,15,no valid outer-layer seed pairs
7601.0,1.3133161956310997,0.01,False,,,16,no valid outer-layer seed pairs
7602.0,10.934755343065342,0.01,False,,,15,no valid outer-layer seed pairs
7605.0,49.32791915730479,0.01,False,,,14,no exact8 plane survived
7608.0,111.4819344407788,0.01,False,,,14,no exact8 plane survived
7609.0,38.80656066653701,0.01,False,,,14,no exact8 plane survived
7610.0,21.210245790655325,0.01,False,,,15,no exact8 plane survived
7611.0,16.73506845473184,0.01,False,,,15,no valid outer-layer seed pairs
7612.0,33.20584561714521,0.01,False,,,15,no exact8 plane survived
7613.0,45.63631165355714,0.01,False,,,14,no exact8 plane survived
7616.0,42.90943212624924,0.01,False,,,14,no exact8 plane survived
7617.0,4.474247703192783,0.01,False,,,16,no valid outer-layer seed pairs
7618.0,24.8980875778612,0.01,False,,,15,no exact8 plane survived
7620.0,28.52902636306891,0.01,False,,,14,no exact8 plane survived
7621.0,37.03682015796888,0.01,False,,,15,no exact8 plane survived
7622.0,52.85083023445191,0.01,False,,,14,no exact8 plane survived
7625.0,33.963855532273975,0.01,False,,,15,no exact8 plane survived
7626.0,29.6613327699097,0.01,False,,,15,no exact8 plane survived
7627.0,17.434648010949495,0.01,False,,,15,no valid outer-layer seed pairs
7628.0,25.52069404655828,0.01,False,,,15,no exact8 plane survived
7629.0,28.324612369002384,0.01,False,,,14,no exact8 plane survived
7631.0,53.1953887583102,0.01,False,,,14,no exact8 plane survived
7633.0,16.02176497552201,0.01,False,,,15,no valid outer-layer seed pairs
7635.0,25.644017203155123,0.01,False,,,15,no exact8 plane survived
7636.0,10.478455577459012,0.01,False,,,15,no valid outer-layer seed pairs
7637.0,15.268935163825724,0.01,False,,,15,no valid outer-layer seed pairs
7638.0,19.014149288791863,0.01,False,,,15,no exact8 plane survived
7639.0,18.0309936711527,0.01,False,,,15,no valid outer-layer seed pairs
7640.0,40.29683149490332,0.01,False,,,14,no exact8 plane survived
7644.0,57.77148950038916,0.01,False,,,14,no exact8 plane survived
7645.0,10.98814039979965,0.01,False,,,15,no valid outer-layer seed pairs
7646.0,16.93278355301641,0.01,False,,,15,no valid outer-layer seed pairs
7647.0,108.79060851526174,0.01,False,,,14,no exact8 plane survived
7649.0,10.413583391973102,0.01,False,,,15,no valid outer-layer seed pairs
7651.0,19.48485296084461,0.01,False,,,15,no exact8 plane survived
7653.0,23.63034204888694,0.01,False,,,15,no exact8 plane survived
7654.0,58.76962125954223,0.01,False,,,14,no exact8 plane survived
7655.0,70.25388401962753,0.01,False,,,14,no exact8 plane survived
7656.0,16.941770434502835,0.01,False,,,15,no valid outer-layer seed pairs
7657.0,27.5373794182121,0.01,False,,,15,no exact8 plane survived
7659.0,10.717442501098596,0.01,False,,,15,no valid outer-layer seed pairs
7661.0,27.60465920606508,0.01,False,,,15,no exact8 plane survived
7663.0,23.360203068577743,0.01,False,,,15,no exact8 plane survived
7665.0,49.98582922277034,0.01,False,,,14,no exact8 plane survived
7666.0,69.80175978516978,0.01,False,,,14,no exact8 plane survived
7668.0,11.800818116003065,0.01,False,,,15,no valid outer-layer seed pairs
7670.0,13.172459722060951,0.01,False,,,15,no valid outer-layer seed pairs
7671.0,21.107302264281447,0.01,False,,,15,no exact8 plane survived
7673.0,15.339110328207058,0.01,False,,,15,no valid outer-layer seed pairs
7674.0,11.3476870513369,0.01,False,,,15,no valid outer-layer seed pairs
7675.0,13.634826682233282,0.01,False,,,15,no valid outer-layer seed pairs
7676.0,14.879248018686331,0.01,False,,,15,no valid outer-layer seed pairs
7678.0,13.265545683027,0.01,False,,,15,no valid outer-layer seed pairs
7679.0,12.300524150937584,0.01,False,,,15,no valid outer-layer seed pairs
7680.0,11.334185322374164,0.01,False,,,15,no valid outer-layer seed pairs
7681.0,67.92912961693798,0.01,False,,,14,no exact8 plane survived
7682.0,13.96362290887922,0.01,False,,,15,no valid outer-layer seed pairs
7684.0,13.747567540920182,0.01,False,,,15,no valid outer-layer seed pairs
7685.0,19.969930601029663,0.01,False,,,15,no exact8 plane survived
7686.0,58.47712231368354,0.01,False,,,14,no exact8 plane survived
7688.0,15.282280572785792,0.01,False,,,15,no valid outer-layer seed pairs
7691.0,103.56074113820377,0.01,False,,,14,no exact8 plane survived
7692.0,17.01402111005649,0.01,False,,,15,no valid outer-layer seed pairs
7695.0,17.695175356058858,0.01,False,,,15,no valid outer-layer seed pairs
7697.0,49.6397279878577,0.01,False,,,14,no exact8 plane survived
7700.0,11.990372218858704,0.01,False,,,15,no valid outer-layer seed pairs
7701.0,13.515768438507248,0.01,False,,,15,no valid outer-layer seed pairs
7703.0,77.27606288677688,0.01,False,,,14,no exact8 plane survived
7706.0,25.8066008787812,0.01,False,,,15,no exact8 plane survived
7707.0,15.202134478389098,0.01,False,,,15,no valid outer-layer seed pairs
7708.0,13.728880651370767,0.01,False,,,15,no valid outer-layer seed pairs
7712.0,44.956611213189454,0.01,False,,,14,no exact8 plane survived
7715.0,58.51097831144521,0.01,False,,,14,no exact8 plane survived
7716.0,22.47466165150508,0.01,False,,,15,no exact8 plane survived
7719.0,52.549392748951696,0.01,False,,,14,no exact8 plane survived
7720.0,65.04336140330238,0.01,False,,,14,no exact8 plane survived
7721.0,10.07529190307013,0.01,False,,,15,no valid outer-layer seed pairs
7723.0,54.42465173903971,0.01,False,,,14,no exact8 plane survived
7724.0,10.855343735727596,0.01,False,,,15,no valid outer-layer seed pairs
7725.0,13.39942065329006,0.01,False,,,15,no valid outer-layer seed pairs
7727.0,12.842526878364016,0.01,False,,,15,no valid outer-layer seed pairs
7730.0,12.705764154026438,0.01,False,,,15,no valid outer-layer seed pairs
7731.0,5.618073370156862,0.01,False,,,15,no valid outer-layer seed pairs
7732.0,42.71121967441656,0.01,False,,,14,no exact8 plane survived
7733.0,19.772835898426607,0.01,False,,,15,no exact8 plane survived
7734.0,12.009416019029462,0.01,False,,,15,no valid outer-layer seed pairs
7735.0,55.74935972534742,0.01,False,,,14,no exact8 plane survived
7737.0,118.2621079866654,0.01,False,,,14,no exact8 plane survived
7738.0,15.776917427442816,0.01,False,,,15,no valid outer-layer seed pairs
7740.0,13.769778839993975,0.01,False,,,15,no valid outer-layer seed pairs
7741.0,14.340383698514415,0.01,False,,,15,no valid outer-layer seed pairs
7742.0,16.035251180987384,0.01,False,,,15,no valid outer-layer seed pairs
7743.0,31.187630017094545,0.01,False,,,14,no exact8 plane survived
7745.0,28.29454113465919,0.01,False,,,15,no exact8 plane survived
7746.0,83.16864360426287,0.01,False,,,14,no exact8 plane survived
7747.0,13.288443226191289,0.01,False,,,15,no valid outer-layer seed pairs
7748.0,16.79593590181356,0.01,False,,,15,no valid outer-layer seed pairs
7749.0,27.46911799448361,0.01,False,,,15,no exact8 plane survived
7751.0,54.36910596333789,0.01,False,,,14,no exact8 plane survived
7752.0,58.585834483069846,0.01,False,,,14,no exact8 plane survived
7753.0,11.6591301396183,0.01,False,,,15,no valid outer-layer seed pairs
7754.0,22.045662357875724,0.01,False,,,15,no exact8 plane survived
7755.0,72.58812178075885,0.01,False,,,14,no exact8 plane survived
7757.0,74.66395889925386,0.01,False,,,14,no exact8 plane survived
7758.0,38.53851881359268,0.01,False,,,14,no exact8 plane survived
7759.0,64.90967548496583,0.01,False,,,14,no exact8 plane survived
7760.0,10.760616482516529,0.01,False,,,15,no valid outer-layer seed pairs
7762.0,56.28660339620736,0.01,False,,,14,no exact8 plane survived
7763.0,20.57201805460317,0.01,False,,,15,no exact8 plane survived
7764.0,16.390254853620156,0.01,False,,,15,no valid outer-layer seed pairs
7767.0,35.9753552159948,0.01,False,,,14,no exact8 plane survived
7769.0,13.124644137400296,0.01,False,,,15,no valid outer-layer seed pairs
7770.0,14.981862692064182,0.01,False,,,15,no valid outer-layer seed pairs
7774.0,51.18567444595308,0.01,False,,,14,no exact8 plane survived
7775.0,24.51200770402109,0.01,False,,,15,no exact8 plane survived
7780.0,17.12890548555679,0.01,False,,,15,no valid outer-layer seed pairs
7781.0,19.83050811562206,0.01,False,,,15,no exact8 plane survived
7782.0,80.30805454339091,0.01,False,,,14,no exact8 plane survived
7783.0,14.671019134833584,0.01,False,,,15,no valid outer-layer seed pairs
7785.0,46.12698081235778,0.01,False,,,14,no exact8 plane survived
7787.0,20.98266667441106,0.01,False,,,15,no exact8 plane survived
7788.0,51.676457036624704,0.01,False,,,14,no exact8 plane survived
7789.0,68.91606611642058,0.01,False,,,14,no exact8 plane survived
7790.0,10.225651369378433,0.01,False,,,15,no valid outer-layer seed pairs
7792.0,30.640731315066336,0.01,False,,,14,no exact8 plane survived
7793.0,58.32920537835257,0.01,False,,,14,no exact8 plane survived
7796.0,14.052026575629537,0.01,False,,,15,no valid outer-layer seed pairs
7798.0,20.65066424312405,0.01,False,,,15,no exact8 plane survived
7799.0,9.2003464330605,0.01,False,,,15,no valid outer-layer seed pairs
7800.0,164.16660412855632,0.01,False,,,14,no exact8 plane survived
7801.0,88.4868745473632,0.01,False,,,14,no exact8 plane survived
7802.0,16.984146286061446,0.01,False,,,15,no valid outer-layer seed pairs
7805.0,14.789546753998856,0.01,False,,,15,no valid outer-layer seed pairs
7806.0,30.45305752828044,0.01,False,,,15,no exact8 plane survived
7807.0,11.194103697934557,0.01,False,,,15,no valid outer-layer seed pairs
7808.0,30.887920835425085,0.01,False,,,15,no exact8 plane survived
7812.0,80.30965153889808,0.01,False,,,14,no exact8 plane survived
7813.0,10.5366068133309,0.01,False,,,15,no valid outer-layer seed pairs
7814.0,13.054230689758654,0.01,False,,,15,no valid outer-layer seed pairs
7815.0,11.36003254507336,0.01,False,,,15,no valid outer-layer seed pairs
7818.0,50.9477518047947,0.01,False,,,14,no exact8 plane survived
7819.0,63.57437458428432,0.01,False,,,14,no exact8 plane survived
7820.0,11.971388763029069,0.01,False,,,15,no valid outer-layer seed pairs
7822.0,7.546566499201161,0.01,False,,,15,no valid outer-layer seed pairs
7824.0,13.097117868268358,0.01,False,,,15,no valid outer-layer seed pairs
7825.0,21.541125000924342,0.01,False,,,15,no exact8 plane survived
7828.0,14.169053727020234,0.01,False,,,15,no valid outer-layer seed pairs
7830.0,26.383178630935525,0.01,False,,,15,no exact8 plane survived
7831.0,13.29961492835102,0.01,False,,,15,no valid outer-layer seed pairs
7832.0,21.77726405352057,0.01,False,,,15,no exact8 plane survived
7835.0,26.46202683739424,0.01,False,,,15,no exact8 plane survived
7836.0,11.990107272361442,0.01,False,,,15,no valid outer-layer seed pairs
7838.0,16.868692110382835,0.01,False,,,15,no valid outer-layer seed pairs
7839.0,28.760480092839163,0.01,False,,,15,no exact8 plane survived
7840.0,10.093881513238978,0.01,False,,,15,no valid outer-layer seed pairs
7841.0,53.05752495176896,0.01,False,,,14,no exact8 plane survived
7842.0,98.42174754975618,0.01,False,,,14,no exact8 plane survived
7843.0,34.084192937105975,0.01,False,,,15,no exact8 plane survived
7844.0,59.2877099190358,0.01,False,,,14,no exact8 plane survived
7846.0,12.47884930254421,0.01,False,,,15,no valid outer-layer seed pairs
7847.0,32.745419200022525,0.01,False,,,15,no exact8 plane survived
7851.0,15.890663149771516,0.01,False,,,15,no valid outer-layer seed pairs
7852.0,15.418682788247024,0.01,False,,,15,no valid outer-layer seed pairs
7853.0,18.38390399548689,0.01,False,,,15,no valid outer-layer seed pairs
7855.0,282.7342003242099,0.01,False,,,13,no exact8 plane survived
7856.0,54.59035216991292,0.01,False,,,14,no exact8 plane survived
7857.0,17.92306682519826,0.01,False,,,15,no valid outer-layer seed pairs
7858.0,10.457555656448047,0.01,False,,,15,no valid outer-layer seed pairs
7859.0,13.36997339683705,0.01,False,,,15,no valid outer-layer seed pairs
7863.0,16.48292966643203,0.01,False,,,15,no valid outer-layer seed pairs
7864.0,10.933369042722983,0.01,False,,,15,no valid outer-layer seed pairs
7865.0,17.025793701325565,0.01,False,,,15,no valid outer-layer seed pairs
7866.0,39.86061180544805,0.01,False,,,14,no exact8 plane survived
7869.0,27.24833482487566,0.01,False,,,15,no exact8 plane survived
7870.0,42.40932428691168,0.01,False,,,14,no exact8 plane survived
7871.0,19.58506900755257,0.01,False,,,15,no exact8 plane survived
7872.0,15.118353619191163,0.01,False,,,15,no valid outer-layer seed pairs
7873.0,21.016456010359903,0.01,False,,,15,no exact8 plane survived
7874.0,25.639171280923875,0.01,False,,,15,no exact8 plane survived
7875.0,12.294639640251823,0.01,False,,,15,no valid outer-layer seed pairs
7876.0,12.698503593425686,0.01,False,,,15,no valid outer-layer seed pairs
7877.0,20.671861613496603,0.01,False,,,15,no exact8 plane survived
7878.0,20.42450759370892,0.01,False,,,15,no exact8 plane survived
7879.0,26.43478571272201,0.01,False,,,15,no exact8 plane survived
7880.0,35.028591946629554,0.01,False,,,14,no exact8 plane survived
7882.0,16.19662052313631,0.01,False,,,15,no valid outer-layer seed pairs
7883.0,44.67515813000499,0.01,False,,,14,no exact8 plane survived
7885.0,38.11725317837444,0.01,False,,,15,no exact8 plane survived
7886.0,118.04955702229029,0.01,False,,,14,no exact8 plane survived
7887.0,38.37275969949064,0.01,False,,,14,no exact8 plane survived
7890.0,21.899580004128712,0.01,False,,,15,no exact8 plane survived
7893.0,141.4169504540704,0.01,False,,,14,no exact8 plane survived
7894.0,15.45378306735157,0.01,False,,,15,no valid outer-layer seed pairs
7898.0,10.904017147381422,0.01,False,,,15,no valid outer-layer seed pairs
7899.0,37.358475142394,0.01,False,,,15,no exact8 plane survived
7900.0,11.74677954943992,0.01,False,,,15,no valid outer-layer seed pairs
7902.0,29.788859570230706,0.01,False,,,14,no exact8 plane survived
7903.0,34.176722578843595,0.01,False,,,14,no exact8 plane survived
7904.0,27.301831221028905,0.01,False,,,15,no exact8 plane survived
7905.0,16.812832823679706,0.01,False,,,15,no valid outer-layer seed pairs
7907.0,55.794272030912616,0.01,False,,,14,no exact8 plane survived
7908.0,20.131303375552847,0.01,False,,,15,no exact8 plane survived
7909.0,119.07394160709684,0.01,False,,,14,no exact8 plane survived
7910.0,10.567847351066735,0.01,False,,,15,no valid outer-layer seed pairs
7911.0,19.56769266156048,0.01,False,,,15,no exact8 plane survived
7912.0,30.22107507544763,0.01,False,,,15,no exact8 plane survived
7914.0,67.9140611542778,0.01,False,,,14,no exact8 plane survived
7917.0,11.235879474795908,0.01,False,,,15,no valid outer-layer seed pairs
7918.0,21.57012003767468,0.01,False,,,15,no exact8 plane survived
7919.0,16.091206315789496,0.01,False,,,15,no valid outer-layer seed pairs
7921.0,69.79885436230273,0.01,False,,,14,no exact8 plane survived
7923.0,57.34466193306223,0.01,False,,,14,no exact8 plane survived
7924.0,18.6936811769182,0.01,False,,,15,no exact8 plane survived
7926.0,53.84819702807159,0.01,False,,,14,no exact8 plane survived
7927.0,47.89619653521094,0.01,False,,,14,no exact8 plane survived
7928.0,118.8998533985105,0.01,False,,,14,no exact8 plane survived
7929.0,25.86942440006725,0.01,False,,,15,no exact8 plane survived
7930.0,16.41902217308492,0.01,False,,,15,no valid outer-layer seed pairs
7931.0,52.0893463514788,0.01,False,,,14,no exact8 plane survived
7933.0,23.283914904316127,0.01,False,,,15,no exact8 plane survived
7935.0,15.413787496873448,0.01,False,,,15,no valid outer-layer seed pairs
7936.0,20.81980780588603,0.01,False,,,15,no exact8 plane survived
7937.0,10.002533551814766,0.01,False,,,15,no valid outer-layer seed pairs
7938.0,19.774908012253107,0.01,False,,,15,no exact8 plane survived
7939.0,33.243968239373565,0.01,False,,,14,no exact8 plane survived
7940.0,14.836590608102204,0.01,False,,,15,no valid outer-layer seed pairs
7942.0,25.139450317819843,0.01,False,,,15,no exact8 plane survived
7943.0,10.6739307573224,0.01,False,,,15,no valid outer-layer seed pairs
7946.0,14.661572724315304,0.01,False,,,15,no valid outer-layer seed pairs
7947.0,26.270474461526373,0.01,False,,,15,no exact8 plane survived
7948.0,11.642681090722364,0.01,False,,,15,no valid outer-layer seed pairs
7949.0,43.37221652525042,0.01,False,,,14,no exact8 plane survived
7950.0,46.66418885735663,0.01,False,,,14,no exact8 plane survived
7955.0,41.05749170648738,0.01,False,,,14,no exact8 plane survived
7956.0,39.92315902334344,0.01,False,,,14,no exact8 plane survived
7957.0,22.58438436678423,0.01,False,,,15,no exact8 plane survived
7958.0,42.04323802927989,0.01,False,,,15,no exact8 plane survived
7960.0,10.803345743683195,0.01,False,,,15,no valid outer-layer seed pairs
7961.0,24.900990719713302,0.01,False,,,15,no exact8 plane survived
7963.0,12.276302370246732,0.01,False,,,15,no valid outer-layer seed pairs
7964.0,14.343497994504382,0.01,False,,,15,no valid outer-layer seed pairs
7965.0,12.414717434063087,0.01,False,,,15,no valid outer-layer seed pairs
7966.0,14.922062297290804,0.01,False,,,15,no valid outer-layer seed pairs
7967.0,17.029990481997636,0.01,False,,,15,no valid outer-layer seed pairs
7968.0,54.22607701437587,0.01,False,,,14,no exact8 plane survived
7969.0,10.960889859385205,0.01,False,,,15,no valid outer-layer seed pairs
7970.0,14.574733223837317,0.01,False,,,15,no valid outer-layer seed pairs
7971.0,37.0012960227869,0.01,False,,,14,no exact8 plane survived
7972.0,16.92064357241748,0.01,False,,,15,no valid outer-layer seed pairs
7973.0,12.059405732667129,0.01,False,,,15,no valid outer-layer seed pairs
7974.0,36.52116327108129,0.01,False,,,15,no exact8 plane survived
7975.0,15.704791120847592,0.01,False,,,15,no valid outer-layer seed pairs
7976.0,10.809891103690546,0.01,False,,,15,no valid outer-layer seed pairs
7977.0,21.57432696017472,0.01,False,,,15,no exact8 plane survived
7978.0,13.35551155152022,0.01,False,,,15,no valid outer-layer seed pairs
7979.0,19.29489068578566,0.01,False,,,15,no exact8 plane survived
7981.0,14.068147732055902,0.01,False,,,15,no valid outer-layer seed pairs
7982.0,36.89846249902532,0.01,False,,,14,no exact8 plane survived
7985.0,10.98729203097147,0.01,False,,,15,no valid outer-layer seed pairs
7986.0,67.20744414942546,0.01,False,,,14,no exact8 plane survived
7987.0,11.592130709945511,0.01,False,,,15,no valid outer-layer seed pairs
7988.0,19.75171086487569,0.01,False,,,15,no exact8 plane survived
7989.0,58.57126341301974,0.01,False,,,14,no exact8 plane survived
7990.0,18.10260986489056,0.01,False,,,15,no valid outer-layer seed pairs
7991.0,24.52031118175495,0.01,False,,,15,no exact8 plane survived
7993.0,20.434282611512185,0.01,False,,,15,no exact8 plane survived
7994.0,17.977451876724142,0.01,False,,,15,no valid outer-layer seed pairs
7995.0,22.74979015299004,0.01,False,,,15,no exact8 plane survived
7996.0,21.74019376842201,0.01,False,,,15,no exact8 plane survived
7997.0,24.53326704637988,0.01,False,,,15,no exact8 plane survived
8002.0,152.23061270798064,0.01,False,,,14,no exact8 plane survived
8003.0,42.72471438378201,0.01,False,,,14,no exact8 plane survived
8004.0,13.256521274261416,0.01,False,,,15,no valid outer-layer seed pairs
8005.0,13.273374818169648,0.01,False,,,15,no valid outer-layer seed pairs
8006.0,16.00259846379896,0.01,False,,,15,no valid outer-layer seed pairs
8007.0,28.47380833876364,0.01,False,,,15,no exact8 plane survived
8008.0,23.25982347520397,0.01,False,,,15,no exact8 plane survived
8009.0,15.399555324220763,0.01,False,,,15,no valid outer-layer seed pairs
8010.0,19.441542872853624,0.01,False,,,15,no exact8 plane survived
8011.0,14.080545439742496,0.01,False,,,15,no valid outer-layer seed pairs
8014.0,23.53669295056672,0.01,False,,,15,no exact8 plane survived
8015.0,31.0380801050999,0.01,False,,,15,no exact8 plane survived
8016.0,126.21021551081805,0.01,False,,,14,no exact8 plane survived
8017.0,46.78591677910661,0.01,False,,,14,no exact8 plane survived
8018.0,13.219338283366946,0.01,False,,,15,no valid outer-layer seed pairs
8019.0,23.07706164762428,0.01,False,,,15,no exact8 plane survived
8021.0,10.278651666845713,0.01,False,,,15,no valid outer-layer seed pairs
8022.0,15.844836178377966,0.01,False,,,15,no valid outer-layer seed pairs
8023.0,16.51685188560688,0.01,False,,,15,no valid outer-layer seed pairs
8024.0,15.184776415680618,0.01,False,,,15,no valid outer-layer seed pairs
8025.0,16.41945718043265,0.01,False,,,15,no valid outer-layer seed pairs
8029.0,19.518704667930567,0.01,False,,,15,no exact8 plane survived
8030.0,22.612088109757032,0.01,False,,,15,no exact8 plane survived
8031.0,32.228394993973595,0.01,False,,,15,no exact8 plane survived
8032.0,32.027930574630005,0.01,False,,,15,no exact8 plane survived
8033.0,24.481670776173058,0.01,False,,,15,no exact8 plane survived
8037.0,22.385177402308496,0.01,False,,,15,no exact8 plane survived
8038.0,20.12876228022576,0.01,False,,,15,no exact8 plane survived
8039.0,57.79677676550325,0.01,False,,,14,no exact8 plane survived
8040.0,13.451967423453224,0.01,False,,,15,no valid outer-layer seed pairs
8042.0,13.821919465471227,0.01,False,,,15,no valid outer-layer seed pairs
8043.0,13.338747735610175,0.01,False,,,15,no valid outer-layer seed pairs
8044.0,12.748297165091351,0.01,False,,,15,no valid outer-layer seed pairs
8045.0,14.540772290268404,0.01,False,,,15,no valid outer-layer seed pairs
8047.0,18.215895173059724,0.01,False,,,15,no valid outer-layer seed pairs
8048.0,12.725906510492017,0.01,False,,,15,no valid outer-layer seed pairs
8049.0,20.91596478035217,0.01,False,,,15,no exact8 plane survived
8050.0,18.312702698769684,0.01,False,,,15,no valid outer-layer seed pairs
8051.0,26.026270321032328,0.01,False,,,15,no exact8 plane survived
8052.0,19.89414930480513,0.01,False,,,15,no exact8 plane survived
8053.0,55.78528015416144,0.01,False,,,14,no exact8 plane survived
8054.0,17.130585996004864,0.01,False,,,15,no valid outer-layer seed pairs
8055.0,28.79162886633051,0.01,False,,,15,no exact8 plane survived
8058.0,20.72994774547455,0.01,False,,,15,no exact8 plane survived
8059.0,69.15239139694366,0.01,False,,,14,no exact8 plane survived
8061.0,33.0681070761274,0.01,False,,,14,no exact8 plane survived
8062.0,25.42732494074201,0.01,False,,,15,no exact8 plane survived
8063.0,24.36026863420621,0.01,False,,,15,no exact8 plane survived
8064.0,19.11233435003293,0.01,False,,,15,no exact8 plane survived
8065.0,26.25152243479184,0.01,False,,,15,no exact8 plane survived
8066.0,14.74192452659978,0.01,False,,,15,no valid outer-layer seed pairs
8067.0,67.9700119030334,0.01,False,,,14,no exact8 plane survived
8068.0,35.292408740411894,0.01,False,,,14,no exact8 plane survived
8069.0,30.748193160770423,0.01,False,,,15,no exact8 plane survived
8070.0,40.04637645507235,0.01,False,,,14,no exact8 plane survived
8071.0,17.21760265034011,0.01,False,,,15,no valid outer-layer seed pairs
8072.0,15.547563139714232,0.01,False,,,15,no valid outer-layer seed pairs
8073.0,16.24233422984177,0.01,False,,,15,no valid outer-layer seed pairs
8075.0,11.422797116431358,0.01,False,,,15,no valid outer-layer seed pairs
8080.0,11.113151686374236,0.01,False,,,15,no valid outer-layer seed pairs
8082.0,39.615070129111466,0.01,False,,,14,no exact8 plane survived
8084.0,28.234182230100007,0.01,False,,,15,no exact8 plane survived
8085.0,19.009050316871274,0.01,False,,,15,no exact8 plane survived
8088.0,36.75127894526622,0.01,False,,,14,no exact8 plane survived
8089.0,15.140785337795077,0.01,False,,,15,no valid outer-layer seed pairs
8090.0,94.521598130046,0.01,False,,,14,no exact8 plane survived
8091.0,31.81512599788277,0.01,False,,,15,no exact8 plane survived
8092.0,348.43387145924913,0.01,False,,,13,no exact8 plane survived
8093.0,45.90017750778578,0.01,False,,,15,no exact8 plane survived
8094.0,35.1597017827756,0.01,False,,,14,no exact8 plane survived
8095.0,55.11577867365411,0.01,False,,,14,no exact8 plane survived
8096.0,61.65117798946523,0.01,False,,,14,no exact8 plane survived
8097.0,31.019307079163585,0.01,False,,,15,no exact8 plane survived
8098.0,18.167638310880232,0.01,False,,,15,no valid outer-layer seed pairs
8099.0,13.926264076941148,0.01,False,,,15,no valid outer-layer seed pairs
8102.0,23.07103758024352,0.01,False,,,15,no exact8 plane survived
8103.0,24.570519110135084,0.01,False,,,15,no exact8 plane survived
8104.0,19.33688760054813,0.01,False,,,15,no exact8 plane survived
8105.0,17.72545068992891,0.01,False,,,15,no valid outer-layer seed pairs
8106.0,15.541834258074532,0.01,False,,,15,no valid outer-layer seed pairs
8107.0,54.70758706945757,0.01,False,,,14,no exact8 plane survived
8108.0,11.857161697720892,0.01,False,,,15,no valid outer-layer seed pairs
8110.0,15.370185338243752,0.01,False,,,15,no valid outer-layer seed pairs
8112.0,51.09013014051566,0.01,False,,,14,no exact8 plane survived
8113.0,26.841738766356936,0.01,False,,,15,no exact8 plane survived
8114.0,37.00022523649645,0.01,False,,,15,no exact8 plane survived
8116.0,11.727617593047672,0.01,False,,,15,no valid outer-layer seed pairs
8117.0,16.181918083363726,0.01,False,,,15,no valid outer-layer seed pairs
8118.0,23.138629123907048,0.01,False,,,15,no exact8 plane survived
8119.0,33.89427080455233,0.01,False,,,15,no exact8 plane survived
8120.0,23.81059732742436,0.01,False,,,15,no exact8 plane survived
8122.0,9.425373608647895,0.01,False,,,15,no valid outer-layer seed pairs
8123.0,14.963357772451284,0.01,False,,,15,no valid outer-layer seed pairs
8125.0,71.37832448112086,0.01,False,,,14,no exact8 plane survived
8126.0,31.90024534265373,0.01,False,,,14,no exact8 plane survived
8127.0,18.260390674524714,0.01,False,,,15,no valid outer-layer seed pairs
8129.0,20.524897185243187,0.01,False,,,15,no exact8 plane survived
8131.0,73.64548072817476,0.01,False,,,14,no exact8 plane survived
8132.0,27.0055892272978,0.01,False,,,15,no exact8 plane survived
8133.0,21.593734077975945,0.01,False,,,15,no exact8 plane survived
8134.0,20.210220838819733,0.01,False,,,15,no exact8 plane survived
8135.0,11.346487853855113,0.01,False,,,15,no valid outer-layer seed pairs
8137.0,10.65322793460954,0.01,False,,,15,no valid outer-layer seed pairs
8138.0,10.45564115656174,0.01,False,,,15,no valid outer-layer seed pairs
8139.0,26.418070409440983,0.01,False,,,14,no exact8 plane survived
8140.0,13.678321377509794,0.01,False,,,15,no valid outer-layer seed pairs
8141.0,17.413526988068597,0.01,False,,,15,no valid outer-layer seed pairs
8142.0,32.486613994268886,0.01,False,,,14,no exact8 plane survived
8143.0,60.34704497578927,0.01,False,,,14,no exact8 plane survived
8145.0,24.878885888397672,0.01,False,,,15,no exact8 plane survived
8147.0,11.857589452464756,0.01,False,,,15,no valid outer-layer seed pairs
8148.0,10.548262234157423,0.01,False,,,15,no valid outer-layer seed pairs
8150.0,20.06066042467964,0.01,False,,,15,no exact8 plane survived
8151.0,19.80217674659862,0.01,False,,,15,no exact8 plane survived
8153.0,12.000221468697688,0.01,False,,,15,no valid outer-layer seed pairs
8155.0,105.04105516953211,0.01,False,,,14,no exact8 plane survived
8156.0,16.747392352634957,0.01,False,,,15,no valid outer-layer seed pairs
8158.0,77.04841602343956,0.01,False,,,14,no exact8 plane survived
8159.0,82.81856552292503,0.01,False,,,14,no exact8 plane survived
8161.0,16.077939984161212,0.01,False,,,15,no valid outer-layer seed pairs
8162.0,18.513600552060808,0.01,False,,,15,no valid outer-layer seed pairs
8165.0,23.235697431701663,0.01,False,,,15,no exact8 plane survived
8166.0,30.50413966695025,0.01,False,,,14,no exact8 plane survived
8167.0,39.37355119834118,0.01,False,,,14,no exact8 plane survived
8170.0,15.05311785006304,0.01,False,,,15,no valid outer-layer seed pairs
8171.0,62.41355089183179,0.01,False,,,14,no exact8 plane survived
8172.0,27.19632874392861,0.01,False,,,15,no exact8 plane survived
8173.0,36.68888194656982,0.01,False,,,15,no exact8 plane survived
8174.0,21.02175696650632,0.01,False,,,15,no exact8 plane survived
8175.0,45.17185838987663,0.01,False,,,15,no exact8 plane survived
8178.0,11.90697407516035,0.01,False,,,15,no valid outer-layer seed pairs
8179.0,16.98413611116509,0.01,False,,,15,no valid outer-layer seed pairs
8180.0,30.68394211894283,0.01,False,,,15,no exact8 plane survived
8181.0,9.007323136290582,0.01,False,,,15,no valid outer-layer seed pairs
8182.0,9.669747343704064,0.01,False,,,15,no valid outer-layer seed pairs
8183.0,7.617122866723321,0.01,False,,,15,no valid outer-layer seed pairs
8184.0,13.666290154476426,0.01,False,,,15,no valid outer-layer seed pairs
8185.0,23.537650356836505,0.01,False,,,15,no exact8 plane survived
8186.0,26.59201383072764,0.01,False,,,15,no exact8 plane survived
8188.0,16.407988206654498,0.01,False,,,15,no valid outer-layer seed pairs
8189.0,17.670700265889504,0.01,False,,,15,no valid outer-layer seed pairs
8190.0,54.72153377544184,0.01,False,,,14,no exact8 plane survived
8191.0,10.891907782194,0.01,False,,,15,no valid outer-layer seed pairs
8192.0,12.62184902895326,0.01,False,,,15,no valid outer-layer seed pairs
8193.0,14.742030003998371,0.01,False,,,15,no valid outer-layer seed pairs
8194.0,25.9358274451123,0.01,False,,,15,no exact8 plane survived
8195.0,219.3206539635356,0.01,False,,,13,no exact8 plane survived
8196.0,17.7629599443869,0.01,False,,,15,no valid outer-layer seed pairs
8198.0,41.83405742906894,0.01,False,,,14,no exact8 plane survived
8200.0,127.39338774605292,0.01,False,,,14,no exact8 plane survived
8201.0,33.902831165776256,0.01,False,,,15,no exact8 plane survived
8202.0,47.020776105770594,0.01,False,,,14,no exact8 plane survived
8204.0,12.345111936922194,0.01,False,,,15,no valid outer-layer seed pairs
8206.0,68.25085621433688,0.01,False,,,14,no exact8 plane survived
8208.0,11.17316656894744,0.01,False,,,15,no valid outer-layer seed pairs
8209.0,33.38871415749624,0.01,False,,,14,no exact8 plane survived
8210.0,20.280260616297188,0.01,False,,,15,no exact8 plane survived
8212.0,51.94930912111701,0.01,False,,,14,no exact8 plane survived
8215.0,51.43709502369446,0.01,False,,,14,no exact8 plane survived
8216.0,58.33859013148725,0.01,False,,,14,no exact8 plane survived
8217.0,39.55302523490369,0.01,False,,,14,no exact8 plane survived
8219.0,17.843707732371282,0.01,False,,,15,no valid outer-layer seed pairs
8221.0,95.6723135999337,0.01,False,,,14,no exact8 plane survived
8223.0,15.77813983829074,0.01,False,,,15,no valid outer-layer seed pairs
8224.0,9.926215675061318,0.01,False,,,15,no valid outer-layer seed pairs
8225.0,14.730665528663083,0.01,False,,,15,no valid outer-layer seed pairs
8226.0,64.70061758968616,0.01,False,,,14,no exact8 plane survived
8227.0,14.04522402621954,0.01,False,,,15,no valid outer-layer seed pairs
8229.0,43.05879453924598,0.01,False,,,15,no exact8 plane survived
8231.0,10.838181446842038,0.01,False,,,15,no valid outer-layer seed pairs
8232.0,20.3693854074339,0.01,False,,,15,no exact8 plane survived
8234.0,45.99786245504489,0.01,False,,,14,no exact8 plane survived
8237.0,31.47014363591678,0.01,False,,,15,no exact8 plane survived
8238.0,12.555483882624133,0.01,False,,,15,no valid outer-layer seed pairs
8239.0,13.119955428160964,0.01,False,,,15,no valid outer-layer seed pairs
8240.0,9.998232164904024,0.01,False,,,15,no valid outer-layer seed pairs
8241.0,67.30372367904434,0.01,False,,,14,no exact8 plane survived
8243.0,92.98538299041886,0.01,False,,,14,no exact8 plane survived
8244.0,11.12444322617198,0.01,False,,,15,no valid outer-layer seed pairs
8245.0,7.260676864776682,0.01,False,,,15,no valid outer-layer seed pairs
8246.0,43.11411683901817,0.01,False,,,15,no exact8 plane survived
8247.0,11.679547083965128,0.01,False,,,15,no valid outer-layer seed pairs
8248.0,63.535760163910346,0.01,False,,,14,no exact8 plane survived
8249.0,11.420188553628364,0.01,False,,,15,no valid outer-layer seed pairs
8250.0,46.58049828069315,0.01,False,,,14,no exact8 plane survived
8251.0,19.617402894774223,0.01,False,,,15,no exact8 plane survived
8252.0,17.8390432030986,0.01,False,,,15,no valid outer-layer seed pairs
8253.0,29.74173225847009,0.01,False,,,15,no exact8 plane survived
8254.0,23.11592254559671,0.01,False,,,15,no exact8 plane survived
8256.0,13.184228189114435,0.01,False,,,15,no valid outer-layer seed pairs
8258.0,14.47677351126858,0.01,False,,,15,no valid outer-layer seed pairs
8259.0,28.46844272506757,0.01,False,,,15,no exact8 plane survived
8263.0,21.530497469641187,0.01,False,,,15,no exact8 plane survived
8264.0,18.322838174017274,0.01,False,,,15,no valid outer-layer seed pairs
8266.0,55.949872901080624,0.01,False,,,14,no exact8 plane survived
8267.0,16.727756892767143,0.01,False,,,15,no valid outer-layer seed pairs
8268.0,45.94639466744667,0.01,False,,,15,no exact8 plane survived
8269.0,34.564794803263645,0.01,False,,,14,no exact8 plane survived
8272.0,21.80582230518018,0.01,False,,,15,no exact8 plane survived
8273.0,17.39181572240134,0.01,False,,,15,no valid outer-layer seed pairs
8274.0,80.33122244099506,0.01,False,,,14,no exact8 plane survived
8275.0,11.20985411303286,0.01,False,,,15,no valid outer-layer seed pairs
8276.0,66.43093541749688,0.01,False,,,14,no exact8 plane survived
8277.0,41.45233459666298,0.01,False,,,14,no exact8 plane survived
8278.0,35.18930146167127,0.01,False,,,14,no exact8 plane survived
8280.0,9.86487011493558,0.01,False,,,15,no valid outer-layer seed pairs
8281.0,23.310644416269646,0.01,False,,,15,no exact8 plane survived
8282.0,17.499174895112414,0.01,False,,,15,no valid outer-layer seed pairs
8284.0,13.827923460626016,0.01,False,,,15,no valid outer-layer seed pairs
8285.0,43.41723402878796,0.01,False,,,14,no exact8 plane survived
8286.0,61.37237118328478,0.01,False,,,14,no exact8 plane survived
8287.0,26.42513986594913,0.01,False,,,15,no exact8 plane survived
8290.0,10.46162481587397,0.01,False,,,15,no valid outer-layer seed pairs
8291.0,29.81321461745481,0.01,False,,,15,no exact8 plane survived
8292.0,8.71983269131345,0.01,False,,,15,no valid outer-layer seed pairs
8293.0,46.64511807599899,0.01,False,,,15,no exact8 plane survived
8294.0,72.78417153248388,0.01,False,,,14,no exact8 plane survived
8297.0,12.87820385755506,0.01,False,,,15,no valid outer-layer seed pairs
8298.0,16.962366716839384,0.01,False,,,15,no valid outer-layer seed pairs
8300.0,7.957978372851957,0.01,False,,,15,no valid outer-layer seed pairs
8301.0,94.16089892893712,0.01,False,,,14,no exact8 plane survived
8302.0,37.826784985417824,0.01,False,,,14,no exact8 plane survived
8303.0,45.046075653573766,0.01,False,,,14,no exact8 plane survived
8304.0,15.496113185872032,0.01,False,,,15,no valid outer-layer seed pairs
8305.0,54.22102087278212,0.01,False,,,14,no exact8 plane survived
8306.0,12.843184981677032,0.01,False,,,15,no valid outer-layer seed pairs
8307.0,150.20187951640207,0.01,False,,,14,no exact8 plane survived
8308.0,16.543147907390995,0.01,False,,,15,no valid outer-layer seed pairs
8311.0,34.99835774949038,0.01,False,,,15,no exact8 plane survived
8312.0,13.258361421998432,0.01,False,,,15,no valid outer-layer seed pairs
8313.0,41.73184415043061,0.01,False,,,14,no exact8 plane survived
8315.0,32.76665387916578,0.01,False,,,15,no exact8 plane survived
8316.0,10.115134746592194,0.01,False,,,15,no valid outer-layer seed pairs
8317.0,8.908390049767057,0.01,False,,,15,no valid outer-layer seed pairs
8319.0,11.176141696901928,0.01,False,,,15,no valid outer-layer seed pairs
8320.0,57.714748846052,0.01,False,,,14,no exact8 plane survived
8321.0,23.567220400544144,0.01,False,,,15,no exact8 plane survived
8322.0,61.51999138673857,0.01,False,,,14,no exact8 plane survived
8323.0,41.256352019711926,0.01,False,,,14,no exact8 plane survived
8324.0,48.37422607560203,0.01,False,,,14,no exact8 plane survived
8325.0,127.62481161222618,0.01,False,,,14,no exact8 plane survived
8327.0,71.9250246751306,0.01,False,,,14,no exact8 plane survived
8328.0,18.292209388658293,0.01,False,,,15,no valid outer-layer seed pairs
8330.0,32.22698520511862,0.01,False,,,15,no exact8 plane survived
8331.0,88.96163868533124,0.01,False,,,14,no exact8 plane survived
8332.0,11.533218153795094,0.01,False,,,15,no valid outer-layer seed pairs
8333.0,18.26520702021308,0.01,False,,,15,no valid outer-layer seed pairs
8335.0,46.36083493422736,0.01,False,,,15,no exact8 plane survived
8336.0,33.27084025281013,0.01,False,,,15,no exact8 plane survived
8337.0,15.792117905650723,0.01,False,,,15,no valid outer-layer seed pairs
8340.0,30.72103909894727,0.01,False,,,15,no exact8 plane survived
8341.0,15.851242538955216,0.01,False,,,15,no valid outer-layer seed pairs
8342.0,13.006879978218214,0.01,False,,,15,no valid outer-layer seed pairs
8344.0,16.667393981888768,0.01,False,,,15,no valid outer-layer seed pairs
8346.0,37.47800745833004,0.01,False,,,14,no exact8 plane survived
8347.0,65.78983425736399,0.01,False,,,14,no exact8 plane survived
8348.0,12.694640217149136,0.01,False,,,15,no valid outer-layer seed pairs
8349.0,26.443586624657968,0.01,False,,,15,no exact8 plane survived
8350.0,36.17737388853914,0.01,False,,,14,no exact8 plane survived
8351.0,52.31556914160509,0.01,False,,,14,no exact8 plane survived
8352.0,22.63751241999249,0.01,False,,,15,no exact8 plane survived
8353.0,22.910316468367807,0.01,False,,,15,no exact8 plane survived
8354.0,13.805640488623602,0.01,False,,,15,no valid outer-layer seed pairs
8355.0,22.386621271141667,0.01,False,,,15,no exact8 plane survived
8356.0,20.60838875163395,0.01,False,,,15,no exact8 plane survived
8358.0,25.01409302160084,0.01,False,,,15,no exact8 plane survived
8359.0,111.85140407067507,0.01,False,,,14,no exact8 plane survived
8360.0,20.257822473340685,0.01,False,,,15,no exact8 plane survived
8362.0,36.76863629826696,0.01,False,,,15,no exact8 plane survived
8363.0,36.05816318463737,0.01,False,,,15,no exact8 plane survived
8364.0,15.652351114887413,0.01,False,,,15,no valid outer-layer seed pairs
8365.0,19.012194798285705,0.01,False,,,15,no exact8 plane survived
8367.0,10.049802264916156,0.01,False,,,15,no valid outer-layer seed pairs
8368.0,27.57674914230536,0.01,False,,,15,no exact8 plane survived
8369.0,112.4062103257892,0.01,False,,,14,no exact8 plane survived
8370.0,12.631750983741368,0.01,False,,,15,no valid outer-layer seed pairs
8371.0,34.77099858476248,0.01,False,,,14,no exact8 plane survived
8374.0,34.53293588111094,0.01,False,,,14,no exact8 plane survived
8375.0,27.09039175039829,0.01,False,,,15,no exact8 plane survived
8376.0,55.575547713461006,0.01,False,,,14,no exact8 plane survived
8377.0,12.82171052554453,0.01,False,,,15,no valid outer-layer seed pairs
8378.0,8.697953625361688,0.01,False,,,15,no valid outer-layer seed pairs
8379.0,14.313109580371034,0.01,False,,,15,no valid outer-layer seed pairs
8380.0,10.27553965713672,0.01,False,,,15,no valid outer-layer seed pairs
8381.0,10.128586860603034,0.01,False,,,15,no valid outer-layer seed pairs
8382.0,11.51264525526198,0.01,False,,,15,no valid outer-layer seed pairs
8386.0,12.88298265825031,0.01,False,,,15,no valid outer-layer seed pairs
8388.0,21.11336421215776,0.01,False,,,15,no exact8 plane survived
8389.0,10.894928078796312,0.01,False,,,15,no valid outer-layer seed pairs
8390.0,124.26126447081823,0.01,False,,,14,no exact8 plane survived
8391.0,47.57671643255119,0.01,False,,,14,no exact8 plane survived
8393.0,37.96878566510505,0.01,False,,,15,no exact8 plane survived
8394.0,32.83171016111421,0.01,False,,,14,no exact8 plane survived
8395.0,12.171988637291044,0.01,False,,,15,no valid outer-layer seed pairs
8396.0,54.289765986889286,0.01,False,,,14,no exact8 plane survived
8398.0,18.85872937055084,0.01,False,,,15,no exact8 plane survived
8399.0,20.511815609926337,0.01,False,,,15,no exact8 plane survived
8400.0,16.156525421138603,0.01,False,,,15,no valid outer-layer seed pairs
8401.0,29.90383624015569,0.01,False,,,15,no exact8 plane survived
8403.0,73.88175125447638,0.01,False,,,14,no exact8 plane survived
8405.0,11.767987952628904,0.01,False,,,15,no valid outer-layer seed pairs
8406.0,36.96337452351563,0.01,False,,,15,no exact8 plane survived
8407.0,23.933146176421705,0.01,False,,,15,no exact8 plane survived
8408.0,24.32876884018745,0.01,False,,,15,no exact8 plane survived
8409.0,16.590729894628055,0.01,False,,,15,no valid outer-layer seed pairs
8410.0,11.97912354943042,0.01,False,,,15,no valid outer-layer seed pairs
8412.0,20.23971571354828,0.01,False,,,15,no exact8 plane survived
8414.0,5.502464993035043,0.01,False,,,15,no valid outer-layer seed pairs
8415.0,17.738644577828353,0.01,False,,,15,no valid outer-layer seed pairs
8416.0,86.22693288833187,0.01,False,,,14,no exact8 plane survived
8418.0,16.155628473716746,0.01,False,,,15,no valid outer-layer seed pairs
8419.0,18.59526259270981,0.01,False,,,15,no valid outer-layer seed pairs
8420.0,45.41571196613492,0.01,False,,,14,no exact8 plane survived
8421.0,13.060868591796025,0.01,False,,,15,no valid outer-layer seed pairs
8422.0,34.8865596048014,0.01,False,,,15,no exact8 plane survived
8423.0,40.508776717132335,0.01,False,,,15,no exact8 plane survived
8424.0,13.94080868861029,0.01,False,,,15,no valid outer-layer seed pairs
8426.0,12.015556367134254,0.01,False,,,15,no valid outer-layer seed pairs
8427.0,29.847835239306185,0.01,False,,,14,no exact8 plane survived
8428.0,100.08366137891836,0.01,False,,,14,no exact8 plane survived
8429.0,27.26311478766436,0.01,False,,,15,no exact8 plane survived
8430.0,11.957234217804253,0.01,False,,,15,no valid outer-layer seed pairs
8431.0,18.278849124594693,0.01,False,,,15,no valid outer-layer seed pairs
8432.0,21.721188236801044,0.01,False,,,15,no exact8 plane survived
8434.0,20.15469319320788,0.01,False,,,15,no exact8 plane survived
8435.0,13.558425747062548,0.01,False,,,15,no valid outer-layer seed pairs
8439.0,11.120695381634194,0.01,False,,,15,no valid outer-layer seed pairs
8440.0,88.63319421447065,0.01,False,,,14,no exact8 plane survived
8442.0,15.836120860039648,0.01,False,,,15,no valid outer-layer seed pairs
8443.0,16.888596004812765,0.01,False,,,15,no valid outer-layer seed pairs
8444.0,19.395032389095928,0.01,False,,,15,no exact8 plane survived
8446.0,59.66231742586347,0.01,False,,,14,no exact8 plane survived
8447.0,26.64167753093767,0.01,False,,,15,no exact8 plane survived
8448.0,81.7415082548944,0.01,False,,,14,no exact8 plane survived
8453.0,21.30643119757012,0.01,False,,,15,no exact8 plane survived
8454.0,18.38184471284894,0.01,False,,,15,no valid outer-layer seed pairs
8455.0,11.195187715530713,0.01,False,,,15,no valid outer-layer seed pairs
8456.0,32.99031567616012,0.01,False,,,14,no exact8 plane survived
8457.0,40.50231589499786,0.01,False,,,14,no exact8 plane survived
8459.0,177.38930187338528,0.01,False,,,14,no exact8 plane survived
8460.0,10.033932990753236,0.01,False,,,15,no valid outer-layer seed pairs
8461.0,21.882968869546147,0.01,False,,,15,no exact8 plane survived
8462.0,40.63644171188006,0.01,False,,,15,no exact8 plane survived
8464.0,9.528741602377684,0.01,False,,,15,no valid outer-layer seed pairs
8466.0,14.923041630862192,0.01,False,,,15,no valid outer-layer seed pairs
8467.0,28.72586487578892,0.01,False,,,15,no exact8 plane survived
8468.0,18.72151013950519,0.01,False,,,15,no exact8 plane survived
8469.0,30.77413687211858,0.01,False,,,14,no exact8 plane survived
8470.0,231.3916872415585,0.01,False,,,14,no exact8 plane survived
8471.0,12.505672085541418,0.01,False,,,15,no valid outer-layer seed pairs
8472.0,14.3672641974103,0.01,False,,,15,no valid outer-layer seed pairs
8474.0,25.82087792486097,0.01,False,,,15,no exact8 plane survived
8476.0,106.39105290349254,0.01,False,,,14,no exact8 plane survived
8477.0,18.47000005508493,0.01,False,,,15,no valid outer-layer seed pairs
8479.0,17.663266561442747,0.01,False,,,15,no valid outer-layer seed pairs
8480.0,69.92603561943281,0.01,False,,,14,no exact8 plane survived
8482.0,24.14394767544769,0.01,False,,,15,no exact8 plane survived
8483.0,61.4491022769256,0.01,False,,,14,no exact8 plane survived
8485.0,18.26842046876415,0.01,False,,,15,no valid outer-layer seed pairs
8486.0,40.68166486489845,0.01,False,,,14,no exact8 plane survived
8487.0,12.358612287173331,0.01,False,,,15,no valid outer-layer seed pairs
8488.0,126.03337695685072,0.01,False,,,14,no exact8 plane survived
8490.0,14.523076390740634,0.01,False,,,15,no valid outer-layer seed pairs
8491.0,13.403702169231106,0.01,False,,,15,no valid outer-layer seed pairs
8492.0,78.7502145164135,0.01,False,,,14,no exact8 plane survived
8494.0,39.16857048631988,0.01,False,,,14,no exact8 plane survived
8496.0,19.07241192679783,0.01,False,,,15,no exact8 plane survived
8497.0,8.751362450571749,0.01,False,,,15,no valid outer-layer seed pairs
8498.0,71.10677668854485,0.01,False,,,14,no exact8 plane survived
8499.0,23.17346543968021,0.01,False,,,15,no exact8 plane survived
8501.0,16.842951597346342,0.01,False,,,15,no valid outer-layer seed pairs
8502.0,17.885361794417495,0.01,False,,,15,no valid outer-layer seed pairs
8503.0,95.52204571908916,0.01,False,,,14,no exact8 plane survived
8504.0,13.981472801401289,0.01,False,,,15,no valid outer-layer seed pairs
8505.0,11.417029998214804,0.01,False,,,15,no valid outer-layer seed pairs
8507.0,37.3012905501075,0.01,False,,,14,no exact8 plane survived
8508.0,12.530890451722993,0.01,False,,,15,no valid outer-layer seed pairs
8509.0,9.507170719842785,0.01,False,,,15,no valid outer-layer seed pairs
8510.0,40.06874032325326,0.01,False,,,14,no exact8 plane survived
8512.0,24.539986838396445,0.01,False,,,15,no exact8 plane survived
8513.0,36.936737789292856,0.01,False,,,14,no exact8 plane survived
8514.0,15.181538279230196,0.01,False,,,15,no valid outer-layer seed pairs
8515.0,42.90553094729609,0.01,False,,,14,no exact8 plane survived
8516.0,17.701958432001508,0.01,False,,,15,no valid outer-layer seed pairs
8519.0,65.00846372141557,0.01,False,,,14,no exact8 plane survived
8521.0,15.436870608581046,0.01,False,,,15,no valid outer-layer seed pairs
8522.0,60.79544492729257,0.01,False,,,14,no exact8 plane survived
8523.0,15.505234154846049,0.01,False,,,15,no valid outer-layer seed pairs
8525.0,16.61192969727916,0.01,False,,,15,no valid outer-layer seed pairs
8528.0,12.423448599804592,0.01,False,,,15,no valid outer-layer seed pairs
8531.0,22.84829501340144,0.01,False,,,15,no exact8 plane survived
8533.0,16.77891307550646,0.01,False,,,15,no valid outer-layer seed pairs
8534.0,15.821597408235798,0.01,False,,,15,no valid outer-layer seed pairs
8535.0,22.68682715698242,0.01,False,,,15,no exact8 plane survived
8537.0,12.833928126185032,0.01,False,,,15,no valid outer-layer seed pairs
8538.0,169.04631679831883,0.01,False,,,14,no exact8 plane survived
8540.0,12.791171605101084,0.01,False,,,15,no valid outer-layer seed pairs
8541.0,34.39222085091195,0.01,False,,,14,no exact8 plane survived
8545.0,33.748589839942944,0.01,False,,,15,no exact8 plane survived
8546.0,20.506302840843546,0.01,False,,,15,no exact8 plane survived
8547.0,128.12233850917173,0.01,False,,,14,no exact8 plane survived
8550.0,18.047515858122537,0.01,False,,,15,no valid outer-layer seed pairs
8552.0,11.775400603705174,0.01,False,,,15,no valid outer-layer seed pairs
8554.0,10.351981710683104,0.01,False,,,15,no valid outer-layer seed pairs
8555.0,18.55346150205204,0.01,False,,,15,no valid outer-layer seed pairs
8556.0,11.660219971834774,0.01,False,,,15,no valid outer-layer seed pairs
8559.0,17.22059626311366,0.01,False,,,15,no valid outer-layer seed pairs
8560.0,30.03192947624458,0.01,False,,,15,no exact8 plane survived
8561.0,15.75769328309193,0.01,False,,,15,no valid outer-layer seed pairs
8562.0,54.23919722087823,0.01,False,,,14,no exact8 plane survived
8563.0,16.333832115226983,0.01,False,,,15,no valid outer-layer seed pairs
8564.0,7.790585590770064,0.01,False,,,15,no valid outer-layer seed pairs
8567.0,47.61190300336387,0.01,False,,,14,no exact8 plane survived
8569.0,30.958452985175235,0.01,False,,,14,no exact8 plane survived
8571.0,9.614513318803342,0.01,False,,,15,no valid outer-layer seed pairs
8572.0,16.07704318632765,0.01,False,,,15,no valid outer-layer seed pairs
8573.0,9.460526241002642,0.01,False,,,15,no valid outer-layer seed pairs
8574.0,6.865436676336148,0.01,False,,,15,no valid outer-layer seed pairs
8575.0,48.569958762299294,0.01,False,,,14,no exact8 plane survived
8576.0,11.64971809518918,0.01,False,,,15,no valid outer-layer seed pairs
8577.0,44.77660214783051,0.01,False,,,15,no exact8 plane survived
8578.0,10.83978302599884,0.01,False,,,15,no valid outer-layer seed pairs
8579.0,29.99644917072364,0.01,False,,,14,no exact8 plane survived
8581.0,64.08639603760966,0.01,False,,,14,no exact8 plane survived
8582.0,16.384678396983595,0.01,False,,,15,no valid outer-layer seed pairs
8584.0,14.070245267987756,0.01,False,,,15,no valid outer-layer seed pairs
8585.0,19.49529718436368,0.01,False,,,15,no exact8 plane survived
8586.0,24.63416921601927,0.01,False,,,15,no exact8 plane survived
8587.0,10.204566386363265,0.01,False,,,15,no valid outer-layer seed pairs
8588.0,49.33370964451206,0.01,False,,,14,no exact8 plane survived
8589.0,34.41492815242834,0.01,False,,,14,no exact8 plane survived
8590.0,46.20858549787258,0.01,False,,,14,no exact8 plane survived
8591.0,10.517993516240384,0.01,False,,,15,no valid outer-layer seed pairs
8592.0,11.845210661299774,0.01,False,,,15,no valid outer-layer seed pairs
8593.0,26.951821722490468,0.01,False,,,15,no exact8 plane survived
8594.0,11.427798579984604,0.01,False,,,15,no valid outer-layer seed pairs
8596.0,16.925180356860388,0.01,False,,,15,no valid outer-layer seed pairs
8597.0,17.8858321210189,0.01,False,,,15,no valid outer-layer seed pairs
8598.0,54.6730657869074,0.01,False,,,14,no exact8 plane survived
8599.0,15.86692697909822,0.01,False,,,15,no valid outer-layer seed pairs
8602.0,39.49374224997102,0.01,False,,,14,no exact8 plane survived
8603.0,14.993025360865795,0.01,False,,,15,no valid outer-layer seed pairs
8604.0,49.27244383825201,0.01,False,,,14,no exact8 plane survived
8605.0,16.012656938437026,0.01,False,,,15,no valid outer-layer seed pairs
8606.0,12.301334891289544,0.01,False,,,15,no valid outer-layer seed pairs
8607.0,23.772981946666736,0.01,False,,,15,no exact8 plane survived
8608.0,26.85943268246097,0.01,False,,,15,no exact8 plane survived
8609.0,10.455941553532972,0.01,False,,,15,no valid outer-layer seed pairs
8610.0,42.58823003664257,0.01,False,,,14,no exact8 plane survived
8612.0,13.888007109149063,0.01,False,,,15,no valid outer-layer seed pairs
8613.0,10.06514564206576,0.01,False,,,15,no valid outer-layer seed pairs
8614.0,24.061610758366577,0.01,False,,,15,no exact8 plane survived
8615.0,36.26282265216102,0.01,False,,,14,no exact8 plane survived
8617.0,28.43422195666357,0.01,False,,,15,no exact8 plane survived
8618.0,22.2032577672664,0.01,False,,,15,no exact8 plane survived
8619.0,11.856661703228042,0.01,False,,,15,no valid outer-layer seed pairs
8622.0,29.632280229985533,0.01,False,,,14,no exact8 plane survived
8624.0,42.446714433186,0.01,False,,,15,no exact8 plane survived
8625.0,13.146283884917038,0.01,False,,,15,no valid outer-layer seed pairs
8626.0,9.898220007127598,0.01,False,,,15,no valid outer-layer seed pairs
8627.0,90.19574793503148,0.01,False,,,14,no exact8 plane survived
8628.0,27.222761434353604,0.01,False,,,15,no exact8 plane survived
8632.0,4.665354428638279,0.01,False,,,15,no valid outer-layer seed pairs
8637.0,29.54603199972753,0.01,False,,,15,no exact8 plane survived
8639.0,13.276070727583823,0.01,False,,,15,no valid outer-layer seed pairs
8640.0,66.70465729087665,0.01,False,,,14,no exact8 plane survived
8641.0,13.054905145334589,0.01,False,,,15,no valid outer-layer seed pairs
8642.0,13.673353584675525,0.01,False,,,15,no valid outer-layer seed pairs
8643.0,51.76861117075988,0.01,False,,,14,no exact8 plane survived
8644.0,11.337350560854407,0.01,False,,,15,no valid outer-layer seed pairs
8645.0,13.394518805074968,0.01,False,,,15,no valid outer-layer seed pairs
8646.0,46.88323767786718,0.01,False,,,14,no exact8 plane survived
8647.0,15.643976399649551,0.01,False,,,15,no valid outer-layer seed pairs
8648.0,24.384737752329368,0.01,False,,,15,no exact8 plane survived
8649.0,28.94994225934029,0.01,False,,,15,no exact8 plane survived
8650.0,16.267415765948414,0.01,False,,,15,no valid outer-layer seed pairs
8651.0,27.00464795823673,0.01,False,,,15,no exact8 plane survived
8652.0,29.07509952511398,0.01,False,,,15,no exact8 plane survived
8653.0,6.788438551516479,0.01,False,,,15,no valid outer-layer seed pairs
8654.0,16.989917728013708,0.01,False,,,15,no valid outer-layer seed pairs
8655.0,26.773263901800643,0.01,False,,,15,no exact8 plane survived
8657.0,114.94905161423908,0.01,False,,,14,no exact8 plane survived
8658.0,13.69722019920946,0.01,False,,,15,no valid outer-layer seed pairs
8660.0,19.435132059323724,0.01,False,,,15,no exact8 plane survived
8661.0,61.9552153754743,0.01,False,,,14,no exact8 plane survived
8662.0,9.820047713834814,0.01,False,,,15,no valid outer-layer seed pairs
8663.0,25.859472156866737,0.01,False,,,15,no exact8 plane survived
8664.0,10.23366336929686,0.01,False,,,15,no valid outer-layer seed pairs
8666.0,13.146680087927573,0.01,False,,,15,no valid outer-layer seed pairs
8667.0,29.82693103940114,0.01,False,,,15,no exact8 plane survived
8669.0,38.3043101456221,0.01,False,,,15,no exact8 plane survived
8670.0,32.04954998167842,0.01,False,,,15,no exact8 plane survived
8671.0,82.80452427474735,0.01,False,,,14,no exact8 plane survived
8672.0,28.5315850894788,0.01,False,,,15,no exact8 plane survived
8673.0,10.311177385345522,0.01,False,,,15,no valid outer-layer seed pairs
8675.0,46.00995836720512,0.01,False,,,14,no exact8 plane survived
8677.0,10.994401258472967,0.01,False,,,15,no valid outer-layer seed pairs
8679.0,52.933094942747736,0.01,False,,,14,no exact8 plane survived
8680.0,56.81203738898108,0.01,False,,,14,no exact8 plane survived
8681.0,107.2100164679949,0.01,False,,,14,no exact8 plane survived
8682.0,47.9391060289929,0.01,False,,,14,no exact8 plane survived
8683.0,19.02857345347371,0.01,False,,,15,no exact8 plane survived
8684.0,19.44293142031024,0.01,False,,,15,no exact8 plane survived
8687.0,13.740890851166911,0.01,False,,,15,no valid outer-layer seed pairs
8688.0,15.777373886988192,0.01,False,,,15,no valid outer-layer seed pairs
8689.0,25.275804822025474,0.01,False,,,15,no exact8 plane survived
8690.0,36.678974800792254,0.01,False,,,15,no exact8 plane survived
8691.0,9.723446425420052,0.01,False,,,15,no valid outer-layer seed pairs
8694.0,22.53557905434612,0.01,False,,,15,no exact8 plane survived
8696.0,16.66837604500575,0.01,False,,,15,no valid outer-layer seed pairs
8697.0,15.807123302786268,0.01,False,,,15,no valid outer-layer seed pairs
8698.0,38.57544047595225,0.01,False,,,15,no exact8 plane survived
8699.0,19.14128416929956,0.01,False,,,15,no exact8 plane survived
8700.0,13.9901630097897,0.01,False,,,15,no valid outer-layer seed pairs
8701.0,23.901709533974056,0.01,False,,,15,no exact8 plane survived
8703.0,13.108010388751454,0.01,False,,,15,no valid outer-layer seed pairs
8704.0,51.089068258362914,0.01,False,,,14,no exact8 plane survived
8705.0,11.706599127254504,0.01,False,,,15,no valid outer-layer seed pairs
8706.0,16.15102347283863,0.01,False,,,15,no valid outer-layer seed pairs
8707.0,15.268092168675253,0.01,False,,,15,no valid outer-layer seed pairs
8708.0,9.946563882487306,0.01,False,,,15,no valid outer-layer seed pairs
8710.0,28.98932968758999,0.01,False,,,14,no exact8 plane survived
8712.0,31.535992294959847,0.01,False,,,14,no exact8 plane survived
8714.0,36.68834825707287,0.01,False,,,14,no exact8 plane survived
8716.0,58.59041597901064,0.01,False,,,14,no exact8 plane survived
8718.0,58.735062901907504,0.01,False,,,14,no exact8 plane survived
8719.0,14.42395279403167,0.01,False,,,15,no valid outer-layer seed pairs
8720.0,61.09303451855336,0.01,False,,,14,no exact8 plane survived
8721.0,19.037081017231927,0.01,False,,,15,no exact8 plane survived
8723.0,17.121933782336978,0.01,False,,,15,no valid outer-layer seed pairs
8724.0,5.960499084420183,0.01,False,,,15,no valid outer-layer seed pairs
8725.0,41.865903985875626,0.01,False,,,14,no exact8 plane survived
8727.0,10.728402408291998,0.01,False,,,15,no valid outer-layer seed pairs
8728.0,120.91491371838596,0.01,False,,,14,no exact8 plane survived
8729.0,66.436364389186,0.01,False,,,14,no exact8 plane survived
8736.0,10.621090059351763,0.01,False,,,15,no valid outer-layer seed pairs
8738.0,28.767708244676022,0.01,False,,,15,no exact8 plane survived
8739.0,23.006961116747306,0.01,False,,,15,no exact8 plane survived
8741.0,13.086455312473536,0.01,False,,,15,no valid outer-layer seed pairs
8743.0,8.229844164815123,0.01,False,,,15,no valid outer-layer seed pairs
8744.0,35.9321699376772,0.01,False,,,14,no exact8 plane survived
8745.0,41.97622167173558,0.01,False,,,14,no exact8 plane survived
8746.0,23.64503578277388,0.01,False,,,15,no exact8 plane survived
8747.0,20.07115262095496,0.01,False,,,15,no exact8 plane survived
8750.0,19.43981711822191,0.01,False,,,15,no exact8 plane survived
8751.0,11.057713620385035,0.01,False,,,15,no valid outer-layer seed pairs
8752.0,29.02511962061747,0.01,False,,,15,no exact8 plane survived
8753.0,11.037479996194543,0.01,False,,,15,no valid outer-layer seed pairs
8754.0,20.68826054696191,0.01,False,,,15,no exact8 plane survived
8755.0,214.67112041792444,0.01,False,,,14,no exact8 plane survived
8756.0,78.83833453652035,0.01,False,,,14,no exact8 plane survived
8757.0,33.02342244486529,0.01,False,,,15,no exact8 plane survived
8758.0,56.51347280805979,0.01,False,,,14,no exact8 plane survived
8759.0,58.27722177907371,0.01,False,,,14,no exact8 plane survived
8760.0,11.576199956047969,0.01,False,,,15,no valid outer-layer seed pairs
8761.0,68.81157144673571,0.01,False,,,14,no exact8 plane survived
8762.0,15.135597364861251,0.01,False,,,15,no valid outer-layer seed pairs
8765.0,274.3531636706893,0.01,False,,,13,no exact8 plane survived
8766.0,25.68462815066099,0.01,False,,,15,no exact8 plane survived
8769.0,40.24139072333569,0.01,False,,,14,no exact8 plane survived
8772.0,13.661184059298064,0.01,False,,,15,no valid outer-layer seed pairs
8774.0,15.3745067556125,0.01,False,,,15,no valid outer-layer seed pairs
8775.0,11.100607128387114,0.01,False,,,15,no valid outer-layer seed pairs
8776.0,15.05430866589971,0.01,False,,,15,no valid outer-layer seed pairs
8780.0,31.20928444051814,0.01,False,,,15,no exact8 plane survived
8781.0,11.739229575363511,0.01,False,,,15,no valid outer-layer seed pairs
8782.0,10.664710759548305,0.01,False,,,15,no valid outer-layer seed pairs
8783.0,14.363249384026217,0.01,False,,,15,no valid outer-layer seed pairs
8784.0,25.37856068338799,0.01,False,,,15,no exact8 plane survived
8785.0,11.379147052274366,0.01,False,,,15,no valid outer-layer seed pairs
8786.0,6.244695333552108,0.01,False,,,15,no valid outer-layer seed pairs
8787.0,10.837980574029055,0.01,False,,,15,no valid outer-layer seed pairs
8789.0,12.168258331475876,0.01,False,,,15,no valid outer-layer seed pairs
8790.0,19.32415916524632,0.01,False,,,15,no exact8 plane survived
8792.0,31.143159773160544,0.01,False,,,14,no exact8 plane survived
8793.0,70.76418456194138,0.01,False,,,14,no exact8 plane survived
8794.0,27.91634697860089,0.01,False,,,14,no exact8 plane survived
8795.0,33.67303250869016,0.01,False,,,15,no exact8 plane survived
8796.0,45.504206388092456,0.01,False,,,14,no exact8 plane survived
8797.0,22.004597384039204,0.01,False,,,15,no exact8 plane survived
8799.0,24.66922475808917,0.01,False,,,15,no exact8 plane survived
8800.0,24.915284317376123,0.01,False,,,15,no exact8 plane survived
8801.0,29.95640460740912,0.01,False,,,15,no exact8 plane survived
8802.0,23.873348115275583,0.01,False,,,15,no exact8 plane survived
8803.0,46.11362683762835,0.01,False,,,14,no exact8 plane survived
8804.0,27.68112032379452,0.01,False,,,15,no exact8 plane survived
8805.0,24.454678274583344,0.01,False,,,15,no exact8 plane survived
8806.0,16.945037649476003,0.01,False,,,15,no valid outer-layer seed pairs
8807.0,14.18194506089583,0.01,False,,,15,no valid outer-layer seed pairs
8808.0,28.20667997639908,0.01,False,,,15,no exact8 plane survived
8809.0,8.348387124134781,0.01,False,,,15,no valid outer-layer seed pairs
8810.0,16.448817050640184,0.01,False,,,15,no valid outer-layer seed pairs
8812.0,124.19747874996985,0.01,False,,,14,no exact8 plane survived
8814.0,12.794679572077138,0.01,False,,,15,no valid outer-layer seed pairs
8815.0,25.485674366685227,0.01,False,,,15,no exact8 plane survived
8818.0,37.98733516660461,0.01,False,,,14,no exact8 plane survived
8819.0,12.620193694138694,0.01,False,,,15,no valid outer-layer seed pairs
8820.0,32.65821055610781,0.01,False,,,15,no exact8 plane survived
8821.0,49.96445359757574,0.01,False,,,14,no exact8 plane survived
8822.0,61.633019864907816,0.01,False,,,14,no exact8 plane survived
8823.0,20.85572183967726,0.01,False,,,15,no exact8 plane survived
8824.0,47.448609281064606,0.01,False,,,14,no exact8 plane survived
8826.0,24.3440584512815,0.01,False,,,15,no exact8 plane survived
8828.0,21.41259862703784,0.01,False,,,15,no exact8 plane survived
8829.0,16.1538962113591,0.01,False,,,15,no valid outer-layer seed pairs
8833.0,21.86472543951379,0.01,False,,,15,no exact8 plane survived
8835.0,10.229319538036098,0.01,False,,,15,no valid outer-layer seed pairs
8836.0,9.273714615085762,0.01,False,,,15,no valid outer-layer seed pairs
8837.0,44.459375497180034,0.01,False,,,14,no exact8 plane survived
8838.0,13.64669457087899,0.01,False,,,15,no valid outer-layer seed pairs
8839.0,17.729858193683874,0.01,False,,,15,no valid outer-layer seed pairs
8840.0,26.930821696921743,0.01,False,,,15,no exact8 plane survived
8841.0,57.86638064348016,0.01,False,,,14,no exact8 plane survived
8842.0,12.647651423444051,0.01,False,,,15,no valid outer-layer seed pairs
8844.0,27.294481863331445,0.01,False,,,14,no exact8 plane survived
8845.0,116.36046398609204,0.01,False,,,14,no exact8 plane survived
8846.0,20.90882150307841,0.01,False,,,15,no exact8 plane survived
8847.0,11.498039612733242,0.01,False,,,15,no valid outer-layer seed pairs
8848.0,13.041336611067852,0.01,False,,,15,no valid outer-layer seed pairs
8849.0,24.208998665987583,0.01,False,,,15,no exact8 plane survived
8851.0,17.072172420183616,0.01,False,,,15,no valid outer-layer seed pairs
8852.0,209.64043195398423,0.01,False,,,14,no exact8 plane survived
8854.0,22.048479191197032,0.01,False,,,15,no exact8 plane survived
8855.0,12.54462384490544,0.01,False,,,15,no valid outer-layer seed pairs
8856.0,18.96431123559245,0.01,False,,,15,no exact8 plane survived
8858.0,8.167411903849613,0.01,False,,,15,no valid outer-layer seed pairs
8859.0,13.931968698828522,0.01,False,,,15,no valid outer-layer seed pairs
8862.0,30.23160877886728,0.01,False,,,15,no exact8 plane survived
8863.0,11.461591081621169,0.01,False,,,15,no valid outer-layer seed pairs
8864.0,63.71130143330892,0.01,False,,,14,no exact8 plane survived
8865.0,103.350177305284,0.01,False,,,14,no exact8 plane survived
8866.0,26.161723776650195,0.01,False,,,15,no exact8 plane survived
8867.0,21.141492019249725,0.01,False,,,15,no exact8 plane survived
8868.0,28.19377969810548,0.01,False,,,15,no exact8 plane survived
8869.0,89.24755539321788,0.01,False,,,14,no exact8 plane survived
8871.0,33.82085635315829,0.01,False,,,15,no exact8 plane survived
8872.0,7.974427096709714,0.01,False,,,15,no valid outer-layer seed pairs
8873.0,15.426109620131175,0.01,False,,,15,no valid outer-layer seed pairs
8874.0,13.666843617756092,0.01,False,,,15,no valid outer-layer seed pairs
8875.0,17.389232900593896,0.01,False,,,15,no valid outer-layer seed pairs
8878.0,74.35178314148285,0.01,False,,,14,no exact8 plane survived
8879.0,35.58442004418323,0.01,False,,,15,no exact8 plane survived
8881.0,36.58874207120879,0.01,False,,,14,no exact8 plane survived
8882.0,20.43192830793504,0.01,False,,,15,no exact8 plane survived
8884.0,26.26919263755056,0.01,False,,,15,no exact8 plane survived
8886.0,33.99938128608626,0.01,False,,,14,no exact8 plane survived
8887.0,25.348349863716148,0.01,False,,,15,no exact8 plane survived
8888.0,18.02740820892024,0.01,False,,,15,no valid outer-layer seed pairs
8889.0,27.131528872152227,0.01,False,,,15,no exact8 plane survived
8890.0,47.70614370140635,0.01,False,,,15,no exact8 plane survived
8891.0,20.026398723812164,0.01,False,,,15,no exact8 plane survived
8892.0,37.92082276463776,0.01,False,,,15,no exact8 plane survived
8894.0,55.07858674823213,0.01,False,,,14,no exact8 plane survived
8897.0,80.7281099328008,0.01,False,,,14,no exact8 plane survived
8898.0,18.747526383828063,0.01,False,,,15,no exact8 plane survived
8899.0,36.48838192192368,0.01,False,,,14,no exact8 plane survived
8900.0,42.20092415952283,0.01,False,,,15,no exact8 plane survived
8901.0,63.64481117333379,0.01,False,,,14,no exact8 plane survived
8905.0,15.635447574733243,0.01,False,,,15,no valid outer-layer seed pairs
8906.0,15.787472398084024,0.01,False,,,15,no valid outer-layer seed pairs
8907.0,10.990571982655856,0.01,False,,,15,no valid outer-layer seed pairs
8908.0,10.692031051482,0.01,False,,,15,no valid outer-layer seed pairs
8909.0,9.274926011201774,0.01,False,,,15,no valid outer-layer seed pairs
8910.0,66.5914094647455,0.01,False,,,14,no exact8 plane survived
8911.0,17.067206803861666,0.01,False,,,15,no valid outer-layer seed pairs
8912.0,12.400454117444436,0.01,False,,,15,no valid outer-layer seed pairs
8913.0,22.749019148127807,0.01,False,,,15,no exact8 plane survived
8916.0,11.0258623909825,0.01,False,,,15,no valid outer-layer seed pairs
8917.0,59.2710153200072,0.01,False,,,14,no exact8 plane survived
8920.0,142.85272925849742,0.01,False,,,14,no exact8 plane survived
8922.0,9.728660038075285,0.01,False,,,15,no valid outer-layer seed pairs
8923.0,14.978921696548875,0.01,False,,,15,no valid outer-layer seed pairs
8924.0,11.083413263094071,0.01,False,,,15,no valid outer-layer seed pairs
8925.0,13.098983223158692,0.01,False,,,15,no valid outer-layer seed pairs
8926.0,12.21297011738895,0.01,False,,,15,no valid outer-layer seed pairs
8927.0,82.14829099089593,0.01,False,,,14,no exact8 plane survived
8928.0,28.309943052316648,0.01,False,,,15,no exact8 plane survived
8929.0,33.121256051348034,0.01,False,,,14,no exact8 plane survived
8932.0,11.402258266006484,0.01,False,,,15,no valid outer-layer seed pairs
8933.0,38.71482324621986,0.01,False,,,14,no exact8 plane survived
8934.0,81.33045655688205,0.01,False,,,14,no exact8 plane survived
8935.0,60.598081183581925,0.01,False,,,14,no exact8 plane survived
8936.0,29.856396666356417,0.01,False,,,15,no exact8 plane survived
8937.0,12.10908162875209,0.01,False,,,15,no valid outer-layer seed pairs
8938.0,146.04939677151307,0.01,False,,,14,no exact8 plane survived
8940.0,25.17222977047001,0.01,False,,,15,no exact8 plane survived
8941.0,47.5400170247067,0.01,False,,,14,no exact8 plane survived
8942.0,51.60464896074107,0.01,False,,,14,no exact8 plane survived
8946.0,41.2302470680935,0.01,False,,,14,no exact8 plane survived
8947.0,30.846886619802977,0.01,False,,,15,no exact8 plane survived
8948.0,23.055158422901386,0.01,False,,,15,no exact8 plane survived
8949.0,33.494505941854264,0.01,False,,,15,no exact8 plane survived
8952.0,34.78276799460555,0.01,False,,,14,no exact8 plane survived
8954.0,2.3364934259897936,0.01,False,,,16,no valid outer-layer seed pairs
8955.0,17.555489105721186,0.01,False,,,15,no valid outer-layer seed pairs
8958.0,29.146186455715533,0.01,False,,,15,no exact8 plane survived
8960.0,9.629406394131314,0.01,False,,,15,no valid outer-layer seed pairs
8962.0,19.59133456410464,0.01,False,,,15,no exact8 plane survived
8964.0,16.190018671206975,0.01,False,,,15,no valid outer-layer seed pairs
8965.0,39.03486424679555,0.01,False,,,14,no exact8 plane survived
8967.0,374.0196321404792,0.01,False,,,13,no exact8 plane survived
8968.0,48.40723218610011,0.01,False,,,14,no exact8 plane survived
8969.0,59.21080029750938,0.01,False,,,14,no exact8 plane survived
8970.0,20.637829391360984,0.01,False,,,15,no exact8 plane survived
8972.0,33.768104647572166,0.01,False,,,14,no exact8 plane survived
8974.0,28.506572456515908,0.01,False,,,15,no exact8 plane survived
8975.0,21.423923173353497,0.01,False,,,15,no exact8 plane survived
8976.0,17.199566456856065,0.01,False,,,15,no valid outer-layer seed pairs
8977.0,15.170887880984855,0.01,False,,,15,no valid outer-layer seed pairs
8978.0,30.64812198529356,0.01,False,,,15,no exact8 plane survived
8980.0,77.5783343176058,0.01,False,,,14,no exact8 plane survived
8981.0,61.70119282884711,0.01,False,,,14,no exact8 plane survived
8982.0,26.28088477607647,0.01,False,,,15,no exact8 plane survived
8983.0,17.125839687528618,0.01,False,,,15,no valid outer-layer seed pairs
8984.0,13.68966690039455,0.01,False,,,15,no valid outer-layer seed pairs
8987.0,17.917586929066527,0.01,False,,,15,no valid outer-layer seed pairs
8988.0,32.96900800645235,0.01,False,,,15,no exact8 plane survived
8989.0,30.369929061532044,0.01,False,,,15,no exact8 plane survived
8990.0,11.178346088878587,0.01,False,,,15,no valid outer-layer seed pairs
8991.0,16.35395493638924,0.01,False,,,15,no valid outer-layer seed pairs
8992.0,20.58945334461038,0.01,False,,,15,no exact8 plane survived
8993.0,12.111965020925544,0.01,False,,,15,no valid outer-layer seed pairs
8997.0,15.257142352241187,0.01,False,,,15,no valid outer-layer seed pairs
8999.0,20.593159969714623,0.01,False,,,15,no exact8 plane survived
9000.0,34.307260190991215,0.01,False,,,15,no exact8 plane survived
9001.0,4.95037592004438,0.01,False,,,15,no valid outer-layer seed pairs
9002.0,30.79365332711472,0.01,False,,,15,no exact8 plane survived
9004.0,36.570341256234826,0.01,False,,,14,no exact8 plane survived
9005.0,19.85676117881681,0.01,False,,,15,no exact8 plane survived
9006.0,10.166499389113962,0.01,False,,,15,no valid outer-layer seed pairs
9007.0,9.97117232261148,0.01,False,,,15,no valid outer-layer seed pairs
9008.0,16.375567158667767,0.01,False,,,15,no valid outer-layer seed pairs
9009.0,25.34339553504688,0.01,False,,,15,no exact8 plane survived
9012.0,53.17055805719429,0.01,False,,,14,no exact8 plane survived
9013.0,28.043814185961363,0.01,False,,,15,no exact8 plane survived
9015.0,6.129459976987976,0.01,False,,,15,no valid outer-layer seed pairs
9016.0,16.572447909220536,0.01,False,,,15,no valid outer-layer seed pairs
9017.0,58.7077258385856,0.01,False,,,14,no exact8 plane survived
9019.0,10.776278520845963,0.01,False,,,15,no valid outer-layer seed pairs
9022.0,9.034716738778476,0.01,False,,,15,no valid outer-layer seed pairs
9023.0,44.74495652728489,0.01,False,,,14,no exact8 plane survived
9024.0,10.50347300101456,0.01,False,,,15,no valid outer-layer seed pairs
9026.0,23.252639039630505,0.01,False,,,15,no exact8 plane survived
9027.0,24.48067530480065,0.01,False,,,15,no exact8 plane survived
9028.0,47.713506755748725,0.01,False,,,14,no exact8 plane survived
9029.0,24.03889938651476,0.01,False,,,15,no exact8 plane survived
9030.0,15.127626658557125,0.01,False,,,15,no valid outer-layer seed pairs
9031.0,13.447544368780656,0.01,False,,,15,no valid outer-layer seed pairs
9032.0,13.523144605026788,0.01,False,,,15,no valid outer-layer seed pairs
9033.0,41.66173336143149,0.01,False,,,14,no exact8 plane survived
9035.0,23.13080137306317,0.01,False,,,15,no exact8 plane survived
9037.0,11.661568205367914,0.01,False,,,15,no valid outer-layer seed pairs
9038.0,138.4694457449391,0.01,False,,,14,no exact8 plane survived
9039.0,98.09509760070064,0.01,False,,,14,no exact8 plane survived
9040.0,48.524536987106885,0.01,False,,,14,no exact8 plane survived
9041.0,8.858804099959075,0.01,False,,,15,no valid outer-layer seed pairs
9042.0,10.455140113195164,0.01,False,,,15,no valid outer-layer seed pairs
9044.0,48.12390945846582,0.01,False,,,14,no exact8 plane survived
9045.0,76.25804678034268,0.01,False,,,14,no exact8 plane survived
9046.0,12.270446566681532,0.01,False,,,15,no valid outer-layer seed pairs
9047.0,12.390567644690943,0.01,False,,,15,no valid outer-layer seed pairs
9048.0,14.838298375781802,0.01,False,,,15,no valid outer-layer seed pairs
9049.0,57.22241701115418,0.01,False,,,14,no exact8 plane survived
9050.0,18.925458167134423,0.01,False,,,15,no exact8 plane survived
9051.0,50.182667781830666,0.01,False,,,14,no exact8 plane survived
9052.0,16.887382792560803,0.01,False,,,15,no valid outer-layer seed pairs
9053.0,40.082446462761375,0.01,False,,,14,no exact8 plane survived
9054.0,15.877544712506404,0.01,False,,,15,no valid outer-layer seed pairs
9055.0,19.49251439853892,0.01,False,,,15,no exact8 plane survived
9057.0,73.96728353258086,0.01,False,,,14,no exact8 plane survived
9058.0,34.395498530993,0.01,False,,,15,no exact8 plane survived
9060.0,19.462834296723727,0.01,False,,,15,no exact8 plane survived
9062.0,40.10422188791275,0.01,False,,,15,no exact8 plane survived
9063.0,32.7654227311218,0.01,False,,,15,no exact8 plane survived
9064.0,34.083573551253366,0.01,False,,,14,no exact8 plane survived
9066.0,34.8773187742505,0.01,False,,,14,no exact8 plane survived
9067.0,74.47787721141641,0.01,False,,,14,no exact8 plane survived
9069.0,42.59517203580083,0.01,False,,,15,no exact8 plane survived
9070.0,33.82674309672812,0.01,False,,,15,no exact8 plane survived
9071.0,10.591991436784175,0.01,False,,,15,no valid outer-layer seed pairs
9072.0,18.17319257928498,0.01,False,,,15,no valid outer-layer seed pairs
9073.0,16.403350363097637,0.01,False,,,15,no valid outer-layer seed pairs
9074.0,31.808188678858933,0.01,False,,,15,no exact8 plane survived
9076.0,21.62023894867498,0.01,False,,,15,no exact8 plane survived
9082.0,19.11837712876991,0.01,False,,,15,no exact8 plane survived
9083.0,47.723854049486256,0.01,False,,,14,no exact8 plane survived
9084.0,13.401767522204004,0.01,False,,,15,no valid outer-layer seed pairs
9085.0,39.97780252768637,0.01,False,,,14,no exact8 plane survived
9087.0,13.341929729668824,0.01,False,,,15,no valid outer-layer seed pairs
9088.0,33.687567390380586,0.01,False,,,15,no exact8 plane survived
9089.0,141.2600504143478,0.01,False,,,14,no exact8 plane survived
9090.0,29.361997016762302,0.01,False,,,15,no exact8 plane survived
9091.0,73.0475087933173,0.01,False,,,14,no exact8 plane survived
9092.0,17.882662502410906,0.01,False,,,15,no valid outer-layer seed pairs
9094.0,11.917002390483916,0.01,False,,,15,no valid outer-layer seed pairs
9095.0,24.128157478801867,0.01,False,,,15,no exact8 plane survived
9096.0,23.899604093699267,0.01,False,,,15,no exact8 plane survived
9097.0,28.010410698612034,0.01,False,,,15,no exact8 plane survived
9098.0,18.24435206809749,0.01,False,,,15,no valid outer-layer seed pairs
9100.0,27.835132041174617,0.01,False,,,15,no exact8 plane survived
9102.0,14.423478538496925,0.01,False,,,15,no valid outer-layer seed pairs
9104.0,13.010781095077146,0.01,False,,,15,no valid outer-layer seed pairs
9105.0,14.048482851642197,0.01,False,,,15,no valid outer-layer seed pairs
9106.0,15.046970663507322,0.01,False,,,15,no valid outer-layer seed pairs
9107.0,17.338766822294357,0.01,False,,,15,no valid outer-layer seed pairs
9108.0,17.06792633914478,0.01,False,,,15,no valid outer-layer seed pairs
9109.0,15.082886320216172,0.01,False,,,15,no valid outer-layer seed pairs
9112.0,34.45659649656017,0.01,False,,,14,no exact8 plane survived
9113.0,20.800564749306563,0.01,False,,,15,no exact8 plane survived
9114.0,14.776473962442042,0.01,False,,,15,no valid outer-layer seed pairs
9116.0,32.868235516610014,0.01,False,,,14,no exact8 plane survived
9118.0,58.46469623422891,0.01,False,,,14,no exact8 plane survived
9119.0,51.91882578574694,0.01,False,,,14,no exact8 plane survived
9122.0,12.338120998731506,0.01,False,,,15,no valid outer-layer seed pairs
9123.0,11.95874218508366,0.01,False,,,15,no valid outer-layer seed pairs
9124.0,52.09613768325817,0.01,False,,,14,no exact8 plane survived
9125.0,13.78127948589326,0.01,False,,,15,no valid outer-layer seed pairs
9126.0,13.194685877896507,0.01,False,,,15,no valid outer-layer seed pairs
9127.0,12.655868562315838,0.01,False,,,15,no valid outer-layer seed pairs
9128.0,18.80612471838695,0.01,False,,,15,no exact8 plane survived
9129.0,77.36638968131582,0.01,False,,,14,no exact8 plane survived
9130.0,48.55294448663796,0.01,False,,,14,no exact8 plane survived
9131.0,25.897413516583025,0.01,False,,,15,no exact8 plane survived
9133.0,17.915933660446946,0.01,False,,,15,no valid outer-layer seed pairs
9134.0,16.6717111988541,0.01,False,,,15,no valid outer-layer seed pairs
9135.0,13.839037687116472,0.01,False,,,15,no valid outer-layer seed pairs
9137.0,86.50921100545436,0.01,False,,,14,no exact8 plane survived
9138.0,25.067553366827923,0.01,False,,,15,no exact8 plane survived
9141.0,12.770031317166808,0.01,False,,,15,no valid outer-layer seed pairs
9144.0,11.670402535059605,0.01,False,,,15,no valid outer-layer seed pairs
9145.0,6.024595857981121,0.01,False,,,15,no valid outer-layer seed pairs
9146.0,41.2498045007415,0.01,False,,,14,no exact8 plane survived
9147.0,17.191438119558164,0.01,False,,,15,no valid outer-layer seed pairs
9148.0,38.09366723273547,0.01,False,,,15,no exact8 plane survived
9149.0,25.80188347555932,0.01,False,,,15,no exact8 plane survived
9150.0,41.91674946307687,0.01,False,,,14,no exact8 plane survived
9151.0,14.26173980563848,0.01,False,,,15,no valid outer-layer seed pairs
9152.0,19.73652631598424,0.01,False,,,15,no exact8 plane survived
9153.0,12.479081261247764,0.01,False,,,15,no valid outer-layer seed pairs
9155.0,86.86805818380239,0.01,False,,,14,no exact8 plane survived
9156.0,13.354006427393164,0.01,False,,,15,no valid outer-layer seed pairs
9158.0,183.1259813983717,0.01,False,,,14,no exact8 plane survived
9160.0,12.10328249961872,0.01,False,,,15,no valid outer-layer seed pairs
9161.0,118.9829358055266,0.01,False,,,14,no exact8 plane survived
9162.0,23.628662340403302,0.01,False,,,15,no exact8 plane survived
9166.0,10.697393221087546,0.01,False,,,15,no valid outer-layer seed pairs
9168.0,10.038180673036118,0.01,False,,,15,no valid outer-layer seed pairs
9171.0,6.977053965636485,0.01,False,,,15,no valid outer-layer seed pairs
9176.0,29.089737587540448,0.01,False,,,15,no exact8 plane survived
9177.0,15.423916133790526,0.01,False,,,15,no valid outer-layer seed pairs
9179.0,17.801935238349724,0.01,False,,,15,no valid outer-layer seed pairs
9180.0,12.770646596611424,0.01,False,,,15,no valid outer-layer seed pairs
9182.0,17.294297845487836,0.01,False,,,15,no valid outer-layer seed pairs
9183.0,15.509810064436252,0.01,False,,,15,no valid outer-layer seed pairs
9184.0,56.0368687774565,0.01,False,,,14,no exact8 plane survived
9185.0,25.417630089563183,0.01,False,,,15,no exact8 plane survived
9186.0,80.67174679182126,0.01,False,,,14,no exact8 plane survived
9188.0,13.115508427375726,0.01,False,,,15,no valid outer-layer seed pairs
9189.0,25.9606637831361,0.01,False,,,15,no exact8 plane survived
9191.0,27.64758968002616,0.01,False,,,15,no exact8 plane survived
9193.0,11.360227705561782,0.01,False,,,15,no valid outer-layer seed pairs
9194.0,21.91462649582363,0.01,False,,,15,no exact8 plane survived
9195.0,16.949588946685374,0.01,False,,,15,no valid outer-layer seed pairs
9197.0,26.208479426602423,0.01,False,,,15,no exact8 plane survived
9198.0,32.436682788826104,0.01,False,,,15,no exact8 plane survived
9199.0,67.58629058737344,0.01,False,,,14,no exact8 plane survived
9200.0,20.15252859271303,0.01,False,,,15,no exact8 plane survived
9201.0,18.345091114583923,0.01,False,,,15,no valid outer-layer seed pairs
9202.0,14.02498835126032,0.01,False,,,15,no valid outer-layer seed pairs
9203.0,16.97296092607918,0.01,False,,,15,no valid outer-layer seed pairs
9204.0,65.26563629593906,0.01,False,,,14,no exact8 plane survived
9205.0,14.48488559261266,0.01,False,,,15,no valid outer-layer seed pairs
9206.0,34.438302380088395,0.01,False,,,14,no exact8 plane survived
9207.0,14.547933258786315,0.01,False,,,15,no valid outer-layer seed pairs
9208.0,24.68816238309812,0.01,False,,,15,no exact8 plane survived
9209.0,108.65667577518592,0.01,False,,,14,no exact8 plane survived
9210.0,21.51203630168508,0.01,False,,,15,no exact8 plane survived
9214.0,16.9420919057612,0.01,False,,,15,no valid outer-layer seed pairs
9215.0,12.840634547115975,0.01,False,,,15,no valid outer-layer seed pairs
9216.0,11.683445545672392,0.01,False,,,15,no valid outer-layer seed pairs
9218.0,36.63929146200665,0.01,False,,,15,no exact8 plane survived
9219.0,36.11397617404288,0.01,False,,,15,no exact8 plane survived
9220.0,107.31454084910496,0.01,False,,,14,no exact8 plane survived
9221.0,43.0414897101925,0.01,False,,,14,no exact8 plane survived
9222.0,17.470043677460023,0.01,False,,,15,no valid outer-layer seed pairs
9223.0,11.86302225307172,0.01,False,,,15,no valid outer-layer seed pairs
9224.0,27.147685606769763,0.01,False,,,15,no exact8 plane survived
9228.0,9.077456733802148,0.01,False,,,15,no valid outer-layer seed pairs
9229.0,25.6102547344342,0.01,False,,,15,no exact8 plane survived
9230.0,15.149675406428711,0.01,False,,,15,no valid outer-layer seed pairs
9231.0,60.385231335375565,0.01,False,,,14,no exact8 plane survived
9232.0,13.062500495196405,0.01,False,,,15,no valid outer-layer seed pairs
9233.0,30.60683585918672,0.01,False,,,15,no exact8 plane survived
9234.0,25.33099275962876,0.01,False,,,15,no exact8 plane survived
9235.0,10.183778197666037,0.01,False,,,15,no valid outer-layer seed pairs
9236.0,24.93382396988435,0.01,False,,,15,no exact8 plane survived
9237.0,56.22828162153586,0.01,False,,,14,no exact8 plane survived
9238.0,36.11538128814776,0.01,False,,,15,no exact8 plane survived
9240.0,13.182126416829227,0.01,False,,,15,no valid outer-layer seed pairs
9241.0,11.241200250346555,0.01,False,,,15,no valid outer-layer seed pairs
9242.0,12.15383998354358,0.01,False,,,15,no valid outer-layer seed pairs
9243.0,50.5884953782282,0.01,False,,,14,no exact8 plane survived
9246.0,10.655364107687152,0.01,False,,,15,no valid outer-layer seed pairs
9247.0,11.414194791003478,0.01,False,,,15,no valid outer-layer seed pairs
9248.0,38.21451422366724,0.01,False,,,14,no exact8 plane survived
9249.0,11.713746186112337,0.01,False,,,15,no valid outer-layer seed pairs
9250.0,14.759286543360709,0.01,False,,,15,no valid outer-layer seed pairs
9251.0,33.92587734389214,0.01,False,,,14,no exact8 plane survived
9252.0,11.55805731500787,0.01,False,,,15,no valid outer-layer seed pairs
9253.0,19.67187269749988,0.01,False,,,15,no exact8 plane survived
9254.0,18.56991146139485,0.01,False,,,15,no valid outer-layer seed pairs
9255.0,55.9693126042196,0.01,False,,,14,no exact8 plane survived
9256.0,13.471568165697487,0.01,False,,,15,no valid outer-layer seed pairs
9257.0,33.00089673841138,0.01,False,,,15,no exact8 plane survived
9258.0,11.767264296220954,0.01,False,,,15,no valid outer-layer seed pairs
9259.0,13.132705763563871,0.01,False,,,15,no valid outer-layer seed pairs
9260.0,16.872118966555572,0.01,False,,,15,no valid outer-layer seed pairs
9262.0,28.651026985719728,0.01,False,,,15,no exact8 plane survived
9263.0,15.93006213307,0.01,False,,,15,no valid outer-layer seed pairs
9264.0,29.971120533412325,0.01,False,,,15,no exact8 plane survived
9265.0,99.9335513474082,0.01,False,,,14,no exact8 plane survived
9266.0,32.54476369587675,0.01,False,,,15,no exact8 plane survived
9267.0,6.733408578201188,0.01,False,,,15,no valid outer-layer seed pairs
9269.0,26.702713454652383,0.01,False,,,15,no exact8 plane survived
9270.0,12.380582298753737,0.01,False,,,15,no valid outer-layer seed pairs
9271.0,25.922818122355736,0.01,False,,,15,no exact8 plane survived
9272.0,14.789952760595805,0.01,False,,,15,no valid outer-layer seed pairs
9273.0,19.02165934481241,0.01,False,,,15,no exact8 plane survived
9274.0,8.723223919095764,0.01,False,,,15,no valid outer-layer seed pairs
9275.0,106.5083861906951,0.01,False,,,14,no exact8 plane survived
9276.0,14.483194064802037,0.01,False,,,15,no valid outer-layer seed pairs
9277.0,11.644097308607565,0.01,False,,,15,no valid outer-layer seed pairs
9278.0,72.28660547321934,0.01,False,,,14,no exact8 plane survived
9279.0,12.62529327194256,0.01,False,,,15,no valid outer-layer seed pairs
9282.0,37.92413326012427,0.01,False,,,15,no exact8 plane survived
9284.0,13.242598037141455,0.01,False,,,15,no valid outer-layer seed pairs
9286.0,22.2849083691958,0.01,False,,,15,no exact8 plane survived
9288.0,69.7380563292255,0.01,False,,,14,no exact8 plane survived
9289.0,22.15816170110003,0.01,False,,,15,no exact8 plane survived
9290.0,29.27705976003013,0.01,False,,,15,no exact8 plane survived
9291.0,27.158945356961187,0.01,False,,,15,no exact8 plane survived
9292.0,13.24132830959424,0.01,False,,,15,no valid outer-layer seed pairs
9293.0,13.381210474844636,0.01,False,,,15,no valid outer-layer seed pairs
9294.0,17.125852568412878,0.01,False,,,15,no valid outer-layer seed pairs
9295.0,36.81390281631122,0.01,False,,,14,no exact8 plane survived
9296.0,24.31889040459956,0.01,False,,,15,no exact8 plane survived
9297.0,36.79679226818001,0.01,False,,,15,no exact8 plane survived
9299.0,15.878272044162346,0.01,False,,,15,no valid outer-layer seed pairs
9300.0,19.59329095743182,0.01,False,,,15,no exact8 plane survived
9301.0,41.71596311277963,0.01,False,,,15,no exact8 plane survived
9302.0,21.984869578835617,0.01,False,,,15,no exact8 plane survived
9303.0,27.43145649477703,0.01,False,,,15,no exact8 plane survived
9304.0,27.35212185415665,0.01,False,,,15,no exact8 plane survived
9305.0,32.04459714719753,0.01,False,,,14,no exact8 plane survived
9306.0,11.59364750151592,0.01,False,,,15,no valid outer-layer seed pairs
9307.0,36.18941331078291,0.01,False,,,14,no exact8 plane survived
9309.0,19.92960289403581,0.01,False,,,15,no exact8 plane survived
9310.0,19.605273720033967,0.01,False,,,15,no exact8 plane survived
9311.0,13.8632793748683,0.01,False,,,15,no valid outer-layer seed pairs
9312.0,31.661907968810628,0.01,False,,,14,no exact8 plane survived
9313.0,160.02810330329544,0.01,False,,,14,no exact8 plane survived
9314.0,36.98600098675114,0.01,False,,,14,no exact8 plane survived
9315.0,12.7825943110573,0.01,False,,,15,no valid outer-layer seed pairs
9316.0,10.04973101357704,0.01,False,,,15,no valid outer-layer seed pairs
9317.0,12.413766491820525,0.01,False,,,15,no valid outer-layer seed pairs
9318.0,62.72237381138944,0.01,False,,,14,no exact8 plane survived
9319.0,35.795658271423385,0.01,False,,,14,no exact8 plane survived
9321.0,13.887604760765145,0.01,False,,,15,no valid outer-layer seed pairs
9322.0,19.63822202518036,0.01,False,,,15,no exact8 plane survived
9323.0,18.60885275182125,0.01,False,,,15,no valid outer-layer seed pairs
9324.0,36.26353352841095,0.01,False,,,15,no exact8 plane survived
9325.0,30.01029476175217,0.01,False,,,15,no exact8 plane survived
9327.0,157.45584516938058,0.01,False,,,14,no exact8 plane survived
9328.0,17.352792932562622,0.01,False,,,15,no valid outer-layer seed pairs
9329.0,12.438709016703772,0.01,False,,,15,no valid outer-layer seed pairs
9331.0,9.83465282908208,0.01,False,,,15,no valid outer-layer seed pairs
9333.0,30.27481558513496,0.01,False,,,14,no exact8 plane survived
9334.0,81.32294698746796,0.01,False,,,14,no exact8 plane survived
9335.0,32.60595215731535,0.01,False,,,15,no exact8 plane survived
9336.0,29.34991213546524,0.01,False,,,15,no exact8 plane survived
9338.0,66.71306859324787,0.01,False,,,14,no exact8 plane survived
9339.0,10.47942364244798,0.01,False,,,15,no valid outer-layer seed pairs
9340.0,26.00026211792049,0.01,False,,,15,no exact8 plane survived
9343.0,12.591856582611696,0.01,False,,,15,no valid outer-layer seed pairs
9344.0,11.907783491741672,0.01,False,,,15,no valid outer-layer seed pairs
9345.0,38.12620714370728,0.01,False,,,14,no exact8 plane survived
9346.0,15.42667714194406,0.01,False,,,15,no valid outer-layer seed pairs
9347.0,15.139959129646348,0.01,False,,,15,no valid outer-layer seed pairs
9348.0,36.327207449957,0.01,False,,,14,no exact8 plane survived
9350.0,31.796947426909025,0.01,False,,,15,no exact8 plane survived
9351.0,74.00881144204114,0.01,False,,,14,no exact8 plane survived
9352.0,7.379328934298541,0.01,False,,,15,no valid outer-layer seed pairs
9353.0,43.38846809700254,0.01,False,,,14,no exact8 plane survived
9354.0,29.40950015942568,0.01,False,,,15,no exact8 plane survived
9355.0,12.453842680346812,0.01,False,,,15,no valid outer-layer seed pairs
9356.0,16.484310707159203,0.01,False,,,15,no valid outer-layer seed pairs
9357.0,17.638725162057035,0.01,False,,,15,no valid outer-layer seed pairs
9358.0,22.18338838225637,0.01,False,,,15,no exact8 plane survived
9360.0,24.91368057093477,0.01,False,,,15,no exact8 plane survived
9361.0,19.76540366945589,0.01,False,,,15,no exact8 plane survived
9362.0,13.590320164780842,0.01,False,,,15,no valid outer-layer seed pairs
9363.0,15.981697545205623,0.01,False,,,15,no valid outer-layer seed pairs
9364.0,17.776993403549223,0.01,False,,,15,no valid outer-layer seed pairs
9365.0,39.49345437893307,0.01,False,,,14,no exact8 plane survived
9366.0,16.118455068981547,0.01,False,,,15,no valid outer-layer seed pairs
9367.0,15.42831698141876,0.01,False,,,15,no valid outer-layer seed pairs
9368.0,20.24956441700552,0.01,False,,,15,no exact8 plane survived
9369.0,15.469554833600178,0.01,False,,,15,no valid outer-layer seed pairs
9370.0,31.685587715897952,0.01,False,,,14,no exact8 plane survived
9371.0,158.1701318198731,0.01,False,,,14,no exact8 plane survived
9372.0,24.860336850679086,0.01,False,,,15,no exact8 plane survived
9373.0,35.06717430976499,0.01,False,,,15,no exact8 plane survived
9374.0,60.05345684754052,0.01,False,,,14,no exact8 plane survived
9376.0,117.2589440509958,0.01,False,,,14,no exact8 plane survived
9377.0,56.0488607461442,0.01,False,,,14,no exact8 plane survived
9378.0,16.351599270121888,0.01,False,,,15,no valid outer-layer seed pairs
9379.0,24.87494558608121,0.01,False,,,15,no exact8 plane survived
9380.0,6.880816715840637,0.01,False,,,15,no valid outer-layer seed pairs
9381.0,9.17227309001444,0.01,False,,,15,no valid outer-layer seed pairs
9384.0,17.631480427449734,0.01,False,,,15,no valid outer-layer seed pairs
9386.0,11.126041318720056,0.01,False,,,15,no valid outer-layer seed pairs
9388.0,14.260983636843768,0.01,False,,,15,no valid outer-layer seed pairs
9390.0,21.2668443243394,0.01,False,,,15,no exact8 plane survived
9391.0,20.488633581580025,0.01,False,,,15,no exact8 plane survived
9392.0,41.753870452675486,0.01,False,,,15,no exact8 plane survived
9393.0,38.94255997915482,0.01,False,,,15,no exact8 plane survived
9395.0,10.215918793217352,0.01,False,,,15,no valid outer-layer seed pairs
9396.0,12.482013957301314,0.01,False,,,15,no valid outer-layer seed pairs
9397.0,9.872647815700995,0.01,False,,,15,no valid outer-layer seed pairs
9400.0,24.81860943564625,0.01,False,,,15,no exact8 plane survived
9403.0,26.11017984168721,0.01,False,,,15,no exact8 plane survived
9406.0,10.64186104603908,0.01,False,,,15,no valid outer-layer seed pairs
9407.0,15.401452548738469,0.01,False,,,15,no valid outer-layer seed pairs
9408.0,19.136417774288947,0.01,False,,,15,no exact8 plane survived
9410.0,17.40039755992733,0.01,False,,,15,no valid outer-layer seed pairs
9411.0,17.950516560487003,0.01,False,,,15,no valid outer-layer seed pairs
9412.0,24.40614003129273,0.01,False,,,15,no exact8 plane survived
9413.0,0.6371799863759608,0.01,False,,,10,no valid outer-layer seed pairs
9414.0,16.548322513625635,0.01,False,,,15,no valid outer-layer seed pairs
9415.0,21.18845604588832,0.01,False,,,15,no exact8 plane survived
9416.0,18.455757132426,0.01,False,,,15,no valid outer-layer seed pairs
9417.0,26.295668045609084,0.01,False,,,15,no exact8 plane survived
9418.0,12.34632182787073,0.01,False,,,15,no valid outer-layer seed pairs
9419.0,27.191393572021084,0.01,False,,,15,no exact8 plane survived
9421.0,17.4363894604456,0.01,False,,,15,no valid outer-layer seed pairs
9422.0,14.740046722625394,0.01,False,,,15,no valid outer-layer seed pairs
9423.0,26.780711848475782,0.01,False,,,15,no exact8 plane survived
9424.0,6.321810099749063,0.01,False,,,15,no valid outer-layer seed pairs
9425.0,13.721117480345118,0.01,False,,,15,no valid outer-layer seed pairs
9428.0,40.62182434681177,0.01,False,,,15,no exact8 plane survived
9429.0,6.095584414463025,0.01,False,,,15,no valid outer-layer seed pairs
9430.0,36.92449988968408,0.01,False,,,15,no exact8 plane survived
9431.0,49.502875272205806,0.01,False,,,14,no exact8 plane survived
9434.0,6.635802931890663,0.01,False,,,15,no valid outer-layer seed pairs
9435.0,40.21320197590887,0.01,False,,,14,no exact8 plane survived
9437.0,34.57674225104952,0.01,False,,,15,no exact8 plane survived
9438.0,18.250377818514096,0.01,False,,,15,no valid outer-layer seed pairs
9439.0,29.12075768180299,0.01,False,,,15,no exact8 plane survived
9441.0,18.6947227751212,0.01,False,,,15,no exact8 plane survived
9442.0,16.968936193138575,0.01,False,,,15,no valid outer-layer seed pairs
9443.0,20.64401055366111,0.01,False,,,15,no exact8 plane survived
9446.0,14.852240214652593,0.01,False,,,15,no valid outer-layer seed pairs
9447.0,16.50372083189432,0.01,False,,,15,no valid outer-layer seed pairs
9448.0,20.529749098582347,0.01,False,,,15,no exact8 plane survived
9449.0,20.540529294278468,0.01,False,,,15,no exact8 plane survived
9450.0,20.37115078695264,0.01,False,,,15,no exact8 plane survived
9451.0,10.737114556976747,0.01,False,,,15,no valid outer-layer seed pairs
9452.0,12.033600257371347,0.01,False,,,15,no valid outer-layer seed pairs
9453.0,23.632286954002904,0.01,False,,,15,no exact8 plane survived
9454.0,35.29328631299105,0.01,False,,,15,no exact8 plane survived
9456.0,31.64064572062289,0.01,False,,,14,no exact8 plane survived
9457.0,10.807119861341253,0.01,False,,,15,no valid outer-layer seed pairs
9459.0,14.48800768768292,0.01,False,,,15,no valid outer-layer seed pairs
9460.0,41.5248969256848,0.01,False,,,14,no exact8 plane survived
9461.0,22.286971318321147,0.01,False,,,15,no exact8 plane survived
9462.0,38.19754226483721,0.01,False,,,15,no exact8 plane survived
9463.0,26.315464337930795,0.01,False,,,15,no exact8 plane survived
9464.0,14.25537400525586,0.01,False,,,15,no valid outer-layer seed pairs
9467.0,10.606508103564137,0.01,False,,,15,no valid outer-layer seed pairs
9468.0,53.067986554837134,0.01,False,,,14,no exact8 plane survived
9469.0,10.634476081707334,0.01,False,,,15,no valid outer-layer seed pairs
9472.0,27.73120726739795,0.01,False,,,15,no exact8 plane survived
9474.0,10.70865634254001,0.01,False,,,15,no valid outer-layer seed pairs
9475.0,30.722238996149915,0.01,False,,,15,no exact8 plane survived
9476.0,33.70031123894898,0.01,False,,,15,no exact8 plane survived
9477.0,14.638622313043603,0.01,False,,,15,no valid outer-layer seed pairs
9479.0,35.624043621385404,0.01,False,,,14,no exact8 plane survived
9481.0,25.850970818632497,0.01,False,,,15,no exact8 plane survived
9483.0,11.989897380649536,0.01,False,,,15,no valid outer-layer seed pairs
9484.0,20.7999185934376,0.01,False,,,15,no exact8 plane survived
9485.0,13.203140618994995,0.01,False,,,15,no valid outer-layer seed pairs
9487.0,18.70289538830185,0.01,False,,,15,no exact8 plane survived
9488.0,30.382548693953133,0.01,False,,,15,no exact8 plane survived
9489.0,16.181553540000003,0.01,False,,,15,no valid outer-layer seed pairs
9490.0,39.11399563175501,0.01,False,,,14,no exact8 plane survived
9494.0,13.249564968047268,0.01,False,,,15,no valid outer-layer seed pairs
9495.0,15.660546437491549,0.01,False,,,15,no valid outer-layer seed pairs
9497.0,55.02531034423265,0.01,False,,,14,no exact8 plane survived
9498.0,97.16560418573648,0.01,False,,,14,no exact8 plane survived
9499.0,63.30490635101916,0.01,False,,,14,no exact8 plane survived
9500.0,8.07759297548957,0.01,False,,,15,no valid outer-layer seed pairs
9501.0,88.2545279675377,0.01,False,,,14,no exact8 plane survived
9502.0,31.96201942557549,0.01,False,,,14,no exact8 plane survived
9503.0,19.11326022520889,0.01,False,,,15,no exact8 plane survived
9504.0,133.91073520641888,0.01,False,,,14,no exact8 plane survived
9505.0,55.01821433049434,0.01,False,,,14,no exact8 plane survived
9506.0,41.44438403343515,0.01,False,,,14,no exact8 plane survived
9507.0,16.13260894913541,0.01,False,,,15,no valid outer-layer seed pairs
9508.0,15.93568136103381,0.01,False,,,15,no valid outer-layer seed pairs
9509.0,10.493003176914698,0.01,False,,,15,no valid outer-layer seed pairs
9510.0,39.67757186079953,0.01,False,,,14,no exact8 plane survived
9511.0,24.67102216171435,0.01,False,,,15,no exact8 plane survived
9512.0,17.241481170935643,0.01,False,,,15,no valid outer-layer seed pairs
9513.0,30.012812000682622,0.01,False,,,15,no exact8 plane survived
9514.0,16.59269195390839,0.01,False,,,15,no valid outer-layer seed pairs
9516.0,13.709018389422438,0.01,False,,,15,no valid outer-layer seed pairs
9517.0,19.933377275037664,0.01,False,,,15,no exact8 plane survived
9519.0,24.52819951268425,0.01,False,,,15,no exact8 plane survived
9520.0,57.950262011083815,0.01,False,,,14,no exact8 plane survived
9521.0,26.01734445766274,0.01,False,,,15,no exact8 plane survived
9523.0,19.491503845003976,0.01,False,,,15,no exact8 plane survived
9524.0,39.32927693809014,0.01,False,,,14,no exact8 plane survived
9525.0,45.45471749986574,0.01,False,,,14,no exact8 plane survived
9526.0,95.27042651356,0.01,False,,,14,no exact8 plane survived
9527.0,66.98426265488948,0.01,False,,,14,no exact8 plane survived
9528.0,20.045727750128783,0.01,False,,,15,no exact8 plane survived
9529.0,11.42032360432369,0.01,False,,,15,no valid outer-layer seed pairs
9530.0,18.215520514722662,0.01,False,,,15,no valid outer-layer seed pairs
9532.0,46.389039320557664,0.01,False,,,14,no exact8 plane survived
9533.0,31.15513574071644,0.01,False,,,15,no exact8 plane survived
9534.0,20.05003369364217,0.01,False,,,15,no exact8 plane survived
9535.0,47.3366112985108,0.01,False,,,14,no exact8 plane survived
9536.0,14.48826092396351,0.01,False,,,15,no valid outer-layer seed pairs
9537.0,134.4785870910168,0.01,False,,,14,no exact8 plane survived
9539.0,23.63248866839416,0.01,False,,,15,no exact8 plane survived
9540.0,14.939150753542377,0.01,False,,,15,no valid outer-layer seed pairs
9542.0,15.95482574100955,0.01,False,,,15,no valid outer-layer seed pairs
9543.0,18.3265005283186,0.01,False,,,15,no valid outer-layer seed pairs
9544.0,9.39753329821106,0.01,False,,,15,no valid outer-layer seed pairs
9545.0,10.310002528415504,0.01,False,,,15,no valid outer-layer seed pairs
9548.0,19.685077797317813,0.01,False,,,15,no exact8 plane survived
9550.0,20.697073864441453,0.01,False,,,15,no exact8 plane survived
9551.0,22.301716752783086,0.01,False,,,15,no exact8 plane survived
9552.0,159.28527893317138,0.01,False,,,14,no exact8 plane survived
9555.0,11.327015950271486,0.01,False,,,15,no valid outer-layer seed pairs
9556.0,26.72119685755897,0.01,False,,,15,no exact8 plane survived
9558.0,20.20226516598849,0.01,False,,,15,no exact8 plane survived
9559.0,29.783454392441115,0.01,False,,,15,no exact8 plane survived
9562.0,9.353280969628788,0.01,False,,,15,no valid outer-layer seed pairs
9563.0,11.8162166834891,0.01,False,,,15,no valid outer-layer seed pairs
9564.0,24.59921820196513,0.01,False,,,15,no exact8 plane survived
9565.0,28.493632310443072,0.01,False,,,15,no exact8 plane survived
9566.0,24.9126738945118,0.01,False,,,15,no exact8 plane survived
9567.0,8.897193211573224,0.01,False,,,15,no valid outer-layer seed pairs
9568.0,34.97795741636535,0.01,False,,,14,no exact8 plane survived
9569.0,26.566643759496632,0.01,False,,,15,no exact8 plane survived
9570.0,10.236935411278472,0.01,False,,,15,no valid outer-layer seed pairs
9572.0,17.500532058406474,0.01,False,,,15,no valid outer-layer seed pairs
9573.0,18.17616004339472,0.01,False,,,15,no valid outer-layer seed pairs
9574.0,15.422760551411306,0.01,False,,,15,no valid outer-layer seed pairs
9575.0,11.059355879032704,0.01,False,,,15,no valid outer-layer seed pairs
9577.0,4.504182887335246,0.01,False,,,15,no valid outer-layer seed pairs
9578.0,27.43830320254208,0.01,False,,,15,no exact8 plane survived
9579.0,12.905111934172233,0.01,False,,,15,no valid outer-layer seed pairs
9580.0,12.634843267044696,0.01,False,,,15,no valid outer-layer seed pairs
9581.0,18.778673965166767,0.01,False,,,15,no exact8 plane survived
9582.0,25.048014145076888,0.01,False,,,15,no exact8 plane survived
9583.0,46.86416817344734,0.01,False,,,14,no exact8 plane survived
9584.0,35.5220731092174,0.01,False,,,14,no exact8 plane survived
9585.0,11.313995364914115,0.01,False,,,15,no valid outer-layer seed pairs
9586.0,16.29939096248617,0.01,False,,,15,no valid outer-layer seed pairs
9587.0,21.54461492587029,0.01,False,,,15,no exact8 plane survived
9589.0,52.38490295690905,0.01,False,,,14,no exact8 plane survived
9590.0,18.378033446358764,0.01,False,,,15,no valid outer-layer seed pairs
9591.0,85.67302198260634,0.01,False,,,14,no exact8 plane survived
9592.0,13.535967460168347,0.01,False,,,15,no valid outer-layer seed pairs
9594.0,19.33707917856447,0.01,False,,,15,no exact8 plane survived
9595.0,33.26618780570256,0.01,False,,,15,no exact8 plane survived
9596.0,15.740976641383538,0.01,False,,,15,no valid outer-layer seed pairs
9599.0,13.859004734069217,0.01,False,,,15,no valid outer-layer seed pairs
9600.0,12.123157118083554,0.01,False,,,15,no valid outer-layer seed pairs
9601.0,20.63541478822901,0.01,False,,,15,no exact8 plane survived
9602.0,34.47238316120884,0.01,False,,,15,no exact8 plane survived
9603.0,73.07513516124638,0.01,False,,,14,no exact8 plane survived
9605.0,35.742875524524,0.01,False,,,14,no exact8 plane survived
9606.0,19.09375529410847,0.01,False,,,15,no exact8 plane survived
9608.0,17.43970116529777,0.01,False,,,15,no valid outer-layer seed pairs
9609.0,13.482118924855383,0.01,False,,,15,no valid outer-layer seed pairs
9611.0,69.4276086213843,0.01,False,,,14,no exact8 plane survived
9613.0,24.75359966479484,0.01,False,,,15,no exact8 plane survived
9615.0,14.340701107522506,0.01,False,,,15,no valid outer-layer seed pairs
9616.0,15.974796499506414,0.01,False,,,15,no valid outer-layer seed pairs
9619.0,210.58762270105777,0.01,False,,,13,no exact8 plane survived
9623.0,48.5530333362756,0.01,False,,,14,no exact8 plane survived
9625.0,26.72561808016512,0.01,False,,,15,no exact8 plane survived
9626.0,8.519086511312242,0.01,False,,,15,no valid outer-layer seed pairs
9628.0,19.68582431246333,0.01,False,,,15,no exact8 plane survived
9629.0,12.992627551402,0.01,False,,,15,no valid outer-layer seed pairs
9630.0,20.19358040496503,0.01,False,,,15,no exact8 plane survived
9632.0,35.933780831189566,0.01,False,,,14,no exact8 plane survived
9633.0,10.897105655585747,0.01,False,,,15,no valid outer-layer seed pairs
9634.0,48.11654796250649,0.01,False,,,14,no exact8 plane survived
9635.0,10.46497681316718,0.01,False,,,15,no valid outer-layer seed pairs
9637.0,15.830703775031058,0.01,False,,,15,no valid outer-layer seed pairs
9638.0,60.355645047261646,0.01,False,,,14,no exact8 plane survived
9639.0,56.99653125129472,0.01,False,,,14,no exact8 plane survived
9640.0,18.929399761325428,0.01,False,,,15,no exact8 plane survived
9641.0,19.33319154033538,0.01,False,,,15,no exact8 plane survived
9642.0,19.853600998756487,0.01,False,,,15,no exact8 plane survived
9643.0,19.815519353038223,0.01,False,,,15,no exact8 plane survived
9644.0,12.21284824160553,0.01,False,,,15,no valid outer-layer seed pairs
9645.0,35.91564382634631,0.01,False,,,14,no exact8 plane survived
9647.0,21.33815960337776,0.01,False,,,15,no exact8 plane survived
9648.0,27.13517058908502,0.01,False,,,15,no exact8 plane survived
9649.0,46.329519988974766,0.01,False,,,14,no exact8 plane survived
9650.0,10.097896033385076,0.01,False,,,15,no valid outer-layer seed pairs
9651.0,18.61150365926995,0.01,False,,,15,no valid outer-layer seed pairs
9652.0,119.31639461372497,0.01,False,,,14,no exact8 plane survived
9653.0,23.398012948375644,0.01,False,,,15,no exact8 plane survived
9655.0,33.82568187923056,0.01,False,,,14,no exact8 plane survived
9656.0,10.006506215149937,0.01,False,,,15,no valid outer-layer seed pairs
9657.0,34.686229248537,0.01,False,,,14,no exact8 plane survived
9658.0,23.87763873403032,0.01,False,,,15,no exact8 plane survived
9659.0,21.105315800518127,0.01,False,,,15,no exact8 plane survived
9660.0,30.10342566359197,0.01,False,,,14,no exact8 plane survived
9661.0,17.052005141588364,0.01,False,,,15,no valid outer-layer seed pairs
9663.0,26.33461712333808,0.01,False,,,15,no exact8 plane survived
9664.0,114.9469935138395,0.01,False,,,14,no exact8 plane survived
9665.0,51.02438133078208,0.01,False,,,14,no exact8 plane survived
9666.0,12.76578786237234,0.01,False,,,15,no valid outer-layer seed pairs
9667.0,31.0604887563993,0.01,False,,,15,no exact8 plane survived
9668.0,12.302123090684445,0.01,False,,,15,no valid outer-layer seed pairs
9669.0,31.892681972697545,0.01,False,,,15,no exact8 plane survived
9670.0,27.362961102188635,0.01,False,,,15,no exact8 plane survived
9671.0,13.674638906144493,0.01,False,,,15,no valid outer-layer seed pairs
9674.0,17.9117313205372,0.01,False,,,15,no valid outer-layer seed pairs
9675.0,13.588825430308455,0.01,False,,,15,no valid outer-layer seed pairs
9676.0,26.33920065313768,0.01,False,,,15,no exact8 plane survived
9678.0,22.124033235868644,0.01,False,,,15,no exact8 plane survived
9679.0,13.877271200275072,0.01,False,,,15,no valid outer-layer seed pairs
9680.0,20.0182104518036,0.01,False,,,15,no exact8 plane survived
9682.0,44.45504992706896,0.01,False,,,15,no exact8 plane survived
9683.0,14.66916904932672,0.01,False,,,15,no valid outer-layer seed pairs
9684.0,65.4785708804172,0.01,False,,,14,no exact8 plane survived
9685.0,11.722897740029596,0.01,False,,,15,no valid outer-layer seed pairs
9687.0,70.43748171586446,0.01,False,,,14,no exact8 plane survived
9688.0,26.950210076459893,0.01,False,,,15,no exact8 plane survived
9690.0,38.73463353706079,0.01,False,,,14,no exact8 plane survived
9691.0,44.43020996466202,0.01,False,,,15,no exact8 plane survived
9692.0,5.900253922185848,0.01,False,,,15,no valid outer-layer seed pairs
9693.0,16.08640935119642,0.01,False,,,15,no valid outer-layer seed pairs
9694.0,42.00206711878114,0.01,False,,,14,no exact8 plane survived
9695.0,20.192181534569464,0.01,False,,,15,no exact8 plane survived
9697.0,9.493035260326034,0.01,False,,,15,no valid outer-layer seed pairs
9698.0,16.138440097101352,0.01,False,,,15,no valid outer-layer seed pairs
9699.0,16.844328161882483,0.01,False,,,15,no valid outer-layer seed pairs
9700.0,22.52295481224643,0.01,False,,,15,no exact8 plane survived
9702.0,44.77601399267602,0.01,False,,,14,no exact8 plane survived
9704.0,12.075161561126318,0.01,False,,,15,no valid outer-layer seed pairs
9705.0,154.5992394803127,0.01,False,,,14,no exact8 plane survived
9706.0,12.248952561167371,0.01,False,,,15,no valid outer-layer seed pairs
9707.0,10.30557794485936,0.01,False,,,15,no valid outer-layer seed pairs
9708.0,34.70300180142107,0.01,False,,,15,no exact8 plane survived
9709.0,16.169374240303988,0.01,False,,,15,no valid outer-layer seed pairs
9710.0,11.648257450911672,0.01,False,,,15,no valid outer-layer seed pairs
9711.0,23.868014672725824,0.01,False,,,15,no exact8 plane survived
9713.0,14.054153556773748,0.01,False,,,15,no valid outer-layer seed pairs
9715.0,12.026356762381536,0.01,False,,,15,no valid outer-layer seed pairs
9717.0,20.243845675785845,0.01,False,,,15,no exact8 plane survived
9718.0,33.56607051420018,0.01,False,,,14,no exact8 plane survived
9719.0,19.954248552549128,0.01,False,,,15,no exact8 plane survived
9720.0,37.551110287809294,0.01,False,,,15,no exact8 plane survived
9721.0,19.64482752933793,0.01,False,,,15,no exact8 plane survived
9722.0,34.81909751911039,0.01,False,,,15,no exact8 plane survived
9723.0,8.582900809785615,0.01,False,,,15,no valid outer-layer seed pairs
9724.0,23.34688749999985,0.01,False,,,15,no exact8 plane survived
9725.0,12.255246284930104,0.01,False,,,15,no valid outer-layer seed pairs
9727.0,28.882801406466108,0.01,False,,,15,no exact8 plane survived
9728.0,33.92000346026899,0.01,False,,,14,no exact8 plane survived
9729.0,15.032209376938107,0.01,False,,,15,no valid outer-layer seed pairs
9730.0,0.8349305130927165,0.01,False,,,12,no valid outer-layer seed pairs
9731.0,80.47939743035164,0.01,False,,,14,no exact8 plane survived
9732.0,22.036928514788304,0.01,False,,,15,no exact8 plane survived
9734.0,13.535405225958089,0.01,False,,,15,no valid outer-layer seed pairs
9735.0,46.436224450543925,0.01,False,,,15,no exact8 plane survived
9736.0,21.68743178949683,0.01,False,,,15,no exact8 plane survived
9737.0,55.15548027425936,0.01,False,,,14,no exact8 plane survived
9739.0,49.49743878490988,0.01,False,,,14,no exact8 plane survived
9740.0,12.38781334961534,0.01,False,,,15,no valid outer-layer seed pairs
9743.0,20.85067596806865,0.01,False,,,15,no exact8 plane survived
9744.0,14.034158948694389,0.01,False,,,15,no valid outer-layer seed pairs
9745.0,34.72960903565169,0.01,False,,,15,no exact8 plane survived
9747.0,11.653195742547362,0.01,False,,,15,no valid outer-layer seed pairs
9748.0,12.387399374737855,0.01,False,,,15,no valid outer-layer seed pairs
9749.0,14.165253042969637,0.01,False,,,15,no valid outer-layer seed pairs
9750.0,22.5240270770295,0.01,False,,,15,no exact8 plane survived
9752.0,20.3702648087617,0.01,False,,,15,no exact8 plane survived
9753.0,42.629645928924646,0.01,False,,,14,no exact8 plane survived
9757.0,13.36641880126645,0.01,False,,,15,no valid outer-layer seed pairs
9758.0,32.392971135384336,0.01,False,,,15,no exact8 plane survived
9759.0,24.679094711219456,0.01,False,,,15,no exact8 plane survived
9760.0,17.80708377327614,0.01,False,,,15,no valid outer-layer seed pairs
9761.0,27.37090630620184,0.01,False,,,14,no exact8 plane survived
9762.0,22.209772252015853,0.01,False,,,15,no exact8 plane survived
9764.0,22.451692512117003,0.01,False,,,15,no exact8 plane survived
9766.0,17.11989832551306,0.01,False,,,15,no valid outer-layer seed pairs
9767.0,21.361771389217783,0.01,False,,,15,no exact8 plane survived
9768.0,72.86380127482414,0.01,False,,,14,no exact8 plane survived
9769.0,12.37340464841781,0.01,False,,,15,no valid outer-layer seed pairs
9771.0,20.3237220093454,0.01,False,,,15,no exact8 plane survived
9773.0,20.6427251470982,0.01,False,,,15,no exact8 plane survived
9775.0,24.999192542645,0.01,False,,,15,no exact8 plane survived
9777.0,34.586547993817774,0.01,False,,,14,no exact8 plane survived
9778.0,17.158112102094744,0.01,False,,,15,no valid outer-layer seed pairs
9779.0,37.94616070241268,0.01,False,,,14,no exact8 plane survived
9780.0,64.60055252602204,0.01,False,,,14,no exact8 plane survived
9781.0,25.07629932393571,0.01,False,,,15,no exact8 plane survived
9782.0,25.85197768626761,0.01,False,,,15,no exact8 plane survived
9784.0,6.616044479393769,0.01,False,,,15,no valid outer-layer seed pairs
9785.0,6.905131003794562,0.01,False,,,15,no valid outer-layer seed pairs
9786.0,34.3737576856571,0.01,False,,,14,no exact8 plane survived
9787.0,78.48006788711913,0.01,False,,,14,no exact8 plane survived
9788.0,9.486461261245932,0.01,False,,,15,no valid outer-layer seed pairs
9789.0,36.84304242934228,0.01,False,,,14,no exact8 plane survived
9790.0,21.93990799328101,0.01,False,,,15,no exact8 plane survived
9791.0,473.1804634717832,0.01,False,,,13,no exact8 plane survived
9794.0,201.3378903620516,0.01,False,,,14,no exact8 plane survived
9795.0,11.026487750459022,0.01,False,,,15,no valid outer-layer seed pairs
9796.0,36.12638271473154,0.01,False,,,14,no exact8 plane survived
9797.0,9.575483105545873,0.01,False,,,15,no valid outer-layer seed pairs
9802.0,25.504483393414965,0.01,False,,,15,no exact8 plane survived
9804.0,9.303080080973498,0.01,False,,,15,no valid outer-layer seed pairs
9805.0,19.71695405102153,0.01,False,,,15,no exact8 plane survived
9806.0,89.02810324030672,0.01,False,,,14,no exact8 plane survived
9808.0,23.064794077153948,0.01,False,,,15,no exact8 plane survived
9809.0,41.634723792016906,0.01,False,,,14,no exact8 plane survived
9810.0,12.3607509537441,0.01,False,,,15,no valid outer-layer seed pairs
9812.0,12.996156093165396,0.01,False,,,15,no valid outer-layer seed pairs
9813.0,9.91217230830071,0.01,False,,,15,no valid outer-layer seed pairs
9814.0,15.501560820540089,0.01,False,,,15,no valid outer-layer seed pairs
9815.0,12.906692294655372,0.01,False,,,15,no valid outer-layer seed pairs
9818.0,13.03034244247367,0.01,False,,,15,no valid outer-layer seed pairs
9819.0,62.89103536566118,0.01,False,,,14,no exact8 plane survived
9821.0,24.65393356295157,0.01,False,,,15,no exact8 plane survived
9822.0,11.193365164836289,0.01,False,,,15,no valid outer-layer seed pairs
9823.0,33.553747359794365,0.01,False,,,14,no exact8 plane survived
9824.0,41.19623949317664,0.01,False,,,14,no exact8 plane survived
9825.0,31.27788267899372,0.01,False,,,14,no exact8 plane survived
9826.0,38.0575804745852,0.01,False,,,15,no exact8 plane survived
9830.0,30.1456731390209,0.01,False,,,15,no exact8 plane survived
9831.0,57.47167615762752,0.01,False,,,14,no exact8 plane survived
9832.0,17.64627214982675,0.01,False,,,15,no valid outer-layer seed pairs
9833.0,48.44082945822183,0.01,False,,,14,no exact8 plane survived
9835.0,24.577593855466507,0.01,False,,,15,no exact8 plane survived
9837.0,15.130111569198416,0.01,False,,,15,no valid outer-layer seed pairs
9838.0,15.064678523995546,0.01,False,,,15,no valid outer-layer seed pairs
9839.0,11.3296548080413,0.01,False,,,15,no valid outer-layer seed pairs
9840.0,24.79648929781785,0.01,False,,,15,no exact8 plane survived
9841.0,21.7391447682964,0.01,False,,,15,no exact8 plane survived
9842.0,34.808744726692495,0.01,False,,,15,no exact8 plane survived
9843.0,24.61666601213271,0.01,False,,,15,no exact8 plane survived
9844.0,24.52796934013358,0.01,False,,,15,no exact8 plane survived
9845.0,30.91662872885769,0.01,False,,,14,no exact8 plane survived
9854.0,47.414138440890405,0.01,False,,,14,no exact8 plane survived
9855.0,22.81850543631173,0.01,False,,,15,no exact8 plane survived
9856.0,25.482257107278915,0.01,False,,,15,no exact8 plane survived
9857.0,19.76270733211195,0.01,False,,,15,no exact8 plane survived
9858.0,44.56392033069002,0.01,False,,,15,no exact8 plane survived
9859.0,20.00599350810725,0.01,False,,,15,no exact8 plane survived
9861.0,11.786981712866416,0.01,False,,,15,no valid outer-layer seed pairs
9862.0,16.458986241638623,0.01,False,,,15,no valid outer-layer seed pairs
9864.0,44.80526811979841,0.01,False,,,14,no exact8 plane survived
9865.0,78.95131663206185,0.01,False,,,14,no exact8 plane survived
9866.0,21.337541999986687,0.01,False,,,15,no exact8 plane survived
9867.0,13.401606804474918,0.01,False,,,15,no valid outer-layer seed pairs
9868.0,63.704455512305735,0.01,False,,,14,no exact8 plane survived
9869.0,23.30346742276152,0.01,False,,,15,no exact8 plane survived
9870.0,33.20521122800196,0.01,False,,,14,no exact8 plane survived
9872.0,13.41289341189955,0.01,False,,,15,no valid outer-layer seed pairs
9873.0,57.82489211465735,0.01,False,,,14,no exact8 plane survived
9875.0,18.872921514272225,0.01,False,,,15,no exact8 plane survived
9876.0,8.63024480672926,0.01,False,,,15,no valid outer-layer seed pairs
9877.0,12.871857904274794,0.01,False,,,15,no valid outer-layer seed pairs
9878.0,35.64196340434665,0.01,False,,,14,no exact8 plane survived
9880.0,13.312302894319831,0.01,False,,,15,no valid outer-layer seed pairs
9881.0,17.461385855494413,0.01,False,,,15,no valid outer-layer seed pairs
9882.0,16.620909073118664,0.01,False,,,15,no valid outer-layer seed pairs
9883.0,13.087287339064414,0.01,False,,,15,no valid outer-layer seed pairs
9884.0,16.123959829503033,0.01,False,,,15,no valid outer-layer seed pairs
9885.0,19.628683092353363,0.01,False,,,15,no exact8 plane survived
9886.0,43.44416378190884,0.01,False,,,14,no exact8 plane survived
9887.0,53.80706100149565,0.01,False,,,14,no exact8 plane survived
9888.0,26.111160720900298,0.01,False,,,15,no exact8 plane survived
9890.0,23.146192152818955,0.01,False,,,15,no exact8 plane survived
9891.0,10.1718321569898,0.01,False,,,15,no valid outer-layer seed pairs
9893.0,25.023700292631126,0.01,False,,,15,no exact8 plane survived
9894.0,11.55625456053007,0.01,False,,,15,no valid outer-layer seed pairs
9895.0,23.317188353795608,0.01,False,,,15,no exact8 plane survived
9896.0,13.335389203219478,0.01,False,,,15,no valid outer-layer seed pairs
9898.0,13.399508968982362,0.01,False,,,15,no valid outer-layer seed pairs
9899.0,72.78288029575208,0.01,False,,,14,no exact8 plane survived
9900.0,42.026502945331146,0.01,False,,,14,no exact8 plane survived
9903.0,41.790536840697,0.01,False,,,15,no exact8 plane survived
9904.0,10.3066178258499,0.01,False,,,15,no valid outer-layer seed pairs
9905.0,28.8056956822487,0.01,False,,,15,no exact8 plane survived
9909.0,18.78394466932894,0.01,False,,,15,no exact8 plane survived
9911.0,17.38002052040966,0.01,False,,,15,no valid outer-layer seed pairs
9912.0,19.843798746377885,0.01,False,,,15,no exact8 plane survived
9913.0,20.02348402450145,0.01,False,,,15,no exact8 plane survived
9915.0,12.993083507497692,0.01,False,,,15,no valid outer-layer seed pairs
9917.0,11.38828285915506,0.01,False,,,15,no valid outer-layer seed pairs
9918.0,33.87328418828546,0.01,False,,,14,no exact8 plane survived
9919.0,24.069964494617736,0.01,False,,,15,no exact8 plane survived
9920.0,38.07882050502257,0.01,False,,,14,no exact8 plane survived
9921.0,54.29421746366638,0.01,False,,,14,no exact8 plane survived
9923.0,17.552533494073685,0.01,False,,,15,no valid outer-layer seed pairs
9925.0,37.103387285163095,0.01,False,,,14,no exact8 plane survived
9926.0,32.79339143185509,0.01,False,,,14,no exact8 plane survived
9928.0,15.09596517693398,0.01,False,,,15,no valid outer-layer seed pairs
9929.0,55.34078117596674,0.01,False,,,14,no exact8 plane survived
9931.0,11.746003566263568,0.01,False,,,15,no valid outer-layer seed pairs
9932.0,16.81718495113715,0.01,False,,,15,no valid outer-layer seed pairs
9933.0,50.21771171705894,0.01,False,,,14,no exact8 plane survived
9934.0,105.41660720727212,0.01,False,,,14,no exact8 plane survived
9935.0,46.136510211918015,0.01,False,,,14,no exact8 plane survived
9937.0,11.78746013972065,0.01,False,,,15,no valid outer-layer seed pairs
9938.0,9.72496525230964,0.01,False,,,15,no valid outer-layer seed pairs
9940.0,19.85557225773061,0.01,False,,,15,no exact8 plane survived
9941.0,9.8380336970746,0.01,False,,,15,no valid outer-layer seed pairs
9942.0,21.40464677788332,0.01,False,,,15,no exact8 plane survived
9943.0,34.189563590100846,0.01,False,,,14,no exact8 plane survived
9945.0,22.06875038038311,0.01,False,,,15,no exact8 plane survived
9949.0,86.29237984243689,0.01,False,,,14,no exact8 plane survived
9950.0,15.678917114326657,0.01,False,,,15,no valid outer-layer seed pairs
9953.0,34.0183693498026,0.01,False,,,14,no exact8 plane survived
9954.0,27.17800472085997,0.01,False,,,15,no exact8 plane survived
9955.0,11.744342613096109,0.01,False,,,15,no valid outer-layer seed pairs
9956.0,11.191157815789424,0.01,False,,,15,no valid outer-layer seed pairs
9957.0,22.9286486011246,0.01,False,,,15,no exact8 plane survived
9958.0,31.368079773841824,0.01,False,,,14,no exact8 plane survived
9959.0,20.77085804369589,0.01,False,,,15,no exact8 plane survived
9960.0,8.528229178630573,0.01,False,,,15,no valid outer-layer seed pairs
9961.0,32.35535786706276,0.01,False,,,14,no exact8 plane survived
9962.0,12.460644230009969,0.01,False,,,15,no valid outer-layer seed pairs
9964.0,19.717535943326244,0.01,False,,,15,no exact8 plane survived
9965.0,42.11583036529788,0.01,False,,,14,no exact8 plane survived
9966.0,13.948022885906648,0.01,False,,,15,no valid outer-layer seed pairs
9967.0,14.679477769924434,0.01,False,,,15,no valid outer-layer seed pairs
9968.0,11.502299480407691,0.01,False,,,15,no valid outer-layer seed pairs
9971.0,24.96314497513404,0.01,False,,,15,no exact8 plane survived
9973.0,31.38232294034645,0.01,False,,,15,no exact8 plane survived
9974.0,12.830023476738964,0.01,False,,,15,no valid outer-layer seed pairs
9977.0,14.562020838303686,0.01,False,,,15,no valid outer-layer seed pairs
9979.0,85.71540936144127,0.01,False,,,14,no exact8 plane survived
9980.0,30.52533598528436,0.01,False,,,15,no exact8 plane survived
9981.0,10.282963666624816,0.01,False,,,15,no valid outer-layer seed pairs
9982.0,35.058768835647705,0.01,False,,,14,no exact8 plane survived
9984.0,14.66292097139973,0.01,False,,,15,no valid outer-layer seed pairs
9985.0,11.853043073574309,0.01,False,,,15,no valid outer-layer seed pairs
9986.0,9.232193227045824,0.01,False,,,15,no valid outer-layer seed pairs
9988.0,5.478132397256073,0.01,False,,,15,no valid outer-layer seed pairs
9989.0,11.038643618443016,0.01,False,,,15,no valid outer-layer seed pairs
9990.0,18.76314217654074,0.01,False,,,15,no exact8 plane survived
9991.0,16.98107775419186,0.01,False,,,15,no valid outer-layer seed pairs
9993.0,23.31772644672348,0.01,False,,,15,no exact8 plane survived
9994.0,80.94013889090023,0.01,False,,,14,no exact8 plane survived
9995.0,15.849783732951884,0.01,False,,,15,no valid outer-layer seed pairs
9996.0,59.60104485157616,0.01,False,,,14,no exact8 plane survived
9997.0,13.957187031583048,0.01,False,,,15,no valid outer-layer seed pairs
9999.0,42.57544785585243,0.01,False,,,14,no exact8 plane survived
10000.0,54.20776844061265,0.01,False,,,14,no exact8 plane survived
