event,mu,hard_found,pu_found,transition,hard_ds,pu_ds,hard_dw,pu_dw,hard_hits,combined_hits,pu_events
2,10,False,False,0->0,,,,,16,1938,"313,788,394,642,694,218,678,196,778,987"
3,10,False,False,0->0,,,,,16,1328,"241,668,93,729,703,261,907,126,934,947"
4,10,False,False,0->0,,,,,16,1549,"210,740,79,337,763,477,156,469,711,393"
5,10,False,False,0->0,,,,,16,1251,"795,116,87,642,599,654,847,933,604,327"
7,10,False,False,0->0,,,,,16,2067,"667,632,552,312,453,327,496,266,896,571"
8,10,False,False,0->0,,,,,16,1216,"546,64,23,346,627,614,5,61,356,274"
10,10,False,False,0->0,,,,,16,1341,"476,539,792,408,116,249,208,479,758,293"
13,10,False,False,0->0,,,,,16,717,"469,510,70,496,830,609,857,175,239,709"
14,10,False,False,0->0,,,,,16,1502,"340,765,637,428,619,82,104,541,242,327"
15,10,False,False,0->0,,,,,16,1629,"174,250,684,261,618,309,673,690,426,862"
17,10,False,False,0->0,,,,,16,1097,"412,474,582,155,963,268,56,382,380,692"
18,10,False,False,0->0,,,,,16,1797,"510,928,58,276,159,329,124,551,230,369"
19,10,False,False,0->0,,,,,16,1290,"113,668,116,910,283,893,962,791,25,744"
20,10,False,False,0->0,,,,,16,2933,"517,329,8,84,417,871,477,978,3,422"
21,10,False,False,0->0,,,,,16,1808,"127,679,24,763,45,346,3,669,380,265"
22,10,False,False,0->0,,,,,16,1509,"589,601,74,79,342,759,874,673,53,851"
24,10,False,False,0->0,,,,,16,1904,"568,582,426,588,537,159,702,163,477,119"
26,10,False,False,0->0,,,,,16,1781,"719,279,699,498,205,521,728,409,111,173"
27,10,False,False,0->0,,,,,16,1699,"270,750,504,617,43,823,314,632,585,109"
28,10,False,False,0->0,,,,,16,1534,"513,141,499,870,398,653,161,203,171,97"
29,10,False,False,0->0,,,,,16,1122,"752,877,315,606,481,125,692,681,114,751"
31,10,False,False,0->0,,,,,16,1998,"992,618,390,210,43,83,197,412,957,872"
32,10,False,False,0->0,,,,,16,2525,"332,36,892,621,651,437,20,781,343,166"
33,10,False,False,0->0,,,,,16,1096,"401,483,472,467,688,104,606,961,298,868"
34,10,False,False,0->0,,,,,16,1475,"376,483,813,456,851,535,312,726,496,282"
36,10,False,False,0->0,,,,,16,1382,"960,832,643,279,13,652,629,963,721,555"
37,10,False,False,0->0,,,,,16,1374,"329,993,750,437,852,40,687,380,461,141"
38,10,False,False,0->0,,,,,16,724,"418,514,483,622,756,403,597,68,771,805"
39,10,False,False,0->0,,,,,16,1812,"39,458,976,986,507,456,830,110,938,863"
40,10,False,False,0->0,,,,,16,1377,"490,523,465,31,268,32,429,424,1000,119"
41,10,False,False,0->0,,,,,16,1663,"948,745,63,934,165,225,924,204,57,752"
43,10,False,False,0->0,,,,,16,1457,"953,13,667,680,279,133,185,407,324,605"
44,10,False,False,0->0,,,,,16,2019,"895,202,54,976,403,409,134,973,383,941"
45,10,False,False,0->0,,,,,16,2531,"895,488,327,880,827,201,518,685,832,590"
46,10,False,False,0->0,,,,,16,934,"110,241,954,312,235,790,389,506,514,515"
48,10,False,False,0->0,,,,,16,1991,"125,588,285,268,204,813,365,301,350,955"
49,10,False,False,0->0,,,,,16,1163,"710,389,594,63,496,506,709,50,609,757"
50,10,False,False,0->0,,,,,16,1439,"498,46,168,160,489,356,885,374,730,17"
52,10,False,False,0->0,,,,,16,2175,"162,47,352,891,723,62,485,453,337,178"
55,10,False,False,0->0,,,,,16,912,"797,387,601,169,385,232,557,656,774,187"
56,10,False,False,0->0,,,,,16,1343,"63,287,947,200,859,184,146,326,65,402"
57,10,False,False,0->0,,,,,16,1472,"491,344,663,158,750,991,278,903,672,136"
59,10,False,False,0->0,,,,,16,1328,"627,609,569,550,86,732,563,207,430,461"
60,10,False,False,0->0,,,,,16,2404,"748,70,758,572,659,417,577,86,929,695"
62,10,False,False,0->0,,,,,16,1784,"48,103,592,376,803,78,245,493,162,238"
63,10,False,False,0->0,,,,,16,1468,"430,942,688,842,854,705,302,245,125,247"
64,10,False,False,0->0,,,,,16,990,"787,152,360,905,308,830,68,402,632,380"
65,10,False,False,0->0,,,,,16,1746,"325,711,425,17,729,653,245,771,722,230"
66,10,False,False,0->0,,,,,16,910,"568,959,374,801,821,217,77,589,26,943"
69,10,False,False,0->0,,,,,16,1142,"754,293,459,501,8,483,782,575,271,203"
70,10,False,False,0->0,,,,,16,1176,"249,499,980,958,727,850,161,20,534,402"
71,10,False,False,0->0,,,,,16,867,"496,317,463,968,193,636,738,271,910,340"
72,10,False,False,0->0,,,,,16,614,"992,589,67,274,265,738,318,796,531,780"
74,10,False,False,0->0,,,,,16,2604,"821,570,268,702,942,577,391,93,941,900"
75,10,False,False,0->0,,,,,16,1806,"382,451,416,21,711,605,162,897,145,455"
77,10,False,False,0->0,,,,,16,2041,"395,739,655,756,193,411,95,570,714,630"
78,10,False,False,0->0,,,,,16,1725,"730,157,225,248,414,126,441,641,44,607"
79,10,False,False,0->0,,,,,16,1808,"283,187,850,494,400,430,364,374,826,813"
81,10,False,False,0->0,,,,,16,1429,"720,140,253,921,711,784,439,394,6,855"
82,10,False,False,0->0,,,,,16,1946,"693,293,536,750,452,414,566,614,442,19"
83,10,False,False,0->0,,,,,16,1642,"357,597,85,687,942,61,736,161,776,860"
85,10,False,False,0->0,,,,,16,1049,"184,418,737,728,534,60,180,875,146,100"
87,10,False,False,0->0,,,,,16,2497,"261,202,84,641,225,284,570,955,37,922"
89,10,False,False,0->0,,,,,16,1778,"732,888,930,13,893,566,817,458,876,826"
90,10,False,False,0->0,,,,,16,1458,"236,940,795,280,895,291,796,624,116,563"
91,10,False,False,0->0,,,,,16,2004,"969,615,2,429,402,879,145,578,426,705"
92,10,False,False,0->0,,,,,16,1645,"627,633,114,589,43,232,619,411,262,397"
94,10,False,False,0->0,,,,,16,2279,"588,244,626,85,159,148,174,197,498,499"
95,10,False,False,0->0,,,,,16,2932,"236,859,366,276,230,453,193,749,140,895"
96,10,False,False,0->0,,,,,16,1857,"214,984,164,817,721,618,104,276,594,471"
97,10,False,False,0->0,,,,,16,2451,"796,621,616,61,291,659,312,38,831,769"
98,10,False,False,0->0,,,,,16,1130,"360,588,708,942,842,31,365,457,550,323"
99,10,False,False,0->0,,,,,16,1461,"451,543,959,620,252,758,521,318,987,25"
100,10,False,False,0->0,,,,,16,929,"589,344,786,963,870,792,534,475,938,599"
101,10,False,False,0->0,,,,,16,1315,"251,968,155,125,452,325,537,728,621,582"
103,10,False,False,0->0,,,,,16,1737,"887,653,233,890,207,928,824,731,209,926"
105,10,False,False,0->0,,,,,16,1390,"228,956,736,225,631,142,248,212,733,503"
108,10,False,False,0->0,,,,,16,2877,"900,988,577,63,415,253,184,67,987,81"
109,10,False,False,0->0,,,,,16,1921,"60,717,991,810,51,890,578,591,970,239"
110,10,False,False,0->0,,,,,16,946,"734,128,158,614,155,187,821,434,606,689"
111,10,False,False,0->0,,,,,16,859,"241,847,297,666,17,86,929,581,506,707"
112,10,False,False,0->0,,,,,16,1531,"836,175,734,185,594,505,496,572,253,378"
114,10,False,False,0->0,,,,,16,1565,"146,322,97,252,314,703,653,597,177,171"
115,10,False,False,0->0,,,,,16,1347,"18,51,817,667,160,958,285,397,429,49"
116,10,False,False,0->0,,,,,16,1619,"853,330,899,890,250,953,483,640,298,88"
117,10,False,False,0->0,,,,,16,1604,"515,727,481,250,532,914,251,764,209,849"
118,10,False,False,0->0,,,,,16,1826,"964,947,984,1000,885,147,142,627,641,143"
119,10,False,False,0->0,,,,,16,2665,"289,900,652,346,293,917,24,126,380,829"
120,10,False,False,0->0,,,,,16,1099,"526,914,357,477,617,394,263,740,594,241"
121,10,False,False,0->0,,,,,16,1390,"61,951,785,203,723,68,592,145,850,78"
123,10,False,False,0->0,,,,,16,1880,"530,679,657,340,76,880,537,63,835,742"
125,10,False,False,0->0,,,,,16,1177,"241,636,535,999,276,815,581,48,409,473"
126,10,False,False,0->0,,,,,16,2330,"436,650,402,451,467,847,578,304,673,700"
127,10,False,False,0->0,,,,,16,1993,"615,872,434,264,840,725,851,51,957,754"
128,10,False,False,0->0,,,,,16,2277,"181,508,64,222,114,648,790,776,252,189"
129,10,False,False,0->0,,,,,16,1105,"610,446,214,970,198,11,574,934,182,443"
130,10,False,False,0->0,,,,,16,1970,"808,518,169,437,646,830,324,109,454,382"
131,10,False,False,0->0,,,,,16,1099,"771,382,920,364,955,54,56,169,44,481"
132,10,False,False,0->0,,,,,16,1040,"346,961,113,601,207,58,993,685,856,131"
133,10,False,False,0->0,,,,,16,1412,"810,137,122,643,553,792,381,786,206,189"
135,10,False,False,0->0,,,,,16,2096,"374,362,363,797,504,639,667,581,47,892"
136,10,False,False,0->0,,,,,16,1110,"582,245,617,263,570,223,16,666,804,629"
138,10,False,False,0->0,,,,,16,2057,"159,681,990,857,722,467,236,668,828,900"
139,10,False,False,0->0,,,,,16,1438,"686,892,746,762,299,854,59,584,843,46"
141,10,False,False,0->0,,,,,16,1649,"906,106,760,832,745,591,970,84,356,744"
142,10,False,False,0->0,,,,,16,1387,"431,867,685,993,494,182,369,982,85,370"
144,10,False,False,0->0,,,,,16,1212,"152,231,402,493,589,327,832,511,103,860"
145,10,False,False,0->0,,,,,16,1684,"262,16,114,867,488,321,357,944,221,477"
146,10,False,False,0->0,,,,,16,2017,"177,347,17,451,693,493,955,195,34,879"
148,10,False,False,0->0,,,,,16,1095,"587,107,265,330,757,158,515,887,276,769"
149,10,False,False,0->0,,,,,16,1190,"42,630,602,616,883,231,69,742,279,862"
151,10,False,False,0->0,,,,,16,2140,"815,861,913,641,260,320,569,47,518,900"
152,10,False,False,0->0,,,,,16,1291,"915,806,335,239,884,711,14,404,626,401"
153,10,False,False,0->0,,,,,16,2600,"978,174,270,364,8,604,350,724,524,545"
154,10,False,False,0->0,,,,,16,1697,"253,249,711,423,952,436,896,844,417,963"
155,10,False,False,0->0,,,,,16,1354,"32,138,572,468,448,79,778,600,762,329"
156,10,False,False,0->0,,,,,16,1040,"552,87,654,684,606,249,893,711,785,560"
157,10,False,False,0->0,,,,,16,2679,"851,485,369,291,750,860,32,735,636,879"
159,10,False,False,0->0,,,,,16,1993,"291,627,994,58,111,340,941,385,59,124"
160,10,False,False,0->0,,,,,16,2388,"988,495,217,831,55,785,612,104,25,390"
161,10,False,False,0->0,,,,,16,1127,"947,857,643,23,956,40,117,196,586,520"
163,10,False,False,0->0,,,,,16,1087,"372,166,763,737,523,813,382,733,405,732"
164,10,False,False,0->0,,,,,16,1308,"267,112,571,729,33,235,382,775,388,975"
165,10,False,False,0->0,,,,,16,1918,"180,937,793,127,282,953,613,81,876,445"
166,10,False,False,0->0,,,,,16,1628,"986,72,553,510,660,754,955,750,13,506"
167,10,False,False,0->0,,,,,16,1154,"895,947,246,444,589,574,520,570,46,188"
169,10,False,False,0->0,,,,,16,1154,"931,656,146,876,317,560,554,384,56,417"
172,10,False,False,0->0,,,,,16,1615,"3,838,202,376,181,793,97,968,591,914"
173,10,False,False,0->0,,,,,16,1283,"541,485,26,420,184,817,514,59,566,774"
174,10,False,False,0->0,,,,,16,1375,"376,246,981,472,873,424,563,64,905,652"
177,10,False,False,0->0,,,,,16,1098,"39,167,48,734,332,458,27,914,54,972"
179,10,False,False,0->0,,,,,16,864,"182,552,212,465,226,603,49,921,884,23"
180,10,False,False,0->0,,,,,16,2885,"926,414,512,490,431,880,422,332,883,590"
181,10,False,False,0->0,,,,,16,2093,"19,776,483,249,979,560,372,879,810,12"
183,10,False,False,0->0,,,,,16,1565,"8,242,797,609,58,253,922,384,157,211"
185,10,False,False,0->0,,,,,16,1236,"169,850,712,48,552,845,935,656,865,6"
188,10,False,False,0->0,,,,,16,2071,"495,853,769,285,5,204,717,79,410,9"
189,10,False,False,0->0,,,,,16,1700,"43,843,167,823,154,121,204,152,365,482"
190,10,False,False,0->0,,,,,16,1209,"798,498,441,218,942,224,139,759,454,298"
192,10,False,False,0->0,,,,,16,1132,"45,171,188,2,956,318,527,761,276,550"
193,10,False,False,0->0,,,,,16,1578,"553,777,565,729,764,325,975,271,385,850"
194,10,False,False,0->0,,,,,16,1544,"8,74,368,984,539,226,769,113,838,13"
197,10,False,False,0->0,,,,,16,1308,"534,122,523,605,236,637,945,283,668,96"
198,10,False,False,0->0,,,,,16,1073,"914,522,18,597,708,587,537,856,83,627"
199,10,False,False,0->0,,,,,16,1773,"542,779,174,338,61,156,669,513,42,935"
200,10,False,False,0->0,,,,,16,1159,"830,221,909,774,102,173,308,982,218,520"
202,10,False,False,0->0,,,,,16,1605,"241,762,697,708,890,876,501,207,165,689"
203,10,False,False,0->0,,,,,16,2223,"942,297,369,93,391,379,737,395,488,503"
204,10,False,False,0->0,,,,,16,1479,"413,113,344,547,915,248,268,501,748,622"
207,10,False,False,0->0,,,,,16,1184,"185,617,539,61,676,475,157,878,20,397"
208,10,False,False,0->0,,,,,16,1483,"231,338,36,43,448,777,346,911,583,960"
209,10,False,False,0->0,,,,,16,1362,"519,606,655,42,177,667,663,39,138,156"
211,10,False,False,0->0,,,,,16,1307,"849,969,940,76,866,146,84,6,93,524"
212,10,False,False,0->0,,,,,16,1733,"433,338,161,717,465,998,248,749,885,593"
214,10,False,False,0->0,,,,,16,2343,"518,762,802,471,814,709,107,93,613,871"
215,10,False,False,0->0,,,,,16,901,"906,186,176,472,21,836,640,31,586,572"
216,10,False,False,0->0,,,,,16,2001,"577,631,384,108,699,294,301,833,189,941"
221,10,False,False,0->0,,,,,16,1561,"789,859,615,873,31,826,956,474,752,488"
222,10,False,False,0->0,,,,,16,2129,"251,506,214,826,105,358,422,395,260,426"
224,10,False,False,0->0,,,,,16,1587,"174,736,255,506,231,173,207,909,325,474"
225,10,False,False,0->0,,,,,16,1792,"124,571,764,963,379,683,49,441,970,767"
226,10,False,False,0->0,,,,,16,837,"584,926,606,100,121,872,989,779,333,530"
227,10,False,False,0->0,,,,,16,967,"293,778,962,763,472,318,16,173,581,849"
228,10,False,False,0->0,,,,,16,1924,"146,750,598,512,507,587,710,712,792,899"
229,10,False,False,0->0,,,,,16,1268,"570,267,913,791,201,975,650,326,27,223"
230,10,False,False,0->0,,,,,16,2331,"243,119,604,220,635,347,840,163,693,872"
231,10,False,False,0->0,,,,,16,1399,"953,595,442,100,175,283,984,181,255,748"
233,10,False,False,0->0,,,,,16,1347,"359,826,413,445,235,331,21,704,958,768"
234,10,False,False,0->0,,,,,16,898,"13,762,376,605,461,550,552,133,138,780"
237,10,False,False,0->0,,,,,16,1788,"771,667,566,958,728,796,720,395,90,990"
238,10,False,False,0->0,,,,,16,2461,"706,333,749,548,163,116,193,244,84,331"
239,10,False,False,0->0,,,,,16,1374,"371,979,821,580,593,652,415,310,302,970"
240,10,False,False,0->0,,,,,16,1616,"110,866,721,933,93,629,986,856,88,67"
241,10,False,False,0->0,,,,,16,1623,"485,96,239,24,969,718,262,232,142,986"
242,10,False,False,0->0,,,,,16,2087,"577,511,619,886,539,168,915,831,728,468"
244,10,False,False,0->0,,,,,16,1462,"260,670,749,241,695,405,302,650,141,673"
245,10,False,False,0->0,,,,,16,1093,"978,538,805,915,64,498,338,12,709,324"
247,10,False,False,0->0,,,,,16,1459,"434,248,669,564,391,225,145,487,609,646"
249,10,False,False,0->0,,,,,16,1878,"543,879,498,736,111,968,363,159,73,872"
251,10,False,False,0->0,,,,,16,840,"527,685,497,555,346,321,571,402,758,753"
252,10,False,False,0->0,,,,,16,1298,"972,930,159,410,346,92,324,477,1000,566"
253,10,False,False,0->0,,,,,16,2065,"527,729,776,681,255,174,515,537,338,616"
254,10,False,False,0->0,,,,,16,955,"729,541,189,599,242,609,890,955,77,922"
255,10,False,False,0->0,,,,,16,1452,"712,527,430,73,885,629,420,651,990,886"
256,10,False,False,0->0,,,,,16,2164,"657,451,524,769,461,737,266,424,871,566"
257,10,False,False,0->0,,,,,16,1316,"634,658,121,607,737,831,612,650,280,675"
258,10,False,False,0->0,,,,,16,1171,"441,49,827,11,564,658,730,146,231,43"
260,10,False,False,0->0,,,,,16,2474,"163,949,998,726,960,982,429,891,808,724"
261,10,False,False,0->0,,,,,16,1511,"390,851,73,537,962,746,82,630,321,555"
264,10,False,False,0->0,,,,,16,1056,"469,185,828,274,342,307,477,202,49,167"
265,10,False,False,0->0,,,,,16,2007,"592,989,560,837,934,179,388,103,558,764"
266,10,False,False,0->0,,,,,16,3305,"598,577,564,674,909,388,288,822,401,871"
274,10,False,False,0->0,,,,,16,1194,"789,890,87,979,323,254,121,320,872,870"
275,10,False,False,0->0,,,,,16,2204,"139,765,119,835,975,880,453,706,771,778"
277,10,False,False,0->0,,,,,16,1953,"179,930,488,182,165,686,517,767,774,513"
278,10,False,False,0->0,,,,,16,1141,"683,810,196,524,849,307,320,980,611,497"
279,10,False,False,0->0,,,,,16,2574,"897,998,316,254,160,114,239,826,835,746"
284,10,False,False,0->0,,,,,16,1981,"172,493,616,945,992,479,56,88,57,407"
287,10,False,False,0->0,,,,,16,2106,"181,208,708,252,394,481,267,482,340,998"
288,10,False,False,0->0,,,,,16,1164,"651,152,389,631,992,190,192,938,138,830"
290,10,False,False,0->0,,,,,16,689,"531,927,849,247,670,155,177,392,857,76"
292,10,False,False,0->0,,,,,16,1342,"940,787,150,358,897,491,404,218,276,835"
293,10,False,False,0->0,,,,,16,1482,"291,494,956,156,969,850,584,929,959,64"
294,10,False,False,0->0,,,,,16,1567,"987,757,714,675,663,823,491,31,528,678"
297,10,False,False,0->0,,,,,16,1352,"821,969,632,44,572,587,355,17,852,928"
299,10,False,False,0->0,,,,,16,1204,"892,380,785,138,252,496,907,61,243,731"
301,10,False,False,0->0,,,,,16,1493,"994,24,487,742,723,673,192,928,500,144"
302,10,False,False,0->0,,,,,16,1649,"365,636,566,955,840,658,547,558,468,749"
303,10,False,False,0->0,,,,,16,1094,"830,640,254,604,990,422,526,440,494,813"
304,10,False,False,0->0,,,,,16,1724,"285,617,467,112,863,999,121,310,58,877"
305,10,False,False,0->0,,,,,16,1513,"369,637,442,471,749,599,429,423,143,494"
306,10,False,False,0->0,,,,,16,2648,"214,16,326,607,453,112,282,147,442,716"
307,10,False,False,0->0,,,,,16,1285,"392,922,523,501,738,469,321,885,524,828"
308,10,False,False,0->0,,,,,16,1253,"249,567,67,573,804,730,195,247,930,11"
310,10,False,False,0->0,,,,,16,3219,"458,741,706,197,580,208,174,105,202,802"
311,10,False,False,0->0,,,,,16,2399,"871,775,595,892,976,254,390,440,242,482"
312,10,False,False,0->0,,,,,16,1537,"725,663,534,226,114,8,64,158,65,913"
313,10,False,False,0->0,,,,,16,1043,"471,487,34,878,226,243,801,602,934,921"
314,10,False,False,0->0,,,,,16,1765,"323,207,962,710,541,605,782,332,372,224"
315,10,False,False,0->0,,,,,16,1675,"436,163,176,683,621,263,244,172,411,31"
319,10,False,False,0->0,,,,,16,3308,"845,95,162,955,220,291,313,72,880,856"
320,10,False,False,0->0,,,,,16,933,"661,391,784,979,580,642,475,195,602,836"
321,10,False,False,0->0,,,,,16,1392,"774,308,389,840,998,142,915,2,758,960"
322,10,False,False,0->0,,,,,16,1362,"85,760,50,211,152,908,990,92,751,748"
323,10,False,False,0->0,,,,,16,1676,"985,86,185,681,879,70,821,898,572,365"
324,10,False,False,0->0,,,,,16,1559,"168,52,402,199,67,686,510,197,836,725"
325,10,False,False,0->0,,,,,16,1278,"190,487,740,73,888,898,239,638,360,409"
327,10,False,False,0->0,,,,,16,2530,"290,320,36,741,493,488,554,519,241,721"
328,10,False,False,0->0,,,,,16,1063,"175,765,182,697,679,813,317,956,928,856"
329,10,False,False,0->0,,,,,16,1607,"735,722,811,637,679,44,198,636,762,520"
330,10,False,False,0->0,,,,,16,2120,"144,847,272,735,108,397,1000,590,441,24"
331,10,False,False,0->0,,,,,16,3193,"679,577,140,974,252,187,120,87,887,197"
332,10,False,False,0->0,,,,,16,1590,"655,500,981,60,922,142,971,802,416,588"
333,10,False,False,0->0,,,,,16,1029,"131,676,86,697,625,2,184,773,301,171"
334,10,False,False,0->0,,,,,16,2114,"344,548,2,259,577,600,745,125,389,887"
335,10,False,False,0->0,,,,,16,1110,"707,426,122,288,382,581,44,551,754,906"
337,10,False,False,0->0,,,,,16,1414,"721,398,813,208,285,104,957,277,21,697"
338,10,False,False,0->0,,,,,16,1772,"222,329,564,238,463,736,459,38,424,402"
339,10,False,False,0->0,,,,,16,2881,"791,733,796,547,920,592,776,374,800,578"
340,10,False,False,0->0,,,,,16,1338,"340,951,721,725,53,733,532,507,424,574"
341,10,False,False,0->0,,,,,16,1967,"269,368,99,622,104,536,140,637,398,378"
344,10,False,False,0->0,,,,,16,1265,"114,515,745,477,156,324,204,755,836,617"
345,10,False,False,0->0,,,,,16,746,"957,600,676,684,2,899,986,674,486,751"
346,10,False,False,0->0,,,,,16,1187,"494,915,942,595,719,483,103,333,184,613"
347,10,False,False,0->0,,,,,16,1516,"200,249,112,308,39,25,96,862,760,601"
348,10,False,False,0->0,,,,,16,1231,"387,958,433,607,438,236,380,983,407,79"
349,10,False,False,0->0,,,,,16,1822,"787,488,703,235,223,274,877,494,714,998"
350,10,False,False,0->0,,,,,16,1315,"141,335,430,198,479,873,413,612,391,572"
351,10,False,False,0->0,,,,,16,2091,"922,987,154,409,255,12,643,104,617,875"
352,10,False,False,0->0,,,,,16,1755,"141,535,77,60,347,22,787,934,977,544"
353,10,False,False,0->0,,,,,16,1527,"669,823,830,636,1000,549,957,684,230,193"
354,10,False,False,0->0,,,,,16,1755,"333,13,62,544,699,656,196,849,992,858"
355,10,False,False,0->0,,,,,16,1255,"458,485,117,712,949,805,440,734,32,749"
356,10,False,False,0->0,,,,,16,876,"697,337,221,921,613,709,816,842,906,564"
357,10,False,False,0->0,,,,,16,1530,"27,843,566,604,720,588,13,530,795,144"
360,10,False,False,0->0,,,,,16,1380,"856,948,242,204,775,9,757,7,327,276"
362,10,False,False,0->0,,,,,16,1685,"870,8,288,988,86,287,501,829,610,182"
363,10,False,False,0->0,,,,,16,1809,"641,314,3,346,5,581,362,431,109,250"
364,10,False,False,0->0,,,,,16,1068,"506,324,63,924,994,369,526,86,62,155"
367,10,False,False,0->0,,,,,16,1088,"638,228,589,239,844,309,189,878,773,31"
368,10,False,False,0->0,,,,,16,1323,"214,533,297,526,402,587,814,173,266,368"
370,10,False,False,0->0,,,,,16,990,"73,708,521,691,285,978,872,429,824,250"
371,10,False,False,0->0,,,,,16,1276,"927,125,252,777,372,451,144,567,82,801"
372,10,False,False,0->0,,,,,16,960,"865,426,396,483,770,285,534,152,589,860"
374,10,False,False,0->0,,,,,16,1522,"721,824,811,325,429,386,577,52,548,280"
375,10,False,False,0->0,,,,,16,1519,"795,262,686,313,166,40,543,907,830,150"
376,10,False,False,0->0,,,,,16,2388,"463,583,222,823,322,895,147,822,776,558"
377,10,False,False,0->0,,,,,16,1123,"372,515,696,342,679,98,857,19,729,852"
378,10,False,False,0->0,,,,,16,2019,"268,686,760,838,314,370,119,863,597,980"
379,10,False,False,0->0,,,,,16,2648,"945,557,92,187,626,642,872,657,264,937"
380,10,False,False,0->0,,,,,16,1432,"720,239,185,250,488,683,169,434,831,209"
381,10,False,False,0->0,,,,,16,1373,"600,843,7,784,18,174,371,855,847,391"
382,10,False,False,0->0,,,,,16,1735,"254,373,168,547,601,262,259,375,968,763"
383,10,False,False,0->0,,,,,16,1885,"190,851,887,370,598,253,860,483,154,798"
384,10,False,False,0->0,,,,,16,2046,"835,357,517,276,25,989,97,590,140,132"
385,10,False,False,0->0,,,,,16,2359,"821,364,826,141,135,601,822,131,56,937"
387,10,False,False,0->0,,,,,16,1075,"124,410,272,98,691,279,332,386,581,490"
389,10,False,False,0->0,,,,,16,1413,"607,331,302,704,751,990,585,527,621,53"
390,10,False,False,0->0,,,,,16,1114,"768,524,605,164,594,369,31,752,859,762"
391,10,False,False,0->0,,,,,16,1819,"860,646,145,421,197,79,875,708,886,495"
393,10,False,False,0->0,,,,,16,904,"981,223,566,885,389,479,359,209,560,784"
394,10,False,False,0->0,,,,,16,1390,"976,133,332,284,768,120,344,179,195,1"
397,10,False,False,0->0,,,,,16,1570,"611,622,344,690,198,535,971,303,649,765"
398,10,False,False,0->0,,,,,16,2317,"831,928,564,162,661,333,210,836,507,257"
399,10,False,False,0->0,,,,,16,2456,"260,268,165,955,497,555,827,205,800,104"
400,10,False,False,0->0,,,,,16,849,"307,425,933,183,853,570,99,401,74,77"
401,10,False,False,0->0,,,,,16,1900,"230,978,400,96,315,969,6,493,382,483"
402,10,False,False,0->0,,,,,16,1242,"178,24,285,911,951,80,731,374,613,284"
403,10,False,False,0->0,,,,,16,1529,"797,197,500,705,838,910,655,452,45,329"
404,10,False,False,0->0,,,,,16,802,"969,922,828,855,67,720,5,685,787,297"
405,10,True,True,1->1,0.0842640974708915,0.0842640974708915,2.6362438920026827,2.6362438920026827,16,1806,"914,384,109,782,37,440,116,637,808,356"
406,10,False,False,0->0,,,,,16,1204,"161,379,228,434,751,59,648,29,4,372"
407,10,False,False,0->0,,,,,16,1364,"563,635,122,987,573,138,63,125,580,517"
410,10,False,False,0->0,,,,,16,1590,"202,327,621,896,780,378,404,705,702,263"
411,10,False,False,0->0,,,,,16,620,"239,391,418,762,31,393,811,538,63,852"
412,10,False,False,0->0,,,,,16,1813,"125,517,337,511,447,163,623,74,695,719"
417,10,False,False,0->0,,,,,16,2108,"569,646,265,179,483,386,829,370,505,358"
418,10,False,False,0->0,,,,,16,815,"454,491,383,515,96,612,523,438,587,620"
419,10,False,False,0->0,,,,,16,1550,"321,699,943,185,36,98,116,658,601,407"
420,10,False,False,0->0,,,,,16,1385,"260,754,196,995,597,552,554,854,242,136"
421,10,False,False,0->0,,,,,16,1866,"896,911,13,7,386,309,605,290,778,438"
422,10,False,False,0->0,,,,,16,1990,"312,801,121,291,675,2,165,201,868,302"
423,10,False,False,0->0,,,,,16,1280,"942,119,41,362,223,570,394,369,39,725"
424,10,False,False,0->0,,,,,16,1808,"279,476,750,552,594,443,530,504,284,80"
425,10,False,False,0->0,,,,,16,882,"25,724,656,704,40,220,452,241,46,667"
426,10,False,False,0->0,,,,,16,1655,"587,666,755,634,375,67,646,548,595,203"
427,10,False,False,0->0,,,,,16,1824,"937,905,413,663,520,821,47,569,838,998"
428,10,False,False,0->0,,,,,16,1198,"465,933,459,278,59,772,321,279,195,260"
429,10,False,False,0->0,,,,,16,1301,"632,512,683,650,91,910,709,721,271,712"
430,10,False,False,0->0,,,,,16,2433,"265,544,321,717,921,493,790,239,78,7"
432,10,False,False,0->0,,,,,16,1902,"774,994,984,31,706,216,486,25,260,404"
433,10,False,False,0->0,,,,,16,807,"815,972,44,842,369,849,796,324,528,563"
434,10,False,False,0->0,,,,,16,1941,"663,468,708,973,278,702,957,740,133,248"
435,10,False,False,0->0,,,,,16,1789,"359,459,942,941,872,437,203,749,347,681"
437,10,False,False,0->0,,,,,16,880,"790,167,968,972,758,214,175,519,755,178"
439,10,False,False,0->0,,,,,16,743,"47,270,236,479,758,76,774,954,736,314"
440,10,False,False,0->0,,,,,16,1791,"505,610,686,479,453,638,574,758,648,467"
441,10,False,False,0->0,,,,,16,1713,"558,97,650,726,624,329,442,978,49,160"
443,10,False,False,0->0,,,,,16,1666,"594,688,586,597,216,961,289,566,855,391"
444,10,False,False,0->0,,,,,16,2323,"374,494,591,490,477,873,847,197,57,255"
445,10,False,False,0->0,,,,,16,1747,"490,601,146,886,424,273,103,297,469,980"
446,10,False,False,0->0,,,,,16,1624,"49,124,709,590,683,38,335,187,979,458"
447,10,False,False,0->0,,,,,16,1651,"396,914,268,33,413,769,556,587,313,38"
450,10,False,False,0->0,,,,,16,1941,"830,930,322,578,618,178,1,844,134,796"
452,10,False,False,0->0,,,,,16,1898,"222,817,230,27,720,111,204,583,632,330"
453,10,False,False,0->0,,,,,16,1301,"1,250,257,102,77,762,686,705,954,304"
454,10,False,False,0->0,,,,,16,1176,"979,47,926,709,179,741,469,343,970,546"
455,10,False,False,0->0,,,,,16,2215,"879,796,125,87,426,86,654,388,505,838"
457,10,False,False,0->0,,,,,16,950,"420,85,359,4,342,588,884,473,293,722"
458,10,False,False,0->0,,,,,16,1538,"2,829,425,922,964,940,775,605,929,483"
460,10,False,False,0->0,,,,,16,2249,"362,210,491,197,667,279,711,662,368,591"
461,10,False,False,0->0,,,,,16,1853,"676,615,319,304,627,490,920,277,499,61"
462,10,False,False,0->0,,,,,16,2381,"261,826,498,485,903,646,76,756,833,463"
464,10,False,False,0->0,,,,,16,1139,"5,699,574,331,327,621,421,673,108,486"
466,10,False,False,0->0,,,,,16,1626,"767,401,987,813,161,61,788,290,617,555"
467,10,False,False,0->0,,,,,16,1945,"974,263,549,387,567,456,902,490,93,173"
468,10,False,False,0->0,,,,,16,2309,"225,291,249,844,319,400,196,312,782,458"
469,10,False,False,0->0,,,,,16,1304,"486,133,814,166,601,662,447,337,697,754"
470,10,False,False,0->0,,,,,16,562,"12,742,589,984,190,232,734,528,507,70"
472,10,False,False,0->0,,,,,16,2513,"871,145,259,198,673,982,750,518,365,99"
473,10,False,False,0->0,,,,,16,1784,"297,444,542,873,62,172,757,903,808,786"
474,10,False,False,0->0,,,,,16,2211,"934,175,822,459,851,273,405,181,446,928"
475,10,False,False,0->0,,,,,16,1075,"53,714,203,127,278,792,494,690,860,784"
476,10,False,False,0->0,,,,,16,759,"780,791,931,412,857,176,239,101,866,469"
477,10,False,False,0->0,,,,,16,1761,"979,838,276,770,900,497,594,674,789,426"
478,10,False,False,0->0,,,,,16,672,"685,989,487,20,553,387,602,683,32,220"
479,10,False,False,0->0,,,,,16,2043,"972,82,36,536,550,797,772,481,87,412"
480,10,False,False,0->0,,,,,16,2428,"82,230,98,403,590,324,724,183,911,408"
481,10,False,False,0->0,,,,,16,923,"85,532,402,261,244,867,838,137,212,472"
483,10,False,False,0->0,,,,,16,1742,"900,613,505,790,289,650,935,497,103,753"
484,10,False,False,0->0,,,,,16,1063,"413,635,43,376,695,257,749,672,404,211"
485,10,False,False,0->0,,,,,16,1636,"571,467,929,418,201,429,621,941,994,520"
486,10,False,False,0->0,,,,,16,1150,"128,597,832,709,555,565,756,136,759,444"
488,10,False,False,0->0,,,,,16,1440,"721,370,507,447,134,297,119,371,20,8"
489,10,False,False,0->0,,,,,16,847,"436,109,589,803,18,356,551,148,633,757"
492,10,False,False,0->0,,,,,16,1259,"316,489,907,119,609,566,522,375,476,737"
493,10,False,False,0->0,,,,,16,1941,"865,597,419,255,401,86,498,327,895,591"
494,10,False,False,0->0,,,,,16,1756,"155,931,95,582,964,451,868,604,158,43"
495,10,False,False,0->0,,,,,16,760,"794,319,527,616,418,344,581,714,873,14"
496,10,False,False,0->0,,,,,16,1984,"620,712,587,131,210,233,265,362,304,874"
499,10,False,False,0->0,,,,,16,977,"428,460,195,674,716,586,461,389,571,884"
500,10,False,False,0->0,,,,,16,1352,"99,60,461,79,567,90,783,439,816,134"
501,10,False,False,0->0,,,,,16,1237,"6,615,670,550,476,372,202,937,750,76"
502,10,False,False,0->0,,,,,16,1662,"692,795,975,639,926,751,989,544,535,74"
505,10,False,False,0->0,,,,,16,1984,"750,277,131,801,599,37,230,520,27,26"
506,10,False,False,0->0,,,,,16,2288,"569,119,678,397,163,238,629,27,870,770"
507,10,False,False,0->0,,,,,16,1799,"977,408,24,91,844,693,236,979,355,332"
510,10,False,False,0->0,,,,,16,1348,"206,379,357,389,602,757,963,768,38,245"
511,10,False,False,0->0,,,,,16,1224,"707,543,440,757,384,743,624,660,404,434"
512,10,False,False,0->0,,,,,16,1366,"184,280,762,987,154,888,879,985,910,538"
513,10,False,False,0->0,,,,,16,926,"18,663,483,919,897,790,517,600,243,448"
514,10,False,False,0->0,,,,,16,1763,"858,852,378,569,775,307,938,716,320,402"
518,10,False,False,0->0,,,,,16,1823,"124,856,22,551,58,917,756,375,950,816"
519,10,False,False,0->0,,,,,16,1419,"994,758,962,23,346,235,536,249,614,850"
520,10,False,False,0->0,,,,,16,1114,"878,208,531,99,533,788,195,971,193,893"
521,10,False,False,0->0,,,,,16,1855,"662,714,674,383,781,612,465,557,485,157"
523,10,False,False,0->0,,,,,16,1601,"132,804,577,241,935,158,855,81,716,990"
524,10,False,False,0->0,,,,,16,2429,"822,305,360,597,935,268,900,437,140,734"
526,10,False,False,0->0,,,,,16,1793,"107,187,629,454,132,346,135,542,931,764"
527,10,False,False,0->0,,,,,16,1320,"244,982,25,962,856,863,23,546,898,401"
528,10,False,False,0->0,,,,,16,2050,"883,220,710,364,920,669,229,16,517,80"
530,10,False,False,0->0,,,,,16,1355,"963,599,767,594,167,558,127,842,857,950"
531,10,False,False,0->0,,,,,16,827,"456,387,61,943,818,687,905,566,436,731"
533,10,False,False,0->0,,,,,16,842,"842,515,588,919,708,629,72,372,662,394"
535,10,False,False,0->0,,,,,16,1742,"119,144,121,465,712,204,160,330,309,856"
536,10,False,False,0->0,,,,,16,1974,"55,80,229,602,703,797,45,506,880,360"
537,10,False,False,0->0,,,,,16,2214,"817,850,23,381,804,451,99,942,680,764"
543,10,False,False,0->0,,,,,16,1119,"613,537,67,40,505,416,34,5,266,724"
544,10,False,False,0->0,,,,,16,1674,"33,949,700,984,370,276,467,683,834,236"
545,10,False,False,0->0,,,,,16,1572,"424,771,586,574,446,728,173,588,63,392"
546,10,False,False,0->0,,,,,16,1880,"241,384,795,703,114,767,169,623,750,217"
547,10,False,False,0->0,,,,,16,1507,"303,48,712,627,271,673,770,738,137,264"
548,10,False,False,0->0,,,,,16,1886,"845,147,494,714,981,199,196,695,154,746"
549,10,False,False,0->0,,,,,16,1709,"134,16,39,999,112,44,146,161,659,691"
550,10,False,False,0->0,,,,,16,2117,"471,391,312,65,577,993,179,218,974,223"
552,10,False,False,0->0,,,,,16,940,"857,844,492,690,301,31,402,603,684,64"
554,10,False,False,0->0,,,,,16,1460,"972,504,818,551,251,798,513,245,60,779"
555,10,False,False,0->0,,,,,16,1270,"721,254,653,634,814,886,178,423,524,126"
557,10,False,False,0->0,,,,,16,2039,"198,536,749,429,578,814,517,981,315,797"
558,10,False,False,0->0,,,,,16,1015,"721,303,423,632,101,687,725,592,850,310"
559,10,False,False,0->0,,,,,16,2141,"2,838,238,388,656,5,259,713,290,269"
560,10,False,False,0->0,,,,,16,2085,"528,843,232,814,43,515,88,857,73,858"
561,10,False,False,0->0,,,,,16,1828,"763,194,655,392,415,835,103,31,58,257"
562,10,False,False,0->0,,,,,16,1346,"134,660,741,127,715,862,541,602,567,554"
563,10,False,False,0->0,,,,,16,1105,"138,816,669,568,787,132,507,352,884,597"
565,10,False,False,0->0,,,,,16,1831,"954,565,980,4,641,797,11,558,210,708"
566,10,False,False,0->0,,,,,16,1278,"417,898,736,329,778,639,543,95,492,312"
569,10,False,False,0->0,,,,,16,1142,"571,767,452,927,676,260,507,155,255,560"
570,10,False,False,0->0,,,,,16,1555,"131,955,136,761,790,383,346,268,37,476"
571,10,False,False,0->0,,,,,16,1414,"49,324,8,963,475,804,815,41,699,113"
572,10,False,False,0->0,,,,,16,1240,"606,208,684,501,184,332,356,247,751,495"
575,10,False,False,0->0,,,,,16,1479,"942,316,948,711,33,315,95,364,650,212"
576,10,False,False,0->0,,,,,16,1544,"599,731,21,210,312,476,926,340,217,784"
577,10,False,False,0->0,,,,,16,1735,"853,59,726,522,259,220,65,660,917,148"
578,10,False,False,0->0,,,,,16,1092,"691,782,425,852,893,74,41,420,145,749"
579,10,False,False,0->0,,,,,16,1547,"57,104,126,100,501,441,569,978,564,980"
580,10,False,False,0->0,,,,,16,1250,"493,533,457,961,926,207,603,235,368,80"
582,10,False,False,0->0,,,,,16,2240,"611,860,437,879,326,423,335,992,738,710"
583,10,False,False,0->0,,,,,16,1567,"440,655,264,823,483,560,154,595,690,826"
584,10,False,False,0->0,,,,,16,1395,"798,681,225,422,278,426,558,553,563,277"
587,10,False,False,0->0,,,,,16,1147,"630,365,41,441,380,29,692,956,85,548"
589,10,False,False,0->0,,,,,16,1564,"13,750,785,124,293,19,730,249,565,387"
590,10,False,False,0->0,,,,,16,1417,"962,430,810,498,976,609,321,581,11,209"
591,10,False,False,0->0,,,,,16,1167,"5,283,753,672,956,730,634,424,32,211"
592,10,False,False,0->0,,,,,16,2164,"400,230,382,704,724,806,267,879,303,150"
593,10,False,False,0->0,,,,,16,1692,"850,785,268,96,542,844,221,667,62,441"
596,10,False,False,0->0,,,,,16,2055,"753,335,469,326,626,106,207,619,293,804"
597,10,False,False,0->0,,,,,16,1023,"720,265,768,842,513,594,420,455,439,182"
598,10,False,False,0->0,,,,,16,1495,"719,424,363,613,403,798,362,267,100,702"
599,10,False,False,0->0,,,,,16,1478,"714,600,114,396,927,727,383,325,423,942"
600,10,False,False,0->0,,,,,16,1683,"734,233,534,312,251,313,2,181,324,547"
601,10,False,False,0->0,,,,,16,1976,"643,355,871,500,93,189,288,631,371,46"
602,10,False,False,0->0,,,,,16,2562,"544,583,646,492,738,550,863,651,723,32"
604,10,False,False,0->0,,,,,16,1378,"674,307,17,404,666,731,395,713,895,877"
605,10,False,False,0->0,,,,,16,1474,"32,811,290,574,506,411,390,162,662,287"
606,10,False,False,0->0,,,,,16,1280,"637,96,570,269,913,398,271,431,589,699"
608,10,False,False,0->0,,,,,16,2804,"388,294,666,569,527,598,386,544,196,238"
609,10,False,False,0->0,,,,,16,959,"268,24,981,299,44,107,673,323,933,897"
610,10,False,False,0->0,,,,,16,2135,"659,161,985,61,443,500,531,375,194,975"
612,10,False,False,0->0,,,,,16,2215,"216,714,109,720,73,249,527,802,245,524"
613,10,False,False,0->0,,,,,16,1756,"141,127,221,358,756,224,150,134,166,103"
614,10,False,False,0->0,,,,,16,939,"393,602,285,357,181,333,369,828,260,456"
615,10,False,False,0->0,,,,,16,1859,"574,725,51,398,511,329,312,392,966,166"
618,10,False,False,0->0,,,,,16,1017,"318,810,636,983,702,158,727,737,381,54"
619,10,False,False,0->0,,,,,16,2394,"508,124,661,257,877,659,783,868,460,437"
620,10,False,False,0->0,,,,,16,1429,"958,370,131,20,648,101,302,116,913,438"
623,10,False,False,0->0,,,,,16,1367,"690,323,805,989,892,76,20,47,32,776"
625,10,False,False,0->0,,,,,16,2040,"13,578,803,902,398,475,396,238,135,880"
626,10,False,False,0->0,,,,,16,2501,"482,531,661,542,745,491,116,803,370,827"
629,10,False,False,0->0,,,,,16,2033,"431,138,79,716,817,909,796,863,415,782"
630,10,False,False,0->0,,,,,16,1713,"850,278,284,474,383,269,332,423,960,1"
631,10,False,False,0->0,,,,,16,1195,"824,57,924,565,189,430,90,760,469,658"
632,10,False,False,0->0,,,,,16,1140,"724,62,298,60,407,847,468,687,731,124"
633,10,False,False,0->0,,,,,16,1371,"64,363,33,192,614,910,831,178,583,487"
634,10,False,False,0->0,,,,,16,2459,"138,884,633,381,765,786,618,542,871,188"
635,10,False,False,0->0,,,,,16,2001,"453,16,358,784,261,829,168,594,902,748"
637,10,False,False,0->0,,,,,16,2038,"955,625,567,928,674,757,383,577,908,33"
639,10,False,False,0->0,,,,,16,1761,"867,715,657,357,31,7,778,51,619,204"
640,10,False,False,0->0,,,,,16,1808,"774,282,174,898,827,238,63,155,705,473"
644,10,False,False,0->0,,,,,16,1140,"241,600,713,588,956,634,542,63,798,786"
645,10,False,False,0->0,,,,,16,3271,"548,998,669,396,384,495,136,598,368,290"
646,10,False,False,0->0,,,,,16,1782,"810,202,132,985,679,928,252,192,964,487"
647,10,False,False,0->0,,,,,16,1724,"688,388,340,130,458,514,429,198,769,385"
648,10,False,False,0->0,,,,,16,1340,"583,602,441,113,105,966,404,958,106,53"
651,10,False,False,0->0,,,,,16,1777,"507,926,459,95,607,974,457,612,599,24"
652,10,False,False,0->0,,,,,16,1094,"793,91,268,616,327,771,723,97,736,686"
653,10,False,False,0->0,,,,,16,1353,"145,629,758,166,991,318,200,271,537,25"
654,10,False,False,0->0,,,,,16,1266,"538,969,465,909,133,158,310,180,493,238"
655,10,False,False,0->0,,,,,16,1200,"603,940,681,729,515,267,46,746,944,105"
656,10,False,False,0->0,,,,,16,1022,"630,557,169,433,983,731,849,224,124,400"
657,10,False,False,0->0,,,,,16,1152,"669,1000,135,299,220,566,106,522,888,372"
658,10,False,False,0->0,,,,,16,1547,"460,616,378,39,59,831,252,290,641,765"
659,10,False,False,0->0,,,,,16,1723,"692,986,266,705,103,463,952,930,304,368"
660,10,False,False,0->0,,,,,16,1708,"837,968,479,250,501,652,343,492,329,158"
661,10,False,False,0->0,,,,,16,1617,"188,999,634,131,575,831,552,737,51,458"
663,10,False,False,0->0,,,,,16,1525,"642,172,373,831,625,697,646,368,483,518"
664,10,False,False,0->0,,,,,16,1340,"247,32,107,147,375,774,868,790,783,623"
665,10,False,False,0->0,,,,,16,1894,"734,455,574,298,700,679,695,255,152,669"
666,10,False,False,0->0,,,,,16,1167,"510,782,978,631,384,793,12,27,98,43"
667,10,False,False,0->0,,,,,16,923,"319,53,51,17,791,870,737,42,403,220"
670,10,False,False,0->0,,,,,16,1237,"517,696,522,505,919,658,539,408,868,842"
673,10,False,False,0->0,,,,,16,1267,"537,646,627,325,96,541,147,384,276,823"
674,10,False,False,0->0,,,,,16,2497,"618,728,691,368,945,760,981,88,641,479"
675,10,False,False,0->0,,,,,16,2211,"371,619,906,624,337,431,495,202,708,679"
676,10,False,False,0->0,,,,,16,1515,"632,193,92,863,862,31,120,202,220,849"
678,10,False,False,0->0,,,,,16,2020,"231,471,376,892,371,718,37,929,693,853"
679,10,False,False,0->0,,,,,16,1021,"376,205,915,833,425,269,440,963,656,926"
680,10,False,False,0->0,,,,,16,2659,"39,83,518,854,643,133,655,888,366,974"
681,10,False,False,0->0,,,,,16,1110,"821,95,200,189,389,771,742,120,236,337"
682,10,False,False,0->0,,,,,16,943,"801,587,148,32,175,768,623,710,167,87"
685,10,False,False,0->0,,,,,16,1012,"954,891,738,984,905,969,371,666,94,594"
687,10,False,False,0->0,,,,,16,1719,"694,928,285,814,206,704,185,859,344,728"
688,10,False,False,0->0,,,,,16,2504,"917,491,3,388,218,736,359,501,11,677"
689,10,False,False,0->0,,,,,16,1487,"836,15,616,297,580,973,343,910,895,425"
690,10,False,False,0->0,,,,,16,1980,"566,929,743,589,672,764,433,843,277,702"
692,10,False,False,0->0,,,,,16,2167,"852,201,162,36,320,37,740,22,760,315"
693,10,False,False,0->0,,,,,16,1070,"566,317,792,412,854,564,720,621,96,674"
694,10,False,False,0->0,,,,,16,2180,"777,1000,843,236,36,161,180,697,722,140"
696,10,False,False,0->0,,,,,16,1615,"919,87,705,857,159,631,15,264,397,17"
699,10,False,False,0->0,,,,,16,1843,"303,187,523,726,893,1,536,833,409,542"
700,10,False,False,0->0,,,,,16,1256,"183,443,927,785,851,280,686,749,233,592"
701,10,False,False,0->0,,,,,16,922,"780,159,983,790,233,653,852,595,34,500"
703,10,False,False,0->0,,,,,16,1323,"837,670,828,755,236,122,383,729,171,78"
704,10,False,False,0->0,,,,,16,1239,"165,145,873,120,180,892,796,407,977,931"
705,10,False,False,0->0,,,,,16,2489,"78,132,661,136,875,313,321,937,499,229"
706,10,False,False,0->0,,,,,16,1383,"550,768,456,696,811,500,717,77,134,136"
708,10,False,False,0->0,,,,,16,1789,"410,599,919,3,156,607,690,531,111,248"
709,10,False,False,0->0,,,,,16,1302,"274,451,434,52,282,755,110,635,736,359"
710,10,False,False,0->0,,,,,16,1594,"928,773,56,902,55,716,855,183,134,77"
711,10,False,False,0->0,,,,,16,3229,"49,163,246,402,776,607,400,871,670,201"
713,10,False,False,0->0,,,,,16,1738,"165,436,829,763,844,981,503,137,976,2"
714,10,False,False,0->0,,,,,16,936,"538,278,676,186,203,670,135,60,5,298"
715,10,False,False,0->0,,,,,16,2001,"260,697,553,726,711,816,375,302,205,359"
716,10,False,False,0->0,,,,,16,1371,"906,201,33,565,847,138,748,915,284,801"
717,10,False,False,0->0,,,,,16,2520,"896,848,166,966,107,843,222,888,329,700"
718,10,False,False,0->0,,,,,16,2028,"863,132,287,57,412,179,871,862,859,271"
721,10,False,False,0->0,,,,,16,2221,"136,127,126,412,655,795,976,217,630,326"
722,10,False,False,0->0,,,,,16,1902,"194,424,862,924,709,262,395,287,134,519"
723,10,False,False,0->0,,,,,16,896,"582,595,622,20,139,926,962,23,442,6"
724,10,False,False,0->0,,,,,16,2178,"74,797,394,368,231,774,98,544,423,884"
725,10,False,False,0->0,,,,,16,1869,"468,467,578,373,266,408,511,102,393,517"
726,10,False,False,0->0,,,,,16,1098,"986,978,736,499,229,592,247,968,34,787"
727,10,False,False,0->0,,,,,16,1434,"472,534,908,755,394,688,850,141,457,578"
729,10,False,False,0->0,,,,,16,1103,"73,246,745,519,262,786,753,5,283,402"
730,10,False,False,0->0,,,,,16,1023,"190,288,587,817,96,796,410,952,146,604"
731,10,False,False,0->0,,,,,16,1117,"742,954,931,634,526,415,633,475,420,253"
732,10,False,False,0->0,,,,,16,2267,"262,507,680,363,626,770,74,477,64,112"
733,10,False,False,0->0,,,,,16,2453,"347,6,739,672,390,366,777,93,693,91"
734,10,False,False,0->0,,,,,16,1831,"421,593,329,467,378,16,805,183,416,942"
735,10,False,False,0->0,,,,,16,2024,"154,902,92,605,536,754,748,688,1,86"
737,10,False,False,0->0,,,,,16,1570,"824,463,781,383,691,651,146,294,248,574"
738,10,False,False,0->0,,,,,16,1291,"231,92,950,347,236,199,282,730,209,246"
740,10,False,False,0->0,,,,,16,1791,"998,511,589,255,481,169,621,761,683,73"
741,10,False,False,0->0,,,,,16,1208,"305,166,186,93,718,696,54,724,524,821"
743,10,False,False,0->0,,,,,16,1420,"303,633,945,753,242,21,217,205,381,167"
744,10,False,False,0->0,,,,,16,1872,"73,574,1,55,485,250,107,872,120,769"
746,10,False,False,0->0,,,,,16,1351,"218,806,387,535,672,180,418,728,543,430"
747,10,False,False,0->0,,,,,16,1185,"17,552,708,787,642,713,770,833,209,570"
748,10,False,False,0->0,,,,,16,2531,"302,473,636,913,587,571,482,83,526,626"
749,10,False,False,0->0,,,,,16,1298,"391,325,454,541,659,245,94,751,182,523"
750,10,False,False,0->0,,,,,16,1424,"742,402,374,761,130,856,964,436,805,369"
751,10,False,False,0->0,,,,,16,1467,"874,850,277,492,586,913,920,196,649,107"
754,10,False,False,0->0,,,,,16,566,"625,414,152,360,53,589,207,530,287,97"
755,10,False,False,0->0,,,,,16,1756,"389,474,202,563,439,81,765,868,165,101"
756,10,False,False,0->0,,,,,16,1727,"952,11,73,4,358,109,917,397,297,186"
757,10,False,False,0->0,,,,,16,2014,"54,262,642,147,598,504,357,605,711,718"
759,10,False,False,0->0,,,,,16,2044,"304,948,455,360,230,554,48,16,804,119"
760,10,False,False,0->0,,,,,16,2236,"44,666,12,453,661,941,816,177,976,748"
762,10,False,False,0->0,,,,,16,890,"915,332,906,457,392,560,121,635,193,899"
765,10,False,False,0->0,,,,,16,1037,"96,511,302,961,635,251,86,500,497,156"
767,10,False,False,0->0,,,,,16,1774,"541,269,574,593,829,909,267,370,976,111"
769,10,False,False,0->0,,,,,16,2399,"230,473,791,708,86,460,369,172,532,802"
771,10,False,False,0->0,,,,,16,1256,"878,282,964,16,439,507,65,486,193,621"
773,10,False,False,0->0,,,,,16,1043,"865,695,524,270,732,862,690,777,414,225"
774,10,False,False,0->0,,,,,16,1286,"29,294,603,239,877,57,9,592,305,656"
775,10,False,False,0->0,,,,,16,2002,"632,330,887,954,914,857,808,694,247,844"
777,10,False,False,0->0,,,,,16,2499,"232,459,84,823,506,230,130,512,68,169"
778,10,False,False,0->0,,,,,16,1763,"343,500,455,181,411,412,133,942,983,404"
779,10,False,False,0->0,,,,,16,1300,"67,101,465,534,344,851,584,908,774,880"
780,10,False,False,0->0,,,,,16,1460,"83,845,685,667,790,921,526,572,564,791"
781,10,False,False,0->0,,,,,16,2106,"610,451,225,993,34,375,268,488,723,160"
782,10,False,False,0->0,,,,,16,1939,"145,319,260,880,317,948,282,740,186,408"
783,10,False,False,0->0,,,,,16,2306,"771,871,193,845,92,971,454,385,906,443"
785,10,False,False,0->0,,,,,16,988,"990,245,583,64,338,782,355,40,80,749"
786,10,False,False,0->0,,,,,16,1540,"584,163,105,33,781,446,754,823,836,972"
787,10,False,False,0->0,,,,,16,1547,"294,662,477,531,860,831,444,482,620,588"
788,10,False,False,0->0,,,,,16,1967,"543,400,676,755,938,324,826,693,514,903"
791,10,False,False,0->0,,,,,16,937,"538,96,446,483,553,479,789,681,952,131"
792,10,False,False,0->0,,,,,16,2363,"41,164,607,787,15,720,140,633,343,23"
794,10,False,False,0->0,,,,,16,1944,"267,585,960,145,551,31,955,973,99,363"
796,10,False,False,0->0,,,,,16,1782,"391,715,482,858,270,518,103,589,911,844"
797,10,False,False,0->0,,,,,16,2256,"994,280,376,395,438,879,441,880,23,476"
798,10,False,False,0->0,,,,,16,1087,"587,254,152,474,761,564,244,394,1,428"
800,10,False,False,0->0,,,,,16,2101,"505,360,718,155,488,363,530,514,144,953"
801,10,False,False,0->0,,,,,16,1870,"70,7,199,528,668,356,607,791,717,754"
804,10,False,False,0->0,,,,,16,929,"860,744,17,77,873,184,347,114,271,731"
806,10,False,False,0->0,,,,,16,1497,"619,269,998,338,612,492,792,422,443,117"
807,10,False,False,0->0,,,,,16,1195,"283,333,33,650,615,556,629,749,104,719"
809,10,False,False,0->0,,,,,16,1692,"267,899,76,155,50,746,308,443,92,508"
810,10,False,False,0->0,,,,,16,2246,"487,97,773,703,356,727,245,488,453,651"
811,10,False,False,0->0,,,,,16,1251,"828,830,704,365,627,834,877,670,96,757"
813,10,False,False,0->0,,,,,16,1403,"708,884,120,232,953,494,728,245,204,991"
815,10,False,False,0->0,,,,,16,1164,"902,623,968,689,49,486,220,829,483,24"
818,10,False,False,0->0,,,,,16,911,"744,980,460,70,110,393,56,65,483,428"
822,10,False,False,0->0,,,,,16,1336,"986,17,905,169,104,829,327,441,908,139"
823,10,False,False,0->0,,,,,16,1784,"748,623,200,394,180,177,802,719,690,415"
825,10,False,False,0->0,,,,,16,1454,"158,800,111,851,45,683,43,778,434,143"
826,10,False,False,0->0,,,,,16,1515,"902,591,774,627,821,646,679,383,758,613"
827,10,False,False,0->0,,,,,16,1703,"421,785,391,545,239,396,899,19,274,905"
828,10,False,False,0->0,,,,,16,2060,"800,933,865,333,520,323,858,834,751,364"
830,10,False,False,0->0,,,,,16,1798,"859,706,619,407,12,421,915,546,42,423"
832,10,False,False,0->0,,,,,16,1546,"378,3,56,316,649,803,983,909,473,147"
833,10,False,False,0->0,,,,,16,1543,"623,715,684,447,891,560,195,905,590,167"
834,10,False,False,0->0,,,,,16,2031,"899,29,195,960,363,37,294,598,950,505"
835,10,False,False,0->0,,,,,16,2106,"18,998,989,829,636,624,83,113,25,131"
836,10,False,False,0->0,,,,,16,1764,"760,696,80,264,400,955,570,522,41,440"
837,10,False,False,0->0,,,,,16,2068,"776,719,994,810,321,270,102,1,16,76"
838,10,False,False,0->0,,,,,16,1132,"189,856,503,279,795,586,571,569,243,65"
839,10,False,False,0->0,,,,,16,1318,"265,543,452,344,230,696,947,15,768,287"
840,10,False,False,0->0,,,,,16,1577,"244,708,569,686,693,574,74,297,752,302"
842,10,False,False,0->0,,,,,16,1835,"627,792,774,376,902,723,857,490,17,38"
844,10,False,False,0->0,,,,,16,2468,"221,676,632,847,164,928,797,77,113,577"
845,10,False,False,0->0,,,,,16,1661,"98,935,617,660,931,429,842,174,80,482"
846,10,False,False,0->0,,,,,16,1676,"981,126,569,515,142,473,656,3,835,344"
847,10,False,False,0->0,,,,,16,1902,"866,687,792,358,591,110,590,32,941,17"
852,10,False,False,0->0,,,,,16,1652,"710,787,67,987,415,531,57,857,915,369"
853,10,False,False,0->0,,,,,16,1104,"729,214,242,226,141,507,554,309,293,811"
856,10,False,False,0->0,,,,,16,1340,"829,821,533,519,672,972,356,556,937,798"
858,10,False,False,0->0,,,,,16,2334,"685,218,241,142,536,119,974,777,723,188"
859,10,False,False,0->0,,,,,16,1684,"584,487,805,239,121,917,549,610,826,906"
860,10,False,False,0->0,,,,,16,1119,"139,403,986,297,469,291,566,283,933,430"
861,10,False,False,0->0,,,,,16,1341,"753,501,730,469,874,761,587,526,866,438"
863,10,False,False,0->0,,,,,16,868,"753,673,110,786,780,167,646,615,959,755"
864,10,False,False,0->0,,,,,16,1957,"911,885,549,326,733,423,610,430,603,291"
865,10,False,False,0->0,,,,,16,990,"859,297,670,898,405,14,438,125,442,592"
866,10,False,False,0->0,,,,,16,2343,"189,862,861,578,411,557,858,81,91,857"
868,10,False,False,0->0,,,,,16,1036,"838,823,178,890,945,235,344,87,902,147"
870,10,False,False,0->0,,,,,16,1413,"410,624,526,271,616,973,430,666,563,915"
872,10,False,False,0->0,,,,,16,1776,"563,584,440,445,63,100,527,577,917,17"
873,10,False,False,0->0,,,,,16,1248,"681,640,550,232,475,541,225,581,496,424"
875,10,False,False,0->0,,,,,16,1511,"907,750,924,93,513,605,342,831,2,157"
876,10,False,False,0->0,,,,,16,1171,"568,737,185,142,580,792,722,128,436,174"
877,10,False,False,0->0,,,,,16,1195,"404,779,566,111,679,625,796,687,386,767"
879,10,False,False,0->0,,,,,16,1597,"159,389,926,128,324,421,848,261,680,467"
880,10,False,False,0->0,,,,,16,1113,"666,175,494,720,782,683,436,571,309,451"
882,10,False,False,0->0,,,,,16,1326,"481,686,271,724,106,98,711,360,116,172"
886,10,False,False,0->0,,,,,16,1913,"133,418,695,764,63,756,537,175,978,917"
889,10,False,False,0->0,,,,,16,1875,"142,568,657,711,550,116,785,273,293,333"
893,10,False,False,0->0,,,,,16,1508,"884,750,196,426,542,468,697,244,34,274"
894,10,False,False,0->0,,,,,16,1696,"494,264,815,968,224,344,634,981,358,553"
895,10,False,False,0->0,,,,,16,1831,"972,99,198,716,88,978,491,818,749,474"
897,10,False,False,0->0,,,,,16,1384,"266,920,67,244,395,418,732,459,132,761"
898,10,False,False,0->0,,,,,16,1545,"390,985,995,324,285,171,141,492,448,396"
899,10,False,False,0->0,,,,,16,2036,"239,897,980,627,408,20,713,429,485,742"
900,10,False,False,0->0,,,,,16,1887,"253,735,278,160,560,323,448,978,439,18"
901,10,False,False,0->0,,,,,16,2090,"493,388,426,124,940,690,952,693,287,742"
902,10,False,False,0->0,,,,,16,1643,"330,722,476,979,613,152,678,504,633,733"
903,10,False,False,0->0,,,,,16,1759,"34,210,759,620,114,796,36,715,775,573"
904,10,False,False,0->0,,,,,16,981,"684,762,833,224,736,729,122,593,135,394"
905,10,False,False,0->0,,,,,16,1206,"74,985,108,862,168,625,808,338,767,344"
907,10,False,False,0->0,,,,,16,1606,"987,446,588,613,789,193,980,268,178,792"
909,10,False,False,0->0,,,,,16,1199,"365,758,580,192,524,857,619,850,452,847"
910,10,False,False,0->0,,,,,16,2151,"468,686,268,798,19,779,950,745,987,962"
913,10,False,False,0->0,,,,,16,2577,"750,386,802,824,558,50,491,740,577,165"
914,10,False,False,0->0,,,,,16,1206,"537,943,801,483,824,618,935,979,305,194"
915,10,False,False,0->0,,,,,16,924,"914,650,687,138,522,726,842,175,534,588"
916,10,False,False,0->0,,,,,16,1205,"95,88,934,947,538,742,250,346,804,20"
917,10,False,False,0->0,,,,,16,1233,"737,375,609,555,128,299,309,753,589,301"
920,10,False,False,0->0,,,,,16,1480,"313,376,551,34,417,178,930,836,239,549"
921,10,False,False,0->0,,,,,16,1186,"788,283,738,581,930,241,600,843,736,357"
922,10,False,False,0->0,,,,,16,2109,"670,891,62,718,173,902,1,858,741,826"
923,10,False,False,0->0,,,,,16,1495,"636,172,731,703,420,856,26,722,58,277"
924,10,False,False,0->0,,,,,16,657,"913,731,195,568,981,914,134,984,100,741"
925,10,False,False,0->0,,,,,16,1449,"344,750,291,768,114,573,352,414,53,910"
926,10,False,False,0->0,,,,,16,1983,"396,504,575,697,811,90,800,458,754,514"
930,10,False,False,0->0,,,,,16,1966,"84,279,753,556,635,196,594,703,715,80"
931,10,False,False,0->0,,,,,16,1377,"581,938,36,187,152,724,718,640,729,389"
932,10,False,False,0->0,,,,,16,908,"156,602,951,911,780,280,95,144,93,463"
933,10,False,False,0->0,,,,,16,1132,"103,713,866,791,700,842,342,204,310,575"
934,10,False,False,0->0,,,,,16,1626,"239,238,903,835,169,201,33,773,495,161"
936,10,False,False,0->0,,,,,16,1490,"488,18,322,113,725,787,451,550,779,78"
938,10,False,False,0->0,,,,,16,1535,"104,346,504,631,674,515,303,411,217,714"
941,10,False,False,0->0,,,,,16,1604,"958,320,854,986,323,845,642,206,299,954"
942,10,False,False,0->0,,,,,16,1192,"7,249,593,905,38,612,120,126,418,90"
943,10,False,False,0->0,,,,,16,2467,"822,390,51,827,895,224,713,740,495,121"
944,10,False,False,0->0,,,,,16,2094,"305,802,660,517,446,530,121,140,917,952"
945,10,False,False,0->0,,,,,16,2367,"497,949,833,810,607,754,84,120,896,806"
949,10,False,False,0->0,,,,,16,1315,"990,50,530,239,650,832,685,797,221,588"
950,10,False,False,0->0,,,,,16,1887,"90,873,62,980,491,103,769,485,193,202"
951,10,False,False,0->0,,,,,16,2035,"641,88,828,496,545,494,873,919,542,605"
952,10,False,False,0->0,,,,,16,2150,"617,940,161,488,737,656,499,141,363,512"
953,10,False,False,0->0,,,,,16,1461,"459,640,139,804,100,638,313,988,137,592"
956,10,False,False,0->0,,,,,16,2126,"949,605,800,550,879,519,982,521,556,594"
957,10,False,False,0->0,,,,,16,1073,"239,526,951,815,814,178,434,379,670,958"
958,10,False,False,0->0,,,,,16,1332,"241,133,488,565,253,96,106,903,251,581"
962,10,False,False,0->0,,,,,16,1431,"735,751,655,868,960,817,795,315,600,393"
963,10,False,False,0->0,,,,,16,792,"501,157,993,67,280,122,907,527,683,801"
964,10,False,False,0->0,,,,,16,2001,"741,460,63,517,792,135,659,204,409,660"
965,10,False,False,0->0,,,,,16,2751,"452,119,77,822,370,18,917,850,649,657"
966,10,False,False,0->0,,,,,16,2885,"324,974,376,598,437,828,857,800,832,802"
967,10,False,False,0->0,,,,,16,1520,"620,738,183,989,474,710,452,322,226,204"
968,10,False,False,0->0,,,,,16,1376,"970,421,251,690,130,121,551,503,3,981"
969,10,False,False,0->0,,,,,16,943,"794,250,382,45,38,549,387,744,921,782"
970,10,False,False,0->0,,,,,16,1293,"254,468,931,141,695,194,551,137,860,442"
971,10,False,False,0->0,,,,,16,1571,"679,183,907,82,764,897,861,741,684,523"
972,10,False,False,0->0,,,,,16,1110,"429,768,748,169,33,408,415,524,630,371"
973,10,False,False,0->0,,,,,16,2771,"199,828,980,37,822,385,231,273,565,917"
974,10,False,False,0->0,,,,,16,1369,"872,877,759,591,985,911,990,174,248,632"
975,10,False,False,0->0,,,,,16,1100,"782,469,723,788,152,315,612,423,852,232"
976,10,False,False,0->0,,,,,16,1183,"959,3,550,430,531,696,860,707,64,14"
977,10,False,False,0->0,,,,,16,1717,"914,167,772,264,97,709,639,173,125,492"
978,10,False,False,0->0,,,,,16,1630,"743,272,512,857,617,217,849,763,20,661"
979,10,False,False,0->0,,,,,16,1381,"271,870,211,962,417,572,287,104,740,40"
980,10,False,False,0->0,,,,,16,1639,"507,729,722,461,494,204,503,672,871,968"
982,10,False,False,0->0,,,,,16,2411,"842,898,762,364,730,277,828,874,582,419"
983,10,False,False,0->0,,,,,16,1226,"741,968,708,456,468,225,128,358,410,154"
985,10,False,False,0->0,,,,,16,1239,"266,200,591,490,394,175,282,317,522,950"
986,10,False,False,0->0,,,,,16,1582,"67,944,410,335,218,111,740,627,61,365"
987,10,False,False,0->0,,,,,16,1967,"116,326,794,283,842,405,567,392,970,797"
988,10,False,False,0->0,,,,,16,1060,"58,548,909,534,413,573,768,305,786,635"
990,10,False,False,0->0,,,,,16,1530,"952,733,350,54,990,545,13,175,769,674"
992,10,False,False,0->0,,,,,16,1144,"395,931,369,539,537,715,422,771,61,774"
994,10,False,False,0->0,,,,,16,1404,"632,678,47,37,32,867,154,791,575,174"
995,10,False,False,0->0,,,,,16,2741,"467,677,127,874,290,785,150,155,765,158"
996,10,False,False,0->0,,,,,16,2028,"492,621,604,880,11,863,498,190,870,656"
997,10,False,False,0->0,,,,,16,1888,"725,465,817,710,73,117,140,443,929,870"
998,10,False,False,0->0,,,,,16,1649,"542,67,708,161,134,964,810,225,392,847"
999,10,False,False,0->0,,,,,16,1169,"223,421,5,15,535,33,285,34,622,722"
1000,10,False,False,0->0,,,,,16,1697,"679,949,617,926,625,955,291,411,67,238"
1001,10,False,False,0->0,,,,,16,1063,"837,656,369,601,870,625,38,167,774,539"
1002,10,False,False,0->0,,,,,16,1530,"880,411,708,934,260,59,937,566,885,614"
1003,10,False,False,0->0,,,,,16,1559,"534,141,611,257,335,229,225,517,144,12"
1005,10,False,False,0->0,,,,,16,1337,"9,736,928,906,981,558,754,402,371,479"
1006,10,False,False,0->0,,,,,16,1642,"581,675,212,578,3,564,360,260,806,270"
1008,10,False,False,0->0,,,,,16,2553,"504,468,787,842,666,903,793,395,230,298"
1009,10,False,False,0->0,,,,,16,2579,"173,954,172,208,381,524,187,678,165,445"
1010,10,False,False,0->0,,,,,16,1307,"162,961,51,831,783,729,984,788,297,405"
1011,10,False,False,0->0,,,,,16,1054,"551,161,604,970,184,23,952,396,382,972"
1012,10,False,False,0->0,,,,,16,2239,"271,695,993,808,382,702,174,974,73,722"
1013,10,False,False,0->0,,,,,16,1419,"50,131,501,407,155,843,310,398,652,357"
1014,10,False,False,0->0,,,,,16,1955,"305,403,510,504,290,638,1,385,431,33"
1016,10,False,False,0->0,,,,,16,1742,"816,689,487,663,886,56,127,218,603,808"
1019,10,False,False,0->0,,,,,16,1446,"411,305,767,944,710,496,193,503,225,362"
1020,10,False,False,0->0,,,,,16,2193,"279,827,70,917,494,475,539,874,376,483"
1022,10,False,False,0->0,,,,,16,1812,"451,380,907,165,513,317,627,127,156,646"
1023,10,False,False,0->0,,,,,16,1000,"689,532,759,610,223,235,468,107,41,167"
1024,10,False,False,0->0,,,,,16,1193,"695,360,203,921,150,951,511,431,242,969"
1025,10,False,False,0->0,,,,,16,1300,"279,254,531,98,143,438,954,124,465,136"
1026,10,False,False,0->0,,,,,16,1570,"518,182,409,8,294,496,105,805,426,327"
1027,10,False,False,0->0,,,,,16,1173,"486,523,107,171,899,111,563,890,513,386"
1028,10,False,False,0->0,,,,,16,1776,"280,108,590,648,790,569,61,995,543,837"
1029,10,False,False,0->0,,,,,16,2221,"980,998,150,257,494,716,210,342,394,851"
1030,10,False,False,0->0,,,,,16,1882,"201,437,871,786,565,40,198,105,491,440"
1031,10,False,False,0->0,,,,,16,1567,"862,262,526,302,940,727,633,390,113,490"
1032,10,False,False,0->0,,,,,16,1396,"994,222,316,980,24,384,672,32,998,935"
1033,10,False,False,0->0,,,,,16,1177,"625,340,158,616,887,514,49,54,128,8"
1034,10,False,False,0->0,,,,,16,2017,"360,92,410,922,848,526,633,194,626,217"
1036,10,False,False,0->0,,,,,16,1727,"77,431,557,78,244,748,73,251,922,238"
1037,10,False,False,0->0,,,,,16,1414,"492,247,513,392,708,589,1,911,903,302"
1038,10,False,False,0->0,,,,,16,1473,"147,695,856,34,868,887,340,595,972,63"
1039,10,False,False,0->0,,,,,16,1029,"44,418,618,134,662,378,145,779,476,103"
1041,10,False,False,0->0,,,,,16,2971,"816,612,101,326,786,3,268,659,590,538"
1042,10,False,False,0->0,,,,,16,1623,"196,900,18,498,813,914,47,837,977,976"
1043,10,False,False,0->0,,,,,16,1584,"556,293,514,487,512,742,426,204,352,22"
1044,10,False,False,0->0,,,,,16,1384,"768,926,823,777,360,750,584,52,355,811"
1048,10,False,False,0->0,,,,,16,1014,"459,834,622,269,130,564,492,950,575,668"
1049,10,False,False,0->0,,,,,16,2174,"777,91,853,957,524,750,942,11,147,503"
1050,10,False,False,0->0,,,,,16,1210,"4,548,953,382,875,384,954,625,270,24"
1051,10,False,False,0->0,,,,,16,1419,"239,643,95,752,693,600,31,74,452,548"
1052,10,False,False,0->0,,,,,16,1605,"952,7,564,602,872,797,891,463,72,503"
1053,10,False,False,0->0,,,,,16,1016,"176,898,260,410,942,195,315,565,924,87"
1054,10,False,False,0->0,,,,,16,1799,"96,537,584,851,112,445,366,224,373,53"
1055,10,False,False,0->0,,,,,16,2353,"225,481,962,646,326,252,814,488,199,64"
1056,10,False,False,0->0,,,,,16,645,"134,40,58,780,832,519,247,821,206,220"
1057,10,False,False,0->0,,,,,16,866,"278,897,468,195,933,524,415,74,85,80"
1059,10,False,False,0->0,,,,,16,1025,"705,806,178,834,895,271,375,222,102,622"
1060,10,False,False,0->0,,,,,16,1494,"530,943,800,62,26,60,48,187,247,246"
1061,10,False,False,0->0,,,,,16,1642,"109,711,720,147,130,699,273,727,774,203"
1062,10,False,False,0->0,,,,,16,829,"945,369,198,568,688,823,587,53,622,2"
1063,10,False,False,0->0,,,,,16,1399,"956,751,248,858,391,397,246,414,114,131"
1065,10,False,False,0->0,,,,,16,1383,"801,106,749,974,910,592,891,818,718,832"
1066,10,False,False,0->0,,,,,16,1774,"937,197,360,829,861,953,387,520,704,685"
1067,10,False,False,0->0,,,,,16,1606,"922,370,368,245,99,696,324,867,380,781"
1068,10,False,False,0->0,,,,,16,1740,"127,672,986,447,241,134,840,643,849,42"
1069,10,False,False,0->0,,,,,16,1774,"603,342,477,547,144,949,659,8,11,39"
1070,10,False,False,0->0,,,,,16,2600,"659,880,727,554,241,871,2,297,729,320"
1071,10,False,False,0->0,,,,,16,2207,"424,178,366,744,902,555,762,822,790,269"
1072,10,False,False,0->0,,,,,16,1630,"732,225,81,56,356,321,92,229,638,467"
1073,10,False,False,0->0,,,,,16,1397,"921,568,531,425,273,607,158,64,557,137"
1074,10,False,False,0->0,,,,,16,1335,"964,401,193,331,156,731,365,792,830,245"
1075,10,False,False,0->0,,,,,16,2071,"444,372,787,34,19,87,558,590,775,880"
1076,10,False,False,0->0,,,,,16,1067,"866,204,995,903,458,949,656,494,625,543"
1077,10,False,False,0->0,,,,,16,1376,"324,640,513,386,203,606,979,31,614,632"
1078,10,False,False,0->0,,,,,16,1106,"56,274,379,355,713,865,479,199,396,460"
1079,10,False,False,0->0,,,,,16,1797,"76,543,895,488,190,426,806,79,808,436"
1080,10,False,False,0->0,,,,,16,1967,"15,917,26,680,885,527,777,739,774,97"
1082,10,False,False,0->0,,,,,16,2794,"537,467,235,272,313,392,298,319,703,577"
1083,10,False,False,0->0,,,,,16,2259,"942,800,960,62,176,949,481,486,649,36"
1084,10,False,False,0->0,,,,,16,1271,"872,474,252,82,178,235,702,384,744,105"
1085,10,False,False,0->0,,,,,16,2150,"887,998,802,850,190,458,44,756,437,344"
1086,10,False,False,0->0,,,,,16,1877,"884,397,971,607,169,779,198,501,718,138"
1087,10,False,False,0->0,,,,,16,1860,"633,762,775,729,447,652,359,827,72,282"
1089,10,False,False,0->0,,,,,16,1192,"321,32,249,838,910,319,542,222,164,924"
1090,10,False,False,0->0,,,,,16,2552,"485,78,711,697,453,683,676,114,12,822"
1091,10,False,False,0->0,,,,,16,1136,"888,171,616,940,324,299,670,146,868,828"
1092,10,False,False,0->0,,,,,16,1422,"347,48,903,309,161,852,951,959,150,36"
1093,10,False,False,0->0,,,,,16,1685,"50,284,729,785,20,767,241,347,736,226"
1095,10,False,False,0->0,,,,,16,808,"660,107,355,323,683,968,603,492,212,511"
1096,10,False,False,0->0,,,,,16,2083,"204,604,107,505,391,471,257,278,851,537"
1097,10,False,False,0->0,,,,,16,2653,"114,220,463,814,599,845,652,48,577,302"
1099,10,False,False,0->0,,,,,16,1692,"851,636,252,80,467,706,968,702,537,42"
1100,10,False,False,0->0,,,,,16,1961,"205,197,185,887,494,317,739,510,817,957"
1102,10,False,False,0->0,,,,,16,1243,"746,661,968,613,181,922,373,966,551,59"
1104,10,False,False,0->0,,,,,16,463,"404,789,849,784,475,510,549,796,771,407"
1105,10,False,False,0->0,,,,,16,1033,"984,891,6,410,172,53,999,557,860,158"
1107,10,False,False,0->0,,,,,16,1871,"132,779,585,555,110,850,987,111,513,693"
1108,10,False,False,0->0,,,,,16,1271,"246,400,98,778,639,588,772,768,919,600"
1109,10,False,False,0->0,,,,,16,1744,"771,604,842,754,454,130,988,736,572,119"
1111,10,False,False,0->0,,,,,16,1921,"204,714,25,754,827,661,120,523,178,171"
1113,10,False,False,0->0,,,,,16,1173,"975,47,29,911,791,109,205,883,662,755"
1114,10,False,False,0->0,,,,,16,2200,"760,401,692,160,541,843,19,476,834,488"
1115,10,False,False,0->0,,,,,16,925,"330,211,325,260,594,14,428,830,763,683"
1116,10,False,False,0->0,,,,,16,1783,"856,19,329,13,26,598,41,187,330,924"
1117,10,False,False,0->0,,,,,16,2093,"411,448,441,194,33,85,607,510,878,160"
1118,10,False,False,0->0,,,,,16,2040,"415,668,225,141,803,127,858,943,229,321"
1121,10,False,False,0->0,,,,,16,2426,"105,761,607,700,577,459,851,691,474,643"
1125,10,False,False,0->0,,,,,16,1602,"605,475,76,414,929,642,163,372,748,595"
1126,10,False,False,0->0,,,,,16,1607,"290,263,777,101,661,927,911,386,218,593"
1127,10,False,False,0->0,,,,,16,1817,"52,620,635,860,526,840,1,416,476,499"
1128,10,False,False,0->0,,,,,16,867,"364,784,65,589,603,811,220,457,718,469"
1129,10,False,False,0->0,,,,,16,1254,"131,248,788,686,898,463,564,551,206,652"
1131,10,False,False,0->0,,,,,16,2221,"651,765,577,998,49,4,479,19,950,444"
1132,10,False,False,0->0,,,,,16,1199,"892,933,954,407,38,680,597,254,45,335"
1133,10,False,False,0->0,,,,,16,986,"751,483,862,705,74,508,554,489,147,32"
1135,10,False,False,0->0,,,,,16,1250,"941,52,975,780,372,362,533,824,365,385"
1136,10,False,False,0->0,,,,,16,1617,"384,983,97,294,136,779,468,273,722,247"
1137,10,False,False,0->0,,,,,16,1307,"176,22,976,87,536,116,251,332,897,169"
1138,10,False,False,0->0,,,,,16,1785,"722,428,973,486,507,257,9,180,949,161"
1139,10,False,False,0->0,,,,,16,1636,"524,513,953,673,90,117,238,72,834,242"
1140,10,False,False,0->0,,,,,16,1578,"833,131,236,175,40,230,788,557,793,995"
1141,10,False,False,0->0,,,,,16,2345,"291,39,368,131,891,483,114,634,736,408"
1142,10,False,False,0->0,,,,,16,2211,"177,585,18,62,414,327,871,828,423,822"
1143,10,False,False,0->0,,,,,16,2855,"98,700,618,114,471,383,707,551,756,626"
1144,10,False,False,0->0,,,,,16,1835,"446,493,269,379,833,510,566,806,944,840"
1145,10,False,False,0->0,,,,,16,1050,"270,446,428,176,475,220,410,62,455,511"
1146,10,False,False,0->0,,,,,16,1558,"493,548,515,584,146,931,915,2,947,536"
1147,10,False,False,0->0,,,,,16,1104,"679,873,597,293,859,721,242,497,273,838"
1148,10,False,False,0->0,,,,,16,1057,"745,622,231,962,338,72,830,186,959,977"
1150,10,False,False,0->0,,,,,16,998,"630,951,397,575,636,155,417,919,556,515"
1151,10,False,False,0->0,,,,,16,1547,"214,840,648,303,294,742,725,624,775,949"
1152,10,False,False,0->0,,,,,16,1032,"528,261,217,937,476,80,106,379,279,452"
1153,10,False,False,0->0,,,,,16,1770,"143,32,14,72,964,321,954,483,767,754"
1154,10,False,False,0->0,,,,,16,2116,"676,499,822,1000,143,911,95,374,134,55"
1156,10,False,False,0->0,,,,,16,2465,"659,68,797,20,73,138,78,287,386,900"
1157,10,False,False,0->0,,,,,16,1284,"33,403,713,938,707,245,114,542,116,885"
1158,10,False,False,0->0,,,,,16,818,"372,390,179,261,279,691,695,451,103,125"
1160,10,False,False,0->0,,,,,16,965,"731,704,50,695,436,943,539,934,452,231"
1162,10,False,False,0->0,,,,,16,1665,"794,477,157,74,429,113,236,262,903,648"
1163,10,False,False,0->0,,,,,16,962,"314,514,854,74,518,178,888,228,274,897"
1164,10,False,False,0->0,,,,,16,1845,"474,537,157,588,259,831,727,805,223,703"
1165,10,False,False,0->0,,,,,16,1372,"224,753,937,147,658,758,491,837,914,161"
1166,10,False,False,0->0,,,,,16,2114,"366,602,144,290,85,716,251,392,342,190"
1167,10,False,False,0->0,,,,,16,1706,"363,225,27,650,526,93,44,301,200,555"
1168,10,False,False,0->0,,,,,16,1516,"534,656,814,785,837,79,119,403,924,867"
1169,10,False,False,0->0,,,,,16,1637,"193,971,413,19,5,795,17,439,421,707"
1170,10,False,False,0->0,,,,,16,1335,"195,142,619,757,600,695,729,253,663,599"
1172,10,False,False,0->0,,,,,16,1739,"194,87,93,7,472,274,70,523,887,545"
1173,10,False,False,0->0,,,,,16,1098,"810,804,229,226,675,712,31,225,340,72"
1174,10,False,False,0->0,,,,,16,1327,"252,206,390,214,599,159,891,233,695,749"
1175,10,False,False,0->0,,,,,16,1637,"260,669,795,577,397,615,404,226,27,568"
1177,10,False,False,0->0,,,,,16,1085,"44,20,639,546,721,789,778,372,729,368"
1178,10,False,False,0->0,,,,,16,1499,"732,145,305,954,233,55,188,17,134,54"
1179,10,False,False,0->0,,,,,16,1325,"987,148,24,722,832,338,899,902,440,546"
1181,10,False,False,0->0,,,,,16,2179,"953,935,289,710,343,195,765,154,547,863"
1183,10,False,False,0->0,,,,,16,1142,"160,247,199,101,500,489,595,251,969,938"
1184,10,False,False,0->0,,,,,16,2129,"849,722,418,210,230,878,866,44,381,117"
1185,10,False,False,0->0,,,,,16,1502,"845,53,262,40,444,722,418,709,646,595"
1186,10,False,False,0->0,,,,,16,1896,"802,491,968,963,648,520,303,586,808,640"
1187,10,False,False,0->0,,,,,16,1649,"811,548,976,114,603,329,721,222,877,658"
1188,10,False,False,0->0,,,,,16,1736,"662,342,21,443,942,125,195,926,487,140"
1189,10,False,False,0->0,,,,,16,1771,"977,326,769,655,572,358,748,510,107,824"
1191,10,False,False,0->0,,,,,16,2180,"249,850,210,764,304,14,636,359,382,637"
1192,10,False,False,0->0,,,,,16,1753,"94,440,691,473,400,845,884,636,833,382"
1194,10,False,False,0->0,,,,,16,1330,"431,451,269,390,795,331,247,605,181,287"
1195,10,False,False,0->0,,,,,16,1232,"885,133,157,441,352,741,947,528,859,158"
1196,10,False,False,0->0,,,,,16,1828,"163,652,523,755,43,620,637,274,826,592"
1197,10,False,False,0->0,,,,,16,1942,"130,420,171,673,243,293,259,847,162,226"
1198,10,False,False,0->0,,,,,16,2030,"325,379,760,488,600,142,721,329,88,263"
1199,10,False,False,0->0,,,,,16,1220,"971,783,385,473,711,439,920,58,909,817"
1200,10,False,False,0->0,,,,,16,839,"600,283,24,935,811,695,181,161,920,991"
1201,10,False,False,0->0,,,,,16,1635,"941,520,135,717,324,65,407,25,565,176"
1202,10,False,False,0->0,,,,,16,1301,"415,431,824,527,940,958,249,27,417,694"
1203,10,False,False,0->0,,,,,16,1815,"416,18,735,203,830,779,979,474,962,760"
1204,10,False,False,0->0,,,,,16,1837,"113,374,110,922,930,23,657,564,17,574"
1206,10,False,False,0->0,,,,,16,2071,"455,635,404,634,231,481,166,570,843,624"
1207,10,False,False,0->0,,,,,16,1767,"455,778,552,133,511,426,602,605,887,622"
1208,10,False,False,0->0,,,,,16,1320,"61,12,335,985,623,40,769,736,513,974"
1209,10,False,False,0->0,,,,,16,1619,"867,147,183,243,797,744,833,448,572,357"
1210,10,False,False,0->0,,,,,16,1930,"868,125,927,290,803,26,164,255,978,646"
1211,10,False,False,0->0,,,,,16,1716,"106,327,619,135,211,264,314,685,526,82"
1213,10,False,False,0->0,,,,,16,1377,"338,986,675,635,499,508,135,573,527,523"
1215,10,False,False,0->0,,,,,16,969,"207,950,126,177,968,231,225,331,92,228"
1216,10,False,False,0->0,,,,,16,2370,"506,945,868,885,942,257,518,264,510,426"
1218,10,False,False,0->0,,,,,16,1375,"643,25,355,788,835,100,130,945,62,49"
1219,10,False,False,0->0,,,,,16,1031,"23,836,228,299,968,606,126,847,693,475"
1220,10,False,False,0->0,,,,,16,1473,"489,937,893,639,734,433,619,779,615,680"
1222,10,False,False,0->0,,,,,16,1959,"285,787,233,973,623,905,597,176,495,273"
1223,10,False,False,0->0,,,,,16,978,"54,980,500,625,520,514,385,695,983,94"
1224,10,False,False,0->0,,,,,16,3007,"126,368,221,735,535,709,178,695,388,973"
1225,10,False,False,0->0,,,,,16,2211,"326,205,822,434,214,749,93,914,387,962"
1228,10,False,False,0->0,,,,,16,2262,"657,694,553,288,937,477,827,985,630,424"
1229,10,False,False,0->0,,,,,16,1454,"231,631,902,1000,616,724,381,614,22,684"
1231,10,False,False,0->0,,,,,16,1578,"833,696,422,548,828,493,397,553,401,86"
1232,10,False,False,0->0,,,,,16,1291,"259,443,844,389,670,468,137,507,492,357"
1233,10,False,False,0->0,,,,,16,1675,"777,778,735,206,572,483,740,589,856,297"
1234,10,False,False,0->0,,,,,16,1341,"312,948,951,387,794,221,886,235,621,476"
1236,10,False,False,0->0,,,,,16,2470,"139,626,744,235,453,505,981,210,979,25"
1237,10,False,False,0->0,,,,,16,1578,"515,55,887,985,650,632,214,132,656,902"
1238,10,False,False,0->0,,,,,16,1437,"220,355,722,547,47,465,163,898,23,111"
1239,10,False,False,0->0,,,,,16,2608,"447,840,130,730,814,675,876,418,845,582"
1240,10,False,False,0->0,,,,,16,1074,"834,441,303,474,421,62,649,695,325,53"
1241,10,False,False,0->0,,,,,16,1117,"993,72,266,269,160,314,546,373,46,126"
1242,10,False,False,0->0,,,,,16,1240,"524,374,911,638,742,966,152,847,4,114"
1243,10,False,False,0->0,,,,,16,2071,"283,790,796,392,230,500,612,15,657,212"
1244,10,False,False,0->0,,,,,16,2170,"293,214,498,343,501,359,324,24,338,863"
1245,10,False,False,0->0,,,,,16,1454,"592,533,307,255,770,3,492,180,380,211"
1246,10,False,False,0->0,,,,,16,1365,"253,378,320,629,639,546,521,907,239,587"
1247,10,False,False,0->0,,,,,16,2103,"224,124,626,630,903,975,38,712,808,732"
1248,10,False,False,0->0,,,,,16,2383,"944,97,822,696,265,415,933,728,626,224"
1251,10,False,False,0->0,,,,,16,2038,"854,230,531,558,954,760,756,638,180,140"
1254,10,False,False,0->0,,,,,16,2870,"325,405,84,459,577,104,418,36,160,45"
1255,10,False,False,0->0,,,,,16,2188,"514,772,188,76,903,463,817,220,165,426"
1256,10,False,False,0->0,,,,,16,1903,"383,228,175,499,200,913,410,368,857,25"
1257,10,False,False,0->0,,,,,16,1646,"722,999,315,523,531,973,243,194,980,538"
1259,10,False,False,0->0,,,,,16,2429,"929,755,843,16,147,638,207,833,845,210"
1260,10,False,False,0->0,,,,,16,2203,"188,612,11,33,606,800,473,794,36,95"
1261,10,False,False,0->0,,,,,16,997,"589,992,423,849,400,138,280,927,621,694"
1263,10,False,False,0->0,,,,,16,1715,"975,728,476,617,773,919,518,471,415,979"
1264,10,False,False,0->0,,,,,16,1533,"641,232,926,284,316,326,25,62,310,355"
1265,10,False,False,0->0,,,,,16,1728,"32,163,453,797,791,236,834,402,978,102"
1268,10,False,False,0->0,,,,,16,2379,"776,404,784,291,572,989,198,663,811,539"
1269,10,False,False,0->0,,,,,16,1134,"261,293,442,284,638,518,524,611,765,244"
1270,10,False,False,0->0,,,,,16,2304,"710,945,675,651,781,607,174,289,472,842"
1273,10,False,False,0->0,,,,,16,2021,"312,285,868,488,51,24,161,128,125,717"
1274,10,False,False,0->0,,,,,16,2012,"276,369,388,223,252,657,59,228,978,681"
1275,10,False,False,0->0,,,,,16,1224,"108,587,984,951,962,72,640,782,185,806"
1276,10,False,False,0->0,,,,,16,1227,"99,684,591,513,555,666,953,491,829,94"
1277,10,False,False,0->0,,,,,16,1331,"955,566,978,854,455,613,157,180,205,886"
1278,10,False,False,0->0,,,,,16,1323,"790,723,232,749,619,207,549,655,426,386"
1279,10,False,False,0->0,,,,,16,2638,"769,226,651,837,186,9,1,273,634,163"
1281,10,False,False,0->0,,,,,16,1374,"633,303,101,20,147,468,834,465,248,45"
1282,10,False,False,0->0,,,,,16,918,"183,757,322,593,694,580,378,878,854,298"
1283,10,False,False,0->0,,,,,16,910,"599,857,451,593,707,818,232,186,175,702"
1284,10,False,False,0->0,,,,,16,1951,"796,395,214,381,640,660,676,443,117,970"
1285,10,False,False,0->0,,,,,16,2192,"175,753,598,973,842,98,103,383,172,833"
1286,10,False,False,0->0,,,,,16,2313,"784,626,974,721,158,182,401,487,988,426"
1287,10,False,False,0->0,,,,,16,2610,"892,735,408,548,282,231,622,577,198,648"
1288,10,False,False,0->0,,,,,16,1232,"897,108,795,25,303,527,487,264,373,557"
1289,10,False,False,0->0,,,,,16,1881,"365,126,557,567,795,36,780,114,655,921"
1291,10,False,False,0->0,,,,,16,1603,"186,473,976,991,765,581,214,603,485,126"
1292,10,False,False,0->0,,,,,16,2405,"208,973,792,360,498,394,800,710,235,107"
1293,10,False,False,0->0,,,,,16,1576,"506,777,43,333,92,643,911,426,437,131"
1294,10,False,False,0->0,,,,,16,1355,"415,205,277,650,640,473,440,245,72,536"
1295,10,False,False,0->0,,,,,16,1884,"802,180,575,330,548,767,720,53,343,983"
1297,10,False,False,0->0,,,,,16,2390,"287,659,264,677,849,448,503,867,111,898"
1298,10,False,False,0->0,,,,,16,1732,"72,724,649,429,910,2,875,38,264,589"
1299,10,False,False,0->0,,,,,16,1693,"437,909,277,813,822,280,558,294,539,473"
1300,10,False,False,0->0,,,,,16,1943,"903,88,45,661,226,440,834,634,179,138"
1302,10,False,False,0->0,,,,,16,1368,"73,5,425,824,884,355,111,95,958,447"
1303,10,False,False,0->0,,,,,16,993,"719,49,145,421,46,566,897,860,250,263"
1305,10,False,False,0->0,,,,,16,1674,"243,224,498,689,570,9,180,226,964,166"
1306,10,False,False,0->0,,,,,16,2012,"463,434,23,806,264,174,58,250,298,423"
1307,10,False,False,0->0,,,,,16,1603,"505,312,493,689,132,119,886,905,860,732"
1308,10,False,False,0->0,,,,,16,2015,"273,896,364,506,465,857,545,859,743,391"
1309,10,False,False,0->0,,,,,16,1933,"714,312,471,922,603,692,358,795,73,289"
1312,10,False,False,0->0,,,,,16,1763,"971,759,877,280,410,700,273,515,909,8"
1313,10,False,False,0->0,,,,,16,1402,"962,78,566,16,64,838,273,789,720,943"
1316,10,False,False,0->0,,,,,16,1936,"214,493,381,518,531,702,991,242,64,681"
1317,10,False,False,0->0,,,,,16,1441,"791,526,977,122,642,527,434,51,675,871"
1318,10,False,False,0->0,,,,,16,1065,"384,656,492,903,791,723,605,522,48,24"
1319,10,False,False,0->0,,,,,16,1035,"372,204,223,623,86,13,511,641,102,907"
1320,10,False,False,0->0,,,,,16,1191,"196,720,811,423,699,347,829,378,672,266"
1321,10,False,False,0->0,,,,,16,1303,"235,956,301,491,239,523,405,718,317,556"
1322,10,False,False,0->0,,,,,16,1537,"729,267,722,952,24,640,917,57,459,731"
1326,10,False,False,0->0,,,,,16,2100,"886,182,981,194,140,15,278,312,468,11"
1327,10,False,False,0->0,,,,,16,1817,"752,891,481,993,85,569,243,405,504,96"
1328,10,False,False,0->0,,,,,16,1550,"63,408,543,790,727,831,252,612,964,150"
1329,10,False,False,0->0,,,,,16,1646,"924,646,248,185,541,468,299,724,1,552"
1331,10,False,False,0->0,,,,,16,1554,"948,429,687,555,113,663,587,93,452,111"
1332,10,False,False,0->0,,,,,16,1329,"48,305,858,877,902,976,241,920,54,778"
1333,10,False,False,0->0,,,,,16,1617,"4,530,618,157,629,991,796,390,613,928"
1334,10,False,False,0->0,,,,,16,1056,"458,120,477,999,164,586,269,756,318,557"
1338,10,False,False,0->0,,,,,16,1387,"748,758,252,220,271,738,24,695,382,317"
1339,10,False,False,0->0,,,,,16,1571,"622,793,556,594,804,922,67,610,419,182"
1342,10,False,False,0->0,,,,,16,2322,"13,917,173,202,935,510,494,99,835,375"
1344,10,False,False,0->0,,,,,16,1844,"277,708,381,523,572,636,22,885,504,495"
1346,10,False,False,0->0,,,,,16,1383,"103,205,815,78,414,972,424,971,86,565"
1351,10,False,False,0->0,,,,,16,1485,"385,374,940,394,33,486,822,514,80,938"
1352,10,False,False,0->0,,,,,16,2065,"571,958,856,717,81,585,511,970,822,518"
1353,10,False,False,0->0,,,,,16,847,"676,487,423,102,16,761,729,714,642,137"
1354,10,False,False,0->0,,,,,16,1462,"402,308,83,20,797,218,51,461,203,239"
1355,10,False,False,0->0,,,,,16,625,"376,993,884,957,70,287,14,832,65,893"
1356,10,False,False,0->0,,,,,16,1046,"975,948,487,914,847,134,872,954,494,617"
1357,10,False,False,0->0,,,,,16,1229,"78,404,332,966,940,190,274,836,780,627"
1358,10,False,False,0->0,,,,,16,1319,"60,622,162,555,356,771,783,739,519,253"
1360,10,False,False,0->0,,,,,16,1534,"457,226,804,541,143,968,49,964,955,245"
1363,10,False,False,0->0,,,,,16,1187,"468,79,868,813,92,138,178,167,303,249"
1365,10,False,False,0->0,,,,,16,1574,"732,837,445,459,261,856,490,50,208,40"
1366,10,False,False,0->0,,,,,16,1402,"316,388,897,868,121,26,372,13,125,161"
1367,10,False,False,0->0,,,,,16,1123,"503,893,855,228,327,968,247,101,745,828"
1368,10,False,False,0->0,,,,,16,1398,"265,211,601,299,767,587,333,639,802,565"
1369,10,False,False,0->0,,,,,16,2124,"273,887,767,804,656,304,193,454,988,218"
1371,10,False,False,0->0,,,,,16,1399,"643,915,154,884,179,684,633,651,301,67"
1373,10,False,False,0->0,,,,,16,1816,"607,845,379,454,793,156,716,342,613,489"
1375,10,False,False,0->0,,,,,16,1932,"758,526,504,849,368,754,962,86,963,487"
1377,10,False,False,0->0,,,,,16,1680,"534,977,378,791,416,971,418,289,857,160"
1378,10,False,False,0->0,,,,,16,1652,"81,713,479,224,906,710,963,315,416,252"
1379,10,False,False,0->0,,,,,16,1989,"874,536,426,356,791,17,99,600,627,934"
1380,10,False,False,0->0,,,,,16,2350,"845,817,866,4,772,678,648,417,568,165"
1381,10,False,False,0->0,,,,,16,2167,"15,535,6,83,557,471,475,393,754,194"
1382,10,False,False,0->0,,,,,16,2114,"915,253,504,772,667,668,948,993,274,721"
1383,10,False,False,0->0,,,,,16,1767,"863,208,670,961,880,415,41,762,891,675"
1385,10,False,False,0->0,,,,,16,1623,"365,710,331,101,618,144,676,284,228,67"
1388,10,False,False,0->0,,,,,16,1621,"789,858,801,976,445,602,209,271,785,357"
1389,10,False,False,0->0,,,,,16,1099,"643,461,315,85,755,597,180,798,119,884"
1390,10,False,False,0->0,,,,,16,2009,"725,524,549,206,757,852,188,140,703,499"
1391,10,False,False,0->0,,,,,16,1326,"159,702,103,598,209,1000,63,265,359,771"
1392,10,False,False,0->0,,,,,16,1698,"850,958,471,434,774,465,806,51,614,428"
1394,10,False,False,0->0,,,,,16,1130,"175,933,380,906,204,999,547,680,754,94"
1395,10,False,False,0->0,,,,,16,1018,"386,18,639,40,183,472,319,784,392,560"
1396,10,False,False,0->0,,,,,16,1012,"658,513,105,95,47,875,238,982,806,152"
1397,10,False,False,0->0,,,,,16,893,"654,527,503,547,813,96,574,667,76,566"
1399,10,False,False,0->0,,,,,16,1080,"226,984,510,390,775,31,899,677,788,748"
1400,10,False,False,0->0,,,,,16,1952,"397,777,589,533,304,983,1,230,713,448"
1401,10,False,False,0->0,,,,,16,2081,"907,607,842,455,381,615,957,284,50,308"
1403,10,False,False,0->0,,,,,16,872,"70,178,232,794,318,392,945,489,346,228"
1404,10,False,False,0->0,,,,,16,898,"389,515,919,414,725,26,244,620,612,687"
1406,10,False,False,0->0,,,,,16,987,"378,24,454,949,14,954,572,437,793,317"
1407,10,False,False,0->0,,,,,16,1841,"980,603,142,758,976,507,359,322,165,691"
1408,10,False,False,0->0,,,,,16,1838,"545,508,44,848,815,944,899,871,496,524"
1409,10,False,False,0->0,,,,,16,1871,"779,417,867,9,122,928,270,64,548,744"
1410,10,False,False,0->0,,,,,16,1451,"695,291,571,199,768,47,496,79,473,558"
1411,10,False,False,0->0,,,,,16,1834,"735,667,457,280,168,309,806,463,906,963"
1412,10,False,False,0->0,,,,,16,1233,"17,246,4,500,668,384,774,397,833,102"
1413,10,False,False,0->0,,,,,16,2528,"659,182,346,112,236,248,757,572,792,230"
1415,10,False,False,0->0,,,,,16,2328,"169,955,277,343,244,130,395,627,587,261"
1416,10,False,False,0->0,,,,,16,786,"906,564,418,553,126,82,222,791,274,702"
1417,10,False,False,0->0,,,,,16,1534,"910,828,389,456,291,312,397,517,287,877"
1418,10,False,False,0->0,,,,,16,1226,"863,763,373,112,207,751,98,931,969,278"
1419,10,False,False,0->0,,,,,16,1463,"203,346,902,510,833,103,674,161,52,716"
1420,10,False,False,0->0,,,,,16,3074,"220,703,64,218,379,871,988,883,697,162"
1423,10,False,False,0->0,,,,,16,1566,"772,482,793,761,890,915,637,394,232,487"
1424,10,False,False,0->0,,,,,16,2090,"924,629,13,756,446,850,216,891,294,381"
1429,10,False,False,0->0,,,,,16,2134,"503,764,690,122,101,119,477,20,649,651"
1430,10,False,False,0->0,,,,,16,1656,"759,398,930,88,235,527,60,672,496,535"
1431,10,False,False,0->0,,,,,16,1364,"828,340,355,655,321,121,43,568,962,173"
1432,10,False,False,0->0,,,,,16,1850,"789,831,725,84,558,310,691,474,252,321"
1433,10,False,False,0->0,,,,,16,1342,"164,994,307,666,254,45,302,751,376,984"
1434,10,False,False,0->0,,,,,16,2109,"711,998,704,794,261,495,848,445,412,471"
1435,10,False,False,0->0,,,,,16,1723,"143,456,194,673,636,2,499,806,883,440"
1436,10,False,False,0->0,,,,,16,1253,"971,769,592,458,824,150,205,687,418,158"
1437,10,False,False,0->0,,,,,16,2028,"81,79,706,277,327,162,530,335,613,602"
1438,10,False,False,0->0,,,,,16,1541,"137,185,343,958,398,507,24,415,176,693"
1439,10,False,False,0->0,,,,,16,2232,"497,503,246,194,831,187,872,786,366,426"
1440,10,False,False,0->0,,,,,16,1649,"386,862,896,933,68,755,542,521,104,93"
1443,10,False,False,0->0,,,,,16,963,"641,688,438,772,362,796,689,570,20,78"
1444,10,False,False,0->0,,,,,16,982,"70,732,425,359,815,656,67,646,906,677"
1446,10,False,False,0->0,,,,,16,1576,"284,6,12,865,143,957,518,105,906,17"
1447,10,False,False,0->0,,,,,16,1588,"132,590,617,15,247,201,190,554,208,446"
1449,10,False,False,0->0,,,,,16,819,"530,211,523,268,564,555,750,957,940,457"
1450,10,False,False,0->0,,,,,16,2075,"705,485,410,779,911,83,372,755,909,735"
1451,10,False,False,0->0,,,,,16,1099,"273,100,662,963,641,226,507,856,193,860"
1452,10,False,False,0->0,,,,,16,840,"546,99,580,957,497,20,284,977,108,76"
1453,10,False,False,0->0,,,,,16,1411,"224,270,442,383,675,500,706,769,991,276"
1454,10,False,False,0->0,,,,,16,1458,"907,267,827,989,251,528,651,991,691,913"
1455,10,False,False,0->0,,,,,16,2543,"771,777,969,987,700,61,506,640,79,871"
1456,10,False,False,0->0,,,,,16,951,"195,355,850,897,101,553,594,527,753,914"
1458,10,False,False,0->0,,,,,16,1280,"288,274,849,760,112,911,315,201,547,966"
1459,10,False,False,0->0,,,,,16,1007,"978,356,714,362,172,945,177,905,92,689"
1460,10,False,False,0->0,,,,,16,1534,"99,937,508,410,549,434,618,666,748,999"
1461,10,False,False,0->0,,,,,16,1806,"983,447,236,437,595,743,503,108,364,976"
1462,10,False,False,0->0,,,,,16,1380,"176,1,127,161,976,26,33,549,922,49"
1463,10,False,False,0->0,,,,,16,1878,"476,36,852,451,445,136,763,444,284,635"
1465,10,False,False,0->0,,,,,16,1291,"957,113,740,459,898,261,622,873,870,13"
1466,10,False,False,0->0,,,,,16,1482,"917,573,283,834,21,524,451,824,867,528"
1467,10,False,False,0->0,,,,,16,1066,"26,692,278,751,648,920,428,720,550,770"
1468,10,False,False,0->0,,,,,16,941,"760,270,82,119,280,527,788,6,609,244"
1470,10,False,False,0->0,,,,,16,1032,"483,720,795,433,320,553,24,167,18,935"
1473,10,False,False,0->0,,,,,16,1698,"501,232,417,854,749,323,164,92,473,400"
1474,10,False,False,0->0,,,,,16,1410,"952,390,610,942,338,352,235,441,127,141"
1476,10,False,False,0->0,,,,,16,1661,"380,951,677,393,822,61,586,658,683,208"
1477,10,False,False,0->0,,,,,16,793,"451,609,261,299,404,58,553,985,356,852"
1478,10,False,False,0->0,,,,,16,1889,"929,658,424,875,491,855,230,122,979,891"
1479,10,False,False,0->0,,,,,16,1044,"73,47,489,403,20,593,897,288,984,5"
1480,10,False,False,0->0,,,,,16,1278,"505,914,397,695,500,966,86,154,633,317"
1481,10,False,False,0->0,,,,,16,1668,"605,617,2,98,262,683,537,392,931,876"
1483,10,False,False,0->0,,,,,16,1396,"920,251,436,461,228,412,856,788,99,350"
1485,10,False,False,0->0,,,,,16,1604,"458,145,768,34,222,58,132,829,900,705"
1486,10,False,False,0->0,,,,,16,1366,"18,252,616,310,226,157,583,980,501,398"
1487,10,False,False,0->0,,,,,16,1792,"858,210,684,214,183,962,224,911,280,685"
1488,10,False,False,0->0,,,,,16,1975,"776,475,735,789,550,80,675,389,745,308"
1489,10,False,False,0->0,,,,,16,1431,"777,975,873,160,80,945,743,314,821,373"
1490,10,False,False,0->0,,,,,16,1644,"419,803,386,738,615,68,770,220,530,557"
1494,10,False,False,0->0,,,,,16,2175,"612,228,928,515,277,332,82,19,394,216"
1495,10,False,False,0->0,,,,,16,1963,"424,242,510,465,444,120,624,572,504,446"
1497,10,False,False,0->0,,,,,16,1269,"702,629,507,110,130,487,289,386,999,102"
1498,10,False,False,0->0,,,,,16,974,"751,650,452,552,249,630,585,629,498,42"
1500,10,False,False,0->0,,,,,16,1555,"660,552,59,586,208,400,459,298,70,413"
1501,10,False,False,0->0,,,,,16,1292,"421,612,919,456,120,302,803,159,926,378"
1502,10,False,False,0->0,,,,,16,1248,"34,177,627,601,546,209,804,57,122,385"
1503,10,False,False,0->0,,,,,16,1633,"978,208,697,368,884,125,557,513,536,100"
1504,10,False,False,0->0,,,,,16,1443,"511,5,2,192,794,573,445,278,728,174"
1506,10,False,False,0->0,,,,,16,1332,"85,751,162,207,952,90,436,284,307,182"
1507,10,False,False,0->0,,,,,16,749,"155,217,287,707,393,335,280,888,225,886"
1510,10,False,False,0->0,,,,,16,1454,"272,886,952,51,761,252,775,624,635,599"
1511,10,False,False,0->0,,,,,16,2404,"630,285,531,572,454,253,822,95,879,678"
1512,10,False,False,0->0,,,,,16,1679,"625,987,243,121,38,285,405,43,168,97"
1513,10,False,False,0->0,,,,,16,2515,"942,305,626,961,871,797,251,716,243,600"
1514,10,False,False,0->0,,,,,16,1042,"986,496,861,390,622,539,95,636,301,337"
1515,10,False,False,0->0,,,,,16,1108,"405,128,681,857,393,59,610,770,27,131"
1518,10,False,False,0->0,,,,,16,1652,"331,758,646,535,208,171,602,451,884,539"
1519,10,False,False,0->0,,,,,16,1650,"661,428,508,656,24,491,287,120,813,756"
1520,10,False,False,0->0,,,,,16,1077,"359,679,297,877,384,260,585,483,663,899"
1523,10,False,False,0->0,,,,,16,1133,"102,436,267,622,884,492,364,404,679,304"
1524,10,False,False,0->0,,,,,16,1449,"324,39,773,621,541,884,211,90,990,856"
1525,10,False,False,0->0,,,,,16,1429,"745,726,688,956,913,897,211,821,322,716"
1530,10,False,False,0->0,,,,,16,1179,"771,142,565,719,530,798,132,887,524,475"
1531,10,False,False,0->0,,,,,16,1896,"879,443,103,73,958,639,899,607,929,519"
1532,10,False,False,0->0,,,,,16,1499,"779,651,979,41,393,147,90,675,371,958"
1533,10,False,False,0->0,,,,,16,1973,"678,619,821,545,444,727,282,724,942,346"
1534,10,False,False,0->0,,,,,16,1835,"659,738,486,713,699,566,557,100,175,426"
1535,10,False,False,0->0,,,,,16,1542,"184,307,746,167,249,269,886,804,290,471"
1536,10,False,False,0->0,,,,,16,1652,"405,185,778,524,55,867,147,844,4,940"
1537,10,False,False,0->0,,,,,16,2048,"166,291,207,13,777,788,330,668,988,794"
1538,10,False,False,0->0,,,,,16,2041,"866,358,803,321,945,15,826,917,615,316"
1540,10,False,False,0->0,,,,,16,1835,"448,384,44,114,849,620,748,756,973,625"
1541,10,False,False,0->0,,,,,16,1997,"270,229,551,433,703,654,833,777,854,988"
1543,10,False,False,0->0,,,,,16,906,"7,795,195,920,389,934,737,79,992,103"
1545,10,False,False,0->0,,,,,16,1205,"253,397,106,13,98,148,184,124,347,624"
1546,10,False,False,0->0,,,,,16,867,"329,390,137,416,274,232,851,271,267,984"
1547,10,False,False,0->0,,,,,16,1911,"38,116,463,859,975,184,413,289,490,782"
1548,10,False,False,0->0,,,,,16,1173,"63,771,779,858,970,132,76,324,496,721"
1549,10,False,False,0->0,,,,,16,783,"76,514,526,373,316,760,209,709,784,124"
1550,10,False,False,0->0,,,,,16,919,"356,775,933,639,440,963,98,310,489,17"
1551,10,False,False,0->0,,,,,16,2084,"615,811,758,674,419,393,113,362,19,842"
1552,10,False,False,0->0,,,,,16,1972,"564,600,614,130,577,47,963,626,436,90"
1553,10,False,False,0->0,,,,,16,1968,"174,160,783,63,963,955,53,607,958,58"
1554,10,False,False,0->0,,,,,16,1454,"653,29,410,977,773,485,522,712,355,915"
1555,10,False,False,0->0,,,,,16,1073,"479,159,741,446,692,629,443,931,648,74"
1557,10,False,False,0->0,,,,,16,2531,"975,635,710,344,107,482,590,74,260,431"
1559,10,False,False,0->0,,,,,16,1297,"205,330,757,666,811,994,692,756,273,893"
1560,10,False,False,0->0,,,,,16,1486,"662,903,59,950,651,709,943,165,519,884"
1561,10,False,False,0->0,,,,,16,1514,"326,602,705,523,3,922,217,824,18,795"
1562,10,False,False,0->0,,,,,16,1195,"872,261,857,383,241,415,294,751,42,724"
1563,10,False,False,0->0,,,,,16,762,"616,31,260,660,460,947,603,877,397,613"
1564,10,False,False,0->0,,,,,16,2646,"955,526,678,633,113,784,368,3,968,55"
1565,10,False,False,0->0,,,,,16,2188,"822,242,485,376,835,244,778,859,122,80"
1567,10,False,False,0->0,,,,,16,1483,"653,612,813,11,421,176,740,500,573,649"
1571,10,False,False,0->0,,,,,16,2880,"866,706,789,442,800,746,55,96,876,175"
1572,10,False,False,0->0,,,,,16,1429,"182,613,795,101,391,541,364,900,146,454"
1574,10,False,False,0->0,,,,,16,1955,"52,79,679,410,575,843,951,635,947,845"
1575,10,False,False,0->0,,,,,16,2003,"974,421,831,14,958,180,67,103,782,313"
1576,10,False,False,0->0,,,,,16,1696,"655,536,564,872,907,933,279,659,813,738"
1577,10,False,False,0->0,,,,,16,1321,"745,615,601,347,974,266,968,753,715,860"
1578,10,False,False,0->0,,,,,16,1457,"355,905,320,125,733,113,369,479,910,816"
1579,10,False,False,0->0,,,,,16,2611,"703,713,298,174,410,853,355,782,808,3"
1581,10,False,False,0->0,,,,,16,2176,"822,78,632,834,270,222,157,80,324,494"
1582,10,False,False,0->0,,,,,16,2005,"40,244,952,735,607,949,243,291,122,524"
1584,10,False,False,0->0,,,,,16,1301,"453,949,17,107,931,283,189,806,437,150"
1585,10,False,False,0->0,,,,,16,2432,"310,900,829,171,284,826,575,742,276,17"
1586,10,False,False,0->0,,,,,16,866,"182,248,387,24,519,970,25,919,757,142"
1587,10,False,False,0->0,,,,,16,1330,"761,220,558,364,729,920,548,199,430,131"
1588,10,False,False,0->0,,,,,16,1025,"110,753,804,111,786,574,371,200,352,933"
1589,10,False,False,0->0,,,,,16,1828,"19,356,12,14,513,884,117,194,738,487"
1590,10,False,False,0->0,,,,,16,2129,"463,593,519,16,962,32,446,657,505,51"
1591,10,False,False,0->0,,,,,16,724,"791,511,708,844,639,169,6,362,43,546"
1592,10,False,False,0->0,,,,,16,939,"53,57,662,506,736,558,720,696,437,270"
1593,10,False,False,0->0,,,,,16,1496,"498,585,548,604,816,992,605,989,982,517"
1594,10,False,False,0->0,,,,,16,2969,"675,535,700,252,871,767,221,497,900,317"
1595,10,False,False,0->0,,,,,16,1999,"244,273,172,832,831,255,785,397,60,907"
1596,10,False,False,0->0,,,,,16,1417,"357,5,446,455,320,768,885,528,370,314"
1597,10,False,False,0->0,,,,,16,1457,"431,209,720,621,461,124,301,205,514,409"
1599,10,False,False,0->0,,,,,16,1997,"966,259,277,787,212,958,518,52,577,886"
1601,10,False,False,0->0,,,,,16,1755,"60,746,302,105,709,110,417,26,771,428"
1602,10,False,False,0->0,,,,,16,984,"902,760,127,41,403,457,239,771,789,688"
1603,10,False,False,0->0,,,,,16,1947,"753,6,659,722,23,748,37,919,161,611"
1605,10,False,False,0->0,,,,,16,1840,"984,340,953,249,390,319,930,160,392,605"
1606,10,False,False,0->0,,,,,16,1480,"818,405,418,47,384,44,548,971,724,422"
1607,10,False,False,0->0,,,,,16,2240,"590,294,380,26,458,803,194,746,434,20"
1609,10,False,False,0->0,,,,,16,1380,"344,729,113,54,789,635,772,90,692,62"
1610,10,False,False,0->0,,,,,16,1132,"152,605,517,635,396,111,496,429,658,851"
1611,10,False,False,0->0,,,,,16,2592,"209,749,291,639,382,19,224,335,194,964"
1612,10,False,False,0->0,,,,,16,2307,"63,194,508,845,522,469,741,783,332,607"
1613,10,False,False,0->0,,,,,16,1662,"401,631,595,749,615,390,180,194,430,302"
1614,10,False,False,0->0,,,,,16,2248,"938,125,463,188,271,858,635,744,88,950"
1615,10,False,False,0->0,,,,,16,1988,"257,253,840,985,474,486,453,238,369,909"
1616,10,False,False,0->0,,,,,16,2282,"541,362,183,781,777,744,83,273,802,887"
1617,10,False,False,0->0,,,,,16,1897,"573,877,831,998,533,159,68,937,987,303"
1618,10,False,False,0->0,,,,,16,984,"154,757,814,413,440,736,46,532,956,781"
1620,10,False,False,0->0,,,,,16,1713,"572,844,363,730,229,2,862,494,320,927"
1621,10,False,False,0->0,,,,,16,2314,"109,833,885,479,101,424,974,446,201,829"
1622,10,False,False,0->0,,,,,16,1434,"437,906,446,81,293,732,52,734,421,947"
1623,10,False,False,0->0,,,,,16,1807,"860,883,880,154,21,991,817,495,2,753"
1624,10,False,False,0->0,,,,,16,1332,"177,663,280,44,677,500,202,238,352,595"
1625,10,False,False,0->0,,,,,16,1699,"633,942,192,65,67,245,695,741,182,845"
1626,10,False,False,0->0,,,,,16,1920,"127,943,706,197,790,859,152,212,999,413"
1627,10,False,False,0->0,,,,,16,1616,"78,832,185,758,521,977,324,189,797,198"
1629,10,False,False,0->0,,,,,16,1278,"676,479,481,136,465,733,670,193,519,32"
1630,10,False,False,0->0,,,,,16,1778,"163,742,330,524,758,362,536,453,898,575"
1631,10,False,False,0->0,,,,,16,1645,"617,90,489,680,556,534,921,76,363,834"
1633,10,False,False,0->0,,,,,16,1489,"565,457,16,442,542,320,499,332,31,773"
1634,10,False,False,0->0,,,,,16,1830,"678,144,548,749,41,102,564,304,163,573"
1635,10,False,False,0->0,,,,,16,918,"790,383,621,934,731,474,278,609,297,959"
1636,10,False,False,0->0,,,,,16,1850,"359,957,890,19,856,229,180,740,68,64"
1637,10,False,False,0->0,,,,,16,1019,"782,564,340,422,414,913,602,238,331,276"
1640,10,False,False,0->0,,,,,16,1168,"233,815,891,556,294,757,184,421,753,697"
1641,10,False,False,0->0,,,,,16,1162,"842,993,83,225,552,184,150,732,457,155"
1642,10,False,False,0->0,,,,,16,1883,"621,325,383,315,437,104,358,532,182,782"
1645,10,False,False,0->0,,,,,16,1044,"130,58,474,145,42,656,276,637,783,268"
1646,10,False,False,0->0,,,,,16,1974,"860,598,622,235,735,673,414,347,112,221"
1647,10,False,False,0->0,,,,,16,1499,"109,172,520,106,278,875,603,120,423,182"
1648,10,False,False,0->0,,,,,16,1048,"696,906,589,514,724,892,111,875,981,49"
1650,10,False,False,0->0,,,,,16,1759,"835,490,810,102,852,804,491,679,964,767"
1651,10,False,False,0->0,,,,,16,1378,"746,262,824,947,309,550,884,244,660,741"
1654,10,False,False,0->0,,,,,16,1932,"577,51,718,949,668,310,340,519,294,9"
1655,10,False,False,0->0,,,,,16,1862,"326,742,333,96,806,116,548,987,814,617"
1656,10,False,False,0->0,,,,,16,2010,"810,197,686,79,359,309,173,72,878,888"
1657,10,False,False,0->0,,,,,16,2367,"793,373,612,147,584,198,68,411,876,91"
1658,10,False,False,0->0,,,,,16,1363,"483,173,601,225,616,137,428,674,654,508"
1659,10,False,False,0->0,,,,,16,1348,"43,100,739,394,31,958,194,79,481,526"
1660,10,False,False,0->0,,,,,16,1541,"654,245,648,333,93,897,719,387,548,652"
1663,10,False,False,0->0,,,,,16,1426,"993,893,262,565,446,619,595,534,468,413"
1665,10,False,False,0->0,,,,,16,2155,"627,102,911,232,758,657,505,634,937,832"
1667,10,False,False,0->0,,,,,16,1064,"201,64,428,29,454,615,957,446,53,566"
1668,10,False,False,0->0,,,,,16,2279,"419,810,37,646,182,105,1,138,42,257"
1671,10,False,False,0->0,,,,,16,1309,"703,913,297,132,201,342,87,634,454,86"
1672,10,False,False,0->0,,,,,16,2127,"641,510,840,954,594,964,601,801,958,504"
1673,10,False,False,0->0,,,,,16,1847,"32,43,598,905,315,473,623,512,193,431"
1674,10,False,False,0->0,,,,,16,817,"46,689,910,534,595,938,448,116,951,5"
1676,10,False,False,0->0,,,,,16,1773,"32,854,381,496,407,577,780,885,495,986"
1677,10,False,False,0->0,,,,,16,2168,"760,305,780,52,38,906,651,155,1,173"
1679,10,False,False,0->0,,,,,16,1405,"774,642,790,164,621,687,70,740,857,324"
1680,10,False,False,0->0,,,,,16,1354,"198,705,128,6,340,999,160,70,937,601"
1682,10,False,False,0->0,,,,,16,2189,"164,874,554,54,8,934,100,202,607,169"
1685,10,False,False,0->0,,,,,16,1918,"555,125,383,26,663,876,534,238,148,944"
1686,10,False,False,0->0,,,,,16,1985,"930,639,618,121,178,216,600,193,327,598"
1687,10,False,False,0->0,,,,,16,1750,"998,221,229,557,710,443,235,101,144,93"
1688,10,False,False,0->0,,,,,16,1156,"121,276,476,323,465,563,669,271,674,506"
1689,10,False,False,0->0,,,,,16,1089,"411,288,189,770,783,640,732,111,514,317"
1690,10,False,False,0->0,,,,,16,2073,"342,5,930,570,210,383,792,850,634,319"
1691,10,False,False,0->0,,,,,16,941,"798,408,206,768,838,195,418,769,252,571"
1692,10,False,False,0->0,,,,,16,921,"116,133,984,679,448,798,131,515,294,221"
1693,10,False,False,0->0,,,,,16,2205,"933,584,177,511,710,544,632,414,947,615"
1694,10,False,False,0->0,,,,,16,2277,"95,216,872,605,426,689,218,724,285,980"
1695,10,False,False,0->0,,,,,16,1562,"288,842,856,824,178,395,737,132,358,884"
1696,10,False,False,0->0,,,,,16,2537,"657,244,304,327,465,616,750,381,171,164"
1698,10,False,False,0->0,,,,,16,1567,"259,649,453,786,249,438,854,387,837,770"
1700,10,False,False,0->0,,,,,16,1726,"493,842,792,96,624,998,187,793,128,730"
1701,10,False,False,0->0,,,,,16,1505,"514,405,964,371,775,611,765,119,40,59"
1702,10,False,False,0->0,,,,,16,1402,"214,947,803,506,100,316,5,874,487,251"
1703,10,False,False,0->0,,,,,16,1610,"986,668,14,801,363,951,386,955,978,106"
1704,10,False,False,0->0,,,,,16,967,"54,13,754,362,594,293,106,691,20,855"
1705,10,False,False,0->0,,,,,16,948,"652,872,854,515,907,127,439,86,931,910"
1706,10,False,False,0->0,,,,,16,1264,"625,16,476,460,359,269,548,391,273,830"
1707,10,False,False,0->0,,,,,16,2103,"264,544,810,45,158,854,371,218,914,518"
1708,10,False,False,0->0,,,,,16,1445,"106,732,100,861,397,944,536,908,114,785"
1709,10,False,False,0->0,,,,,16,1641,"963,388,528,233,621,148,933,456,110,620"
1710,10,False,False,0->0,,,,,16,2330,"122,808,546,259,745,453,975,976,416,285"
1711,10,False,False,0->0,,,,,16,2230,"37,313,83,457,264,250,866,633,254,834"
1712,10,False,False,0->0,,,,,16,1142,"746,949,673,461,409,126,298,909,877,193"
1713,10,False,False,0->0,,,,,16,1331,"158,725,269,637,602,966,291,990,333,564"
1714,10,False,False,0->0,,,,,16,2744,"400,687,343,117,743,67,716,822,420,693"
1715,10,False,False,0->0,,,,,16,1552,"315,472,288,922,38,126,963,99,501,879"
1716,10,False,False,0->0,,,,,16,1278,"25,803,715,29,552,83,712,465,968,282"
1718,10,False,False,0->0,,,,,16,1846,"758,817,335,446,84,838,999,915,190,313"
1720,10,False,False,0->0,,,,,16,1369,"158,867,250,282,79,411,792,224,821,969"
1721,10,False,False,0->0,,,,,16,942,"998,355,958,961,587,190,391,899,631,108"
1722,10,False,False,0->0,,,,,16,1830,"560,735,119,333,316,402,935,536,81,537"
1723,10,False,False,0->0,,,,,16,1188,"376,726,688,23,725,385,447,158,625,271"
1724,10,False,False,0->0,,,,,16,647,"952,287,696,613,265,274,459,203,795,422"
1726,10,False,False,0->0,,,,,16,2203,"728,431,232,653,983,210,914,903,310,69"
1727,10,False,False,0->0,,,,,16,2537,"973,630,731,253,829,896,663,545,37,124"
1728,10,False,False,0->0,,,,,16,2329,"274,120,210,743,599,880,873,848,630,772"
1730,10,False,False,0->0,,,,,16,1403,"867,250,633,404,73,751,635,320,743,899"
1731,10,False,False,0->0,,,,,16,1540,"824,924,849,986,816,691,291,926,850,113"
1732,10,False,False,0->0,,,,,16,2027,"408,173,319,57,312,168,963,743,496,321"
1733,10,False,False,0->0,,,,,16,1955,"512,995,858,877,545,729,217,496,36,952"
1734,10,False,False,0->0,,,,,16,1968,"810,798,802,395,83,697,441,242,688,585"
1735,10,False,False,0->0,,,,,16,2648,"803,145,160,987,260,874,488,78,513,991"
1737,10,False,False,0->0,,,,,16,2321,"887,269,285,741,969,591,974,165,866,755"
1739,10,False,False,0->0,,,,,16,1633,"91,410,573,721,340,794,949,740,368,686"
1740,10,False,False,0->0,,,,,16,3051,"763,681,189,822,363,140,111,81,915,767"
1741,10,False,False,0->0,,,,,16,1403,"487,729,309,308,169,226,8,587,614,548"
1744,10,False,False,0->0,,,,,16,1306,"992,496,445,794,631,143,225,942,854,533"
1745,10,False,False,0->0,,,,,16,1536,"307,588,398,816,955,531,271,669,244,980"
1746,10,False,False,0->0,,,,,16,1766,"322,541,762,162,141,414,186,404,482,658"
1747,10,False,False,0->0,,,,,16,790,"382,903,414,442,537,31,78,185,603,152"
1748,10,False,False,0->0,,,,,16,1301,"114,29,714,844,468,31,274,402,99,64"
1749,10,False,False,0->0,,,,,16,1394,"710,582,138,439,69,878,289,18,59,347"
1750,10,False,False,0->0,,,,,16,860,"804,314,993,65,148,36,514,53,729,362"
1751,10,False,False,0->0,,,,,16,1083,"580,533,299,737,814,411,400,751,461,271"
1752,10,False,False,0->0,,,,,16,1425,"395,523,527,94,42,847,376,633,201,679"
1753,10,False,False,0->0,,,,,16,1813,"48,206,360,359,675,693,383,331,822,352"
1755,10,False,False,0->0,,,,,16,1283,"927,523,24,632,223,401,605,320,866,266"
1756,10,False,False,0->0,,,,,16,2445,"267,724,733,482,765,739,310,758,105,840"
1757,10,False,False,0->0,,,,,16,1626,"379,242,301,741,683,813,977,800,182,688"
1758,10,False,False,0->0,,,,,16,2167,"150,34,744,871,67,468,913,114,883,454"
1759,10,False,False,0->0,,,,,16,1747,"528,400,505,514,668,408,221,842,167,360"
1760,10,False,False,0->0,,,,,16,1213,"453,908,872,642,654,750,919,536,43,522"
1761,10,False,False,0->0,,,,,16,2493,"433,536,542,798,419,999,688,546,400,843"
1763,10,False,False,0->0,,,,,16,1221,"101,217,288,513,705,921,16,273,761,805"
1765,10,False,False,0->0,,,,,16,1250,"397,594,513,995,688,760,742,497,209,161"
1767,10,False,False,0->0,,,,,16,2389,"654,346,751,36,343,728,508,556,171,182"
1768,10,False,False,0->0,,,,,16,1264,"350,108,610,393,310,154,581,945,142,438"
1770,10,False,False,0->0,,,,,16,1823,"330,239,590,835,586,325,935,385,289,755"
1771,10,False,False,0->0,,,,,16,1978,"567,397,926,385,140,487,77,119,49,424"
1772,10,False,False,0->0,,,,,16,1118,"4,929,517,550,865,873,877,244,737,284"
1773,10,False,False,0->0,,,,,16,1540,"783,18,327,252,550,543,706,739,742,715"
1774,10,False,False,0->0,,,,,16,2464,"694,827,661,542,114,775,549,686,230,588"
1777,10,False,False,0->0,,,,,16,1923,"77,994,245,518,760,618,136,94,857,785"
1778,10,False,False,0->0,,,,,16,1394,"875,999,815,33,51,270,402,857,368,64"
1780,10,False,False,0->0,,,,,16,2035,"8,19,135,195,51,184,831,212,78,808"
1781,10,False,False,0->0,,,,,16,2387,"289,990,843,528,603,567,366,780,953,293"
1782,10,False,False,0->0,,,,,16,1530,"209,528,468,980,867,548,65,382,57,836"
1783,10,False,False,0->0,,,,,16,2054,"863,33,482,778,446,818,983,970,713,197"
1784,10,False,False,0->0,,,,,16,1843,"816,717,783,72,95,447,324,301,415,410"
1785,10,False,False,0->0,,,,,16,1399,"238,383,100,693,317,39,180,501,59,263"
1786,10,False,False,0->0,,,,,16,1386,"272,288,539,727,508,722,968,233,458,574"
1787,10,False,False,0->0,,,,,16,1193,"681,778,474,906,792,144,687,547,25,443"
1788,10,False,False,0->0,,,,,16,1438,"117,834,886,473,863,847,730,522,506,823"
1789,10,False,False,0->0,,,,,16,1442,"712,663,530,920,915,196,117,624,857,99"
1791,10,False,False,0->0,,,,,16,1947,"508,103,147,555,630,941,870,208,248,209"
1792,10,False,False,0->0,,,,,16,1109,"849,278,41,26,907,46,481,204,285,221"
1794,10,False,False,0->0,,,,,16,1074,"24,126,112,340,575,263,673,476,929,500"
1795,10,False,False,0->0,,,,,16,1597,"966,817,217,631,492,794,116,216,550,534"
1797,10,False,False,0->0,,,,,16,1226,"384,393,792,615,817,391,188,780,617,891"
1800,10,False,False,0->0,,,,,16,3243,"746,287,900,764,750,329,503,395,61,981"
1801,10,False,False,0->0,,,,,16,1315,"877,53,225,794,711,635,207,709,312,321"
1802,10,False,False,0->0,,,,,16,1425,"232,853,831,969,761,223,482,995,524,325"
1804,10,False,False,0->0,,,,,16,1532,"141,943,564,369,845,505,951,742,415,852"
1805,10,False,False,0->0,,,,,16,2012,"419,625,980,439,548,734,982,229,994,870"
1806,10,False,False,0->0,,,,,16,1549,"826,731,105,589,272,402,566,606,284,788"
1807,10,False,False,0->0,,,,,16,1547,"476,784,677,463,639,121,859,938,929,748"
1808,10,False,False,0->0,,,,,16,1558,"370,711,737,581,952,657,413,538,625,132"
1809,10,False,False,0->0,,,,,16,1042,"221,143,96,380,128,155,44,902,183,691"
1810,10,False,False,0->0,,,,,16,1300,"891,950,791,15,134,49,837,369,425,505"
1811,10,False,False,0->0,,,,,16,1190,"623,875,465,777,192,102,356,755,443,107"
1812,10,False,False,0->0,,,,,16,1306,"160,550,331,906,831,586,530,126,804,724"
1815,10,False,False,0->0,,,,,16,1518,"173,565,785,425,241,146,582,429,586,233"
1816,10,False,False,0->0,,,,,16,1922,"179,373,210,85,150,401,39,160,507,113"
1817,10,False,False,0->0,,,,,16,1722,"867,239,730,148,874,685,282,710,268,757"
1818,10,False,False,0->0,,,,,16,1629,"54,105,511,283,553,131,685,986,657,603"
1820,10,False,False,0->0,,,,,16,2300,"172,373,512,21,264,641,247,77,119,773"
1821,10,False,False,0->0,,,,,16,984,"725,913,758,648,5,581,307,365,280,128"
1822,10,False,False,0->0,,,,,16,1951,"198,137,51,798,251,772,677,172,312,938"
1823,10,False,False,0->0,,,,,16,1547,"390,798,142,598,935,717,545,592,530,745"
1825,10,False,False,0->0,,,,,16,1643,"301,114,995,741,979,468,447,704,817,893"
1828,10,False,False,0->0,,,,,16,1992,"103,638,571,761,578,163,690,619,566,318"
1829,10,False,False,0->0,,,,,16,1774,"791,848,233,615,65,651,271,208,497,38"
1831,10,False,False,0->0,,,,,16,1272,"983,791,411,382,305,707,816,433,381,711"
1837,10,False,False,0->0,,,,,16,2276,"886,900,773,971,92,93,716,166,214,184"
1838,10,False,False,0->0,,,,,16,1973,"533,900,2,235,572,526,65,376,324,163"
1839,10,False,False,0->0,,,,,16,1859,"777,833,60,343,875,560,109,182,752,27"
1840,10,False,False,0->0,,,,,16,1739,"716,917,266,249,740,4,72,93,557,961"
1841,10,False,False,0->0,,,,,16,2483,"769,898,146,822,786,902,966,879,715,578"
1842,10,False,False,0->0,,,,,16,2063,"935,297,38,122,27,814,797,887,549,880"
1843,10,False,False,0->0,,,,,16,1238,"738,407,27,585,573,65,451,253,556,872"
1845,10,False,False,0->0,,,,,16,951,"494,765,810,959,254,558,145,935,777,56"
1846,10,False,False,0->0,,,,,16,1393,"42,171,34,709,754,189,609,976,930,56"
1848,10,False,False,0->0,,,,,16,708,"733,893,32,142,688,687,842,133,352,793"
1849,10,False,False,0->0,,,,,16,2427,"740,535,395,4,609,983,607,202,425,979"
1850,10,False,False,0->0,,,,,16,1718,"802,200,810,426,781,888,746,545,184,616"
1851,10,False,False,0->0,,,,,16,1892,"909,614,568,604,190,852,87,84,107,460"
1852,10,False,False,0->0,,,,,16,2189,"744,811,241,544,437,289,250,733,287,252"
1853,10,False,False,0->0,,,,,16,1282,"619,593,189,958,606,797,697,154,177,723"
1854,10,False,False,0->0,,,,,16,2715,"857,679,873,512,544,855,133,802,197,969"
1855,10,False,False,0->0,,,,,16,1193,"815,134,24,593,777,158,142,34,426,61"
1856,10,False,False,0->0,,,,,16,988,"268,520,705,6,64,633,952,201,599,603"
1860,10,False,False,0->0,,,,,16,1737,"715,968,666,499,216,299,31,630,667,332"
1862,10,False,False,0->0,,,,,16,480,"884,315,815,849,842,18,924,346,239,625"
1863,10,False,False,0->0,,,,,16,818,"861,674,675,410,625,49,921,844,409,805"
1866,10,False,False,0->0,,,,,16,838,"498,620,461,526,730,933,207,102,365,369"
1867,10,False,False,0->0,,,,,16,1707,"27,963,842,178,214,793,255,207,150,728"
1868,10,False,False,0->0,,,,,16,1953,"988,837,236,862,606,963,572,899,585,876"
1869,10,False,False,0->0,,,,,16,880,"67,59,78,46,201,177,101,231,709,833"
1871,10,False,False,0->0,,,,,16,876,"646,521,551,385,271,171,76,725,752,457"
1872,10,False,False,0->0,,,,,16,2488,"216,198,657,661,452,683,610,533,127,999"
1874,10,False,False,0->0,,,,,16,2537,"521,194,5,158,1000,544,947,896,951,312"
1875,10,False,False,0->0,,,,,16,1586,"640,717,928,86,479,542,689,558,429,666"
1876,10,False,False,0->0,,,,,16,2421,"383,903,551,458,707,789,350,800,769,826"
1878,10,False,False,0->0,,,,,16,1582,"186,876,703,461,487,184,560,793,745,27"
1879,10,False,False,0->0,,,,,16,1139,"43,102,490,63,625,152,716,983,693,61"
1880,10,False,False,0->0,,,,,16,1363,"46,380,443,403,101,155,887,955,34,555"
1881,10,False,False,0->0,,,,,16,2090,"405,364,274,106,481,998,633,942,556,397"
1882,10,False,False,0->0,,,,,16,846,"211,780,699,985,369,322,771,490,139,821"
1885,10,False,False,0->0,,,,,16,1084,"963,80,974,323,787,796,581,250,654,762"
1886,10,False,False,0->0,,,,,16,1577,"408,27,718,29,723,278,303,572,83,161"
1887,10,False,False,0->0,,,,,16,1076,"145,751,211,39,307,254,631,124,167,774"
1888,10,False,False,0->0,,,,,16,1753,"585,271,136,879,707,687,272,445,618,102"
1889,10,False,False,0->0,,,,,16,1448,"294,886,178,134,110,847,764,947,12,232"
1890,10,False,False,0->0,,,,,16,2153,"80,962,3,387,291,437,899,204,442,726"
1891,10,False,False,0->0,,,,,16,1001,"137,986,600,226,724,592,297,282,236,120"
1892,10,False,False,0->0,,,,,16,1379,"271,122,829,968,779,497,611,753,430,221"
1893,10,False,False,0->0,,,,,16,1712,"634,964,974,640,526,362,43,422,690,68"
1894,10,False,False,0->0,,,,,16,1226,"783,563,373,69,669,514,534,603,145,397"
1895,10,False,False,0->0,,,,,16,1138,"31,843,122,325,908,314,697,27,461,792"
1897,10,False,False,0->0,,,,,16,1452,"505,176,285,82,431,404,985,76,806,143"
1898,10,False,False,0->0,,,,,16,1581,"783,941,456,482,235,672,42,369,391,492"
1899,10,False,False,0->0,,,,,16,2353,"309,301,128,174,512,604,447,214,183,107"
1900,10,False,False,0->0,,,,,16,2406,"962,410,51,32,324,366,4,454,157,38"
1901,10,False,False,0->0,,,,,16,1128,"391,719,238,910,857,982,850,548,347,636"
1902,10,False,False,0->0,,,,,16,1933,"214,929,969,840,733,387,684,105,495,324"
1903,10,False,False,0->0,,,,,16,1006,"868,87,792,931,507,54,787,8,139,571"
1904,10,False,False,0->0,,,,,16,1763,"87,73,393,850,383,99,333,407,366,714"
1906,10,False,False,0->0,,,,,16,2021,"798,288,775,930,705,384,604,230,410,756"
1907,10,False,False,0->0,,,,,16,1495,"492,156,829,726,4,798,823,7,202,1000"
1909,10,False,False,0->0,,,,,16,968,"905,949,445,838,119,716,622,415,212,586"
1912,10,False,False,0->0,,,,,16,1968,"986,312,789,937,323,84,793,420,857,465"
1913,10,False,False,0->0,,,,,16,1848,"808,428,741,704,38,255,784,781,742,810"
1914,10,False,False,0->0,,,,,16,1108,"969,989,962,48,662,789,104,220,648,697"
1915,10,False,False,0->0,,,,,16,2328,"50,313,329,658,974,212,246,294,267,253"
1916,10,False,False,0->0,,,,,16,1452,"211,794,488,121,572,810,506,429,976,200"
1917,10,False,False,0->0,,,,,16,1470,"676,61,141,319,581,646,829,778,48,209"
1918,10,False,False,0->0,,,,,16,1372,"489,98,106,834,166,380,696,818,257,266"
1919,10,False,False,0->0,,,,,16,2555,"400,958,485,858,113,447,109,179,398,649"
1920,10,False,False,0->0,,,,,16,1017,"778,193,148,569,358,461,269,620,921,947"
1921,10,False,False,0->0,,,,,16,1969,"703,993,172,22,688,858,924,856,6,843"
1922,10,False,False,0->0,,,,,16,1148,"144,501,673,931,116,201,847,389,64,716"
1923,10,False,False,0->0,,,,,16,1246,"501,20,205,981,448,74,133,274,12,974"
1924,10,False,False,0->0,,,,,16,2463,"485,254,61,112,627,646,168,238,27,508"
1925,10,False,False,0->0,,,,,16,1913,"266,294,225,808,217,445,891,915,9,831"
1927,10,False,False,0->0,,,,,16,3348,"29,755,669,998,40,216,700,826,659,231"
1928,10,False,False,0->0,,,,,16,1111,"130,475,132,425,261,552,944,82,546,437"
1929,10,False,False,0->0,,,,,16,2332,"166,506,375,431,520,60,413,643,249,370"
1933,10,False,False,0->0,,,,,16,1601,"368,148,91,82,778,533,826,704,209,307"
1934,10,False,False,0->0,,,,,16,1762,"732,158,176,563,312,1,577,926,424,527"
1935,10,False,False,0->0,,,,,16,1278,"926,226,235,857,178,154,723,255,31,778"
1936,10,False,False,0->0,,,,,16,1462,"238,693,389,675,711,370,862,469,975,277"
1938,10,False,False,0->0,,,,,16,1537,"496,437,207,691,268,655,460,69,756,858"
1939,10,False,False,0->0,,,,,16,1427,"400,410,604,124,102,636,546,759,767,774"
1940,10,False,False,0->0,,,,,16,858,"558,117,460,222,705,239,335,775,641,903"
1942,10,False,False,0->0,,,,,16,2020,"384,308,840,740,962,233,773,533,273,816"
1943,10,False,False,0->0,,,,,16,1601,"36,54,272,630,789,558,549,319,631,318"
1945,10,False,False,0->0,,,,,16,2069,"702,57,260,376,594,574,231,917,703,539"
1947,10,False,False,0->0,,,,,16,1129,"637,318,18,56,267,605,21,107,428,133"
1948,10,False,False,0->0,,,,,16,2821,"264,906,241,3,490,431,185,619,719,650"
1949,10,False,False,0->0,,,,,16,2461,"952,416,290,648,207,776,769,517,485,610"
1950,10,False,False,0->0,,,,,16,2258,"851,133,567,535,737,204,887,473,663,513"
1951,10,False,False,0->0,,,,,16,2251,"641,703,797,244,971,54,343,116,413,513"
1952,10,False,False,0->0,,,,,16,1678,"960,263,59,463,479,678,558,862,264,531"
1954,10,False,False,0->0,,,,,16,1323,"164,92,323,566,768,301,875,931,412,517"
1955,10,False,False,0->0,,,,,16,2458,"241,966,634,983,612,584,988,971,291,138"
1956,10,False,False,0->0,,,,,16,1411,"32,595,984,321,298,43,744,624,356,302"
1957,10,False,False,0->0,,,,,16,1617,"225,106,619,87,636,729,624,229,890,389"
1958,10,False,False,0->0,,,,,16,1251,"842,19,968,413,407,908,696,680,824,915"
1960,10,False,False,0->0,,,,,16,1882,"496,469,617,552,730,669,652,302,294,618"
1961,10,False,False,0->0,,,,,16,2255,"531,681,838,104,109,428,165,194,107,617"
1962,10,False,False,0->0,,,,,16,1337,"662,727,610,255,325,952,962,601,688,859"
1965,10,False,False,0->0,,,,,16,2564,"224,278,914,92,343,474,853,706,845,673"
1966,10,False,False,0->0,,,,,16,1373,"899,707,447,441,372,760,20,767,704,463"
1967,10,False,False,0->0,,,,,16,1813,"745,261,585,511,486,400,661,924,917,616"
1968,10,False,False,0->0,,,,,16,1587,"221,83,289,370,897,17,429,65,560,476"
1969,10,False,False,0->0,,,,,16,1676,"26,254,507,827,961,172,905,74,634,305"
1970,10,False,False,0->0,,,,,16,2066,"973,178,899,724,282,72,736,303,216,560"
1971,10,False,False,0->0,,,,,16,1322,"301,335,808,86,243,77,452,969,397,455"
1972,10,False,False,0->0,,,,,16,1748,"184,7,546,330,302,617,817,451,298,800"
1974,10,False,False,0->0,,,,,16,2195,"64,907,443,929,91,892,17,204,605,230"
1975,10,False,False,0->0,,,,,16,2254,"986,702,636,776,548,424,623,190,251,595"
1976,10,False,False,0->0,,,,,16,1288,"676,80,116,821,100,942,346,772,268,158"
1977,10,False,False,0->0,,,,,16,1150,"801,105,930,472,621,196,674,823,961,593"
1978,10,False,False,0->0,,,,,16,1054,"866,176,200,593,707,22,821,12,110,857"
1980,10,False,False,0->0,,,,,16,944,"333,225,86,959,107,358,497,640,968,110"
1981,10,False,False,0->0,,,,,16,879,"500,783,868,307,699,137,229,995,477,775"
1982,10,False,False,0->0,,,,,16,1163,"751,985,150,617,418,355,679,843,662,233"
1983,10,False,False,0->0,,,,,16,737,"2,913,803,473,771,251,404,500,849,14"
1985,10,False,False,0->0,,,,,16,1850,"506,483,494,111,420,578,495,684,666,185"
1986,10,False,False,0->0,,,,,16,2178,"140,347,885,903,482,7,398,359,23,487"
1990,10,False,False,0->0,,,,,16,1626,"338,294,165,248,285,780,530,325,408,979"
1992,10,False,False,0->0,,,,,16,2174,"284,958,155,783,738,753,714,211,976,544"
1995,10,False,False,0->0,,,,,16,2191,"988,835,739,500,654,813,906,107,200,845"
1996,10,False,False,0->0,,,,,16,1779,"948,528,47,495,702,335,55,666,499,890"
1997,10,False,False,0->0,,,,,16,2065,"360,724,712,808,2,804,604,493,253,249"
2000,10,False,False,0->0,,,,,16,749,"59,919,795,25,159,890,886,968,631,606"
2001,10,False,False,0->0,,,,,16,959,"374,585,687,870,828,32,691,7,352,615"
2002,10,False,False,0->0,,,,,16,1127,"128,941,926,356,804,788,146,660,38,373"
2003,10,False,False,0->0,,,,,16,3021,"114,453,397,8,312,43,926,964,987,735"
2004,10,False,False,0->0,,,,,16,1058,"909,602,937,723,966,182,271,387,983,22"
2007,10,False,False,0->0,,,,,16,2048,"252,937,99,368,512,112,104,697,45,568"
2008,10,False,False,0->0,,,,,16,2512,"749,827,490,142,971,703,684,98,808,104"
2009,10,False,False,0->0,,,,,16,1616,"490,552,479,739,740,169,655,875,7,360"
2010,10,False,False,0->0,,,,,16,1655,"64,477,229,724,132,302,891,631,340,961"
2011,10,False,False,0->0,,,,,16,1406,"686,708,474,721,795,346,124,312,495,953"
2012,10,False,False,0->0,,,,,16,1061,"688,824,692,852,241,2,217,156,335,598"
2013,10,False,False,0->0,,,,,16,2364,"930,709,88,717,326,815,180,641,446,956"
2014,10,False,False,0->0,,,,,16,1149,"209,663,22,749,413,299,724,884,410,568"
2015,10,False,False,0->0,,,,,16,1476,"357,831,784,325,205,594,975,999,224,874"
2016,10,False,False,0->0,,,,,16,1507,"442,241,412,789,708,181,952,290,652,795"
2017,10,False,False,0->0,,,,,16,1295,"59,727,666,251,504,957,681,173,589,921"
2018,10,False,False,0->0,,,,,16,1643,"737,855,132,503,663,582,733,952,891,413"
2019,10,False,False,0->0,,,,,16,2719,"710,736,552,252,304,88,534,388,374,654"
2020,10,False,False,0->0,,,,,16,1763,"556,797,499,832,521,646,110,391,109,319"
2021,10,False,False,0->0,,,,,16,847,"546,225,280,637,614,242,870,45,497,32"
2022,10,False,False,0->0,,,,,16,1669,"656,201,499,1000,428,178,282,255,8,784"
2023,10,False,False,0->0,,,,,16,1834,"199,409,374,922,392,633,503,570,512,749"
2024,10,False,False,0->0,,,,,16,1065,"426,834,276,247,205,42,867,398,688,244"
2026,10,False,False,0->0,,,,,16,2135,"8,569,130,120,282,426,343,146,190,117"
2027,10,False,False,0->0,,,,,16,1637,"194,823,911,569,727,113,712,373,738,609"
2028,10,False,False,0->0,,,,,16,2987,"578,655,829,21,302,586,186,697,776,455"
2029,10,False,False,0->0,,,,,16,1975,"125,994,183,643,135,993,822,520,959,524"
2030,10,False,False,0->0,,,,,16,1230,"124,943,586,513,420,83,746,877,34,41"
2032,10,False,False,0->0,,,,,16,1976,"569,117,693,780,868,927,915,521,987,12"
2033,10,False,False,0->0,,,,,16,953,"787,676,192,454,984,951,756,851,329,970"
2034,10,False,False,0->0,,,,,16,1512,"468,409,214,405,293,784,598,600,934,854"
2036,10,False,False,0->0,,,,,16,2084,"973,744,409,873,454,159,84,536,603,534"
2038,10,False,False,0->0,,,,,16,1567,"695,573,469,990,88,199,155,654,204,689"
2039,10,False,False,0->0,,,,,16,1823,"738,687,803,702,326,705,574,877,61,194"
2040,10,False,False,0->0,,,,,16,1752,"783,178,511,47,944,504,475,158,68,395"
2042,10,False,False,0->0,,,,,16,1386,"425,107,510,610,961,454,880,90,714,171"
2043,10,False,False,0->0,,,,,16,1250,"204,898,178,486,431,7,391,522,940,654"
2044,10,False,False,0->0,,,,,16,1925,"548,53,185,983,7,964,717,790,416,635"
2045,10,False,False,0->0,,,,,16,1261,"865,342,770,211,845,903,269,285,496,242"
2047,10,False,False,0->0,,,,,16,1778,"577,578,884,189,251,82,74,854,886,868"
2049,10,False,False,0->0,,,,,16,1636,"765,551,268,614,184,941,651,892,601,615"
2050,10,False,False,0->0,,,,,16,1925,"624,504,586,253,250,550,853,651,783,770"
2051,10,False,False,0->0,,,,,16,2125,"632,77,284,5,870,544,189,960,221,101"
2052,10,False,False,0->0,,,,,16,2246,"216,814,285,726,749,97,646,702,777,724"
2053,10,False,False,0->0,,,,,16,2247,"961,658,154,50,569,324,416,847,363,652"
2054,10,False,False,0->0,,,,,16,1218,"119,890,950,879,82,689,469,452,189,707"
2055,10,False,False,0->0,,,,,16,1565,"148,928,737,139,765,880,220,34,598,17"
2056,10,False,False,0->0,,,,,16,2133,"391,623,589,688,927,487,313,859,408,578"
2059,10,False,False,0->0,,,,,16,2048,"717,522,387,320,534,530,952,548,987,274"
2060,10,False,False,0->0,,,,,16,1308,"38,93,643,574,823,961,214,958,724,398"
2061,10,False,False,0->0,,,,,16,1912,"859,602,310,577,917,116,519,74,126,508"
2063,10,False,False,0->0,,,,,16,1805,"145,373,330,184,57,775,73,18,779,84"
2064,10,False,False,0->0,,,,,16,1318,"915,144,560,587,331,54,804,863,526,896"
2065,10,False,False,0->0,,,,,16,2471,"626,767,245,824,160,290,358,519,250,98"
2066,10,False,False,0->0,,,,,16,1860,"347,617,853,463,131,838,370,703,458,646"
2067,10,False,False,0->0,,,,,16,1668,"504,441,369,567,702,639,687,108,633,945"
2068,10,False,False,0->0,,,,,16,1016,"128,250,398,678,25,867,439,408,193,444"
2069,10,False,False,0->0,,,,,16,2330,"276,800,93,280,972,657,376,669,224,412"
2070,10,False,False,0->0,,,,,16,1962,"669,401,777,360,507,532,415,102,88,410"
2071,10,False,False,0->0,,,,,16,1315,"937,752,100,648,446,661,183,42,518,781"
2073,10,False,False,0->0,,,,,16,2079,"284,504,391,274,94,795,366,86,861,610"
2074,10,False,False,0->0,,,,,16,1635,"838,515,309,873,4,100,173,879,957,542"
2075,10,False,False,0->0,,,,,16,990,"988,654,558,251,630,192,442,692,937,886"
2076,10,False,False,0->0,,,,,16,1350,"440,326,972,372,29,496,400,217,958,551"
2077,10,False,False,0->0,,,,,16,1659,"260,196,208,397,307,316,166,195,3,749"
2078,10,False,False,0->0,,,,,16,2271,"746,436,979,487,726,827,532,92,560,113"
2079,10,False,False,0->0,,,,,16,2670,"19,379,32,47,305,178,84,955,900,714"
2080,10,False,False,0->0,,,,,16,1246,"571,23,521,599,723,558,676,122,829,415"
2081,10,False,False,0->0,,,,,16,2639,"935,262,980,309,670,590,887,721,582,693"
2083,10,False,False,0->0,,,,,16,2273,"908,52,19,210,971,465,541,274,610,154"
2084,10,False,False,0->0,,,,,16,983,"80,697,823,648,270,646,132,487,138,794"
2086,10,False,False,0->0,,,,,16,1910,"303,761,947,222,154,64,43,791,657,366"
2088,10,False,False,0->0,,,,,16,2037,"13,263,880,974,329,870,610,460,730,532"
2089,10,False,False,0->0,,,,,16,1938,"970,17,434,877,497,659,622,960,785,537"
2090,10,False,False,0->0,,,,,16,870,"126,732,152,503,834,938,371,260,993,911"
2091,10,False,False,0->0,,,,,16,2671,"822,848,911,76,358,423,140,700,724,133"
2093,10,False,False,0->0,,,,,16,1063,"778,34,870,244,448,598,650,534,443,992"
2094,10,False,False,0->0,,,,,16,2556,"733,840,55,843,48,393,627,64,403,326"
2096,10,False,False,0->0,,,,,16,1642,"663,595,8,226,465,947,168,796,887,870"
2098,10,False,False,0->0,,,,,16,1062,"98,94,18,787,908,593,424,921,564,147"
2100,10,False,False,0->0,,,,,16,894,"780,335,299,21,788,137,298,905,418,69"
2101,10,False,False,0->0,,,,,16,1467,"229,930,98,583,868,791,257,673,691,434"
2102,10,False,False,0->0,,,,,16,1005,"223,806,218,884,910,804,448,208,203,175"
2103,10,False,False,0->0,,,,,16,1307,"738,409,413,273,67,271,722,25,418,436"
2104,10,False,False,0->0,,,,,16,1182,"211,482,297,43,759,386,242,87,870,121"
2106,10,False,False,0->0,,,,,16,1055,"930,511,218,392,527,709,927,893,625,781"
2107,10,False,False,0->0,,,,,16,1938,"58,964,667,162,979,225,97,308,23,662"
2109,10,False,False,0->0,,,,,16,713,"558,65,413,692,602,260,860,32,155,954"
2110,10,False,False,0->0,,,,,16,1042,"633,855,20,321,832,549,393,233,686,459"
2111,10,False,False,0->0,,,,,16,1512,"926,285,350,685,511,407,999,358,538,474"
2112,10,False,False,0->0,,,,,16,1283,"828,265,927,875,878,834,689,642,210,254"
2114,10,False,False,0->0,,,,,16,1371,"199,886,385,688,38,883,498,898,56,790"
2115,10,False,False,0->0,,,,,16,1428,"42,96,857,724,503,302,761,33,298,266"
2119,10,False,False,0->0,,,,,16,1992,"763,51,291,175,569,635,961,80,535,83"
2121,10,False,False,0->0,,,,,16,1917,"419,303,272,702,37,43,646,85,465,192"
2123,10,False,False,0->0,,,,,16,2073,"847,814,16,265,395,17,1,604,600,53"
2124,10,False,False,0->0,,,,,16,2320,"687,467,99,745,309,827,327,816,337,388"
2126,10,False,False,0->0,,,,,16,1938,"88,526,233,177,6,642,565,814,700,634"
2127,10,False,False,0->0,,,,,16,1403,"978,203,855,398,185,332,780,590,32,920"
2129,10,False,False,0->0,,,,,16,2232,"482,719,994,637,995,683,254,950,287,313"
2130,10,False,False,0->0,,,,,16,1196,"991,376,689,785,501,497,68,952,97,556"
2131,10,False,False,0->0,,,,,16,2569,"253,4,87,607,113,100,210,752,163,885"
2132,10,False,False,0->0,,,,,16,1593,"931,952,615,917,567,93,205,425,585,299"
2133,10,False,False,0->0,,,,,16,2209,"694,259,945,15,871,287,196,158,217,726"
2134,10,False,False,0->0,,,,,16,1031,"966,476,211,744,616,546,303,91,902,307"
2135,10,False,False,0->0,,,,,16,954,"448,280,911,83,520,260,23,950,886,403"
2136,10,False,False,0->0,,,,,16,1009,"619,42,862,751,828,276,382,662,179,877"
2137,10,False,False,0->0,,,,,16,848,"787,43,960,895,430,732,546,288,18,278"
2138,10,False,False,0->0,,,,,16,1545,"297,90,880,273,610,675,601,404,310,277"
2139,10,False,False,0->0,,,,,16,1995,"715,637,314,534,124,441,764,424,620,777"
2141,10,False,False,0->0,,,,,16,1735,"416,938,553,780,291,136,51,472,356,33"
2142,10,False,False,0->0,,,,,16,842,"137,346,586,31,283,556,179,765,672,998"
2143,10,False,False,0->0,,,,,16,1742,"441,436,685,88,445,880,192,195,711,934"
2144,10,False,False,0->0,,,,,16,926,"684,131,536,452,58,239,865,922,451,515"
2145,10,False,False,0->0,,,,,16,1698,"9,428,29,618,22,211,533,873,319,198"
2147,10,False,False,0->0,,,,,16,1747,"813,972,848,322,54,761,564,3,508,859"
2148,10,False,False,0->0,,,,,16,1194,"472,755,791,426,74,507,969,393,173,718"
2149,10,False,False,0->0,,,,,16,1365,"527,417,741,418,604,16,455,786,403,615"
2151,10,False,False,0->0,,,,,16,2405,"758,794,194,175,787,577,202,858,703,492"
2152,10,False,False,0->0,,,,,16,1259,"259,761,652,207,436,781,282,446,18,223"
2153,10,False,False,0->0,,,,,16,2197,"982,729,507,808,508,127,900,144,614,386"
2154,10,False,False,0->0,,,,,16,1889,"617,412,363,67,294,430,662,601,917,260"
2155,10,False,False,0->0,,,,,16,635,"713,736,602,223,401,469,468,817,307,950"
2157,10,False,False,0->0,,,,,16,528,"722,297,48,905,757,909,795,713,734,46"
2158,10,False,False,0->0,,,,,16,1509,"218,676,584,973,730,120,459,192,132,580"
2159,10,False,False,0->0,,,,,16,1239,"556,365,759,988,676,278,29,184,318,725"
2161,10,False,False,0->0,,,,,16,1077,"541,156,356,958,492,663,854,211,199,16"
2163,10,False,False,0->0,,,,,16,1142,"233,467,982,926,304,4,481,393,972,148"
2164,10,False,False,0->0,,,,,16,2020,"2,625,800,934,512,636,861,363,915,18"
2165,10,False,False,0->0,,,,,16,2619,"173,165,410,395,519,615,850,858,635,400"
2166,10,False,False,0->0,,,,,16,1432,"157,394,61,45,865,196,704,520,43,974"
2168,10,False,False,0->0,,,,,16,920,"48,192,649,476,989,410,428,120,49,821"
2169,10,False,False,0->0,,,,,16,1228,"320,34,553,135,178,506,430,446,128,831"
2171,10,False,False,0->0,,,,,16,1226,"27,954,937,224,836,554,726,407,120,396"
2172,10,False,False,0->0,,,,,16,1273,"985,650,843,768,990,633,517,278,418,109"
2174,10,False,False,0->0,,,,,16,874,"228,572,603,415,378,640,952,201,563,752"
2175,10,False,False,0->0,,,,,16,1222,"625,82,985,545,165,732,168,403,944,24"
2176,10,False,False,0->0,,,,,16,1459,"147,786,943,842,443,335,57,477,173,69"
2178,10,False,False,0->0,,,,,16,1250,"542,688,13,16,32,90,1000,666,861,648"
2179,10,False,False,0->0,,,,,16,1981,"308,977,350,602,63,676,363,257,233,992"
2181,10,False,False,0->0,,,,,16,2353,"675,895,126,595,745,494,831,419,987,829"
2182,10,False,False,0->0,,,,,16,1684,"418,838,338,658,856,290,613,884,113,826"
2183,10,False,False,0->0,,,,,16,1698,"625,746,293,221,92,360,979,371,896,231"
2184,10,False,False,0->0,,,,,16,1015,"510,933,201,875,758,872,94,826,429,34"
2185,10,False,False,0->0,,,,,16,1789,"897,454,471,949,260,72,880,226,497,384"
2186,10,False,False,0->0,,,,,16,1854,"558,411,420,752,902,622,473,668,383,264"
2189,10,False,False,0->0,,,,,16,2335,"91,534,675,364,23,242,385,29,590,657"
2190,10,False,False,0->0,,,,,16,1209,"426,409,378,79,960,613,830,784,956,76"
2191,10,False,False,0->0,,,,,16,1293,"793,455,957,988,201,549,344,17,655,950"
2192,10,False,False,0->0,,,,,16,2532,"13,223,125,828,198,380,1000,197,607,776"
2195,10,False,False,0->0,,,,,16,1083,"253,793,260,941,146,546,919,683,947,622"
2197,10,False,False,0->0,,,,,16,1166,"460,119,947,333,453,515,801,382,305,821"
2200,10,False,False,0->0,,,,,16,1546,"331,897,795,195,542,868,845,898,903,116"
2201,10,False,False,0->0,,,,,16,1234,"283,222,783,708,400,1000,973,476,54,41"
2202,10,False,False,0->0,,,,,16,2073,"824,966,607,741,710,558,376,793,148,471"
2204,10,False,False,0->0,,,,,16,2344,"331,60,419,119,788,400,760,26,241,312"
2205,10,False,False,0->0,,,,,16,1763,"512,859,439,350,252,32,14,223,12,781"
2206,10,False,False,0->0,,,,,16,1552,"471,376,495,684,722,358,14,494,193,970"
2207,10,False,False,0->0,,,,,16,1975,"319,41,670,38,760,36,200,414,977,79"
2208,10,False,False,0->0,,,,,16,1105,"443,654,662,331,854,150,189,836,896,142"
2209,10,False,False,0->0,,,,,16,2358,"648,676,343,690,412,482,63,840,714,17"
2210,10,False,False,0->0,,,,,16,2464,"448,486,993,842,36,800,346,746,541,485"
2211,10,False,False,0->0,,,,,16,1772,"5,68,876,249,127,175,689,125,535,919"
2212,10,False,False,0->0,,,,,16,1913,"380,578,679,521,322,192,476,844,797,73"
2213,10,False,False,0->0,,,,,16,852,"704,986,725,48,520,972,991,448,325,838"
2214,10,False,False,0->0,,,,,16,1657,"127,143,148,563,246,611,350,498,152,830"
2215,10,False,False,0->0,,,,,16,1680,"400,74,498,814,202,528,94,454,290,178"
2216,10,False,False,0->0,,,,,16,1534,"203,175,553,34,452,711,580,610,699,822"
2217,10,False,False,0->0,,,,,16,1419,"58,547,85,388,201,147,310,571,983,811"
2218,10,False,False,0->0,,,,,16,2413,"693,612,490,582,405,8,347,663,668,104"
2220,10,False,False,0->0,,,,,16,2520,"64,417,511,189,24,50,368,477,264,499"
2221,10,False,False,0->0,,,,,16,1815,"317,651,991,884,220,994,686,358,880,503"
2222,10,False,False,0->0,,,,,16,1496,"475,468,67,73,652,459,82,315,734,112"
2226,10,False,False,0->0,,,,,16,1822,"971,575,798,657,859,498,376,42,963,372"
2227,10,False,False,0->0,,,,,16,1867,"365,787,765,291,710,444,933,17,582,638"
2228,10,False,False,0->0,,,,,16,2437,"603,147,505,216,779,721,488,315,937,458"
2229,10,False,False,0->0,,,,,16,1617,"761,179,966,938,437,597,738,771,304,302"
2231,10,False,False,0->0,,,,,16,917,"22,563,401,100,520,382,744,242,733,335"
2232,10,False,False,0->0,,,,,16,2105,"646,563,231,99,252,938,283,772,552,871"
2233,10,False,False,0->0,,,,,16,1894,"493,259,380,854,404,857,487,316,795,678"
2234,10,False,False,0->0,,,,,16,820,"4,467,457,181,372,186,908,617,99,176"
2235,10,False,False,0->0,,,,,16,1128,"380,190,568,317,80,720,998,666,510,202"
2238,10,False,False,0->0,,,,,16,2550,"51,863,383,813,25,802,705,626,357,594"
2240,10,False,False,0->0,,,,,16,1581,"568,654,813,851,885,657,340,532,975,448"
2241,10,False,False,0->0,,,,,16,1554,"235,247,183,78,962,1,119,618,658,757"
2242,10,False,False,0->0,,,,,16,2496,"87,639,134,764,657,844,276,74,468,91"
2244,10,False,False,0->0,,,,,16,2332,"365,687,590,510,874,887,884,866,666,583"
2246,10,False,False,0->0,,,,,16,1733,"783,831,112,91,176,317,504,116,288,209"
2247,10,False,False,0->0,,,,,16,1276,"436,212,920,33,619,424,856,130,999,101"
2250,10,False,False,0->0,,,,,16,2146,"968,36,90,724,749,982,216,87,91,990"
2251,10,False,False,0->0,,,,,16,1631,"193,927,47,441,800,365,465,179,381,705"
2252,10,False,False,0->0,,,,,16,1980,"872,550,247,216,254,364,909,703,612,707"
2254,10,False,False,0->0,,,,,16,1037,"851,557,947,860,959,713,455,813,453,397"
2255,10,False,False,0->0,,,,,16,2663,"605,368,821,163,438,621,545,744,840,173"
2256,10,False,False,0->0,,,,,16,2030,"800,907,397,862,441,627,160,750,593,487"
2257,10,False,False,0->0,,,,,16,1459,"5,787,301,322,477,411,652,120,455,397"
2258,10,False,False,0->0,,,,,16,985,"513,786,105,744,132,178,404,510,378,454"
2259,10,False,False,0->0,,,,,16,1990,"140,368,288,617,585,614,436,492,675,750"
2260,10,False,False,0->0,,,,,16,1243,"513,550,933,479,301,702,777,687,217,737"
2261,10,False,False,0->0,,,,,16,1576,"643,657,914,385,133,862,82,905,568,257"
2262,10,False,False,0->0,,,,,16,1579,"100,465,371,145,6,42,953,874,602,279"
2263,10,False,False,0->0,,,,,16,1477,"830,719,18,668,797,321,397,684,848,63"
2264,10,False,False,0->0,,,,,16,1933,"97,826,514,717,693,852,753,935,821,649"
2265,10,False,False,0->0,,,,,16,2312,"798,100,21,567,708,623,605,646,941,19"
2266,10,False,False,0->0,,,,,16,2024,"519,482,873,879,514,469,418,833,214,401"
2267,10,False,False,0->0,,,,,16,872,"672,287,999,198,791,959,501,158,494,951"
2268,10,False,False,0->0,,,,,16,1336,"593,2,875,39,865,813,964,246,731,541"
2269,10,False,False,0->0,,,,,16,959,"742,801,146,716,37,638,116,952,410,503"
2270,10,False,False,0->0,,,,,16,1425,"704,499,515,2,633,259,587,675,312,640"
2271,10,False,False,0->0,,,,,16,1387,"172,620,680,324,745,546,117,712,950,794"
2272,10,False,False,0->0,,,,,16,2005,"404,607,430,878,718,739,264,86,519,360"
2273,10,False,False,0->0,,,,,16,1433,"597,48,169,885,986,84,720,355,909,888"
2274,10,False,False,0->0,,,,,16,1099,"771,866,588,506,60,627,741,798,775,185"
2276,10,False,False,0->0,,,,,16,1667,"415,697,748,109,618,481,93,574,686,16"
2278,10,False,False,0->0,,,,,16,1459,"792,297,374,865,551,684,381,383,496,487"
2280,10,False,False,0->0,,,,,16,1617,"974,152,824,80,178,631,989,612,621,127"
2281,10,False,False,0->0,,,,,16,1458,"908,779,767,245,368,978,246,985,993,102"
2282,10,False,False,0->0,,,,,16,2055,"622,607,147,980,632,523,695,985,255,138"
2284,10,False,False,0->0,,,,,16,2311,"971,517,396,335,101,242,871,405,646,21"
2285,10,False,False,0->0,,,,,16,2817,"831,710,789,426,196,255,534,632,3,826"
2286,10,False,False,0->0,,,,,16,655,"142,692,460,653,212,551,475,708,247,410"
2287,10,False,False,0->0,,,,,16,1946,"531,465,431,9,729,383,365,202,376,999"
2291,10,False,False,0->0,,,,,16,1357,"930,933,917,404,675,854,943,87,817,712"
2292,10,False,False,0->0,,,,,16,1634,"772,268,408,340,754,580,46,643,585,324"
2294,10,False,False,0->0,,,,,16,1441,"378,261,401,803,25,490,905,114,792,681"
2295,10,False,False,0->0,,,,,16,2358,"944,626,880,942,438,772,563,855,929,888"
2296,10,False,False,0->0,,,,,16,1447,"418,718,837,893,526,589,548,239,646,93"
2297,10,False,False,0->0,,,,,16,835,"636,280,181,574,172,600,335,391,355,362"
2298,10,False,False,0->0,,,,,16,1514,"498,684,57,800,944,930,178,398,818,283"
2299,10,False,False,0->0,,,,,16,1548,"885,183,270,938,800,794,909,461,460,315"
2301,10,False,False,0->0,,,,,16,1237,"902,398,17,523,344,273,48,693,477,707"
2302,10,False,False,0->0,,,,,16,1514,"885,957,164,688,865,358,344,988,401,380"
2303,10,False,False,0->0,,,,,16,2291,"320,937,659,80,741,229,23,844,400,713"
2304,10,False,False,0->0,,,,,16,1689,"910,228,400,127,571,199,179,469,411,109"
2306,10,False,False,0->0,,,,,16,1550,"298,734,205,720,82,39,523,980,612,174"
2308,10,False,False,0->0,,,,,16,2031,"494,87,735,515,290,818,29,704,55,461"
2310,10,False,False,0->0,,,,,16,1664,"366,926,508,182,683,168,408,489,560,867"
2311,10,False,False,0->0,,,,,16,1773,"854,800,105,972,13,770,679,144,505,498"
2312,10,False,False,0->0,,,,,16,1545,"690,514,505,304,785,873,796,806,330,303"
2314,10,False,False,0->0,,,,,16,1801,"105,261,272,811,128,715,380,363,669,587"
2315,10,False,False,0->0,,,,,16,1700,"53,887,680,330,614,376,397,952,125,678"
2319,10,False,False,0->0,,,,,16,1310,"517,547,37,454,523,563,615,577,603,190"
2320,10,False,False,0->0,,,,,16,1620,"13,255,914,641,826,409,498,789,331,741"
2321,10,False,False,0->0,,,,,16,1881,"533,994,953,900,269,783,81,711,45,631"
2322,10,False,False,0->0,,,,,16,1875,"692,906,394,983,192,545,493,640,216,750"
2323,10,False,False,0->0,,,,,16,1122,"956,415,13,198,906,730,146,837,360,914"
2324,10,False,False,0->0,,,,,16,1528,"208,372,684,293,47,700,73,445,243,469"
2325,10,False,False,0->0,,,,,16,2112,"50,532,145,482,689,905,795,860,266,512"
2326,10,False,False,0->0,,,,,16,2080,"572,938,128,70,785,477,265,657,229,109"
2327,10,False,False,0->0,,,,,16,2434,"230,363,338,430,557,332,164,278,56,826"
2328,10,False,False,0->0,,,,,16,1324,"139,536,55,457,415,483,955,40,972,62"
2329,10,False,False,0->0,,,,,16,1713,"681,156,584,452,448,721,977,255,567,692"
2330,10,False,False,0->0,,,,,16,1540,"437,373,725,210,259,926,898,524,985,401"
2331,10,False,False,0->0,,,,,16,1157,"751,595,837,139,380,397,949,195,617,52"
2332,10,False,False,0->0,,,,,16,1186,"727,181,515,193,436,160,866,226,47,663"
2333,10,False,False,0->0,,,,,16,1867,"573,465,713,678,876,850,614,68,95,905"
2334,10,False,False,0->0,,,,,16,759,"121,861,697,849,546,145,914,265,333,297"
2335,10,False,False,0->0,,,,,16,1023,"500,909,725,8,517,274,702,268,451,100"
2336,10,False,False,0->0,,,,,16,2518,"575,696,88,463,165,7,111,63,174,61"
2337,10,False,False,0->0,,,,,16,1259,"211,363,226,386,526,922,857,855,429,124"
2339,10,False,False,0->0,,,,,16,3002,"659,93,786,703,291,988,840,199,47,209"
2341,10,False,False,0->0,,,,,16,2821,"981,796,782,194,19,964,827,211,941,481"
2342,10,False,False,0->0,,,,,16,1467,"749,703,798,966,436,393,611,653,243,919"
2343,10,False,False,0->0,,,,,16,2120,"995,216,656,425,941,146,586,250,736,350"
2344,10,False,False,0->0,,,,,16,1408,"535,52,971,14,751,672,625,2,742,16"
2345,10,False,False,0->0,,,,,16,1182,"453,510,993,17,176,515,442,104,32,396"
2346,10,False,False,0->0,,,,,16,2294,"758,803,570,568,940,379,326,935,750,626"
2347,10,False,False,0->0,,,,,16,1507,"387,458,163,180,674,539,681,43,702,692"
2348,10,False,False,0->0,,,,,16,2601,"477,445,887,7,407,284,265,626,995,917"
2350,10,False,False,0->0,,,,,16,2567,"67,483,753,333,157,843,974,618,917,733"
2351,10,False,False,0->0,,,,,16,1312,"8,102,702,656,193,376,794,95,914,368"
2353,10,False,False,0->0,,,,,16,1323,"733,479,668,80,998,100,487,103,452,984"
2354,10,False,False,0->0,,,,,16,1267,"975,739,106,394,757,342,53,498,181,879"
2355,10,False,False,0->0,,,,,16,2068,"102,631,917,547,301,785,551,538,291,271"
2356,10,False,False,0->0,,,,,16,1425,"963,178,150,582,277,749,545,93,611,26"
2357,10,False,False,0->0,,,,,16,1661,"933,521,551,513,24,389,451,282,114,883"
2358,10,False,False,0->0,,,,,16,1174,"911,837,380,56,34,849,150,772,691,582"
2359,10,False,False,0->0,,,,,16,1611,"372,631,183,635,491,505,364,744,563,316"
2361,10,False,False,0->0,,,,,16,1395,"954,79,689,780,550,255,25,731,740,907"
2363,10,False,False,0->0,,,,,16,1237,"196,868,922,715,317,961,166,598,369,673"
2366,10,False,False,0->0,,,,,16,1243,"451,514,249,663,831,740,461,636,574,850"
2367,10,False,False,0->0,,,,,16,1395,"734,468,560,677,386,774,434,619,487,225"
2368,10,False,False,0->0,,,,,16,1584,"750,821,572,738,748,451,617,176,218,195"
2369,10,False,False,0->0,,,,,16,910,"107,168,159,460,14,506,739,465,765,403"
2371,10,False,False,0->0,,,,,16,2181,"505,619,255,973,402,128,849,68,940,301"
2373,10,False,False,0->0,,,,,16,1053,"913,154,524,459,442,526,890,493,737,134"
2374,10,False,False,0->0,,,,,16,1179,"834,607,159,150,574,961,54,520,526,564"
2375,10,False,False,0->0,,,,,16,1727,"282,868,263,141,815,544,201,43,861,956"
2376,10,False,False,0->0,,,,,16,689,"376,622,672,754,793,890,557,924,335,526"
2377,10,False,False,0->0,,,,,16,1891,"360,51,304,907,314,284,768,871,902,169"
2381,10,False,False,0->0,,,,,16,1652,"940,974,507,977,8,393,162,278,761,254"
2382,10,False,False,0->0,,,,,16,2209,"439,587,706,674,513,448,194,535,288,852"
2383,10,False,False,0->0,,,,,16,1237,"793,788,828,584,325,468,984,575,50,556"
2384,10,False,False,0->0,,,,,16,1364,"5,524,34,549,973,169,251,909,732,255"
2385,10,False,False,0->0,,,,,16,1361,"580,675,933,257,417,506,490,816,888,498"
2389,10,False,False,0->0,,,,,16,1688,"194,356,288,263,982,303,107,160,497,329"
2392,10,False,False,0->0,,,,,16,1991,"230,389,958,599,38,168,17,260,139,748"
2395,10,False,False,0->0,,,,,16,1358,"31,970,112,485,784,625,301,77,99,537"
2396,10,False,False,0->0,,,,,16,1128,"21,985,124,870,12,171,189,270,991,683"
2397,10,False,False,0->0,,,,,16,2206,"586,225,957,615,844,210,429,512,710,155"
2399,10,False,False,0->0,,,,,16,1231,"358,430,940,86,694,357,52,16,768,635"
2400,10,False,False,0->0,,,,,16,1788,"183,851,871,100,985,206,198,751,468,715"
2401,10,False,False,0->0,,,,,16,2429,"204,776,43,187,161,874,333,899,308,302"
2402,10,False,False,0->0,,,,,16,734,"560,690,100,474,438,922,824,960,543,276"
2404,10,False,False,0->0,,,,,16,1423,"661,851,535,206,599,461,307,757,542,333"
2406,10,False,False,0->0,,,,,16,989,"931,16,999,714,39,31,754,873,422,107"
2407,10,False,False,0->0,,,,,16,1015,"953,80,192,555,48,931,293,725,400,323"
2408,10,False,False,0->0,,,,,16,1694,"97,952,763,798,938,46,808,835,33,208"
2409,10,False,False,0->0,,,,,16,1756,"604,321,834,862,890,436,810,471,962,186"
2412,10,False,False,0->0,,,,,16,1091,"834,105,743,684,866,195,842,203,206,489"
2413,10,False,False,0->0,,,,,16,2547,"165,635,590,994,993,390,394,162,87,980"
2415,10,False,False,0->0,,,,,16,1342,"233,69,461,914,837,49,601,81,330,325"
2417,10,False,False,0->0,,,,,16,2185,"486,848,578,329,103,29,689,728,945,58"
2419,10,False,False,0->0,,,,,16,2917,"313,185,446,558,303,326,194,163,1,913"
2420,10,False,False,0->0,,,,,16,1761,"757,175,85,840,684,388,112,498,922,585"
2422,10,False,False,0->0,,,,,16,2213,"855,513,623,443,868,534,174,238,802,816"
2423,10,False,False,0->0,,,,,16,1496,"957,172,548,786,423,472,720,681,892,866"
2424,10,False,False,0->0,,,,,16,2210,"87,497,319,543,343,38,649,463,840,944"
2425,10,False,False,0->0,,,,,16,1471,"74,773,515,695,24,288,359,417,253,401"
2426,10,False,False,0->0,,,,,16,1400,"384,984,888,641,730,952,854,798,70,230"
2427,10,False,False,0->0,,,,,16,1896,"233,458,692,27,553,284,36,421,852,12"
2428,10,False,False,0->0,,,,,16,1537,"51,287,709,696,413,548,552,218,105,206"
2430,10,False,False,0->0,,,,,16,2197,"259,833,335,374,842,133,615,496,574,544"
2431,10,False,False,0->0,,,,,16,2289,"366,888,203,360,837,386,940,81,165,521"
2432,10,False,False,0->0,,,,,16,2108,"401,416,991,46,104,419,48,369,931,764"
2434,10,False,False,0->0,,,,,16,1907,"546,954,405,622,433,333,236,112,157,504"
2435,10,False,False,0->0,,,,,16,1569,"858,521,505,549,442,999,555,600,948,733"
2436,10,False,False,0->0,,,,,16,1685,"822,379,263,780,910,535,934,978,442,1000"
2438,10,False,False,0->0,,,,,16,1214,"387,87,270,957,301,65,873,272,844,254"
2439,10,False,False,0->0,,,,,16,1196,"506,688,223,73,720,572,417,594,263,307"
2440,10,False,False,0->0,,,,,16,1876,"428,404,23,672,458,845,577,982,847,957"
2445,10,False,False,0->0,,,,,16,1266,"486,51,843,235,372,675,104,560,418,581"
2446,10,False,False,0->0,,,,,16,1884,"312,422,378,43,612,216,853,867,512,549"
2448,10,False,False,0->0,,,,,16,2344,"121,565,599,623,172,138,776,797,495,369"
2449,10,False,False,0->0,,,,,16,1919,"649,187,669,641,14,305,837,163,142,653"
2450,10,False,False,0->0,,,,,16,1503,"507,938,934,188,91,490,249,436,979,159"
2451,10,False,False,0->0,,,,,16,1775,"40,804,396,718,560,933,340,131,651,482"
2453,10,False,False,0->0,,,,,16,1249,"535,884,963,424,126,919,972,330,32,771"
2456,10,False,False,0->0,,,,,16,888,"420,148,856,424,2,744,950,697,325,154"
2457,10,False,False,0->0,,,,,16,1403,"332,585,12,779,944,733,249,411,794,816"
2458,10,False,False,0->0,,,,,16,1346,"790,950,299,232,917,285,872,730,558,379"
2459,10,False,False,0->0,,,,,16,2147,"920,394,368,811,454,871,524,843,957,979"
2460,10,False,False,0->0,,,,,16,1870,"583,116,209,487,623,873,375,233,226,381"
2461,10,False,False,0->0,,,,,16,3485,"9,223,578,573,716,160,84,419,779,99"
2462,10,False,False,0->0,,,,,16,1871,"291,534,21,777,793,729,652,861,968,282"
2463,10,False,False,0->0,,,,,16,1077,"48,47,241,475,62,269,742,691,442,863"
2465,10,False,False,0->0,,,,,16,2276,"472,649,157,426,755,896,798,637,598,24"
2467,10,False,False,0->0,,,,,16,810,"823,422,24,12,212,314,225,958,152,220"
2468,10,False,False,0->0,,,,,16,1156,"624,521,796,951,73,305,778,875,890,42"
2469,10,False,False,0->0,,,,,16,1646,"139,434,973,535,849,774,919,512,167,331"
2470,10,False,False,0->0,,,,,16,2260,"197,166,130,405,826,612,854,111,338,794"
2471,10,False,False,0->0,,,,,16,3225,"669,246,728,829,259,873,578,468,396,81"
2472,10,False,False,0->0,,,,,16,2051,"649,890,160,690,754,822,937,190,67,332"
2473,10,False,False,0->0,,,,,16,1502,"755,27,283,838,604,455,507,4,53,624"
2476,10,False,False,0->0,,,,,16,1158,"530,299,638,727,318,426,192,879,862,486"
2477,10,False,False,0->0,,,,,16,1549,"530,299,725,268,726,302,728,613,531,986"
2479,10,False,False,0->0,,,,,16,1463,"837,53,121,710,877,650,511,257,97,551"
2480,10,False,False,0->0,,,,,16,2404,"908,621,329,724,428,849,700,307,822,503"
2482,10,False,False,0->0,,,,,16,1227,"53,1000,37,749,500,446,112,680,783,572"
2483,10,False,False,0->0,,,,,16,1577,"843,591,609,43,180,851,128,193,482,138"
2484,10,False,False,0->0,,,,,16,1558,"581,667,793,15,315,412,641,40,467,162"
2486,10,False,False,0->0,,,,,16,1765,"657,530,757,777,908,551,553,431,48,59"
2487,10,False,False,0->0,,,,,16,1537,"340,804,705,887,883,389,199,145,122,786"
2489,10,False,False,0->0,,,,,16,1667,"572,172,133,327,821,528,187,750,650,826"
2490,10,False,False,0->0,,,,,16,2206,"566,83,515,188,877,97,429,641,591,578"
2492,10,False,False,0->0,,,,,16,1224,"22,643,422,32,120,603,93,663,96,62"
2494,10,False,False,0->0,,,,,16,1414,"262,675,404,390,801,179,232,77,960,419"
2497,10,False,False,0->0,,,,,16,1102,"586,754,791,209,811,389,993,761,872,273"
2498,10,False,False,0->0,,,,,16,1147,"453,440,684,99,434,398,80,144,720,112"
2499,10,False,False,0->0,,,,,16,1373,"995,642,542,133,241,179,574,868,504,86"
2500,10,False,False,0->0,,,,,16,1029,"430,503,862,474,44,356,226,250,236,621"
2501,10,False,False,0->0,,,,,16,1740,"991,716,537,735,584,696,915,708,309,794"
2502,10,False,False,0->0,,,,,16,1514,"745,582,751,748,673,433,460,357,109,32"
2503,10,False,False,0->0,,,,,16,1622,"546,994,440,937,31,838,314,874,741,7"
2504,10,False,False,0->0,,,,,16,2795,"953,223,746,942,127,43,419,370,581,577"
2505,10,False,False,0->0,,,,,16,2150,"264,113,612,194,317,384,985,91,779,992"
2506,10,False,False,0->0,,,,,16,1794,"694,2,530,693,863,600,760,55,451,232"
2507,10,False,False,0->0,,,,,16,1877,"578,418,496,73,287,753,831,723,268,298"
2508,10,False,False,0->0,,,,,16,2240,"210,828,552,629,808,708,202,861,539,506"
2509,10,False,False,0->0,,,,,16,1397,"56,384,933,803,434,380,474,165,588,106"
2511,10,False,False,0->0,,,,,16,896,"265,554,798,951,278,914,310,403,621,409"
2512,10,False,False,0->0,,,,,16,1231,"521,422,232,197,810,269,424,108,954,642"
2513,10,False,False,0->0,,,,,16,1346,"394,526,530,802,957,633,17,895,943,474"
2515,10,False,False,0->0,,,,,16,1833,"356,607,412,498,786,494,77,61,74,874"
2516,10,False,False,0->0,,,,,16,1629,"609,103,501,741,172,468,885,724,200,975"
2517,10,False,False,0->0,,,,,16,1614,"721,132,974,251,62,573,22,651,539,533"
2518,10,False,False,0->0,,,,,16,1786,"854,200,206,567,142,448,359,412,548,514"
2519,10,False,False,0->0,,,,,16,1449,"740,958,674,986,824,287,554,959,381,285"
2520,10,False,False,0->0,,,,,16,2035,"714,11,144,876,744,216,486,24,866,317"
2521,10,False,False,0->0,,,,,16,1566,"383,658,690,599,627,643,283,130,715,254"
2522,10,False,False,0->0,,,,,16,1043,"915,929,15,844,749,287,269,927,206,733"
2523,10,False,False,0->0,,,,,16,1444,"712,198,601,171,508,986,538,446,362,6"
2524,10,False,False,0->0,,,,,16,1900,"590,717,667,531,674,938,47,558,655,246"
2525,10,False,False,0->0,,,,,16,1972,"114,138,178,816,183,548,624,97,844,209"
2526,10,False,False,0->0,,,,,16,1824,"116,26,887,760,379,963,730,888,428,810"
2527,10,False,False,0->0,,,,,16,1739,"875,990,874,161,387,828,840,691,920,803"
2528,10,False,False,0->0,,,,,16,1535,"816,704,218,143,1,272,333,116,257,299"
2529,10,False,False,0->0,,,,,16,2482,"551,203,407,160,84,485,892,501,958,661"
2530,10,False,False,0->0,,,,,16,985,"551,483,995,461,870,818,643,931,266,718"
2534,10,False,False,0->0,,,,,16,1494,"223,583,706,903,587,314,338,512,830,691"
2535,10,False,False,0->0,,,,,16,1169,"490,54,252,543,905,338,528,895,190,1"
2536,10,False,False,0->0,,,,,16,1361,"318,805,674,161,261,346,511,991,746,700"
2537,10,False,False,0->0,,,,,16,1270,"324,451,935,57,699,293,476,18,246,945"
2538,10,False,False,0->0,,,,,16,1837,"669,786,532,97,221,538,166,314,758,383"
2539,10,False,False,0->0,,,,,16,1663,"629,612,322,622,273,722,657,506,989,708"
2540,10,False,False,0->0,,,,,16,1861,"989,599,51,287,826,280,490,788,395,1000"
2541,10,False,False,0->0,,,,,16,614,"813,314,798,658,436,696,892,403,193,250"
2544,10,False,False,0->0,,,,,16,1885,"675,482,417,790,826,260,409,751,796,26"
2548,10,False,False,0->0,,,,,16,2137,"49,700,103,542,847,507,148,44,735,370"
2549,10,False,False,0->0,,,,,16,1116,"442,911,613,790,563,641,320,209,636,744"
2550,10,False,False,0->0,,,,,16,1476,"24,16,643,58,583,141,457,518,469,119"
2551,10,False,False,0->0,,,,,16,2129,"481,264,154,973,653,352,401,320,709,765"
2553,10,False,False,0->0,,,,,16,1249,"48,790,580,630,800,404,518,280,76,762"
2554,10,False,False,0->0,,,,,16,1882,"590,404,617,891,51,76,616,257,390,365"
2555,10,False,False,0->0,,,,,16,1675,"689,144,132,764,613,487,970,796,733,668"
2556,10,False,False,0->0,,,,,16,1250,"679,786,241,46,29,929,615,16,884,802"
2557,10,False,False,0->0,,,,,16,2445,"590,781,857,891,688,632,205,979,485,426"
2558,10,False,False,0->0,,,,,16,890,"790,854,774,963,1000,242,866,718,914,440"
2560,10,False,False,0->0,,,,,16,1637,"103,688,421,848,494,381,460,762,317,408"
2562,10,False,False,0->0,,,,,16,2277,"876,984,907,366,607,179,356,704,15,346"
2563,10,False,False,0->0,,,,,16,2024,"405,448,366,741,722,958,193,604,18,384"
2565,10,False,False,0->0,,,,,16,1259,"181,634,87,675,287,194,688,283,372,249"
2566,10,False,False,0->0,,,,,16,1508,"926,612,907,493,507,565,903,136,666,995"
2567,10,False,False,0->0,,,,,16,1399,"565,25,137,954,712,21,831,293,13,577"
2568,10,False,False,0->0,,,,,16,2127,"571,342,228,19,738,544,94,497,952,364"
2569,10,False,False,0->0,,,,,16,1757,"231,298,824,229,124,340,707,36,693,530"
2571,10,False,False,0->0,,,,,16,2599,"254,189,366,974,20,172,81,476,474,218"
2572,10,False,False,0->0,,,,,16,1221,"18,968,21,80,109,245,430,195,477,236"
2573,10,False,False,0->0,,,,,16,2440,"294,621,163,892,120,808,315,381,557,262"
2574,10,False,False,0->0,,,,,16,920,"929,857,110,630,425,593,736,327,224,650"
2575,10,False,False,0->0,,,,,16,1153,"304,122,27,834,712,649,282,121,531,192"
2577,10,False,False,0->0,,,,,16,1950,"761,278,787,696,291,314,695,122,891,88"
2579,10,False,False,0->0,,,,,16,1013,"675,387,754,699,11,63,228,47,898,42"
2581,10,False,False,0->0,,,,,16,1236,"763,37,574,840,390,282,465,31,232,832"
2583,10,False,False,0->0,,,,,16,1235,"909,333,667,603,473,852,522,371,575,746"
2585,10,False,False,0->0,,,,,16,1792,"995,629,496,865,930,887,146,400,585,382"
2586,10,False,False,0->0,,,,,16,2293,"805,692,36,128,787,230,22,216,769,150"
2587,10,False,False,0->0,,,,,16,1508,"683,479,588,592,99,728,646,38,600,17"
2588,10,False,False,0->0,,,,,16,1540,"728,948,157,203,438,397,131,31,303,774"
2589,10,False,False,0->0,,,,,16,2000,"253,565,128,395,124,651,933,489,201,702"
2591,10,False,False,0->0,,,,,16,1321,"621,953,758,769,298,310,575,514,38,331"
2593,10,False,False,0->0,,,,,16,889,"752,96,497,224,394,684,663,838,48,520"
2594,10,False,False,0->0,,,,,16,2446,"38,866,544,437,557,743,331,931,679,343"
2596,10,False,False,0->0,,,,,16,1600,"948,369,25,578,597,500,990,251,405,910"
2597,10,False,False,0->0,,,,,16,808,"369,580,412,999,885,770,952,725,824,265"
2598,10,False,False,0->0,,,,,16,1224,"737,459,738,333,90,586,956,359,277,594"
2599,10,False,False,0->0,,,,,16,1113,"102,64,214,979,394,47,444,992,437,491"
2601,10,False,False,0->0,,,,,16,1404,"186,238,791,836,563,39,280,27,32,194"
2602,10,False,False,0->0,,,,,16,1614,"914,610,481,594,773,396,106,627,868,726"
2603,10,False,False,0->0,,,,,16,1603,"666,899,493,271,570,860,31,391,767,326"
2604,10,False,False,0->0,,,,,16,1538,"91,975,18,605,616,405,868,439,717,515"
2605,10,False,False,0->0,,,,,16,1722,"858,119,101,47,15,52,137,425,714,955"
2608,10,False,False,0->0,,,,,16,1837,"621,816,638,911,453,76,217,942,38,993"
2609,10,False,False,0->0,,,,,16,2096,"773,102,169,207,657,621,165,568,817,835"
2610,10,False,False,0->0,,,,,16,1573,"577,290,749,235,451,382,58,352,935,487"
2612,10,False,False,0->0,,,,,16,1301,"192,852,190,467,914,165,895,759,186,126"
2614,10,False,False,0->0,,,,,16,954,"146,217,587,409,591,684,94,78,288,235"
2615,10,False,False,0->0,,,,,16,2146,"260,298,84,488,174,844,892,689,189,247"
2617,10,False,False,0->0,,,,,16,1638,"765,892,232,577,722,130,639,837,244,594"
2618,10,False,False,0->0,,,,,16,873,"133,317,185,47,96,686,897,866,93,959"
2619,10,False,False,0->0,,,,,16,1792,"555,673,436,566,746,210,622,942,947,390"
2620,10,False,False,0->0,,,,,16,2612,"254,930,717,485,700,873,140,442,283,271"
2623,10,False,False,0->0,,,,,16,1132,"17,888,303,524,575,442,826,396,103,694"
2624,10,False,False,0->0,,,,,16,1877,"171,154,388,428,232,489,514,758,379,144"
2625,10,False,False,0->0,,,,,16,2441,"507,607,6,546,59,973,655,320,706,12"
2626,10,False,False,0->0,,,,,16,1318,"142,774,414,884,79,488,195,851,535,920"
2629,10,False,False,0->0,,,,,16,781,"734,43,489,983,933,762,251,220,531,717"
2630,10,False,False,0->0,,,,,16,1732,"236,124,415,38,506,91,429,86,876,768"
2631,10,False,False,0->0,,,,,16,1608,"520,684,754,257,196,320,472,120,913,408"
2632,10,False,False,0->0,,,,,16,1154,"685,175,159,942,283,78,842,533,475,447"
2633,10,False,False,0->0,,,,,16,1143,"110,962,270,27,262,68,425,186,638,137"
2636,10,False,False,0->0,,,,,16,1269,"472,152,51,582,232,761,323,831,96,966"
2638,10,False,False,0->0,,,,,16,1783,"87,446,741,419,961,523,491,649,977,160"
2639,10,False,False,0->0,,,,,16,1759,"824,543,663,235,218,569,654,11,693,236"
2640,10,False,False,0->0,,,,,16,1199,"737,984,22,725,333,426,175,55,742,866"
2642,10,False,False,0->0,,,,,16,2082,"840,395,804,689,870,743,19,63,444,305"
2643,10,False,False,0->0,,,,,16,1750,"161,147,597,739,102,11,260,412,837,858"
2644,10,False,False,0->0,,,,,16,2156,"914,566,350,862,113,195,564,643,883,8"
2645,10,False,False,0->0,,,,,16,1437,"293,139,244,119,629,625,732,467,734,858"
2646,10,False,False,0->0,,,,,16,2234,"879,638,707,56,376,178,858,822,473,754"
2647,10,False,False,0->0,,,,,16,1474,"510,373,908,545,802,14,961,312,599,960"
2648,10,False,False,0->0,,,,,16,1854,"630,832,974,570,254,188,128,127,978,534"
2649,10,False,False,0->0,,,,,16,1760,"659,241,41,206,64,110,36,40,870,791"
2651,10,False,False,0->0,,,,,16,1243,"257,37,958,408,327,803,722,82,781,491"
2652,10,False,False,0->0,,,,,16,1503,"870,605,8,609,483,738,934,114,495,152"
2654,10,False,False,0->0,,,,,16,1439,"144,627,53,299,868,145,837,282,930,574"
2655,10,False,False,0->0,,,,,16,971,"269,514,793,297,972,954,810,668,8,575"
2656,10,False,False,0->0,,,,,16,1756,"806,564,756,24,469,651,137,808,650,282"
2657,10,False,False,0->0,,,,,16,1165,"126,387,109,999,142,65,379,636,224,803"
2658,10,False,False,0->0,,,,,16,1159,"371,985,699,87,842,852,543,868,652,209"
2659,10,False,False,0->0,,,,,16,1917,"111,822,67,182,674,86,712,132,226,971"
2660,10,False,False,0->0,,,,,16,1357,"707,246,958,97,697,740,684,757,711,36"
2662,10,False,False,0->0,,,,,16,1243,"557,233,73,796,276,249,832,155,320,866"
2663,10,False,False,0->0,,,,,16,987,"344,878,266,303,24,646,175,422,338,572"
2665,10,False,False,0->0,,,,,16,1554,"355,335,65,366,854,58,583,934,943,948"
2666,10,False,False,0->0,,,,,16,1087,"458,837,697,94,585,244,443,759,154,494"
2667,10,False,False,0->0,,,,,16,2538,"180,369,366,649,822,920,508,106,171,63"
2668,10,False,False,0->0,,,,,16,1629,"685,874,558,531,833,720,587,40,653,803"
2669,10,False,False,0->0,,,,,16,1413,"247,192,653,81,135,898,777,622,310,414"
2670,10,False,False,0->0,,,,,16,1573,"522,587,750,858,546,9,302,442,48,491"
2671,10,False,False,0->0,,,,,16,913,"394,13,933,981,205,678,476,246,54,178"
2674,10,False,False,0->0,,,,,16,1652,"618,640,639,235,293,326,519,619,860,403"
2676,10,False,False,0->0,,,,,16,1284,"826,391,259,984,589,689,440,458,555,898"
2677,10,False,False,0->0,,,,,16,2019,"282,842,896,587,771,991,83,962,157,858"
2678,10,False,False,0->0,,,,,16,1004,"528,263,448,472,718,143,684,90,335,142"
2679,10,False,False,0->0,,,,,16,2053,"182,970,177,72,375,77,677,504,604,709"
2682,10,False,False,0->0,,,,,16,1278,"53,725,431,408,156,307,618,868,689,46"
2683,10,False,False,0->0,,,,,16,892,"610,42,116,247,528,857,570,206,721,630"
2684,10,False,False,0->0,,,,,16,1579,"456,380,826,225,408,803,531,423,787,235"
2685,10,False,False,0->0,,,,,16,1571,"266,667,193,371,984,398,966,202,331,326"
2686,10,False,False,0->0,,,,,16,677,"358,601,407,720,926,476,791,267,315,823"
2687,10,False,False,0->0,,,,,16,1642,"543,831,442,519,800,985,560,285,274,512"
2688,10,False,False,0->0,,,,,16,1262,"520,83,691,549,411,838,355,658,154,631"
2689,10,False,False,0->0,,,,,16,1875,"301,776,793,446,888,147,956,935,511,321"
2690,10,False,False,0->0,,,,,16,2457,"560,260,913,824,216,108,623,194,843,703"
2691,10,False,False,0->0,,,,,16,1060,"262,915,252,784,298,675,247,853,890,178"
2692,10,False,False,0->0,,,,,16,1950,"288,792,37,323,510,593,419,990,738,271"
2693,10,False,False,0->0,,,,,16,941,"433,679,407,126,417,622,823,581,582,474"
2694,10,False,False,0->0,,,,,16,2035,"18,147,246,550,900,655,669,592,116,856"
2695,10,False,False,0->0,,,,,16,893,"217,734,364,378,322,101,832,905,176,685"
2697,10,False,False,0->0,,,,,16,2578,"194,523,828,986,119,772,368,776,139,152"
2698,10,False,False,0->0,,,,,16,809,"655,278,107,203,899,537,539,152,538,609"
2700,10,False,False,0->0,,,,,16,1666,"822,686,782,861,96,790,787,454,530,804"
2702,10,False,False,0->0,,,,,16,2461,"753,239,514,481,426,974,676,871,496,364"
2704,10,False,False,0->0,,,,,16,1781,"802,663,551,927,887,394,745,983,572,25"
2705,10,False,False,0->0,,,,,16,2006,"157,363,84,346,100,131,347,393,595,587"
2706,10,False,False,0->0,,,,,16,1220,"287,769,601,538,49,37,836,670,390,431"
2707,10,False,False,0->0,,,,,16,1928,"368,134,36,813,558,792,507,169,637,370"
2708,10,False,False,0->0,,,,,16,1312,"87,538,390,722,765,798,372,708,830,350"
2709,10,False,False,0->0,,,,,16,1749,"266,492,620,884,320,397,598,906,504,183"
2710,10,False,False,0->0,,,,,16,2805,"387,39,791,985,259,443,544,920,844,366"
2712,10,False,False,0->0,,,,,16,1685,"319,953,519,120,514,632,441,663,469,548"
2715,10,False,False,0->0,,,,,16,1609,"500,96,358,293,517,680,953,914,716,661"
2717,10,False,False,0->0,,,,,16,2023,"539,834,205,426,876,158,436,858,125,236"
2719,10,False,False,0->0,,,,,16,1647,"459,393,136,903,656,552,347,744,370,104"
2720,10,False,False,0->0,,,,,16,2291,"485,848,56,853,845,826,42,394,387,943"
2721,10,False,False,0->0,,,,,16,1298,"24,451,301,806,436,652,407,792,340,7"
2722,10,False,False,0->0,,,,,16,2972,"157,63,667,58,673,375,257,880,50,485"
2723,10,False,False,0->0,,,,,16,989,"711,507,54,906,630,22,878,251,902,79"
2724,10,False,False,0->0,,,,,16,1607,"652,58,386,791,420,718,911,475,88,416"
2725,10,False,False,0->0,,,,,16,1631,"55,205,545,270,19,903,515,398,564,754"
2727,10,False,False,0->0,,,,,16,2035,"937,485,619,718,335,428,417,60,745,207"
2728,10,False,False,0->0,,,,,16,1905,"233,173,496,444,854,910,660,50,169,88"
2729,10,False,False,0->0,,,,,16,1289,"287,458,539,105,101,710,950,517,177,239"
2730,10,False,False,0->0,,,,,16,1142,"241,156,617,914,903,101,87,558,715,598"
2731,10,False,False,0->0,,,,,16,1097,"789,868,719,409,280,903,783,24,804,978"
2733,10,False,False,0->0,,,,,16,1608,"885,960,433,21,279,48,786,735,469,132"
2735,10,False,False,0->0,,,,,16,1889,"289,483,274,388,625,199,945,848,888,69"
2737,10,False,False,0->0,,,,,16,1222,"806,333,357,902,14,646,919,356,172,668"
2738,10,False,False,0->0,,,,,16,1726,"830,293,656,758,394,284,964,991,166,444"
2739,10,False,False,0->0,,,,,16,1558,"272,572,629,765,779,494,146,297,933,569"
2741,10,False,False,0->0,,,,,16,1361,"922,553,276,291,180,865,195,906,732,383"
2742,10,False,False,0->0,,,,,16,1763,"632,699,723,493,815,634,434,761,178,969"
2743,10,False,False,0->0,,,,,16,2578,"986,607,949,230,588,948,9,221,848,560"
2745,10,False,False,0->0,,,,,16,1839,"324,777,999,337,948,405,911,553,643,949"
2746,10,False,False,0->0,,,,,16,1934,"919,342,966,270,368,963,598,385,637,221"
2748,10,False,False,0->0,,,,,16,1835,"50,143,59,17,922,624,623,312,262,520"
2749,10,False,False,0->0,,,,,16,1641,"935,167,781,876,491,590,43,615,178,524"
2750,10,False,False,0->0,,,,,16,1547,"69,649,821,785,8,178,403,769,892,248"
2751,10,False,False,0->0,,,,,16,1125,"277,899,481,45,884,486,796,974,33,487"
2752,10,False,False,0->0,,,,,16,1993,"212,573,811,588,651,145,169,659,355,591"
2754,10,False,False,0->0,,,,,16,1000,"479,488,752,523,214,159,954,436,849,803"
2755,10,False,False,0->0,,,,,16,1078,"782,120,814,537,473,875,641,299,137,805"
2757,10,False,False,0->0,,,,,16,1629,"108,513,555,230,702,795,528,12,346,699"
2758,10,False,False,0->0,,,,,16,1416,"778,415,382,495,72,389,931,91,895,7"
2759,10,False,False,0->0,,,,,14,1618,"823,512,954,262,750,67,767,552,99,243"
2760,10,False,False,0->0,,,,,16,2153,"764,307,482,491,121,233,190,48,257,875"
2761,10,False,False,0->0,,,,,16,1352,"554,112,714,752,931,468,493,410,373,87"
2764,10,False,False,0->0,,,,,16,1757,"578,49,491,62,503,212,221,913,356,953"
2766,10,False,False,0->0,,,,,16,1759,"558,762,392,84,266,777,620,425,660,128"
2767,10,False,False,0->0,,,,,16,1396,"60,442,803,913,782,189,748,16,832,102"
2768,10,False,False,0->0,,,,,16,2178,"984,767,48,584,764,783,225,827,679,454"
2769,10,False,False,0->0,,,,,16,1834,"592,465,25,643,915,537,614,171,3,886"
2770,10,False,False,0->0,,,,,16,2425,"110,265,92,459,424,95,38,363,624,112"
2771,10,False,False,0->0,,,,,16,1476,"142,931,301,457,998,760,989,589,109,499"
2772,10,False,False,0->0,,,,,16,1383,"467,125,206,411,231,242,873,948,472,732"
2774,10,False,False,0->0,,,,,16,1499,"907,83,976,338,194,404,977,436,784,636"
2775,10,False,False,0->0,,,,,16,2322,"488,678,491,299,978,364,900,998,741,407"
2776,10,False,False,0->0,,,,,16,1039,"515,908,477,770,195,209,761,604,494,318"
2777,10,False,False,0->0,,,,,16,1792,"511,503,893,963,941,420,827,278,268,23"
2779,10,False,False,0->0,,,,,16,1994,"779,218,21,697,346,32,782,539,570,776"
2780,10,False,False,0->0,,,,,16,2022,"655,641,21,302,777,877,413,90,542,167"
2781,10,False,False,0->0,,,,,16,1659,"937,634,652,11,597,557,580,548,262,868"
2783,10,False,False,0->0,,,,,16,1079,"138,33,631,725,446,568,223,885,173,935"
2784,10,False,False,0->0,,,,,16,2377,"706,154,751,963,224,395,164,390,344,50"
2785,10,False,False,0->0,,,,,16,1374,"660,205,774,189,274,368,775,116,38,355"
2786,10,False,False,0->0,,,,,16,2311,"619,366,475,879,842,398,589,363,878,325"
2787,10,False,False,0->0,,,,,16,1317,"185,119,74,915,76,910,991,413,463,116"
2788,10,False,False,0->0,,,,,16,2107,"992,661,643,141,702,86,210,270,108,1"
2789,10,False,False,0->0,,,,,16,1646,"733,717,437,37,890,137,218,80,173,184"
2792,10,False,False,0->0,,,,,16,2369,"833,928,444,43,238,619,578,12,592,372"
2793,10,False,False,0->0,,,,,16,1999,"96,84,942,767,743,285,951,795,801,670"
2794,10,False,False,0->0,,,,,16,1093,"494,187,756,770,933,249,875,503,648,704"
2795,10,False,False,0->0,,,,,16,1646,"134,752,257,12,479,99,157,802,86,867"
2796,10,False,False,0->0,,,,,16,2496,"969,210,44,499,72,136,835,993,964,144"
2797,10,False,False,0->0,,,,,16,1538,"357,986,770,829,673,475,272,883,857,307"
2798,10,False,False,0->0,,,,,16,2133,"395,851,884,228,297,990,338,1,827,52"
2799,10,False,False,0->0,,,,,16,1880,"76,302,878,366,736,765,448,797,2,1000"
2800,10,False,False,0->0,,,,,16,2456,"266,499,162,751,363,401,800,453,731,454"
2801,10,False,False,0->0,,,,,16,1691,"776,417,479,781,625,176,927,31,272,447"
2802,10,False,False,0->0,,,,,16,1858,"508,131,624,931,368,873,630,247,496,164"
2803,10,False,False,0->0,,,,,16,1728,"486,16,400,205,25,112,815,863,45,218"
2804,10,False,False,0->0,,,,,16,1097,"407,245,108,984,680,603,51,267,272,393"
2805,10,False,False,0->0,,,,,16,1811,"736,308,257,824,729,483,350,753,554,703"
2806,10,False,False,0->0,,,,,16,2496,"496,32,764,463,731,395,518,663,285,45"
2807,10,False,False,0->0,,,,,16,1284,"791,907,857,609,526,879,506,132,555,651"
2809,10,False,False,0->0,,,,,16,1472,"629,957,388,322,558,42,813,870,167,885"
2811,10,False,False,0->0,,,,,16,1060,"709,433,203,679,381,609,266,755,670,497"
2812,10,False,False,0->0,,,,,16,1470,"489,218,172,135,167,108,55,390,794,74"
2814,10,False,False,0->0,,,,,16,1731,"253,288,457,282,13,437,868,475,259,615"
2815,10,False,False,0->0,,,,,16,1130,"417,905,877,222,283,601,72,218,683,154"
2816,10,False,False,0->0,,,,,16,1796,"960,333,231,181,848,20,84,394,675,209"
2817,10,False,False,0->0,,,,,16,1641,"140,783,241,469,778,711,667,508,786,263"
2818,10,False,False,0->0,,,,,16,1877,"347,959,50,802,609,913,147,117,826,784"
2819,10,False,False,0->0,,,,,16,3388,"655,309,202,958,136,833,577,668,366,173"
2820,10,False,False,0->0,,,,,16,883,"609,677,283,705,340,491,851,369,74,166"
2821,10,False,False,0->0,,,,,16,1288,"212,850,477,801,454,651,543,257,686,741"
2822,10,False,False,0->0,,,,,16,1809,"246,493,2,288,602,520,91,160,487,403"
2824,10,False,False,0->0,,,,,16,1632,"495,248,978,811,724,934,304,428,972,235"
2825,10,False,False,0->0,,,,,16,1313,"708,391,244,203,42,307,978,429,350,844"
2828,10,False,False,0->0,,,,,16,1290,"866,235,943,549,941,777,909,297,154,141"
2829,10,False,False,0->0,,,,,16,717,"612,49,614,752,674,638,333,515,528,526"
2830,10,False,False,0->0,,,,,16,1361,"653,673,552,423,616,87,8,786,611,47"
2831,10,False,False,0->0,,,,,16,2003,"225,184,408,119,62,971,483,646,421,669"
2832,10,False,False,0->0,,,,,16,1822,"63,823,426,121,624,700,774,57,773,7"
2834,10,False,False,0->0,,,,,16,1387,"755,757,49,678,174,265,410,379,983,43"
2836,10,False,False,0->0,,,,,16,1772,"814,826,908,159,356,433,876,14,752,9"
2837,10,False,False,0->0,,,,,16,1557,"584,691,458,148,312,238,204,605,56,116"
2838,10,False,False,0->0,,,,,16,2148,"594,512,755,501,684,65,359,395,569,778"
2839,10,False,False,0->0,,,,,16,1991,"155,571,165,863,103,838,50,635,549,79"
2840,10,False,False,0->0,,,,,16,1580,"17,960,467,634,817,749,984,597,172,828"
2841,10,False,False,0->0,,,,,16,1070,"238,922,961,176,806,260,384,978,381,977"
2844,10,False,False,0->0,,,,,16,2114,"538,62,917,687,732,741,548,726,845,676"
2846,10,False,False,0->0,,,,,16,1247,"441,976,386,379,189,927,8,670,397,961"
2848,10,False,False,0->0,,,,,16,2057,"356,253,984,589,658,699,467,800,379,945"
2849,10,False,False,0->0,,,,,16,1766,"793,977,254,659,442,171,241,164,875,250"
2850,10,False,False,0->0,,,,,16,1807,"550,640,429,879,374,511,884,78,493,630"
2852,10,False,False,0->0,,,,,16,1519,"342,697,886,32,262,874,743,108,204,82"
2853,10,False,False,0->0,,,,,16,1194,"570,500,571,11,763,956,784,103,490,364"
2855,10,False,False,0->0,,,,,16,2000,"713,995,4,495,468,269,473,913,471,718"
2856,10,False,False,0->0,,,,,16,1733,"11,733,214,629,319,989,743,64,25,448"
2857,10,False,False,0->0,,,,,16,2506,"152,496,109,440,668,643,808,366,954,373"
2858,10,False,False,0->0,,,,,16,2049,"344,418,423,160,624,795,217,512,980,810"
2859,10,False,False,0->0,,,,,16,2349,"84,656,693,494,519,246,235,899,162,833"
2860,10,False,False,0->0,,,,,16,1030,"842,767,749,76,59,387,828,926,914,119"
2861,10,False,False,0->0,,,,,16,1537,"158,587,302,903,43,948,130,194,564,391"
2864,10,False,False,0->0,,,,,16,1207,"21,803,50,378,68,487,439,519,694,346"
2865,10,False,False,0->0,,,,,16,1437,"618,866,838,597,198,655,385,637,852,308"
2867,10,False,False,0->0,,,,,16,1766,"60,743,1000,590,111,533,951,852,21,757"
2869,10,False,False,0->0,,,,,16,716,"186,247,159,713,15,601,222,394,695,531"
2870,10,False,False,0->0,,,,,16,1155,"297,751,752,612,173,512,357,993,317,100"
2872,10,False,False,0->0,,,,,16,1300,"940,673,177,1000,324,591,397,655,902,943"
2874,10,False,False,0->0,,,,,16,1359,"192,963,31,204,259,696,4,156,744,859"
2875,10,False,False,0->0,,,,,16,983,"48,688,67,520,564,327,491,566,742,743"
2876,10,False,False,0->0,,,,,16,1341,"586,938,90,333,760,217,858,271,147,133"
2877,10,False,False,0->0,,,,,16,1866,"241,690,796,789,232,859,600,542,723,366"
2878,10,False,False,0->0,,,,,16,2541,"205,180,897,700,808,663,169,657,733,77"
2879,10,False,False,0->0,,,,,16,1387,"854,729,512,505,384,755,919,886,142,511"
2880,10,False,False,0->0,,,,,16,1624,"757,958,56,241,24,948,649,892,368,145"
2884,10,False,False,0->0,,,,,16,2297,"937,419,453,384,372,895,124,876,959,86"
2885,10,False,False,0->0,,,,,16,981,"199,401,753,67,765,834,653,220,232,704"
2886,10,False,False,0->0,,,,,16,1513,"245,162,254,952,913,823,743,653,982,838"
2888,10,False,False,0->0,,,,,16,1822,"316,668,911,445,319,884,420,627,326,378"
2891,10,False,False,0->0,,,,,16,1952,"201,663,892,443,147,19,109,911,915,2"
2892,10,False,False,0->0,,,,,16,1372,"769,86,623,795,217,110,753,981,657,176"
2893,10,False,False,0->0,,,,,16,2102,"506,202,455,5,578,956,183,139,844,532"
2894,10,False,False,0->0,,,,,16,1748,"142,813,58,157,290,928,476,594,697,45"
2895,10,False,False,0->0,,,,,16,1551,"593,106,175,673,830,551,37,443,863,503"
2896,10,False,False,0->0,,,,,16,1617,"414,347,327,357,826,467,796,220,147,359"
2897,10,False,False,0->0,,,,,16,1245,"1,951,223,629,333,134,217,998,47,595"
2898,10,False,False,0->0,,,,,16,1446,"926,426,754,707,15,850,322,5,517,447"
2901,10,False,False,0->0,,,,,16,1339,"224,816,643,691,86,148,481,222,119,436"
2903,10,False,False,0->0,,,,,16,2161,"578,688,548,899,684,620,447,714,60,928"
2904,10,False,False,0->0,,,,,16,1294,"243,523,693,164,902,851,364,407,731,581"
2905,10,False,False,0->0,,,,,16,1310,"696,794,776,41,195,423,683,959,120,391"
2907,10,False,False,0->0,,,,,16,1979,"831,488,922,798,681,453,823,688,200,937"
2908,10,False,False,0->0,,,,,16,2424,"428,926,60,700,73,388,259,573,862,875"
2909,10,False,False,0->0,,,,,16,1433,"254,909,534,373,134,174,203,381,276,830"
2910,10,False,False,0->0,,,,,16,1798,"868,121,362,696,954,643,198,120,858,157"
2912,10,False,False,0->0,,,,,16,908,"732,134,962,847,530,90,407,978,393,832"
2913,10,False,False,0->0,,,,,16,2194,"157,535,911,29,247,210,222,81,651,587"
2914,10,False,False,0->0,,,,,16,1918,"445,648,426,198,398,436,165,662,148,848"
2915,10,False,False,0->0,,,,,16,1412,"122,885,571,953,474,429,54,840,860,252"
2916,10,False,False,0->0,,,,,16,2027,"826,755,293,722,19,942,272,233,658,944"
2917,10,False,False,0->0,,,,,16,2548,"910,762,659,757,830,871,973,555,225,621"
2918,10,False,False,0->0,,,,,16,1616,"857,739,789,860,776,692,730,387,76,205"
2919,10,False,False,0->0,,,,,16,1670,"859,100,297,460,374,567,948,403,185,891"
2920,10,False,False,0->0,,,,,16,1986,"241,36,95,911,995,919,455,887,594,920"
2921,10,False,False,0->0,,,,,16,1316,"58,100,5,678,171,176,458,911,344,631"
2923,10,False,False,0->0,,,,,16,1905,"136,73,277,490,853,174,862,539,479,861"
2925,10,False,False,0->0,,,,,16,1711,"660,626,268,985,592,340,597,658,13,194"
2927,10,False,False,0->0,,,,,16,2389,"504,11,748,575,544,425,355,792,704,458"
2928,10,False,False,0->0,,,,,16,1518,"867,830,960,975,185,582,192,816,157,444"
2929,10,False,False,0->0,,,,,16,1420,"730,327,410,687,346,618,431,723,491,689"
2930,10,False,False,0->0,,,,,16,2470,"926,779,968,578,742,856,248,9,858,802"
2931,10,False,False,0->0,,,,,16,2140,"103,661,145,463,883,570,159,130,598,460"
2932,10,False,False,0->0,,,,,16,2011,"196,174,199,577,307,567,324,154,133,472"
2933,10,False,False,0->0,,,,,16,1684,"216,721,48,7,159,775,711,668,806,655"
2934,10,False,False,0->0,,,,,16,2269,"578,488,90,327,471,244,610,318,110,241"
2936,10,False,False,0->0,,,,,16,1251,"373,556,98,196,781,847,359,569,811,927"
2941,10,False,False,0->0,,,,,16,782,"886,862,787,947,195,428,139,448,549,20"
2942,10,False,False,0->0,,,,,16,1214,"574,179,797,986,22,423,772,469,958,914"
2944,10,False,False,0->0,,,,,16,1849,"391,264,943,263,493,273,299,205,181,832"
2945,10,False,False,0->0,,,,,16,1717,"92,632,832,40,886,65,257,113,199,83"
2946,10,False,False,0->0,,,,,16,1187,"426,441,167,810,616,604,117,49,656,751"
2947,10,False,False,0->0,,,,,16,1336,"248,782,743,385,454,362,994,641,773,391"
2948,10,False,False,0->0,,,,,16,876,"992,61,643,442,422,709,472,783,288,78"
2950,10,False,False,0->0,,,,,16,1906,"363,251,172,890,675,282,625,667,467,359"
2952,10,False,False,0->0,,,,,16,2165,"565,702,816,587,844,143,61,974,92,657"
2953,10,False,False,0->0,,,,,16,2600,"419,42,457,971,847,937,685,114,163,260"
2954,10,False,False,0->0,,,,,16,2208,"995,224,993,3,917,862,316,829,358,390"
2955,10,False,False,0->0,,,,,16,1931,"156,456,155,11,779,80,928,291,730,782"
2956,10,False,False,0->0,,,,,16,2193,"633,877,928,931,279,91,653,210,429,272"
2957,10,False,False,0->0,,,,,16,2681,"193,512,513,726,751,197,474,355,350,109"
2958,10,False,False,0->0,,,,,16,1247,"804,98,382,250,196,52,553,838,548,415"
2959,10,False,False,0->0,,,,,16,1999,"488,855,408,713,741,455,988,610,500,208"
2960,10,False,False,0->0,,,,,16,830,"142,866,180,961,167,85,273,818,217,362"
2961,10,False,False,0->0,,,,,16,1897,"843,582,102,745,620,824,673,880,513,86"
2962,10,False,False,0->0,,,,,16,2031,"233,3,32,601,366,352,486,347,899,224"
2964,10,False,False,0->0,,,,,16,1396,"19,26,878,818,178,991,44,663,697,524"
2966,10,False,False,0->0,,,,,16,1425,"382,196,523,572,441,637,655,229,535,838"
2967,10,False,False,0->0,,,,,16,2044,"50,612,943,277,102,715,86,370,319,876"
2968,10,False,False,0->0,,,,,16,1120,"239,183,702,430,394,624,992,373,156,2"
2970,10,False,False,0->0,,,,,16,1925,"313,278,4,321,90,49,171,753,1,337"
2971,10,False,False,0->0,,,,,16,2423,"558,164,829,840,960,239,677,419,496,801"
2972,10,False,False,0->0,,,,,16,1137,"524,315,836,451,770,986,114,639,993,629"
2977,10,False,False,0->0,,,,,16,1277,"783,11,122,566,132,999,796,837,891,447"
2978,10,False,False,0->0,,,,,16,1887,"282,93,493,119,146,619,374,933,943,487"
2980,10,False,False,0->0,,,,,16,1831,"285,954,100,68,532,329,624,265,331,26"
2981,10,False,False,0->0,,,,,16,1379,"19,725,321,95,761,537,908,2,618,729"
2983,10,False,False,0->0,,,,,16,1589,"190,657,804,312,448,483,204,355,527,538"
2985,10,False,False,0->0,,,,,16,1643,"503,326,857,989,24,533,180,56,101,598"
2988,10,False,False,0->0,,,,,16,1192,"755,179,911,315,947,896,80,913,760,42"
2989,10,False,False,0->0,,,,,16,2948,"331,84,140,563,287,218,374,657,188,944"
2991,10,False,False,0->0,,,,,16,1938,"266,942,602,994,734,700,144,32,971,135"
2992,10,False,False,0->0,,,,,16,2243,"18,55,475,660,137,313,594,938,964,623"
2993,10,False,False,0->0,,,,,16,1825,"776,307,160,133,356,8,640,74,902,981"
2994,10,False,False,0->0,,,,,16,2118,"987,45,893,131,681,472,176,578,148,678"
2996,10,False,False,0->0,,,,,16,1848,"633,244,291,276,209,972,740,548,327,830"
2997,10,False,False,0->0,,,,,16,2132,"822,457,959,390,437,114,143,970,56,471"
2998,10,False,False,0->0,,,,,16,1081,"550,314,506,623,725,498,340,164,42,397"
2999,10,False,False,0->0,,,,,16,590,"761,958,507,638,595,564,571,684,390,765"
3000,10,False,False,0->0,,,,,16,2465,"285,859,646,931,264,225,291,11,642,883"
3001,10,False,False,0->0,,,,,16,1084,"133,467,33,60,909,314,390,233,22,455"
3002,10,False,False,0->0,,,,,16,1736,"879,424,67,342,508,277,145,199,931,251"
3003,10,False,False,0->0,,,,,16,1228,"877,116,731,138,646,278,5,318,331,988"
3004,10,False,False,0->0,,,,,16,1996,"389,778,416,575,474,198,603,50,942,291"
3005,10,False,False,0->0,,,,,16,1782,"940,835,746,189,871,589,249,20,186,78"
3006,10,False,False,0->0,,,,,16,1424,"642,356,100,62,316,700,179,728,342,265"
3007,10,False,False,0->0,,,,,16,1158,"128,702,201,984,103,929,924,405,105,992"
3008,10,False,False,0->0,,,,,16,1690,"862,434,236,962,428,272,167,36,139,637"
3009,10,False,False,0->0,,,,,16,1083,"96,931,773,902,957,855,487,767,597,267"
3010,10,False,False,0->0,,,,,16,1151,"553,72,169,48,539,403,801,945,1,393"
3011,10,False,False,0->0,,,,,16,1281,"21,737,954,888,611,319,564,721,324,41"
3012,10,False,False,0->0,,,,,16,2015,"179,520,715,800,643,636,551,384,757,900"
3014,10,False,False,0->0,,,,,16,1039,"132,182,125,616,873,950,245,836,866,109"
3015,10,False,False,0->0,,,,,16,1810,"694,816,114,568,173,136,338,251,439,499"
3016,10,False,False,0->0,,,,,16,2098,"302,832,630,603,210,767,246,282,840,613"
3018,10,False,False,0->0,,,,,16,1596,"532,829,420,446,243,152,29,993,743,147"
3019,10,False,False,0->0,,,,,16,1666,"6,884,100,871,356,722,895,324,225,855"
3020,10,False,False,0->0,,,,,16,2539,"659,723,62,840,476,309,229,173,378,995"
3022,10,False,False,0->0,,,,,16,2250,"352,763,539,319,555,230,324,192,534,350"
3023,10,False,False,0->0,,,,,16,1687,"602,759,498,577,61,439,250,131,900,755"
3024,10,False,False,0->0,,,,,16,2135,"52,787,337,384,272,385,547,1000,693,216"
3025,10,False,False,0->0,,,,,16,1946,"921,871,91,83,791,424,492,899,684,538"
3026,10,False,False,0->0,,,,,16,849,"261,56,181,340,294,775,458,393,641,528"
3027,10,False,False,0->0,,,,,16,2012,"582,136,564,950,338,62,962,758,398,230"
3029,10,False,False,0->0,,,,,16,1758,"485,114,5,591,180,430,890,999,356,719"
3030,10,False,False,0->0,,,,,16,1356,"659,830,526,847,269,588,510,868,32,564"
3031,10,False,False,0->0,,,,,16,612,"266,86,672,600,244,609,670,5,242,523"
3032,10,False,False,0->0,,,,,16,1147,"51,100,15,179,990,797,176,547,159,552"
3033,10,False,False,0->0,,,,,16,1213,"360,824,585,144,714,222,113,378,787,663"
3034,10,False,False,0->0,,,,,16,2351,"893,661,401,971,653,858,320,951,114,852"
3035,10,False,False,0->0,,,,,8,2281,"273,957,649,510,646,794,948,363,538,3"
3036,10,False,False,0->0,,,,,16,1240,"134,884,850,193,326,968,585,685,94,955"
3037,10,False,False,0->0,,,,,16,2157,"673,147,569,709,632,823,117,247,661,381"
3038,10,False,False,0->0,,,,,16,1150,"639,560,872,720,958,821,866,948,245,667"
3039,10,False,False,0->0,,,,,16,1748,"697,955,160,767,465,635,6,732,930,585"
3040,10,False,False,0->0,,,,,16,1771,"374,297,585,312,194,44,962,121,137,928"
3041,10,False,False,0->0,,,,,16,2164,"797,691,501,976,541,51,667,871,585,371"
3042,10,False,False,0->0,,,,,16,2148,"750,164,11,751,55,393,15,549,8,485"
3043,10,False,False,0->0,,,,,16,1417,"911,122,981,849,831,79,409,718,746,408"
3045,10,False,False,0->0,,,,,16,1731,"392,420,975,494,233,785,717,517,150,355"
3046,10,False,False,0->0,,,,,16,1633,"169,222,686,3,423,676,290,391,451,148"
3047,10,False,False,0->0,,,,,16,1123,"769,978,425,108,117,62,571,866,468,147"
3048,10,False,False,0->0,,,,,16,705,"82,549,670,872,247,855,24,857,989,108"
3049,10,False,False,0->0,,,,,16,950,"508,249,121,937,914,233,31,658,415,325"
3051,10,False,False,0->0,,,,,16,2168,"93,290,143,817,276,514,578,141,785,506"
3052,10,False,False,0->0,,,,,16,1800,"537,218,50,105,613,185,550,285,998,473"
3054,10,False,False,0->0,,,,,16,1215,"957,44,404,681,489,921,845,531,613,486"
3055,10,False,False,0->0,,,,,16,1477,"712,119,496,989,42,239,88,401,144,696"
3057,10,False,False,0->0,,,,,16,2381,"279,833,381,607,282,843,474,107,201,329"
3059,10,False,False,0->0,,,,,16,1319,"154,32,262,6,495,112,813,267,787,519"
3060,10,False,False,0->0,,,,,16,1801,"542,551,750,387,457,126,333,138,366,15"
3061,10,False,False,0->0,,,,,16,1777,"154,467,107,958,493,33,7,933,431,460"
3062,10,False,False,0->0,,,,,16,1735,"272,694,216,524,176,403,171,190,288,103"
3063,10,False,False,0->0,,,,,16,1324,"508,172,517,905,878,360,680,885,543,613"
3064,10,False,False,0->0,,,,,16,1724,"639,434,239,789,12,273,611,430,171,235"
3065,10,False,False,0->0,,,,,16,1964,"291,691,834,729,21,327,163,824,125,574"
3066,10,False,False,0->0,,,,,16,1590,"287,750,14,522,156,291,130,945,585,680"
3067,10,False,False,0->0,,,,,16,2508,"371,297,135,951,439,117,678,871,974,255"
3068,10,False,False,0->0,,,,,16,1759,"811,520,952,309,960,594,249,536,978,375"
3071,10,False,False,0->0,,,,,16,1434,"927,409,594,772,931,398,421,547,532,492"
3072,10,False,False,0->0,,,,,16,1629,"531,714,463,1,179,739,270,398,716,853"
3074,10,False,False,0->0,,,,,16,1656,"895,773,761,87,630,493,246,335,409,980"
3075,10,False,False,0->0,,,,,16,1423,"978,288,683,686,108,700,708,655,795,413"
3076,10,False,False,0->0,,,,,16,752,"790,595,356,913,179,780,416,218,373,781"
3078,10,False,False,0->0,,,,,16,1979,"174,865,860,16,251,767,580,493,259,731"
3079,10,False,False,0->0,,,,,16,2187,"607,553,742,496,668,746,625,216,387,239"
3080,10,False,False,0->0,,,,,16,2447,"958,112,724,880,148,39,917,870,198,833"
3081,10,False,False,0->0,,,,,16,1352,"278,602,90,102,778,667,586,611,505,120"
3082,10,False,False,0->0,,,,,16,1740,"556,69,134,495,374,742,408,855,771,208"
3083,10,False,False,0->0,,,,,16,1447,"898,110,400,451,289,181,34,68,718,63"
3084,10,False,False,0->0,,,,,16,1590,"152,446,630,332,25,700,942,390,31,911"
3085,10,False,False,0->0,,,,,16,2526,"1,545,437,492,781,800,968,368,631,255"
3086,10,False,False,0->0,,,,,16,1680,"597,618,805,652,162,611,451,685,857,738"
3087,10,False,False,0->0,,,,,16,1350,"182,988,12,122,500,127,465,523,636,391"
3088,10,False,False,0->0,,,,,16,1661,"396,642,114,886,380,629,196,126,455,880"
3089,10,False,False,0->0,,,,,16,861,"125,143,283,705,257,142,249,990,387,241"
3090,10,False,False,0->0,,,,,16,1611,"232,532,337,751,248,370,26,456,412,769"
3091,10,False,False,0->0,,,,,16,2310,"921,413,60,840,313,598,782,679,330,518"
3092,10,False,False,0->0,,,,,16,1120,"555,595,702,600,44,314,614,202,813,960"
3093,10,False,False,0->0,,,,,16,1770,"728,160,971,873,787,22,639,975,769,404"
3094,10,False,False,0->0,,,,,16,2778,"27,822,455,477,863,474,136,322,930,631"
3096,10,False,False,0->0,,,,,16,1458,"999,410,131,566,601,33,460,241,365,363"
3097,10,False,False,0->0,,,,,16,2143,"298,485,299,855,120,891,264,491,753,637"
3098,10,False,False,0->0,,,,,16,1646,"73,259,723,588,260,755,683,90,248,362"
3099,10,False,False,0->0,,,,,16,1507,"518,792,656,369,680,253,412,993,79,29"
3100,10,False,False,0->0,,,,,16,1367,"547,636,798,816,172,401,503,873,556,813"
3101,10,False,False,0->0,,,,,16,1477,"913,982,409,649,494,801,569,530,420,200"
3103,10,False,False,0->0,,,,,16,1474,"800,763,293,420,767,872,712,15,938,830"
3104,10,False,False,0->0,,,,,16,1081,"280,397,724,734,53,257,793,299,833,712"
3105,10,False,False,0->0,,,,,16,1901,"989,553,221,214,954,485,669,696,285,543"
3106,10,False,False,0->0,,,,,16,1758,"106,494,948,893,214,534,259,991,356,111"
3107,10,False,False,0->0,,,,,16,2124,"885,646,496,324,257,900,892,231,25,182"
3108,10,False,False,0->0,,,,,16,1507,"8,563,845,323,126,384,65,690,605,793"
3109,10,False,False,0->0,,,,,16,1622,"69,696,614,180,319,327,988,719,46,138"
3111,10,False,False,0->0,,,,,16,1791,"934,845,911,634,52,797,523,457,226,376"
3112,10,False,False,0->0,,,,,16,1830,"858,548,749,503,193,801,27,392,723,680"
3113,10,False,False,0->0,,,,,16,1358,"249,899,232,950,469,11,59,964,9,898"
3118,10,False,False,0->0,,,,,16,2152,"634,412,294,471,532,57,555,646,423,539"
3119,10,False,False,0->0,,,,,16,1799,"844,167,50,826,143,87,380,347,316,651"
3120,10,False,False,0->0,,,,,16,2600,"33,624,259,827,257,481,239,160,245,378"
3121,10,False,False,0->0,,,,,16,1384,"218,849,658,586,229,143,761,424,272,687"
3122,10,False,False,0->0,,,,,16,946,"72,838,792,176,96,116,223,132,638,316"
3123,10,False,False,0->0,,,,,16,1267,"124,960,494,383,56,921,763,138,198,545"
3124,10,False,False,0->0,,,,,16,1841,"993,152,304,612,971,307,791,639,871,970"
3125,10,False,False,0->0,,,,,16,1423,"823,510,785,935,64,649,970,746,686,868"
3127,10,False,False,0->0,,,,,16,1595,"335,103,711,604,421,159,314,663,760,278"
3128,10,False,False,0->0,,,,,16,1910,"208,18,748,524,314,942,843,563,77,857"
3129,10,False,False,0->0,,,,,16,1387,"950,500,16,490,319,824,908,161,49,710"
3130,10,False,False,0->0,,,,,16,898,"571,2,692,316,993,794,337,253,650,24"
3131,10,False,False,0->0,,,,,16,937,"209,307,795,283,108,599,233,365,407,17"
3132,10,False,False,0->0,,,,,16,1251,"673,18,495,272,950,534,780,938,537,196"
3133,10,False,False,0->0,,,,,16,1689,"507,832,460,611,844,199,85,216,384,979"
3138,10,False,False,0->0,,,,,16,1407,"290,371,322,245,929,801,428,33,276,995"
3139,10,False,False,0->0,,,,,16,2160,"438,160,757,124,879,942,507,624,428,886"
3142,10,False,False,0->0,,,,,16,1612,"83,206,293,43,987,80,239,50,241,762"
3143,10,False,False,0->0,,,,,16,871,"476,765,110,14,768,455,948,107,23,600"
3145,10,False,False,0->0,,,,,16,1597,"828,726,982,369,15,677,255,223,312,836"
3146,10,False,False,0->0,,,,,16,1292,"87,854,65,313,212,358,709,513,771,142"
3147,10,False,False,0->0,,,,,16,2496,"764,490,218,781,485,850,402,168,994,257"
3149,10,False,False,0->0,,,,,16,1958,"12,955,777,57,550,233,601,886,158,165"
3150,10,False,False,0->0,,,,,16,2183,"62,853,924,678,909,181,874,43,827,421"
3151,10,False,False,0->0,,,,,16,1390,"592,53,491,65,792,833,976,475,797,152"
3152,10,False,False,0->0,,,,,16,2295,"225,764,465,983,565,91,411,941,913,156"
3154,10,False,False,0->0,,,,,16,1585,"662,329,638,673,268,541,833,546,467,859"
3155,10,False,False,0->0,,,,,16,2245,"748,412,373,966,250,677,718,556,827,624"
3156,10,False,False,0->0,,,,,16,1542,"412,810,252,444,121,872,493,536,903,263"
3157,10,False,False,0->0,,,,,16,1084,"599,168,429,878,497,386,243,461,368,658"
3158,10,False,False,0->0,,,,,16,1256,"903,803,688,661,673,622,877,489,212,972"
3159,10,False,False,0->0,,,,,16,1010,"57,214,186,235,875,597,54,752,458,711"
3160,10,False,False,0->0,,,,,16,1171,"359,619,691,440,903,90,186,280,500,155"
3162,10,False,False,0->0,,,,,16,1260,"294,866,941,937,323,397,369,603,893,595"
3163,10,False,False,0->0,,,,,16,1305,"792,95,289,17,754,547,909,82,933,108"
3164,10,False,False,0->0,,,,,16,2009,"993,113,82,3,685,763,147,754,648,779"
3165,10,False,False,0->0,,,,,16,2181,"55,34,492,822,117,209,546,969,974,972"
3166,10,False,False,0->0,,,,,16,1176,"318,725,303,705,508,718,455,189,507,541"
3167,10,False,False,0->0,,,,,16,1628,"407,968,887,471,265,150,90,352,589,622"
3169,10,False,False,0->0,,,,,16,1078,"566,633,4,463,445,985,460,758,993,148"
3172,10,False,False,0->0,,,,,16,2084,"208,387,138,454,189,350,242,384,845,276"
3173,10,False,False,0->0,,,,,16,1653,"134,775,940,517,917,998,199,104,550,176"
3174,10,False,False,0->0,,,,,16,791,"685,726,617,985,922,232,907,5,950,338"
3182,10,False,False,0->0,,,,,16,1769,"824,477,15,626,79,570,319,347,45,769"
3183,10,False,False,0->0,,,,,16,1596,"532,749,230,581,616,745,101,90,531,483"
3184,10,False,False,0->0,,,,,16,1702,"687,749,827,168,393,503,898,81,382,200"
3186,10,False,False,0->0,,,,,16,1429,"530,51,187,982,893,114,68,461,959,668"
3187,10,False,False,0->0,,,,,16,1501,"687,416,200,23,54,551,103,896,294,599"
3188,10,False,False,0->0,,,,,16,1216,"780,214,798,966,473,555,67,805,312,128"
3189,10,False,False,0->0,,,,,16,2336,"77,24,834,500,485,760,785,468,724,253"
3192,10,False,False,0->0,,,,,16,871,"280,609,873,709,362,21,684,448,639,524"
3193,10,False,False,0->0,,,,,16,988,"958,138,392,425,718,860,179,303,956,778"
3194,10,False,False,0->0,,,,,16,2384,"410,661,649,165,263,148,259,33,626,975"
3195,10,False,False,0->0,,,,,16,1778,"114,587,338,993,499,572,551,884,659,742"
3198,10,False,False,0->0,,,,,16,917,"387,931,272,168,695,391,161,603,201,42"
3200,10,False,False,0->0,,,,,16,1381,"32,938,765,412,615,697,752,795,626,610"
3201,10,False,False,0->0,,,,,16,531,"910,446,638,120,769,850,587,603,705,568"
3203,10,False,False,0->0,,,,,16,1270,"40,372,648,673,22,771,415,817,216,975"
3204,10,False,False,0->0,,,,,16,1392,"350,564,649,265,534,527,22,789,888,685"
3205,10,False,False,0->0,,,,,16,1092,"267,933,903,676,693,641,583,708,207,907"
3206,10,False,False,0->0,,,,,16,896,"416,824,899,823,654,203,16,77,503,744"
3208,10,False,False,0->0,,,,,16,1461,"542,248,47,223,145,798,808,32,850,935"
3209,10,False,False,0->0,,,,,16,1208,"176,853,635,322,982,681,133,253,933,254"
3210,10,False,False,0->0,,,,,16,1023,"94,192,297,257,55,167,156,943,232,778"
3211,10,False,False,0->0,,,,,16,2066,"679,159,155,501,905,829,439,259,723,974"
3215,10,False,False,0->0,,,,,16,1127,"546,992,542,378,756,265,926,369,966,310"
3216,10,False,False,0->0,,,,,16,2703,"99,132,590,746,659,270,680,610,604,323"
3217,10,False,False,0->0,,,,,16,1328,"410,663,557,793,64,891,374,546,139,719"
3218,10,False,False,0->0,,,,,16,1324,"205,379,78,254,712,229,389,438,473,687"
3221,10,False,False,0->0,,,,,16,1407,"29,63,185,33,873,218,388,524,865,315"
3222,10,False,False,0->0,,,,,16,1194,"457,833,898,966,99,978,408,393,721,376"
3225,10,False,False,0->0,,,,,16,2460,"955,202,157,919,896,12,279,826,976,832"
3226,10,False,False,0->0,,,,,16,2308,"110,834,55,54,717,429,200,689,395,285"
3227,10,False,False,0->0,,,,,16,1091,"911,633,60,356,638,842,696,434,92,629"
3228,10,False,False,0->0,,,,,16,1224,"355,523,161,616,618,455,204,622,860,379"
3229,10,False,False,0->0,,,,,16,1541,"646,717,770,396,347,55,741,156,287,722"
3230,10,False,False,0->0,,,,,16,1465,"542,50,205,109,276,263,810,861,935,26"
3232,10,False,False,0->0,,,,,16,1559,"512,994,885,387,658,50,105,982,983,124"
3233,10,False,False,0->0,,,,,16,924,"620,342,386,769,415,520,723,947,601,207"
3234,10,False,False,0->0,,,,,16,3106,"468,626,254,670,874,161,885,136,216,369"
3235,10,False,False,0->0,,,,,16,1092,"714,392,48,744,998,991,65,515,204,961"
3238,10,False,False,0->0,,,,,16,2977,"358,222,469,787,957,375,776,710,598,964"
3239,10,False,False,0->0,,,,,16,1826,"824,69,593,424,538,791,935,314,140,717"
3242,10,False,False,0->0,,,,,16,1921,"634,606,632,453,42,814,860,906,789,36"
3243,10,False,False,0->0,,,,,16,1957,"711,440,590,778,190,681,495,385,854,605"
3245,10,False,False,0->0,,,,,16,2266,"419,467,421,365,323,463,335,347,251,853"
3246,10,False,False,0->0,,,,,16,1316,"753,20,873,297,45,155,271,642,750,917"
3247,10,False,False,0->0,,,,,16,2301,"411,827,45,347,248,843,386,290,535,537"
3250,10,False,False,0->0,,,,,16,1094,"793,266,770,283,678,443,637,514,571,437"
3252,10,False,False,0->0,,,,,16,1483,"594,725,781,340,2,105,488,392,560,57"
3253,10,False,False,0->0,,,,,16,2267,"584,751,827,797,765,365,3,60,24,23"
3254,10,False,False,0->0,,,,,16,907,"828,870,156,978,387,352,271,680,392,192"
3256,10,False,False,0->0,,,,,16,1702,"150,99,192,93,519,455,740,434,163,496"
3257,10,False,False,0->0,,,,,16,1775,"197,826,99,125,694,712,655,536,530,65"
3258,10,False,False,0->0,,,,,16,1377,"463,461,422,277,791,198,804,479,673,52"
3259,10,False,False,0->0,,,,,16,1223,"454,424,314,755,396,147,851,158,318,226"
3260,10,False,False,0->0,,,,,16,1254,"593,708,746,866,193,50,158,238,96,355"
3262,10,False,False,0->0,,,,,16,2717,"883,487,604,831,397,313,843,705,284,634"
3263,10,False,False,0->0,,,,,16,1405,"553,247,54,976,692,373,231,192,343,541"
3266,10,False,False,0->0,,,,,16,2212,"850,567,626,571,994,951,402,259,376,190"
3267,10,False,False,0->0,,,,,16,2070,"733,796,188,388,639,911,430,119,226,355"
3269,10,False,False,0->0,,,,,16,1516,"298,691,301,96,497,703,128,613,550,431"
3270,10,False,False,0->0,,,,,16,1237,"67,4,69,315,318,91,621,877,511,908"
3271,10,False,False,0->0,,,,,16,1070,"972,552,719,131,251,217,890,301,854,893"
3273,10,False,False,0->0,,,,,16,2214,"822,122,259,992,728,58,402,134,308,594"
3274,10,False,False,0->0,,,,,16,1615,"803,899,195,797,325,1000,92,25,735,222"
3275,10,False,False,0->0,,,,,16,1563,"222,737,728,848,884,643,220,50,749,438"
3276,10,False,False,0->0,,,,,16,1974,"483,266,257,209,109,43,556,703,896,921"
3277,10,False,False,0->0,,,,,16,1481,"909,738,728,20,772,369,935,787,155,61"
3278,10,False,False,0->0,,,,,16,1687,"666,609,794,32,194,563,343,847,127,836"
3279,10,False,False,0->0,,,,,16,1223,"15,344,327,43,45,6,459,717,456,77"
3281,10,False,False,0->0,,,,,16,1456,"646,79,865,474,323,514,926,763,754,835"
3282,10,False,False,0->0,,,,,16,1792,"304,357,865,141,284,564,597,160,738,760"
3283,10,False,False,0->0,,,,,16,1778,"621,746,741,752,17,407,54,319,829,542"
3284,10,False,False,0->0,,,,,16,1820,"668,482,727,823,356,602,327,495,888,99"
3285,10,False,False,0->0,,,,,16,859,"70,609,588,545,340,678,514,771,523,981"
3286,10,False,False,0->0,,,,,16,1524,"16,855,949,364,597,262,958,993,436,19"
3287,10,False,False,0->0,,,,,16,1139,"416,768,954,185,746,730,167,211,727,12"
3288,10,False,False,0->0,,,,,16,2329,"165,780,501,31,910,381,717,166,332,172"
3290,10,False,False,0->0,,,,,16,1791,"505,757,43,834,586,424,730,521,301,896"
3291,10,False,False,0->0,,,,,16,2165,"454,728,874,489,211,418,320,180,998,76"
3292,10,False,False,0->0,,,,,16,2087,"366,228,79,310,748,309,670,100,29,528"
3293,10,False,False,0->0,,,,,16,1431,"105,475,182,325,333,569,546,9,563,813"
3294,10,False,False,0->0,,,,,16,1506,"117,915,178,425,592,260,522,726,835,782"
3295,10,False,False,0->0,,,,,16,2085,"580,891,573,255,1,346,290,631,231,888"
3296,10,False,False,0->0,,,,,16,1738,"815,411,51,290,254,247,703,356,344,721"
3297,10,False,False,0->0,,,,,16,1630,"146,512,950,477,588,719,96,667,896,133"
3299,10,False,False,0->0,,,,,16,2259,"231,79,874,844,16,11,888,962,112,738"
3300,10,False,False,0->0,,,,,16,1565,"106,168,975,397,688,545,641,104,917,811"
3301,10,False,False,0->0,,,,,16,1842,"952,711,79,148,655,876,314,38,279,206"
3302,10,False,False,0->0,,,,,16,1214,"137,110,668,622,895,789,595,998,474,581"
3303,10,False,False,0->0,,,,,16,1389,"146,713,175,49,828,748,307,239,545,948"
3305,10,False,False,0->0,,,,,16,2060,"700,209,81,619,199,166,421,650,725,565"
3308,10,False,False,0->0,,,,,16,1250,"927,829,753,280,683,252,189,828,676,679"
3309,10,False,False,0->0,,,,,16,1190,"710,513,315,247,815,308,914,415,989,591"
3310,10,False,False,0->0,,,,,16,1563,"547,233,243,180,779,273,174,908,68,580"
3311,10,False,False,0->0,,,,,16,1474,"329,16,428,9,249,741,600,21,325,352"
3314,10,False,False,0->0,,,,,16,1321,"459,321,583,880,715,397,390,573,18,737"
3315,10,False,False,0->0,,,,,16,2165,"711,324,687,883,426,971,271,454,171,733"
3317,10,False,False,0->0,,,,,16,989,"773,627,920,409,983,100,277,148,54,790"
3318,10,False,False,0->0,,,,,16,1009,"452,168,101,501,454,193,400,537,430,285"
3319,10,False,False,0->0,,,,,16,1357,"225,244,155,549,124,832,8,17,536,376"
3320,10,False,False,0->0,,,,,16,945,"500,42,611,990,856,861,332,121,156,440"
3324,10,False,False,0->0,,,,,16,2773,"381,710,746,501,803,832,166,96,879,485"
3325,10,False,False,0->0,,,,,16,926,"884,727,468,899,266,681,715,32,944,751"
3327,10,False,False,0->0,,,,,16,2127,"998,620,782,405,712,719,111,896,603,106"
3328,10,False,False,0->0,,,,,16,1063,"610,821,893,102,86,635,180,526,448,16"
3329,10,False,False,0->0,,,,,16,1237,"783,532,982,117,574,452,586,726,553,455"
3330,10,False,False,0->0,,,,,16,1305,"941,805,13,284,757,511,852,860,610,5"
3333,10,False,False,0->0,,,,,16,1202,"225,96,293,668,360,780,95,332,905,308"
3334,10,False,False,0->0,,,,,16,1762,"504,571,24,277,774,686,640,874,506,407"
3335,10,False,False,0->0,,,,,16,2198,"218,7,112,60,254,900,616,264,944,186"
3338,10,False,False,0->0,,,,,16,1314,"167,519,687,972,299,976,600,582,726,448"
3341,10,False,False,0->0,,,,,16,906,"90,465,74,271,126,617,133,382,14,27"
3344,10,False,False,0->0,,,,,16,2159,"147,477,122,874,646,829,763,521,416,490"
3345,10,False,False,0->0,,,,,16,2062,"458,895,52,168,663,436,685,651,906,512"
3347,10,False,False,0->0,,,,,16,1147,"301,950,526,860,243,785,29,765,861,270"
3348,10,False,False,0->0,,,,,16,1280,"100,833,24,156,155,703,44,589,838,830"
3350,10,False,False,0->0,,,,,16,2019,"517,181,472,835,482,110,493,521,574,228"
3353,10,False,False,0->0,,,,,16,1652,"674,144,836,433,136,636,648,329,778,619"
3354,10,False,False,0->0,,,,,16,2745,"835,818,19,67,62,197,475,26,710,808"
3356,10,False,False,0->0,,,,,16,884,"18,293,794,652,611,817,6,741,736,564"
3357,10,False,False,0->0,,,,,16,1622,"543,726,670,565,302,418,838,624,648,511"
3358,10,False,False,0->0,,,,,16,1578,"210,749,272,441,48,797,597,945,947,687"
3359,10,False,False,0->0,,,,,16,1636,"769,318,222,18,739,304,329,677,242,829"
3360,10,False,False,0->0,,,,,16,1668,"773,104,787,61,704,494,947,800,20,332"
3361,10,False,False,0->0,,,,,16,1036,"95,979,653,931,600,376,549,533,175,181"
3362,10,False,False,0->0,,,,,16,1510,"620,207,649,307,330,474,990,280,847,216"
3363,10,False,False,0->0,,,,,16,2687,"335,598,619,984,329,342,94,657,1,874"
3365,10,False,False,0->0,,,,,16,911,"982,583,108,373,186,168,187,908,552,162"
3366,10,False,False,0->0,,,,,16,2188,"1,436,79,748,935,987,982,722,885,710"
3371,10,False,False,0->0,,,,,16,1648,"80,320,853,310,383,103,704,453,319,836"
3373,10,False,False,0->0,,,,,16,1191,"654,594,580,445,34,693,527,872,524,618"
3375,10,False,False,0->0,,,,,16,2372,"567,206,337,776,214,488,416,24,120,696"
3377,10,False,False,0->0,,,,,16,1045,"658,415,678,620,523,622,524,520,960,337"
3378,10,False,False,0->0,,,,,16,1570,"116,474,274,402,443,785,41,104,567,44"
3380,10,False,False,0->0,,,,,16,1909,"7,692,167,90,740,83,203,465,288,827"
3381,10,False,False,0->0,,,,,16,1994,"816,523,874,844,707,422,188,382,855,508"
3382,10,False,False,0->0,,,,,16,2075,"388,448,408,672,410,700,64,546,584,712"
3383,10,False,False,0->0,,,,,16,1513,"356,909,872,808,616,768,548,57,861,769"
3384,10,False,False,0->0,,,,,16,1955,"208,1,226,729,945,715,473,941,620,321"
3386,10,False,False,0->0,,,,,16,2498,"935,217,527,535,544,474,862,241,735,127"
3388,10,False,False,0->0,,,,,16,1219,"993,287,415,119,481,417,989,612,156,421"
3389,10,False,False,0->0,,,,,16,902,"758,277,96,206,270,93,890,137,274,86"
3390,10,False,False,0->0,,,,,16,1785,"994,558,549,680,964,837,870,554,233,329"
3391,10,False,False,0->0,,,,,16,2213,"517,457,874,858,282,106,545,51,469,467"
3392,10,False,False,0->0,,,,,16,1351,"135,674,109,437,696,803,457,969,705,792"
3394,10,False,False,0->0,,,,,16,1381,"132,924,717,27,378,533,49,174,232,386"
3395,10,False,False,0->0,,,,,16,1248,"37,319,374,148,67,387,990,695,962,788"
3398,10,False,False,0->0,,,,,16,1762,"872,751,492,236,938,564,536,499,276,871"
3399,10,False,False,0->0,,,,,16,2291,"329,722,598,958,587,239,358,928,490,485"
3400,10,False,False,0->0,,,,,16,1806,"460,139,439,663,767,746,365,875,107,291"
3401,10,False,False,0->0,,,,,16,1855,"844,84,365,893,761,60,364,498,555,546"
3402,10,False,False,0->0,,,,,16,1558,"132,405,966,307,64,991,994,598,696,984"
3403,10,False,False,0->0,,,,,16,1389,"629,689,573,67,977,332,57,304,494,855"
3404,10,False,False,0->0,,,,,16,2052,"621,566,657,515,154,797,827,551,862,365"
3405,10,False,False,0->0,,,,,16,2576,"532,188,955,171,278,494,878,309,773,140"
3406,10,False,False,0->0,,,,,16,1870,"150,744,174,467,966,445,751,443,284,557"
3407,10,False,False,0->0,,,,,16,1428,"50,786,474,396,755,650,444,424,206,106"
3408,10,False,False,0->0,,,,,16,1637,"373,614,584,55,433,420,343,156,299,331"
3409,10,False,False,0->0,,,,,16,1028,"196,791,309,175,81,486,975,102,144,271"
3411,10,False,False,0->0,,,,,16,1536,"463,298,145,883,99,17,101,794,765,434"
3414,10,False,False,0->0,,,,,16,1371,"455,176,147,892,272,171,794,100,788,897"
3415,10,False,False,0->0,,,,,16,2136,"57,144,473,374,401,977,988,526,157,700"
3416,10,False,False,0->0,,,,,16,1045,"474,555,178,481,686,528,778,91,391,387"
3417,10,False,False,0->0,,,,,16,1306,"383,660,801,669,836,611,95,823,180,409"
3418,10,False,False,0->0,,,,,16,2123,"700,539,319,751,879,903,97,130,168,57"
3419,10,False,False,0->0,,,,,16,1396,"143,117,624,926,616,712,488,960,803,736"
3420,10,False,False,0->0,,,,,16,2122,"122,400,352,174,5,722,591,370,259,908"
3421,10,False,False,0->0,,,,,16,2165,"847,271,905,754,22,942,528,706,597,657"
3422,10,False,False,0->0,,,,,16,2309,"578,332,527,72,704,873,476,253,879,792"
3423,10,False,False,0->0,,,,,16,1717,"88,930,860,759,473,975,425,11,601,387"
3424,10,False,False,0->0,,,,,16,1766,"290,743,548,723,487,753,183,762,722,58"
3425,10,False,False,0->0,,,,,16,2324,"505,924,703,679,350,156,535,948,736,676"
3426,10,False,False,0->0,,,,,16,1510,"612,992,18,20,202,132,235,264,690,530"
3427,10,False,False,0->0,,,,,16,2090,"414,259,235,420,313,232,193,368,298,189"
3431,10,False,False,0->0,,,,,16,1601,"81,415,188,685,269,518,21,180,787,62"
3432,10,False,False,0->0,,,,,16,2099,"267,554,294,301,370,277,657,486,920,36"
3434,10,False,False,0->0,,,,,16,1609,"964,193,801,410,988,750,376,897,731,522"
3436,10,False,False,0->0,,,,,16,1447,"899,381,267,872,15,288,172,817,849,59"
3438,10,False,False,0->0,,,,,16,1746,"995,473,456,669,126,138,951,948,25,605"
3439,10,False,False,0->0,,,,,16,997,"863,956,362,791,704,107,798,959,247,380"
3442,10,False,False,0->0,,,,,16,1877,"210,224,394,316,446,602,655,125,777,157"
3443,10,False,False,0->0,,,,,16,2115,"756,426,693,754,374,479,973,789,372,768"
3444,10,False,False,0->0,,,,,16,1290,"69,920,784,81,272,190,428,65,438,586"
3445,10,False,False,0->0,,,,,16,990,"733,414,638,817,310,382,27,389,196,266"
3447,10,False,False,0->0,,,,,16,1172,"688,467,491,475,385,574,713,228,572,233"
3449,10,False,False,0->0,,,,,16,1784,"651,307,94,277,706,225,214,501,206,893"
3450,10,False,False,0->0,,,,,16,2283,"685,395,496,88,202,790,347,652,415,784"
3453,10,False,False,0->0,,,,,16,980,"538,70,224,156,609,90,976,715,175,34"
3454,10,False,False,0->0,,,,,16,1283,"550,386,474,44,746,322,734,291,43,475"
3455,10,False,False,0->0,,,,,16,1531,"863,80,197,551,314,804,62,968,617,96"
3456,10,False,False,0->0,,,,,16,1499,"715,719,948,251,194,430,768,48,469,8"
3458,10,False,False,0->0,,,,,16,1291,"214,575,858,451,443,522,606,369,63,200"
3459,10,False,False,0->0,,,,,16,629,"818,593,771,97,340,666,992,850,355,790"
3460,10,False,False,0->0,,,,,16,1838,"784,564,369,194,751,592,264,335,976,154"
3461,10,False,False,0->0,,,,,16,1115,"821,843,398,751,837,180,983,472,263,810"
3462,10,False,False,0->0,,,,,16,1816,"46,878,107,40,776,969,706,940,116,893"
3463,10,False,False,0->0,,,,,16,2524,"236,917,40,563,640,388,840,728,276,852"
3464,10,False,False,0->0,,,,,16,1474,"567,414,527,421,526,110,678,454,461,739"
3465,10,False,False,0->0,,,,,16,1718,"241,526,765,710,37,217,188,950,542,293"
3466,10,False,False,0->0,,,,,16,1593,"733,803,313,322,587,784,584,132,206,662"
3467,10,False,False,0->0,,,,,16,1532,"880,712,826,724,335,144,781,515,683,716"
3468,10,False,False,0->0,,,,,16,2016,"434,718,204,225,402,563,769,871,25,688"
3469,10,False,False,0->0,,,,,16,1586,"1000,722,950,398,108,633,871,634,773,76"
3471,10,False,False,0->0,,,,,16,1180,"185,468,272,557,823,226,527,582,783,638"
3472,10,False,False,0->0,,,,,16,1270,"835,905,830,105,344,4,909,198,778,884"
3475,10,False,False,0->0,,,,,16,2812,"405,667,482,419,467,199,720,673,121,945"
3477,10,False,False,0->0,,,,,16,1323,"575,178,211,933,690,808,383,794,436,547"
3478,10,False,False,0->0,,,,,16,1989,"937,844,995,323,548,188,546,397,368,242"
3479,10,False,False,0->0,,,,,16,1835,"323,232,768,910,298,987,532,202,497,321"
3482,10,False,False,0->0,,,,,16,2534,"238,358,569,870,874,973,585,914,207,320"
3484,10,False,False,0->0,,,,,16,1342,"683,638,88,832,734,616,726,180,849,520"
3485,10,False,False,0->0,,,,,16,1641,"352,842,574,578,793,733,601,634,265,247"
3486,10,False,False,0->0,,,,,16,940,"620,574,685,774,27,95,131,603,953,780"
3487,10,False,False,0->0,,,,,16,1589,"808,861,653,20,804,21,138,978,496,100"
3488,10,False,False,0->0,,,,,16,1740,"270,269,998,431,854,844,756,635,25,867"
3489,10,False,False,0->0,,,,,16,2311,"278,485,15,851,104,875,80,569,229,827"
3490,10,False,False,0->0,,,,,16,1870,"485,294,621,251,945,150,189,572,642,105"
3491,10,False,False,0->0,,,,,16,2121,"607,364,61,446,69,710,38,702,333,707"
3492,10,False,False,0->0,,,,,16,1063,"85,242,616,357,483,690,459,554,911,974"
3493,10,False,False,0->0,,,,,16,1285,"704,517,575,585,273,908,593,832,725,453"
3494,10,False,False,0->0,,,,,16,2299,"104,324,177,729,64,277,107,504,493,163"
3495,10,False,False,0->0,,,,,16,739,"82,944,555,744,743,54,798,742,683,232"
3497,10,False,False,0->0,,,,,16,1623,"420,445,92,330,244,758,774,259,500,848"
3499,10,False,False,0->0,,,,,16,1443,"472,362,721,155,513,791,428,591,998,945"
3500,10,False,False,0->0,,,,,16,1379,"551,588,36,519,107,42,962,984,417,486"
3501,10,False,False,0->0,,,,,16,1747,"294,451,309,259,850,896,817,452,444,689"
3502,10,False,False,0->0,,,,,16,1217,"517,532,545,804,116,943,107,32,649,64"
3503,10,False,False,0->0,,,,,16,1054,"192,378,732,566,14,428,908,955,635,244"
3506,10,False,False,0->0,,,,,16,1272,"624,69,870,316,409,4,245,865,476,658"
3508,10,False,False,0->0,,,,,16,1939,"604,451,554,959,195,257,493,518,468,553"
3509,10,False,False,0->0,,,,,16,1063,"44,287,813,352,282,327,138,669,778,500"
3510,10,False,False,0->0,,,,,16,1863,"941,63,5,504,983,601,359,815,829,396"
3511,10,False,False,0->0,,,,,16,1537,"355,513,160,721,679,42,720,381,48,978"
3513,10,False,False,0->0,,,,,16,1737,"995,993,716,844,299,327,6,411,68,381"
3514,10,False,False,0->0,,,,,16,2338,"690,299,284,433,714,621,959,157,166,366"
3515,10,False,False,0->0,,,,,16,1302,"305,362,503,193,686,155,196,487,36,709"
3516,10,False,False,0->0,,,,,16,2191,"733,392,172,386,857,903,198,254,823,987"
3517,10,False,False,0->0,,,,,16,2403,"543,793,508,473,194,163,832,135,137,917"
3518,10,False,False,0->0,,,,,16,1495,"166,587,391,366,314,546,440,220,870,821"
3519,10,False,False,0->0,,,,,16,1541,"325,614,288,834,20,829,132,570,323,69"
3520,10,False,False,0->0,,,,,16,2592,"871,913,614,44,707,483,388,110,16,230"
3521,10,False,False,0->0,,,,,16,2939,"648,428,264,421,845,542,124,893,79,700"
3522,10,False,False,0->0,,,,,16,963,"859,13,954,51,884,570,597,382,614,139"
3523,10,False,False,0->0,,,,,16,1466,"530,25,444,324,518,322,330,696,476,374"
3524,10,False,False,0->0,,,,,16,920,"683,60,511,742,370,927,180,823,193,42"
3525,10,False,False,0->0,,,,,16,1216,"171,709,552,565,960,545,751,870,477,824"
3526,10,False,False,0->0,,,,,16,1186,"224,610,510,176,856,475,55,761,110,859"
3527,10,False,False,0->0,,,,,16,1277,"984,970,745,96,148,982,108,381,743,81"
3528,10,False,False,0->0,,,,,16,1713,"831,938,433,708,752,83,201,788,651,604"
3530,10,False,False,0->0,,,,,16,760,"45,950,355,146,513,867,203,852,178,977"
3531,10,False,False,0->0,,,,,16,1424,"175,128,288,993,232,833,174,773,106,514"
3532,10,False,False,0->0,,,,,16,1248,"308,433,72,465,298,867,252,322,810,784"
3533,10,False,False,0->0,,,,,16,2344,"843,790,737,681,15,173,482,632,631,786"
3534,10,False,False,0->0,,,,,16,2013,"783,93,270,122,728,346,301,880,788,863"
3535,10,False,False,0->0,,,,,16,2019,"420,792,691,17,599,127,652,433,876,74"
3536,10,False,False,0->0,,,,,16,1156,"400,53,2,203,872,765,594,413,429,814"
3540,10,False,False,0->0,,,,,16,1830,"913,863,85,320,321,360,42,86,51,895"
3543,10,False,False,0->0,,,,,16,1024,"204,12,574,403,811,64,662,581,229,387"
3545,10,False,False,0->0,,,,,16,702,"640,877,116,818,765,180,369,539,810,56"
3546,10,False,False,0->0,,,,,16,1776,"737,834,753,786,190,504,294,842,467,136"
3547,10,False,False,0->0,,,,,16,1711,"120,105,941,680,49,520,410,702,781,208"
3548,10,False,False,0->0,,,,,16,1590,"506,892,630,508,981,530,711,972,964,232"
3549,10,False,False,0->0,,,,,16,2334,"194,1000,19,575,169,962,136,827,391,989"
3553,10,False,False,0->0,,,,,16,2263,"842,974,81,609,551,157,447,791,789,845"
3554,10,False,False,0->0,,,,,16,2044,"550,222,845,777,246,955,794,252,636,858"
3555,10,False,False,0->0,,,,,16,1757,"419,520,39,231,438,60,226,798,586,811"
3556,10,False,False,0->0,,,,,16,2110,"52,208,453,388,860,90,589,177,690,228"
3557,10,False,False,0->0,,,,,16,1491,"45,492,370,15,133,382,713,259,995,241"
3558,10,False,False,0->0,,,,,16,1252,"517,914,491,797,520,301,586,408,553,958"
3560,10,False,False,0->0,,,,,16,1779,"165,782,915,713,492,57,743,986,16,500"
3561,10,False,False,0->0,,,,,16,1546,"749,441,847,493,287,317,767,18,504,307"
3562,10,False,False,0->0,,,,,16,1658,"808,611,195,185,553,650,672,78,506,495"
3563,10,False,False,0->0,,,,,16,1521,"976,564,914,875,745,725,200,765,548,104"
3565,10,False,False,0->0,,,,,16,675,"145,384,70,124,531,575,125,279,416,654"
3566,10,False,False,0->0,,,,,16,1675,"691,520,459,896,987,789,325,753,675,687"
3567,10,False,False,0->0,,,,,16,2000,"188,187,17,318,633,385,230,287,322,621"
3568,10,False,False,0->0,,,,,16,1571,"261,958,656,229,567,521,668,407,374,274"
3569,10,False,False,0->0,,,,,16,1347,"854,1000,100,515,365,327,660,565,414,194"
3570,10,False,False,0->0,,,,,16,1975,"428,423,221,162,681,340,603,892,942,672"
3571,10,False,False,0->0,,,,,16,1456,"225,557,787,465,307,452,255,93,309,18"
3572,10,False,False,0->0,,,,,16,1542,"382,19,91,597,426,646,781,538,316,531"
3573,10,False,False,0->0,,,,,16,979,"630,122,654,922,142,365,422,196,99,289"
3574,10,False,False,0->0,,,,,16,2439,"822,325,947,511,631,338,285,829,9,535"
3575,10,False,False,0->0,,,,,16,1131,"279,271,418,415,773,39,371,203,225,458"
3576,10,False,False,0->0,,,,,16,1853,"365,65,53,511,163,454,208,103,257,443"
3577,10,False,False,0->0,,,,,16,1547,"829,993,878,815,401,648,134,335,887,639"
3578,10,False,False,0->0,,,,,16,1991,"114,45,147,160,880,393,737,611,979,205"
3581,10,False,False,0->0,,,,,16,1411,"82,289,209,556,813,8,814,568,774,718"
3585,10,False,False,0->0,,,,,16,1918,"639,764,863,371,959,142,541,421,906,523"
3586,10,False,False,0->0,,,,,16,1145,"687,139,352,183,856,780,717,995,674,886"
3587,10,False,False,0->0,,,,,16,1753,"105,308,368,14,228,54,468,87,667,380"
3588,10,False,False,0->0,,,,,16,2236,"764,439,514,887,743,305,243,649,92,221"
3590,10,False,False,0->0,,,,,16,1304,"563,321,492,318,383,209,713,187,629,97"
3592,10,False,False,0->0,,,,,16,1047,"913,162,721,203,310,844,574,2,884,378"
3596,10,False,False,0->0,,,,,16,1269,"125,730,314,397,903,653,284,793,637,616"
3598,10,False,False,0->0,,,,,16,1305,"200,656,513,142,736,985,903,289,730,646"
3599,10,False,False,0->0,,,,,16,1718,"818,941,111,911,754,267,372,785,92,315"
3603,10,False,False,0->0,,,,,16,1253,"535,56,491,298,477,451,530,83,287,721"
3604,10,False,False,0->0,,,,,16,1347,"658,865,47,469,376,607,223,531,156,669"
3606,10,False,False,0->0,,,,,16,1214,"471,135,538,155,122,168,555,886,184,110"
3607,10,False,False,0->0,,,,,16,1986,"517,412,898,369,731,21,550,19,557,482"
3609,10,False,False,0->0,,,,,16,911,"910,984,454,960,34,11,789,733,360,790"
3610,10,False,False,0->0,,,,,16,1348,"621,727,460,27,228,93,109,793,769,745"
3611,10,False,False,0->0,,,,,16,1531,"99,650,157,332,17,446,29,906,22,840"
3615,10,False,False,0->0,,,,,16,1502,"922,504,745,828,699,868,267,623,142,155"
3616,10,False,False,0->0,,,,,16,2083,"934,817,530,874,736,702,804,419,738,849"
3619,10,False,False,0->0,,,,,16,1312,"831,545,731,322,1000,15,753,113,280,53"
3620,10,False,False,0->0,,,,,16,1310,"32,718,472,496,321,22,725,627,198,781"
3621,10,False,False,0->0,,,,,16,1646,"686,767,85,255,504,452,573,549,274,144"
3623,10,False,False,0->0,,,,,16,2083,"325,499,955,76,994,358,879,69,109,497"
3624,10,False,False,0->0,,,,,16,1753,"182,1000,853,590,818,458,557,639,438,289"
3625,10,False,False,0->0,,,,,16,1555,"203,865,116,252,119,418,456,922,653,816"
3626,10,False,False,0->0,,,,,16,1008,"110,517,32,681,868,884,355,535,497,70"
3627,10,False,False,0->0,,,,,16,2417,"107,998,188,960,312,835,773,522,713,363"
3629,10,False,False,0->0,,,,,16,1682,"522,973,684,790,910,980,365,782,124,301"
3630,10,False,False,0->0,,,,,16,1353,"158,208,976,383,137,518,935,774,977,263"
3631,10,False,False,0->0,,,,,16,2067,"985,100,587,834,641,140,264,788,777,57"
3633,10,False,False,0->0,,,,,16,1660,"74,405,850,34,609,70,922,607,187,700"
3634,10,False,False,0->0,,,,,16,2078,"313,635,231,906,259,847,175,737,233,837"
3635,10,False,False,0->0,,,,,16,1972,"88,749,917,283,246,650,154,93,621,970"
3637,10,False,False,0->0,,,,,16,1239,"208,463,952,860,789,771,617,487,266,744"
3639,10,False,False,0->0,,,,,16,1185,"991,451,166,128,242,520,854,46,205,289"
3640,10,False,False,0->0,,,,,16,1669,"526,978,469,389,718,87,804,607,383,114"
3642,10,False,False,0->0,,,,,16,963,"217,690,263,856,156,346,77,748,5,708"
3643,10,False,False,0->0,,,,,16,1815,"845,868,322,713,914,726,102,122,651,969"
3644,10,False,False,0->0,,,,,16,1164,"696,220,396,883,824,741,691,344,498,25"
3647,10,False,False,0->0,,,,,16,1923,"481,252,473,163,180,537,95,420,259,771"
3648,10,False,False,0->0,,,,,16,796,"373,952,307,722,193,979,951,111,737,60"
3649,10,False,False,0->0,,,,,16,1921,"103,660,567,891,209,680,468,371,273,407"
3650,10,False,False,0->0,,,,,16,1916,"473,640,972,832,806,494,419,704,173,637"
3651,10,False,False,0->0,,,,,16,1997,"460,67,332,293,344,779,290,822,65,330"
3653,10,False,False,0->0,,,,,16,2115,"568,602,198,79,604,498,808,383,969,178"
3654,10,False,False,0->0,,,,,16,863,"458,821,201,145,128,177,691,496,770,760"
3655,10,False,False,0->0,,,,,16,1536,"415,101,753,474,8,482,461,686,303,778"
3658,10,False,False,0->0,,,,,16,1380,"236,364,692,280,279,249,421,109,513,521"
3661,10,False,False,0->0,,,,,16,2603,"775,742,748,804,974,892,343,544,439,451"
3662,10,False,False,0->0,,,,,16,2048,"866,849,4,48,539,990,84,163,740,231"
3664,10,False,False,0->0,,,,,16,1278,"707,233,190,937,650,575,542,260,467,933"
3666,10,False,False,0->0,,,,,16,1075,"289,749,297,126,993,654,699,120,331,591"
3667,10,False,False,0->0,,,,,16,2025,"541,38,426,368,370,714,551,92,25,133"
3668,10,False,False,0->0,,,,,16,637,"783,132,506,688,199,56,440,96,574,2"
3669,10,False,False,0->0,,,,,16,1924,"668,217,914,755,542,980,598,282,4,945"
3670,10,False,False,0->0,,,,,16,976,"719,231,791,420,272,836,978,422,895,199"
3671,10,False,False,0->0,,,,,16,1692,"388,210,85,763,867,804,899,702,391,975"
3672,10,False,False,0->0,,,,,16,2781,"265,363,98,508,419,141,63,504,447,497"
3673,10,False,False,0->0,,,,,16,1614,"609,786,687,102,632,268,578,547,892,145"
3674,10,False,False,0->0,,,,,16,1062,"344,23,393,8,78,342,268,686,253,805"
3677,10,False,False,0->0,,,,,16,1821,"232,146,800,386,204,543,843,726,539,911"
3678,10,False,False,0->0,,,,,16,1742,"641,375,309,951,955,593,564,803,611,322"
3679,10,False,False,0->0,,,,,16,2053,"164,152,648,174,707,290,73,782,603,110"
3680,10,False,False,0->0,,,,,16,1158,"757,524,200,120,110,474,627,33,927,402"
3681,10,False,False,0->0,,,,,16,1725,"712,390,375,756,20,51,621,618,935,765"
3682,10,False,False,0->0,,,,,16,1752,"248,154,690,138,79,759,344,176,738,871"
3683,10,False,False,0->0,,,,,16,1524,"260,687,130,833,942,40,617,866,758,64"
3684,10,False,False,0->0,,,,,16,2326,"522,109,514,192,346,283,431,84,906,880"
3686,10,False,False,0->0,,,,,16,2016,"865,383,770,785,475,792,507,805,88,171"
3688,10,False,False,0->0,,,,,16,1433,"239,856,172,512,786,583,448,397,983,220"
3689,10,False,False,0->0,,,,,16,1484,"404,924,810,504,668,790,116,971,391,803"
3690,10,False,False,0->0,,,,,16,1008,"416,710,451,99,697,420,403,589,189,961"
3691,10,False,False,0->0,,,,,16,1214,"829,670,460,9,98,45,67,506,277,101"
3692,10,False,False,0->0,,,,,16,1079,"394,772,322,568,18,6,193,937,513,146"
3693,10,False,False,0->0,,,,,16,2005,"253,728,438,880,347,983,668,861,514,753"
3695,10,False,False,0->0,,,,,16,1185,"223,411,834,8,850,159,177,397,718,530"
3696,10,False,False,0->0,,,,,16,1645,"1,730,803,519,735,223,158,631,469,232"
3698,10,False,False,0->0,,,,,16,1497,"662,650,314,934,211,431,376,105,312,187"
3699,10,False,False,0->0,,,,,16,1585,"344,488,226,190,873,331,535,951,943,829"
3701,10,False,False,0->0,,,,,16,1697,"978,866,822,624,613,101,663,734,806,931"
3702,10,False,False,0->0,,,,,16,1169,"940,902,926,288,426,832,573,660,497,40"
3703,10,False,False,0->0,,,,,16,1271,"646,738,204,299,25,600,519,104,696,294"
3704,10,False,False,0->0,,,,,16,1623,"642,948,16,447,523,379,8,650,29,57"
3705,10,False,False,0->0,,,,,16,2393,"323,373,716,629,504,211,523,264,388,737"
3706,10,False,False,0->0,,,,,16,1417,"407,401,485,302,902,217,736,832,327,675"
3708,10,False,False,0->0,,,,,16,2075,"434,973,15,45,800,643,541,526,261,325"
3709,10,False,False,0->0,,,,,16,1236,"477,424,597,548,487,61,134,638,221,926"
3711,10,False,False,0->0,,,,,16,2124,"808,451,639,926,350,670,68,813,983,661"
3712,10,False,False,0->0,,,,,16,1380,"507,418,770,724,164,954,207,145,605,754"
3713,10,False,False,0->0,,,,,16,1661,"667,255,154,265,953,429,941,778,486,206"
3714,10,False,False,0->0,,,,,16,920,"82,837,121,905,934,11,527,183,78,31"
3716,10,False,False,0->0,,,,,16,1863,"567,964,758,12,445,105,476,333,110,847"
3717,10,False,False,0->0,,,,,16,2700,"268,717,569,224,587,716,992,590,976,700"
3721,10,False,False,0->0,,,,,16,1912,"310,223,508,634,558,764,865,161,455,908"
3722,10,False,False,0->0,,,,,16,1534,"15,98,526,808,179,329,574,416,460,346"
3724,10,False,False,0->0,,,,,16,1732,"929,84,546,902,899,202,235,86,270,46"
3725,10,False,False,0->0,,,,,16,1712,"88,940,575,601,416,150,949,233,792,587"
3726,10,False,False,0->0,,,,,16,1985,"539,724,852,359,140,696,917,518,440,177"
3728,10,False,False,0->0,,,,,16,1221,"712,423,325,720,473,711,69,51,725,753"
3729,10,False,False,0->0,,,,,16,1482,"506,72,139,782,818,691,753,845,492,554"
3730,10,False,False,0->0,,,,,16,2000,"209,523,845,564,93,438,980,402,343,902"
3731,10,False,False,0->0,,,,,16,1366,"722,247,688,7,165,718,898,630,775,269"
3732,10,False,False,0->0,,,,,16,1527,"260,969,631,358,11,681,865,968,777,702"
3733,10,False,False,0->0,,,,,16,1625,"423,143,487,381,758,116,303,539,658,535"
3734,10,False,False,0->0,,,,,16,1635,"845,407,112,224,189,867,627,817,152,697"
3736,10,False,False,0->0,,,,,16,1253,"329,931,737,161,729,533,452,456,157,524"
3738,10,False,False,0->0,,,,,16,1576,"961,954,57,21,811,96,184,117,634,109"
3740,10,False,False,0->0,,,,,16,1652,"941,705,76,460,358,163,454,557,147,133"
3741,10,False,False,0->0,,,,,16,1543,"443,709,49,741,493,523,994,293,785,775"
3742,10,False,False,0->0,,,,,16,1782,"263,438,536,944,595,255,454,313,868,496"
3743,10,False,False,0->0,,,,,16,1366,"340,352,207,546,778,99,867,447,493,536"
3744,10,False,False,0->0,,,,,16,2296,"975,553,171,97,577,659,43,792,757,499"
3745,10,False,False,0->0,,,,,16,2272,"291,984,206,723,578,127,448,922,979,804"
3747,10,False,False,0->0,,,,,16,1806,"734,570,410,697,768,147,956,973,602,808"
3748,10,False,False,0->0,,,,,16,2152,"255,272,699,347,388,441,200,443,438,20"
3749,10,False,False,0->0,,,,,16,2486,"370,130,710,577,977,70,417,208,255,914"
3750,10,False,False,0->0,,,,,16,1706,"976,895,492,282,982,785,739,963,777,650"
3751,10,False,False,0->0,,,,,16,1546,"903,44,74,883,186,814,460,467,423,937"
3754,10,False,False,0->0,,,,,16,1466,"508,150,913,137,271,572,843,44,383,531"
3755,10,False,False,0->0,,,,,16,1941,"452,188,694,264,454,105,632,926,69,489"
3756,10,False,False,0->0,,,,,16,1554,"552,210,638,320,931,921,594,355,685,672"
3760,10,False,False,0->0,,,,,16,1796,"851,383,847,79,90,106,930,564,603,343"
3762,10,False,False,0->0,,,,,16,1885,"155,865,797,641,979,506,800,492,514,147"
3763,10,False,False,0->0,,,,,16,1578,"257,548,250,492,369,246,145,986,290,137"
3765,10,False,False,0->0,,,,,16,1280,"371,242,86,94,12,168,667,304,81,781"
3766,10,False,False,0->0,,,,,16,1822,"730,740,397,802,373,235,785,950,463,133"
3768,10,False,False,0->0,,,,,16,1868,"316,951,239,301,453,161,744,510,836,776"
3769,10,False,False,0->0,,,,,16,1937,"960,457,395,368,771,307,54,37,545,248"
3770,10,False,False,0->0,,,,,16,2277,"36,305,263,368,113,136,740,178,180,650"
3772,10,False,False,0->0,,,,,16,1436,"287,633,400,171,62,497,422,205,320,908"
3773,10,False,False,0->0,,,,,16,1674,"607,487,653,762,119,459,217,404,398,702"
3775,10,False,False,0->0,,,,,16,1530,"81,412,621,635,503,448,438,877,519,546"
3776,10,False,False,0->0,,,,,16,852,"119,391,762,783,31,417,44,369,572,283"
3777,10,False,False,0->0,,,,,16,1604,"136,440,453,125,260,179,600,455,573,667"
3778,10,False,False,0->0,,,,,16,1661,"566,571,909,649,27,757,847,597,352,544"
3780,10,False,False,0->0,,,,,16,2283,"606,697,617,238,224,740,147,289,874,995"
3781,10,False,False,0->0,,,,,16,1748,"430,587,58,684,482,895,582,143,268,302"
3782,10,False,False,0->0,,,,,16,2302,"666,203,822,218,481,163,444,891,834,146"
3784,10,False,False,0->0,,,,,16,2057,"220,735,165,454,739,172,425,126,387,362"
3786,10,False,False,0->0,,,,,16,1844,"941,298,708,569,106,326,527,338,566,369"
3788,10,False,False,0->0,,,,,16,978,"705,459,220,884,927,266,455,11,474,434"
3789,10,False,False,0->0,,,,,16,2135,"633,785,382,572,511,621,313,998,128,376"
3791,10,False,False,0->0,,,,,16,1229,"407,401,125,43,694,656,702,853,21,162"
3793,10,False,False,0->0,,,,,16,1971,"879,976,265,95,651,253,729,260,890,690"
3795,10,False,False,0->0,,,,,16,1598,"51,603,681,947,422,908,614,961,210,221"
3796,10,False,False,0->0,,,,,16,1348,"808,24,761,539,98,46,167,795,823,122"
3797,10,False,False,0->0,,,,,16,2183,"113,380,567,872,201,544,152,393,497,1"
3798,10,False,False,0->0,,,,,16,1649,"359,254,831,641,158,909,148,43,264,552"
3800,10,False,False,0->0,,,,,16,2011,"625,675,515,426,591,677,999,55,81,728"
3801,10,False,False,0->0,,,,,16,917,"770,360,103,175,407,705,405,321,144,551"
3802,10,False,False,0->0,,,,,16,1501,"473,681,984,189,563,317,535,393,69,754"
3803,10,False,False,0->0,,,,,16,2646,"548,567,212,93,740,419,218,238,383,154"
3804,10,False,False,0->0,,,,,16,1824,"692,953,400,18,250,330,827,327,781,255"
3805,10,False,False,0->0,,,,,16,836,"966,96,5,489,422,16,438,589,18,583"
3806,10,False,False,0->0,,,,,16,1604,"29,355,757,696,120,163,810,930,371,843"
3807,10,False,False,0->0,,,,,16,1529,"574,120,863,294,290,506,630,656,805,442"
3808,10,False,False,0->0,,,,,16,1306,"753,817,473,928,342,322,358,592,274,184"
3809,10,False,False,0->0,,,,,16,2228,"938,874,734,863,80,125,226,370,403,624"
3810,10,False,False,0->0,,,,,16,1826,"394,315,728,611,424,371,388,554,675,475"
3811,10,False,False,0->0,,,,,16,2184,"928,494,913,625,604,905,606,307,419,468"
3812,10,False,False,0->0,,,,,16,1821,"259,669,60,884,514,156,417,52,446,95"
3813,10,False,False,0->0,,,,,16,1085,"455,722,389,310,943,340,689,446,760,119"
3815,10,False,False,0->0,,,,,16,2178,"428,63,609,187,68,785,528,876,756,52"
3816,10,False,False,0->0,,,,,16,1215,"46,872,945,262,678,549,176,646,518,446"
3817,10,False,False,0->0,,,,,16,1781,"727,198,804,313,404,697,823,418,68,627"
3818,10,False,False,0->0,,,,,16,1097,"34,481,5,510,250,933,717,42,687,32"
3820,10,False,False,0->0,,,,,16,2462,"140,88,374,609,613,293,593,786,874,101"
3821,10,False,False,0->0,,,,,16,799,"57,13,521,410,875,814,968,280,780,935"
3822,10,False,False,0->0,,,,,16,1384,"988,683,760,63,611,515,642,92,289,910"
3823,10,False,False,0->0,,,,,16,2136,"637,797,472,44,732,253,863,407,507,764"
3824,10,False,False,0->0,,,,,16,1532,"294,683,166,265,148,578,804,372,410,11"
3825,10,False,False,0->0,,,,,16,1321,"623,620,224,941,716,64,791,80,280,45"
3827,10,False,False,0->0,,,,,16,966,"575,315,110,444,867,811,340,663,303,182"
3828,10,False,False,0->0,,,,,16,1959,"714,335,308,324,994,495,880,875,639,145"
3829,10,False,False,0->0,,,,,16,1583,"546,735,752,678,781,105,404,110,310,425"
3832,10,False,False,0->0,,,,,16,1592,"34,410,142,818,707,836,964,454,165,21"
3834,10,False,False,0->0,,,,,16,2093,"929,423,710,653,868,421,246,690,657,688"
3836,10,False,False,0->0,,,,,16,1196,"196,447,145,673,547,416,543,612,749,401"
3837,10,False,False,0->0,,,,,16,1298,"642,949,357,535,508,40,528,947,225,491"
3839,10,False,False,0->0,,,,,16,2520,"97,591,920,858,204,111,3,265,264,952"
3840,10,False,False,0->0,,,,,16,1032,"728,519,344,684,394,288,672,497,479,989"
3841,10,False,False,0->0,,,,,16,1407,"131,452,294,379,823,704,978,388,279,439"
3842,10,False,False,0->0,,,,,16,1536,"961,606,45,424,285,813,422,158,744,822"
3843,10,False,False,0->0,,,,,16,1266,"956,54,616,392,737,58,553,426,937,944"
3844,10,False,False,0->0,,,,,16,2110,"578,56,733,400,499,778,42,447,40,436"
3845,10,False,False,0->0,,,,,16,1474,"573,744,618,69,693,915,688,325,583,248"
3846,10,False,False,0->0,,,,,16,2245,"279,46,826,421,900,840,823,62,851,833"
3848,10,False,False,0->0,,,,,16,1810,"652,935,582,394,574,73,7,239,726,785"
3850,10,False,False,0->0,,,,,16,1495,"566,898,512,654,613,933,211,824,829,141"
3851,10,False,False,0->0,,,,,16,1700,"447,370,294,854,316,416,655,898,837,23"
3853,10,False,False,0->0,,,,,16,1338,"704,82,661,355,193,148,607,844,867,476"
3856,10,False,False,0->0,,,,,16,1084,"811,989,569,981,847,832,420,625,62,866"
3857,10,False,False,0->0,,,,,16,1459,"631,856,635,461,425,148,24,22,969,210"
3859,10,False,False,0->0,,,,,16,1856,"760,32,886,588,279,313,360,905,19,488"
3860,10,False,False,0->0,,,,,16,2159,"1,791,6,346,277,199,197,626,393,668"
3861,10,False,False,0->0,,,,,16,1574,"977,461,804,99,668,639,52,635,284,465"
3862,10,False,False,0->0,,,,,16,1603,"545,436,980,469,822,564,951,220,168,961"
3864,10,False,False,0->0,,,,,16,1166,"610,952,945,39,865,962,451,704,184,714"
3865,10,False,False,0->0,,,,,16,1859,"41,88,814,157,610,558,135,796,795,443"
3867,10,False,False,0->0,,,,,16,1834,"750,779,182,299,482,824,828,474,539,850"
3869,10,False,False,0->0,,,,,16,2220,"878,991,453,578,57,59,400,694,421,141"
3870,10,False,False,0->0,,,,,16,1162,"732,8,593,899,763,555,248,83,828,414"
3872,10,False,False,0->0,,,,,16,1392,"479,942,91,139,452,447,649,415,720,990"
3873,10,False,False,0->0,,,,,16,1303,"552,481,981,778,605,439,931,477,699,329"
3874,10,False,False,0->0,,,,,16,1961,"573,388,53,985,72,669,734,469,376,772"
3876,10,False,False,0->0,,,,,16,2102,"674,558,757,471,980,422,835,920,112,652"
3877,10,False,False,0->0,,,,,16,1850,"524,855,400,488,312,358,550,653,142,715"
3878,10,False,False,0->0,,,,,16,1150,"623,347,533,211,438,896,983,378,177,906"
3880,10,False,False,0->0,,,,,16,1031,"782,969,870,622,196,347,729,233,557,434"
3881,10,False,False,0->0,,,,,16,2483,"893,659,228,61,208,697,198,425,499,52"
3882,10,False,False,0->0,,,,,16,1909,"384,259,335,520,659,500,479,146,905,945"
3883,10,False,False,0->0,,,,,16,1288,"452,686,617,823,127,294,688,753,760,204"
3884,10,False,False,0->0,,,,,16,1928,"743,815,169,908,141,231,369,871,746,963"
3885,10,False,False,0->0,,,,,16,1297,"905,54,851,88,298,991,574,299,899,565"
3886,10,False,False,0->0,,,,,16,1750,"681,620,860,169,327,844,356,36,488,436"
3887,10,False,False,0->0,,,,,16,1517,"550,804,969,184,542,745,209,102,161,313"
3889,10,False,False,0->0,,,,,16,1690,"715,855,962,710,469,785,985,972,623,585"
3890,10,False,False,0->0,,,,,16,1815,"801,60,291,481,563,760,467,392,599,722"
3892,10,False,False,0->0,,,,,16,1440,"943,434,739,791,79,688,456,599,412,830"
3893,10,False,False,0->0,,,,,16,1364,"404,810,537,594,520,795,270,605,463,658"
3895,10,False,False,0->0,,,,,16,956,"40,907,414,813,282,394,661,793,865,131"
3897,10,False,False,0->0,,,,,16,1685,"196,430,347,457,709,429,945,680,83,165"
3902,10,False,False,0->0,,,,,16,1595,"205,52,51,650,586,922,408,777,73,978"
3904,10,False,False,0->0,,,,,16,2136,"568,713,12,209,627,573,550,150,845,896"
3905,10,False,False,0->0,,,,,16,1406,"723,7,728,794,952,743,483,15,226,271"
3908,10,False,False,0->0,,,,,16,1495,"738,586,852,431,218,870,510,691,642,112"
3909,10,False,False,0->0,,,,,16,2589,"756,966,252,614,405,164,667,567,141,843"
3911,10,False,False,0->0,,,,,16,1697,"283,793,37,436,802,223,979,947,326,322"
3912,10,False,False,0->0,,,,,16,1760,"61,394,477,554,887,728,92,816,796,429"
3914,10,False,False,0->0,,,,,16,1203,"629,249,70,655,560,929,437,606,785,752"
3915,10,False,False,0->0,,,,,16,751,"83,788,921,69,759,475,526,533,907,80"
3916,10,False,False,0->0,,,,,16,2538,"960,54,3,76,417,726,263,150,88,710"
3917,10,False,False,0->0,,,,,16,1901,"683,816,926,542,474,112,973,476,364,914"
3918,10,False,False,0->0,,,,,16,1817,"979,617,624,840,642,46,927,442,980,536"
3919,10,False,False,0->0,,,,,16,1692,"15,86,456,625,216,792,93,373,34,520"
3920,10,False,False,0->0,,,,,16,1415,"699,773,865,611,908,389,95,290,534,968"
3921,10,False,False,0->0,,,,,16,1033,"582,436,872,277,437,391,20,629,666,915"
3923,10,False,False,0->0,,,,,16,955,"768,756,92,409,211,373,445,53,212,899"
3924,10,False,False,0->0,,,,,16,989,"92,457,523,387,414,521,995,271,17,511"
3925,10,False,False,0->0,,,,,16,2215,"181,463,231,567,530,674,8,739,607,838"
3926,10,False,False,0->0,,,,,16,1615,"78,929,277,471,70,120,157,298,415,150"
3927,10,False,False,0->0,,,,,16,1671,"208,250,412,893,635,513,728,106,85,595"
3928,10,False,False,0->0,,,,,16,2892,"857,18,482,867,88,714,598,490,827,702"
3930,10,False,False,0->0,,,,,16,2237,"752,248,413,891,876,47,161,173,879,456"
3931,10,False,False,0->0,,,,,16,1377,"297,379,533,828,33,723,570,417,903,474"
3933,10,False,False,0->0,,,,,16,1047,"372,178,276,679,212,412,45,79,767,110"
3934,10,False,False,0->0,,,,,16,2493,"604,301,876,971,211,611,150,715,981,896"
3935,10,False,False,0->0,,,,,16,1340,"582,513,769,588,570,652,438,271,324,94"
3936,10,False,False,0->0,,,,,16,830,"373,105,47,566,571,283,587,141,76,85"
3937,10,False,False,0->0,,,,,16,1188,"906,369,22,740,574,951,208,824,685,169"
3938,10,False,False,0->0,,,,,16,1283,"638,440,716,404,929,384,928,683,202,907"
3940,10,False,False,0->0,,,,,16,1115,"496,276,981,344,383,941,479,456,305,991"
3941,10,False,False,0->0,,,,,16,1942,"569,827,532,352,278,11,302,139,836,195"
3942,10,False,False,0->0,,,,,16,2104,"57,164,748,165,189,791,501,494,639,677"
3943,10,False,False,0->0,,,,,16,2090,"228,616,257,619,485,517,765,928,183,47"
3945,10,False,False,0->0,,,,,16,1227,"330,792,791,506,686,999,539,966,412,566"
3946,10,False,False,0->0,,,,,16,1440,"102,642,471,93,325,433,73,679,195,909"
3948,10,False,False,0->0,,,,,16,1713,"330,332,409,508,788,172,59,675,840,943"
3949,10,False,False,0->0,,,,,16,1263,"54,385,181,672,293,719,131,117,172,106"
3950,10,False,False,0->0,,,,,16,1257,"228,704,221,543,599,755,940,58,459,536"
3951,10,False,False,0->0,,,,,16,1888,"686,787,463,368,92,152,861,119,145,477"
3954,10,False,False,0->0,,,,,16,1156,"407,531,714,132,811,640,457,343,260,513"
3955,10,False,False,0->0,,,,,16,2580,"654,177,600,917,165,979,632,988,140,132"
3956,10,False,False,0->0,,,,,16,1949,"585,947,253,520,297,473,976,557,577,767"
3957,10,False,False,0->0,,,,,16,1186,"704,750,318,522,317,324,962,861,186,278"
3959,10,False,False,0->0,,,,,16,1433,"844,893,498,158,739,693,161,265,422,120"
3960,10,False,False,0->0,,,,,16,1370,"161,640,773,875,964,369,933,705,688,718"
3961,10,False,False,0->0,,,,,16,1169,"107,950,514,387,713,192,157,90,332,798"
3962,10,False,False,0->0,,,,,16,662,"128,643,851,985,236,18,770,277,2,712"
3964,10,False,False,0->0,,,,,16,1945,"589,767,924,622,544,160,921,905,674,444"
3965,10,False,False,0->0,,,,,16,1867,"326,554,379,188,362,218,474,501,492,7"
3966,10,False,False,0->0,,,,,16,1132,"461,565,61,335,785,660,940,790,117,958"
3967,10,False,False,0->0,,,,,16,1531,"444,625,867,551,919,874,992,667,860,777"
3968,10,False,False,0->0,,,,,16,1174,"534,811,304,920,821,711,451,209,862,32"
3969,10,False,False,0->0,,,,,16,1609,"154,603,395,263,860,862,998,13,792,184"
3971,10,False,False,0->0,,,,,16,2601,"785,379,396,453,950,887,890,36,91,94"
3972,10,False,False,0->0,,,,,16,1735,"144,735,252,188,137,897,759,702,794,806"
3974,10,False,False,0->0,,,,,16,1682,"231,298,592,446,646,316,157,699,113,606"
3975,10,False,False,0->0,,,,,16,1263,"911,165,519,983,257,675,184,436,124,751"
3976,10,False,False,0->0,,,,,16,1128,"417,781,632,331,978,137,195,746,859,790"
3977,10,False,False,0->0,,,,,16,2790,"88,193,321,127,589,544,65,590,534,393"
3978,10,False,False,0->0,,,,,16,1263,"765,968,518,707,493,654,393,686,347,930"
3979,10,False,False,0->0,,,,,16,2000,"879,305,106,438,900,503,21,325,385,968"
3981,10,False,False,0->0,,,,,16,1503,"138,244,414,451,438,630,733,441,850,974"
3984,10,False,False,0->0,,,,,16,2274,"15,248,19,304,447,39,284,694,670,723"
3985,10,False,False,0->0,,,,,16,1564,"163,888,357,813,280,26,1,408,600,433"
3986,10,False,False,0->0,,,,,16,1617,"740,475,374,981,116,553,14,241,73,467"
3988,10,False,False,0->0,,,,,16,2233,"844,772,632,192,874,879,510,920,175,425"
3990,10,False,False,0->0,,,,,16,1591,"911,643,642,175,236,532,383,384,60,733"
3991,10,False,False,0->0,,,,,16,1764,"609,331,350,77,156,122,541,402,656,216"
3992,10,False,False,0->0,,,,,16,1032,"167,705,953,398,97,771,541,248,859,963"
3993,10,False,False,0->0,,,,,16,1274,"454,317,565,893,708,688,140,192,648,721"
3995,10,False,False,0->0,,,,,16,2452,"177,577,549,119,357,871,891,618,702,417"
3997,10,False,False,0->0,,,,,16,1905,"4,96,920,739,368,524,69,863,715,954"
3998,10,False,False,0->0,,,,,16,1234,"8,299,891,867,365,474,575,429,556,977"
4000,10,False,False,0->0,,,,,16,1292,"948,629,360,217,716,788,58,837,935,580"
4001,10,False,False,0->0,,,,,16,1336,"271,418,362,538,667,740,896,85,217,299"
4004,10,False,False,0->0,,,,,16,1318,"754,963,401,539,136,49,391,612,107,620"
4006,10,False,False,0->0,,,,,16,2231,"902,441,329,637,680,344,171,158,172,874"
4007,10,False,False,0->0,,,,,16,1441,"403,27,974,805,195,738,922,187,147,771"
4008,10,False,False,0->0,,,,,16,1807,"627,109,201,195,725,55,501,960,247,392"
4009,10,False,False,0->0,,,,,16,1585,"59,776,595,212,446,463,670,599,96,297"
4010,10,False,False,0->0,,,,,16,2345,"512,686,625,457,146,607,621,887,942,878"
4011,10,False,False,0->0,,,,,16,2103,"147,223,73,364,581,197,200,935,224,563"
4013,10,False,False,0->0,,,,,16,1638,"619,494,929,33,273,431,58,830,872,658"
4014,10,False,False,0->0,,,,,16,1290,"283,793,131,933,649,552,130,823,164,739"
4016,10,False,False,0->0,,,,,16,2701,"900,755,56,798,842,264,163,463,87,677"
4017,10,False,False,0->0,,,,,16,1653,"137,310,630,847,230,686,612,305,851,24"
4018,10,False,False,0->0,,,,,16,2065,"524,80,198,135,995,663,898,589,229,88"
4019,10,False,False,0->0,,,,,16,1777,"343,437,111,315,224,456,666,43,430,605"
4020,10,False,False,0->0,,,,,16,2363,"289,705,615,699,158,855,726,740,962,764"
4021,10,False,False,0->0,,,,,16,1239,"847,831,723,731,112,152,818,573,261,961"
4022,10,False,False,0->0,,,,,16,2298,"381,982,444,707,426,848,20,47,162,987"
4023,10,False,False,0->0,,,,,16,2651,"391,887,157,800,8,356,955,842,472,896"
4025,10,False,False,0->0,,,,,16,2500,"251,155,550,626,370,710,709,840,498,164"
4031,10,False,False,0->0,,,,,16,1182,"990,207,143,823,138,681,861,72,610,385"
4033,10,False,False,0->0,,,,,16,2474,"987,42,76,980,421,959,575,503,262,764"
4034,10,False,False,0->0,,,,,16,1694,"581,503,221,434,506,767,109,614,738,192"
4036,10,False,False,0->0,,,,,16,1482,"934,763,699,125,552,31,668,439,384,140"
4037,10,False,False,0->0,,,,,16,1547,"389,303,849,165,90,323,729,340,569,768"
4038,10,False,False,0->0,,,,,16,1672,"250,210,697,422,92,655,893,489,199,383"
4039,10,False,False,0->0,,,,,16,1499,"4,753,597,454,990,609,97,452,259,3"
4040,10,False,False,0->0,,,,,16,937,"378,983,555,42,999,673,413,895,801,83"
4041,10,False,False,0->0,,,,,16,2021,"725,285,436,717,357,977,974,94,485,293"
4042,10,False,False,0->0,,,,,16,2126,"990,166,642,19,805,534,789,603,388,364"
4043,10,False,False,0->0,,,,,16,2000,"742,793,508,39,607,585,986,728,13,68"
4044,10,False,False,0->0,,,,,16,2451,"388,700,966,744,1000,208,270,534,729,379"
4045,10,False,False,0->0,,,,,16,1634,"36,316,288,681,630,108,238,849,187,601"
4046,10,False,False,0->0,,,,,16,2413,"774,796,655,48,871,511,106,536,159,659"
4047,10,False,False,0->0,,,,,16,1307,"386,828,734,765,309,224,582,566,878,392"
4048,10,False,False,0->0,,,,,16,2160,"179,287,270,585,971,972,471,142,871,787"
4049,10,False,False,0->0,,,,,16,675,"121,919,439,978,694,211,787,640,436,921"
4050,10,False,False,0->0,,,,,16,1967,"346,493,589,905,801,662,874,37,208,141"
4052,10,False,False,0->0,,,,,16,2630,"114,553,776,252,733,468,3,832,317,804"
4055,10,False,False,0->0,,,,,16,1178,"966,587,668,195,439,957,74,124,204,337"
4056,10,False,False,0->0,,,,,16,1479,"413,736,241,355,873,597,952,216,732,272"
4058,10,False,False,0->0,,,,,16,1502,"532,244,663,684,438,742,80,94,746,536"
4059,10,False,False,0->0,,,,,16,1922,"114,808,768,676,476,658,989,740,223,717"
4060,10,False,False,0->0,,,,,16,1356,"487,564,343,783,384,294,233,524,593,104"
4061,10,False,False,0->0,,,,,16,1918,"834,442,272,817,145,117,160,887,135,18"
4062,10,False,False,0->0,,,,,16,1116,"837,732,13,797,401,171,479,794,573,222"
4063,10,False,False,0->0,,,,,16,765,"78,49,69,982,649,249,414,177,517,268"
4064,10,False,False,0->0,,,,,16,1170,"126,650,323,519,563,599,890,639,430,9"
4065,10,False,False,0->0,,,,,16,1992,"487,164,128,754,700,83,993,310,893,858"
4067,10,False,False,0->0,,,,,16,1939,"32,313,815,84,62,745,396,506,47,963"
4069,10,False,False,0->0,,,,,16,1304,"612,752,648,287,363,372,422,570,897,514"
4071,10,False,False,0->0,,,,,16,1538,"653,767,605,752,631,672,202,704,357,804"
4072,10,False,False,0->0,,,,,16,1081,"492,402,314,842,45,138,284,872,105,517"
4073,10,False,False,0->0,,,,,16,1930,"739,552,1,375,359,961,941,108,862,106"
4078,10,False,False,0->0,,,,,16,1821,"528,471,116,446,994,32,21,201,173,437"
4079,10,False,False,0->0,,,,,16,2239,"861,518,566,757,668,365,648,829,253,157"
4080,10,False,False,0->0,,,,,16,2079,"249,728,783,762,422,764,12,722,47,987"
4081,10,False,False,0->0,,,,,16,2087,"969,633,133,199,400,59,690,370,544,150"
4082,10,False,False,0->0,,,,,16,2635,"218,623,172,659,1,277,51,700,613,60"
4083,10,False,False,0->0,,,,,16,1344,"1000,743,759,584,880,597,314,705,95,622"
4086,10,False,False,0->0,,,,,16,1359,"433,569,9,510,780,558,310,935,120,601"
4087,10,False,False,0->0,,,,,16,1609,"805,821,539,259,181,510,850,656,39,994"
4088,10,False,False,0->0,,,,,16,1361,"773,840,87,528,592,247,305,961,331,109"
4089,10,False,False,0->0,,,,,16,1766,"750,834,159,990,19,53,487,785,543,262"
4090,10,False,False,0->0,,,,,16,1254,"451,119,979,972,749,500,422,691,274,81"
4091,10,False,False,0->0,,,,,16,2630,"23,876,253,669,485,403,62,758,716,143"
4092,10,False,False,0->0,,,,,16,2399,"822,88,184,269,847,372,370,117,430,228"
4094,10,False,False,0->0,,,,,16,1379,"359,79,552,597,758,732,225,853,719,63"
4095,10,False,False,0->0,,,,,16,1301,"611,959,977,421,861,114,452,658,623,469"
4096,10,False,False,0->0,,,,,16,914,"195,196,1,355,564,331,991,553,893,43"
4098,10,False,False,0->0,,,,,16,1561,"413,101,397,1000,55,408,164,491,520,430"
4100,10,False,False,0->0,,,,,16,1424,"347,205,789,274,624,309,329,870,175,167"
4102,10,False,False,0->0,,,,,16,1433,"677,1000,376,189,847,223,591,314,605,448"
4103,10,False,False,0->0,,,,,16,1843,"131,908,796,238,264,277,420,337,204,567"
4104,10,False,False,0->0,,,,,16,2056,"541,920,299,978,855,80,201,114,157,544"
4105,10,False,False,0->0,,,,,16,1961,"621,533,710,196,405,342,745,102,843,1"
4106,10,False,False,0->0,,,,,16,2103,"760,383,38,102,507,920,493,737,319,136"
4107,10,False,False,0->0,,,,,16,1111,"692,138,560,745,76,60,38,397,414,584"
4108,10,False,False,0->0,,,,,16,1565,"298,167,935,302,905,617,92,140,34,581"
4109,10,False,False,0->0,,,,,16,1530,"563,944,468,929,649,816,365,181,655,511"
4110,10,False,False,0->0,,,,,16,1534,"252,270,909,405,915,532,791,310,564,966"
4112,10,False,False,0->0,,,,,16,712,"358,266,496,602,25,907,56,804,182,720"
4113,10,False,False,0->0,,,,,16,2367,"920,333,375,589,866,679,230,760,910,800"
4114,10,False,False,0->0,,,,,16,1001,"884,553,272,46,630,978,122,106,670,481"
4115,10,False,False,0->0,,,,,16,1373,"410,391,20,975,343,591,609,614,93,963"
4116,10,False,False,0->0,,,,,16,1723,"458,424,580,897,205,50,247,109,924,289"
4118,10,False,False,0->0,,,,,16,1788,"47,409,76,822,538,229,9,705,621,32"
4119,10,False,False,0->0,,,,,16,1245,"717,439,713,712,476,707,232,475,512,691"
4120,10,False,False,0->0,,,,,16,841,"293,926,650,543,135,263,394,648,931,398"
4121,10,False,False,0->0,,,,,16,1579,"263,50,370,200,762,711,770,857,190,681"
4122,10,False,False,0->0,,,,,16,1496,"211,656,495,649,987,842,500,954,451,2"
4124,10,False,False,0->0,,,,,16,2009,"359,504,166,176,305,786,980,605,483,928"
4125,10,False,False,0->0,,,,,16,1311,"479,521,537,791,182,150,431,868,754,737"
4126,10,False,False,0->0,,,,,16,890,"47,232,656,132,93,681,477,498,855,712"
4127,10,False,False,0->0,,,,,16,1998,"232,980,366,369,950,72,186,80,344,840"
4128,10,False,False,0->0,,,,,16,1167,"412,994,518,944,522,418,667,519,704,898"
4129,10,False,False,0->0,,,,,16,1835,"376,900,720,81,909,278,59,11,723,552"
4132,10,False,False,0->0,,,,,16,1548,"360,320,982,762,890,244,633,673,482,690"
4133,10,False,False,0->0,,,,,16,1781,"408,184,601,19,23,244,878,143,375,765"
4134,10,False,False,0->0,,,,,16,951,"685,337,344,40,801,252,982,497,287,569"
4135,10,False,False,0->0,,,,,16,965,"26,762,771,668,201,362,203,511,192,402"
4136,10,False,False,0->0,,,,,16,1330,"317,762,718,625,636,376,751,948,651,811"
4138,10,False,False,0->0,,,,,16,1375,"615,908,332,479,173,124,783,804,633,162"
4139,10,False,False,0->0,,,,,16,1160,"784,439,475,762,684,843,759,52,859,543"
4141,10,False,False,0->0,,,,,16,2038,"422,552,451,816,827,309,886,896,468,824"
4142,10,False,False,0->0,,,,,16,2382,"510,723,919,782,933,363,166,657,238,442"
4144,10,False,False,0->0,,,,,16,1327,"934,761,217,941,677,489,911,526,278,81"
4145,10,False,False,0->0,,,,,16,1180,"565,270,861,511,786,957,969,37,1,788"
4146,10,False,False,0->0,,,,,16,1598,"383,447,741,627,440,260,463,452,541,801"
4147,10,False,False,0->0,,,,,16,2121,"441,619,178,125,827,262,251,371,210,542"
4148,10,False,False,0->0,,,,,16,2409,"265,900,872,879,758,556,738,220,188,69"
4149,10,False,False,0->0,,,,,16,1456,"897,808,615,131,565,206,560,563,437,475"
4150,10,False,False,0->0,,,,,16,2278,"855,703,120,171,653,308,706,992,379,261"
4151,10,False,False,0->0,,,,,16,1028,"1,570,806,850,522,855,498,179,15,890"
4155,10,False,False,0->0,,,,,16,2674,"711,630,19,694,197,879,188,908,38,909"
4156,10,False,False,0->0,,,,,16,1232,"947,832,979,878,231,592,910,890,818,19"
4158,10,False,False,0->0,,,,,16,1353,"130,675,631,553,739,574,271,866,337,79"
4159,10,False,False,0->0,,,,,16,1196,"856,428,95,888,830,332,691,57,571,521"
4160,10,False,False,0->0,,,,,16,1492,"100,624,67,991,603,313,804,386,834,958"
4161,10,False,False,0->0,,,,,16,1972,"24,280,302,112,376,776,274,486,243,360"
4163,10,False,False,0->0,,,,,16,2159,"116,132,162,103,29,803,272,344,966,544"
4166,10,False,False,0->0,,,,,16,1652,"607,832,603,396,623,447,211,995,753,54"
4167,10,False,False,0->0,,,,,16,1581,"119,616,518,520,870,383,571,255,519,15"
4168,10,False,False,0->0,,,,,16,1096,"244,282,893,127,293,844,575,77,179,541"
4169,10,False,False,0->0,,,,,16,2146,"776,662,210,441,780,813,988,979,531,642"
4170,10,False,False,0->0,,,,,16,1977,"678,205,737,324,632,298,424,795,867,567"
4171,10,False,False,0->0,,,,,16,2197,"27,863,684,206,254,231,376,578,69,189"
4172,10,False,False,0->0,,,,,16,1018,"86,947,954,878,762,402,756,545,178,418"
4173,10,False,False,0->0,,,,,16,944,"360,683,384,554,90,150,898,891,410,303"
4174,10,False,False,0->0,,,,,16,2048,"842,702,426,653,58,471,959,564,622,343"
4175,10,False,False,0->0,,,,,16,2192,"55,931,467,201,173,159,64,24,833,739"
4178,10,False,False,0->0,,,,,16,1376,"469,61,523,452,443,606,288,326,417,684"
4179,10,False,False,0->0,,,,,16,1607,"65,599,543,368,522,829,739,23,318,261"
4180,10,False,False,0->0,,,,,16,971,"181,40,397,774,523,955,958,842,660,853"
4181,10,False,False,0->0,,,,,16,1757,"415,50,582,308,494,112,553,600,126,290"
4182,10,False,False,0->0,,,,,16,1699,"315,26,795,668,624,744,400,781,97,282"
4184,10,False,False,0->0,,,,,16,2768,"577,88,764,458,653,220,307,402,331,681"
4186,10,False,False,0->0,,,,,16,1337,"244,975,456,169,415,905,732,54,174,255"
4187,10,False,False,0->0,,,,,16,1274,"223,667,45,874,6,944,232,842,593,921"
4188,10,False,False,0->0,,,,,16,1710,"589,974,243,895,973,851,667,683,994,873"
4190,10,False,False,0->0,,,,,16,1550,"852,933,675,702,134,614,572,93,431,520"
4191,10,False,False,0->0,,,,,16,1418,"545,233,850,944,434,595,173,643,317,489"
4192,10,False,False,0->0,,,,,16,1410,"976,788,552,388,593,180,780,369,122,32"
4193,10,False,False,0->0,,,,,16,1503,"280,117,512,847,106,100,21,319,580,786"
4194,10,False,False,0->0,,,,,16,1793,"729,545,467,333,291,332,446,811,248,204"
4196,10,False,False,0->0,,,,,16,1483,"794,805,451,312,405,53,59,319,986,623"
4197,10,False,False,0->0,,,,,16,1929,"78,371,107,615,636,8,193,113,764,455"
4198,10,False,False,0->0,,,,,16,2000,"273,511,446,591,581,8,251,366,274,558"
4199,10,False,False,0->0,,,,,16,1901,"210,808,875,188,606,278,422,580,446,389"
4200,10,False,False,0->0,,,,,16,1368,"941,303,121,106,289,817,305,911,795,955"
4201,10,False,False,0->0,,,,,16,1626,"493,616,909,498,950,929,90,4,236,165"
4202,10,False,False,0->0,,,,,16,1730,"402,878,277,17,198,389,523,220,700,368"
4203,10,False,False,0->0,,,,,16,2194,"599,976,320,131,152,410,179,831,822,998"
4204,10,False,False,0->0,,,,,16,1770,"259,347,660,519,220,762,508,430,583,717"
4207,10,False,False,0->0,,,,,16,1387,"496,182,428,220,693,124,161,166,218,654"
4208,10,False,False,0->0,,,,,16,1387,"570,886,573,512,303,141,866,677,142,474"
4209,10,False,False,0->0,,,,,16,1095,"337,758,429,479,49,438,519,767,513,832"
4211,10,False,False,0->0,,,,,16,2746,"800,29,264,130,725,827,757,985,379,710"
4212,10,False,False,0->0,,,,,16,1463,"486,567,64,816,229,222,828,595,175,977"
4213,10,False,False,0->0,,,,,16,1745,"235,63,673,621,317,92,330,142,764,85"
4215,10,False,False,0->0,,,,,16,1084,"14,370,481,905,58,312,373,813,152,958"
4216,10,False,False,0->0,,,,,16,1915,"13,430,178,900,187,785,369,858,736,270"
4217,10,False,False,0->0,,,,,16,1840,"578,734,8,635,899,630,456,601,530,298"
4218,10,False,False,0->0,,,,,16,1215,"55,707,278,940,990,878,235,689,441,772"
4221,10,False,False,0->0,,,,,16,978,"288,922,984,620,960,711,828,156,884,515"
4222,10,False,False,0->0,,,,,16,937,"990,897,263,127,718,691,457,769,403,787"
4223,10,False,False,0->0,,,,,16,1785,"832,119,490,368,333,356,434,980,523,813"
4224,10,False,False,0->0,,,,,16,939,"424,418,391,683,137,667,775,445,207,42"
4225,10,False,False,0->0,,,,,16,1686,"988,917,666,146,978,457,182,613,835,97"
4226,10,False,False,0->0,,,,,16,2033,"362,852,713,880,476,604,335,558,829,624"
4227,10,False,False,0->0,,,,,16,2076,"863,714,518,403,203,477,288,855,279,366"
4228,10,False,False,0->0,,,,,16,1154,"338,742,439,436,144,326,611,543,190,382"
4230,10,False,False,0->0,,,,,16,872,"757,1,245,116,855,638,969,472,801,947"
4231,10,False,False,0->0,,,,,16,1548,"603,31,493,598,858,269,146,44,384,82"
4232,10,False,False,0->0,,,,,16,1548,"261,556,301,142,685,257,804,961,703,37"
4233,10,False,False,0->0,,,,,16,2290,"719,506,342,707,657,253,740,886,822,279"
4234,10,False,False,0->0,,,,,16,1689,"595,976,915,677,783,154,416,927,36,24"
4235,10,False,False,0->0,,,,,16,1276,"811,162,975,724,552,288,445,815,137,581"
4236,10,False,False,0->0,,,,,16,1625,"17,956,810,479,318,974,342,175,711,375"
4237,10,False,False,0->0,,,,,16,1210,"531,886,45,443,73,161,686,914,661,707"
4239,10,False,False,0->0,,,,,16,1262,"757,314,469,888,459,119,55,622,903,713"
4242,10,False,False,0->0,,,,,16,1231,"380,233,683,831,436,471,613,201,232,279"
4243,10,False,False,0->0,,,,,16,1585,"877,771,433,527,856,33,929,419,591,265"
4244,10,False,False,0->0,,,,,16,1443,"291,849,203,762,726,73,568,940,32,25"
4246,10,False,False,0->0,,,,,16,1145,"130,606,168,530,713,993,599,421,50,961"
4247,10,False,False,0->0,,,,,16,1694,"944,577,22,105,981,607,617,742,794,218"
4249,10,False,False,0->0,,,,,16,2661,"679,496,158,728,429,577,359,163,578,886"
4250,10,False,False,0->0,,,,,16,1669,"229,788,186,843,412,811,3,203,872,539"
4252,10,False,False,0->0,,,,,16,1752,"865,309,467,460,114,778,927,915,493,420"
4254,10,False,False,0->0,,,,,16,1934,"981,737,194,293,155,177,658,554,463,822"
4255,10,False,False,0->0,,,,,16,2385,"927,848,831,598,745,415,874,505,736,424"
4258,10,False,False,0->0,,,,,16,596,"711,491,134,2,968,369,138,867,40,778"
4259,10,False,False,0->0,,,,,16,1207,"12,640,837,582,803,666,527,741,242,899"
4260,10,False,False,0->0,,,,,16,1924,"288,94,735,424,141,31,890,198,475,12"
4261,10,False,False,0->0,,,,,16,1237,"382,430,352,840,922,293,772,768,476,522"
4262,10,False,False,0->0,,,,,16,1431,"459,928,823,730,690,503,268,557,68,646"
4264,10,False,False,0->0,,,,,16,2403,"794,162,273,232,417,3,19,64,759,960"
4265,10,False,False,0->0,,,,,16,1835,"163,81,611,244,171,64,297,141,568,581"
4266,10,False,False,0->0,,,,,16,2345,"78,837,963,871,18,16,712,290,381,975"
4267,10,False,False,0->0,,,,,16,1151,"761,860,260,600,691,113,602,109,442,672"
4268,10,False,False,0->0,,,,,16,1295,"410,282,451,667,641,289,347,721,832,268"
4272,10,False,False,0->0,,,,,16,1481,"583,783,329,740,7,63,565,938,789,653"
4273,10,False,False,0->0,,,,,16,1298,"160,383,672,192,789,344,394,538,199,686"
4274,10,False,False,0->0,,,,,16,1662,"752,876,417,719,412,755,897,957,913,100"
4275,10,False,False,0->0,,,,,16,1347,"376,310,414,15,976,335,23,494,135,769"
4276,10,False,False,0->0,,,,,16,1579,"365,684,656,900,65,147,867,422,614,150"
4277,10,False,False,0->0,,,,,16,1912,"984,833,33,313,621,402,694,974,990,524"
4278,10,False,False,0->0,,,,,16,1292,"265,861,32,390,581,663,56,992,995,829"
4279,10,False,False,0->0,,,,,16,1819,"643,86,966,55,424,990,714,924,233,758"
4280,10,False,False,0->0,,,,,16,1778,"304,364,452,97,410,156,987,131,171,586"
4281,10,False,False,0->0,,,,,16,1240,"852,989,577,823,438,621,543,713,950,855"
4282,10,False,False,0->0,,,,,16,1496,"458,566,124,37,680,417,542,380,17,280"
4283,10,False,False,0->0,,,,,16,2242,"724,837,795,676,499,961,950,941,900,253"
4285,10,False,False,0->0,,,,,16,1955,"124,284,148,543,72,70,7,697,876,370"
4287,10,False,False,0->0,,,,,16,1506,"239,514,726,704,142,933,54,36,740,402"
4289,10,False,False,0->0,,,,,16,1620,"805,595,922,863,369,409,924,117,50,772"
4290,10,False,False,0->0,,,,,16,1417,"273,814,376,660,642,420,797,245,990,944"
4293,10,False,False,0->0,,,,,16,1416,"530,156,136,378,778,600,342,83,515,627"
4294,10,False,False,0->0,,,,,16,1225,"411,46,254,968,309,402,131,359,696,340"
4295,10,False,False,0->0,,,,,16,1649,"303,898,72,551,114,433,888,928,744,584"
4296,10,False,False,0->0,,,,,16,1562,"595,163,872,968,934,567,594,920,31,791"
4297,10,False,False,0->0,,,,,16,1635,"255,796,806,991,563,471,960,662,25,308"
4300,10,False,False,0->0,,,,,16,1976,"60,214,891,989,607,12,593,425,700,680"
4301,10,False,False,0->0,,,,,16,1645,"518,551,877,668,757,305,177,556,802,72"
4302,10,False,False,0->0,,,,,16,1563,"442,995,260,870,885,49,855,821,764,422"
4303,10,False,False,0->0,,,,,16,1391,"175,132,536,566,781,61,12,778,67,802"
4306,10,False,False,0->0,,,,,16,894,"176,503,725,387,796,498,899,679,310,865"
4307,10,False,False,0->0,,,,,16,1833,"913,205,639,347,109,414,945,744,7,485"
4308,10,False,False,0->0,,,,,16,2004,"299,597,785,36,696,712,826,592,379,614"
4309,10,False,False,0->0,,,,,16,1871,"352,692,641,786,194,142,797,910,816,350"
4311,10,False,False,0->0,,,,,16,2680,"733,550,163,641,735,854,20,165,132,238"
4312,10,False,False,0->0,,,,,16,1549,"408,773,195,322,85,872,476,874,696,16"
4313,10,False,False,0->0,,,,,16,1192,"857,190,384,906,185,200,77,342,327,60"
4315,10,False,False,0->0,,,,,16,1268,"911,821,428,386,545,285,94,72,498,422"
4317,10,False,False,0->0,,,,,16,1299,"248,589,206,926,973,46,4,655,915,721"
4320,10,False,False,0->0,,,,,16,1218,"956,277,121,41,687,47,117,620,526,163"
4322,10,False,False,0->0,,,,,16,686,"868,515,201,133,183,214,784,148,788,684"
4325,10,False,False,0->0,,,,,16,985,"209,58,933,943,774,638,865,954,618,20"
4326,10,False,False,0->0,,,,,16,880,"513,553,895,927,768,17,456,732,662,496"
4328,10,False,False,0->0,,,,,16,1510,"765,458,481,168,194,689,727,545,25,668"
4329,10,False,False,0->0,,,,,16,1820,"200,274,148,913,962,321,438,582,160,865"
4330,10,False,False,0->0,,,,,16,1638,"392,827,7,69,463,778,277,613,144,697"
4331,10,False,False,0->0,,,,,16,853,"985,722,137,365,771,1,568,815,274,180"
4332,10,False,False,0->0,,,,,16,1433,"586,57,662,652,346,168,858,679,277,294"
4334,10,False,False,0->0,,,,,16,968,"420,804,494,835,862,523,761,413,977,193"
4335,10,False,False,0->0,,,,,16,1354,"360,60,173,915,749,573,752,522,320,994"
4336,10,False,False,0->0,,,,,16,1098,"518,738,603,378,262,781,347,11,457,330"
4337,10,False,False,0->0,,,,,16,1439,"262,407,748,299,7,457,816,956,968,257"
4338,10,False,False,0->0,,,,,16,831,"31,409,884,564,138,830,483,968,558,652"
4339,10,False,False,0->0,,,,,16,1691,"239,948,447,571,641,787,680,722,474,955"
4340,10,False,False,0->0,,,,,16,1903,"202,310,503,534,577,850,207,895,974,53"
4341,10,False,False,0->0,,,,,16,1594,"992,791,752,577,653,677,693,685,260,387"
4342,10,False,False,0->0,,,,,16,1050,"953,278,121,46,911,145,696,238,517,95"
4343,10,False,False,0->0,,,,,16,1664,"878,557,424,651,416,252,266,58,762,994"
4345,10,False,False,0->0,,,,,16,2017,"612,293,753,159,408,494,710,748,92,634"
4348,10,False,False,0->0,,,,,16,1670,"624,497,974,211,430,461,173,725,98,832"
4349,10,False,False,0->0,,,,,16,1403,"583,998,391,506,532,398,323,67,779,298"
4350,10,False,False,0->0,,,,,16,1235,"945,244,640,761,990,694,413,891,39,638"
4351,10,False,False,0->0,,,,,16,1884,"459,130,570,84,111,695,935,65,908,370"
4352,10,False,False,0->0,,,,,16,1336,"203,41,872,553,568,670,694,667,26,700"
4353,10,False,False,0->0,,,,,16,1066,"666,120,319,31,738,27,158,985,836,581"
4354,10,False,False,0->0,,,,,16,1508,"874,998,58,729,755,80,139,430,217,796"
4355,10,False,False,0->0,,,,,16,1594,"537,459,250,847,206,549,96,210,858,511"
4356,10,False,False,0->0,,,,,16,2407,"378,200,821,53,507,350,19,631,877,253"
4357,10,False,False,0->0,,,,,16,1239,"787,184,583,656,802,487,145,24,982,836"
4359,10,False,False,0->0,,,,,16,2638,"765,945,396,488,622,290,649,124,764,512"
4360,10,False,False,0->0,,,,,16,1274,"302,59,949,731,325,171,467,602,606,483"
4361,10,False,False,0->0,,,,,16,2392,"22,879,216,663,738,57,588,20,618,195"
4362,10,False,False,0->0,,,,,16,1048,"713,560,771,597,910,699,305,960,953,826"
4363,10,False,False,0->0,,,,,16,1514,"948,891,212,692,693,83,269,414,732,686"
4367,10,False,False,0->0,,,,,16,1929,"844,451,387,294,419,592,563,235,200,278"
4369,10,False,False,0->0,,,,,16,1795,"372,225,52,995,851,662,51,616,343,816"
4372,10,False,False,0->0,,,,,16,1339,"575,385,38,314,699,568,379,885,276,496"
4374,10,False,False,0->0,,,,,16,1324,"538,943,594,989,242,392,938,52,486,929"
4375,10,False,False,0->0,,,,,16,1866,"598,585,673,907,930,408,920,908,210,11"
4377,10,False,False,0->0,,,,,16,1730,"125,956,713,168,426,829,604,308,595,911"
4378,10,False,False,0->0,,,,,16,1964,"937,963,221,836,160,179,200,976,108,777"
4379,10,False,False,0->0,,,,,16,1493,"17,526,340,49,444,962,16,107,259,244"
4380,10,False,False,0->0,,,,,16,1148,"265,421,86,428,167,166,133,146,526,510"
4382,10,False,False,0->0,,,,,16,841,"523,204,506,675,203,131,491,686,460,685"
4384,10,False,False,0->0,,,,,16,2158,"65,73,672,872,350,724,686,493,676,9"
4386,10,False,False,0->0,,,,,16,1316,"948,64,439,606,212,77,201,289,788,426"
4387,10,False,False,0->0,,,,,16,1736,"749,79,695,803,366,373,986,593,599,757"
4388,10,False,False,0->0,,,,,16,1442,"853,648,374,456,617,685,41,787,276,253"
4390,10,False,False,0->0,,,,,16,1443,"357,808,242,19,49,407,460,337,222,307"
4391,10,False,False,0->0,,,,,16,2231,"128,887,79,684,459,304,945,195,366,927"
4392,10,False,False,0->0,,,,,16,1705,"371,607,498,767,538,189,491,469,136,74"
4394,10,False,False,0->0,,,,,16,1319,"560,12,935,274,498,67,508,491,957,988"
4396,10,False,False,0->0,,,,,16,2328,"47,535,797,92,508,632,815,706,417,438"
4397,10,False,False,0->0,,,,,16,1779,"635,740,285,231,603,733,888,320,229,175"
4398,10,False,False,0->0,,,,,16,982,"744,15,483,606,428,80,687,72,192,78"
4399,10,False,False,0->0,,,,,16,1882,"867,940,522,896,140,687,26,649,950,272"
4401,10,False,False,0->0,,,,,16,1365,"164,930,821,359,436,192,511,45,183,441"
4402,10,False,False,0->0,,,,,16,1090,"430,40,333,316,602,863,407,41,214,94"
4405,10,False,False,0->0,,,,,16,1673,"505,332,48,844,998,479,620,895,182,111"
4406,10,False,False,0->0,,,,,16,1571,"62,274,742,848,148,623,412,96,767,797"
4408,10,False,False,0->0,,,,,16,2444,"199,446,1000,45,548,36,249,453,853,776"
4411,10,False,False,0->0,,,,,16,1173,"177,280,614,243,907,567,225,459,984,189"
4412,10,False,False,0->0,,,,,16,1792,"38,521,541,73,499,604,393,203,714,316"
4413,10,False,False,0->0,,,,,16,1252,"271,791,552,750,783,182,744,209,993,941"
4415,10,False,False,0->0,,,,,16,2720,"940,257,379,764,662,31,746,182,443,216"
4417,10,False,False,0->0,,,,,16,1478,"537,971,128,293,970,83,710,454,458,752"
4418,10,False,False,0->0,,,,,16,1895,"970,920,646,602,833,942,360,863,416,818"
4423,10,False,False,0->0,,,,,16,1394,"843,365,183,387,95,173,778,454,391,588"
4424,10,False,False,0->0,,,,,16,1674,"335,363,790,187,760,32,325,376,160,937"
4425,10,False,False,0->0,,,,,16,850,"872,870,678,749,243,416,806,205,161,775"
4427,10,False,False,0->0,,,,,16,1654,"360,638,587,468,634,434,567,447,861,269"
4428,10,False,False,0->0,,,,,16,1815,"695,963,566,312,797,17,580,681,726,913"
4429,10,False,False,0->0,,,,,16,1975,"599,405,873,395,145,798,402,302,469,924"
4432,10,False,False,0->0,,,,,16,1434,"767,903,261,552,690,358,445,571,837,11"
4433,10,False,False,0->0,,,,,16,1066,"742,595,185,369,220,638,446,968,61,157"
4434,10,False,False,0->0,,,,,16,2341,"90,403,304,171,899,6,284,259,944,808"
4436,10,False,False,0->0,,,,,16,1713,"849,414,719,183,676,659,335,679,813,135"
4437,10,False,False,0->0,,,,,16,1108,"658,253,818,947,152,681,429,642,637,531"
4439,10,False,False,0->0,,,,,16,1695,"726,57,753,850,519,571,114,569,357,688"
4440,10,False,False,0->0,,,,,16,771,"454,837,892,617,340,589,372,325,600,387"
4441,10,False,False,0->0,,,,,16,1540,"190,393,216,744,314,205,133,47,310,194"
4443,10,False,False,0->0,,,,,16,1423,"228,248,210,184,155,108,857,834,274,872"
4447,10,False,False,0->0,,,,,16,1580,"394,920,128,46,225,964,595,408,557,777"
4448,10,False,False,0->0,,,,,16,1800,"779,771,350,862,693,929,257,108,271,595"
4449,10,False,False,0->0,,,,,16,1824,"993,298,987,242,254,730,538,160,738,769"
4450,10,False,False,0->0,,,,,16,2232,"91,640,785,41,685,536,131,473,410,88"
4453,10,False,False,0->0,,,,,16,858,"639,722,346,11,316,217,280,897,692,630"
4454,10,False,False,0->0,,,,,16,1965,"329,584,528,291,14,142,979,550,728,293"
4456,10,False,False,0->0,,,,,16,1677,"29,760,725,586,655,84,330,274,851,233"
4457,10,False,False,0->0,,,,,16,1007,"536,824,677,251,565,180,993,791,830,418"
4458,10,False,False,0->0,,,,,16,1321,"574,600,826,380,890,318,796,122,594,748"
4460,10,False,False,0->0,,,,,16,2565,"420,279,726,405,36,499,24,826,165,862"
4461,10,False,False,0->0,,,,,16,1533,"160,393,422,554,322,171,757,651,269,565"
4464,10,False,False,0->0,,,,,16,1235,"729,222,604,866,440,625,246,746,54,641"
4465,10,False,False,0->0,,,,,16,967,"884,51,42,940,933,44,154,926,738,276"
4466,10,False,False,0->0,,,,,16,1669,"917,909,956,726,566,365,656,127,492,212"
4467,10,False,False,0->0,,,,,16,1516,"114,43,814,212,594,611,782,398,572,723"
4470,10,False,False,0->0,,,,,16,1633,"39,532,970,42,788,173,796,714,505,134"
4472,10,False,False,0->0,,,,,16,1407,"370,950,137,826,769,414,333,164,4,676"
4473,10,False,False,0->0,,,,,16,2221,"668,929,553,456,119,116,590,572,52,679"
4474,10,False,False,0->0,,,,,16,1797,"544,430,549,1,8,721,926,982,853,685"
4476,10,False,False,0->0,,,,,16,1132,"128,883,121,533,359,297,456,287,333,396"
4478,10,False,False,0->0,,,,,16,2326,"853,183,202,775,166,268,388,343,182,430"
4480,10,False,False,0->0,,,,,16,3013,"88,412,458,290,840,31,284,626,715,836"
4481,10,False,False,0->0,,,,,16,1906,"694,395,137,573,197,938,689,96,909,321"
4482,10,False,False,0->0,,,,,16,2259,"649,963,966,103,659,252,679,816,289,223"
4484,10,False,False,0->0,,,,,16,1375,"979,342,307,938,178,59,386,313,411,251"
4487,10,False,False,0->0,,,,,16,1314,"582,521,949,742,446,140,491,133,565,875"
4488,10,False,False,0->0,,,,,16,1223,"454,471,934,272,298,134,981,126,720,709"
4489,10,False,False,0->0,,,,,16,2296,"264,4,788,937,547,962,871,173,907,875"
4490,10,False,False,0->0,,,,,16,2084,"246,424,255,59,294,404,181,245,657,385"
4491,10,False,False,0->0,,,,,16,2437,"976,506,871,758,343,375,102,849,278,571"
4492,10,False,False,0->0,,,,,16,2133,"535,43,987,797,69,623,982,638,19,546"
4494,10,False,False,0->0,,,,,16,1540,"924,19,187,907,696,201,141,199,114,570"
4496,10,False,False,0->0,,,,,16,1590,"920,927,810,246,370,911,117,190,883,980"
4498,10,False,False,0->0,,,,,16,1854,"326,653,581,767,725,112,857,175,718,613"
4499,10,False,False,0->0,,,,,16,2478,"827,688,824,395,125,383,508,463,541,278"
4500,10,False,False,0->0,,,,,16,1976,"83,777,757,680,593,669,182,174,929,831"
4502,10,False,False,0->0,,,,,16,1700,"210,49,146,568,459,769,545,338,817,887"
4503,10,False,False,0->0,,,,,16,2092,"216,208,501,985,738,388,110,418,33,139"
4504,10,False,False,0->0,,,,,16,1363,"792,378,714,865,267,467,833,460,476,148"
4505,10,False,False,0->0,,,,,16,1145,"828,991,833,352,642,711,182,680,519,765"
4506,10,False,False,0->0,,,,,16,1617,"67,563,986,168,547,748,635,917,205,794"
4507,10,False,False,0->0,,,,,16,2175,"254,216,204,884,970,343,397,669,451,475"
4508,10,False,False,0->0,,,,,16,1584,"662,985,816,254,22,942,861,130,868,618"
4510,10,False,False,0->0,,,,,16,2215,"700,332,108,233,52,313,631,421,736,380"
4511,10,False,False,0->0,,,,,16,1290,"750,67,689,724,128,924,396,1,481,322"
4512,10,False,False,0->0,,,,,16,815,"331,770,360,550,152,704,520,143,517,421"
4513,10,False,False,0->0,,,,,16,2022,"140,845,689,1,187,65,282,960,789,922"
4514,10,False,False,0->0,,,,,16,1553,"980,87,183,195,317,950,337,79,940,113"
4515,10,False,False,0->0,,,,,16,1960,"158,395,5,45,273,461,818,42,114,282"
4516,10,False,False,0->0,,,,,16,2326,"528,937,970,302,491,495,557,871,618,262"
4517,10,False,False,0->0,,,,,16,1616,"313,778,139,244,175,310,200,963,316,779"
4518,10,False,False,0->0,,,,,16,2252,"876,658,695,886,307,750,577,971,111,184"
4519,10,False,False,0->0,,,,,16,1369,"422,81,775,269,100,554,180,359,91,669"
4520,10,False,False,0->0,,,,,16,1134,"167,298,178,738,404,305,159,792,712,437"
4522,10,False,False,0->0,,,,,16,2052,"547,9,375,165,629,429,956,954,580,58"
4523,10,False,False,0->0,,,,,16,2226,"61,463,166,940,332,915,221,840,739,833"
4525,10,False,False,0->0,,,,,16,922,"65,335,269,850,308,583,814,919,265,966"
4526,10,False,False,0->0,,,,,16,2117,"983,741,269,254,314,739,120,186,822,485"
4527,10,False,False,0->0,,,,,16,2203,"632,878,697,629,711,754,769,79,624,876"
4528,10,False,False,0->0,,,,,16,851,"235,46,961,834,460,47,206,209,685,788"
4529,10,False,False,0->0,,,,,16,2868,"395,490,512,676,782,633,584,729,368,9"
4531,10,False,False,0->0,,,,,16,2438,"987,218,390,164,197,246,536,446,715,289"
4532,10,False,False,0->0,,,,,16,1651,"945,652,706,68,46,18,420,138,338,620"
4533,10,False,False,0->0,,,,,16,2224,"988,116,544,928,154,539,97,6,765,593"
4534,10,False,False,0->0,,,,,16,2254,"79,471,578,271,888,922,670,192,994,273"
4535,10,False,False,0->0,,,,,16,1703,"957,568,797,998,569,491,122,434,126,214"
4536,10,False,False,0->0,,,,,16,2551,"264,99,519,685,661,764,318,461,654,808"
4538,10,False,False,0->0,,,,,16,1813,"557,456,441,515,743,845,816,553,79,745"
4539,10,False,False,0->0,,,,,16,2125,"828,761,855,577,641,138,876,17,321,167"
4540,10,False,False,0->0,,,,,16,1842,"627,795,844,495,853,512,394,856,920,600"
4541,10,False,False,0->0,,,,,16,1495,"998,757,350,371,58,991,181,283,568,999"
4542,10,False,False,0->0,,,,,16,1819,"517,13,757,160,230,836,625,54,574,52"
4543,10,False,False,0->0,,,,,16,1451,"180,104,728,425,463,547,29,305,397,543"
4545,10,False,False,0->0,,,,,16,1099,"574,523,499,598,333,768,752,712,347,444"
4546,10,False,False,0->0,,,,,16,988,"537,690,347,774,957,13,390,649,293,605"
4550,10,False,False,0->0,,,,,16,1966,"269,993,814,703,302,824,674,479,657,60"
4551,10,False,False,0->0,,,,,16,1257,"42,29,414,279,477,316,798,485,555,708"
4555,10,False,False,0->0,,,,,16,1487,"688,225,780,121,616,680,98,669,342,320"
4556,10,False,False,0->0,,,,,16,986,"479,898,490,167,688,121,865,356,68,263"
4557,10,False,False,0->0,,,,,16,1338,"330,626,546,654,187,580,498,58,4,251"
4558,10,False,False,0->0,,,,,16,1657,"764,650,745,324,42,870,673,108,769,294"
4559,10,False,False,0->0,,,,,16,1794,"581,517,930,68,796,753,429,230,14,490"
4560,10,False,False,0->0,,,,,16,1202,"398,107,787,147,461,686,132,87,91,597"
4561,10,False,False,0->0,,,,,16,1704,"90,330,980,858,177,277,218,618,236,778"
4562,10,False,False,0->0,,,,,16,2297,"964,621,829,826,911,811,859,724,92,818"
4563,10,False,False,0->0,,,,,16,2136,"259,147,813,200,156,434,340,313,76,787"
4565,10,False,False,0->0,,,,,16,1775,"332,12,195,700,264,29,58,220,396,549"
4566,10,False,False,0->0,,,,,16,1859,"65,106,39,769,315,187,964,800,956,436"
4567,10,False,False,0->0,,,,,16,1566,"62,556,443,78,600,403,6,602,273,577"
4568,10,False,False,0->0,,,,,16,1347,"802,232,111,734,454,416,244,836,461,994"
4570,10,False,False,0->0,,,,,16,1649,"436,612,568,87,880,301,895,935,19,622"
4571,10,False,False,0->0,,,,,16,2197,"272,197,652,340,726,584,598,59,929,758"
4572,10,False,False,0->0,,,,,16,1238,"125,27,119,82,675,223,352,329,41,844"
4573,10,False,False,0->0,,,,,16,1505,"810,838,880,655,107,303,179,197,76,613"
4575,10,False,False,0->0,,,,,16,2163,"193,816,518,392,109,419,325,9,600,866"
4576,10,False,False,0->0,,,,,16,2007,"504,711,836,899,821,400,238,53,109,474"
4577,10,False,False,0->0,,,,,16,1664,"962,136,555,177,267,804,106,395,346,283"
4578,10,False,False,0->0,,,,,16,1277,"196,238,796,954,731,854,314,93,232,942"
4579,10,False,False,0->0,,,,,16,1137,"331,49,989,47,1,742,600,148,895,827"
4580,10,False,False,0->0,,,,,16,1019,"977,110,639,914,63,78,344,262,134,971"
4581,10,False,False,0->0,,,,,16,2002,"974,867,453,62,821,384,976,79,176,906"
4582,10,False,False,0->0,,,,,16,2195,"714,386,84,474,626,985,797,656,594,771"
4583,10,False,False,0->0,,,,,16,1086,"239,585,580,969,814,455,532,53,788,886"
4585,10,False,False,0->0,,,,,16,2046,"322,758,971,83,818,68,721,569,152,624"
4586,10,False,False,0->0,,,,,16,1938,"381,740,734,210,474,638,995,26,795,279"
4589,10,False,False,0->0,,,,,16,1771,"586,834,179,699,666,995,802,627,417,570"
4590,10,False,False,0->0,,,,,16,981,"851,924,848,585,813,754,725,760,982,299"
4591,10,False,False,0->0,,,,,16,1651,"808,40,14,9,483,650,598,878,832,262"
4592,10,False,False,0->0,,,,,16,1283,"692,751,977,158,350,486,949,452,978,228"
4593,10,False,False,0->0,,,,,16,1777,"532,696,297,749,508,767,919,557,363,564"
4594,10,False,False,0->0,,,,,16,917,"518,707,272,587,496,592,778,241,982,433"
4595,10,False,False,0->0,,,,,16,2095,"72,577,165,337,962,181,560,885,756,763"
4596,10,False,False,0->0,,,,,16,1227,"848,927,134,737,724,798,523,332,872,976"
4598,10,False,False,0->0,,,,,16,1745,"12,318,848,983,919,863,331,83,678,386"
4601,10,False,False,0->0,,,,,16,2231,"565,677,829,418,584,993,860,112,847,482"
4602,10,False,False,0->0,,,,,16,2232,"255,183,497,19,836,625,595,949,114,471"
4603,10,False,False,0->0,,,,,16,1612,"252,730,269,229,155,840,620,816,975,347"
4604,10,False,False,0->0,,,,,16,1310,"758,207,411,660,836,6,64,171,487,102"
4606,10,False,False,0->0,,,,,16,1044,"414,595,968,711,412,648,301,600,47,176"
4607,10,False,False,0->0,,,,,16,1132,"568,981,505,526,309,338,616,85,558,581"
4608,10,False,False,0->0,,,,,16,1198,"704,688,607,741,232,265,132,150,33,476"
4611,10,False,False,0->0,,,,,16,1862,"744,433,792,125,738,840,876,714,796,77"
4614,10,False,False,0->0,,,,,16,1988,"784,684,948,56,717,544,340,112,108,31"
4617,10,False,False,0->0,,,,,16,1976,"880,696,906,212,627,728,883,851,981,496"
4618,10,False,False,0->0,,,,,16,1188,"284,687,38,714,61,205,749,905,250,662"
4622,10,False,False,0->0,,,,,16,3227,"678,76,570,113,822,510,3,661,37,326"
4623,10,False,False,0->0,,,,,16,1801,"773,810,763,226,607,599,800,648,670,402"
4625,10,False,False,0->0,,,,,16,1696,"568,303,998,619,801,319,70,577,704,850"
4626,10,False,False,0->0,,,,,16,3325,"453,578,653,959,19,423,567,900,870,792"
4627,10,False,False,0->0,,,,,16,2302,"862,827,803,980,513,140,721,490,738,909"
4628,10,False,False,0->0,,,,,16,1386,"232,338,843,459,974,568,975,13,865,817"
4632,10,False,False,0->0,,,,,16,1320,"964,440,810,586,401,23,148,128,955,428"
4634,10,False,False,0->0,,,,,16,1704,"956,67,663,895,444,517,898,966,291,402"
4635,10,False,False,0->0,,,,,16,1686,"858,560,670,676,417,243,998,790,505,828"
4636,10,False,False,0->0,,,,,16,2447,"168,702,900,447,598,537,467,835,521,715"
4637,10,False,False,0->0,,,,,16,2064,"834,21,314,577,806,445,734,73,808,573"
4640,10,False,False,0->0,,,,,16,1601,"611,763,310,702,90,106,291,865,190,225"
4641,10,False,False,0->0,,,,,16,1256,"185,860,543,526,773,998,777,235,692,307"
4644,10,False,False,0->0,,,,,16,1863,"907,31,892,326,186,125,604,676,663,738"
4645,10,False,False,0->0,,,,,16,1106,"739,457,110,557,520,442,188,713,684,788"
4647,10,False,False,0->0,,,,,16,1471,"627,951,922,694,772,253,42,279,676,602"
4648,10,False,False,0->0,,,,,16,2040,"941,374,214,954,655,439,208,834,857,668"
4651,10,False,False,0->0,,,,,16,2515,"44,966,653,734,424,687,879,199,844,871"
4652,10,False,False,0->0,,,,,16,3058,"424,827,712,764,580,9,320,313,898,749"
4653,10,False,False,0->0,,,,,16,1208,"62,784,719,818,472,960,753,721,268,746"
4654,10,False,False,0->0,,,,,16,1130,"161,707,625,719,335,791,908,727,942,408"
4655,10,False,False,0->0,,,,,16,1341,"413,9,27,570,323,93,801,4,615,617"
4656,10,False,False,0->0,,,,,16,1042,"924,804,501,696,772,801,738,145,865,989"
4657,10,False,False,0->0,,,,,16,1683,"675,4,778,969,661,987,481,460,652,483"
4658,10,False,False,0->0,,,,,16,1375,"693,672,70,210,297,873,460,715,610,531"
4659,10,False,False,0->0,,,,,16,1970,"733,127,639,577,481,131,201,290,43,152"
4660,10,False,False,0->0,,,,,16,1494,"288,782,352,915,635,421,9,695,931,143"
4661,10,False,False,0->0,,,,,16,1604,"515,604,469,388,307,316,905,40,720,73"
4662,10,False,False,0->0,,,,,16,974,"522,93,333,646,994,86,926,158,907,597"
4664,10,False,False,0->0,,,,,16,1802,"290,714,777,315,837,87,312,501,285,403"
4665,10,False,False,0->0,,,,,16,1969,"419,942,98,45,317,993,513,476,648,673"
4666,10,False,False,0->0,,,,,16,1404,"900,410,211,451,804,426,317,554,401,386"
4667,10,False,False,0->0,,,,,16,1681,"355,715,913,488,494,200,524,389,567,817"
4668,10,False,False,0->0,,,,,16,2094,"342,717,740,810,366,528,773,699,429,242"
4669,10,False,False,0->0,,,,,16,1486,"416,302,122,491,893,277,863,310,696,597"
4670,10,False,False,0->0,,,,,16,1038,"783,347,689,8,61,624,722,393,120,243"
4672,10,False,False,0->0,,,,,16,1859,"321,27,683,343,438,19,670,241,86,389"
4673,10,False,False,0->0,,,,,16,1344,"391,867,942,266,650,853,87,655,248,122"
4674,10,False,False,0->0,,,,,16,2311,"23,273,943,168,852,822,395,156,459,507"
4675,10,False,False,0->0,,,,,16,1777,"818,150,120,884,834,201,76,666,197,3"
4676,10,False,False,0->0,,,,,16,2670,"358,627,908,375,252,416,544,176,989,320"
4679,10,False,False,0->0,,,,,16,1655,"956,93,504,759,383,591,229,778,753,546"
4681,10,False,False,0->0,,,,,16,1263,"581,498,677,547,134,513,424,402,243,877"
4682,10,False,False,0->0,,,,,16,851,"254,656,515,92,847,732,730,571,430,910"
4683,10,False,False,0->0,,,,,16,1062,"514,212,373,732,690,252,753,273,95,715"
4684,10,False,False,0->0,,,,,16,1618,"364,105,908,409,609,408,280,970,514,431"
4685,10,False,False,0->0,,,,,16,1432,"994,61,126,426,45,73,903,150,986,774"
4686,10,False,False,0->0,,,,,16,1429,"405,833,862,67,265,18,8,955,922,373"
4687,10,False,False,0->0,,,,,16,2675,"78,536,109,966,876,79,205,740,208,877"
4688,10,False,False,0->0,,,,,16,1122,"401,903,933,420,352,581,428,208,205,278"
4691,10,False,False,0->0,,,,,16,1131,"315,602,212,618,513,555,957,392,187,565"
4692,10,False,False,0->0,,,,,16,1853,"158,136,344,439,924,245,150,721,776,85"
4693,10,False,False,0->0,,,,,16,2385,"443,776,588,536,655,473,971,235,116,239"
4694,10,False,False,0->0,,,,,16,910,"656,224,161,522,778,416,920,305,935,473"
4696,10,False,False,0->0,,,,,16,2748,"72,107,834,590,510,871,821,140,528,314"
4697,10,False,False,0->0,,,,,16,1577,"715,554,385,998,902,60,966,725,389,160"
4698,10,False,False,0->0,,,,,16,2627,"165,497,679,180,216,805,797,144,60,764"
4699,10,False,False,0->0,,,,,16,1724,"506,827,603,708,508,385,621,838,719,594"
4700,10,False,False,0->0,,,,,16,1703,"762,189,908,606,746,655,604,836,364,667"
4701,10,False,False,0->0,,,,,16,2086,"973,231,958,24,198,62,956,959,12,36"
4702,10,False,False,0->0,,,,,16,1827,"962,101,802,685,488,50,207,699,751,441"
4704,10,False,False,0->0,,,,,16,1137,"368,919,752,725,15,801,59,868,288,401"
4706,10,False,False,0->0,,,,,16,1314,"407,477,90,754,12,980,731,944,756,597"
4707,10,False,False,0->0,,,,,16,1613,"906,765,637,837,948,853,565,315,774,504"
4708,10,False,False,0->0,,,,,16,1521,"572,469,172,375,814,305,911,806,646,763"
4709,10,False,False,0->0,,,,,16,1073,"122,732,321,564,43,530,408,309,31,956"
4710,10,False,False,0->0,,,,,16,1884,"977,607,606,785,927,911,388,179,956,673"
4711,10,False,False,0->0,,,,,16,2092,"518,962,829,187,755,850,948,105,938,980"
4712,10,False,False,0->0,,,,,16,1443,"650,572,212,41,337,455,772,725,375,597"
4715,10,False,False,0->0,,,,,16,906,"711,440,818,4,42,656,49,832,218,534"
4717,10,False,False,0->0,,,,,16,1005,"497,376,223,742,728,107,783,952,934,231"
4718,10,False,False,0->0,,,,,16,1084,"209,855,492,165,575,43,580,382,422,762"
4719,10,False,False,0->0,,,,,16,2070,"457,872,364,301,590,265,723,575,416,728"
4720,10,False,False,0->0,,,,,16,1890,"941,547,623,883,266,278,48,253,137,858"
4721,10,False,False,0->0,,,,,16,1201,"518,308,989,416,79,443,205,53,265,903"
4722,10,False,False,0->0,,,,,16,2009,"785,879,824,770,473,834,653,79,517,656"
4723,10,False,False,0->0,,,,,16,1845,"140,527,900,144,211,768,752,677,510,323"
4724,10,False,False,0->0,,,,,16,934,"694,695,650,276,398,966,167,323,43,455"
4726,10,False,False,0->0,,,,,16,1037,"417,212,951,818,294,541,908,767,811,804"
4727,10,False,False,0->0,,,,,16,1576,"883,277,872,966,6,317,93,83,790,72"
4729,10,False,False,0->0,,,,,16,1367,"420,331,634,884,104,568,692,845,810,836"
4730,10,False,False,0->0,,,,,16,959,"74,451,352,572,455,943,789,243,708,279"
4732,10,False,False,0->0,,,,,16,1571,"840,242,915,96,246,72,402,614,861,458"
4733,10,False,False,0->0,,,,,16,1564,"173,739,235,656,710,401,385,53,72,759"
4734,10,False,False,0->0,,,,,16,1764,"938,658,792,794,756,103,831,919,905,419"
4736,10,False,False,0->0,,,,,16,2159,"463,795,320,154,994,112,875,508,202,612"
4738,10,False,False,0->0,,,,,16,1543,"294,639,178,152,750,813,41,395,911,868"
4739,10,False,False,0->0,,,,,16,1159,"736,572,794,146,774,508,54,371,254,79"
4740,10,False,False,0->0,,,,,16,2440,"255,762,963,186,966,266,284,964,264,849"
4741,10,False,False,0->0,,,,,16,2387,"972,284,828,52,259,735,436,308,187,824"
4742,10,False,False,0->0,,,,,16,1938,"260,495,211,443,9,226,992,930,400,746"
4743,10,False,False,0->0,,,,,16,1696,"72,110,536,600,21,363,158,933,82,982"
4744,10,False,False,0->0,,,,,16,2046,"140,826,359,729,41,17,297,748,810,105"
4747,10,False,False,0->0,,,,,16,765,"287,98,184,394,565,817,352,500,534,69"
4748,10,False,False,0->0,,,,,16,1411,"660,67,383,924,518,756,132,162,775,583"
4750,10,False,False,0->0,,,,,16,793,"444,565,720,369,74,356,101,178,898,205"
4751,10,False,False,0->0,,,,,16,946,"49,17,742,589,244,970,958,755,202,126"
4752,10,False,False,0->0,,,,,16,1769,"731,492,700,523,84,56,90,805,278,68"
4755,10,False,False,0->0,,,,,16,2163,"363,316,423,732,595,742,264,552,610,302"
4756,10,False,False,0->0,,,,,16,871,"783,718,250,541,743,276,968,768,868,137"
4759,10,False,False,0->0,,,,,16,1718,"176,387,855,829,494,188,548,867,82,62"
4760,10,False,False,0->0,,,,,16,1016,"770,978,684,545,403,161,253,54,51,970"
4762,10,False,False,0->0,,,,,16,2555,"84,893,304,569,411,905,599,781,190,388"
4765,10,False,False,0->0,,,,,16,950,"810,332,236,420,310,555,493,139,48,283"
4768,10,False,False,0->0,,,,,16,2037,"255,206,830,863,873,584,171,486,960,145"
4769,10,False,False,0->0,,,,,16,1126,"250,330,411,456,523,891,287,902,898,102"
4770,10,False,False,0->0,,,,,16,1358,"205,756,828,640,269,19,614,20,813,305"
4771,10,False,False,0->0,,,,,16,1713,"420,9,689,593,81,842,605,877,374,634"
4773,10,False,False,0->0,,,,,16,1588,"813,605,91,566,688,968,122,15,877,976"
4774,10,False,False,0->0,,,,,16,1572,"633,739,21,169,770,947,130,905,858,945"
4775,10,False,False,0->0,,,,,16,1567,"142,499,520,46,388,528,340,705,293,490"
4776,10,False,False,0->0,,,,,16,1241,"712,804,704,736,25,955,911,188,203,620"
4777,10,False,False,0->0,,,,,16,1667,"330,840,440,695,4,630,360,301,739,21"
4779,10,False,False,0->0,,,,,16,909,"720,957,360,716,541,769,862,182,778,877"
4781,10,False,False,0->0,,,,,16,1946,"933,279,624,101,136,508,826,914,120,868"
4782,10,False,False,0->0,,,,,16,485,"527,836,862,108,798,263,29,398,981,179"
4785,10,False,False,0->0,,,,,16,1507,"702,515,748,448,779,975,467,355,690,441"
4786,10,False,False,0->0,,,,,16,1947,"575,652,524,116,619,931,199,871,167,262"
4787,10,False,False,0->0,,,,,16,1633,"356,299,81,746,280,789,17,726,522,424"
4788,10,False,False,0->0,,,,,16,1243,"109,266,978,961,362,615,653,190,646,243"
4789,10,False,False,0->0,,,,,16,1676,"878,658,412,270,919,777,770,761,779,395"
4790,10,False,False,0->0,,,,,16,2515,"831,966,826,637,109,798,196,897,858,326"
4791,10,False,False,0->0,,,,,16,1380,"407,400,369,733,360,554,289,496,892,246"
4792,10,False,False,0->0,,,,,16,1469,"110,743,512,801,181,297,131,121,802,483"
4793,10,False,False,0->0,,,,,16,1844,"589,119,210,667,811,814,643,374,999,14"
4795,10,False,False,0->0,,,,,16,1223,"843,49,769,106,276,705,433,968,413,358"
4796,10,False,False,0->0,,,,,16,1012,"775,357,489,957,6,330,705,208,338,404"
4797,10,False,False,0->0,,,,,16,1523,"650,21,477,142,594,782,379,57,697,705"
4799,10,False,False,0->0,,,,,16,1441,"565,650,6,77,400,661,877,474,7,731"
4800,10,False,False,0->0,,,,,16,1156,"709,723,972,743,439,768,397,494,187,248"
4801,10,False,False,0->0,,,,,16,871,"672,124,305,214,59,117,253,279,656,53"
4802,10,False,False,0->0,,,,,16,876,"387,589,815,445,986,927,621,736,606,677"
4803,10,False,False,0->0,,,,,16,928,"940,287,689,235,668,78,1000,14,649,560"
4804,10,False,False,0->0,,,,,16,1680,"573,713,458,611,163,601,938,743,642,106"
4805,10,False,False,0->0,,,,,16,1092,"411,558,879,506,791,142,316,836,583,414"
4806,10,False,False,0->0,,,,,16,1921,"688,100,133,623,604,90,627,602,887,884"
4809,10,False,False,0->0,,,,,16,1829,"460,522,388,477,942,895,968,64,768,634"
4812,10,False,False,0->0,,,,,16,2271,"823,440,549,652,36,920,855,146,482,368"
4813,10,False,False,0->0,,,,,16,587,"926,469,727,755,931,752,838,242,778,875"
4814,10,False,False,0->0,,,,,16,1995,"822,120,778,132,90,265,535,114,217,914"
4816,10,False,False,0->0,,,,,16,1779,"13,523,82,420,364,374,471,739,534,244"
4817,10,False,False,0->0,,,,,16,1509,"164,670,960,440,150,817,310,98,512,358"
4818,10,False,False,0->0,,,,,16,993,"274,949,538,517,319,656,141,570,765,708"
4819,10,False,False,0->0,,,,,16,1868,"315,710,758,197,637,442,534,852,526,312"
4820,10,False,False,0->0,,,,,16,1345,"834,86,207,589,572,686,614,342,527,880"
4822,10,False,False,0->0,,,,,16,1161,"122,677,933,523,33,42,152,700,586,534"
4823,10,False,False,0->0,,,,,16,1901,"793,410,586,287,321,431,716,444,104,826"
4824,10,False,False,0->0,,,,,16,1961,"265,663,17,824,52,59,758,633,182,485"
4825,10,False,False,0->0,,,,,16,787,"541,263,314,599,146,209,714,543,222,269"
4826,10,False,False,0->0,,,,,16,1688,"897,187,206,911,445,700,651,97,130,935"
4827,10,False,False,0->0,,,,,16,1530,"672,684,957,828,528,974,475,98,969,431"
4831,10,False,False,0->0,,,,,16,1421,"386,112,830,457,874,454,418,396,33,346"
4833,10,False,False,0->0,,,,,16,1434,"570,640,303,739,32,379,817,13,52,938"
4834,10,False,False,0->0,,,,,16,1910,"152,265,221,159,38,652,945,192,388,303"
4835,10,False,False,0->0,,,,,16,1371,"54,655,987,862,498,76,537,299,434,187"
4836,10,False,False,0->0,,,,,16,2121,"549,998,891,279,900,927,111,619,185,935"
4838,10,False,False,0->0,,,,,16,1246,"136,969,410,568,527,465,948,755,958,476"
4841,10,False,False,0->0,,,,,16,1514,"477,57,634,463,189,254,860,592,418,714"
4842,10,False,False,0->0,,,,,16,1076,"128,742,376,233,610,454,412,7,503,521"
4843,10,False,False,0->0,,,,,16,1635,"751,903,84,619,982,727,660,774,640,267"
4844,10,False,False,0->0,,,,,16,1519,"643,267,600,642,728,127,711,903,774,727"
4845,10,False,False,0->0,,,,,16,1382,"233,259,403,810,487,428,430,526,249,556"
4846,10,False,False,0->0,,,,,16,1748,"787,750,966,906,289,337,926,983,974,181"
4847,10,False,False,0->0,,,,,16,1360,"225,78,331,460,849,744,986,453,69,635"
4848,10,False,False,0->0,,,,,16,1932,"166,335,657,423,363,179,201,249,356,144"
4849,10,False,False,0->0,,,,,16,1696,"919,22,569,212,238,906,974,132,267,409"
4850,10,False,False,0->0,,,,,16,944,"97,978,329,530,224,558,244,2,247,905"
4851,10,False,False,0->0,,,,,16,1851,"5,544,552,752,6,195,779,429,584,902"
4852,10,False,False,0->0,,,,,16,1461,"614,779,253,429,68,417,832,892,389,142"
4853,10,False,False,0->0,,,,,16,1859,"788,756,617,200,310,113,494,293,29,19"
4854,10,False,False,0->0,,,,,16,1909,"50,958,963,678,301,412,204,694,858,699"
4855,10,False,False,0->0,,,,,16,940,"524,530,905,15,169,185,793,832,892,768"
4856,10,False,False,0->0,,,,,16,1572,"214,890,109,291,472,390,953,757,433,851"
4857,10,False,False,0->0,,,,,16,1268,"284,82,468,934,872,212,384,288,709,413"
4858,10,False,False,0->0,,,,,16,1504,"736,225,621,844,654,601,768,259,12,182"
4859,10,False,False,0->0,,,,,16,1923,"174,857,581,759,316,229,669,132,630,988"
4860,10,False,False,0->0,,,,,16,1682,"504,85,634,226,890,672,43,800,299,31"
4861,10,False,False,0->0,,,,,16,968,"943,416,74,384,57,771,977,920,902,679"
4862,10,False,False,0->0,,,,,16,1330,"177,284,445,220,401,505,247,402,181,473"
4865,10,False,False,0->0,,,,,16,2035,"710,109,50,575,582,974,549,757,788,238"
4867,10,False,False,0->0,,,,,16,2179,"200,517,36,885,988,389,999,199,233,81"
4868,10,False,False,0->0,,,,,16,1883,"120,12,667,411,116,82,847,221,987,660"
4869,10,False,False,0->0,,,,,16,2098,"500,436,738,796,538,595,419,874,425,851"
4871,10,False,False,0->0,,,,,16,1622,"324,111,393,615,623,948,599,252,968,793"
4872,10,False,False,0->0,,,,,16,1178,"764,725,142,80,475,911,446,382,206,352"
4873,10,False,False,0->0,,,,,16,1257,"373,988,437,743,609,555,398,436,356,844"
4877,10,False,False,0->0,,,,,16,1869,"73,314,492,156,800,87,408,680,837,921"
4881,10,False,False,0->0,,,,,16,1683,"583,998,37,27,250,884,942,409,319,94"
4882,10,False,False,0->0,,,,,16,2003,"680,472,723,797,387,1000,750,201,495,174"
4883,10,False,False,0->0,,,,,16,2657,"752,565,700,626,974,954,15,284,908,312"
4886,10,False,False,0->0,,,,,16,1287,"195,679,555,651,401,270,953,745,616,365"
4887,10,False,False,0->0,,,,,16,779,"709,429,605,704,124,757,530,878,642,736"
4889,10,False,False,0->0,,,,,16,2071,"536,734,706,973,97,37,713,763,209,814"
4890,10,False,False,0->0,,,,,16,1960,"452,65,689,395,542,49,993,511,476,626"
4892,10,False,False,0->0,,,,,16,1199,"855,32,109,176,262,842,266,463,771,878"
4893,10,False,False,0->0,,,,,16,1865,"926,585,378,874,36,117,347,239,87,580"
4894,10,False,False,0->0,,,,,16,2438,"326,372,640,928,900,755,451,956,320,855"
4896,10,False,False,0->0,,,,,16,1542,"737,786,157,414,145,378,631,756,142,463"
4897,10,False,False,0->0,,,,,16,1128,"878,49,582,892,137,272,254,294,902,830"
4898,10,False,False,0->0,,,,,16,1592,"957,522,779,463,847,63,81,589,143,329"
4901,10,False,False,0->0,,,,,16,1109,"424,572,110,890,853,393,235,721,993,498"
4903,10,False,False,0->0,,,,,16,1269,"764,40,573,20,416,223,401,53,860,176"
4904,10,False,False,0->0,,,,,16,1688,"874,72,333,723,983,554,285,762,161,534"
4906,10,False,False,0->0,,,,,16,2062,"257,125,822,689,166,333,831,522,124,38"
4907,10,False,False,0->0,,,,,16,2367,"515,239,663,364,699,189,900,614,408,833"
4908,10,False,False,0->0,,,,,16,1008,"873,173,179,648,908,32,697,443,244,884"
4909,10,False,False,0->0,,,,,16,1881,"800,46,195,342,468,73,226,689,143,785"
4910,10,False,False,0->0,,,,,16,1457,"88,857,393,667,507,982,287,344,7,688"
4911,10,False,False,0->0,,,,,16,1118,"214,902,212,146,499,789,222,817,750,429"
4914,10,False,False,0->0,,,,,16,2142,"158,706,582,447,187,211,43,685,140,718"
4915,10,False,False,0->0,,,,,16,2176,"304,388,232,14,928,512,15,773,922,720"
4917,10,False,False,0->0,,,,,16,1121,"568,347,830,541,224,670,760,332,685,994"
4918,10,False,False,0->0,,,,,16,1285,"959,883,858,180,949,207,454,501,12,126"
4921,10,False,False,0->0,,,,,16,2181,"207,537,314,54,88,3,640,114,704,164"
4922,10,False,False,0->0,,,,,16,1359,"269,122,278,37,630,623,552,898,963,719"
4924,10,False,False,0->0,,,,,16,882,"434,86,285,742,78,2,195,41,205,322"
4926,10,False,False,0->0,,,,,16,1384,"481,131,277,719,312,521,991,487,443,448"
4929,10,False,False,0->0,,,,,16,1026,"821,465,116,866,492,391,753,978,331,119"
4930,10,False,False,0->0,,,,,16,2388,"635,592,109,100,50,438,291,108,350,253"
4932,10,False,False,0->0,,,,,16,1261,"890,161,908,320,950,277,891,759,73,347"
4933,10,False,False,0->0,,,,,16,1644,"612,27,629,225,930,134,178,797,145,956"
4934,10,False,False,0->0,,,,,16,1651,"850,12,475,241,218,954,267,141,3,455"
4935,10,False,False,0->0,,,,,16,2444,"816,19,467,974,782,981,726,600,597,426"
4936,10,False,False,0->0,,,,,16,1083,"895,136,461,642,886,957,20,272,801,688"
4937,10,False,False,0->0,,,,,16,1484,"393,718,252,722,784,269,392,453,683,582"
4938,10,False,False,0->0,,,,,16,1859,"357,171,623,700,438,909,642,949,160,755"
4939,10,False,False,0->0,,,,,16,1462,"979,989,383,709,463,510,995,603,774,653"
4940,10,False,False,0->0,,,,,16,958,"243,588,797,445,787,451,763,474,331,813"
4941,10,False,False,0->0,,,,,16,698,"212,538,42,543,560,322,99,316,814,929"
4942,10,False,False,0->0,,,,,16,909,"855,397,418,885,86,786,762,382,293,231"
4943,10,False,False,0->0,,,,,16,1696,"384,994,230,246,201,722,711,910,468,707"
4944,10,False,False,0->0,,,,,16,1782,"874,976,896,201,94,446,981,851,571,970"
4945,10,False,False,0->0,,,,,16,2254,"950,108,491,147,9,660,468,659,455,104"
4946,10,False,False,0->0,,,,,16,1673,"263,38,460,428,131,51,124,452,387,19"
4947,10,False,False,0->0,,,,,16,961,"205,40,106,362,510,460,330,444,961,621"
4949,10,False,False,0->0,,,,,16,2171,"733,210,798,803,615,683,88,650,132,8"
4950,10,False,False,0->0,,,,,16,1868,"844,570,18,165,359,315,264,325,218,524"
4954,10,False,False,0->0,,,,,16,2916,"789,873,175,110,88,174,886,274,544,388"
4955,10,False,False,0->0,,,,,16,1397,"309,929,514,948,722,842,674,136,531,195"
4957,10,False,False,0->0,,,,,16,1454,"781,430,716,913,767,582,146,267,538,304"
4958,10,False,False,0->0,,,,,16,616,"794,551,707,332,4,944,307,120,212,314"
4959,10,False,False,0->0,,,,,16,2083,"794,140,872,612,636,801,338,716,680,874"
4960,10,False,False,0->0,,,,,16,2040,"900,225,260,643,571,524,617,798,880,340"
4961,10,False,False,0->0,,,,,16,859,"537,565,60,676,220,87,468,902,133,506"
4965,10,False,False,0->0,,,,,16,1167,"386,199,304,852,451,468,192,721,662,575"
4966,10,False,False,0->0,,,,,16,2249,"440,52,800,236,380,386,959,93,370,368"
4967,10,False,False,0->0,,,,,16,1988,"915,190,999,892,17,419,564,355,411,569"
4968,10,False,False,0->0,,,,,16,1512,"9,801,203,798,229,204,862,506,431,911"
4969,10,False,False,0->0,,,,,16,1010,"475,582,695,226,588,842,994,564,674,265"
4971,10,False,False,0->0,,,,,16,2331,"537,157,847,543,221,937,411,782,38,880"
4973,10,False,False,0->0,,,,,16,2249,"590,244,421,895,672,381,438,68,79,661"
4974,10,False,False,0->0,,,,,16,2669,"298,184,3,55,333,979,960,513,976,350"
4975,10,False,False,0->0,,,,,16,2775,"542,952,366,84,456,927,135,780,235,651"
4976,10,False,False,0->0,,,,,16,1411,"231,803,102,845,356,524,792,65,214,352"
4978,10,False,False,0->0,,,,,16,1133,"272,730,305,741,947,760,152,919,324,346"
4980,10,False,False,0->0,,,,,16,1721,"195,743,844,898,750,555,230,44,943,86"
4981,10,False,False,0->0,,,,,16,1037,"937,410,755,635,956,983,634,673,46,18"
4982,10,False,False,0->0,,,,,16,1483,"298,601,74,724,141,517,245,463,53,695"
4983,10,False,False,0->0,,,,,16,2352,"431,169,547,651,871,262,511,587,301,372"
4984,10,False,False,0->0,,,,,16,1098,"982,176,62,788,622,530,329,937,842,51"
4985,10,False,False,0->0,,,,,16,1546,"922,366,771,61,672,893,959,416,570,248"
4986,10,False,False,0->0,,,,,16,2092,"95,459,577,33,837,733,666,800,420,852"
4991,10,False,False,0->0,,,,,16,1248,"758,759,724,783,141,794,110,789,971,316"
4992,10,False,False,0->0,,,,,16,1475,"933,382,273,40,182,187,99,188,293,623"
4994,10,False,False,0->0,,,,,16,1125,"722,581,327,641,421,26,154,214,806,271"
4996,10,False,False,0->0,,,,,16,1848,"794,594,521,261,767,855,759,117,974,424"
4997,10,False,False,0->0,,,,,16,2051,"198,189,146,974,74,333,197,937,5,695"
4998,10,False,False,0->0,,,,,16,2409,"685,408,822,1,952,988,174,206,356,224"
5001,10,False,False,0->0,,,,,16,1837,"995,19,343,833,247,970,646,401,749,575"
5002,10,False,False,0->0,,,,,16,1315,"434,520,530,539,225,610,697,666,376,723"
5003,10,False,False,0->0,,,,,16,1938,"343,430,248,312,417,565,302,439,745,533"
5005,10,False,False,0->0,,,,,16,1452,"257,309,314,81,673,327,989,132,549,95"
5007,10,False,False,0->0,,,,,16,1462,"374,637,868,315,993,17,166,891,924,814"
5008,10,False,False,0->0,,,,,16,1366,"401,203,148,970,64,526,45,294,764,242"
5010,10,False,False,0->0,,,,,16,1644,"752,883,956,209,342,666,357,865,395,714"
5011,10,False,False,0->0,,,,,16,1582,"185,510,418,94,318,706,954,238,93,74"
5012,10,False,False,0->0,,,,,16,1515,"404,573,218,143,614,15,202,982,392,686"
5013,10,False,False,0->0,,,,,16,2570,"973,777,678,971,824,338,883,880,736,713"
5014,10,False,False,0->0,,,,,16,2277,"221,951,880,135,471,447,695,64,585,556"
5016,10,False,False,0->0,,,,,16,1660,"285,684,370,531,643,937,455,81,969,593"
5017,10,False,False,0->0,,,,,16,1528,"400,93,60,47,64,768,607,952,156,773"
5019,10,False,False,0->0,,,,,16,2289,"588,453,93,284,166,459,225,456,506,197"
5021,10,False,False,0->0,,,,,16,1310,"933,721,951,59,198,837,985,82,873,941"
5023,10,False,False,0->0,,,,,16,1478,"840,274,26,298,754,795,765,520,830,241"
5024,10,False,False,0->0,,,,,16,1537,"446,364,479,19,445,715,285,853,333,720"
5025,10,False,False,0->0,,,,,16,2204,"514,206,230,391,362,474,618,24,802,417"
5026,10,False,False,0->0,,,,,16,1266,"251,879,705,885,235,441,318,8,707,602"
5027,10,False,False,0->0,,,,,16,1839,"568,611,161,942,392,494,276,428,975,157"
5028,10,False,False,0->0,,,,,16,1698,"181,555,503,318,189,186,81,748,940,157"
5033,10,False,False,0->0,,,,,16,2205,"607,578,970,969,193,971,383,638,147,506"
5034,10,False,False,0->0,,,,,16,1210,"155,206,775,674,959,578,108,975,446,53"
5035,10,False,False,0->0,,,,,16,1069,"612,60,278,44,545,460,401,396,716,734"
5037,10,False,False,0->0,,,,,16,2475,"908,457,162,620,651,21,302,381,570,652"
5038,10,False,False,0->0,,,,,16,1235,"724,774,82,469,928,48,437,867,597,521"
5040,10,False,False,0->0,,,,,16,2470,"309,962,332,811,70,607,73,940,871,534"
5041,10,False,False,0->0,,,,,16,2860,"840,455,92,991,175,363,883,421,119,987"
5042,10,False,False,0->0,,,,,16,1510,"3,722,333,818,374,180,60,494,860,612"
5043,10,False,False,0->0,,,,,16,1848,"597,617,467,554,158,422,746,350,898,92"
5044,10,False,False,0->0,,,,,16,2343,"474,858,326,298,429,745,342,530,544,142"
5048,10,False,False,0->0,,,,,16,1143,"446,694,49,333,653,489,16,677,828,439"
5049,10,False,False,0->0,,,,,16,703,"481,985,108,920,154,539,670,895,415,993"
5052,10,False,False,0->0,,,,,16,991,"176,794,930,528,265,697,600,372,50,580"
5053,10,False,False,0->0,,,,,16,1286,"984,422,651,164,547,857,856,212,214,177"
5055,10,False,False,0->0,,,,,16,1697,"21,852,229,193,558,597,843,758,483,255"
5056,10,False,False,0->0,,,,,16,1502,"290,570,42,131,128,434,542,953,40,806"
5057,10,False,False,0->0,,,,,16,723,"707,317,233,297,408,798,613,384,922,13"
5058,10,False,False,0->0,,,,,16,1497,"574,37,84,649,984,729,327,53,609,893"
5059,10,False,False,0->0,,,,,16,1368,"382,261,891,902,325,942,415,950,535,737"
5060,10,False,False,0->0,,,,,16,1574,"143,938,784,5,192,920,179,858,290,711"
5064,10,False,False,0->0,,,,,16,2083,"247,365,64,350,981,154,50,877,392,319"
5066,10,False,False,0->0,,,,,12,2010,"546,179,974,485,953,22,535,944,534,761"
5067,10,False,False,0->0,,,,,16,1884,"575,535,247,778,383,827,21,321,915,633"
5068,10,False,False,0->0,,,,,16,2472,"900,622,506,659,333,163,937,218,526,65"
5069,10,False,False,0->0,,,,,16,1644,"648,955,587,388,134,314,93,132,674,322"
5070,10,False,False,0->0,,,,,16,1505,"416,47,335,574,635,165,667,765,753,738"
5071,10,False,False,0->0,,,,,16,2777,"928,165,876,569,960,87,667,853,828,205"
5072,10,False,False,0->0,,,,,16,2171,"930,379,823,332,241,619,384,874,181,615"
5073,10,False,False,0->0,,,,,16,1234,"70,270,108,685,91,648,342,206,50,278"
5074,10,False,False,0->0,,,,,16,2194,"795,802,699,182,488,706,552,117,23,533"
5075,10,False,False,0->0,,,,,16,1566,"42,321,700,428,985,731,574,788,146,678"
5076,10,False,False,0->0,,,,,16,913,"280,37,77,391,282,514,442,305,859,69"
5077,10,False,False,0->0,,,,,16,765,"985,552,266,597,970,534,134,212,560,92"
5078,10,False,False,0->0,,,,,16,1621,"755,658,603,72,384,324,325,627,330,392"
5079,10,False,False,0->0,,,,,16,1308,"680,541,109,81,547,457,95,251,519,492"
5081,10,False,False,0->0,,,,,16,1788,"672,668,173,320,142,91,117,332,533,979"
5084,10,False,False,0->0,,,,,16,1062,"528,832,550,357,688,909,986,218,446,262"
5085,10,False,False,0->0,,,,,16,1812,"169,355,860,304,587,359,388,973,551,683"
5086,10,False,False,0->0,,,,,16,1470,"175,41,770,933,64,951,200,249,847,808"
5088,10,False,False,0->0,,,,,16,2965,"54,165,848,291,913,404,230,751,974,226"
5089,10,False,False,0->0,,,,,16,537,"384,775,616,830,707,751,944,422,702,791"
5090,10,False,False,0->0,,,,,16,1189,"476,585,668,696,344,267,929,619,573,734"
5091,10,False,False,0->0,,,,,16,2439,"748,289,501,467,662,422,735,305,883,72"
5092,10,False,False,0->0,,,,,16,1649,"789,209,86,757,291,888,724,99,797,573"
5093,10,False,False,0->0,,,,,16,1760,"720,861,431,582,26,729,261,557,488,517"
5094,10,False,False,0->0,,,,,16,1280,"692,668,521,94,750,455,679,274,573,585"
5095,10,False,False,0->0,,,,,16,2690,"619,316,703,229,632,584,874,144,567,41"
5097,10,False,False,0->0,,,,,16,2344,"783,481,465,863,725,746,3,375,378,721"
5098,10,False,False,0->0,,,,,16,2218,"959,130,616,262,197,288,934,508,584,368"
5099,10,False,False,0->0,,,,,16,1710,"729,764,145,37,225,414,477,854,203,249"
5101,10,False,False,0->0,,,,,16,1779,"518,880,169,773,476,45,183,930,785,31"
5102,10,False,False,0->0,,,,,16,1848,"350,233,854,270,18,821,195,291,526,769"
5103,10,False,False,0->0,,,,,16,1506,"984,720,680,136,147,124,262,779,769,574"
5105,10,False,False,0->0,,,,,16,1486,"828,452,630,226,973,852,487,469,261,673"
5106,10,False,False,0->0,,,,,16,2559,"987,902,150,849,36,668,195,1,471,214"
5107,10,False,False,0->0,,,,,16,1263,"926,774,430,375,459,762,224,506,641,730"
5108,10,False,False,0->0,,,,,16,1883,"291,999,687,62,617,896,582,185,734,859"
5109,10,False,False,0->0,,,,,16,1396,"828,662,385,193,740,409,565,145,208,765"
5110,10,False,False,0->0,,,,,16,2148,"29,217,543,706,797,896,171,716,481,564"
5114,10,False,False,0->0,,,,,16,1602,"161,5,247,855,317,568,629,577,548,417"
5115,10,False,False,0->0,,,,,16,1177,"607,347,599,878,801,774,190,572,233,299"
5117,10,False,False,0->0,,,,,16,1958,"800,940,168,172,137,459,759,25,130,748"
5121,10,False,False,0->0,,,,,16,1326,"958,517,844,713,808,969,176,90,500,182"
5123,10,False,False,0->0,,,,,16,1774,"415,452,991,695,216,522,740,960,60,104"
5124,10,False,False,0->0,,,,,16,1603,"141,811,31,243,531,467,340,558,388,702"
5126,10,False,False,0->0,,,,,16,1713,"975,537,44,485,503,888,276,194,719,551"
5127,10,False,False,0->0,,,,,16,1356,"459,252,472,46,39,86,902,514,283,785"
5128,10,False,False,0->0,,,,,16,1692,"624,616,181,440,465,776,394,823,580,507"
5129,10,False,False,0->0,,,,,16,1991,"686,737,245,626,943,999,623,204,928,708"
5131,10,False,False,0->0,,,,,16,1540,"980,770,586,627,774,604,93,949,251,124"
5132,10,False,False,0->0,,,,,16,1773,"802,304,278,36,895,87,18,688,588,78"
5133,10,False,False,0->0,,,,,16,1855,"112,610,829,324,521,106,582,834,87,893"
5134,10,False,False,0->0,,,,,16,989,"574,957,716,86,331,261,70,954,222,90"
5135,10,False,False,0->0,,,,,16,2218,"222,437,276,419,603,633,731,29,871,550"
5137,10,False,False,0->0,,,,,16,1921,"51,691,208,178,284,813,45,327,518,607"
5138,10,False,False,0->0,,,,,16,2002,"871,797,294,624,34,697,384,167,521,719"
5139,10,False,False,0->0,,,,,16,1521,"714,410,621,765,96,243,719,980,476,928"
5140,10,False,False,0->0,,,,,16,2315,"735,523,591,150,574,226,764,384,329,585"
5142,10,False,False,0->0,,,,,16,1208,"337,933,907,715,417,82,93,114,416,507"
5143,10,False,False,0->0,,,,,16,1110,"642,183,473,732,649,533,254,674,914,474"
5144,10,False,False,0->0,,,,,16,2378,"469,447,726,582,724,313,48,467,896,483"
5145,10,False,False,0->0,,,,,16,1158,"122,8,312,107,699,947,507,199,31,45"
5146,10,False,False,0->0,,,,,16,1812,"299,853,499,880,452,411,382,697,277,693"
5147,10,False,False,0->0,,,,,16,2612,"735,891,313,116,874,18,517,514,934,966"
5148,10,False,False,0->0,,,,,16,1195,"355,818,423,370,277,911,953,546,167,235"
5149,10,False,False,0->0,,,,,16,1784,"218,139,274,937,633,902,350,145,911,653"
5150,10,False,False,0->0,,,,,16,1328,"792,948,189,992,506,60,745,94,261,627"
5151,10,False,False,0->0,,,,,16,1037,"837,538,630,394,212,870,648,586,398,816"
5153,10,False,False,0->0,,,,,16,2008,"821,248,826,833,528,467,658,896,778,452"
5154,10,False,False,0->0,,,,,16,1065,"489,117,515,265,308,851,658,646,168,837"
5155,10,False,False,0->0,,,,,16,1417,"415,382,383,165,885,771,566,90,950,452"
5157,10,False,False,0->0,,,,,16,2427,"657,538,203,157,677,13,827,493,673,910"
5158,10,False,False,0->0,,,,,16,1852,"893,309,126,821,494,376,421,924,640,578"
5160,10,False,False,0->0,,,,,16,1357,"473,587,711,46,383,224,285,112,398,585"
5161,10,False,False,0->0,,,,,16,1591,"340,857,310,307,512,147,342,177,693,660"
5162,10,False,False,0->0,,,,,16,1755,"928,739,396,527,448,883,589,262,446,206"
5163,10,False,False,0->0,,,,,16,2780,"430,352,467,221,383,735,330,455,482,437"
5165,10,False,False,0->0,,,,,16,2594,"591,535,631,18,169,544,384,985,871,949"
5168,10,False,False,0->0,,,,,16,1016,"805,384,1000,396,752,859,74,981,379,905"
5170,10,False,False,0->0,,,,,16,2461,"845,85,983,544,461,907,726,678,541,229"
5171,10,False,False,0->0,,,,,16,1075,"779,16,680,937,279,403,954,154,842,251"
5172,10,False,False,0->0,,,,,16,1544,"621,193,791,434,578,714,235,600,282,981"
5174,10,False,False,0->0,,,,,16,1567,"76,473,577,226,725,850,233,117,629,246"
5175,10,False,False,0->0,,,,,16,1328,"15,74,601,91,926,545,371,667,991,477"
5176,10,False,False,0->0,,,,,16,1036,"403,344,394,563,68,640,868,853,828,338"
5179,10,False,False,0->0,,,,,16,1492,"748,586,347,850,67,228,337,539,179,36"
5181,10,False,False,0->0,,,,,16,1708,"506,798,888,995,703,850,679,568,822,587"
5182,10,False,False,0->0,,,,,16,1437,"695,104,620,461,607,815,218,734,11,929"
5185,10,False,False,0->0,,,,,16,1019,"232,209,890,635,790,461,231,268,955,360"
5186,10,False,False,0->0,,,,,16,1657,"418,873,106,279,955,18,88,15,82,911"
5188,10,False,False,0->0,,,,,16,1803,"474,17,486,612,356,686,77,266,974,964"
5189,10,False,False,0->0,,,,,16,1943,"621,840,976,171,344,494,634,278,673,574"
5190,10,False,False,0->0,,,,,16,1624,"935,111,735,927,117,531,155,541,421,824"
5191,10,False,False,0->0,,,,,16,1126,"459,41,138,378,610,619,550,192,110,374"
5192,10,False,False,0->0,,,,,16,1636,"350,921,803,648,360,181,201,68,635,414"
5193,10,False,False,0->0,,,,,16,2214,"103,678,130,79,677,369,760,808,998,99"
5194,10,False,False,0->0,,,,,16,1590,"402,716,592,383,82,785,446,105,947,675"
5195,10,False,False,0->0,,,,,16,1079,"989,715,568,898,407,211,233,536,494,150"
5196,10,False,False,0->0,,,,,16,1574,"395,572,132,566,968,477,533,884,786,91"
5197,10,False,False,0->0,,,,,16,864,"641,795,87,192,398,407,753,546,92,768"
5198,10,False,False,0->0,,,,,16,1423,"414,273,458,910,872,200,633,909,79,44"
5199,10,False,False,0->0,,,,,16,1979,"242,297,694,618,942,851,446,577,368,617"
5203,10,False,False,0->0,,,,,16,2650,"197,594,312,900,738,548,193,27,680,303"
5204,10,False,False,0->0,,,,,16,1028,"409,714,467,45,196,959,899,685,195,725"
5205,10,False,False,0->0,,,,,16,1441,"338,500,761,621,955,907,959,324,120,321"
5206,10,False,False,0->0,,,,,16,1535,"835,638,143,816,624,298,15,774,854,352"
5207,10,False,False,0->0,,,,,16,2128,"518,720,463,655,321,569,485,636,890,59"
5209,10,False,False,0->0,,,,,16,1221,"655,646,168,888,333,6,305,930,550,853"
5211,10,False,False,0->0,,,,,16,558,"551,107,684,412,155,318,18,977,801,195"
5212,10,False,False,0->0,,,,,16,1461,"389,956,440,104,404,424,899,699,618,795"
5213,10,False,False,0->0,,,,,16,950,"872,718,958,448,860,378,34,866,428,46"
5215,10,False,False,0->0,,,,,16,1186,"951,308,813,186,508,993,754,886,762,668"
5216,10,False,False,0->0,,,,,16,1896,"140,76,584,262,305,512,65,913,297,135"
5217,10,False,False,0->0,,,,,16,1052,"154,265,585,137,38,51,152,958,121,915"
5218,10,False,False,0->0,,,,,16,2171,"972,288,483,661,177,350,722,248,577,169"
5219,10,False,False,0->0,,,,,16,1364,"716,940,17,681,844,274,632,715,317,709"
5220,10,False,False,0->0,,,,,16,1245,"533,817,77,125,914,419,793,794,223,699"
5221,10,False,False,0->0,,,,,16,1090,"80,699,407,87,545,985,643,232,953,695"
5223,10,False,False,0->0,,,,,16,1235,"560,860,676,448,709,983,438,756,523,326"
5224,10,False,False,0->0,,,,,16,2783,"871,493,765,301,879,913,607,360,937,82"
5225,10,False,False,0->0,,,,,16,2142,"735,681,94,262,748,357,651,386,489,58"
5226,10,False,False,0->0,,,,,16,1562,"2,465,606,357,119,356,122,360,140,499"
5229,10,False,False,0->0,,,,,16,1586,"594,552,713,305,297,929,900,269,57,813"
5230,10,False,False,0->0,,,,,16,1148,"927,560,792,520,97,131,29,109,714,78"
5231,10,False,False,0->0,,,,,16,1139,"355,52,915,61,161,721,359,68,705,34"
5232,10,False,False,0->0,,,,,16,2211,"667,54,50,61,79,418,197,945,471,378"
5234,10,False,False,0->0,,,,,16,1297,"291,754,391,555,515,267,201,346,948,41"
5235,10,False,False,0->0,,,,,16,1958,"772,887,565,54,527,853,797,392,584,250"
5237,10,False,False,0->0,,,,,16,1707,"429,987,911,503,552,903,615,455,638,673"
5238,10,False,False,0->0,,,,,16,2407,"677,633,113,472,162,145,301,370,511,36"
5240,10,False,False,0->0,,,,,16,1769,"597,259,875,392,673,990,755,138,329,104"
5241,10,False,False,0->0,,,,,16,1241,"109,428,969,720,783,382,824,952,60,837"
5242,10,False,False,0->0,,,,,16,2248,"316,513,743,577,905,380,597,174,482,156"
5244,10,False,False,0->0,,,,,16,1497,"394,883,777,359,180,856,104,868,519,148"
5246,10,False,False,0->0,,,,,16,1052,"895,148,195,429,612,949,840,924,283,566"
5247,10,False,False,0->0,,,,,16,1167,"404,434,283,759,42,384,60,715,113,861"
5249,10,False,False,0->0,,,,,16,2133,"949,231,411,888,413,388,255,238,120,568"
5250,10,False,False,0->0,,,,,16,1298,"524,629,959,305,955,921,545,836,785,442"
5251,10,False,False,0->0,,,,,16,1993,"438,187,492,197,125,808,469,316,25,858"
5252,10,False,False,0->0,,,,,16,1639,"252,699,995,905,800,433,444,523,593,818"
5254,10,False,False,0->0,,,,,16,2971,"974,236,879,626,740,727,683,933,350,995"
5255,10,False,False,0->0,,,,,16,1702,"623,615,202,331,574,254,372,556,677,598"
5256,10,False,False,0->0,,,,,16,2137,"165,145,983,993,1,816,468,293,409,136"
5257,10,False,False,0->0,,,,,16,1828,"55,508,122,554,909,542,550,473,805,112"
5260,10,False,False,0->0,,,,,16,1615,"100,515,988,770,190,954,166,405,52,49"
5261,10,False,False,0->0,,,,,16,2302,"814,34,928,255,703,528,448,598,422,364"
5262,10,False,False,0->0,,,,,16,1348,"603,494,805,316,974,261,81,483,391,439"
5263,10,False,False,0->0,,,,,16,2211,"394,626,683,588,639,706,134,497,195,140"
5264,10,False,False,0->0,,,,,16,1788,"138,741,649,987,168,708,718,430,421,319"
5266,10,False,False,0->0,,,,,16,1266,"98,100,574,668,911,861,660,718,702,999"
5267,10,False,False,0->0,,,,,16,1625,"179,765,714,928,933,331,165,104,553,100"
5268,10,False,False,0->0,,,,,16,1521,"748,933,308,767,801,832,569,448,977,43"
5269,10,False,False,0->0,,,,,16,1177,"750,176,515,179,501,220,847,454,829,861"
5271,10,False,False,0->0,,,,,16,893,"245,610,324,613,407,515,940,359,280,70"
5272,10,False,False,0->0,,,,,16,1504,"472,789,829,121,22,570,61,584,267,200"
5273,10,False,False,0->0,,,,,16,1232,"289,111,993,232,795,175,307,418,966,519"
5274,10,False,False,0->0,,,,,16,1486,"899,606,428,477,179,473,1,173,54,474"
5275,10,False,False,0->0,,,,,16,2267,"360,228,264,73,50,489,640,48,331,874"
5276,10,False,False,0->0,,,,,16,1862,"963,582,684,187,226,722,652,526,230,844"
5280,10,False,False,0->0,,,,,16,1046,"835,979,557,662,443,134,817,474,551,461"
5281,10,False,False,0->0,,,,,16,2049,"41,47,309,685,264,429,589,703,194,355"
5284,10,False,False,0->0,,,,,16,1891,"15,127,760,121,680,245,844,728,319,33"
5287,10,False,False,0->0,,,,,16,1371,"492,586,325,983,607,717,490,82,992,63"
5289,10,False,False,0->0,,,,,16,2422,"731,547,184,816,971,6,26,165,764,430"
5290,10,False,False,0->0,,,,,16,1335,"59,32,761,833,781,950,185,504,636,451"
5291,10,False,False,0->0,,,,,16,2154,"963,309,185,884,953,669,109,59,796,964"
5293,10,False,False,0->0,,,,,16,2303,"162,771,346,845,298,225,986,867,876,433"
5295,10,False,False,0->0,,,,,16,1769,"130,980,771,594,169,874,622,635,59,445"
5297,10,False,False,0->0,,,,,16,1721,"615,553,103,136,506,975,534,169,421,802"
5298,10,False,False,0->0,,,,,16,1501,"60,985,873,718,194,949,340,778,488,205"
5299,10,False,False,0->0,,,,,16,1903,"302,396,456,505,834,663,868,588,875,154"
5300,10,False,False,0->0,,,,,16,2033,"746,777,283,666,105,565,70,39,567,826"
5302,10,False,False,0->0,,,,,16,1388,"15,942,513,474,981,814,62,720,323,80"
5303,10,False,False,0->0,,,,,16,2160,"955,187,192,426,73,55,850,312,522,253"
5306,10,False,False,0->0,,,,,16,1682,"322,683,98,934,3,477,121,493,954,37"
5307,10,False,False,0->0,,,,,16,2874,"567,754,974,998,852,668,835,210,656,566"
5308,10,False,False,0->0,,,,,16,1689,"372,531,741,753,250,321,625,871,87,225"
5309,10,False,False,0->0,,,,,16,822,"784,982,920,181,935,498,783,337,618,805"
5310,10,False,False,0->0,,,,,16,1435,"146,29,333,204,836,387,931,728,842,785"
5311,10,False,False,0->0,,,,,16,1195,"769,434,831,455,830,501,949,316,635,248"
5313,10,False,False,0->0,,,,,16,1328,"51,340,782,7,725,116,138,413,456,260"
5316,10,False,False,0->0,,,,,16,2123,"653,975,426,273,31,735,801,333,528,83"
5317,10,False,False,0->0,,,,,16,1723,"806,536,521,172,817,616,363,610,67,723"
5318,10,False,False,0->0,,,,,16,1674,"203,355,429,733,785,63,279,888,706,933"
5319,10,False,False,0->0,,,,,16,1545,"817,335,975,385,487,966,383,327,496,291"
5321,10,False,False,0->0,,,,,16,2109,"388,491,793,667,643,633,639,333,343,730"
5323,10,False,False,0->0,,,,,16,1936,"225,756,487,905,347,494,379,370,995,114"
5324,10,False,False,0->0,,,,,16,939,"926,814,60,284,224,555,205,568,793,736"
5325,10,False,False,0->0,,,,,16,2096,"605,124,531,168,879,324,350,719,931,77"
5327,10,False,False,0->0,,,,,16,1806,"433,612,832,990,582,545,3,239,804,835"
5329,10,False,False,0->0,,,,,16,2263,"668,526,961,667,639,591,184,156,366,36"
5331,10,False,False,0->0,,,,,16,1670,"362,106,750,124,504,714,163,751,63,769"
5332,10,False,False,0->0,,,,,16,1929,"181,915,411,618,527,730,400,45,216,642"
5335,10,False,False,0->0,,,,,16,1481,"266,494,279,418,726,983,412,384,392,785"
5336,10,False,False,0->0,,,,,16,1305,"849,983,518,872,788,312,976,443,755,513"
5338,10,False,False,0->0,,,,,16,1219,"41,678,344,955,983,909,726,674,817,692"
5339,10,False,False,0->0,,,,,16,2115,"504,143,843,587,565,661,108,303,987,331"
5340,10,False,False,0->0,,,,,16,1204,"463,897,220,389,222,854,132,782,760,969"
5342,10,False,False,0->0,,,,,16,1182,"329,211,849,805,862,323,779,134,637,702"
5343,10,False,False,0->0,,,,,16,1423,"1,955,206,772,909,179,158,271,731,615"
5344,10,False,False,0->0,,,,,16,1007,"902,404,475,702,409,287,945,323,318,268"
5345,10,False,False,0->0,,,,,16,1873,"488,403,113,886,654,265,34,57,368,319"
5346,10,False,False,0->0,,,,,16,3153,"590,437,422,192,284,366,368,62,797,9"
5347,10,False,False,0->0,,,,,16,1630,"734,821,57,850,224,553,906,117,618,535"
5348,10,False,False,0->0,,,,,16,667,"979,551,177,564,87,423,638,371,393,926"
5350,10,False,False,0->0,,,,,16,2387,"230,865,461,911,505,990,686,606,550,366"
5351,10,False,False,0->0,,,,,16,1720,"201,757,127,627,280,552,120,520,261,255"
5352,10,False,False,0->0,,,,,16,1694,"108,793,404,674,53,413,863,785,57,64"
5353,10,False,False,0->0,,,,,16,764,"18,581,636,372,355,774,686,680,575,260"
5354,10,False,False,0->0,,,,,16,1410,"384,475,463,499,717,878,654,107,246,441"
5356,10,False,False,0->0,,,,,16,1285,"928,42,863,983,656,101,993,697,193,179"
5358,10,False,False,0->0,,,,,16,1643,"59,711,646,216,606,778,609,636,638,174"
5359,10,False,False,0->0,,,,,16,2155,"3,574,372,772,373,719,250,74,84,591"
5360,10,False,False,0->0,,,,,16,1935,"17,779,865,840,931,717,11,397,385,653"
5364,10,False,False,0->0,,,,,16,1498,"798,499,456,982,828,922,736,211,706,347"
5365,10,False,False,0->0,,,,,16,1544,"358,850,370,404,688,862,639,872,607,278"
5367,10,False,False,0->0,,,,,16,1128,"131,491,921,287,134,743,178,456,41,835"
5368,10,False,False,0->0,,,,,16,1371,"827,276,709,591,299,303,960,64,533,314"
5369,10,False,False,0->0,,,,,16,1740,"582,964,344,933,519,880,786,359,940,583"
5370,10,False,False,0->0,,,,,16,1819,"726,728,548,249,801,316,36,18,724,830"
5371,10,False,False,0->0,,,,,16,1664,"834,760,953,116,355,1,734,31,68,700"
5372,10,False,False,0->0,,,,,16,1944,"964,94,788,761,479,23,284,643,919,504"
5373,10,False,False,0->0,,,,,16,2201,"5,33,229,196,320,945,994,241,264,618"
5375,10,False,False,0->0,,,,,16,1825,"282,767,739,590,570,72,794,977,602,222"
5376,10,False,False,0->0,,,,,16,1898,"844,521,711,482,879,986,862,94,514,610"
5377,10,False,False,0->0,,,,,10,1735,"897,52,721,887,277,114,708,570,521,794"
5379,10,False,False,0->0,,,,,16,1043,"410,97,852,573,67,330,274,390,886,594"
5380,10,False,False,0->0,,,,,16,1556,"454,620,411,245,610,113,506,592,716,412"
5381,10,False,False,0->0,,,,,16,1716,"472,536,20,971,134,327,520,437,99,467"
5382,10,False,False,0->0,,,,,16,2235,"404,285,743,782,230,545,681,835,99,407"
5383,10,False,False,0->0,,,,,16,1927,"368,687,139,173,394,233,329,175,198,39"
5384,10,False,False,0->0,,,,,16,1844,"674,310,327,876,593,330,919,447,709,111"
5385,10,False,False,0->0,,,,,16,1316,"640,831,976,530,182,330,100,979,821,401"
5387,10,False,False,0->0,,,,,16,1597,"217,532,599,964,650,549,411,430,357,919"
5389,10,False,False,0->0,,,,,16,1165,"667,61,85,52,911,323,232,603,765,745"
5391,10,False,False,0->0,,,,,16,2299,"686,197,796,959,496,181,293,395,724,36"
5392,10,False,False,0->0,,,,,16,2205,"971,207,467,93,410,493,185,503,978,174"
5393,10,False,False,0->0,,,,,16,1471,"573,524,595,943,963,194,397,506,120,746"
5394,10,False,False,0->0,,,,,16,1739,"781,616,233,235,485,100,930,770,607,877"
5396,10,False,False,0->0,,,,,16,1987,"337,160,790,420,878,269,822,316,942,501"
5397,10,False,False,0->0,,,,,16,1401,"792,252,600,761,95,788,309,582,421,260"
5398,10,False,False,0->0,,,,,16,1519,"262,167,817,653,714,607,497,386,636,962"
5399,10,False,False,0->0,,,,,16,1056,"96,166,621,6,549,25,241,606,439,247"
5400,10,False,False,0->0,,,,,16,1727,"519,570,950,370,560,42,848,538,388,1000"
5401,10,False,False,0->0,,,,,16,1724,"352,961,998,73,91,621,41,746,612,705"
5402,10,False,False,0->0,,,,,16,1620,"772,646,456,358,885,420,528,164,630,838"
5403,10,False,False,0->0,,,,,16,954,"954,773,687,283,547,221,565,277,520,783"
5405,10,False,False,0->0,,,,,16,1429,"77,536,508,898,469,6,81,990,878,224"
5406,10,False,False,0->0,,,,,16,2043,"648,756,558,264,567,913,365,299,688,709"
5407,10,False,False,0->0,,,,,16,1258,"650,898,121,124,161,166,222,963,164,135"
5408,10,False,False,0->0,,,,,16,1573,"637,110,4,475,385,309,437,971,139,83"
5409,10,False,False,0->0,,,,,16,2269,"526,917,495,945,461,438,408,493,468,646"
5410,10,False,False,0->0,,,,,16,1875,"533,739,27,231,568,395,421,850,908,332"
5411,10,False,False,0->0,,,,,16,2038,"128,426,788,264,288,610,152,712,900,583"
5413,10,False,False,0->0,,,,,16,919,"850,731,80,940,68,970,556,507,798,268"
5414,10,False,False,0->0,,,,,16,1754,"806,147,850,535,233,690,927,486,887,632"
5415,10,False,False,0->0,,,,,16,1054,"103,980,823,156,534,122,705,639,927,443"
5416,10,False,False,0->0,,,,,16,1287,"845,433,24,734,331,927,344,209,76,908"
5417,10,False,False,0->0,,,,,16,1824,"704,169,917,900,685,47,430,53,409,534"
5418,10,False,False,0->0,,,,,16,1589,"613,527,163,752,749,499,380,498,885,726"
5419,10,False,False,0->0,,,,,16,1430,"445,39,589,186,206,711,288,210,775,126"
5420,10,False,False,0->0,,,,,16,1430,"629,892,811,984,845,658,814,795,909,299"
5421,10,False,False,0->0,,,,,16,1536,"294,434,829,588,249,716,767,266,666,898"
5423,10,False,False,0->0,,,,,16,1426,"64,441,806,469,158,558,722,706,718,547"
5424,10,False,False,0->0,,,,,16,1928,"857,909,971,716,471,393,637,935,720,329"
5425,10,False,False,0->0,,,,,16,2956,"764,358,316,535,569,25,461,259,109,428"
5426,10,False,False,0->0,,,,,16,1105,"639,392,97,938,233,667,299,318,314,506"
5428,10,False,False,0->0,,,,,16,1422,"465,384,122,207,910,544,510,956,77,279"
5429,10,False,False,0->0,,,,,16,1767,"47,730,863,76,327,3,605,457,676,250"
5431,10,False,False,0->0,,,,,16,1414,"588,134,518,52,863,67,441,454,985,517"
5432,10,False,False,0->0,,,,,16,1392,"823,148,966,22,297,726,431,444,850,523"
5433,10,False,False,0->0,,,,,16,503,"44,768,810,978,927,425,217,854,991,47"
5434,10,False,False,0->0,,,,,16,612,"791,5,486,386,451,246,31,926,610,139"
5435,10,False,False,0->0,,,,,16,1902,"34,364,360,368,792,737,623,940,534,109"
5436,10,False,False,0->0,,,,,16,1112,"966,514,429,6,810,778,194,393,232,22"
5437,10,False,False,0->0,,,,,16,1061,"6,223,420,433,878,788,309,51,342,552"
5440,10,False,False,0->0,,,,,16,1778,"160,195,741,674,416,106,874,956,810,823"
5441,10,False,False,0->0,,,,,16,2104,"383,858,226,548,254,617,4,38,976,330"
5443,10,False,False,0->0,,,,,16,1832,"735,265,940,167,163,201,852,753,279,650"
5445,10,False,False,0->0,,,,,16,1485,"603,321,317,482,828,625,260,949,205,180"
5446,10,False,False,0->0,,,,,16,2253,"654,167,831,388,72,623,254,39,24,535"
5448,10,False,False,0->0,,,,,16,1177,"103,959,547,492,415,489,755,703,398,238"
5449,10,False,False,0->0,,,,,16,1290,"795,836,231,852,585,229,319,411,736,685"
5451,10,False,False,0->0,,,,,16,1338,"749,537,888,636,989,475,874,1000,547,570"
5452,10,False,False,0->0,,,,,16,1003,"110,179,393,614,491,693,236,977,722,122"
5454,10,False,False,0->0,,,,,16,762,"636,571,791,592,455,45,14,378,409,176"
5455,10,False,False,0->0,,,,,16,1042,"98,566,190,552,546,330,968,851,90,331"
5456,10,False,False,0->0,,,,,16,1431,"294,780,727,333,868,972,141,277,983,482"
5457,10,False,False,0->0,,,,,16,1974,"19,413,196,84,586,902,305,970,63,379"
5459,10,False,False,0->0,,,,,16,1154,"909,794,193,436,591,570,941,600,376,753"
5460,10,False,False,0->0,,,,,16,1766,"73,1,211,471,615,568,68,56,779,732"
5461,10,False,False,0->0,,,,,16,1933,"651,13,798,567,505,778,598,45,931,538"
5462,10,False,False,0->0,,,,,16,1943,"198,477,539,900,625,667,818,176,536,62"
5463,10,False,False,0->0,,,,,16,2267,"560,927,318,127,853,545,643,171,471,917"
5464,10,False,False,0->0,,,,,16,1234,"962,884,993,635,204,152,379,16,909,394"
5465,10,False,False,0->0,,,,,16,1438,"582,393,991,21,984,392,437,685,218,601"
5466,10,False,False,0->0,,,,,16,766,"727,137,688,486,347,642,919,539,602,853"
5467,10,False,False,0->0,,,,,16,868,"637,244,983,360,331,436,634,371,283,277"
5468,10,False,False,0->0,,,,,16,1464,"883,117,392,643,937,101,978,675,931,133"
5469,10,False,False,0->0,,,,,16,1036,"391,308,572,673,460,804,393,962,940,67"
5471,10,False,False,0->0,,,,,16,1633,"157,992,216,633,4,126,654,804,199,102"
5472,10,False,False,0->0,,,,,16,1490,"82,261,185,917,220,991,565,673,335,413"
5473,10,False,False,0->0,,,,,16,1766,"588,966,187,7,914,829,852,814,273,423"
5475,10,False,False,0->0,,,,,16,2197,"840,302,343,979,369,303,400,271,679,301"
5478,10,False,False,0->0,,,,,16,1814,"365,557,784,188,398,498,218,460,395,439"
5479,10,False,False,0->0,,,,,16,2519,"165,749,855,808,371,92,192,242,120,776"
5480,10,False,False,0->0,,,,,16,1060,"614,438,666,854,96,768,570,454,34,495"
5481,10,False,False,0->0,,,,,16,1505,"523,861,204,826,749,21,661,910,483,249"
5482,10,False,False,0->0,,,,,16,1294,"860,121,844,599,233,148,896,390,821,371"
5483,10,False,False,0->0,,,,,16,994,"6,362,139,730,45,424,369,53,481,288"
5484,10,False,False,0->0,,,,,16,1958,"998,883,483,426,494,169,553,785,530,317"
5485,10,False,False,0->0,,,,,16,2053,"992,816,350,883,496,57,447,599,146,31"
5486,10,False,False,0->0,,,,,16,1332,"112,86,752,978,902,781,322,599,343,496"
5487,10,False,False,0->0,,,,,16,1768,"984,547,272,638,555,800,141,652,513,433"
5488,10,False,False,0->0,,,,,16,1892,"280,795,662,851,102,106,987,488,974,414"
5489,10,False,False,0->0,,,,,16,1839,"570,587,906,14,230,833,352,92,69,530"
5491,10,False,False,0->0,,,,,16,1226,"512,758,737,279,263,517,182,736,931,408"
5492,10,False,False,0->0,,,,,16,1378,"738,167,995,201,178,560,172,532,934,832"
5494,10,False,False,0->0,,,,,16,797,"51,498,638,804,898,77,461,260,951,60"
5495,10,False,False,0->0,,,,,16,1692,"733,517,77,880,924,552,598,801,391,79"
5497,10,False,False,0->0,,,,,16,1159,"786,176,203,236,715,969,554,590,239,910"
5499,10,False,False,0->0,,,,,16,1094,"198,712,985,635,64,570,356,102,639,919"
5500,10,False,False,0->0,,,,,16,1113,"331,441,376,581,773,31,911,726,619,515"
5501,10,False,False,0->0,,,,,16,1080,"429,87,593,949,282,280,723,138,692,412"
5503,10,False,False,0->0,,,,,16,1931,"365,499,887,74,358,583,57,417,603,510"
5504,10,False,False,0->0,,,,,16,1847,"919,80,434,499,163,740,780,685,536,500"
5506,10,False,False,0->0,,,,,16,1413,"59,340,570,577,551,257,600,940,953,402"
5507,10,False,False,0->0,,,,,16,1565,"472,303,915,958,577,853,499,796,508,318"
5508,10,False,False,0->0,,,,,16,2066,"886,602,511,493,368,232,896,528,174,152"
5510,10,False,False,0->0,,,,,16,1876,"250,673,65,661,79,964,29,108,303,505"
5512,10,False,False,0->0,,,,,16,1518,"963,684,591,972,542,969,948,733,865,666"
5513,10,False,False,0->0,,,,,16,1402,"309,49,65,780,488,633,161,528,636,112"
5514,10,False,False,0->0,,,,,16,2336,"429,140,165,499,526,273,317,712,582,92"
5515,10,False,False,0->0,,,,,16,2312,"208,614,661,65,444,512,471,468,2,110"
5516,10,False,False,0->0,,,,,16,2663,"627,892,111,468,622,342,388,291,654,577"
5517,10,False,False,0->0,,,,,16,1212,"673,810,298,136,667,730,451,167,981,781"
5519,10,False,False,0->0,,,,,16,2047,"834,842,830,88,243,32,206,563,900,330"
5520,10,False,False,0->0,,,,,16,2248,"811,162,121,931,590,524,171,626,247,469"
5521,10,False,False,0->0,,,,,16,1481,"55,443,344,863,977,568,422,786,8,176"
5522,10,False,False,0->0,,,,,16,1484,"513,746,359,249,405,27,223,154,611,497"
5525,10,False,False,0->0,,,,,16,2591,"99,539,590,393,786,928,397,194,659,913"
5526,10,False,False,0->0,,,,,16,1463,"851,514,890,643,429,686,902,512,241,592"
5528,10,False,False,0->0,,,,,16,1806,"605,289,625,947,7,851,211,674,822,122"
5529,10,False,False,0->0,,,,,16,937,"655,410,712,357,205,972,875,572,317,327"
5530,10,False,False,0->0,,,,,16,926,"316,707,919,602,226,536,25,54,287,533"
5531,10,False,False,0->0,,,,,16,1291,"232,712,177,207,394,27,756,651,754,744"
5532,10,False,False,0->0,,,,,16,1605,"261,265,870,847,32,84,500,532,207,684"
5534,10,False,False,0->0,,,,,16,2334,"130,759,976,238,119,164,447,634,358,304"
5537,10,False,False,0->0,,,,,16,2327,"600,746,572,325,236,962,474,871,535,848"
5539,10,False,False,0->0,,,,,16,1265,"622,979,262,636,581,861,784,453,602,795"
5540,10,False,False,0->0,,,,,16,1491,"931,136,146,511,892,557,45,55,124,98"
5541,10,False,False,0->0,,,,,16,2199,"861,670,638,674,700,316,532,915,735,739"
5543,10,False,False,0->0,,,,,16,2209,"555,251,678,26,165,638,533,987,948,816"
5544,10,False,False,0->0,,,,,16,1821,"50,774,527,728,726,746,198,730,546,122"
5545,10,False,False,0->0,,,,,16,1520,"154,761,225,112,276,810,343,616,1000,224"
5546,10,False,False,0->0,,,,,16,1667,"875,585,656,518,604,9,233,678,451,496"
5547,10,False,False,0->0,,,,,16,2068,"132,712,847,822,73,446,172,488,752,401"
5548,10,False,False,0->0,,,,,16,1956,"8,313,888,798,971,760,289,179,521,32"
5549,10,False,False,0->0,,,,,16,1902,"548,876,977,601,787,128,78,536,383,479"
5550,10,False,False,0->0,,,,,16,2200,"294,652,606,520,700,764,420,164,810,110"
5551,10,False,False,0->0,,,,,16,1559,"29,84,600,387,615,473,982,243,545,246"
5553,10,False,False,0->0,,,,,16,1799,"937,389,810,284,471,120,565,709,57,831"
5554,10,False,False,0->0,,,,,16,1130,"810,780,242,703,630,390,40,1000,744,553"
5557,10,False,False,0->0,,,,,16,688,"99,804,380,212,759,393,110,190,68,715"
5560,10,False,False,0->0,,,,,16,1716,"217,684,988,130,302,753,226,356,495,247"
5561,10,False,False,0->0,,,,,16,1471,"407,618,523,538,626,25,150,571,11,22"
5562,10,False,False,0->0,,,,,16,1004,"629,457,539,461,970,74,4,702,762,358"
5563,10,False,False,0->0,,,,,16,1574,"488,414,355,185,192,833,150,542,132,139"
5564,10,False,False,0->0,,,,,16,1594,"76,184,197,110,838,536,966,549,663,786"
5566,10,False,False,0->0,,,,,16,1529,"403,885,793,714,157,95,494,857,188,658"
5569,10,False,False,0->0,,,,,16,1618,"886,172,1000,672,244,764,454,610,138,993"
5570,10,False,False,0->0,,,,,16,2645,"430,887,465,493,663,565,475,700,717,857"
5571,10,False,False,0->0,,,,,16,1331,"804,220,778,578,551,795,571,135,87,927"
5572,10,False,False,0->0,,,,,16,2008,"696,569,37,687,409,419,423,189,888,765"
5573,10,False,False,0->0,,,,,16,1182,"469,989,415,928,937,734,753,76,457,392"
5574,10,False,False,0->0,,,,,16,1269,"760,195,546,325,855,52,329,676,805,23"
5575,10,False,False,0->0,,,,,16,2295,"289,544,638,978,532,211,60,685,803,710"
5576,10,False,False,0->0,,,,,16,2007,"978,586,202,808,190,866,267,244,821,845"
5578,10,False,False,0->0,,,,,16,2082,"950,843,578,364,25,1,385,391,765,402"
5579,10,False,False,0->0,,,,,16,883,"670,70,757,86,642,235,922,635,542,4"
5580,10,False,False,0->0,,,,,16,800,"439,831,128,65,873,441,600,262,460,725"
5581,10,False,False,0->0,,,,,16,650,"192,49,232,695,18,344,491,934,383,325"
5582,10,False,False,0->0,,,,,16,1112,"498,430,101,692,131,200,458,774,885,402"
5583,10,False,False,0->0,,,,,16,1409,"600,250,463,456,991,257,641,930,422,125"
5584,10,False,False,0->0,,,,,16,1821,"63,510,494,667,976,448,955,114,168,443"
5585,10,False,False,0->0,,,,,16,1303,"21,243,416,790,519,971,187,811,953,247"
5586,10,False,False,0->0,,,,,16,1140,"146,703,832,563,422,815,595,271,82,68"
5588,10,False,False,0->0,,,,,16,2555,"287,326,674,765,165,124,276,661,220,366"
5589,10,False,False,0->0,,,,,16,2189,"649,777,987,27,616,33,998,486,505,455"
5590,10,False,False,0->0,,,,,16,1679,"801,710,959,568,968,188,416,57,202,763"
5591,10,False,False,0->0,,,,,16,1448,"316,982,327,643,376,394,675,945,681,772"
5592,10,False,False,0->0,,,,,16,2378,"459,202,577,490,2,917,319,798,426,271"
5593,10,False,False,0->0,,,,,16,1787,"917,187,975,783,971,790,844,321,663,65"
5596,10,False,False,0->0,,,,,16,1433,"677,692,127,178,72,727,205,716,745,856"
5597,10,False,False,0->0,,,,,16,1424,"76,700,948,22,600,844,253,672,813,768"
5598,10,False,False,0->0,,,,,16,2213,"27,121,910,289,171,475,668,764,782,721"
5599,10,False,False,0->0,,,,,16,2603,"210,859,271,169,693,510,233,547,289,544"
5600,10,False,False,0->0,,,,,16,1601,"212,786,966,838,526,763,722,363,780,917"
5601,10,False,False,0->0,,,,,16,1109,"93,944,187,533,122,792,593,189,183,897"
5604,10,False,False,0->0,,,,,16,1941,"121,520,245,573,673,343,612,342,183,700"
5605,10,False,False,0->0,,,,,16,838,"731,420,316,805,953,63,330,983,563,397"
5606,10,False,False,0->0,,,,,16,1577,"86,88,204,25,46,393,838,732,514,750"
5607,10,False,False,0->0,,,,,16,1988,"245,679,857,372,208,920,941,651,499,527"
5608,10,False,False,0->0,,,,,16,2155,"428,327,93,768,668,388,134,154,667,370"
5610,10,False,False,0->0,,,,,16,2350,"301,440,350,832,750,868,11,888,419,389"
5611,10,False,False,0->0,,,,,16,1440,"465,172,225,780,324,526,102,599,675,899"
5612,10,False,False,0->0,,,,,16,1708,"318,493,639,187,801,343,884,980,551,376"
5613,10,False,False,0->0,,,,,16,1717,"218,971,707,662,513,703,188,794,108,934"
5614,10,False,False,0->0,,,,,16,1215,"251,208,990,867,457,968,569,814,713,959"
5616,10,False,False,0->0,,,,,16,1181,"954,514,637,172,409,303,949,600,708,60"
5617,10,False,False,0->0,,,,,16,1417,"365,738,517,513,983,919,90,1,231,944"
5618,10,False,False,0->0,,,,,16,2133,"719,560,320,499,120,78,601,225,355,764"
5619,10,False,False,0->0,,,,,16,1294,"190,855,17,29,424,788,429,790,770,785"
5620,10,False,False,0->0,,,,,16,1366,"694,662,893,285,317,606,690,236,693,273"
5621,10,False,False,0->0,,,,,16,1079,"730,321,543,768,723,374,737,867,588,14"
5622,10,False,False,0->0,,,,,16,1326,"21,278,80,312,96,514,189,779,977,15"
5623,10,False,False,0->0,,,,,16,1624,"200,161,505,414,420,194,597,602,276,583"
5624,10,False,False,0->0,,,,,16,1374,"830,508,693,168,180,984,656,750,530,100"
5627,10,False,False,0->0,,,,,16,2065,"165,873,194,204,65,48,363,587,501,323"
5628,10,False,False,0->0,,,,,16,1301,"736,302,603,15,784,878,382,398,716,104"
5630,10,False,False,0->0,,,,,16,1169,"127,173,459,507,63,356,650,856,521,958"
5631,10,False,False,0->0,,,,,16,1095,"261,260,161,893,491,79,999,530,331,245"
5633,10,False,False,0->0,,,,,16,1429,"199,413,425,685,179,269,984,527,896,364"
5638,10,False,False,0->0,,,,,16,1208,"519,411,551,263,892,379,393,792,53,476"
5640,10,False,False,0->0,,,,,16,1699,"486,548,853,858,526,381,683,648,770,517"
5641,10,False,False,0->0,,,,,16,2268,"362,663,175,1,124,792,84,347,669,199"
5642,10,False,False,0->0,,,,,16,1146,"76,513,80,314,691,242,675,811,697,471"
5644,10,False,False,0->0,,,,,16,2288,"717,174,13,97,691,768,321,401,626,284"
5645,10,False,False,0->0,,,,,16,1407,"291,43,208,984,487,543,603,571,954,615"
5647,10,False,False,0->0,,,,,16,1668,"744,72,743,326,613,211,158,719,116,218"
5648,10,False,False,0->0,,,,,16,1446,"24,969,584,317,412,886,724,639,674,198"
5649,10,False,False,0->0,,,,,16,800,"266,162,642,757,398,382,402,927,638,823"
5650,10,False,False,0->0,,,,,16,1404,"530,621,974,146,22,972,927,134,738,679"
5651,10,False,False,0->0,,,,,16,1411,"604,443,681,13,68,501,138,958,87,360"
5652,10,False,False,0->0,,,,,16,1596,"599,947,828,751,239,556,771,188,955,416"
5653,10,False,False,0->0,,,,,16,1215,"25,960,853,551,166,358,886,445,795,82"
5654,10,False,False,0->0,,,,,16,1433,"503,756,754,175,425,272,54,865,128,288"
5655,10,False,False,0->0,,,,,16,1180,"483,356,247,302,338,323,490,96,325,228"
5656,10,False,False,0->0,,,,,16,1853,"244,910,942,197,788,83,970,64,221,730"
5657,10,False,False,0->0,,,,,16,1965,"962,691,874,43,315,73,36,346,2,16"
5658,10,False,False,0->0,,,,,16,1438,"774,2,297,252,733,14,732,729,735,758"
5659,10,False,False,0->0,,,,,16,1130,"155,567,811,159,95,620,369,207,524,60"
5661,10,False,False,0->0,,,,,16,1743,"207,159,941,174,978,439,706,844,342,884"
5662,10,False,False,0->0,,,,,16,1249,"600,857,956,893,814,649,54,651,243,838"
5663,10,False,False,0->0,,,,,16,1245,"805,269,383,792,526,908,687,164,599,87"
5664,10,False,False,0->0,,,,,16,850,"817,181,437,736,262,684,622,574,558,956"
5665,10,False,False,0->0,,,,,16,2316,"512,823,573,250,611,983,409,829,485,505"
5666,10,False,False,0->0,,,,,16,730,"80,580,93,477,888,991,526,11,67,704"
5667,10,False,False,0->0,,,,,16,1180,"159,299,843,269,632,909,429,830,212,541"
5668,10,False,False,0->0,,,,,16,1701,"793,969,441,847,892,676,795,845,368,583"
5669,10,False,False,0->0,,,,,16,694,"483,615,494,96,622,299,65,31,906,116"
5670,10,False,False,0->0,,,,,16,2168,"546,442,643,952,82,584,871,565,863,260"
5672,10,False,False,0->0,,,,,16,2269,"778,973,58,283,631,764,433,696,716,428"
5673,10,False,False,0->0,,,,,16,2401,"148,573,70,659,974,942,638,374,613,289"
5675,10,False,False,0->0,,,,,16,1952,"312,992,913,366,330,699,85,558,365,658"
5676,10,False,False,0->0,,,,,16,1798,"287,39,253,642,445,405,584,567,790,911"
5677,10,False,False,0->0,,,,,16,1621,"381,159,724,680,565,949,683,134,862,728"
5678,10,False,False,0->0,,,,,16,1535,"976,830,865,335,786,842,1,896,323,574"
5679,10,False,False,0->0,,,,,16,1238,"221,813,598,6,321,63,622,670,248,774"
5681,10,False,False,0->0,,,,,16,1641,"251,314,284,444,57,73,991,772,322,48"
5682,10,False,False,0->0,,,,,16,2345,"756,892,629,358,956,481,419,284,23,130"
5683,10,False,False,0->0,,,,,16,1847,"3,378,331,437,194,743,262,139,935,266"
5684,10,False,False,0->0,,,,,16,2282,"856,253,847,485,948,521,83,180,38,778"
5685,10,False,False,0->0,,,,,16,1108,"742,85,128,82,899,78,447,208,551,736"
5686,10,False,False,0->0,,,,,16,1738,"732,984,774,412,544,713,164,143,262,985"
5687,10,False,False,0->0,,,,,16,1749,"320,49,653,241,76,979,323,321,566,51"
5688,10,False,False,0->0,,,,,16,1568,"465,571,787,781,811,544,4,445,857,425"
5689,10,False,False,0->0,,,,,16,2335,"826,930,495,834,492,86,395,90,67,396"
5690,10,False,False,0->0,,,,,16,1090,"569,528,413,446,969,158,860,662,625,566"
5691,10,False,False,0->0,,,,,16,649,"648,751,832,531,978,929,732,483,32,477"
5692,10,False,False,0->0,,,,,16,2242,"662,840,487,956,455,776,594,386,337,166"
5693,10,False,False,0->0,,,,,16,1900,"689,301,368,163,661,945,124,45,177,242"
5694,10,False,False,0->0,,,,,16,1914,"209,468,632,657,589,456,447,969,975,25"
5695,10,False,False,0->0,,,,,16,2022,"584,987,781,575,259,148,413,834,417,196"
5697,10,False,False,0->0,,,,,16,1213,"412,82,486,708,252,1,325,47,27,730"
5698,10,False,False,0->0,,,,,16,1450,"274,302,990,18,316,726,857,572,660,754"
5699,10,False,False,0->0,,,,,16,1527,"266,393,937,279,67,876,209,528,183,397"
5701,10,False,False,0->0,,,,,16,966,"193,566,126,420,59,239,468,696,428,927"
5704,10,False,False,0->0,,,,,16,1959,"321,93,659,111,537,489,490,899,224,515"
5705,10,False,False,0->0,,,,,16,1609,"268,309,818,639,728,602,564,298,303,653"
5706,10,False,False,0->0,,,,,16,1211,"265,20,843,120,112,684,425,975,220,751"
5707,10,False,False,0->0,,,,,16,1073,"168,251,121,963,180,610,262,330,321,757"
5708,10,False,False,0->0,,,,,16,2024,"719,998,384,988,893,25,527,36,402,677"
5709,10,False,False,0->0,,,,,16,734,"564,985,61,931,780,360,741,937,250,856"
5711,10,False,False,0->0,,,,,16,1383,"625,210,489,849,926,33,114,521,721,979"
5712,10,False,False,0->0,,,,,16,585,"294,705,266,546,522,371,759,555,70,981"
5713,10,False,False,0->0,,,,,16,1593,"157,922,212,555,599,235,646,704,201,197"
5715,10,False,False,0->0,,,,,16,1739,"147,779,800,782,99,599,97,142,531,124"
5716,10,False,False,0->0,,,,,16,1751,"494,108,745,143,104,370,915,657,177,694"
5718,10,False,False,0->0,,,,,16,1313,"182,568,473,971,805,64,83,44,43,985"
5720,10,False,False,0->0,,,,,16,1691,"546,586,72,898,337,411,440,183,157,536"
5721,10,False,False,0->0,,,,,16,1645,"573,907,816,385,16,578,697,20,182,285"
5722,10,False,False,0->0,,,,,16,2552,"880,130,384,887,794,157,710,424,444,422"
5723,10,False,False,0->0,,,,,16,2406,"700,663,409,294,706,73,907,488,355,784"
5724,10,False,False,0->0,,,,,16,1705,"854,248,668,304,73,430,732,76,147,103"
5725,10,False,False,0->0,,,,,16,2166,"313,548,848,587,685,863,738,514,387,226"
5726,10,False,False,0->0,,,,,16,1016,"185,285,491,412,415,770,511,128,78,573"
5727,10,False,False,0->0,,,,,16,1170,"179,475,180,582,960,891,396,913,893,107"
5729,10,False,False,0->0,,,,,16,2256,"119,85,659,125,513,808,523,103,217,861"
5730,10,False,False,0->0,,,,,16,2269,"370,773,651,17,556,974,852,507,236,994"
5731,10,False,False,0->0,,,,,16,1088,"854,613,931,207,639,385,662,375,860,959"
5732,10,False,False,0->0,,,,,16,1675,"618,369,146,772,424,357,7,412,542,867"
5735,10,False,False,0->0,,,,,16,1870,"492,987,459,524,810,255,393,777,421,754"
5736,10,False,False,0->0,,,,,16,1280,"501,337,146,520,27,627,203,359,206,934"
5738,10,False,False,0->0,,,,,16,681,"34,382,520,457,511,61,142,220,261,662"
5739,10,False,False,0->0,,,,,16,1403,"323,877,167,541,978,246,735,182,759,384"
5740,10,False,False,0->0,,,,,16,1122,"360,592,239,270,633,913,517,91,689,549"
5741,10,False,False,0->0,,,,,16,1590,"641,537,763,847,591,750,623,507,505,486"
5744,10,False,False,0->0,,,,,16,1016,"483,605,877,718,524,31,938,564,641,283"
5746,10,False,False,0->0,,,,,16,2193,"716,425,504,248,57,873,683,352,829,728"
5748,10,False,False,0->0,,,,,16,1458,"185,999,702,346,267,495,396,425,779,725"
5749,10,False,False,0->0,,,,,16,1474,"243,888,145,410,109,278,712,289,92,245"
5753,10,False,False,0->0,,,,,16,1193,"610,969,412,423,734,386,627,737,979,268"
5754,10,False,False,0->0,,,,,16,1304,"804,764,921,446,301,314,805,992,95,32"
5755,10,False,False,0->0,,,,,16,2916,"681,578,36,41,119,544,233,448,712,543"
5756,10,False,False,0->0,,,,,16,1701,"467,762,865,782,150,618,770,552,678,390"
5757,10,False,False,0->0,,,,,16,2020,"262,198,202,265,322,823,902,605,630,259"
5759,10,False,False,0->0,,,,,16,913,"865,337,584,420,59,461,859,128,98,496"
5762,10,False,False,0->0,,,,,16,1960,"710,4,931,532,770,104,892,974,469,25"
5763,10,False,False,0->0,,,,,16,2347,"617,188,346,301,776,364,717,101,159,927"
5764,10,False,False,0->0,,,,,16,2155,"161,482,49,673,63,962,618,980,622,605"
5766,10,False,False,0->0,,,,,16,2022,"975,107,770,611,105,848,81,154,19,113"
5767,10,False,False,0->0,,,,,16,1357,"315,878,329,249,136,599,890,391,957,681"
5768,10,False,False,0->0,,,,,16,1656,"524,488,719,147,33,635,233,971,690,951"
5770,10,False,False,0->0,,,,,16,849,"41,297,591,933,314,724,610,429,142,575"
5771,10,False,False,0->0,,,,,16,1686,"172,553,338,2,490,677,602,995,503,994"
5772,10,False,False,0->0,,,,,16,1915,"985,37,814,667,183,681,85,493,861,9"
5774,10,False,False,0->0,,,,,16,1567,"796,263,201,64,678,158,202,739,927,831"
5775,10,False,False,0->0,,,,,16,1977,"524,105,411,67,441,922,468,601,874,199"
5776,10,False,False,0->0,,,,,16,1403,"743,854,712,46,167,3,508,222,124,796"
5777,10,False,False,0->0,,,,,16,2776,"259,395,719,606,675,109,710,282,740,455"
5779,10,False,False,0->0,,,,,16,2449,"632,827,164,447,782,224,119,911,147,892"
5780,10,False,False,0->0,,,,,16,1030,"780,96,769,992,603,289,738,330,875,969"
5781,10,False,False,0->0,,,,,16,2706,"634,270,263,130,482,265,363,312,604,970"
5782,10,False,False,0->0,,,,,16,2135,"615,139,312,31,988,880,761,572,694,651"
5784,10,False,False,0->0,,,,,16,2280,"210,906,735,725,591,74,178,571,51,652"
5785,10,False,False,0->0,,,,,16,1311,"830,695,612,684,493,496,145,92,205,182"
5786,10,False,False,0->0,,,,,16,2253,"164,425,549,200,879,36,909,584,37,593"
5789,10,False,False,0->0,,,,,16,1460,"973,858,434,913,378,192,101,393,672,838"
5790,10,False,False,0->0,,,,,16,850,"409,397,54,957,32,207,769,668,274,982"
5792,10,False,False,0->0,,,,,16,1321,"194,413,952,598,18,943,498,507,560,543"
5795,10,False,False,0->0,,,,,16,1834,"342,350,880,821,268,232,594,732,422,155"
5796,10,False,False,0->0,,,,,16,1652,"409,611,849,515,318,448,163,279,526,19"
5797,10,False,False,0->0,,,,,16,2531,"726,128,111,172,505,544,555,411,838,828"
5799,10,False,False,0->0,,,,,16,1813,"53,6,223,685,858,236,503,232,425,366"
5800,10,False,False,0->0,,,,,16,1956,"737,679,253,954,90,900,48,39,514,473"
5801,10,False,False,0->0,,,,,16,1582,"951,627,7,214,909,422,746,309,94,24"
5803,10,False,False,0->0,,,,,16,2361,"503,252,884,207,706,778,808,979,155,971"
5804,10,False,False,0->0,,,,,16,1095,"769,446,632,511,18,226,128,288,181,635"
5805,10,False,False,0->0,,,,,16,783,"902,14,271,110,37,229,297,959,801,355"
5806,10,False,False,0->0,,,,,16,2546,"834,107,425,163,415,343,949,88,24,224"
5807,10,False,False,0->0,,,,,16,1934,"929,616,459,109,259,282,711,685,232,19"
5808,10,False,False,0->0,,,,,16,1825,"531,340,733,171,735,111,271,517,74,385"
5809,10,False,False,0->0,,,,,16,1280,"650,387,190,534,888,264,520,630,70,589"
5810,10,False,False,0->0,,,,,16,1920,"539,844,626,684,59,472,779,301,302,614"
5811,10,False,False,0->0,,,,,16,2380,"577,762,544,740,907,632,340,393,446,835"
5812,10,False,False,0->0,,,,,16,2165,"338,867,822,872,769,112,930,752,77,84"
5814,10,False,False,0->0,,,,,16,2290,"519,235,255,661,953,726,388,970,528,327"
5816,10,False,False,0->0,,,,,16,2386,"876,216,408,646,685,572,24,414,972,911"
5817,10,False,False,0->0,,,,,16,1159,"332,632,226,242,132,778,834,751,41,773"
5818,10,False,False,0->0,,,,,16,1395,"753,718,84,675,751,180,80,991,338,420"
5820,10,False,False,0->0,,,,,16,1798,"262,235,127,488,639,201,554,358,270,319"
5821,10,False,False,0->0,,,,,16,2402,"102,381,160,880,236,243,280,598,488,854"
5823,10,False,False,0->0,,,,,16,1652,"387,878,620,184,482,79,898,550,779,722"
5824,10,False,False,0->0,,,,,16,814,"543,226,550,374,80,737,722,87,519,654"
5826,10,False,False,0->0,,,,,16,2499,"340,845,503,394,387,88,337,876,244,714"
5827,10,False,False,0->0,,,,,16,1369,"179,974,660,335,67,617,365,903,873,780"
5828,10,False,False,0->0,,,,,16,2065,"651,922,870,437,566,388,224,883,574,771"
5829,10,False,False,0->0,,,,,16,2203,"511,764,471,283,218,498,722,11,214,93"
5830,10,False,False,0->0,,,,,16,2203,"8,968,16,871,899,922,386,485,788,490"
5831,10,False,False,0->0,,,,,16,1494,"304,324,387,950,231,567,303,158,4,737"
5833,10,True,True,1->1,0.0846322965210502,0.0846322965210502,3.1561102381912898,3.1561102381912898,16,978,"600,203,517,263,907,998,555,731,416,42"
5834,10,False,False,0->0,,,,,16,1698,"834,771,654,635,661,121,78,185,575,350"
5835,10,False,False,0->0,,,,,16,1386,"133,793,832,410,800,954,944,568,653,753"
5836,10,False,False,0->0,,,,,16,1549,"327,995,625,910,740,102,127,837,655,187"
5837,10,False,False,0->0,,,,,16,2069,"6,727,116,426,585,376,504,229,27,863"
5839,10,False,False,0->0,,,,,16,866,"176,231,201,253,16,139,683,989,983,691"
5840,10,False,False,0->0,,,,,16,833,"54,913,422,804,195,834,775,810,610,272"
5842,10,False,False,0->0,,,,,16,1324,"729,206,568,109,16,571,362,624,824,228"
5844,10,False,False,0->0,,,,,16,2256,"135,542,94,653,83,95,497,928,313,818"
5845,10,False,False,0->0,,,,,16,1024,"702,496,707,614,897,14,452,379,283,543"
5846,10,False,False,0->0,,,,,16,1746,"127,276,631,818,629,510,93,617,442,808"
5848,10,False,False,0->0,,,,,16,1991,"578,957,356,895,523,577,93,357,915,426"
5849,10,False,False,0->0,,,,,16,1537,"829,737,680,456,915,688,694,848,142,11"
5850,10,False,False,0->0,,,,,16,1816,"178,419,297,14,857,97,978,507,160,828"
5851,10,False,False,0->0,,,,,16,1327,"209,593,546,456,654,467,995,238,54,969"
5852,10,False,False,0->0,,,,,16,1436,"678,571,728,913,914,662,475,551,225,25"
5855,10,False,False,0->0,,,,,16,2976,"283,951,618,994,545,366,364,19,457,482"
5856,10,False,False,0->0,,,,,16,1635,"700,631,934,317,374,190,12,65,273,751"
5857,10,False,False,0->0,,,,,16,1560,"663,185,785,442,93,103,186,643,742,801"
5858,10,False,False,0->0,,,,,16,1435,"183,505,585,83,638,730,179,501,615,620"
5860,10,False,False,0->0,,,,,16,1808,"120,816,945,369,929,313,226,767,868,963"
5861,10,False,False,0->0,,,,,16,2480,"356,800,87,216,981,811,970,239,784,874"
5863,10,False,False,0->0,,,,,16,1674,"27,915,21,720,802,536,892,250,280,517"
5864,10,False,False,0->0,,,,,16,1529,"503,171,383,483,866,250,189,854,7,320"
5865,10,False,False,0->0,,,,,16,1690,"573,937,252,850,446,563,753,785,302,823"
5866,10,False,False,0->0,,,,,16,1585,"718,496,626,134,175,587,695,729,67,370"
5868,10,False,False,0->0,,,,,16,1310,"527,777,506,802,832,625,697,228,893,931"
5869,10,False,False,0->0,,,,,16,1804,"728,396,29,543,888,316,692,87,599,216"
5870,10,False,False,0->0,,,,,16,1443,"76,488,570,383,47,70,26,14,599,490"
5871,10,False,False,0->0,,,,,16,1448,"272,804,49,511,574,982,130,404,657,690"
5873,10,False,False,0->0,,,,,16,1601,"978,198,289,850,469,790,909,70,973,138"
5874,10,False,False,0->0,,,,,16,928,"913,97,920,266,708,391,220,784,304,190"
5875,10,False,False,0->0,,,,,16,1537,"909,745,694,423,859,993,154,176,395,201"
5876,10,False,False,0->0,,,,,16,2305,"659,192,428,166,623,495,397,629,539,729"
5878,10,False,False,0->0,,,,,16,1724,"64,998,802,758,642,360,47,369,261,253"
5879,10,False,False,0->0,,,,,16,855,"50,556,888,176,307,982,265,389,134,287"
5880,10,False,False,0->0,,,,,16,1601,"585,74,950,307,798,874,147,486,831,933"
5882,10,False,False,0->0,,,,,16,2106,"495,787,880,486,309,953,757,198,899,392"
5883,10,False,False,0->0,,,,,16,1587,"45,161,977,786,768,221,19,436,630,259"
5884,10,False,False,0->0,,,,,16,1425,"513,29,919,454,201,626,641,422,56,758"
5886,10,False,False,0->0,,,,,16,1641,"380,81,82,565,268,17,514,988,784,447"
5887,10,False,False,0->0,,,,,16,1170,"398,429,121,434,122,55,175,724,801,929"
5889,10,False,False,0->0,,,,,16,1862,"755,865,758,451,717,727,655,62,188,8"
5890,10,False,False,0->0,,,,,16,2623,"78,376,577,685,163,312,216,92,235,179"
5891,10,False,False,0->0,,,,,16,1711,"957,821,551,943,279,418,571,629,84,726"
5892,10,False,False,0->0,,,,,16,1818,"96,897,770,262,873,711,431,279,3,868"
5893,10,False,False,0->0,,,,,16,1482,"4,148,788,368,414,888,887,983,56,288"
5894,10,False,False,0->0,,,,,16,1053,"727,793,54,843,828,80,603,77,897,963"
5895,10,False,False,0->0,,,,,16,1343,"416,958,452,843,242,784,730,591,298,228"
5896,10,False,False,0->0,,,,,16,1078,"775,758,144,739,905,236,458,15,857,223"
5897,10,False,False,0->0,,,,,16,1411,"732,788,753,797,164,796,782,385,618,554"
5898,10,False,False,0->0,,,,,16,1587,"883,402,507,81,740,270,260,620,662,335"
5900,10,False,False,0->0,,,,,16,1463,"269,955,718,989,814,154,928,335,614,977"
5904,10,False,False,0->0,,,,,16,1933,"262,315,401,750,194,379,344,61,643,782"
5905,10,False,False,0->0,,,,,16,1212,"649,960,761,688,352,276,245,950,606,424"
5907,10,False,False,0->0,,,,,16,1403,"485,638,995,362,325,719,602,229,992,226"
5908,10,False,False,0->0,,,,,16,1840,"792,423,532,482,398,384,736,444,144,803"
5909,10,False,False,0->0,,,,,16,1221,"957,906,55,749,192,931,455,433,196,622"
5910,10,False,False,0->0,,,,,16,1118,"629,14,873,442,593,695,465,276,454,405"
5911,10,False,False,0->0,,,,,16,1764,"598,490,692,26,583,893,460,637,111,848"
5912,10,False,False,0->0,,,,,16,2526,"884,269,467,626,212,84,37,522,638,36"
5914,10,False,False,0->0,,,,,16,1917,"804,168,453,896,696,392,519,364,816,720"
5915,10,False,False,0->0,,,,,16,1334,"78,192,291,680,708,301,305,565,727,494"
5916,10,False,False,0->0,,,,,16,1431,"224,43,531,696,532,99,505,41,18,38"
5917,10,False,False,0->0,,,,,16,1779,"788,368,718,604,692,582,331,649,374,720"
5918,10,False,False,0->0,,,,,16,925,"59,862,120,317,793,860,677,754,594,558"
5919,10,False,False,0->0,,,,,16,2179,"458,874,827,861,159,332,675,162,331,810"
5920,10,False,False,0->0,,,,,16,1606,"680,535,751,618,467,986,465,836,99,985"
5921,10,False,False,0->0,,,,,16,1828,"266,103,255,592,937,551,968,941,858,753"
5922,10,False,False,0->0,,,,,16,1565,"238,176,875,852,364,495,789,332,500,731"
5923,10,False,False,0->0,,,,,16,1247,"897,920,77,145,551,523,364,302,335,823"
5924,10,False,False,0->0,,,,,16,1194,"760,951,582,194,156,430,654,815,774,691"
5925,10,False,False,0->0,,,,,16,1056,"461,188,580,108,773,696,702,176,606,734"
5926,10,False,False,0->0,,,,,16,854,"501,56,380,425,365,530,159,369,686,791"
5927,10,False,False,0->0,,,,,16,2332,"717,440,57,419,782,712,826,781,774,641"
5929,10,False,False,0->0,,,,,16,1370,"402,759,269,33,61,885,959,717,752,504"
5930,10,False,False,0->0,,,,,16,592,"496,793,23,755,148,602,575,890,429,597"
5931,10,False,False,0->0,,,,,16,922,"689,205,642,310,68,283,475,183,190,962"
5932,10,False,False,0->0,,,,,16,1465,"105,443,223,565,45,181,83,254,718,834"
5933,10,False,False,0->0,,,,,16,1500,"824,792,402,578,761,526,4,409,519,280"
5935,10,False,False,0->0,,,,,16,1134,"597,520,282,981,165,33,205,571,2,242"
5936,10,False,False,0->0,,,,,16,2491,"958,171,175,489,879,942,723,717,621,1"
5937,10,False,False,0->0,,,,,16,1181,"60,211,526,963,852,218,696,416,476,79"
5938,10,False,False,0->0,,,,,16,1188,"911,192,174,963,950,274,674,501,612,957"
5939,10,False,False,0->0,,,,,16,2391,"64,84,469,160,896,284,956,138,43,167"
5940,10,False,False,0->0,,,,,16,1526,"80,913,458,218,291,357,172,803,895,810"
5942,10,False,False,0->0,,,,,16,723,"875,588,402,442,61,444,666,70,521,177"
5943,10,False,False,0->0,,,,,16,1575,"811,837,548,363,94,658,498,96,298,849"
5944,10,False,False,0->0,,,,,16,997,"684,16,503,440,593,686,244,655,415,849"
5945,10,False,False,0->0,,,,,16,2320,"693,304,162,420,887,131,940,262,623,824"
5949,10,False,False,0->0,,,,,16,1847,"669,617,754,104,584,771,959,638,495,50"
5950,10,False,False,0->0,,,,,16,1977,"387,485,390,505,890,77,739,949,781,710"
5951,10,False,False,0->0,,,,,16,1284,"327,425,805,716,930,524,407,941,176,622"
5952,10,False,False,0->0,,,,,16,1508,"601,44,610,261,674,567,97,623,173,193"
5954,10,False,False,0->0,,,,,16,2144,"82,109,496,94,773,305,758,764,168,326"
5955,10,False,False,0->0,,,,,16,1787,"870,132,762,263,582,728,704,88,617,814"
5956,10,False,False,0->0,,,,,16,2152,"844,684,161,148,765,488,614,988,657,837"
5957,10,False,False,0->0,,,,,16,1658,"171,458,277,769,662,546,634,428,877,532"
5958,10,False,False,0->0,,,,,16,1545,"221,563,618,565,376,843,885,344,583,803"
5959,10,False,False,0->0,,,,,16,717,"715,978,790,699,907,382,522,547,357,893"
5960,10,False,False,0->0,,,,,16,1469,"541,352,624,794,372,365,235,197,249,656"
5961,10,False,False,0->0,,,,,16,2693,"974,822,309,64,655,471,633,741,271,672"
5962,10,False,False,0->0,,,,,16,2628,"459,97,64,88,485,602,657,31,738,757"
5963,10,False,False,0->0,,,,,16,1346,"723,526,101,430,501,625,593,673,669,358"
5964,10,False,False,0->0,,,,,16,882,"360,121,265,279,556,176,897,310,531,332"
5965,10,False,False,0->0,,,,,16,2213,"865,845,560,676,196,855,902,250,453,659"
5966,10,False,False,0->0,,,,,16,1216,"574,988,477,385,688,789,694,593,744,949"
5968,10,False,False,0->0,,,,,16,2742,"154,930,3,273,370,419,407,972,417,954"
5969,10,False,False,0->0,,,,,16,1652,"673,434,548,680,861,320,637,769,138,207"
5971,10,False,False,0->0,,,,,16,1621,"948,413,244,217,613,900,372,522,937,517"
5972,10,False,False,0->0,,,,,16,817,"769,195,780,23,570,438,667,922,642,933"
5973,10,False,False,0->0,,,,,16,831,"242,982,814,125,573,398,48,724,595,344"
5974,10,False,False,0->0,,,,,16,1450,"181,731,310,324,147,642,54,826,270,907"
5975,10,False,False,0->0,,,,,16,1251,"302,49,421,537,909,963,989,886,45,623"
5976,10,False,False,0->0,,,,,16,2419,"607,627,522,52,654,649,11,578,614,211"
5978,10,False,False,0->0,,,,,16,2129,"705,522,230,518,468,26,77,508,257,335"
5979,10,False,False,0->0,,,,,16,1556,"99,530,223,365,610,782,77,981,956,395"
5981,10,False,False,0->0,,,,,16,1798,"720,158,607,523,905,599,364,200,853,417"
5983,10,False,False,0->0,,,,,16,1866,"206,694,84,888,786,291,310,639,456,167"
5984,10,False,False,0->0,,,,,16,1440,"393,49,477,619,670,238,711,109,145,737"
5986,10,False,False,0->0,,,,,16,2307,"830,694,200,975,81,906,955,208,917,164"
5987,10,False,False,0->0,,,,,16,1944,"598,401,954,307,136,583,961,130,896,941"
5991,10,False,False,0->0,,,,,16,1525,"971,329,998,981,688,543,184,242,376,384"
5992,10,False,False,0->0,,,,,16,1662,"78,452,277,413,332,845,392,523,105,522"
5993,10,False,False,0->0,,,,,16,1443,"205,50,239,857,474,520,274,6,667,374"
5994,10,False,False,0->0,,,,,16,1622,"627,955,188,164,167,335,817,78,571,794"
5995,10,False,False,0->0,,,,,16,2087,"850,744,174,183,387,134,903,874,220,381"
5996,10,False,False,0->0,,,,,16,1951,"808,716,971,609,187,452,893,320,487,211"
5997,10,False,False,0->0,,,,,16,1651,"438,696,202,685,756,447,587,782,134,463"
5998,10,False,False,0->0,,,,,16,1845,"590,874,770,196,510,921,862,190,214,909"
5999,10,False,False,0->0,,,,,16,933,"249,70,751,225,589,849,185,915,737,221"
6001,10,False,False,0->0,,,,,16,723,"307,781,15,398,61,877,139,856,116,206"
6003,10,False,False,0->0,,,,,16,1002,"723,713,873,317,4,457,652,672,915,261"
6004,10,False,False,0->0,,,,,16,1381,"109,487,688,986,414,429,521,124,844,834"
6006,10,False,False,0->0,,,,,16,1891,"564,252,362,433,943,380,122,512,874,545"
6007,10,False,False,0->0,,,,,16,2261,"217,773,656,716,791,871,874,374,148,338"
6008,10,False,False,0->0,,,,,16,1036,"543,263,938,293,620,47,4,549,368,801"
6009,10,False,False,0->0,,,,,16,1148,"218,85,673,748,564,501,699,299,805,176"
6011,10,False,False,0->0,,,,,16,1673,"555,680,144,54,972,676,879,550,848,164"
6012,10,False,False,0->0,,,,,16,781,"12,720,134,90,585,224,606,192,662,475"
6013,10,False,False,0->0,,,,,16,1207,"253,414,477,515,207,438,124,510,843,226"
6016,10,False,False,0->0,,,,,16,2955,"133,313,776,534,800,431,491,601,756,65"
6017,10,False,False,0->0,,,,,16,2385,"161,930,166,786,254,908,827,858,55,202"
6018,10,False,False,0->0,,,,,16,1226,"496,95,823,691,586,658,54,313,318,288"
6019,10,False,False,0->0,,,,,16,1158,"763,903,496,80,105,705,853,433,473,262"
6020,10,False,False,0->0,,,,,16,962,"982,371,36,568,977,721,299,572,907,247"
6021,10,False,False,0->0,,,,,16,1868,"804,70,952,988,782,808,177,64,43,508"
6023,10,False,False,0->0,,,,,16,1548,"414,506,837,162,581,397,826,396,761,690"
6024,10,False,False,0->0,,,,,16,1784,"921,443,102,476,504,833,162,90,414,696"
6025,10,False,False,0->0,,,,,16,965,"169,408,327,625,888,587,145,637,709,393"
6026,10,False,False,0->0,,,,,16,1060,"749,31,17,391,1000,376,851,566,868,238"
6029,10,False,False,0->0,,,,,16,2875,"786,764,995,879,868,162,476,52,752,845"
6030,10,False,False,0->0,,,,,16,1022,"692,985,801,380,886,674,696,971,309,249"
6031,10,False,False,0->0,,,,,16,1477,"744,52,61,588,60,719,697,746,451,90"
6032,10,False,False,0->0,,,,,16,1053,"18,713,425,727,418,358,370,43,890,254"
6033,10,False,False,0->0,,,,,16,1349,"769,238,403,305,962,522,384,458,774,290"
6034,10,False,False,0->0,,,,,16,1808,"308,203,710,218,86,96,831,321,504,34"
6035,10,False,False,0->0,,,,,16,1776,"734,483,900,710,745,726,677,393,18,943"
6036,10,False,False,0->0,,,,,16,1625,"702,905,461,566,413,776,270,687,49,533"
6038,10,False,False,0->0,,,,,16,1666,"532,808,217,500,415,474,957,444,555,396"
6039,10,False,False,0->0,,,,,16,1499,"423,270,802,697,201,38,975,796,755,192"
6041,10,False,False,0->0,,,,,16,1427,"733,381,575,985,721,718,499,451,137,531"
6042,10,False,False,0->0,,,,,16,1273,"87,719,692,437,899,455,836,434,775,754"
6047,10,False,False,0->0,,,,,16,1662,"606,855,803,100,880,891,783,513,768,512"
6048,10,False,False,0->0,,,,,16,1044,"600,206,715,679,571,359,878,555,739,853"
6049,10,False,False,0->0,,,,,16,1594,"635,380,993,34,97,634,7,140,753,182"
6050,10,False,False,0->0,,,,,12,1450,"307,618,902,359,933,190,964,524,649,568"
6051,10,False,False,0->0,,,,,16,1731,"878,108,852,646,731,515,538,648,987,291"
6052,10,False,False,0->0,,,,,16,1598,"85,147,686,29,755,712,772,315,324,891"
6053,10,False,False,0->0,,,,,16,1852,"198,781,643,945,941,402,824,76,796,19"
6056,10,False,False,0->0,,,,,16,2433,"624,12,210,505,840,600,496,255,190,934"
6057,10,False,False,0->0,,,,,16,2090,"497,512,711,100,833,326,473,134,643,875"
6058,10,False,False,0->0,,,,,16,2495,"753,892,513,264,953,850,928,342,874,920"
6060,10,False,False,0->0,,,,,16,1759,"674,891,121,962,51,419,128,713,990,31"
6061,10,False,False,0->0,,,,,16,1440,"672,315,114,132,51,642,662,174,23,11"
6062,10,False,False,0->0,,,,,16,1132,"769,447,594,691,378,337,875,782,656,862"
6063,10,False,False,0->0,,,,,16,2319,"513,750,567,350,711,34,911,208,248,315"
6064,10,False,False,0->0,,,,,16,1762,"257,563,760,396,95,567,630,243,663,692"
6065,10,False,False,0->0,,,,,16,1596,"423,2,182,580,683,772,885,383,421,172"
6066,10,False,False,0->0,,,,,16,1804,"514,511,152,661,238,527,370,73,640,834"
6069,10,False,False,0->0,,,,,16,2409,"179,456,313,976,511,984,618,136,928,385"
6071,10,False,False,0->0,,,,,16,1313,"134,865,383,702,206,403,493,54,595,867"
6072,10,False,False,0->0,,,,,16,1385,"832,158,558,988,413,16,352,835,48,815"
6073,10,False,False,0->0,,,,,16,2007,"472,521,82,630,225,930,207,350,229,962"
6074,10,False,False,0->0,,,,,16,1717,"457,3,991,834,926,798,629,220,290,86"
6076,10,False,False,0->0,,,,,16,2045,"591,805,646,931,134,783,926,876,172,607"
6077,10,False,False,0->0,,,,,16,1667,"176,804,740,490,103,676,201,726,512,991"
6079,10,False,False,0->0,,,,,16,2133,"883,122,604,526,199,566,163,476,309,429"
6081,10,False,False,0->0,,,,,16,2794,"492,954,661,87,197,659,792,941,867,653"
6082,10,False,False,0->0,,,,,16,2616,"843,934,669,34,208,366,362,880,679,333"
6083,10,False,False,0->0,,,,,16,1048,"720,952,96,902,82,522,197,866,362,352"
6084,10,False,False,0->0,,,,,16,2010,"342,767,706,203,845,899,837,409,910,555"
6086,10,False,False,0->0,,,,,16,2056,"372,733,388,643,716,68,993,67,119,692"
6087,10,False,False,0->0,,,,,16,2492,"248,691,770,366,171,592,539,436,717,827"
6089,10,False,False,0->0,,,,,16,1453,"592,80,225,519,551,461,171,343,130,757"
6090,10,False,False,0->0,,,,,16,2044,"842,332,512,733,135,130,160,220,892,181"
6091,10,False,False,0->0,,,,,16,1653,"391,834,883,375,542,401,609,844,384,914"
6092,10,False,False,0->0,,,,,16,1779,"404,999,493,395,949,101,83,483,331,49"
6093,10,False,False,0->0,,,,,16,2003,"312,986,618,381,195,7,142,987,890,580"
6094,10,False,False,0->0,,,,,16,1583,"26,365,748,587,316,556,790,849,63,651"
6095,10,False,False,0->0,,,,,16,1379,"378,195,444,547,301,886,538,316,845,566"
6096,10,False,False,0->0,,,,,16,2035,"7,47,112,802,133,174,569,344,365,371"
6097,10,False,False,0->0,,,,,16,1199,"192,570,479,852,875,895,888,44,504,655"
6098,10,False,False,0->0,,,,,16,1840,"94,823,152,724,291,187,294,556,98,808"
6099,10,False,False,0->0,,,,,16,1883,"206,692,914,284,424,630,783,316,659,243"
6100,10,False,False,0->0,,,,,16,1791,"423,93,183,759,45,210,447,926,392,831"
6101,10,False,False,0->0,,,,,16,2182,"948,93,754,828,167,868,626,621,627,279"
6102,10,False,False,0->0,,,,,16,2024,"887,934,538,947,43,623,585,552,291,302"
6105,10,False,False,0->0,,,,,16,1310,"636,324,27,687,730,147,890,68,609,538"
6108,10,False,False,0->0,,,,,16,2806,"413,626,657,315,669,717,610,554,508,338"
6109,10,False,False,0->0,,,,,16,2217,"111,803,147,632,62,879,622,955,890,495"
6110,10,False,False,0->0,,,,,16,1577,"824,391,890,363,917,346,53,528,148,760"
6112,10,False,False,0->0,,,,,16,2038,"210,430,141,950,188,319,511,390,999,743"
6113,10,False,False,0->0,,,,,16,2159,"101,197,550,604,140,906,725,508,47,2"
6114,10,False,False,0->0,,,,,16,1612,"272,741,299,15,613,178,774,83,852,863"
6115,10,False,False,0->0,,,,,16,899,"554,581,535,558,690,855,547,636,793,683"
6118,10,False,False,0->0,,,,,16,1239,"31,635,222,739,330,684,148,567,99,868"
6121,10,False,False,0->0,,,,,16,1148,"243,263,245,639,206,494,566,423,685,620"
6123,10,False,False,0->0,,,,,16,1543,"585,931,808,51,542,958,137,236,818,787"
6124,10,False,False,0->0,,,,,16,978,"795,225,155,519,574,94,697,391,767,888"
6127,10,False,False,0->0,,,,,16,1015,"223,603,384,383,705,622,272,632,770,921"
6129,10,False,False,0->0,,,,,16,1040,"340,694,607,338,982,378,176,601,49,148"
6130,10,False,False,0->0,,,,,16,1340,"198,501,508,181,850,528,937,907,180,854"
6132,10,False,False,0->0,,,,,16,2021,"927,843,935,146,802,194,921,693,989,972"
6133,10,False,False,0->0,,,,,16,995,"858,120,187,531,169,755,689,672,293,182"
6134,10,False,False,0->0,,,,,16,2635,"65,55,238,165,99,498,210,467,160,742"
6136,10,False,False,0->0,,,,,16,1357,"606,443,565,265,135,527,405,618,446,573"
6137,10,False,False,0->0,,,,,16,2626,"297,244,524,657,767,624,88,21,726,538"
6139,10,False,False,0->0,,,,,16,1495,"68,346,96,426,228,117,599,229,662,17"
6140,10,False,False,0->0,,,,,16,2349,"485,105,259,569,694,47,73,266,824,970"
6141,10,False,False,0->0,,,,,16,1330,"132,614,79,130,276,955,287,212,660,721"
6142,10,False,False,0->0,,,,,16,1541,"795,906,390,826,15,401,498,411,172,791"
6143,10,False,False,0->0,,,,,16,1595,"949,759,808,557,232,811,667,69,253,20"
6145,10,False,False,0->0,,,,,16,1731,"589,611,94,836,52,872,113,849,419,523"
6148,10,False,False,0->0,,,,,16,2198,"582,31,536,802,710,245,798,203,883,438"
6149,10,False,False,0->0,,,,,16,1514,"638,490,423,513,631,86,549,113,266,409"
6150,10,False,False,0->0,,,,,16,1676,"573,848,629,197,133,253,790,22,856,622"
6151,10,False,False,0->0,,,,,16,1275,"22,792,160,48,736,570,853,150,972,983"
6153,10,False,False,0->0,,,,,16,1302,"319,318,848,952,654,756,999,324,957,452"
6154,10,False,False,0->0,,,,,16,1027,"344,293,57,732,318,833,788,899,486,530"
6155,10,False,False,0->0,,,,,16,1288,"734,813,174,817,943,206,980,919,409,538"
6156,10,False,False,0->0,,,,,16,1376,"685,514,849,309,316,914,359,615,557,381"
6157,10,False,False,0->0,,,,,16,1869,"444,279,211,524,96,732,413,320,653,735"
6158,10,False,False,0->0,,,,,16,1031,"762,796,57,637,181,804,468,85,597,177"
6160,10,False,False,0->0,,,,,16,1046,"885,159,892,280,788,558,22,59,976,630"
6161,10,False,False,0->0,,,,,16,1419,"581,660,679,37,119,381,694,446,41,975"
6162,10,False,False,0->0,,,,,16,1585,"564,479,488,365,78,186,423,135,499,183"
6164,10,False,False,0->0,,,,,16,2073,"88,785,439,943,521,141,144,676,392,24"
6166,10,False,False,0->0,,,,,16,1047,"500,83,134,100,592,285,552,29,689,67"
6170,10,False,False,0->0,,,,,16,1758,"811,674,452,52,333,246,426,539,145,194"
6171,10,False,False,0->0,,,,,16,2216,"619,632,38,764,491,276,769,610,906,677"
6172,10,False,False,0->0,,,,,16,2481,"855,463,423,316,635,604,601,36,431,743"
6174,10,False,False,0->0,,,,,16,1778,"1,126,372,174,241,301,548,56,304,233"
6176,10,False,False,0->0,,,,,16,1115,"877,913,546,842,53,152,132,505,310,376"
6177,10,False,False,0->0,,,,,16,1211,"994,207,77,964,472,29,31,439,526,563"
6178,10,False,False,0->0,,,,,16,2658,"266,871,929,739,141,715,423,133,887,140"
6179,10,False,False,0->0,,,,,16,2184,"441,980,938,818,375,473,20,771,84,895"
6180,10,False,False,0->0,,,,,16,771,"524,554,884,621,477,793,981,715,572,774"
6181,10,False,False,0->0,,,,,16,910,"773,128,183,421,993,741,555,491,984,921"
6182,10,False,False,0->0,,,,,16,1991,"828,571,605,903,955,204,319,568,36,711"
6183,10,False,False,0->0,,,,,16,3017,"251,624,657,404,98,482,302,398,685,216"
6184,10,False,False,0->0,,,,,16,2911,"326,512,73,185,724,245,105,677,577,409"
6187,10,False,False,0->0,,,,,16,2767,"140,14,284,505,720,350,407,643,865,370"
6188,10,False,False,0->0,,,,,16,1345,"369,794,802,988,242,986,142,134,931,616"
6190,10,False,False,0->0,,,,,16,1951,"4,19,417,990,563,283,363,823,331,858"
6191,10,False,False,0->0,,,,,16,2482,"58,862,230,142,396,830,776,534,173,198"
6192,10,False,False,0->0,,,,,16,1060,"752,867,77,849,260,515,19,79,715,873"
6193,10,False,False,0->0,,,,,16,2386,"802,687,791,491,52,741,482,139,727,485"
6195,10,False,False,0->0,,,,,16,1619,"137,512,524,703,570,183,765,792,74,519"
6196,10,False,False,0->0,,,,,16,2273,"402,858,857,618,740,934,264,41,605,24"
6198,10,False,False,0->0,,,,,16,1911,"771,410,543,927,703,128,776,144,782,405"
6199,10,False,False,0->0,,,,,16,2107,"708,84,411,906,649,752,90,633,880,103"
6201,10,False,False,0->0,,,,,16,2270,"874,742,709,454,921,681,740,109,627,245"
6202,10,False,False,0->0,,,,,16,2501,"768,739,197,312,461,676,102,490,363,840"
6203,10,False,False,0->0,,,,,16,1172,"483,635,360,152,73,114,272,872,307,441"
6204,10,False,False,0->0,,,,,16,783,"895,788,225,642,279,46,938,968,595,524"
6206,10,False,False,0->0,,,,,16,1156,"828,141,405,421,33,107,983,193,130,144"
6209,10,False,False,0->0,,,,,16,1178,"857,247,239,985,217,543,685,67,143,802"
6210,10,False,False,0->0,,,,,16,2085,"99,350,430,122,539,248,400,477,16,172"
6211,10,False,False,0->0,,,,,16,2187,"746,182,790,508,38,530,266,207,230,724"
6212,10,False,False,0->0,,,,,16,1878,"400,370,553,325,209,898,935,948,567,817"
6213,10,False,False,0->0,,,,,16,2989,"853,877,651,350,528,203,3,661,505,298"
6214,10,False,False,0->0,,,,,16,1630,"700,552,558,443,430,888,842,265,517,998"
6215,10,False,False,0->0,,,,,16,1388,"41,899,753,588,365,404,456,95,827,574"
6216,10,False,False,0->0,,,,,16,1469,"166,781,581,755,179,870,277,299,302,880"
6217,10,False,False,0->0,,,,,16,1123,"618,929,65,130,557,422,54,112,205,376"
6218,10,False,False,0->0,,,,,16,1352,"572,769,498,595,326,992,753,27,870,968"
6219,10,False,False,0->0,,,,,16,1886,"981,397,659,380,989,206,262,789,694,493"
6220,10,False,False,0->0,,,,,16,1311,"513,44,854,600,359,970,207,493,201,738"
6221,10,False,False,0->0,,,,,16,1783,"65,44,179,273,404,685,900,683,710,481"
6222,10,False,False,0->0,,,,,16,1804,"638,896,764,436,977,137,199,469,709,301"
6223,10,False,False,0->0,,,,,16,1339,"194,921,455,514,403,614,251,125,458,903"
6225,10,False,False,0->0,,,,,16,1436,"617,9,649,364,897,749,412,78,546,510"
6226,10,False,False,0->0,,,,,16,1567,"988,378,362,530,961,102,905,725,785,826"
6227,10,False,False,0->0,,,,,16,1707,"487,514,714,422,68,317,867,879,938,845"
6228,10,False,False,0->0,,,,,16,1733,"85,369,921,908,619,724,420,845,785,177"
6229,10,False,False,0->0,,,,,16,1743,"68,179,382,333,493,459,330,184,937,827"
6231,10,False,False,0->0,,,,,16,1980,"358,426,217,566,379,673,197,346,408,537"
6232,10,False,False,0->0,,,,,16,1718,"371,643,805,887,774,301,715,826,235,872"
6233,10,False,False,0->0,,,,,16,1800,"806,781,479,136,389,703,980,297,145,147"
6234,10,False,False,0->0,,,,,16,1667,"852,308,426,387,884,703,301,25,683,202"
6236,10,False,False,0->0,,,,,16,2498,"166,890,764,389,95,309,362,993,661,808"
6237,10,False,False,0->0,,,,,16,1458,"791,943,767,570,621,110,273,557,986,760"
6239,10,False,False,0->0,,,,,16,2912,"263,619,776,401,845,800,447,141,789,523"
6240,10,False,False,0->0,,,,,16,1355,"724,930,195,37,573,146,850,177,726,155"
6242,10,False,False,0->0,,,,,16,941,"558,90,568,514,765,241,127,139,908,975"
6243,10,False,False,0->0,,,,,16,1609,"78,935,85,791,973,343,975,494,132,773"
6244,10,False,False,0->0,,,,,16,1723,"962,63,127,806,621,588,594,326,242,786"
6245,10,False,False,0->0,,,,,16,2001,"195,553,594,380,789,808,692,822,690,736"
6246,10,False,False,0->0,,,,,16,1252,"719,407,680,616,937,422,607,694,823,49"
6247,10,False,False,0->0,,,,,16,1315,"510,706,712,412,921,272,575,344,32,244"
6248,10,False,False,0->0,,,,,16,2190,"57,707,45,980,331,366,774,376,36,744"
6250,10,False,False,0->0,,,,,16,1973,"357,650,726,60,512,736,999,400,396,291"
6251,10,False,False,0->0,,,,,16,2580,"987,520,154,230,264,586,293,241,919,254"
6252,10,False,False,0->0,,,,,16,1528,"443,447,520,952,199,605,565,611,602,204"
6254,10,False,False,0->0,,,,,16,1813,"551,139,800,259,652,762,241,908,246,476"
6256,10,False,False,0->0,,,,,16,1791,"959,994,42,69,242,768,366,911,666,411"
6257,10,False,False,0->0,,,,,16,1491,"491,224,246,550,693,602,919,157,325,423"
6258,10,False,False,0->0,,,,,16,1007,"641,327,517,715,248,599,793,433,271,124"
6261,10,False,False,0->0,,,,,16,1490,"800,958,943,78,734,260,473,564,173,454"
6262,10,False,False,0->0,,,,,16,1583,"293,507,693,428,654,429,762,619,199,37"
6263,10,False,False,0->0,,,,,16,2882,"852,264,163,94,86,262,482,847,767,837"
6264,10,False,False,0->0,,,,,16,1586,"335,539,308,521,405,906,730,840,552,713"
6265,10,False,False,0->0,,,,,16,1687,"648,806,241,373,224,541,772,410,106,264"
6267,10,False,False,0->0,,,,,16,1033,"914,588,823,530,754,97,993,600,112,415"
6268,10,False,False,0->0,,,,,16,1804,"409,420,995,966,51,981,44,471,833,335"
6269,10,False,False,0->0,,,,,16,2119,"167,571,474,366,940,289,663,31,253,175"
6270,10,False,False,0->0,,,,,16,1329,"465,201,25,314,417,949,238,905,556,239"
6271,10,False,False,0->0,,,,,16,1469,"538,954,267,860,678,495,742,832,643,441"
6273,10,False,False,0->0,,,,,16,1754,"542,710,41,489,303,695,456,239,164,383"
6274,10,False,False,0->0,,,,,16,2362,"941,535,626,476,658,746,487,860,473,782"
6275,10,False,False,0->0,,,,,16,1587,"138,189,577,748,272,54,927,410,214,43"
6277,10,False,False,0->0,,,,,16,1677,"335,7,120,260,175,728,654,291,960,132"
6278,10,False,False,0->0,,,,,16,1264,"121,742,581,400,736,813,927,686,383,833"
6280,10,False,False,0->0,,,,,16,1305,"182,82,769,305,263,104,446,52,288,599"
6281,10,False,False,0->0,,,,,16,988,"492,243,536,29,158,337,950,384,352,582"
6282,10,False,False,0->0,,,,,16,1836,"87,111,198,924,138,257,266,365,928,404"
6285,10,False,False,0->0,,,,,16,1279,"968,11,557,135,692,42,199,646,356,930"
6288,10,False,False,0->0,,,,,16,1905,"659,111,673,950,570,953,122,558,517,655"
6289,10,False,False,0->0,,,,,16,1384,"211,613,251,411,954,604,649,760,711,101"
6290,10,False,False,0->0,,,,,16,1172,"849,421,402,389,388,82,179,638,269,483"
6292,10,False,False,0->0,,,,,16,2238,"136,612,438,822,32,507,455,413,479,988"
6294,10,False,False,0->0,,,,,16,1857,"902,102,636,193,583,370,607,618,214,52"
6296,10,False,False,0->0,,,,,16,787,"550,631,124,393,933,539,656,796,985,477"
6298,10,False,False,0->0,,,,,16,1361,"639,572,358,100,756,677,780,20,675,253"
6299,10,False,False,0->0,,,,,16,1302,"412,603,383,1000,517,539,396,660,269,332"
6300,10,False,False,0->0,,,,,16,1275,"280,552,208,833,422,926,523,248,919,16"
6301,10,False,False,0->0,,,,,16,2560,"668,36,186,326,913,130,159,929,285,657"
6302,10,False,False,0->0,,,,,16,2202,"471,597,676,640,243,473,241,706,1,359"
6303,10,False,False,0->0,,,,,16,1781,"677,733,174,158,378,157,977,753,386,834"
6305,10,False,False,0->0,,,,,16,1484,"774,184,312,603,426,212,22,198,473,86"
6306,10,False,False,0->0,,,,,16,1933,"777,74,183,533,342,463,134,88,135,357"
6307,10,False,False,0->0,,,,,16,1903,"131,91,543,479,730,803,426,109,90,980"
6308,10,False,False,0->0,,,,,16,1631,"648,597,273,972,310,471,11,731,905,761"
6309,10,False,False,0->0,,,,,16,1597,"926,656,274,883,263,989,471,135,574,724"
6310,10,False,False,0->0,,,,,16,1909,"375,130,426,983,85,217,135,760,768,835"
6311,10,False,False,0->0,,,,,16,1240,"677,425,763,737,487,604,867,481,795,477"
6312,10,False,False,0->0,,,,,16,1767,"39,623,873,192,473,32,350,131,146,233"
6313,10,False,False,0->0,,,,,16,862,"708,265,271,780,131,184,526,553,697,411"
6314,10,False,False,0->0,,,,,16,1777,"471,763,632,856,554,917,832,606,325,412"
6318,10,False,False,0->0,,,,,16,1463,"758,652,34,431,888,688,953,934,908,404"
6319,10,False,False,0->0,,,,,16,1558,"127,8,460,490,907,422,558,910,845,804"
6320,10,False,False,0->0,,,,,16,1747,"381,444,837,280,511,738,47,263,136,705"
6321,10,False,False,0->0,,,,,16,1763,"416,786,291,991,342,374,982,134,838,626"
6325,10,False,False,0->0,,,,,16,2363,"830,827,424,88,961,390,164,784,605,949"
6326,10,False,False,0->0,,,,,16,1680,"968,834,475,511,380,962,776,654,62,684"
6327,10,False,False,0->0,,,,,16,1258,"520,244,138,330,161,840,736,134,169,327"
6329,10,False,False,0->0,,,,,16,1527,"890,651,51,415,376,742,391,312,623,287"
6332,10,False,False,0->0,,,,,16,1276,"725,94,557,503,773,669,886,672,963,218"
6333,10,False,False,0->0,,,,,16,1123,"854,169,272,592,322,192,963,396,755,625"
6334,10,False,False,0->0,,,,,16,1687,"798,956,320,426,789,601,739,556,769,352"
6335,10,False,False,0->0,,,,,16,1666,"184,694,829,623,161,145,917,338,407,617"
6337,10,False,False,0->0,,,,,16,1631,"487,555,248,498,42,45,863,381,519,929"
6338,10,False,False,0->0,,,,,16,1794,"161,186,574,887,304,272,164,945,396,638"
6339,10,False,False,0->0,,,,,16,1341,"82,535,511,805,921,693,87,781,795,226"
6340,10,False,False,0->0,,,,,16,1414,"383,531,87,138,906,976,753,335,792,201"
6341,10,False,False,0->0,,,,,16,1974,"474,643,200,2,670,547,744,329,827,164"
6342,10,False,False,0->0,,,,,16,911,"543,759,277,139,719,48,45,522,174,778"
6344,10,False,False,0->0,,,,,16,1700,"956,428,732,496,448,976,70,454,19,782"
6345,10,False,False,0->0,,,,,16,1376,"135,572,487,321,970,262,718,235,387,933"
6346,10,False,False,0->0,,,,,16,1686,"491,883,247,717,970,444,517,262,591,187"
6347,10,False,False,0->0,,,,,16,1300,"337,379,884,131,247,573,122,175,383,782"
6348,10,False,False,0->0,,,,,16,2740,"218,542,182,942,631,32,728,482,567,666"
6349,10,False,False,0->0,,,,,16,2277,"11,907,772,900,120,381,821,304,573,658"
6350,10,False,False,0->0,,,,,16,1060,"810,398,522,866,414,137,463,547,131,405"
6351,10,False,False,0->0,,,,,16,1438,"48,297,253,546,81,893,541,594,528,702"
6352,10,False,False,0->0,,,,,16,1222,"176,223,777,726,803,409,649,723,555,56"
6353,10,False,False,0->0,,,,,16,1636,"150,822,982,910,335,679,712,907,378,36"
6355,10,False,False,0->0,,,,,16,1505,"526,163,458,720,666,440,496,114,96,7"
6356,10,False,False,0->0,,,,,16,1113,"499,703,63,45,914,635,335,662,47,506"
6357,10,False,False,0->0,,,,,16,1571,"303,184,585,375,769,601,782,182,816,620"
6359,10,False,False,0->0,,,,,16,2632,"495,655,643,337,229,633,503,171,776,429"
6361,10,False,False,0->0,,,,,16,1816,"694,467,995,518,719,621,952,858,164,768"
6362,10,False,False,0->0,,,,,16,905,"477,192,675,233,592,389,696,959,111,384"
6363,10,False,False,0->0,,,,,16,1401,"18,806,566,789,930,960,734,114,506,508"
6364,10,False,False,0->0,,,,,16,1757,"199,309,976,857,604,602,646,862,254,842"
6365,10,False,False,0->0,,,,,16,1303,"33,430,531,832,226,297,903,4,670,88"
6366,10,False,False,0->0,,,,,16,1359,"604,616,245,426,954,978,48,59,322,244"
6367,10,False,False,0->0,,,,,16,2643,"668,837,716,943,264,458,636,259,581,843"
6368,10,False,False,0->0,,,,,16,1462,"574,520,616,320,828,678,293,11,305,738"
6369,10,False,False,0->0,,,,,16,2873,"567,368,640,55,725,749,610,343,740,577"
6370,10,False,False,0->0,,,,,16,1114,"454,543,70,532,833,158,774,817,64,373"
6371,10,False,False,0->0,,,,,16,1824,"415,477,224,252,426,245,956,31,388,95"
6372,10,False,False,0->0,,,,,16,1639,"310,984,587,640,471,457,140,940,704,660"
6373,10,False,False,0->0,,,,,16,1642,"779,444,777,15,114,558,676,232,189,374"
6374,10,False,False,0->0,,,,,16,1163,"212,738,686,782,37,878,897,522,527,266"
6375,10,False,False,0->0,,,,,16,2333,"265,419,454,168,510,19,583,669,943,619"
6376,10,False,False,0->0,,,,,16,2365,"808,37,680,694,783,24,624,505,775,109"
6377,10,False,False,0->0,,,,,16,1689,"658,107,681,457,96,198,726,283,980,447"
6379,10,False,False,0->0,,,,,16,1062,"443,211,705,631,950,236,83,558,167,415"
6380,10,False,False,0->0,,,,,16,1563,"163,287,360,319,902,949,251,376,636,428"
6381,10,False,False,0->0,,,,,16,1313,"196,225,867,49,500,890,638,519,485,337"
6382,10,False,False,0->0,,,,,16,892,"398,618,563,46,177,528,58,203,285,317"
6383,10,False,False,0->0,,,,,16,1686,"886,378,130,681,969,309,365,370,844,718"
6384,10,False,False,0->0,,,,,16,1569,"775,977,899,148,181,329,931,729,512,381"
6385,10,False,False,0->0,,,,,16,1313,"790,60,835,109,100,875,252,707,893,727"
6386,10,False,False,0->0,,,,,16,1149,"775,390,542,378,46,938,87,753,553,741"
6387,10,False,False,0->0,,,,,16,650,"899,842,689,715,398,391,382,520,781,945"
6388,10,False,False,0->0,,,,,16,2306,"541,96,607,517,174,859,458,95,634,973"
6389,10,False,False,0->0,,,,,16,1010,"369,779,691,583,975,231,639,107,24,929"
6391,10,False,False,0->0,,,,,16,1367,"6,518,284,687,121,32,973,249,82,675"
6393,10,False,False,0->0,,,,,16,2135,"896,526,640,381,831,321,439,651,649,751"
6394,10,False,False,0->0,,,,,16,1509,"574,376,792,508,166,861,249,817,109,43"
6395,10,False,False,0->0,,,,,16,1543,"392,720,982,500,307,933,847,395,614,42"
6396,10,False,False,0->0,,,,,16,1154,"347,678,772,978,690,186,20,305,277,856"
6397,10,False,False,0->0,,,,,16,1356,"934,533,100,33,423,723,507,538,582,964"
6398,10,False,False,0->0,,,,,16,969,"619,239,823,895,999,25,521,294,133,783"
6399,10,False,False,0->0,,,,,16,3138,"748,706,104,395,451,210,39,741,962,386"
6400,10,False,False,0->0,,,,,16,2521,"206,702,390,871,358,79,332,216,78,247"
6401,10,False,False,0->0,,,,,16,801,"481,178,456,249,76,78,838,527,877,609"
6402,10,False,False,0->0,,,,,16,1398,"597,542,364,614,245,392,80,418,422,107"
6403,10,False,False,0->0,,,,,16,2833,"497,726,54,640,62,366,416,298,230,607"
6405,10,False,False,0->0,,,,,16,2264,"198,532,131,945,735,405,373,105,520,80"
6406,10,False,False,0->0,,,,,16,1476,"798,883,984,47,386,615,63,725,735,770"
6407,10,False,False,0->0,,,,,16,1811,"154,389,290,125,877,829,558,700,910,142"
6409,10,False,False,0->0,,,,,16,1774,"945,310,176,654,672,887,411,668,572,374"
6410,10,False,False,0->0,,,,,16,2154,"226,159,884,188,387,951,852,546,216,706"
6411,10,False,False,0->0,,,,,16,1682,"921,403,757,308,476,39,363,53,632,208"
6412,10,False,False,0->0,,,,,16,1740,"147,772,43,928,557,468,54,893,570,937"
6413,10,False,False,0->0,,,,,16,2082,"216,386,874,117,983,195,588,232,376,105"
6414,10,False,False,0->0,,,,,16,1045,"911,927,803,594,107,9,223,805,614,167"
6416,10,False,False,0->0,,,,,16,1264,"557,165,605,821,107,970,670,531,372,784"
6417,10,False,False,0->0,,,,,16,1221,"486,104,520,950,494,620,383,749,954,817"
6418,10,False,False,0->0,,,,,16,1540,"992,746,239,190,249,431,241,109,271,186"
6420,10,False,False,0->0,,,,,16,1920,"831,248,184,659,551,615,677,770,954,9"
6421,10,False,False,0->0,,,,,16,1663,"263,165,958,363,977,209,454,69,689,446"
6422,10,False,False,0->0,,,,,16,1501,"407,884,216,654,314,101,518,278,463,106"
6424,10,False,False,0->0,,,,,16,1155,"970,127,711,172,22,362,958,866,226,315"
6425,10,False,False,0->0,,,,,16,1766,"159,465,189,91,541,262,658,421,147,304"
6426,10,False,False,0->0,,,,,16,836,"318,461,755,192,23,797,65,263,899,418"
6427,10,False,False,0->0,,,,,16,1200,"429,400,522,94,34,42,48,54,741,653"
6428,10,False,False,0->0,,,,,16,1667,"220,680,173,73,68,148,41,192,420,863"
6429,10,False,False,0->0,,,,,16,1490,"890,203,874,373,77,547,193,550,131,829"
6431,10,False,False,0->0,,,,,16,1790,"755,603,791,958,431,913,225,861,802,98"
6432,10,False,False,0->0,,,,,16,3213,"802,196,852,739,445,553,419,127,717,163"
6433,10,False,False,0->0,,,,,16,1429,"771,238,722,875,948,985,745,157,102,552"
6434,10,False,False,0->0,,,,,16,1819,"5,611,98,181,833,943,271,163,37,282"
6435,10,False,False,0->0,,,,,16,1549,"143,41,74,604,735,762,18,409,587,813"
6438,10,False,False,0->0,,,,,16,1969,"847,929,36,80,72,892,681,758,676,883"
6440,10,False,False,0->0,,,,,16,2012,"618,327,57,887,952,989,817,148,416,845"
6441,10,False,False,0->0,,,,,16,1281,"498,956,878,831,171,94,119,541,322,279"
6443,10,False,False,0->0,,,,,16,2993,"291,264,495,943,564,444,208,272,88,407"
6445,10,False,False,0->0,,,,,16,981,"421,86,5,714,358,410,600,465,670,401"
6446,10,False,False,0->0,,,,,16,1024,"503,297,120,465,984,656,530,591,422,125"
6447,10,False,False,0->0,,,,,16,1741,"422,706,492,755,489,787,976,971,961,265"
6448,10,False,False,0->0,,,,,16,1544,"187,451,160,554,389,64,207,233,722,710"
6449,10,False,False,0->0,,,,,16,2184,"929,55,424,247,444,979,13,553,968,764"
6451,10,False,False,0->0,,,,,16,2273,"518,657,210,758,949,774,380,467,394,111"
6453,10,False,False,0->0,,,,,16,1786,"962,78,177,143,347,120,917,528,802,811"
6455,10,False,False,0->0,,,,,16,1924,"273,61,772,988,733,54,479,457,8,241"
6456,10,False,False,0->0,,,,,16,1762,"67,11,162,193,880,69,895,994,603,409"
6457,10,False,False,0->0,,,,,16,995,"497,180,948,220,254,12,444,404,65,543"
6458,10,False,False,0->0,,,,,16,3241,"84,657,120,764,612,304,681,21,401,90"
6459,10,False,False,0->0,,,,,16,2752,"251,661,832,861,24,800,285,845,467,584"
6460,10,False,False,0->0,,,,,16,2092,"55,11,700,976,877,379,801,986,407,945"
6461,10,False,False,0->0,,,,,16,2679,"505,103,92,495,733,703,727,868,77,366"
6462,10,False,False,0->0,,,,,16,1325,"903,851,999,630,138,972,887,866,857,969"
6463,10,False,False,0->0,,,,,16,1105,"771,325,673,515,580,98,716,704,503,591"
6464,10,False,False,0->0,,,,,16,1846,"46,150,938,762,229,632,536,653,80,896"
6465,10,False,False,0->0,,,,,16,2191,"277,821,639,678,805,430,760,822,160,440"
6467,10,False,False,0->0,,,,,16,1590,"913,277,568,872,720,727,408,127,426,693"
6469,10,False,False,0->0,,,,,16,2451,"978,488,370,606,31,857,917,690,489,544"
6471,10,False,False,0->0,,,,,16,1570,"6,188,178,429,942,54,731,621,721,268"
6472,10,False,False,0->0,,,,,16,2729,"217,404,230,544,539,485,979,593,927,420"
6473,10,False,False,0->0,,,,,16,1029,"276,926,658,204,650,436,930,184,902,719"
6474,10,False,False,0->0,,,,,16,1790,"641,555,4,883,414,744,7,138,222,871"
6475,10,False,False,0->0,,,,,16,1432,"595,471,147,220,886,242,711,910,386,465"
6476,10,False,False,0->0,,,,,16,1749,"488,299,366,65,221,18,805,479,945,247"
6477,10,False,False,0->0,,,,,16,1685,"401,305,648,343,503,378,259,16,45,77"
6479,10,False,False,0->0,,,,,16,2524,"212,626,999,174,924,124,613,863,542,917"
6481,10,False,False,0->0,,,,,16,1748,"174,319,768,581,930,917,203,461,999,745"
6482,10,False,False,0->0,,,,,16,2345,"602,673,178,88,616,567,133,262,777,577"
6483,10,False,False,0->0,,,,,16,1990,"112,40,468,26,221,822,602,11,924,85"
6484,10,False,False,0->0,,,,,16,2032,"165,267,868,985,783,253,363,756,609,141"
6485,10,False,False,0->0,,,,,16,1548,"119,128,473,983,184,613,390,498,242,350"
6487,10,False,False,0->0,,,,,16,1181,"618,493,907,457,951,806,158,526,695,412"
6488,10,False,False,0->0,,,,,16,1413,"461,441,4,661,758,261,569,787,707,386"
6489,10,False,False,0->0,,,,,16,1679,"206,642,199,343,69,259,909,842,373,440"
6490,10,False,False,0->0,,,,,16,1258,"770,7,715,479,140,429,45,458,205,386"
6491,10,False,False,0->0,,,,,16,1700,"202,633,731,34,187,318,922,982,569,485"
6492,10,False,False,0->0,,,,,16,1928,"421,930,992,609,943,475,274,127,198,822"
6493,10,False,False,0->0,,,,,16,1612,"629,120,122,721,743,785,844,831,915,646"
6494,10,False,False,0->0,,,,,16,1616,"447,278,317,157,727,878,358,887,983,600"
6495,10,False,False,0->0,,,,,16,1962,"681,922,758,177,247,504,446,735,679,966"
6496,10,False,False,0->0,,,,,16,937,"803,715,760,403,759,703,220,791,59,602"
6497,10,False,False,0->0,,,,,16,1131,"935,580,795,268,853,144,304,103,850,553"
6498,10,False,False,0->0,,,,,16,1751,"902,934,319,287,876,680,536,385,909,2"
6499,10,False,False,0->0,,,,,16,1883,"942,815,947,522,725,512,554,848,428,648"
6501,10,False,False,0->0,,,,,16,1723,"4,808,515,190,200,327,550,948,68,589"
6502,10,False,False,0->0,,,,,16,1815,"573,95,676,717,821,849,652,568,323,988"
6503,10,False,False,0->0,,,,,16,2076,"768,444,488,11,228,837,636,871,476,267"
6504,10,False,False,0->0,,,,,16,2158,"776,567,410,506,602,305,756,100,700,235"
6505,10,False,False,0->0,,,,,16,1162,"376,355,553,413,842,668,24,362,387,398"
6506,10,False,False,0->0,,,,,16,1364,"875,769,988,581,277,456,172,331,676,14"
6507,10,False,False,0->0,,,,,16,1477,"59,910,473,852,623,716,38,189,314,294"
6508,10,False,False,0->0,,,,,16,1835,"238,138,439,81,239,85,928,408,556,327"
6511,10,False,False,0->0,,,,,16,1730,"352,29,276,743,853,460,453,140,958,729"
6512,10,False,False,0->0,,,,,16,1856,"959,758,988,621,599,815,197,229,600,968"
6513,10,False,False,0->0,,,,,16,2016,"824,72,829,166,119,702,444,131,805,8"
6514,10,False,False,0->0,,,,,16,1369,"211,314,927,440,563,218,42,77,774,230"
6515,10,False,False,0->0,,,,,16,1110,"79,588,977,86,433,515,612,755,953,898"
6516,10,False,False,0->0,,,,,16,1436,"402,674,532,386,802,454,538,116,853,524"
6518,10,False,False,0->0,,,,,16,1188,"617,454,169,959,181,851,694,862,710,289"
6519,10,False,False,0->0,,,,,16,1124,"96,232,138,233,127,362,212,164,32,199"
6520,10,False,False,0->0,,,,,16,1441,"518,9,249,265,655,491,760,107,556,224"
6521,10,False,False,0->0,,,,,16,1150,"221,448,411,108,969,615,744,443,501,46"
6522,10,False,False,0->0,,,,,16,2989,"166,410,626,324,91,95,19,413,321,802"
6523,10,False,False,0->0,,,,,16,1198,"246,434,798,769,927,563,856,627,415,818"
6524,10,False,False,0->0,,,,,16,1554,"694,423,69,558,711,127,598,223,994,919"
6525,10,False,False,0->0,,,,,16,627,"360,709,715,310,446,169,568,279,220,878"
6526,10,False,False,0->0,,,,,16,1956,"870,693,548,515,424,308,463,941,201,817"
6528,10,False,False,0->0,,,,,16,1929,"757,567,523,663,814,116,173,681,294,424"
6529,10,False,False,0->0,,,,,16,2262,"37,735,473,781,51,26,811,785,589,284"
6530,10,False,False,0->0,,,,,16,1647,"56,242,717,472,437,363,549,301,585,269"
6531,10,False,False,0->0,,,,,16,2155,"517,804,607,788,229,715,828,843,55,652"
6533,10,False,False,0->0,,,,,16,1302,"899,699,147,695,731,327,206,33,229,60"
6534,10,False,False,0->0,,,,,16,1075,"790,543,487,199,245,913,545,192,705,412"
6536,10,False,False,0->0,,,,,16,1152,"598,293,508,452,725,410,317,76,352,789"
6538,10,False,False,0->0,,,,,16,1198,"625,372,171,676,875,459,618,637,824,500"
6539,10,False,False,0->0,,,,,16,1663,"892,59,178,335,990,880,176,716,265,55"
6543,10,False,False,0->0,,,,,16,2601,"896,370,194,136,385,453,705,404,587,627"
6545,10,False,False,0->0,,,,,16,1565,"188,431,908,762,2,320,868,514,389,515"
6546,10,False,False,0->0,,,,,16,1884,"855,857,109,659,532,597,380,192,587,727"
6547,10,False,False,0->0,,,,,16,1897,"853,38,398,92,989,23,622,428,556,163"
6548,10,False,False,0->0,,,,,16,1125,"908,152,724,207,896,975,391,175,246,601"
6550,10,False,False,0->0,,,,,16,1261,"380,550,630,589,853,938,463,731,67,68"
6552,10,False,False,0->0,,,,,16,1172,"781,732,733,857,100,685,474,1,68,476"
6555,10,False,False,0->0,,,,,16,1957,"604,892,750,423,384,297,412,279,987,620"
6556,10,False,False,0->0,,,,,16,1332,"97,72,694,57,813,413,83,613,867,310"
6557,10,False,False,0->0,,,,,16,1669,"689,973,680,189,315,606,730,941,632,790"
6558,10,False,False,0->0,,,,,16,1707,"319,567,968,736,707,703,33,673,731,548"
6560,10,False,False,0->0,,,,,16,1626,"167,396,724,609,732,410,748,687,866,350"
6561,10,False,False,0->0,,,,,16,1363,"494,202,13,391,953,109,640,533,730,121"
6562,10,False,False,0->0,,,,,16,1541,"621,699,773,253,832,763,370,490,992,765"
6563,10,False,False,0->0,,,,,16,2343,"246,593,169,987,955,259,655,362,112,392"
6564,10,False,False,0->0,,,,,16,1409,"160,262,891,849,684,583,586,592,205,777"
6568,10,False,False,0->0,,,,,16,1661,"570,845,501,37,158,187,207,171,231,528"
6570,10,False,False,0->0,,,,,16,2304,"557,366,263,174,619,225,629,417,568,94"
6571,10,False,False,0->0,,,,,16,2089,"45,289,871,119,546,4,687,877,960,57"
6572,10,False,False,0->0,,,,,16,1496,"605,127,993,16,690,731,308,633,832,208"
6573,10,False,False,0->0,,,,,16,1530,"689,630,319,609,546,436,556,114,532,753"
6574,10,False,False,0->0,,,,,16,1430,"223,52,567,278,788,457,950,723,684,21"
6575,10,False,False,0->0,,,,,16,1820,"541,587,467,247,715,922,942,20,909,395"
6577,10,False,False,0->0,,,,,16,876,"565,192,16,54,513,74,709,521,575,725"
6578,10,False,False,0->0,,,,,16,1770,"534,217,156,655,21,190,395,945,563,442"
6579,10,False,False,0->0,,,,,16,1210,"518,620,282,853,254,380,175,534,704,154"
6580,10,False,False,0->0,,,,,16,1614,"844,37,143,488,211,246,467,372,758,798"
6581,10,False,False,0->0,,,,,16,1658,"263,740,485,586,158,101,506,737,302,217"
6582,10,False,False,0->0,,,,,16,1712,"539,834,72,657,636,239,448,226,401,762"
6586,10,False,False,0->0,,,,,16,1679,"135,811,90,73,745,589,414,569,755,411"
6587,10,False,False,0->0,,,,,16,1591,"335,331,686,817,611,355,789,445,871,857"
6588,10,False,False,0->0,,,,,16,1034,"400,749,47,513,267,745,537,801,734,947"
6590,10,False,False,0->0,,,,,16,1004,"391,439,287,956,102,325,471,445,927,538"
6591,10,False,False,0->0,,,,,16,2910,"920,431,185,143,482,21,652,874,190,184"
6592,10,False,False,0->0,,,,,16,1652,"146,895,683,284,130,366,530,763,20,318"
6595,10,False,False,0->0,,,,,16,1020,"141,412,688,392,801,524,793,190,314,143"
6598,10,False,False,0->0,,,,,16,1768,"33,876,786,274,537,155,112,693,344,957"
6600,10,False,False,0->0,,,,,16,1265,"186,543,402,506,598,641,205,379,630,842"
6601,10,False,False,0->0,,,,,16,2010,"891,674,395,54,140,515,179,725,930,914"
6602,10,False,False,0->0,,,,,16,1685,"402,531,67,770,519,259,220,592,419,14"
6603,10,False,False,0->0,,,,,16,1920,"172,728,483,662,11,29,735,550,613,521"
6604,10,False,False,0->0,,,,,16,2767,"221,590,973,926,566,548,332,976,887,625"
6606,10,False,False,0->0,,,,,16,874,"984,401,421,950,440,662,778,680,722,7"
6607,10,False,False,0->0,,,,,16,1409,"779,136,705,144,255,935,804,231,41,689"
6608,10,False,False,0->0,,,,,16,1313,"37,287,214,422,782,4,653,252,531,823"
6609,10,False,False,0->0,,,,,16,1490,"362,301,674,138,203,57,175,661,196,252"
6610,10,False,False,0->0,,,,,16,1723,"662,401,127,887,155,443,44,55,6,517"
6613,10,False,False,0->0,,,,,16,2217,"309,617,580,248,127,626,726,9,893,44"
6614,10,False,False,0->0,,,,,16,2381,"737,653,73,221,290,768,836,493,504,93"
6615,10,False,False,0->0,,,,,16,1411,"830,314,937,46,843,955,522,685,412,1000"
6617,10,False,False,0->0,,,,,16,1612,"95,581,958,948,854,905,731,776,226,25"
6618,10,False,False,0->0,,,,,16,2064,"176,330,255,532,874,475,352,78,930,731"
6620,10,False,False,0->0,,,,,16,1651,"622,58,119,689,797,961,843,424,905,358"
6621,10,False,False,0->0,,,,,16,939,"22,543,498,707,903,53,390,382,451,605"
6623,10,False,False,0->0,,,,,16,2218,"505,685,898,181,84,495,357,175,941,982"
6624,10,False,False,0->0,,,,,16,1281,"122,105,255,611,554,245,905,734,707,780"
6625,10,False,False,0->0,,,,,16,1948,"725,499,370,669,601,898,308,324,633,117"
6626,10,False,False,0->0,,,,,16,1511,"64,948,225,277,254,850,533,317,829,402"
6627,10,False,False,0->0,,,,,16,1278,"206,924,451,898,754,411,586,97,274,312"
6629,10,False,False,0->0,,,,,16,1537,"247,368,452,325,660,458,500,287,244,802"
6630,10,False,False,0->0,,,,,16,2133,"817,419,970,329,155,851,863,181,769,979"
6631,10,False,False,0->0,,,,,16,1431,"1000,27,39,508,503,890,247,7,613,235"
6632,10,False,False,0->0,,,,,16,1539,"65,152,445,327,26,362,598,845,823,86"
6633,10,False,False,0->0,,,,,16,2274,"656,381,511,185,871,879,603,263,316,692"
6634,10,False,False,0->0,,,,,16,1247,"186,36,926,676,393,57,376,961,263,481"
6636,10,False,False,0->0,,,,,16,1676,"849,444,326,998,970,369,323,779,16,902"
6637,10,False,False,0->0,,,,,16,1526,"218,376,371,805,389,67,340,526,304,657"
6638,10,False,False,0->0,,,,,16,1351,"98,580,205,102,990,913,795,495,750,520"
6639,10,False,False,0->0,,,,,16,1480,"376,246,867,723,627,92,430,648,78,398"
6641,10,False,False,0->0,,,,,16,2045,"501,116,675,653,721,688,206,363,163,135"
6644,10,False,False,0->0,,,,,16,1993,"513,818,508,250,190,717,845,552,131,378"
6645,10,False,False,0->0,,,,,16,2194,"741,560,50,952,631,879,551,565,73,626"
6647,10,False,False,0->0,,,,,16,2108,"617,717,362,426,330,737,26,119,652,202"
6649,10,False,False,0->0,,,,,16,1748,"830,113,374,729,792,971,8,708,969,423"
6651,10,False,False,0->0,,,,,16,969,"595,708,899,692,885,439,405,734,232,189"
6654,10,False,False,0->0,,,,,16,1056,"768,661,952,935,905,49,420,815,127,832"
6656,10,False,False,0->0,,,,,16,1034,"422,25,33,487,443,717,909,952,47,305"
6658,10,False,False,0->0,,,,,16,2050,"84,833,369,770,680,4,201,566,414,512"
6659,10,False,False,0->0,,,,,16,1201,"616,370,842,373,60,206,886,308,594,723"
6660,10,False,False,0->0,,,,,16,2703,"950,949,598,657,36,374,969,900,74,196"
6662,10,False,False,0->0,,,,,16,1968,"379,36,383,8,969,843,459,519,927,730"
6664,10,False,False,0->0,,,,,16,1782,"17,482,679,821,446,754,943,223,773,834"
6665,10,False,False,0->0,,,,,16,1976,"119,772,239,342,390,3,144,401,607,704"
6666,10,False,False,0->0,,,,,16,1749,"374,97,703,26,870,957,980,369,931,621"
6667,10,False,False,0->0,,,,,16,1712,"198,872,130,173,488,260,139,915,930,639"
6668,10,False,False,0->0,,,,,16,1430,"60,31,634,742,754,443,767,768,497,200"
6669,10,False,False,0->0,,,,,16,1503,"866,745,453,327,41,663,625,106,623,146"
6670,10,False,False,0->0,,,,,16,2619,"874,942,77,663,764,152,207,727,200,947"
6671,10,False,False,0->0,,,,,16,1347,"410,960,685,872,831,174,491,451,180,966"
6673,10,False,False,0->0,,,,,16,1574,"113,326,945,832,873,122,239,489,70,795"
6674,10,False,False,0->0,,,,,16,1982,"622,757,964,620,85,325,333,9,117,395"
6675,10,False,False,0->0,,,,,16,1247,"949,63,831,27,344,452,68,285,192,173"
6676,10,False,False,0->0,,,,,16,1776,"685,987,856,171,239,357,652,298,581,175"
6677,10,False,False,0->0,,,,,16,1199,"452,382,985,321,688,565,658,827,672,217"
6680,10,False,False,0->0,,,,,16,1515,"937,653,927,264,414,70,486,85,316,722"
6681,10,False,False,0->0,,,,,16,723,"530,492,910,755,570,806,486,407,49,937"
6682,10,False,False,0->0,,,,,16,757,"145,683,753,121,905,168,910,358,514,110"
6683,10,False,False,0->0,,,,,16,1947,"33,668,97,670,182,611,876,854,278,381"
6684,10,False,False,0->0,,,,,16,1049,"547,285,583,318,811,897,549,952,680,499"
6685,10,False,False,0->0,,,,,16,1594,"4,635,723,446,512,789,685,501,955,376"
6686,10,False,False,0->0,,,,,16,2352,"297,81,569,900,190,933,492,633,845,854"
6687,10,False,False,0->0,,,,,16,1094,"885,959,452,442,199,972,935,12,166,278"
6688,10,False,False,0->0,,,,,16,2944,"655,3,216,604,764,332,914,922,357,44"
6690,10,False,False,0->0,,,,,16,2734,"431,834,891,208,127,81,612,400,481,200"
6691,10,False,False,0->0,,,,,16,1740,"473,972,625,108,88,796,786,602,319,147"
6692,10,False,False,0->0,,,,,16,1682,"751,257,835,128,58,716,347,69,52,926"
6694,10,False,False,0->0,,,,,16,1736,"511,343,571,514,386,360,717,23,699,225"
6696,10,False,False,0->0,,,,,16,1427,"130,786,266,663,956,83,793,584,16,543"
6697,10,False,False,0->0,,,,,16,2149,"322,662,223,706,740,998,325,38,816,986"
6699,10,False,False,0->0,,,,,16,879,"625,752,4,674,675,945,125,150,491,892"
6700,10,False,False,0->0,,,,,16,1047,"420,510,211,369,376,999,851,929,208,228"
6702,10,False,False,0->0,,,,,16,1083,"806,893,738,765,24,563,244,93,122,729"
6703,10,False,False,0->0,,,,,16,1904,"548,743,558,924,700,583,892,988,46,214"
6704,10,False,False,0->0,,,,,16,1195,"560,487,362,767,974,975,660,249,205,959"
6705,10,False,False,0->0,,,,,16,1333,"765,771,202,500,592,594,52,553,401,769"
6706,10,False,False,0->0,,,,,16,1936,"685,494,688,374,391,69,375,725,706,983"
6707,10,False,False,0->0,,,,,16,1289,"687,565,872,510,929,487,833,136,560,181"
6709,10,False,False,0->0,,,,,16,1974,"636,411,369,798,64,265,850,887,748,119"
6710,10,False,False,0->0,,,,,16,1767,"379,172,575,212,655,641,910,38,854,272"
6711,10,False,False,0->0,,,,,16,1273,"235,428,88,707,44,223,47,177,125,927"
6713,10,False,False,0->0,,,,,16,2294,"173,442,289,780,3,585,979,155,439,874"
6714,10,False,False,0->0,,,,,16,1233,"315,835,95,588,48,633,53,883,110,497"
6715,10,False,False,0->0,,,,,16,1097,"725,17,549,346,582,848,386,14,169,481"
6716,10,False,False,0->0,,,,,16,1679,"293,568,728,515,437,146,980,797,187,875"
6717,10,False,False,0->0,,,,,16,995,"212,999,633,585,260,789,11,269,218,443"
6718,10,False,False,0->0,,,,,16,1459,"499,669,441,127,247,983,593,17,242,501"
6719,10,False,False,0->0,,,,,16,1785,"221,971,338,648,663,103,873,660,571,473"
6720,10,False,False,0->0,,,,,16,1625,"426,854,870,781,911,822,82,716,250,454"
6721,10,False,False,0->0,,,,,16,1560,"941,164,6,875,438,223,288,272,533,937"
6722,10,False,False,0->0,,,,,16,3098,"82,626,852,910,829,578,840,343,358,131"
6723,10,False,False,0->0,,,,,16,908,"467,886,190,305,176,751,62,689,458,20"
6725,10,False,False,0->0,,,,,16,1473,"878,268,530,636,401,618,305,133,461,366"
6726,10,False,False,0->0,,,,,16,1399,"176,619,607,94,500,705,52,732,137,893"
6727,10,False,False,0->0,,,,,16,989,"33,945,337,547,107,133,638,777,57,342"
6728,10,False,False,0->0,,,,,16,1102,"490,376,670,780,849,58,51,454,848,921"
6730,10,False,False,0->0,,,,,16,1685,"636,168,493,98,666,181,73,642,519,604"
6731,10,False,False,0->0,,,,,16,1896,"210,591,541,810,754,860,443,379,891,239"
6732,10,False,False,0->0,,,,,16,1452,"552,337,821,55,397,692,873,781,433,488"
6734,10,False,False,0->0,,,,,16,1191,"604,422,500,712,570,488,961,850,133,134"
6736,10,False,False,0->0,,,,,16,1343,"630,417,989,17,844,826,793,831,982,978"
6737,10,False,False,0->0,,,,,16,1183,"770,547,391,498,499,941,189,506,298,13"
6738,10,False,False,0->0,,,,,16,1851,"908,109,554,769,446,598,105,431,323,116"
6739,10,False,False,0->0,,,,,16,1748,"760,986,224,329,84,558,247,344,498,420"
6740,10,False,False,0->0,,,,,16,865,"31,938,167,186,783,739,6,933,60,990"
6741,10,False,False,0->0,,,,,16,1489,"267,999,699,704,980,984,587,590,201,707"
6744,10,False,False,0->0,,,,,16,1829,"7,497,257,667,276,160,101,81,164,907"
6746,10,False,False,0->0,,,,,16,1269,"414,458,604,489,384,481,252,981,565,177"
6748,10,False,False,0->0,,,,,16,1359,"717,543,612,185,232,983,649,402,716,63"
6749,10,False,False,0->0,,,,,16,1815,"631,416,900,56,53,854,340,654,495,891"
6750,10,False,False,0->0,,,,,16,880,"836,181,220,598,818,781,956,128,59,902"
6751,10,False,False,0->0,,,,,16,1127,"648,851,161,221,565,602,855,228,62,492"
6752,10,False,False,0->0,,,,,16,1482,"523,282,260,158,977,879,173,985,309,526"
6753,10,False,False,0->0,,,,,16,1455,"32,31,347,520,770,417,193,143,756,590"
6754,10,False,False,0->0,,,,,16,2160,"44,999,231,302,136,571,496,833,573,874"
6755,10,False,False,0->0,,,,,16,2109,"233,717,365,530,935,775,209,290,831,505"
6756,10,False,False,0->0,,,,,16,1104,"650,276,22,770,676,514,312,847,32,772"
6757,10,False,False,0->0,,,,,16,1795,"715,55,899,835,255,713,629,954,99,804"
6760,10,False,False,0->0,,,,,16,2627,"760,776,636,789,981,544,4,172,868,154"
6762,10,False,False,0->0,,,,,16,1190,"447,289,506,393,727,983,793,895,332,238"
6763,10,False,False,0->0,,,,,16,2161,"375,19,715,727,239,723,136,978,276,792"
6764,10,False,False,0->0,,,,,16,1607,"65,271,532,679,74,756,950,563,38,548"
6766,10,False,False,0->0,,,,,16,2122,"126,398,257,577,922,573,637,552,381,619"
6767,10,False,False,0->0,,,,,16,1277,"567,853,672,310,103,179,969,913,155,239"
6768,10,False,False,0->0,,,,,16,1208,"340,703,968,491,314,244,966,62,656,211"
6769,10,False,False,0->0,,,,,16,2103,"913,714,268,356,131,614,374,887,578,959"
6771,10,False,False,0->0,,,,,16,1062,"79,438,239,526,687,494,501,719,207,454"
6772,10,False,False,0->0,,,,,16,1690,"301,58,902,903,319,90,109,483,740,396"
6773,10,False,False,0->0,,,,,16,1691,"781,772,340,575,611,390,433,396,368,257"
6774,10,False,False,0->0,,,,,16,1755,"408,24,221,748,736,849,426,352,539,428"
6775,10,False,False,0->0,,,,,16,1148,"910,935,922,13,131,461,805,962,990,210"
6776,10,False,False,0->0,,,,,16,1870,"709,713,264,659,48,189,684,116,639,152"
6778,10,False,False,0->0,,,,,16,1706,"138,581,120,55,653,891,250,632,209,154"
6780,10,False,False,0->0,,,,,16,1828,"136,365,27,384,116,611,461,50,557,505"
6782,10,False,False,0->0,,,,,16,1298,"952,431,382,477,616,611,499,279,97,683"
6784,10,False,False,0->0,,,,,16,1202,"774,190,327,726,475,503,490,214,442,793"
6786,10,False,False,0->0,,,,,16,1039,"877,224,249,806,811,64,850,643,220,968"
6788,10,False,False,0->0,,,,,16,1187,"712,148,164,74,217,563,107,162,564,378"
6790,10,False,False,0->0,,,,,16,1382,"679,441,327,715,917,489,732,23,902,513"
6791,10,False,False,0->0,,,,,16,1604,"884,959,788,845,582,552,984,941,563,176"
6793,10,False,False,0->0,,,,,16,1321,"308,317,642,344,626,588,168,392,638,422"
6795,10,False,False,0->0,,,,,16,1251,"761,813,285,95,185,152,843,269,633,970"
6796,10,False,False,0->0,,,,,16,1831,"526,73,239,784,721,755,482,567,139,554"
6797,10,False,False,0->0,,,,,16,1320,"116,279,662,823,16,236,917,24,940,76"
6799,10,False,False,0->0,,,,,16,2021,"11,242,411,693,663,583,290,1,560,101"
6800,10,False,False,0->0,,,,,16,1347,"599,400,810,915,61,378,853,173,265,386"
6802,10,False,False,0->0,,,,,16,2071,"342,176,100,727,388,843,553,781,578,857"
6803,10,False,False,0->0,,,,,16,2415,"654,57,826,570,120,879,590,109,898,978"
6805,10,False,False,0->0,,,,,16,1139,"863,617,745,144,372,646,407,982,305,117"
6806,10,False,False,0->0,,,,,16,1761,"350,663,585,605,933,293,762,5,477,709"
6807,10,False,False,0->0,,,,,16,1652,"467,417,991,624,652,454,159,318,856,218"
6808,10,False,False,0->0,,,,,16,2335,"862,855,458,207,411,326,900,524,917,860"
6809,10,False,False,0->0,,,,,16,1640,"310,637,27,615,720,11,733,83,100,257"
6811,10,False,False,0->0,,,,,16,1987,"780,463,488,505,572,452,756,943,374,649"
6812,10,False,False,0->0,,,,,16,1328,"20,90,111,365,934,76,373,121,260,255"
6813,10,False,False,0->0,,,,,16,2526,"140,845,688,862,612,380,127,188,229,23"
6814,10,False,False,0->0,,,,,16,1587,"370,160,141,63,526,712,966,699,989,947"
6816,10,False,False,0->0,,,,,16,1821,"443,730,21,492,113,488,417,676,660,246"
6818,10,False,False,0->0,,,,,16,1871,"783,7,26,913,646,143,808,239,650,678"
6820,10,False,False,0->0,,,,,16,1231,"8,67,301,773,99,765,69,293,278,465"
6821,10,False,False,0->0,,,,,16,1405,"731,4,851,952,423,940,877,871,232,884"
6822,10,False,False,0->0,,,,,16,1288,"500,160,610,305,408,252,527,318,278,42"
6824,10,False,False,0->0,,,,,16,1032,"229,100,639,6,87,26,798,139,169,666"
6825,10,False,False,0->0,,,,,16,1882,"135,333,877,178,545,117,497,319,216,920"
6826,10,False,False,0->0,,,,,16,2457,"551,854,350,567,631,392,140,494,299,958"
6827,10,False,False,0->0,,,,,16,1865,"558,68,326,940,590,648,650,990,906,65"
6829,10,False,False,0->0,,,,,16,1730,"493,537,672,929,451,899,635,945,140,445"
6830,10,False,False,0->0,,,,,16,1729,"260,522,19,378,902,294,865,438,685,264"
6832,10,False,False,0->0,,,,,16,1536,"391,943,7,270,476,920,42,447,259,451"
6833,10,False,False,0->0,,,,,16,1355,"648,951,879,333,446,263,214,786,12,385"
6834,10,False,False,0->0,,,,,16,3193,"273,416,490,678,471,50,88,599,927,363"
6835,10,False,False,0->0,,,,,16,2019,"242,313,943,161,23,637,625,359,930,974"
6836,10,False,False,0->0,,,,,16,1857,"412,289,70,166,905,578,475,323,416,687"
6837,10,False,False,0->0,,,,,16,2086,"624,326,85,79,389,61,635,861,253,518"
6838,10,False,False,0->0,,,,,16,899,"921,849,40,609,767,319,622,589,356,17"
6839,10,False,False,0->0,,,,,16,1456,"713,96,658,603,243,569,898,259,352,6"
6840,10,False,False,0->0,,,,,16,1414,"707,161,474,251,651,150,872,971,969,838"
6842,10,False,False,0->0,,,,,16,1832,"162,924,686,903,278,987,222,398,896,318"
6843,10,False,False,0->0,,,,,16,1537,"445,806,9,430,109,716,847,317,26,704"
6844,10,False,False,0->0,,,,,16,1950,"156,639,378,405,400,259,130,543,229,956"
6845,10,False,False,0->0,,,,,16,2367,"383,800,499,220,228,843,767,911,976,958"
6846,10,False,False,0->0,,,,,16,2754,"573,886,273,310,91,917,659,625,859,136"
6847,10,False,False,0->0,,,,,16,1803,"824,152,358,757,439,653,55,827,51,344"
6848,10,False,False,0->0,,,,,16,1559,"218,79,365,746,499,436,70,185,786,537"
6851,10,False,False,0->0,,,,,16,2335,"991,455,792,938,431,325,343,848,731,728"
6853,10,False,False,0->0,,,,,16,1742,"335,549,725,508,802,660,209,236,837,459"
6854,10,False,False,0->0,,,,,16,2399,"388,83,526,7,461,617,854,951,140,879"
6855,10,False,False,0->0,,,,,16,1867,"870,887,473,114,59,310,218,194,775,769"
6856,10,False,False,0->0,,,,,16,1510,"1,19,355,483,689,425,890,379,248,342"
6859,10,False,False,0->0,,,,,16,1249,"93,940,531,526,758,453,141,60,749,439"
6861,10,False,False,0->0,,,,,16,1189,"758,489,743,591,755,456,443,531,250,947"
6863,10,False,False,0->0,,,,,16,1739,"282,891,222,386,911,257,660,303,135,973"
6864,10,False,False,0->0,,,,,16,1224,"61,183,498,779,885,371,875,694,324,734"
6865,10,False,False,0->0,,,,,16,2799,"174,199,934,906,210,567,109,739,471,283"
6866,10,False,False,0->0,,,,,16,2362,"803,404,481,826,90,229,125,950,366,370"
6867,10,False,False,0->0,,,,,16,989,"20,853,888,372,362,818,422,607,784,247"
6868,10,False,False,0->0,,,,,16,1445,"101,849,557,709,688,531,254,681,868,485"
6870,10,False,False,0->0,,,,,16,1240,"758,575,617,594,455,697,386,24,686,82"
6871,10,False,False,0->0,,,,,16,1952,"471,73,236,193,633,583,426,930,95,513"
6872,10,False,False,0->0,,,,,16,1509,"368,109,940,400,581,394,249,133,501,134"
6873,10,False,False,0->0,,,,,16,2030,"169,855,637,575,469,700,605,735,181,278"
6874,10,False,False,0->0,,,,,16,1880,"272,921,262,338,655,189,27,528,505,284"
6876,10,False,False,0->0,,,,,16,2136,"880,167,962,448,309,791,950,395,380,270"
6877,10,False,False,0->0,,,,,16,1453,"139,381,304,695,272,186,724,603,551,500"
6880,10,False,False,0->0,,,,,16,1416,"773,519,393,718,772,930,171,828,775,192"
6881,10,False,False,0->0,,,,,16,933,"301,919,203,56,135,794,895,327,993,154"
6882,10,False,False,0->0,,,,,16,1578,"124,821,437,352,847,870,391,423,230,907"
6885,10,False,False,0->0,,,,,16,1439,"804,537,838,210,592,242,119,761,474,192"
6886,10,False,False,0->0,,,,,16,1202,"741,461,25,252,91,600,943,587,615,814"
6887,10,False,False,0->0,,,,,16,657,"90,791,603,32,211,102,855,924,398,805"
6888,10,False,False,0->0,,,,,16,1477,"917,781,712,108,141,621,499,126,342,481"
6890,10,False,False,0->0,,,,,16,1335,"187,104,322,417,327,335,209,905,945,687"
6891,10,False,False,0->0,,,,,16,1724,"713,556,6,391,928,772,467,895,389,111"
6892,10,False,False,0->0,,,,,16,1352,"386,56,246,998,727,198,12,222,503,814"
6894,10,False,False,0->0,,,,,16,1741,"838,472,746,239,199,744,188,245,998,794"
6895,10,False,False,0->0,,,,,14,1688,"830,988,877,751,749,775,675,657,338,545"
6896,10,False,False,0->0,,,,,16,1539,"329,140,421,992,921,641,167,307,798,443"
6897,10,False,False,0->0,,,,,16,1787,"775,885,37,863,635,914,446,320,668,888"
6898,10,False,False,0->0,,,,,16,976,"560,746,397,70,175,12,117,519,100,330"
6899,10,False,False,0->0,,,,,16,1251,"588,92,490,745,171,385,550,70,991,546"
6901,10,False,False,0->0,,,,,16,1736,"772,720,338,41,840,244,188,635,285,933"
6902,10,False,False,0->0,,,,,16,1583,"344,687,708,770,748,590,563,252,249,866"
6903,10,False,False,0->0,,,,,16,1766,"395,327,920,945,526,763,119,593,885,824"
6904,10,False,False,0->0,,,,,16,1227,"558,337,176,453,755,107,302,978,804,133"
6905,10,False,False,0->0,,,,,16,1477,"978,497,208,532,598,70,425,41,205,211"
6906,10,False,False,0->0,,,,,16,1127,"293,76,684,39,358,70,817,614,322,15"
6907,10,False,False,0->0,,,,,16,2145,"587,63,350,88,393,845,527,266,654,908"
6908,10,False,False,0->0,,,,,16,1707,"323,392,444,347,510,44,920,992,974,928"
6910,10,False,False,0->0,,,,,16,3400,"944,366,604,419,674,242,699,917,400,756"
6911,10,False,False,0->0,,,,,16,1141,"196,836,572,950,212,661,851,749,25,686"
6912,10,False,False,0->0,,,,,16,1452,"114,222,299,948,986,784,416,598,175,551"
6915,10,False,False,0->0,,,,,16,776,"101,278,299,371,228,524,323,709,314,429"
6916,10,False,False,0->0,,,,,16,2137,"619,822,184,797,94,686,222,481,993,728"
6917,10,False,False,0->0,,,,,16,2302,"426,745,694,569,404,633,988,447,114,358"
6918,10,False,False,0->0,,,,,16,1695,"387,906,585,712,974,50,758,27,756,451"
6919,10,False,False,0->0,,,,,16,2043,"111,674,700,291,784,161,448,648,69,793"
6920,10,False,False,0->0,,,,,16,2029,"257,948,372,483,827,364,68,538,379,477"
6921,10,False,False,0->0,,,,,16,1617,"558,477,519,302,584,740,128,324,725,938"
6922,10,False,False,0->0,,,,,16,1155,"310,22,914,486,314,465,192,879,298,454"
6923,10,False,False,0->0,,,,,16,1732,"773,201,388,138,17,318,194,875,804,41"
6924,10,False,False,0->0,,,,,16,1342,"243,520,160,235,403,755,25,246,225,175"
6925,10,False,False,0->0,,,,,16,918,"543,297,589,885,673,593,806,779,738,407"
6926,10,False,False,0->0,,,,,16,840,"742,138,731,617,543,37,744,132,452,893"
6927,10,False,False,0->0,,,,,16,1513,"604,638,960,791,518,53,827,815,539,387"
6928,10,False,False,0->0,,,,,16,864,"446,726,142,707,497,376,804,831,951,720"
6930,10,False,False,0->0,,,,,16,822,"226,280,372,705,486,738,456,838,933,944"
6931,10,False,False,0->0,,,,,16,1551,"331,268,976,713,858,8,459,853,674,969"
6932,10,False,False,0->0,,,,,16,1678,"862,601,600,538,883,926,461,607,867,504"
6934,10,False,False,0->0,,,,,16,1375,"232,949,652,346,574,105,875,81,186,503"
6935,10,False,False,0->0,,,,,16,923,"269,122,761,995,415,611,945,333,303,851"
6937,10,False,False,0->0,,,,,16,1368,"267,43,174,780,653,416,934,655,709,714"
6938,10,False,False,0->0,,,,,16,1580,"935,565,505,405,463,849,72,763,222,224"
6939,10,False,False,0->0,,,,,16,1395,"892,252,897,119,110,718,299,333,385,183"
6940,10,False,False,0->0,,,,,16,2322,"137,395,815,175,568,343,88,358,307,469"
6941,10,False,False,0->0,,,,,16,536,"303,265,1000,832,842,689,793,373,914,564"
6942,10,False,False,0->0,,,,,16,2271,"764,966,162,488,423,584,393,875,65,791"
6943,10,False,False,0->0,,,,,16,1320,"320,922,637,911,116,981,58,667,469,623"
6944,10,False,False,0->0,,,,,16,2056,"833,329,631,85,511,40,321,488,998,32"
6946,10,False,False,0->0,,,,,16,1217,"217,54,957,768,355,33,621,700,944,390"
6947,10,False,False,0->0,,,,,16,1611,"787,994,548,61,964,602,214,902,684,310"
6949,10,False,False,0->0,,,,,16,2310,"567,675,712,88,719,110,833,169,493,154"
6950,10,False,False,0->0,,,,,16,1218,"272,557,990,263,384,519,83,793,214,738"
6951,10,False,False,0->0,,,,,16,1689,"933,778,676,346,244,661,863,26,277,738"
6953,10,False,False,0->0,,,,,16,1589,"241,703,858,437,169,159,260,506,995,31"
6954,10,False,False,0->0,,,,,16,1650,"593,749,113,33,78,985,833,762,381,681"
6955,10,False,False,0->0,,,,,16,1776,"388,69,150,116,849,549,148,859,652,127"
6956,10,False,False,0->0,,,,,16,1526,"102,255,642,127,382,948,630,422,459,635"
6958,10,False,False,0->0,,,,,16,1462,"1,982,508,526,668,33,77,649,782,650"
6959,10,False,False,0->0,,,,,16,654,"337,811,355,983,581,557,404,214,625,442"
6960,10,False,False,0->0,,,,,16,1086,"415,788,335,130,116,433,692,672,113,718"
6961,10,False,False,0->0,,,,,16,1548,"221,745,828,232,661,190,697,197,910,192"
6962,10,False,False,0->0,,,,,16,1671,"458,261,930,592,895,774,735,319,597,851"
6964,10,False,False,0->0,,,,,16,1868,"216,139,911,3,185,346,247,711,630,307"
6966,10,False,False,0->0,,,,,16,1593,"999,165,477,917,811,176,193,979,531,425"
6967,10,False,False,0->0,,,,,16,1986,"41,488,539,182,522,555,145,152,863,657"
6968,10,False,False,0->0,,,,,16,2093,"391,366,584,982,886,805,734,594,637,808"
6969,10,False,False,0->0,,,,,16,1671,"110,832,858,670,143,373,96,165,755,147"
6970,10,False,False,0->0,,,,,16,924,"305,791,145,356,299,948,557,142,966,571"
6972,10,False,False,0->0,,,,,16,2172,"289,193,828,424,883,113,320,953,817,855"
6973,10,False,False,0->0,,,,,16,1890,"148,96,230,442,895,683,513,92,973,461"
6975,10,False,False,0->0,,,,,16,1637,"124,381,922,981,818,326,930,310,205,958"
6976,10,False,False,0->0,,,,,16,1651,"761,347,487,503,327,426,203,210,958,806"
6979,10,False,False,0->0,,,,,16,2289,"666,601,104,15,52,183,830,290,388,784"
6980,10,False,False,0->0,,,,,16,1291,"783,45,107,620,330,740,653,779,18,60"
6982,10,False,False,0->0,,,,,16,1063,"801,905,54,708,770,446,167,822,407,899"
6983,10,False,False,0->0,,,,,16,1395,"533,376,651,11,260,612,94,638,751,652"
6985,10,False,False,0->0,,,,,16,2331,"121,491,85,764,198,979,20,827,859,891"
6986,10,False,False,0->0,,,,,16,1605,"443,926,689,130,442,843,216,331,169,616"
6987,10,False,False,0->0,,,,,16,1960,"917,203,697,676,199,638,167,667,335,88"
6988,10,False,False,0->0,,,,,16,1569,"972,673,216,662,850,704,670,91,978,357"
6989,10,False,False,0->0,,,,,16,1616,"396,145,721,895,686,315,405,242,530,326"
6990,10,False,False,0->0,,,,,16,1146,"249,933,47,1000,161,226,700,396,403,957"
6991,10,False,False,0->0,,,,,16,1362,"214,787,418,188,244,745,986,616,489,421"
6992,10,False,False,0->0,,,,,16,1423,"954,439,668,239,588,519,721,391,816,505"
6993,10,False,False,0->0,,,,,16,1298,"277,793,986,204,374,661,635,875,222,958"
6994,10,False,False,0->0,,,,,16,1455,"950,152,632,241,637,706,763,446,53,11"
6995,10,False,False,0->0,,,,,16,2358,"634,764,899,363,280,244,94,290,790,795"
6996,10,False,False,0->0,,,,,16,1323,"605,765,921,999,563,670,404,178,163,77"
6997,10,False,False,0->0,,,,,16,1525,"475,640,703,397,255,141,465,247,402,984"
6998,10,False,False,0->0,,,,,16,1240,"452,293,648,854,856,921,158,201,843,922"
6999,10,False,False,0->0,,,,,16,978,"460,445,454,98,500,975,605,625,365,790"
7000,10,False,False,0->0,,,,,16,2521,"453,681,913,823,4,329,657,917,725,183"
7002,10,False,False,0->0,,,,,16,1841,"447,34,332,171,106,941,169,804,412,172"
7003,10,False,False,0->0,,,,,16,1723,"62,350,60,720,763,338,402,727,285,604"
7004,10,False,False,0->0,,,,,16,1580,"528,855,832,530,1,85,87,214,26,400"
7005,10,False,False,0->0,,,,,16,1341,"830,40,743,636,686,893,624,514,933,26"
7006,10,False,False,0->0,,,,,16,2409,"414,838,903,604,205,991,567,389,366,400"
7007,10,False,False,0->0,,,,,16,1102,"121,574,428,521,954,978,804,722,711,51"
7008,10,False,False,0->0,,,,,16,1787,"758,824,750,730,326,100,112,209,486,145"
7009,10,False,False,0->0,,,,,16,2076,"120,614,142,676,112,445,173,278,463,626"
7010,10,False,False,0->0,,,,,16,2035,"896,511,187,700,111,392,176,242,513,856"
7011,10,False,False,0->0,,,,,16,2587,"653,787,861,992,876,413,874,453,481,436"
7013,10,False,False,0->0,,,,,16,744,"877,526,768,765,781,601,392,790,283,56"
7014,10,False,False,0->0,,,,,16,1474,"54,370,702,330,524,202,850,741,436,568"
7015,10,False,False,0->0,,,,,16,1701,"581,431,794,519,228,978,924,902,230,134"
7018,10,False,False,0->0,,,,,16,1428,"347,91,362,994,716,228,134,342,656,200"
7019,10,False,False,0->0,,,,,16,959,"796,630,448,507,963,762,483,684,591,547"
7020,10,False,False,0->0,,,,,16,1283,"941,439,278,844,248,344,282,550,699,34"
7021,10,False,False,0->0,,,,,16,1981,"920,533,873,97,162,610,12,1000,885,776"
7022,10,False,False,0->0,,,,,16,1103,"41,581,609,893,130,542,915,226,905,702"
7023,10,False,False,0->0,,,,,16,954,"423,510,543,769,26,44,218,74,489,933"
7024,10,False,False,0->0,,,,,16,791,"316,984,444,13,890,538,145,451,389,768"
7025,10,False,False,0->0,,,,,16,2489,"255,532,876,666,815,386,811,953,29,388"
7026,10,False,False,0->0,,,,,16,1152,"992,433,413,856,790,663,780,25,396,789"
7027,10,False,False,0->0,,,,,16,2029,"238,12,112,210,915,824,287,840,968,409"
7028,10,False,False,0->0,,,,,16,1704,"313,393,522,803,34,768,875,586,175,88"
7029,10,False,False,0->0,,,,,16,1418,"335,527,31,436,863,759,434,206,920,72"
7030,10,False,False,0->0,,,,,16,1811,"1000,78,384,504,630,771,400,155,382,896"
7031,10,False,False,0->0,,,,,16,1531,"542,372,587,231,185,760,337,46,964,990"
7032,10,False,False,0->0,,,,,16,1329,"572,277,914,960,592,371,842,987,134,830"
7033,10,False,False,0->0,,,,,16,1285,"791,860,139,146,59,752,853,273,657,457"
7034,10,False,False,0->0,,,,,16,2198,"704,908,452,717,458,254,343,900,332,622"
7035,10,False,False,0->0,,,,,16,1722,"601,486,798,144,157,914,783,385,187,88"
7036,10,False,False,0->0,,,,,16,1064,"823,333,407,909,955,29,207,878,694,976"
7037,10,False,False,0->0,,,,,16,1061,"565,333,246,920,770,629,961,723,816,642"
7039,10,False,False,0->0,,,,,16,1440,"205,141,843,202,369,476,902,181,528,143"
7041,10,False,False,0->0,,,,,16,2012,"122,667,787,163,973,737,404,72,472,423"
7043,10,False,False,0->0,,,,,16,1762,"581,365,407,400,769,117,54,247,157,19"
7045,10,False,False,0->0,,,,,16,1704,"887,232,940,539,1000,65,731,135,710,204"
7046,10,False,False,0->0,,,,,16,967,"934,878,304,102,963,794,386,741,56,755"
7047,10,False,False,0->0,,,,,16,1096,"727,897,599,61,172,704,458,830,385,46"
7049,10,False,False,0->0,,,,,16,1311,"40,262,456,796,546,687,113,172,849,352"
7051,10,False,False,0->0,,,,,16,1726,"402,710,346,533,573,513,304,497,413,883"
7052,10,False,False,0->0,,,,,16,2176,"994,220,210,289,471,500,979,638,150,834"
7053,10,False,False,0->0,,,,,16,1575,"877,821,141,829,733,98,611,246,801,588"
7054,10,False,False,0->0,,,,,16,1598,"854,208,719,779,663,469,950,953,685,85"
7055,10,False,False,0->0,,,,,16,1389,"468,276,783,186,631,696,623,994,899,646"
7056,10,False,False,0->0,,,,,16,1486,"386,680,134,371,479,25,504,833,158,593"
7057,10,False,False,0->0,,,,,16,869,"589,637,615,780,546,813,649,384,199,48"
7059,10,False,False,0->0,,,,,16,2361,"109,829,817,783,756,577,669,174,184,479"
7060,10,False,False,0->0,,,,,16,1525,"986,86,190,347,172,384,765,357,358,188"
7061,10,False,False,0->0,,,,,16,2567,"973,476,629,934,426,241,653,874,131,542"
7066,10,False,False,0->0,,,,,16,1885,"798,586,874,658,254,981,590,287,755,687"
7067,10,False,False,0->0,,,,,16,1195,"98,192,501,260,723,53,322,31,368,763"
7071,10,False,False,0->0,,,,,16,1715,"990,552,132,430,913,632,650,400,214,113"
7072,10,False,False,0->0,,,,,16,1454,"990,214,805,639,844,321,285,835,686,537"
7074,10,False,False,0->0,,,,,16,1317,"588,927,610,795,63,941,74,490,951,652"
7075,10,False,False,0->0,,,,,16,1335,"322,906,60,5,895,560,556,816,113,338"
7077,10,False,False,0->0,,,,,16,3016,"326,689,578,277,388,926,833,871,781,20"
7079,10,False,False,0->0,,,,,16,1853,"954,221,444,157,186,338,102,253,896,981"
7080,10,False,False,0->0,,,,,16,1131,"771,829,193,87,308,993,68,452,442,11"
7081,10,False,False,0->0,,,,,16,1676,"152,154,676,613,659,461,274,218,321,135"
7082,10,False,False,0->0,,,,,16,1075,"335,316,78,709,728,34,722,60,755,318"
7083,10,False,False,0->0,,,,,16,1404,"953,355,941,417,51,903,391,568,633,927"
7085,10,False,False,0->0,,,,,16,1620,"411,783,709,214,456,909,163,962,729,33"
7086,10,False,False,0->0,,,,,16,1095,"838,733,189,915,98,679,156,617,741,316"
7087,10,False,False,0->0,,,,,16,1804,"27,214,116,887,206,226,476,233,728,486"
7090,10,False,False,0->0,,,,,16,1419,"189,374,318,391,942,850,811,270,731,309"
7091,10,False,False,0->0,,,,,16,1672,"142,700,915,178,738,80,238,426,270,154"
7092,10,False,False,0->0,,,,,16,1155,"954,451,133,790,434,159,263,979,560,453"
7094,10,False,False,0->0,,,,,16,1725,"171,167,199,949,5,999,871,933,615,184"
7096,10,False,False,0->0,,,,,16,1574,"959,211,666,776,137,949,196,690,598,810"
7097,10,False,False,0->0,,,,,16,2226,"411,111,254,617,735,458,11,436,255,138"
7098,10,False,False,0->0,,,,,16,2113,"893,436,166,582,652,856,147,446,454,874"
7100,10,False,False,0->0,,,,,16,1831,"413,661,391,180,208,875,287,8,552,858"
7102,10,False,False,0->0,,,,,16,1369,"641,396,563,885,929,189,742,974,56,407"
7104,10,False,False,0->0,,,,,16,2255,"68,578,771,789,767,606,863,838,236,508"
7105,10,False,False,0->0,,,,,16,2752,"290,871,536,87,586,727,270,154,366,551"
7106,10,False,False,0->0,,,,,16,2146,"598,128,548,693,164,568,955,726,204,910"
7109,10,False,False,0->0,,,,,16,1059,"677,372,888,116,545,958,385,891,519,180"
7110,10,False,False,0->0,,,,,16,1212,"722,443,34,668,855,58,325,220,928,836"
7111,10,False,False,0->0,,,,,16,2148,"492,185,606,782,615,248,845,535,34,785"
7114,10,False,False,0->0,,,,,16,1433,"835,471,530,440,507,155,515,977,25,20"
7115,10,False,False,0->0,,,,,16,2117,"611,990,909,973,784,335,398,409,848,659"
7116,10,False,False,0->0,,,,,16,833,"580,616,687,454,177,688,146,222,294,772"
7117,10,False,False,0->0,,,,,16,1142,"394,930,299,443,80,533,13,397,19,656"
7118,10,False,False,0->0,,,,,16,1775,"51,929,378,964,400,570,610,714,318,473"
7119,10,False,False,0->0,,,,,16,1348,"424,587,641,556,824,950,866,263,605,181"
7120,10,False,False,0->0,,,,,16,1730,"319,134,210,738,902,96,173,439,979,952"
7121,10,False,False,0->0,,,,,16,1569,"675,814,955,581,953,204,487,284,694,673"
7123,10,False,False,0->0,,,,,16,1608,"518,409,44,451,168,326,533,474,678,931"
7124,10,False,False,0->0,,,,,16,2139,"222,521,247,772,928,169,902,627,482,814"
7126,10,False,False,0->0,,,,,16,911,"991,838,983,795,155,379,446,791,859,549"
7128,10,False,False,0->0,,,,,16,1265,"589,746,165,244,294,346,531,436,40,356"
7129,10,False,False,0->0,,,,,16,1996,"538,733,521,590,655,715,966,299,792,204"
7131,10,False,False,0->0,,,,,16,1661,"863,789,528,37,591,172,271,985,791,7"
7132,10,False,False,0->0,,,,,16,1247,"404,21,139,743,975,74,401,781,917,483"
7133,10,False,False,0->0,,,,,16,1701,"425,303,711,441,444,495,834,196,750,229"
7136,10,False,False,0->0,,,,,16,1595,"718,386,637,845,218,235,494,131,675,922"
7137,10,False,False,0->0,,,,,16,2341,"290,519,394,50,355,24,767,482,248,566"
7138,10,False,False,0->0,,,,,16,1685,"168,463,716,789,248,423,567,752,486,920"
7139,10,False,False,0->0,,,,,16,1641,"9,120,566,667,40,24,431,337,793,898"
7140,10,False,False,0->0,,,,,16,1425,"503,439,902,446,630,289,950,712,879,44"
7143,10,False,False,0->0,,,,,16,2303,"987,711,247,740,837,598,739,14,668,765"
7144,10,False,False,0->0,,,,,16,2027,"835,661,156,270,542,887,187,602,683,327"
7145,10,False,False,0->0,,,,,16,1688,"729,96,192,474,165,95,203,365,136,266"
7147,10,False,False,0->0,,,,,16,1984,"309,523,994,763,447,223,750,753,659,99"
7148,10,False,False,0->0,,,,,16,1832,"21,570,423,51,356,273,415,58,745,728"
7149,10,False,False,0->0,,,,,16,1213,"160,82,18,96,531,279,186,779,948,781"
7150,10,False,False,0->0,,,,,16,2096,"543,22,157,374,396,873,584,607,12,253"
7151,10,False,False,0->0,,,,,16,374,"924,133,934,907,708,613,33,440,734,933"
7152,10,False,False,0->0,,,,,16,1664,"335,739,425,944,128,250,208,216,625,768"
7153,10,False,False,0->0,,,,,16,1713,"482,518,103,908,21,643,74,401,983,352"
7154,10,False,False,0->0,,,,,16,1111,"298,389,821,93,130,731,65,250,179,173"
7155,10,False,False,0->0,,,,,16,2621,"485,421,108,592,419,467,199,116,473,743"
7157,10,False,False,0->0,,,,,16,2082,"954,827,205,581,58,976,619,155,574,863"
7159,10,False,False,0->0,,,,,16,1869,"985,642,619,783,891,302,837,808,935,524"
7160,10,False,False,0->0,,,,,16,896,"444,795,178,783,945,442,538,780,926,648"
7161,10,False,False,0->0,,,,,16,1463,"969,784,45,858,402,738,287,687,883,754"
7162,10,False,False,0->0,,,,,16,1195,"154,792,333,643,465,108,443,460,276,935"
7164,10,False,False,0->0,,,,,16,1062,"976,223,564,391,424,791,898,332,492,762"
7166,10,False,False,0->0,,,,,16,2242,"486,643,630,565,661,81,980,505,243,680"
7167,10,False,False,0->0,,,,,16,1099,"558,565,314,794,316,658,863,574,154,489"
7171,10,False,False,0->0,,,,,16,1594,"994,757,196,935,806,563,79,900,956,305"
7172,10,False,False,0->0,,,,,16,2041,"31,105,268,974,751,182,908,485,145,648"
7173,10,False,False,0->0,,,,,16,1698,"375,687,942,48,107,29,980,707,246,176"
7175,10,False,False,0->0,,,,,16,1796,"979,756,580,98,408,944,177,261,460,419"
7177,10,False,False,0->0,,,,,16,2017,"707,109,732,873,718,313,890,197,828,404"
7178,10,False,False,0->0,,,,,16,837,"61,958,779,985,588,831,222,638,299,637"
7179,10,False,False,0->0,,,,,16,1088,"850,568,508,770,376,655,600,947,77,711"
7180,10,False,False,0->0,,,,,16,1353,"725,613,330,903,884,534,717,473,641,571"
7182,10,False,False,0->0,,,,,16,1575,"270,786,782,92,771,327,953,506,866,19"
7185,10,False,False,0->0,,,,,16,1168,"133,952,856,175,287,124,575,299,500,626"
7186,10,False,False,0->0,,,,,16,1020,"885,108,773,263,405,968,721,551,510,244"
7188,10,False,False,0->0,,,,,16,1418,"91,122,978,433,910,185,22,6,381,541"
7189,10,False,False,0->0,,,,,16,1135,"909,483,816,656,175,635,127,93,376,666"
7191,10,False,False,0->0,,,,,16,1253,"743,603,708,36,872,373,98,102,707,572"
7193,10,False,False,0->0,,,,,16,1648,"109,526,178,417,717,543,122,376,468,316"
7195,10,False,False,0->0,,,,,16,1956,"754,318,289,366,387,506,308,631,553,514"
7196,10,False,False,0->0,,,,,16,984,"870,558,507,106,371,424,126,999,979,606"
7198,10,False,False,0->0,,,,,16,2305,"847,710,169,482,564,350,102,409,565,124"
7199,10,False,False,0->0,,,,,16,1353,"137,52,859,83,17,985,235,691,821,394"
7200,10,False,False,0->0,,,,,16,1284,"609,94,953,404,407,455,594,374,53,81"
7201,10,False,False,0->0,,,,,16,2455,"168,871,321,917,423,792,143,72,276,991"
7202,10,False,False,0->0,,,,,16,1594,"774,126,446,590,222,364,554,14,287,710"
7206,10,False,False,0->0,,,,,16,1007,"207,469,214,4,810,177,762,231,370,868"
7208,10,False,False,0->0,,,,,16,1560,"822,107,314,41,619,446,690,11,895,617"
7209,10,False,False,0->0,,,,,16,1832,"322,578,844,616,407,512,878,702,781,614"
7212,10,False,False,0->0,,,,,16,1292,"545,640,949,370,885,22,920,410,181,501"
7213,10,False,False,0->0,,,,,16,2331,"458,890,577,210,229,179,417,92,598,617"
7214,10,False,False,0->0,,,,,16,1486,"143,687,262,52,553,247,859,844,418,545"
7215,10,False,False,0->0,,,,,16,1837,"59,21,401,520,537,463,147,19,903,458"
7216,10,False,False,0->0,,,,,16,1143,"63,895,358,355,938,960,929,266,23,499"
7217,10,False,False,0->0,,,,,16,1783,"74,888,425,731,415,827,868,669,767,754"
7218,10,False,False,0->0,,,,,16,1847,"494,24,541,883,422,400,934,116,453,857"
7220,10,False,False,0->0,,,,,16,1105,"527,487,552,200,817,616,754,565,63,86"
7221,10,False,False,0->0,,,,,16,1164,"434,50,830,57,317,658,609,236,526,821"
7222,10,False,False,0->0,,,,,16,2089,"772,203,93,135,629,34,133,620,490,366"
7223,10,False,False,0->0,,,,,16,2012,"743,266,340,668,705,312,695,657,98,24"
7225,10,False,False,0->0,,,,,16,1031,"192,318,50,276,615,111,757,187,246,895"
7226,10,False,False,0->0,,,,,16,1572,"558,640,104,384,410,528,943,164,112,52"
7227,10,False,False,0->0,,,,,16,817,"593,515,975,453,372,357,310,781,712,205"
7228,10,False,False,0->0,,,,,16,2117,"920,840,831,638,463,708,121,160,958,363"
7229,10,False,False,0->0,,,,,16,1561,"88,517,49,85,672,780,716,958,591,784"
7232,10,False,False,0->0,,,,,16,1370,"667,991,834,717,616,658,945,78,844,780"
7234,10,False,False,0->0,,,,,16,1085,"185,199,207,59,180,122,690,977,479,532"
7236,10,False,False,0->0,,,,,16,1133,"519,930,586,413,506,666,621,486,654,321"
7237,10,False,False,0->0,,,,,16,1791,"457,447,583,653,688,612,668,705,604,494"
7238,10,False,False,0->0,,,,,16,1169,"600,650,439,908,242,632,7,411,22,490"
7239,10,False,False,0->0,,,,,16,495,"851,838,46,968,122,501,791,486,712,564"
7240,10,False,False,0->0,,,,,16,1058,"481,454,990,588,314,253,137,565,842,309"
7241,10,False,False,0->0,,,,,16,1593,"512,447,65,287,522,615,231,39,359,675"
7242,10,False,False,0->0,,,,,16,1374,"805,5,736,169,167,73,26,836,500,974"
7243,10,False,False,0->0,,,,,16,2169,"495,475,694,659,531,426,853,33,372,157"
7245,10,False,False,0->0,,,,,16,1447,"16,498,527,217,463,143,62,42,616,188"
7246,10,False,False,0->0,,,,,16,1429,"246,511,335,150,815,205,949,700,679,68"
7247,10,False,False,0->0,,,,,16,2068,"79,601,57,722,133,482,641,70,493,537"
7248,10,False,False,0->0,,,,,16,2276,"494,495,687,943,1,680,885,23,200,987"
7249,10,False,False,0->0,,,,,16,1186,"125,826,556,506,186,42,606,788,979,430"
7250,10,False,False,0->0,,,,,16,1829,"686,892,184,176,849,230,302,503,307,62"
7252,10,False,False,0->0,,,,,16,1541,"797,843,556,668,77,477,122,44,17,737"
7253,10,False,False,0->0,,,,,16,1197,"22,454,100,277,858,707,63,702,851,463"
7254,10,False,False,0->0,,,,,16,1468,"403,448,91,320,139,445,945,396,158,93"
7256,10,False,False,0->0,,,,,16,1549,"357,314,430,293,659,975,865,487,238,137"
7257,10,False,False,0->0,,,,,16,1915,"491,76,853,728,879,593,42,796,652,680"
7258,10,False,False,0->0,,,,,16,1643,"783,471,74,741,318,527,166,117,828,229"
7259,10,False,False,0->0,,,,,16,1221,"995,164,545,959,595,635,212,548,283,523"
7261,10,False,False,0->0,,,,,16,1484,"874,375,100,571,788,775,712,683,371,125"
7262,10,False,False,0->0,,,,,16,1270,"849,775,110,47,575,928,224,666,843,209"
7263,10,False,False,0->0,,,,,16,2261,"826,643,765,955,12,739,36,937,611,193"
7265,10,False,False,0->0,,,,,16,2206,"419,373,465,229,660,656,499,259,108,277"
7268,10,False,False,0->0,,,,,16,1240,"65,655,202,921,950,868,699,648,515,789"
7270,10,False,False,0->0,,,,,16,1930,"158,867,305,485,265,536,6,695,709,326"
7271,10,False,False,0->0,,,,,16,1436,"886,714,641,782,733,656,813,337,7,38"
7272,10,False,False,0->0,,,,,16,666,"804,709,124,867,226,59,278,527,416,642"
7273,10,False,False,0->0,,,,,16,2057,"167,801,426,940,746,788,205,350,808,148"
7275,10,False,False,0->0,,,,,16,1675,"627,51,278,21,719,816,44,112,387,193"
7276,10,False,False,0->0,,,,,16,1696,"290,19,441,775,674,463,116,886,868,622"
7277,10,False,False,0->0,,,,,16,1888,"172,746,762,662,732,641,704,626,80,740"
7279,10,False,False,0->0,,,,,16,1601,"37,849,391,380,537,205,333,898,659,966"
7281,10,False,False,0->0,,,,,16,1755,"758,255,826,638,632,469,909,150,396,316"
7286,10,False,False,0->0,,,,,16,2285,"248,580,835,575,590,964,526,324,831,769"
7287,10,False,False,0->0,,,,,16,1241,"551,79,425,927,261,408,915,676,1,243"
7288,10,False,False,0->0,,,,,16,667,"944,26,342,483,357,806,47,288,43,317"
7290,10,False,False,0->0,,,,,16,1687,"304,342,605,868,109,380,658,557,287,113"
7291,10,False,False,0->0,,,,,16,1003,"196,865,204,325,978,521,666,586,732,746"
7292,10,False,False,0->0,,,,,16,1756,"862,603,945,543,661,930,60,970,792,577"
7293,10,False,False,0->0,,,,,16,1772,"768,770,994,591,104,369,134,475,350,83"
7294,10,False,False,0->0,,,,,16,1218,"788,440,244,710,109,407,587,60,648,927"
7295,10,False,False,0->0,,,,,16,1769,"711,157,971,666,719,469,58,736,81,861"
7296,10,False,False,0->0,,,,,16,1458,"962,158,715,116,508,517,804,308,893,955"
7297,10,False,False,0->0,,,,,16,2446,"388,970,771,887,410,803,443,114,772,495"
7298,10,False,False,0->0,,,,,16,1516,"264,114,420,310,137,573,977,622,241,745"
7301,10,False,False,0->0,,,,,16,2140,"987,651,772,260,513,205,856,878,978,147"
7302,10,False,False,0->0,,,,,16,2348,"957,39,746,956,363,485,680,491,294,154"
7303,10,False,False,0->0,,,,,16,1772,"524,278,624,368,20,382,542,65,424,610"
7304,10,False,False,0->0,,,,,16,1507,"72,408,454,102,76,613,52,61,658,174"
7306,10,False,False,0->0,,,,,16,889,"703,547,128,781,391,337,672,314,97,23"
7309,10,False,False,0->0,,,,,16,970,"376,762,774,447,314,763,155,430,641,475"
7310,10,False,False,0->0,,,,,16,1390,"804,537,140,23,958,818,969,855,945,641"
7311,10,False,False,0->0,,,,,16,1654,"476,976,951,124,899,245,131,871,982,205"
7315,10,False,False,0->0,,,,,16,1796,"192,110,929,323,368,189,88,554,154,242"
7320,10,False,False,0->0,,,,,16,1698,"148,359,19,687,623,790,837,983,271,569"
7321,10,False,False,0->0,,,,,16,1666,"511,21,424,29,236,917,43,616,285,325"
7322,10,False,False,0->0,,,,,16,1968,"651,493,794,733,381,452,949,325,744,62"
7323,10,False,False,0->0,,,,,16,893,"262,623,510,993,44,340,972,152,318,106"
7324,10,False,False,0->0,,,,,16,2200,"859,88,48,653,222,420,630,749,896,1"
7325,10,False,False,0->0,,,,,16,1706,"392,285,831,121,892,905,597,277,74,482"
7326,10,False,False,0->0,,,,,16,1825,"969,59,573,171,962,847,984,764,592,333"
7327,10,False,False,0->0,,,,,16,1884,"41,738,802,322,569,679,101,653,201,541"
7328,10,False,False,0->0,,,,,16,1756,"465,88,218,298,884,13,235,177,320,266"
7329,10,False,False,0->0,,,,,16,927,"910,195,156,762,440,185,893,120,891,695"
7331,10,False,False,0->0,,,,,16,2370,"127,554,876,823,504,857,164,717,658,895"
7334,10,False,False,0->0,,,,,16,1840,"631,775,910,743,192,610,961,278,607,822"
7335,10,False,False,0->0,,,,,16,1725,"262,467,271,253,78,908,326,958,5,74"
7337,10,False,False,0->0,,,,,16,699,"940,250,934,715,915,333,662,189,551,316"
7338,10,False,False,0->0,,,,,16,1043,"715,911,357,184,196,663,7,660,31,984"
7341,10,False,False,0->0,,,,,16,1637,"374,547,806,250,493,670,705,467,828,678"
7342,10,False,False,0->0,,,,,16,2187,"63,372,880,117,867,78,822,294,816,941"
7343,10,False,False,0->0,,,,,16,1899,"139,313,352,294,347,536,789,693,681,207"
7345,10,False,False,0->0,,,,,16,1320,"963,980,310,823,976,547,99,986,394,393"
7347,10,False,False,0->0,,,,,16,1248,"507,635,988,181,451,981,982,214,555,185"
7348,10,False,False,0->0,,,,,16,1718,"474,915,247,993,854,584,943,103,595,764"
7350,10,False,False,0->0,,,,,16,2267,"786,607,709,451,917,862,827,903,360,157"
7351,10,False,False,0->0,,,,,16,1675,"405,545,824,401,454,317,511,417,722,657"
7354,10,False,False,0->0,,,,,16,1218,"333,773,550,793,851,866,786,706,61,588"
7355,10,False,False,0->0,,,,,16,1182,"571,813,136,674,460,902,437,983,857,184"
7356,10,False,False,0->0,,,,,16,2024,"892,818,906,828,642,413,604,677,350,49"
7357,10,False,False,0->0,,,,,16,2304,"453,940,119,612,200,178,343,392,862,383"
7358,10,False,False,0->0,,,,,16,1566,"619,442,370,38,67,620,107,905,492,24"
7360,10,False,False,0->0,,,,,16,1637,"517,639,445,216,902,763,927,767,930,176"
7361,10,False,False,0->0,,,,,16,765,"454,683,11,984,538,851,282,893,658,49"
7362,10,False,False,0->0,,,,,16,1735,"606,177,670,641,763,100,216,204,539,368"
7364,10,False,False,0->0,,,,,16,1467,"536,447,91,830,656,68,451,323,983,279"
7365,10,False,False,0->0,,,,,16,2128,"210,254,111,614,689,418,29,578,98,658"
7366,10,False,False,0->0,,,,,16,1657,"586,57,514,175,278,455,246,378,874,857"
7367,10,False,False,0->0,,,,,16,1369,"810,147,404,648,586,1,542,347,357,344"
7368,10,False,False,0->0,,,,,16,3125,"158,951,366,966,471,405,887,74,880,524"
7369,10,False,False,0->0,,,,,16,1789,"591,485,526,325,942,307,941,177,243,274"
7371,10,False,False,0->0,,,,,16,1104,"206,961,942,99,778,387,745,511,551,233"
7372,10,False,False,0->0,,,,,16,1104,"992,5,969,105,44,632,574,53,593,962"
7373,10,False,False,0->0,,,,,16,1171,"337,80,287,144,988,902,982,658,536,86"
7374,10,False,False,0->0,,,,,16,1484,"342,546,434,601,34,974,667,179,743,959"
7375,10,False,False,0->0,,,,,16,2154,"88,790,931,601,67,144,535,395,425,32"
7377,10,False,False,0->0,,,,,16,1936,"266,944,973,50,204,855,276,716,473,225"
7378,10,False,False,0->0,,,,,16,3232,"887,163,443,52,363,78,778,132,880,973"
7379,10,False,False,0->0,,,,,16,2388,"972,17,991,84,843,685,117,163,718,440"
7380,10,False,False,0->0,,,,,16,1560,"229,104,51,475,553,519,148,37,678,356"
7381,10,False,False,0->0,,,,,16,2040,"930,145,999,410,829,541,473,2,366,958"
7384,10,False,False,0->0,,,,,16,1415,"381,518,200,501,977,724,2,386,961,74"
7386,10,False,False,0->0,,,,,16,1808,"938,584,863,250,77,672,138,485,386,949"
7387,10,False,False,0->0,,,,,16,2008,"982,873,414,350,42,823,652,457,109,710"
7390,10,False,False,0->0,,,,,16,1435,"80,895,897,314,735,404,891,69,993,47"
7394,10,False,False,0->0,,,,,16,2568,"960,728,68,736,504,217,11,475,706,887"
7395,10,False,False,0->0,,,,,16,1307,"249,102,980,268,850,673,754,930,993,56"
7396,10,False,False,0->0,,,,,16,1712,"704,3,638,688,728,404,979,390,616,245"
7398,10,False,False,0->0,,,,,16,1945,"173,999,679,978,821,319,876,83,595,752"
7399,10,False,False,0->0,,,,,16,2630,"495,563,264,960,411,672,388,451,465,837"
7400,10,False,False,0->0,,,,,16,1190,"796,41,431,732,454,104,531,436,489,456"
7401,10,False,False,0->0,,,,,16,990,"95,771,12,254,320,959,247,206,315,774"
7402,10,False,False,0->0,,,,,16,2773,"419,368,378,852,883,214,13,247,207,764"
7403,10,False,False,0->0,,,,,16,1253,"954,902,823,629,420,346,314,197,501,751"
7405,10,False,False,0->0,,,,,16,1884,"493,181,133,535,8,356,973,266,389,267"
7406,10,False,False,0->0,,,,,16,1766,"611,900,150,623,331,183,54,851,468,317"
7407,10,False,False,0->0,,,,,16,1307,"714,21,748,303,438,268,968,564,656,437"
7410,10,False,False,0->0,,,,,16,2289,"617,944,120,634,532,792,303,899,508,871"
7411,10,False,False,0->0,,,,,16,1471,"287,220,885,411,526,832,938,971,518,779"
7413,10,False,False,0->0,,,,,16,1047,"214,815,452,257,61,778,301,45,124,868"
7415,10,False,False,0->0,,,,,16,1530,"836,12,271,54,91,128,22,968,871,340"
7416,10,False,False,0->0,,,,,16,1795,"734,952,148,208,485,568,121,159,973,795"
7418,10,False,False,0->0,,,,,16,1179,"438,568,491,72,646,272,687,261,344,355"
7419,10,False,False,0->0,,,,,16,1493,"62,528,99,573,255,152,512,299,780,231"
7422,10,False,False,0->0,,,,,16,1276,"43,866,964,176,168,927,982,523,827,167"
7423,10,False,False,0->0,,,,,16,1269,"625,687,878,632,205,47,663,315,208,959"
7424,10,False,False,0->0,,,,,16,2381,"9,840,139,914,492,771,978,291,896,987"
7425,10,False,False,0->0,,,,,16,1629,"57,868,697,524,928,661,26,168,568,99"
7426,10,False,False,0->0,,,,,16,1780,"586,413,879,112,322,185,25,797,265,483"
7427,10,False,False,0->0,,,,,16,1388,"211,677,242,150,813,788,452,735,5,759"
7428,10,False,False,0->0,,,,,16,1408,"324,673,652,814,168,152,660,905,481,520"
7430,10,False,False,0->0,,,,,16,2216,"482,658,903,640,132,710,695,605,678,714"
7431,10,False,False,0->0,,,,,16,1085,"985,440,201,444,574,556,481,15,46,301"
7434,10,False,False,0->0,,,,,16,1593,"85,957,198,421,522,113,74,214,537,702"
7435,10,False,False,0->0,,,,,16,1838,"122,111,634,773,956,972,630,791,84,85"
7436,10,False,False,0->0,,,,,16,1580,"814,594,533,971,818,448,434,937,145,44"
7438,10,False,False,0->0,,,,,16,2673,"202,405,604,297,617,172,659,108,381,927"
7440,10,False,False,0->0,,,,,16,1487,"74,53,293,465,981,383,567,285,813,953"
7441,10,False,False,0->0,,,,,16,1849,"265,879,829,245,251,362,833,378,591,978"
7442,10,False,False,0->0,,,,,16,1328,"602,69,510,4,623,20,181,390,59,843"
7443,10,False,False,0->0,,,,,16,1196,"103,235,144,455,545,661,574,134,804,836"
7444,10,False,False,0->0,,,,,16,2141,"913,16,778,842,924,728,508,800,955,335"
7445,10,False,False,0->0,,,,,16,1742,"283,329,497,469,88,86,1000,994,526,828"
7446,10,False,False,0->0,,,,,16,1344,"186,182,910,969,9,577,49,591,526,99"
7448,10,False,False,0->0,,,,,16,1560,"314,810,401,729,974,390,176,165,719,310"
7449,10,False,False,0->0,,,,,16,1514,"672,359,960,791,532,667,289,99,868,451"
7450,10,False,False,0->0,,,,,16,1772,"911,298,657,344,370,731,297,324,563,58"
7451,10,False,False,0->0,,,,,16,1727,"465,852,455,68,550,130,670,708,955,381"
7452,10,False,False,0->0,,,,,16,1755,"182,533,369,496,42,755,971,109,54,3"
7454,10,False,False,0->0,,,,,16,2052,"567,499,488,961,806,309,753,392,39,749"
7455,10,False,False,0->0,,,,,16,1247,"389,810,866,269,183,582,303,843,46,214"
7456,10,False,False,0->0,,,,,16,1699,"456,247,249,777,826,278,788,254,730,827"
7457,10,False,False,0->0,,,,,16,2742,"802,395,236,194,780,678,261,604,347,755"
7458,10,False,False,0->0,,,,,16,1635,"84,305,762,376,184,605,473,410,885,186"
7459,10,False,False,0->0,,,,,16,1125,"486,959,298,771,210,852,31,67,476,184"
7461,10,False,False,0->0,,,,,16,1833,"754,39,713,532,302,632,131,732,677,76"
7462,10,False,False,0->0,,,,,16,1240,"37,821,526,305,638,415,428,713,843,299"
7463,10,False,False,0->0,,,,,16,2141,"520,264,693,280,76,117,165,57,815,560"
7465,10,False,False,0->0,,,,,16,1684,"999,7,821,831,830,99,318,974,678,756"
7466,10,False,False,0->0,,,,,16,1743,"116,475,393,866,185,845,210,231,929,793"
7467,10,False,False,0->0,,,,,16,2383,"580,971,264,700,436,702,373,668,224,913"
7468,10,False,False,0->0,,,,,16,2181,"230,420,978,36,642,750,623,584,94,715"
7469,10,False,False,0->0,,,,,16,1540,"458,305,483,397,287,488,395,543,949,211"
7470,10,False,False,0->0,,,,,16,1516,"500,195,727,926,808,653,865,617,861,64"
7471,10,False,False,0->0,,,,,16,1145,"192,472,410,126,609,92,164,702,680,243"
7472,10,False,False,0->0,,,,,16,1268,"842,119,16,768,95,790,533,245,710,134"
7473,10,False,False,0->0,,,,,16,1931,"556,948,220,611,114,374,421,722,321,411"
7475,10,False,False,0->0,,,,,16,2059,"629,689,453,815,291,50,446,127,754,322"
7476,10,False,False,0->0,,,,,16,1298,"791,415,988,830,273,139,225,59,180,86"
7477,10,False,False,0->0,,,,,16,1577,"175,431,769,148,662,861,210,836,773,704"
7479,10,False,False,0->0,,,,,16,1515,"331,888,631,960,270,33,649,217,405,535"
7480,10,False,False,0->0,,,,,16,1194,"718,337,677,870,434,346,332,228,650,949"
7481,10,False,False,0->0,,,,,16,2259,"46,370,212,230,133,887,385,681,180,816"
7482,10,False,False,0->0,,,,,16,1316,"754,40,189,653,757,11,510,477,746,355"
7483,10,False,False,0->0,,,,,16,1093,"535,45,762,758,668,546,193,798,100,811"
7485,10,False,False,0->0,,,,,16,1864,"610,312,248,59,756,676,891,874,517,791"
7486,10,False,False,0->0,,,,,16,1336,"860,135,823,309,744,633,972,69,438,252"
7487,10,False,False,0->0,,,,,16,2778,"826,871,208,764,370,583,176,736,867,729"
7488,10,False,False,0->0,,,,,16,1991,"39,847,263,43,4,662,802,924,719,84"
7489,10,False,False,0->0,,,,,16,1321,"805,568,600,627,57,413,56,357,180,329"
7491,10,False,False,0->0,,,,,16,1121,"438,228,851,494,493,378,906,48,670,393"
7493,10,False,False,0->0,,,,,16,2448,"827,535,238,759,248,402,876,467,558,957"
7495,10,False,False,0->0,,,,,16,1330,"930,585,332,498,101,721,44,651,189,33"
7496,10,False,False,0->0,,,,,16,1201,"921,697,906,798,827,673,938,975,94,687"
7497,10,False,False,0->0,,,,,16,1746,"205,789,795,928,494,833,460,703,146,510"
7498,10,False,False,0->0,,,,,16,1223,"150,618,687,229,600,422,189,709,737,681"
7499,10,False,False,0->0,,,,,16,978,"742,803,950,62,794,41,490,111,342,76"
7500,10,False,False,0->0,,,,,16,2745,"108,88,686,693,90,756,626,198,412,794"
7501,10,False,False,0->0,,,,,16,2035,"829,272,68,63,335,777,259,269,782,522"
7502,10,False,False,0->0,,,,,16,1763,"279,39,148,826,840,131,791,52,543,831"
7504,10,False,False,0->0,,,,,16,1117,"34,793,110,263,209,604,870,979,87,461"
7506,10,False,False,0->0,,,,,16,901,"309,307,801,982,393,492,790,147,49,93"
7508,10,False,False,0->0,,,,,16,2588,"942,813,842,717,557,845,743,482,898,554"
7509,10,False,False,0->0,,,,,16,1925,"584,570,712,245,395,581,51,78,43,320"
7510,10,False,False,0->0,,,,,16,2021,"973,247,803,896,737,228,451,121,313,122"
7511,10,False,False,0->0,,,,,16,1919,"605,200,69,135,506,467,893,195,174,694"
7512,10,False,False,0->0,,,,,16,1660,"206,635,723,134,833,482,915,318,788,445"
7513,10,False,False,0->0,,,,,16,1448,"317,992,783,88,553,443,298,949,220,686"
7514,10,False,False,0->0,,,,,16,2407,"50,125,800,785,34,667,913,588,241,577"
7515,10,False,False,0->0,,,,,16,1573,"1,159,302,209,506,834,636,969,606,289"
7519,10,False,False,0->0,,,,,16,1729,"815,21,426,791,929,960,27,164,905,941"
7520,10,False,False,0->0,,,,,16,1332,"422,548,63,534,615,783,580,468,433,253"
7521,10,False,False,0->0,,,,,16,1413,"52,984,668,430,74,287,978,526,979,629"
7522,10,False,False,0->0,,,,,16,1568,"70,95,711,571,236,420,357,917,166,631"
7523,10,False,False,0->0,,,,,16,1580,"105,340,733,591,83,14,346,614,132,155"
7524,10,False,False,0->0,,,,,16,1106,"840,586,831,22,656,263,34,330,999,909"
7526,10,False,False,0->0,,,,,16,2874,"396,313,913,921,684,776,138,395,782,779"
7527,10,False,False,0->0,,,,,16,1788,"290,891,993,192,985,148,183,163,602,601"
7528,10,False,False,0->0,,,,,16,1891,"724,754,372,895,764,494,305,703,461,41"
7529,10,False,False,0->0,,,,,16,2331,"440,193,381,242,49,221,569,840,706,97"
7530,10,False,False,0->0,,,,,16,1546,"504,303,885,150,454,445,803,947,81,62"
7531,10,False,False,0->0,,,,,16,1416,"673,102,543,456,51,734,97,235,55,106"
7532,10,False,False,0->0,,,,,16,1311,"560,993,476,252,270,638,359,397,471,34"
7533,10,False,False,0->0,,,,,16,1654,"209,189,655,877,975,48,142,81,684,657"
7534,10,False,False,0->0,,,,,16,1263,"307,567,641,754,950,74,266,11,528,342"
7535,10,False,False,0->0,,,,,16,1606,"511,778,283,774,239,157,421,343,244,389"
7536,10,False,False,0->0,,,,,16,1618,"411,863,384,771,730,126,594,1,477,909"
7537,10,False,False,0->0,,,,,16,1246,"693,801,39,443,914,232,679,694,270,687"
7538,10,False,False,0->0,,,,,16,1053,"919,775,305,317,322,746,909,796,779,994"
7539,10,False,False,0->0,,,,,16,3283,"157,797,482,511,27,433,173,140,485,436"
7540,10,False,False,0->0,,,,,16,1551,"513,26,536,86,977,986,410,4,155,38"
7541,10,False,False,0->0,,,,,16,1474,"489,575,891,494,811,739,183,870,552,837"
7543,10,False,False,0->0,,,,,16,2390,"746,856,578,697,400,110,727,911,1,607"
7544,10,False,False,0->0,,,,,16,1717,"831,140,203,68,420,956,538,29,942,849"
7545,10,False,False,0->0,,,,,16,1653,"669,635,19,323,190,815,517,943,24,184"
7546,10,False,False,0->0,,,,,16,1734,"588,953,979,643,949,971,409,72,314,175"
7547,10,False,False,0->0,,,,,16,1241,"788,232,131,2,404,743,662,1,749,971"
7548,10,False,False,0->0,,,,,16,1442,"828,365,895,850,773,629,787,130,481,594"
7549,10,False,False,0->0,,,,,16,1517,"332,303,653,261,54,83,228,861,243,358"
7552,10,False,False,0->0,,,,,16,1477,"101,895,64,633,285,417,490,780,782,141"
7554,10,False,False,0->0,,,,,16,1649,"738,675,386,754,416,156,250,431,289,214"
7556,10,False,False,0->0,,,,,16,1559,"51,33,675,634,447,771,444,508,834,600"
7557,10,False,False,0->0,,,,,16,1496,"495,415,329,137,469,875,374,763,627,597"
7558,10,False,False,0->0,,,,,16,2006,"173,208,670,774,424,699,944,388,615,926"
7560,10,False,False,0->0,,,,,16,2371,"616,506,928,419,553,494,649,313,759,323"
7561,10,False,False,0->0,,,,,16,1821,"838,315,247,577,642,139,412,319,313,456"
7562,10,False,False,0->0,,,,,16,1563,"947,995,545,68,999,83,400,224,42,531"
7563,10,False,False,0->0,,,,,16,1635,"327,697,896,969,441,430,95,174,262,500"
7564,10,False,False,0->0,,,,,16,1340,"422,479,914,282,595,998,159,832,121,174"
7566,10,False,False,0->0,,,,,16,1811,"735,792,922,315,993,324,680,161,103,521"
7567,10,False,False,0->0,,,,,16,1575,"744,371,255,751,317,184,226,485,228,712"
7568,10,False,False,0->0,,,,,16,1178,"106,1,560,486,892,247,476,669,860,790"
7569,10,False,False,0->0,,,,,16,1872,"898,536,624,895,454,663,730,930,646,417"
7570,10,False,False,0->0,,,,,16,1561,"660,325,180,783,276,161,526,578,740,487"
7571,10,False,False,0->0,,,,,16,1450,"61,600,164,6,569,131,93,80,508,167"
7572,10,False,False,0->0,,,,,16,1069,"638,786,761,122,593,808,543,790,242,784"
7574,10,False,False,0->0,,,,,16,1543,"73,878,591,195,896,314,329,975,533,169"
7575,10,False,False,0->0,,,,,16,2794,"113,378,887,962,340,259,735,952,505,654"
7576,10,False,False,0->0,,,,,16,1504,"430,485,960,54,74,597,48,615,421,617"
7578,10,False,False,0->0,,,,,16,1524,"563,142,970,182,643,400,440,402,255,786"
7579,10,False,False,0->0,,,,,16,2197,"382,643,834,908,482,857,868,810,318,88"
7580,10,False,False,0->0,,,,,16,1870,"87,19,764,609,580,522,45,582,279,303"
7583,10,False,False,0->0,,,,,16,1586,"438,911,856,421,360,842,259,299,25,567"
7586,10,False,False,0->0,,,,,16,868,"757,763,795,91,758,691,318,333,730,126"
7587,10,False,False,0->0,,,,,16,2934,"188,764,776,591,547,262,725,261,62,726"
7588,10,False,False,0->0,,,,,16,2351,"690,780,876,188,761,468,843,109,899,78"
7589,10,False,False,0->0,,,,,16,1401,"589,554,560,860,19,734,489,392,971,547"
7590,10,False,False,0->0,,,,,16,1071,"316,940,878,46,842,598,318,646,553,223"
7592,10,False,False,0->0,,,,,16,1181,"220,616,437,420,280,970,515,429,797,669"
7593,10,False,False,0->0,,,,,16,1197,"90,948,20,513,161,994,734,921,148,761"
7594,10,False,False,0->0,,,,,16,1372,"703,104,743,526,718,139,692,519,76,228"
7595,10,False,False,0->0,,,,,16,1407,"332,47,315,511,473,582,120,453,497,790"
7596,10,False,False,0->0,,,,,16,1320,"372,832,476,636,552,929,365,550,255,695"
7597,10,False,False,0->0,,,,,16,1068,"269,241,3,878,921,249,150,515,394,788"
7598,10,False,False,0->0,,,,,16,1053,"507,382,549,76,564,83,962,580,892,593"
7599,10,False,False,0->0,,,,,16,1229,"385,586,253,92,499,121,897,477,907,981"
7600,10,False,False,0->0,,,,,16,1429,"531,763,313,981,27,805,173,570,440,580"
7601,10,False,False,0->0,,,,,16,2744,"764,625,255,107,119,411,624,221,767,412"
7602,10,False,False,0->0,,,,,16,1970,"7,842,835,548,977,717,126,254,738,253"
7605,10,False,False,0->0,,,,,16,1569,"48,563,87,465,212,808,439,898,656,941"
7608,10,False,False,0->0,,,,,16,1446,"797,41,497,208,190,934,638,557,651,547"
7609,10,False,False,0->0,,,,,16,1187,"69,1000,514,287,905,246,780,197,4,33"
7610,10,False,False,0->0,,,,,16,714,"676,132,342,260,686,769,762,103,276,176"
7611,10,False,False,0->0,,,,,16,1201,"203,497,979,297,699,425,105,185,899,340"
7612,10,False,False,0->0,,,,,16,1818,"584,700,573,951,408,959,494,792,252,898"
7613,10,False,False,0->0,,,,,16,1826,"838,69,72,688,937,384,408,827,97,130"
7616,10,False,False,0->0,,,,,16,1768,"225,515,648,332,738,36,73,211,730,842"
7617,10,False,False,0->0,,,,,16,1818,"679,105,533,877,902,649,611,395,724,251"
7618,10,False,False,0->0,,,,,16,1704,"501,635,290,749,622,178,285,473,734,942"
7620,10,False,False,0->0,,,,,16,2186,"131,218,733,803,623,202,822,193,548,905"
7621,10,False,False,0->0,,,,,16,1518,"421,739,984,619,459,17,439,261,994,950"
7622,10,False,False,0->0,,,,,16,1495,"667,563,62,724,243,403,978,137,937,326"
7625,10,False,False,0->0,,,,,16,1836,"143,84,238,666,638,277,147,243,333,221"
7626,10,False,False,0->0,,,,,16,810,"156,496,849,844,535,778,929,775,415,836"
7627,10,False,False,0->0,,,,,16,1953,"753,586,412,566,76,611,165,631,988,760"
7628,10,False,False,0->0,,,,,16,1836,"887,805,424,999,783,761,177,978,216,763"
7629,10,False,False,0->0,,,,,16,2238,"329,723,90,499,688,649,748,920,738,624"
7631,10,False,False,0->0,,,,,16,975,"899,737,444,552,8,851,42,927,895,959"
7633,10,False,False,0->0,,,,,16,2065,"952,760,937,307,510,302,216,347,639,976"
7635,10,False,False,0->0,,,,,16,1197,"798,274,786,999,172,555,557,704,52,459"
7636,10,False,False,0->0,,,,,16,1580,"378,913,441,855,101,291,409,245,639,513"
7637,10,False,False,0->0,,,,,16,2837,"959,233,604,949,253,157,802,1,784,395"
7638,10,False,False,0->0,,,,,16,1875,"12,582,630,728,284,726,613,218,660,526"
7639,10,False,False,0->0,,,,,16,1940,"4,145,47,51,541,342,20,748,858,964"
7640,10,False,False,0->0,,,,,16,2223,"594,482,273,711,5,176,307,326,429,720"
7644,10,False,False,0->0,,,,,16,1733,"803,217,11,447,988,297,945,418,785,784"
7645,10,False,False,0->0,,,,,16,3630,"822,179,544,729,565,503,175,88,36,375"
7646,10,False,False,0->0,,,,,16,1340,"871,420,718,287,650,929,838,205,780,56"
7647,10,False,False,0->0,,,,,16,1633,"504,551,520,883,130,555,838,724,146,814"
7649,10,False,False,0->0,,,,,16,1578,"422,186,858,574,408,113,337,573,629,413"
7651,10,False,False,0->0,,,,,16,1668,"688,605,394,446,8,611,359,632,201,289"
7653,10,False,False,0->0,,,,,16,987,"922,409,476,817,751,70,893,520,772,452"
7654,10,False,False,0->0,,,,,16,1362,"774,931,508,397,990,70,779,381,80,831"
7655,10,False,False,0->0,,,,,16,2185,"119,654,326,572,473,84,378,407,507,262"
7656,10,False,False,0->0,,,,,16,1546,"36,614,530,976,958,852,801,721,838,421"
7657,10,False,False,0->0,,,,,16,2117,"764,287,667,551,873,119,652,613,411,69"
7659,10,False,False,0->0,,,,,16,1383,"197,403,970,557,560,413,246,100,364,563"
7661,10,False,False,0->0,,,,,16,1621,"102,749,657,325,421,107,19,654,715,656"
7663,10,False,False,0->0,,,,,16,1649,"364,624,417,189,853,696,314,714,423,97"
7665,10,False,False,0->0,,,,,16,1271,"189,101,155,913,4,159,324,653,862,244"
7666,10,False,False,0->0,,,,,16,642,"398,460,884,517,14,156,189,762,182,346"
7668,10,False,False,0->0,,,,,16,2109,"320,551,397,135,297,663,313,994,228,723"
7670,10,False,False,0->0,,,,,16,2201,"695,603,273,63,259,434,72,903,245,843"
7671,10,False,False,0->0,,,,,16,1287,"931,892,656,517,708,817,867,269,29,874"
7673,10,False,False,0->0,,,,,16,1878,"357,536,567,20,677,145,74,59,114,605"
7674,10,False,False,0->0,,,,,16,1780,"440,326,802,236,303,143,757,491,102,39"
7675,10,False,False,0->0,,,,,16,1261,"903,738,847,63,22,31,623,566,185,60"
7676,10,False,False,0->0,,,,,16,913,"821,390,47,742,614,952,415,11,110,755"
7678,10,False,False,0->0,,,,,16,1710,"54,660,499,699,669,938,905,284,333,459"
7679,10,False,False,0->0,,,,,16,1489,"67,976,107,985,521,995,460,623,548,458"
7680,10,False,False,0->0,,,,,16,1214,"801,190,545,440,36,993,919,6,957,474"
7681,10,False,False,0->0,,,,,16,1274,"39,604,865,82,905,691,814,122,695,124"
7682,10,False,False,0->0,,,,,16,2529,"387,798,72,838,313,264,376,453,636,329"
7684,10,False,False,0->0,,,,,16,1769,"185,392,964,265,984,294,667,713,155,534"
7685,10,False,False,0->0,,,,,16,1281,"913,389,218,491,221,907,113,456,786,804"
7686,10,False,False,0->0,,,,,16,1004,"382,27,220,135,492,727,637,510,775,68"
7688,10,False,False,0->0,,,,,16,1884,"858,746,928,365,396,474,425,182,877,721"
7691,10,False,False,0->0,,,,,16,1745,"96,245,942,99,293,487,537,55,490,294"
7692,10,False,False,0->0,,,,,16,1059,"989,185,730,951,704,249,133,940,880,2"
7695,10,False,False,0->0,,,,,16,1534,"917,440,723,541,396,96,274,847,16,49"
7697,10,False,False,0->0,,,,,16,1811,"370,718,3,976,214,95,144,801,393,187"
7700,10,False,False,0->0,,,,,16,1903,"533,386,694,34,74,922,426,988,488,136"
7701,10,False,False,0->0,,,,,16,1619,"853,198,428,897,167,609,848,938,566,667"
7703,10,False,False,0->0,,,,,16,1309,"119,763,534,231,772,322,441,387,378,294"
7706,10,False,False,0->0,,,,,16,1703,"255,445,372,273,179,414,655,136,53,108"
7707,10,False,False,0->0,,,,,16,1054,"742,791,325,141,108,851,283,551,955,669"
7708,10,False,False,0->0,,,,,16,1033,"101,612,792,616,398,631,436,885,721,823"
7712,10,False,False,0->0,,,,,16,1942,"787,973,504,383,981,173,223,806,667,303"
7715,10,False,False,0->0,,,,,16,2297,"974,629,241,759,90,216,613,181,421,634"
7716,10,False,False,0->0,,,,,16,2441,"158,560,802,885,822,623,710,859,68,707"
7719,10,False,False,0->0,,,,,16,924,"54,90,63,403,909,748,786,727,658,46"
7720,10,False,False,0->0,,,,,16,1582,"993,911,447,398,909,626,566,765,806,629"
7721,10,False,False,0->0,,,,,16,1950,"629,267,900,344,476,774,303,113,323,467"
7723,10,False,False,0->0,,,,,16,1071,"73,517,394,690,404,18,324,251,201,102"
7724,10,False,False,0->0,,,,,16,2265,"467,905,973,931,253,319,119,785,511,193"
7725,10,False,False,0->0,,,,,16,2714,"948,931,567,845,674,524,24,897,987,174"
7727,10,False,False,0->0,,,,,16,1330,"206,899,316,315,718,930,301,352,312,993"
7730,10,False,False,0->0,,,,,16,1438,"142,205,184,198,847,279,748,445,976,44"
7731,10,False,False,0->0,,,,,16,2007,"342,853,762,953,590,962,593,964,694,824"
7732,10,False,False,0->0,,,,,16,1164,"958,13,14,905,283,954,827,899,762,21"
7733,10,False,False,0->0,,,,,16,986,"120,32,725,897,585,74,790,597,642,669"
7734,10,False,False,0->0,,,,,16,2391,"931,394,488,883,953,231,36,930,445,136"
7735,10,False,False,0->0,,,,,16,1423,"567,897,97,323,944,91,276,76,685,60"
7737,10,False,False,0->0,,,,,16,1255,"438,696,268,654,441,694,1,358,661,133"
7738,10,False,False,0->0,,,,,16,1540,"384,382,36,91,909,791,119,610,995,524"
7740,10,False,False,0->0,,,,,16,1305,"475,895,542,238,732,771,245,247,975,988"
7741,10,False,False,0->0,,,,,16,1895,"623,871,570,379,611,924,401,456,922,947"
7742,10,False,False,0->0,,,,,16,1744,"697,617,970,522,728,853,849,613,829,194"
7743,10,False,False,0->0,,,,,16,1032,"787,451,793,279,374,280,44,903,134,848"
7745,10,False,False,0->0,,,,,16,1151,"454,957,685,74,732,703,857,563,491,308"
7746,10,False,False,0->0,,,,,16,931,"76,587,178,861,2,218,566,119,271,31"
7747,10,False,False,0->0,,,,,16,1470,"555,578,648,715,727,205,156,473,161,207"
7748,10,False,False,0->0,,,,,16,1375,"613,973,13,90,261,460,6,289,232,732"
7749,10,False,False,0->0,,,,,16,1009,"623,592,646,401,498,186,895,301,947,398"
7751,10,False,False,0->0,,,,,16,1395,"920,656,499,991,971,95,721,583,536,984"
7752,10,False,False,0->0,,,,,16,1756,"914,423,899,528,285,887,767,224,865,724"
7753,10,False,False,0->0,,,,,16,1727,"733,938,685,232,755,382,186,833,772,728"
7754,10,False,False,0->0,,,,,16,1522,"1000,792,169,421,321,51,135,414,218,870"
7755,10,False,False,0->0,,,,,16,1179,"76,848,929,531,892,640,855,34,491,716"
7757,10,False,False,0->0,,,,,16,2105,"228,1,723,495,369,874,614,711,340,121"
7758,10,False,False,0->0,,,,,16,1519,"178,212,394,333,260,503,117,113,676,160"
7759,10,False,False,0->0,,,,,16,1692,"765,302,941,817,284,333,34,753,443,677"
7760,10,False,False,0->0,,,,,16,1591,"105,37,907,522,847,705,313,180,688,539"
7762,10,False,False,0->0,,,,,16,1159,"537,1,940,228,527,818,763,518,816,731"
7763,10,False,False,0->0,,,,,16,1788,"342,855,412,424,930,844,639,730,958,802"
7764,10,False,False,0->0,,,,,16,1069,"615,832,6,46,107,207,616,504,78,753"
7767,10,False,False,0->0,,,,,16,1008,"317,760,633,372,225,692,884,91,813,207"
7769,10,False,False,0->0,,,,,16,1501,"653,985,847,556,983,565,194,586,473,220"
7770,10,False,False,0->0,,,,,16,1650,"877,547,101,570,79,253,392,239,394,200"
7774,10,False,False,0->0,,,,,16,685,"121,128,415,968,637,48,893,674,705,20"
7775,10,False,False,0->0,,,,,16,1704,"465,488,563,515,818,209,545,642,830,259"
7780,10,False,False,0->0,,,,,16,1408,"760,268,37,434,992,413,344,649,953,681"
7781,10,False,False,0->0,,,,,16,1531,"814,143,9,280,174,642,469,884,13,598"
7782,10,False,False,0->0,,,,,16,2173,"973,512,441,964,543,888,519,773,982,114"
7783,10,False,False,0->0,,,,,16,1471,"103,859,507,51,43,521,604,758,440,37"
7785,10,False,False,0->0,,,,,16,1320,"753,844,434,887,358,76,763,515,522,571"
7787,10,False,False,0->0,,,,,16,2236,"411,880,922,591,210,171,100,851,209,8"
7788,10,False,False,0->0,,,,,16,1817,"476,199,55,691,469,773,879,12,649,614"
7789,10,False,False,0->0,,,,,16,1123,"796,731,931,428,500,32,410,624,414,458"
7790,10,False,False,0->0,,,,,16,1702,"707,202,428,769,294,416,722,730,257,463"
7792,10,False,False,0->0,,,,,16,3054,"261,396,849,798,47,230,779,900,822,569"
7793,10,False,False,0->0,,,,,16,1399,"743,99,718,798,737,415,212,879,211,90"
7796,10,False,False,0->0,,,,,16,1070,"680,101,420,814,103,48,161,267,724,1000"
7798,10,False,False,0->0,,,,,16,1718,"959,426,702,125,270,780,534,693,723,455"
7799,10,False,False,0->0,,,,,16,529,"6,56,58,491,560,515,522,305,570,603"
7800,10,False,False,0->0,,,,,16,2864,"699,797,288,103,578,911,733,24,660,776"
7801,10,False,False,0->0,,,,,16,1790,"950,626,616,600,838,315,230,169,929,496"
7802,10,False,False,0->0,,,,,16,2847,"617,428,817,627,396,604,482,290,744,488"
7805,10,False,False,0->0,,,,,16,1415,"12,324,27,801,198,550,565,949,989,545"
7806,10,False,False,0->0,,,,,16,1654,"486,26,546,391,162,379,447,959,934,57"
7807,10,False,False,0->0,,,,,16,1561,"865,211,772,443,394,765,718,801,826,542"
7808,10,False,False,0->0,,,,,16,1763,"22,86,344,485,631,591,935,661,970,519"
7812,10,False,False,0->0,,,,,16,1516,"551,966,456,728,135,242,156,844,182,446"
7813,10,False,False,0->0,,,,,16,1868,"706,491,641,523,573,773,505,147,124,546"
7814,10,False,False,0->0,,,,,16,1582,"791,287,745,542,370,514,497,2,800,276"
7815,10,False,False,0->0,,,,,16,2771,"114,695,424,626,194,551,778,871,691,961"
7818,10,False,False,0->0,,,,,16,2320,"150,659,84,616,500,322,242,135,92,176"
7819,10,False,False,0->0,,,,,16,708,"280,794,282,873,828,790,344,867,530,403"
7820,10,False,False,0->0,,,,,16,1180,"751,791,815,714,569,816,436,667,190,407"
7822,10,False,False,0->0,,,,,16,1613,"294,189,238,186,505,715,15,710,742,249"
7824,10,False,False,0->0,,,,,16,1660,"303,211,87,718,617,308,164,723,19,314"
7825,10,False,False,0->0,,,,,16,1851,"833,294,685,198,474,917,891,407,457,117"
7828,10,False,False,0->0,,,,,16,2004,"132,678,101,652,962,468,632,521,868,91"
7830,10,False,False,0->0,,,,,16,1864,"603,798,659,920,205,854,632,688,784,739"
7831,10,False,False,0->0,,,,,16,2487,"769,626,482,556,204,39,673,633,554,639"
7832,10,False,False,0->0,,,,,16,1862,"572,49,557,914,402,787,607,626,892,124"
7835,10,False,False,0->0,,,,,16,2053,"130,732,112,106,210,19,856,438,718,433"
7836,10,False,False,0->0,,,,,16,1853,"310,530,892,211,17,973,631,795,883,293"
7838,10,False,False,0->0,,,,,16,1164,"131,804,150,169,181,297,593,633,136,48"
7839,10,False,False,0->0,,,,,16,1592,"675,585,77,366,362,148,656,69,463,714"
7840,10,False,False,0->0,,,,,16,1784,"804,420,181,107,2,902,185,763,84,827"
7841,10,False,False,0->0,,,,,16,1743,"880,744,648,961,327,805,594,389,37,304"
7842,10,False,False,0->0,,,,,16,2348,"330,659,941,271,652,63,413,548,603,321"
7843,10,False,False,0->0,,,,,16,1436,"974,32,22,418,461,289,784,408,633,101"
7844,10,False,False,0->0,,,,,16,1789,"322,423,72,27,109,798,239,150,622,289"
7846,10,False,False,0->0,,,,,16,1807,"459,848,407,180,651,757,458,460,863,385"
7847,10,False,False,0->0,,,,,16,1927,"945,52,981,431,694,674,17,112,64,150"
7851,10,False,False,0->0,,,,,16,1441,"326,4,70,592,315,602,416,909,1000,966"
7852,10,False,False,0->0,,,,,16,781,"613,39,444,732,656,501,952,352,176,685"
7853,10,False,False,0->0,,,,,16,1973,"986,338,614,530,673,437,578,154,385,135"
7855,10,False,False,0->0,,,,,16,1377,"11,434,82,621,796,737,135,325,624,867"
7856,10,False,False,0->0,,,,,16,1567,"707,759,963,905,840,38,694,817,744,598"
7857,10,False,False,0->0,,,,,16,1214,"383,537,835,229,101,787,676,692,14,207"
7858,10,False,False,0->0,,,,,16,2010,"3,709,112,687,733,856,651,844,132,791"
7859,10,False,False,0->0,,,,,16,1391,"113,142,409,356,243,434,660,634,445,933"
7863,10,False,False,0->0,,,,,16,1149,"29,617,613,919,94,777,253,294,491,828"
7864,10,False,False,0->0,,,,,16,960,"695,974,514,325,638,271,943,683,179,737"
7865,10,False,False,0->0,,,,,16,1703,"773,426,261,875,322,582,474,490,200,537"
7866,10,False,False,0->0,,,,,16,1116,"209,433,851,872,877,543,404,136,100,169"
7869,10,False,False,0->0,,,,,16,1059,"217,832,103,445,414,443,333,986,409,758"
7870,10,False,False,0->0,,,,,16,962,"209,721,61,613,597,352,500,368,770,222"
7871,10,False,False,0->0,,,,,16,1245,"690,253,703,555,587,203,492,332,430,959"
7872,10,False,False,0->0,,,,,16,1287,"662,235,216,690,551,321,790,391,271,806"
7873,10,False,False,0->0,,,,,16,1549,"898,871,947,636,113,705,587,580,683,360"
7874,10,False,False,0->0,,,,,16,1228,"380,794,179,521,888,634,699,9,459,317"
7875,10,False,False,0->0,,,,,16,1491,"70,651,873,905,734,212,426,937,634,583"
7876,10,False,False,0->0,,,,,16,998,"271,755,705,434,319,862,51,915,977,791"
7877,10,False,False,0->0,,,,,16,1292,"815,343,663,549,477,507,950,330,489,391"
7878,10,False,False,0->0,,,,,16,1362,"792,175,150,751,404,241,784,806,802,445"
7879,10,False,False,0->0,,,,,16,1082,"614,853,765,739,794,817,956,779,496,56"
7880,10,False,False,0->0,,,,,16,1869,"167,527,439,974,733,221,694,739,400,402"
7882,10,False,False,0->0,,,,,16,1017,"110,340,951,512,667,144,369,393,715,810"
7883,10,False,False,0->0,,,,,16,1040,"695,875,404,1,953,956,773,223,689,415"
7885,10,False,False,0->0,,,,,16,2704,"974,971,666,550,607,167,374,481,350,412"
7886,10,False,False,0->0,,,,,16,1122,"754,228,371,436,117,915,844,989,332,709"
7887,10,False,False,0->0,,,,,16,1302,"926,223,873,459,635,513,203,284,324,934"
7890,10,False,False,0->0,,,,,16,1099,"389,14,189,942,528,940,110,145,439,574"
7893,10,False,False,0->0,,,,,16,1842,"974,895,685,741,949,304,896,244,675,11"
7894,10,False,False,0->0,,,,,16,1740,"640,601,721,728,783,475,618,393,291,639"
7898,10,False,False,0->0,,,,,16,1666,"710,772,409,204,226,675,439,552,365,242"
7899,10,False,False,0->0,,,,,16,1263,"740,982,866,171,244,908,127,70,658,120"
7900,10,False,False,0->0,,,,,16,1299,"401,352,535,373,319,294,34,109,276,217"
7902,10,False,False,0->0,,,,,16,1208,"408,878,294,468,250,135,810,268,792,59"
7903,10,False,False,0->0,,,,,16,2223,"741,58,212,700,383,157,593,992,764,394"
7904,10,False,False,0->0,,,,,16,1286,"50,903,666,725,262,824,535,43,817,615"
7905,10,False,False,0->0,,,,,16,2136,"626,434,842,110,782,202,209,467,528,266"
7907,10,False,False,0->0,,,,,16,1799,"604,824,338,763,320,911,98,652,202,161"
7908,10,False,False,0->0,,,,,16,1014,"648,373,263,61,505,205,774,759,514,176"
7909,10,False,False,0->0,,,,,16,779,"137,684,294,705,849,447,758,675,751,475"
7910,10,False,False,0->0,,,,,16,1463,"97,725,37,232,941,865,564,105,950,833"
7911,10,False,False,0->0,,,,,16,1685,"697,197,229,428,708,456,722,798,979,205"
7912,10,False,False,0->0,,,,,16,2117,"836,858,493,501,970,201,230,94,648,633"
7914,10,False,False,0->0,,,,,16,2264,"792,368,929,681,413,448,764,506,189,271"
7917,10,False,False,0->0,,,,,16,1936,"333,1000,363,251,264,475,798,555,302,479"
7918,10,False,False,0->0,,,,,16,1643,"322,136,53,162,862,929,173,489,770,185"
7919,10,False,False,0->0,,,,,16,1461,"793,431,473,990,814,853,207,73,402,362"
7921,10,False,False,0->0,,,,,16,1269,"18,85,385,759,31,487,177,814,703,320"
7923,10,False,False,0->0,,,,,16,2023,"340,116,764,895,360,989,808,463,813,714"
7924,10,False,False,0->0,,,,,16,854,"888,709,761,182,150,991,780,641,857,586"
7926,10,False,False,0->0,,,,,16,1333,"520,662,83,870,711,145,749,102,705,508"
7927,10,False,False,0->0,,,,,16,1007,"798,93,993,59,696,90,927,584,305,241"
7928,10,False,False,0->0,,,,,16,1973,"455,293,257,325,152,994,178,329,482,514"
7929,10,False,False,0->0,,,,,16,1423,"720,80,791,638,36,318,223,922,112,700"
7930,10,False,False,0->0,,,,,16,1584,"625,64,243,718,469,319,309,710,335,244"
7931,10,False,False,0->0,,,,,16,2431,"195,814,980,673,633,750,373,326,163,746"
7933,10,False,False,0->0,,,,,16,1273,"81,726,999,954,456,355,635,222,873,688"
7935,10,False,False,0->0,,,,,16,1794,"144,863,690,937,684,299,858,656,290,851"
7936,10,False,False,0->0,,,,,16,2754,"130,855,938,197,431,944,178,578,716,91"
7937,10,False,False,0->0,,,,,16,2046,"874,700,182,178,660,451,633,239,448,46"
7938,10,False,False,0->0,,,,,16,1778,"226,309,533,294,508,78,202,289,741,95"
7939,10,False,False,0->0,,,,,16,1421,"117,733,289,958,806,57,102,708,639,330"
7940,10,False,False,0->0,,,,,16,947,"768,76,632,886,830,305,573,433,199,196"
7942,10,False,False,0->0,,,,,16,1587,"290,666,384,829,508,2,768,709,615,524"
7943,10,False,False,0->0,,,,,16,1307,"702,641,131,314,570,235,293,110,823,988"
7946,10,False,False,0->0,,,,,16,1627,"58,456,132,405,230,902,314,34,878,180"
7947,10,False,False,0->0,,,,,16,1562,"46,945,216,552,897,549,387,159,90,875"
7948,10,False,False,0->0,,,,,16,1870,"211,431,159,141,900,303,476,249,154,248"
7949,10,False,False,0->0,,,,,16,1231,"612,571,648,228,818,792,477,978,646,873"
7950,10,False,False,0->0,,,,,16,1133,"924,730,395,60,890,14,656,707,397,422"
7955,10,False,False,0->0,,,,,16,1360,"718,717,78,793,555,530,506,499,481,914"
7956,10,False,False,0->0,,,,,16,1352,"568,166,725,758,59,139,735,137,110,120"
7957,10,False,False,0->0,,,,,16,965,"380,848,128,397,592,29,270,662,830,672"
7958,10,False,False,0->0,,,,,16,2670,"749,19,928,437,931,532,512,814,210,613"
7960,10,False,False,0->0,,,,,16,1555,"934,16,269,824,938,602,776,574,641,636"
7961,10,False,False,0->0,,,,,16,422,"636,514,736,133,280,788,446,734,977,934"
7963,10,False,False,0->0,,,,,16,1420,"942,861,935,637,455,715,373,17,501,660"
7964,10,False,False,0->0,,,,,16,1612,"775,947,126,866,667,340,626,371,426,236"
7965,10,False,False,0->0,,,,,16,3020,"764,454,719,493,290,208,250,754,163,526"
7966,10,False,False,0->0,,,,,16,2133,"289,437,603,84,239,980,322,933,414,931"
7967,10,False,False,0->0,,,,,16,2683,"253,221,985,789,661,161,400,125,874,36"
7968,10,False,False,0->0,,,,,16,1016,"547,986,87,621,417,369,436,533,927,99"
7969,10,False,False,0->0,,,,,16,1577,"512,571,637,473,566,941,549,404,274,510"
7970,10,False,False,0->0,,,,,16,1404,"575,82,94,238,346,803,388,666,446,143"
7971,10,False,False,0->0,,,,,16,1609,"937,85,838,861,305,147,784,534,512,621"
7972,10,False,False,0->0,,,,,16,1794,"619,145,646,609,587,326,405,601,957,908"
7973,10,False,False,0->0,,,,,16,1211,"910,911,530,949,479,857,851,683,797,488"
7974,10,False,False,0->0,,,,,16,1498,"312,423,994,83,430,520,236,232,246,870"
7975,10,False,False,0->0,,,,,16,1814,"656,880,861,505,890,392,913,355,771,119"
7976,10,False,False,0->0,,,,,16,1516,"717,468,344,736,477,749,798,623,500,238"
7977,10,False,False,0->0,,,,,16,1755,"187,192,411,692,617,375,206,934,735,727"
7978,10,False,False,0->0,,,,,16,2385,"171,271,141,692,70,359,883,322,3,395"
7979,10,False,False,0->0,,,,,16,1536,"924,69,41,249,158,416,935,248,140,428"
7981,10,False,False,0->0,,,,,16,1901,"164,613,568,210,733,97,729,37,13,495"
7982,10,False,False,0->0,,,,,16,2256,"51,319,873,653,679,523,659,720,458,113"
7985,10,False,False,0->0,,,,,16,1476,"751,721,125,364,902,36,95,873,143,266"
7986,10,False,False,0->0,,,,,16,1646,"378,700,468,795,246,25,73,161,365,549"
7987,10,False,False,0->0,,,,,16,2208,"982,270,131,749,291,623,505,913,499,661"
7988,10,False,False,0->0,,,,,16,2511,"964,343,975,327,453,772,110,513,417,262"
7989,10,False,False,0->0,,,,,16,1357,"880,107,472,709,603,511,830,510,105,550"
7990,10,False,False,0->0,,,,,16,1653,"3,422,428,158,279,132,23,162,838,585"
7991,10,False,False,0->0,,,,,16,855,"265,434,787,721,921,679,169,656,303,690"
7993,10,False,False,0->0,,,,,16,1602,"813,900,327,572,783,184,963,175,945,226"
7994,10,False,False,0->0,,,,,16,1652,"797,594,250,204,447,973,82,794,142,985"
7995,10,False,False,0->0,,,,,16,1324,"185,717,581,41,501,907,160,551,442,752"
7996,10,False,False,0->0,,,,,16,2410,"157,536,782,652,266,883,726,527,998,242"
7997,10,False,False,0->0,,,,,16,2392,"208,112,789,883,27,911,20,900,963,615"
8002,10,False,False,0->0,,,,,16,2445,"951,657,560,632,104,810,885,811,202,419"
8003,10,False,False,0->0,,,,,16,1627,"9,214,768,396,741,522,669,794,73,824"
8004,10,False,False,0->0,,,,,16,1977,"590,262,242,156,828,488,74,695,52,656"
8005,10,False,False,0->0,,,,,16,2282,"69,274,176,566,681,388,239,859,436,216"
8006,10,False,False,0->0,,,,,16,3077,"326,504,703,217,457,154,162,145,165,700"
8007,10,False,False,0->0,,,,,16,2509,"88,401,642,363,468,573,136,554,59,174"
8008,10,False,False,0->0,,,,,16,1256,"583,835,251,332,971,279,487,156,77,551"
8009,10,False,False,0->0,,,,,16,1387,"541,781,304,956,591,575,786,858,666,199"
8010,10,False,False,0->0,,,,,16,1889,"756,244,735,945,422,469,833,308,816,947"
8011,10,False,False,0->0,,,,,16,1461,"708,316,211,356,896,906,907,621,966,183"
8014,10,False,False,0->0,,,,,16,1183,"814,179,355,574,762,928,312,100,96,949"
8015,10,False,False,0->0,,,,,16,1134,"767,725,158,22,978,895,507,643,243,641"
8016,10,False,False,0->0,,,,,16,1190,"447,777,760,731,906,810,757,360,413,436"
8017,10,False,False,0->0,,,,,16,1133,"247,618,277,486,404,49,33,787,994,417"
8018,10,False,False,0->0,,,,,16,1212,"919,769,268,27,875,164,497,834,511,189"
8019,10,False,False,0->0,,,,,16,1432,"426,847,862,988,684,715,702,922,587,474"
8021,10,False,False,0->0,,,,,16,1938,"987,891,720,49,616,398,42,3,200,813"
8022,10,False,False,0->0,,,,,16,1570,"279,378,507,877,713,962,660,140,243,245"
8023,10,False,False,0->0,,,,,16,1779,"85,198,415,195,299,583,297,3,722,808"
8024,10,False,False,0->0,,,,,16,1369,"884,847,53,177,979,161,677,171,909,678"
8025,10,False,False,0->0,,,,,16,1093,"555,911,954,8,741,611,15,293,943,890"
8029,10,False,False,0->0,,,,,16,2003,"737,612,463,883,414,519,988,142,973,47"
8030,10,False,False,0->0,,,,,16,1307,"744,752,670,572,78,49,762,896,548,11"
8031,10,False,False,0->0,,,,,16,982,"968,757,78,624,80,656,862,220,279,797"
8032,10,False,False,0->0,,,,,16,1153,"317,441,218,649,340,854,408,407,609,998"
8033,10,False,False,0->0,,,,,16,1375,"185,431,183,719,587,94,47,181,293,666"
8037,10,False,False,0->0,,,,,16,1398,"668,552,437,935,615,992,410,539,428,857"
8038,10,False,False,0->0,,,,,16,1364,"813,212,753,83,619,643,855,356,251,993"
8039,10,False,False,0->0,,,,,16,1797,"564,195,789,581,419,505,648,794,649,790"
8040,10,False,False,0->0,,,,,16,2646,"16,816,46,742,152,735,652,917,858,55"
8042,10,False,False,0->0,,,,,16,2416,"852,722,567,419,397,69,998,218,601,552"
8043,10,False,False,0->0,,,,,16,882,"675,106,269,511,857,738,152,212,325,474"
8044,10,False,False,0->0,,,,,16,1782,"126,476,305,863,591,574,749,773,285,291"
8045,10,False,False,0->0,,,,,16,1700,"963,640,591,370,60,838,19,347,749,978"
8047,10,False,False,0->0,,,,,16,1184,"810,209,384,128,709,202,595,51,572,805"
8048,10,False,False,0->0,,,,,16,1975,"803,945,265,284,666,157,272,663,566,611"
8049,10,False,False,0->0,,,,,16,2071,"550,659,571,172,107,467,209,48,7,758"
8050,10,False,False,0->0,,,,,16,1518,"505,246,890,712,937,902,174,744,182,294"
8051,10,False,False,0->0,,,,,16,1227,"974,356,622,589,23,663,34,850,70,919"
8052,10,False,False,0->0,,,,,16,1608,"283,280,426,102,833,205,978,815,845,570"
8053,10,True,True,1->1,0.0976202439285493,0.0976202439285493,4.300222211557443,4.300222211557443,16,1471,"70,818,943,854,64,18,489,624,700,310"
8054,10,False,False,0->0,,,,,16,1437,"366,333,867,429,899,460,741,926,551,720"
8055,10,False,False,0->0,,,,,16,1184,"546,611,393,998,554,705,430,681,753,307"
8058,10,False,False,0->0,,,,,16,1639,"708,519,38,966,492,267,720,93,326,60"
8059,10,False,False,0->0,,,,,16,1538,"235,211,375,333,25,245,252,981,224,949"
8061,10,False,False,0->0,,,,,16,2097,"371,174,577,823,260,612,524,226,380,350"
8062,10,False,False,0->0,,,,,16,1329,"16,570,787,982,963,688,285,1,204,415"
8063,10,False,False,0->0,,,,,16,2455,"29,733,324,428,835,342,981,717,735,12"
8064,10,False,False,0->0,,,,,16,1222,"763,226,495,37,968,121,813,594,224,958"
8065,10,False,False,0->0,,,,,16,1286,"994,935,73,418,445,731,145,783,104,795"
8066,10,False,False,0->0,,,,,16,1921,"507,62,980,637,193,204,754,653,452,880"
8067,10,False,False,0->0,,,,,16,1710,"266,695,624,635,458,987,33,962,696,48"
8068,10,False,False,0->0,,,,,16,1433,"407,390,21,753,956,530,210,22,122,949"
8069,10,False,False,0->0,,,,,16,1447,"937,37,444,475,794,267,190,463,619,134"
8070,10,False,False,0->0,,,,,16,2056,"419,53,471,621,686,96,154,940,263,784"
8071,10,False,False,0->0,,,,,16,774,"903,947,646,235,41,581,961,549,884,120"
8072,10,False,False,0->0,,,,,16,1202,"554,31,892,155,964,476,658,759,102,872"
8073,10,False,False,0->0,,,,,16,1792,"16,120,716,845,344,211,144,610,255,685"
8075,10,False,False,0->0,,,,,16,2497,"624,680,538,308,791,844,845,840,995,974"
8080,10,False,False,0->0,,,,,16,1247,"55,481,555,741,486,433,20,697,937,49"
8082,10,False,False,0->0,,,,,16,1602,"909,19,282,736,263,242,649,637,999,980"
8084,10,False,False,0->0,,,,,16,1658,"477,937,678,520,422,833,837,813,955,527"
8085,10,False,False,0->0,,,,,16,2691,"209,626,248,879,969,632,415,318,703,368"
8088,10,False,False,0->0,,,,,16,1580,"383,711,4,919,200,474,437,277,253,555"
8089,10,False,False,0->0,,,,,16,1592,"903,468,580,691,284,697,6,648,62,50"
8090,10,False,False,0->0,,,,,16,1829,"721,745,534,57,103,143,230,511,239,244"
8091,10,False,False,0->0,,,,,16,1332,"116,833,125,262,174,360,687,159,722,712"
8092,10,False,False,0->0,,,,,16,1595,"874,927,262,827,14,74,794,299,297,65"
8093,10,False,False,0->0,,,,,16,656,"371,82,61,563,788,875,927,439,18,189"
8094,10,False,False,0->0,,,,,16,1930,"469,210,598,77,405,691,46,977,431,393"
8095,10,False,False,0->0,,,,,16,1002,"180,323,333,25,727,411,243,961,631,575"
8096,10,False,False,0->0,,,,,16,1642,"261,108,375,870,24,856,103,442,67,896"
8097,10,False,False,0->0,,,,,16,1251,"4,207,905,804,438,976,903,685,202,633"
8098,10,False,False,0->0,,,,,16,1508,"715,667,40,761,609,563,676,630,373,822"
8099,10,False,False,0->0,,,,,16,1393,"426,617,532,56,141,520,239,699,222,44"
8102,10,False,False,0->0,,,,,16,1290,"338,102,662,461,319,39,582,599,853,59"
8103,10,False,False,0->0,,,,,16,1820,"605,458,668,508,209,107,57,448,176,803"
8104,10,False,False,0->0,,,,,16,975,"793,849,180,778,707,774,274,422,197,150"
8105,10,False,False,0->0,,,,,16,1094,"120,496,835,801,474,469,853,587,935,359"
8106,10,False,False,0->0,,,,,16,1185,"77,437,347,873,93,145,352,532,212,533"
8107,10,False,False,0->0,,,,,16,1231,"994,660,43,309,251,314,49,962,80,545"
8108,10,False,False,0->0,,,,,16,645,"999,570,440,148,254,487,935,121,142,220"
8110,10,False,False,0->0,,,,,16,1327,"47,67,908,244,714,956,218,95,255,252"
8112,10,False,False,0->0,,,,,16,1257,"547,74,674,148,804,998,940,401,119,481"
8113,10,False,False,0->0,,,,,16,1420,"642,474,695,908,167,730,128,90,741,876"
8114,10,False,False,0->0,,,,,16,1935,"42,880,814,23,641,590,992,557,930,722"
8116,10,False,False,0->0,,,,,16,1462,"667,6,560,313,806,715,11,821,18,421"
8117,10,False,False,0->0,,,,,16,1845,"872,148,120,731,259,250,717,264,34,195"
8118,10,False,False,0->0,,,,,16,1218,"6,259,991,59,477,8,886,690,279,294"
8119,10,False,False,0->0,,,,,16,2229,"136,970,567,684,37,408,979,575,160,312"
8120,10,False,False,0->0,,,,,16,1786,"972,893,366,376,347,403,171,278,90,355"
8122,10,False,False,0->0,,,,,16,1701,"319,430,74,273,618,678,690,675,828,537"
8123,10,False,False,0->0,,,,,16,1266,"707,204,174,564,285,837,49,689,804,82"
8125,10,False,False,0->0,,,,,16,1027,"440,209,600,308,736,754,679,86,791,437"
8126,10,False,False,0->0,,,,,16,1765,"543,590,244,872,642,842,72,592,368,588"
8127,10,False,False,0->0,,,,,16,745,"236,439,908,27,97,745,369,483,934,524"
8129,10,False,False,0->0,,,,,16,1880,"790,970,714,948,678,835,523,843,288,282"
8131,10,False,False,0->0,,,,,16,1298,"922,994,507,379,797,696,959,679,850,217"
8132,10,False,False,0->0,,,,,16,1118,"441,205,242,862,605,446,795,358,246,359"
8133,10,False,False,0->0,,,,,16,1314,"906,403,185,952,453,947,400,280,875,271"
8134,10,False,False,0->0,,,,,16,1852,"24,767,458,532,476,782,327,862,50,12"
8135,10,False,False,0->0,,,,,16,2250,"874,653,463,890,364,558,859,398,223,508"
8137,10,False,False,0->0,,,,,16,1310,"708,542,410,927,284,983,51,844,418,293"
8138,10,False,False,0->0,,,,,16,2476,"711,700,60,223,984,255,673,627,703,710"
8139,10,False,False,0->0,,,,,16,1670,"977,424,185,131,280,36,694,332,317,605"
8140,10,False,False,0->0,,,,,16,811,"514,603,832,177,552,201,642,487,317,155"
8141,10,False,False,0->0,,,,,16,2570,"257,795,446,793,952,822,200,165,1000,896"
8142,10,False,False,0->0,,,,,16,2025,"840,630,325,39,434,494,34,710,302,550"
8143,10,False,False,0->0,,,,,16,1376,"347,37,732,141,90,491,892,189,555,598"
8145,10,False,False,0->0,,,,,16,2463,"41,631,597,917,776,91,323,708,39,828"
8147,10,False,False,0->0,,,,,16,2097,"140,811,776,600,976,413,110,180,783,696"
8148,10,False,False,0->0,,,,,16,1994,"548,157,387,601,669,587,620,305,577,338"
8150,10,False,False,0->0,,,,,16,2843,"254,423,964,900,317,239,497,36,482,905"
8151,10,False,False,0->0,,,,,16,1201,"481,193,298,547,114,105,589,854,919,765"
8153,10,False,False,0->0,,,,,16,1648,"40,878,326,200,120,569,371,94,387,96"
8155,10,False,False,0->0,,,,,16,1367,"705,684,6,282,929,453,708,691,977,504"
8156,10,False,False,0->0,,,,,16,1551,"266,279,971,792,322,733,793,656,9,933"
8158,10,False,False,0->0,,,,,16,737,"583,963,977,993,972,265,106,927,886,642"
8159,10,False,False,0->0,,,,,16,1087,"625,487,969,97,492,265,935,675,497,291"
8161,10,False,False,0->0,,,,,16,769,"571,582,613,13,192,143,751,269,972,687"
8162,10,False,False,0->0,,,,,16,1830,"879,874,924,468,492,588,534,220,168,662"
8165,10,False,False,0->0,,,,,16,1528,"941,439,65,326,12,407,304,207,103,921"
8166,10,False,False,0->0,,,,,16,2181,"434,370,83,868,8,98,666,363,847,960"
8167,10,False,False,0->0,,,,,16,1537,"172,971,679,773,641,446,798,856,46,824"
8170,10,False,False,0->0,,,,,16,2129,"822,362,951,245,874,442,383,278,639,53"
8171,10,False,False,0->0,,,,,16,1950,"163,392,712,455,858,393,585,370,952,811"
8172,10,False,False,0->0,,,,,16,1304,"316,960,865,734,673,895,710,283,891,954"
8173,10,False,False,0->0,,,,,16,1207,"885,630,204,58,276,456,285,798,873,650"
8174,10,False,False,0->0,,,,,16,1540,"241,235,243,831,966,931,173,981,453,48"
8175,10,False,False,0->0,,,,,16,1231,"463,754,393,94,622,357,335,147,282,712"
8178,10,False,False,0->0,,,,,16,1611,"694,548,267,54,332,97,305,765,140,444"
8179,10,False,False,0->0,,,,,16,1099,"46,760,254,373,582,762,726,122,154,721"
8180,10,False,False,0->0,,,,,16,2433,"942,330,601,634,857,428,305,244,216,535"
8181,10,False,False,0->0,,,,,16,1072,"335,78,122,637,862,6,280,1,100,319"
8182,10,False,False,0->0,,,,,16,1728,"365,855,257,239,481,801,976,656,214,52"
8183,10,False,False,0->0,,,,,16,1633,"771,434,856,468,152,634,500,845,857,950"
8184,10,False,False,0->0,,,,,16,1259,"897,966,615,828,956,532,549,768,606,593"
8185,10,False,False,0->0,,,,,16,1615,"412,808,409,235,990,977,441,397,956,114"
8186,10,False,False,0->0,,,,,16,894,"507,53,93,8,391,528,263,56,632,587"
8188,10,False,False,0->0,,,,,16,1239,"667,439,301,605,101,63,145,503,975,78"
8189,10,False,False,0->0,,,,,16,1781,"921,212,974,646,547,402,210,422,239,629"
8190,10,False,False,0->0,,,,,16,1382,"721,851,878,62,468,959,431,788,837,968"
8191,10,False,False,0->0,,,,,16,1488,"908,831,565,891,232,51,375,968,886,539"
8192,10,False,False,0->0,,,,,16,2353,"817,313,38,350,148,474,588,417,193,848"
8193,10,False,False,0->0,,,,,16,1779,"861,36,50,806,108,390,257,109,793,433"
8194,10,False,False,0->0,,,,,16,1284,"517,288,235,308,922,168,571,87,775,896"
8195,10,False,False,0->0,,,,,16,2044,"241,781,158,874,833,154,970,402,513,717"
8196,10,False,False,0->0,,,,,16,1176,"426,164,217,125,803,555,957,589,920,832"
8198,10,False,False,0->0,,,,,16,1122,"356,6,537,177,315,934,224,793,868,210"
8200,10,False,False,0->0,,,,,16,678,"970,45,884,953,780,20,811,851,774,443"
8201,10,False,False,0->0,,,,,16,1807,"157,995,252,160,439,37,372,890,630,444"
8202,10,False,False,0->0,,,,,16,873,"301,460,4,385,787,742,513,815,757,515"
8204,10,False,False,0->0,,,,,16,2502,"751,544,575,500,4,590,815,84,689,96"
8206,10,False,False,0->0,,,,,16,3161,"789,73,230,398,223,764,941,590,995,639"
8208,10,False,False,0->0,,,,,16,2110,"303,511,637,659,150,301,50,5,668,232"
8209,10,False,False,0->0,,,,,16,1259,"6,988,297,64,658,610,615,875,33,183"
8210,10,False,False,0->0,,,,,16,1221,"180,506,459,859,521,981,6,740,592,945"
8212,10,False,False,0->0,,,,,16,1527,"862,389,575,50,113,778,944,743,51,621"
8215,10,False,False,0->0,,,,,16,2225,"727,556,573,990,127,363,515,304,853,706"
8216,10,False,False,0->0,,,,,16,1690,"3,385,183,39,371,537,451,439,834,90"
8217,10,False,False,0->0,,,,,16,1892,"335,456,643,413,402,924,57,569,81,270"
8219,10,False,False,0->0,,,,,16,1425,"599,326,801,543,495,201,362,497,183,415"
8221,10,False,False,0->0,,,,,16,1483,"366,721,583,445,14,602,117,522,76,903"
8223,10,False,False,0->0,,,,,16,1798,"723,591,565,555,438,501,830,937,239,659"
8224,10,False,False,0->0,,,,,16,2562,"396,160,944,677,235,998,862,471,230,791"
8225,10,False,False,0->0,,,,,16,3017,"724,445,772,755,475,159,230,976,343,84"
8226,10,False,False,0->0,,,,,16,772,"854,137,207,642,33,315,401,518,542,121"
8227,10,False,False,0->0,,,,,16,2348,"320,250,522,290,558,387,163,595,273,114"
8229,10,False,False,0->0,,,,,16,2284,"383,262,200,469,985,845,856,995,3,161"
8231,10,False,False,0->0,,,,,16,1434,"534,228,801,718,21,72,438,60,963,459"
8232,10,False,False,0->0,,,,,16,1630,"926,469,391,146,590,927,291,152,475,72"
8234,10,False,False,0->0,,,,,16,1763,"177,390,368,64,527,782,651,650,457,680"
8237,10,False,False,0->0,,,,,16,1628,"693,448,249,551,868,970,460,468,618,229"
8238,10,False,False,0->0,,,,,16,787,"261,781,422,342,797,999,704,477,801,986"
8239,10,False,False,0->0,,,,,16,957,"224,368,269,978,101,990,781,372,243,805"
8240,10,False,False,0->0,,,,,16,1948,"342,19,238,697,800,218,142,648,765,190"
8241,10,False,False,0->0,,,,,16,970,"968,226,340,452,259,708,796,587,142,676"
8243,10,False,False,0->0,,,,,16,2067,"953,371,273,36,139,547,46,68,678,669"
8244,10,False,False,0->0,,,,,16,974,"86,239,185,783,243,667,641,362,20,910"
8245,10,False,False,0->0,,,,,16,2049,"428,461,900,614,691,313,167,787,322,489"
8246,10,False,False,0->0,,,,,16,1316,"469,393,320,998,616,251,724,514,205,235"
8247,10,False,False,0->0,,,,,16,2025,"133,950,782,495,941,705,7,879,463,342"
8248,10,False,False,0->0,,,,,16,2308,"144,879,208,749,598,956,137,971,940,840"
8249,10,False,False,0->0,,,,,16,1030,"730,856,765,299,48,804,250,96,119,743"
8250,10,False,False,0->0,,,,,16,1213,"905,808,801,926,78,934,226,29,323,995"
8251,10,False,False,0->0,,,,,16,1038,"662,564,677,835,958,745,992,501,554,599"
8252,10,False,False,0->0,,,,,16,1615,"479,31,326,938,522,168,162,890,975,392"
8253,10,False,False,0->0,,,,,16,2293,"508,702,208,706,744,376,740,794,517,57"
8254,10,False,False,0->0,,,,,16,1477,"835,640,474,984,127,507,212,318,400,595"
8256,10,False,False,0->0,,,,,16,1938,"955,920,717,802,617,1,581,239,725,763"
8258,10,False,False,0->0,,,,,16,2111,"703,167,491,688,550,570,144,971,544,759"
8259,10,False,False,0->0,,,,,16,1374,"303,226,254,961,130,255,836,498,358,940"
8263,10,False,False,0->0,,,,,16,2919,"482,19,985,817,216,622,395,724,445,168"
8264,10,False,False,0->0,,,,,16,1598,"837,988,877,560,501,57,980,33,126,34"
8266,10,False,False,0->0,,,,,16,1748,"702,957,896,564,843,297,416,838,513,221"
8267,10,False,False,0->0,,,,,16,2371,"783,36,178,395,711,124,913,808,623,59"
8268,10,False,False,0->0,,,,,16,1535,"773,160,551,582,21,867,580,641,457,141"
8269,10,False,False,0->0,,,,,16,1300,"552,214,940,146,897,242,376,803,844,79"
8272,10,False,False,0->0,,,,,16,1936,"3,197,584,437,144,804,801,681,788,207"
8273,10,False,False,0->0,,,,,16,2535,"185,356,140,279,94,980,230,188,530,223"
8274,10,False,False,0->0,,,,,16,2048,"879,609,208,299,44,390,270,337,419,404"
8275,10,False,False,0->0,,,,,16,903,"244,17,376,817,362,360,154,117,952,545"
8276,10,False,False,0->0,,,,,16,1088,"359,844,861,938,24,751,549,205,31,943"
8277,10,False,False,0->0,,,,,16,2231,"96,773,504,548,877,159,982,157,926,876"
8278,10,False,False,0->0,,,,,16,1603,"975,302,202,211,611,668,920,47,17,169"
8280,10,False,False,0->0,,,,,16,1754,"266,157,479,853,208,769,438,754,677,130"
8281,10,False,False,0->0,,,,,16,1731,"279,920,132,826,1000,51,36,672,303,667"
8282,10,False,False,0->0,,,,,16,1734,"634,257,319,438,848,444,472,100,434,897"
8284,10,False,False,0->0,,,,,16,1501,"888,951,280,411,55,299,651,61,58,957"
8285,10,False,False,0->0,,,,,16,1646,"678,593,426,357,429,440,957,850,986,505"
8286,10,False,False,0->0,,,,,16,1294,"742,379,719,995,692,966,239,124,522,402"
8287,10,False,False,0->0,,,,,16,2572,"922,987,175,201,473,764,109,448,411,911"
8290,10,False,False,0->0,,,,,16,1450,"989,891,737,937,623,225,517,47,283,980"
8291,10,False,False,0->0,,,,,16,1313,"396,959,357,111,587,618,331,166,791,473"
8292,10,False,False,0->0,,,,,16,963,"893,684,293,547,94,141,7,249,288,709"
8293,10,False,False,0->0,,,,,16,2654,"567,267,105,442,578,188,661,60,317,653"
8294,10,False,False,0->0,,,,,16,1127,"800,201,80,107,745,872,99,476,606,500"
8297,10,False,False,0->0,,,,,16,1876,"370,187,460,550,643,600,832,532,567,949"
8298,10,False,False,0->0,,,,,16,2996,"670,797,356,36,660,482,700,503,669,119"
8300,10,False,False,0->0,,,,,16,2103,"527,547,980,658,688,619,767,55,201,569"
8301,10,False,False,0->0,,,,,16,1948,"409,998,771,788,114,876,103,929,716,757"
8302,10,False,False,0->0,,,,,16,2054,"344,927,232,5,419,919,974,532,365,732"
8303,10,False,False,0->0,,,,,16,2256,"980,743,252,169,389,569,477,646,821,259"
8304,10,False,False,0->0,,,,,16,1720,"666,431,957,547,308,803,314,568,3,214"
8305,10,False,False,0->0,,,,,16,1179,"409,167,201,865,431,921,751,224,276,373"
8306,10,False,False,0->0,,,,,16,1216,"656,211,196,7,730,126,169,581,381,224"
8307,10,False,False,0->0,,,,,16,2254,"255,602,935,977,230,228,856,880,565,821"
8308,10,False,False,0->0,,,,,16,2138,"788,776,577,425,204,329,614,407,131,439"
8311,10,False,False,0->0,,,,,16,1389,"415,876,903,564,689,414,41,198,48,957"
8312,10,False,False,0->0,,,,,16,1169,"5,915,299,922,497,777,823,872,405,513"
8313,10,False,False,0->0,,,,,16,1699,"467,120,947,218,710,870,161,717,899,589"
8315,10,False,False,0->0,,,,,16,849,"141,520,786,781,588,952,591,763,13,957"
8316,10,False,False,0->0,,,,,16,1190,"301,653,93,975,905,131,112,924,436,842"
8317,10,False,False,0->0,,,,,16,1568,"368,293,238,218,261,42,29,244,831,796"
8319,10,False,False,0->0,,,,,16,1651,"393,590,519,164,368,650,982,993,546,342"
8320,10,False,False,0->0,,,,,16,1138,"138,154,550,56,924,86,396,627,514,16"
8321,10,False,False,0->0,,,,,16,1114,"162,767,446,70,62,549,76,152,650,534"
8322,10,False,False,0->0,,,,,16,1839,"679,193,653,512,208,513,716,530,180,817"
8323,10,False,False,0->0,,,,,16,2042,"279,702,220,400,777,402,105,831,326,425"
8324,10,False,False,0->0,,,,,16,1384,"959,625,718,17,81,411,96,167,304,638"
8325,10,False,False,0->0,,,,,16,1969,"777,155,893,208,495,143,780,974,977,554"
8327,10,False,False,0->0,,,,,16,1200,"953,752,404,958,524,32,231,91,742,9"
8328,10,False,False,0->0,,,,,16,1551,"620,469,439,409,896,99,854,247,519,880"
8330,10,False,False,0->0,,,,,16,1167,"184,877,655,187,813,790,552,680,245,31"
8331,10,False,False,0->0,,,,,16,2064,"112,933,602,451,735,346,532,573,72,592"
8332,10,False,False,0->0,,,,,16,1502,"543,922,100,796,884,735,181,315,739,288"
8333,10,False,False,0->0,,,,,16,1640,"359,843,493,786,327,594,46,63,98,49"
8335,10,False,False,0->0,,,,,16,1692,"703,521,202,739,589,818,632,538,235,558"
8336,10,False,False,0->0,,,,,16,876,"950,796,231,392,299,261,394,439,866,685"
8337,10,False,False,0->0,,,,,16,1563,"381,777,878,465,821,702,454,787,914,106"
8340,10,False,False,0->0,,,,,16,1225,"385,976,972,249,265,418,317,632,844,666"
8341,10,False,False,0->0,,,,,16,1289,"212,851,672,915,833,715,942,697,635,235"
8342,10,False,False,0->0,,,,,16,1764,"162,663,862,426,783,536,325,132,977,111"
8344,10,False,False,0->0,,,,,16,1340,"87,734,907,557,36,838,108,59,652,468"
8346,10,False,False,0->0,,,,,16,1163,"384,429,661,634,248,704,852,317,771,139"
8347,10,False,False,0->0,,,,,16,2299,"985,90,313,836,835,827,164,592,499,393"
8348,10,False,False,0->0,,,,,16,2459,"476,32,307,506,230,999,382,962,165,419"
8349,10,False,False,0->0,,,,,16,1330,"45,552,440,788,318,374,627,553,199,789"
8350,10,False,False,0->0,,,,,16,1397,"811,317,964,376,752,661,207,813,963,769"
8351,10,False,False,0->0,,,,,16,2717,"422,796,385,301,342,350,544,988,437,272"
8352,10,False,False,0->0,,,,,16,2972,"424,19,955,569,52,826,301,7,82,980"
8353,10,False,False,0->0,,,,,16,819,"1000,139,662,587,359,592,121,179,454,966"
8354,10,False,False,0->0,,,,,16,1481,"270,247,691,72,283,135,287,782,455,50"
8355,10,False,False,0->0,,,,,16,1484,"137,735,734,507,804,60,338,503,915,135"
8356,10,False,False,0->0,,,,,16,2020,"786,372,1,535,524,759,230,456,329,568"
8358,10,False,False,0->0,,,,,16,1298,"278,104,416,511,417,674,680,429,77,384"
8359,10,False,False,0->0,,,,,16,1793,"785,636,503,920,782,940,792,376,681,380"
8360,10,False,False,0->0,,,,,16,1241,"8,251,721,469,656,157,429,135,765,935"
8362,10,False,False,0->0,,,,,16,1579,"265,346,695,654,34,414,626,718,814,321"
8363,10,False,False,0->0,,,,,16,1368,"158,259,972,346,673,856,182,806,767,781"
8364,10,False,False,0->0,,,,,16,1354,"810,632,289,288,433,630,633,844,391,924"
8365,10,False,False,0->0,,,,,16,2202,"1,524,321,663,220,160,584,685,827,944"
8367,10,False,False,0->0,,,,,16,1043,"448,23,226,144,344,46,774,813,378,174"
8368,10,False,False,0->0,,,,,16,1016,"575,456,636,709,545,305,551,476,749,726"
8369,10,False,False,0->0,,,,,16,2163,"98,733,352,663,225,62,734,216,42,173"
8370,10,False,False,0->0,,,,,16,2354,"317,16,298,301,465,567,366,513,5,39"
8371,10,False,False,0->0,,,,,16,2121,"834,39,636,206,494,776,717,666,691,557"
8374,10,False,False,0->0,,,,,16,1860,"313,148,278,658,829,956,854,76,699,426"
8375,10,False,False,0->0,,,,,16,1845,"870,487,285,70,651,669,169,528,242,381"
8376,10,False,False,0->0,,,,,16,1541,"555,556,733,686,760,826,959,61,655,586"
8377,10,False,False,0->0,,,,,16,1300,"298,140,494,184,268,195,727,519,498,574"
8378,10,False,False,0->0,,,,,16,1429,"552,788,207,368,39,824,603,963,314,865"
8379,10,False,False,0->0,,,,,16,1655,"962,513,575,646,400,189,790,162,307,662"
8380,10,False,False,0->0,,,,,16,1263,"263,420,833,145,966,138,977,517,684,760"
8381,10,False,False,0->0,,,,,16,1761,"659,638,613,938,23,197,884,545,372,752"
8382,10,False,False,0->0,,,,,16,2083,"93,372,876,42,379,641,500,786,703,408"
8386,10,False,False,0->0,,,,,16,1908,"1,225,125,582,19,963,748,492,331,732"
8388,10,False,False,0->0,,,,,16,1803,"573,601,27,415,519,522,324,207,375,370"
8389,10,False,False,0->0,,,,,16,1985,"700,787,352,515,541,235,374,690,942,194"
8390,10,False,False,0->0,,,,,16,931,"994,390,500,218,137,934,444,905,510,369"
8391,10,False,False,0->0,,,,,16,1314,"175,641,655,479,539,67,729,896,425,791"
8393,10,False,False,0->0,,,,,16,1799,"414,138,152,951,186,5,16,481,363,590"
8394,10,False,False,0->0,,,,,16,1862,"971,533,838,73,375,855,244,91,207,554"
8395,10,False,False,0->0,,,,,16,1610,"217,180,594,187,725,552,845,37,712,228"
8396,10,False,False,0->0,,,,,16,852,"908,297,67,680,60,914,867,218,688,752"
8398,10,False,False,0->0,,,,,16,1443,"340,430,260,624,634,512,768,133,100,538"
8399,10,False,False,0->0,,,,,16,1664,"983,723,785,257,976,457,14,575,195,739"
8400,10,False,False,0->0,,,,,16,1672,"657,522,877,207,749,769,649,280,829,150"
8401,10,False,False,0->0,,,,,16,1331,"481,985,190,331,173,280,437,972,929,426"
8403,10,False,False,0->0,,,,,16,1672,"572,620,734,254,852,243,696,468,931,216"
8405,10,False,False,0->0,,,,,16,1220,"95,722,2,132,50,233,37,249,568,147"
8406,10,False,False,0->0,,,,,16,1000,"287,852,319,183,332,697,909,307,905,177"
8407,10,False,False,0->0,,,,,16,1358,"34,658,20,277,316,511,604,636,848,25"
8408,10,False,False,0->0,,,,,16,1423,"850,619,627,853,108,972,114,895,775,249"
8409,10,False,False,0->0,,,,,16,2637,"764,86,199,236,390,363,852,800,176,940"
8410,10,False,False,0->0,,,,,16,1361,"649,727,198,908,54,225,40,379,32,221"
8412,10,False,False,0->0,,,,,16,2085,"289,136,404,588,945,503,269,304,581,194"
8414,10,False,False,0->0,,,,,16,1255,"271,588,721,578,282,167,982,771,612,734"
8415,10,False,False,0->0,,,,,16,1301,"896,913,788,430,960,156,137,723,228,45"
8416,10,False,False,0->0,,,,,16,1786,"246,700,329,358,135,712,425,968,398,127"
8418,10,False,False,0->0,,,,,16,1163,"613,179,938,42,948,103,890,101,208,666"
8419,10,False,False,0->0,,,,,16,1428,"257,457,52,428,606,924,456,630,984,566"
8420,10,False,False,0->0,,,,,16,1811,"42,700,649,83,859,919,114,335,207,615"
8421,10,False,False,0->0,,,,,16,1960,"157,994,179,550,266,634,920,313,537,145"
8422,10,False,False,0->0,,,,,16,1601,"182,892,346,646,235,675,578,992,738,310"
8423,10,False,False,0->0,,,,,16,1760,"670,829,250,808,110,506,242,168,9,648"
8424,10,False,False,0->0,,,,,16,823,"104,617,251,131,774,373,810,494,134,138"
8426,10,False,False,0->0,,,,,16,914,"225,465,513,355,58,580,80,439,983,382"
8427,10,False,False,0->0,,,,,16,2388,"128,164,162,393,163,114,102,260,599,887"
8428,10,False,False,0->0,,,,,16,1478,"570,40,840,268,604,949,96,773,757,721"
8429,10,False,False,0->0,,,,,16,2084,"459,863,788,172,902,876,934,620,630,949"
8430,10,False,False,0->0,,,,,16,2616,"384,782,863,38,485,104,201,111,304,59"
8431,10,False,False,0->0,,,,,16,1521,"741,717,99,972,479,155,131,994,511,214"
8432,10,False,False,0->0,,,,,16,1873,"969,384,983,195,382,214,803,84,642,626"
8434,10,False,False,0->0,,,,,16,1184,"457,231,102,324,523,927,746,251,206,816"
8435,10,False,False,0->0,,,,,16,1942,"309,371,630,446,185,964,685,519,649,567"
8439,10,False,False,0->0,,,,,16,1547,"938,789,845,753,48,199,856,757,963,972"
8440,10,False,False,0->0,,,,,16,1236,"821,513,309,725,582,855,921,961,282,788"
8442,10,False,False,0->0,,,,,16,1851,"520,405,326,494,977,508,935,805,125,417"
8443,10,False,False,0->0,,,,,16,1176,"34,364,239,384,385,587,637,546,533,437"
8444,10,False,False,0->0,,,,,16,1066,"595,52,54,56,614,696,373,271,62,511"
8446,10,False,False,0->0,,,,,16,1818,"200,755,709,706,154,253,189,606,518,870"
8447,10,False,False,0->0,,,,,16,1748,"468,563,762,58,605,52,342,826,921,8"
8448,10,False,False,0->0,,,,,16,1939,"1000,261,413,204,375,411,935,85,63,880"
8453,10,False,False,0->0,,,,,16,1800,"806,226,181,421,633,856,811,802,655,748"
8454,10,False,False,0->0,,,,,16,1447,"693,877,233,416,599,848,263,731,729,581"
8455,10,False,False,0->0,,,,,16,1689,"494,333,663,144,703,127,922,634,763,610"
8456,10,False,False,0->0,,,,,16,2004,"259,390,214,448,99,822,694,811,372,93"
8457,10,False,False,0->0,,,,,16,957,"991,117,662,94,878,87,109,360,182,531"
8459,10,False,False,0->0,,,,,16,1777,"327,323,202,695,276,136,5,866,51,718"
8460,10,False,False,0->0,,,,,16,2016,"617,532,476,236,382,36,431,955,585,991"
8461,10,False,False,0->0,,,,,16,1628,"22,853,142,896,510,627,178,944,208,195"
8462,10,False,False,0->0,,,,,16,1658,"500,165,321,355,880,100,606,711,134,712"
8464,10,False,False,0->0,,,,,16,2133,"971,390,969,49,208,919,942,233,320,733"
8466,10,False,False,0->0,,,,,16,1897,"928,323,988,538,397,376,872,448,535,779"
8467,10,False,False,0->0,,,,,16,956,"568,355,196,134,61,763,62,775,284,956"
8468,10,False,False,0->0,,,,,16,1419,"859,152,556,410,493,993,418,241,533,591"
8469,10,False,False,0->0,,,,,16,1367,"926,465,707,679,713,304,593,94,467,618"
8470,10,False,False,0->0,,,,,16,1807,"603,104,836,77,765,989,55,507,495,197"
8471,10,False,False,0->0,,,,,16,1081,"826,262,132,68,186,878,999,543,355,139"
8472,10,False,False,0->0,,,,,16,3111,"542,58,868,264,81,259,216,604,402,695"
8474,10,False,False,0->0,,,,,16,1885,"174,83,211,998,425,77,431,402,178,587"
8476,10,False,False,0->0,,,,,16,1504,"905,468,814,102,276,455,676,19,784,552"
8477,10,False,False,0->0,,,,,16,1790,"217,629,42,674,900,759,952,97,840,666"
8479,10,False,False,0->0,,,,,16,773,"565,297,752,642,697,235,852,992,520,494"
8480,10,False,False,0->0,,,,,16,1180,"491,239,681,111,322,745,757,107,56,358"
8482,10,False,False,0->0,,,,,16,1361,"957,125,411,728,144,180,993,968,204,691"
8483,10,False,False,0->0,,,,,16,1622,"8,23,605,586,828,331,360,914,264,487"
8485,10,False,False,0->0,,,,,16,1147,"952,279,68,655,844,224,96,852,615,152"
8486,10,False,False,0->0,,,,,16,2341,"849,693,794,599,764,424,58,499,677,563"
8487,10,False,False,0->0,,,,,16,1099,"287,898,995,712,867,135,265,270,190,646"
8488,10,False,False,0->0,,,,,16,1445,"49,598,121,911,802,753,225,287,983,387"
8490,10,False,False,0->0,,,,,16,2396,"553,264,467,622,787,732,117,639,676,544"
8491,10,False,False,0->0,,,,,16,2536,"473,264,854,553,452,588,447,659,206,618"
8492,10,False,False,0->0,,,,,16,1703,"196,824,90,727,975,802,175,504,865,986"
8494,10,False,False,0->0,,,,,16,2990,"218,776,877,871,102,457,496,767,874,254"
8496,10,False,False,0->0,,,,,16,1781,"978,82,804,821,863,69,754,106,573,467"
8497,10,False,False,0->0,,,,,16,1780,"761,829,168,492,216,127,568,139,376,794"
8498,10,False,False,0->0,,,,,16,1595,"620,565,549,905,32,974,369,267,505,467"
8499,10,False,False,0->0,,,,,16,1400,"443,930,834,513,951,260,15,886,344,289"
8501,10,False,False,0->0,,,,,16,1579,"949,267,861,865,751,304,457,113,843,908"
8502,10,False,False,0->0,,,,,16,2038,"495,401,512,942,277,290,247,922,280,861"
8503,10,False,False,0->0,,,,,16,1359,"597,955,143,178,137,471,496,48,254,497"
8504,10,False,False,0->0,,,,,16,1760,"787,708,811,166,77,262,517,55,36,857"
8505,10,False,False,0->0,,,,,16,1418,"279,760,652,899,18,782,552,886,94,289"
8507,10,False,False,0->0,,,,,16,1417,"605,217,523,827,23,438,32,96,614,601"
8508,10,False,False,0->0,,,,,16,1628,"317,548,81,702,930,672,95,192,257,294"
8509,10,False,False,0->0,,,,,16,2179,"303,453,966,266,130,533,471,917,335,31"
8510,10,False,False,0->0,,,,,16,980,"955,888,177,729,274,101,670,746,872,469"
8512,10,False,False,0->0,,,,,16,1616,"518,750,272,448,968,220,250,326,587,755"
8513,10,False,False,0->0,,,,,16,1343,"888,857,631,180,327,601,284,585,815,695"
8514,10,False,False,0->0,,,,,16,1467,"947,587,320,560,488,239,79,935,724,838"
8515,10,False,False,0->0,,,,,16,1765,"304,985,756,84,730,873,94,332,795,235"
8516,10,False,False,0->0,,,,,16,1723,"605,48,642,171,796,255,453,243,451,385"
8519,10,False,False,0->0,,,,,16,2094,"514,154,161,700,503,456,383,944,471,518"
8521,10,False,False,0->0,,,,,16,986,"713,704,120,583,146,501,720,136,730,983"
8522,10,False,False,0->0,,,,,16,1938,"177,150,683,899,755,549,6,408,88,706"
8523,10,False,False,0->0,,,,,16,1794,"390,774,966,815,590,289,68,338,639,911"
8525,10,False,False,0->0,,,,,16,1926,"121,692,193,95,763,326,800,412,604,497"
8528,10,False,False,0->0,,,,,16,1005,"990,276,262,739,280,783,597,490,538,410"
8531,10,False,False,0->0,,,,,16,1039,"557,180,254,278,730,907,448,37,99,189"
8533,10,False,False,0->0,,,,,16,1446,"152,415,662,581,251,919,259,676,505,582"
8534,10,False,False,0->0,,,,,16,1274,"678,414,613,305,633,387,713,994,816,233"
8535,10,False,False,0->0,,,,,16,1783,"966,872,556,199,568,957,837,485,704,181"
8537,10,False,False,0->0,,,,,16,1685,"134,229,563,891,418,838,42,488,753,619"
8538,10,False,False,0->0,,,,,16,1755,"976,441,957,100,506,181,802,595,569,972"
8540,10,False,False,0->0,,,,,16,1955,"469,627,550,253,614,572,714,208,229,686"
8541,10,False,False,0->0,,,,,16,1202,"572,121,392,979,39,672,327,59,549,852"
8545,10,False,False,0->0,,,,,16,1613,"242,257,262,886,624,9,309,806,662,770"
8546,10,False,False,0->0,,,,,16,1639,"643,16,337,510,145,508,294,284,315,132"
8547,10,False,False,0->0,,,,,16,980,"155,337,762,152,935,896,5,110,41,790"
8550,10,False,False,0->0,,,,,16,1700,"483,186,9,92,366,676,870,573,580,788"
8552,10,False,False,0->0,,,,,16,1395,"61,285,539,451,639,721,777,347,42,171"
8554,10,False,False,0->0,,,,,16,1552,"986,661,434,6,48,621,412,307,951,112"
8555,10,False,False,0->0,,,,,16,1472,"416,771,226,713,44,777,823,162,960,304"
8556,10,False,False,0->0,,,,,16,2069,"991,103,244,519,973,598,885,656,941,273"
8559,10,False,False,0->0,,,,,16,1101,"593,927,945,828,566,662,239,90,765,330"
8560,10,False,False,0->0,,,,,16,1534,"34,979,921,325,287,574,289,964,181,962"
8561,10,False,False,0->0,,,,,16,1413,"248,641,893,637,487,642,558,785,181,949"
8562,10,False,False,0->0,,,,,16,2273,"370,82,554,802,160,684,147,400,196,460"
8563,10,False,False,0->0,,,,,16,1713,"633,537,585,631,999,888,603,414,782,88"
8564,10,False,False,0->0,,,,,16,1439,"99,297,313,148,51,447,983,601,908,372"
8567,10,False,False,0->0,,,,,16,1593,"481,265,414,610,990,316,637,405,434,162"
8569,10,False,False,0->0,,,,,16,623,"206,144,211,978,177,568,934,42,414,862"
8571,10,False,False,0->0,,,,,16,1685,"368,456,13,325,383,408,87,815,754,465"
8572,10,False,False,0->0,,,,,16,1474,"670,86,902,725,887,933,188,106,586,727"
8573,10,False,False,0->0,,,,,16,1492,"327,420,710,43,737,19,549,850,743,134"
8574,10,False,False,0->0,,,,,16,1194,"271,401,952,18,653,437,587,844,538,113"
8575,10,False,False,0->0,,,,,16,1489,"570,768,302,236,704,574,748,499,566,981"
8576,10,False,False,0->0,,,,,16,1236,"365,727,497,233,627,721,27,472,893,13"
8577,10,False,False,0->0,,,,,16,716,"553,122,898,386,783,778,247,995,461,342"
8578,10,False,False,0->0,,,,,16,1640,"750,7,759,818,617,362,709,3,39,254"
8579,10,False,False,0->0,,,,,16,2259,"989,556,438,140,68,225,494,26,660,974"
8581,10,False,False,0->0,,,,,16,1674,"169,429,222,455,700,948,577,102,910,56"
8582,10,False,False,0->0,,,,,16,2003,"697,733,381,392,422,773,413,545,555,19"
8584,10,False,False,0->0,,,,,16,1098,"362,76,685,885,201,120,188,260,531,714"
8585,10,False,False,0->0,,,,,16,765,"551,905,63,272,439,783,528,830,860,719"
8586,10,False,False,0->0,,,,,16,1002,"870,613,832,103,768,986,102,815,370,534"
8587,10,False,False,0->0,,,,,16,1833,"688,531,976,192,490,549,786,843,735,110"
8588,10,False,False,0->0,,,,,16,1616,"340,620,813,774,105,69,326,801,205,426"
8589,10,False,False,0->0,,,,,16,2399,"410,398,982,578,210,583,569,471,356,585"
8590,10,False,False,0->0,,,,,16,1262,"523,990,599,895,248,486,844,392,437,821"
8591,10,False,False,0->0,,,,,16,2896,"192,255,65,81,900,182,693,363,583,381"
8592,10,False,False,0->0,,,,,16,2111,"471,1,992,712,517,196,495,995,601,826"
8593,10,False,False,0->0,,,,,16,2163,"185,171,988,748,278,537,963,271,879,125"
8594,10,False,False,0->0,,,,,16,1681,"875,482,39,947,154,193,572,44,594,390"
8596,10,False,False,0->0,,,,,16,1756,"112,421,5,100,875,425,708,188,57,772"
8597,10,False,False,0->0,,,,,16,2873,"661,387,157,566,601,448,772,79,197,363"
8598,10,False,False,0->0,,,,,16,1062,"969,401,373,984,473,574,138,813,748,853"
8599,10,False,False,0->0,,,,,16,1080,"438,162,48,282,23,369,102,798,193,745"
8602,10,False,False,0->0,,,,,16,1451,"539,299,537,69,194,838,184,921,567,737"
8603,10,False,False,0->0,,,,,16,1655,"973,979,527,451,969,138,669,69,978,943"
8604,10,False,False,0->0,,,,,16,1476,"108,895,261,511,167,226,51,885,21,488"
8605,10,False,False,0->0,,,,,16,1338,"656,181,226,719,17,303,37,138,756,456"
8606,10,False,False,0->0,,,,,16,1797,"407,252,486,145,143,684,979,504,446,471"
8607,10,False,False,0->0,,,,,16,1835,"88,78,609,740,792,265,549,584,543,117"
8608,10,False,False,0->0,,,,,16,1673,"280,666,558,329,556,563,54,408,261,471"
8609,10,False,False,0->0,,,,,16,2125,"554,824,964,169,289,786,313,976,720,265"
8610,10,False,False,0->0,,,,,16,1095,"74,233,507,161,211,832,55,870,749,958"
8612,10,False,False,0->0,,,,,16,1469,"943,368,592,748,639,269,108,818,85,507"
8613,10,False,False,0->0,,,,,16,1330,"572,266,38,515,584,317,955,813,294,391"
8614,10,False,False,0->0,,,,,16,1342,"106,324,164,599,670,691,41,960,816,176"
8615,10,False,False,0->0,,,,,16,2397,"748,18,309,678,206,951,119,843,363,82"
8617,10,False,False,0->0,,,,,16,1771,"975,356,829,611,589,22,387,287,400,485"
8618,10,False,False,0->0,,,,,16,1475,"154,643,107,273,832,751,116,763,298,257"
8619,10,False,False,0->0,,,,,16,1234,"930,414,109,327,537,184,475,929,469,954"
8622,10,False,False,0->0,,,,,16,1551,"865,381,959,513,293,849,767,183,34,891"
8624,10,False,False,0->0,,,,,16,2699,"166,495,815,246,400,343,906,52,1,835"
8625,10,False,False,0->0,,,,,16,2318,"598,581,467,225,504,865,40,977,39,917"
8626,10,False,False,0->0,,,,,16,895,"442,362,220,625,423,868,204,221,907,67"
8627,10,False,False,0->0,,,,,16,804,"96,969,324,722,228,70,18,610,992,727"
8628,10,False,False,0->0,,,,,16,1918,"750,68,648,631,861,660,663,536,325,150"
8632,10,False,False,0->0,,,,,16,1216,"380,352,340,975,465,696,797,475,302,389"
8637,10,False,False,0->0,,,,,16,2149,"876,378,371,83,790,333,755,972,776,616"
8639,10,False,False,0->0,,,,,16,1935,"855,63,522,582,169,264,624,928,263,958"
8640,10,False,False,0->0,,,,,16,2193,"669,161,363,927,383,639,314,503,136,913"
8641,10,False,False,0->0,,,,,16,1497,"177,16,241,537,663,798,640,95,291,851"
8642,10,False,False,0->0,,,,,16,1483,"283,342,860,145,55,594,436,724,201,171"
8643,10,False,False,0->0,,,,,16,1649,"451,25,754,203,764,473,564,20,132,439"
8644,10,False,False,0->0,,,,,16,1124,"770,127,314,656,38,773,169,385,128,931"
8645,10,False,False,0->0,,,,,16,1752,"953,636,396,995,200,277,704,833,651,982"
8646,10,False,False,0->0,,,,,16,1473,"131,854,978,929,11,282,493,527,844,428"
8647,10,False,False,0->0,,,,,16,1245,"383,685,185,594,743,34,14,510,206,220"
8648,10,False,False,0->0,,,,,16,1399,"161,877,238,713,26,93,119,745,201,116"
8649,10,False,False,0->0,,,,,16,2030,"222,172,730,264,759,20,810,290,238,711"
8650,10,False,False,0->0,,,,,16,1985,"593,855,164,476,630,290,962,312,443,245"
8651,10,False,False,0->0,,,,,16,683,"563,228,355,811,20,22,905,692,279,134"
8652,10,False,False,0->0,,,,,16,1421,"558,964,684,853,445,96,568,262,660,489"
8653,10,False,False,0->0,,,,,16,1427,"867,745,851,581,622,831,743,471,895,979"
8654,10,False,False,0->0,,,,,16,1147,"783,456,723,418,685,542,602,713,331,347"
8655,10,False,False,0->0,,,,,16,1810,"814,254,612,708,69,594,547,419,108,16"
8657,10,False,False,0->0,,,,,16,1362,"51,522,731,420,611,381,152,898,492,677"
8658,10,False,False,0->0,,,,,16,2436,"171,657,225,546,187,557,259,971,893,412"
8660,10,False,False,0->0,,,,,16,1820,"753,184,67,31,896,364,724,210,622,650"
8661,10,False,False,0->0,,,,,16,1192,"798,91,131,761,804,218,674,106,223,413"
8662,10,False,False,0->0,,,,,16,1349,"501,508,520,117,560,892,848,910,285,575"
8663,10,False,False,0->0,,,,,16,2103,"147,208,817,694,896,788,493,174,951,875"
8664,10,False,False,0->0,,,,,16,2475,"853,590,172,726,370,774,431,60,159,235"
8666,10,False,False,0->0,,,,,16,2098,"224,687,482,834,836,469,619,896,713,308"
8667,10,False,False,0->0,,,,,16,1161,"360,165,919,246,144,159,402,975,355,97"
8669,10,False,False,0->0,,,,,16,1852,"583,619,878,722,198,3,186,611,655,857"
8670,10,False,False,0->0,,,,,16,1882,"686,111,482,903,728,507,126,138,589,705"
8671,10,False,False,0->0,,,,,16,1454,"465,555,884,704,487,587,848,378,160,324"
8672,10,False,False,0->0,,,,,16,2684,"669,772,58,444,893,649,590,858,105,536"
8673,10,False,False,0->0,,,,,16,1421,"333,974,330,143,850,277,765,455,335,161"
8675,10,False,False,0->0,,,,,16,1733,"241,790,775,400,99,542,26,160,6,413"
8677,10,False,False,0->0,,,,,16,997,"796,96,860,132,873,119,355,944,811,455"
8679,10,False,False,0->0,,,,,16,1119,"510,910,121,305,183,798,97,646,25,73"
8680,10,False,False,0->0,,,,,16,2262,"381,453,604,992,100,567,769,860,208,821"
8681,10,False,False,0->0,,,,,16,2203,"972,322,994,498,593,578,112,392,109,184"
8682,10,False,False,0->0,,,,,16,1868,"315,700,176,771,111,531,307,320,9,113"
8683,10,False,False,0->0,,,,,16,2025,"674,105,832,182,911,388,614,854,804,471"
8684,10,False,False,0->0,,,,,16,1510,"72,421,80,897,293,210,396,47,316,526"
8687,10,False,False,0->0,,,,,16,834,"773,415,992,134,271,218,338,265,662,847"
8688,10,False,False,0->0,,,,,16,2033,"979,937,291,600,327,736,727,488,863,116"
8689,10,False,False,0->0,,,,,16,1137,"14,316,892,305,751,772,583,884,621,649"
8690,10,False,False,0->0,,,,,16,1812,"891,330,787,365,956,185,903,304,426,138"
8691,10,False,False,0->0,,,,,16,1785,"885,611,92,26,755,38,632,87,233,106"
8694,10,False,False,0->0,,,,,16,1730,"411,840,638,651,421,986,560,725,481,333"
8696,10,False,False,0->0,,,,,16,1691,"434,688,500,459,874,409,187,929,779,774"
8697,10,False,False,0->0,,,,,16,1207,"476,872,971,513,834,178,239,47,905,636"
8698,10,False,False,0->0,,,,,16,2436,"96,197,796,122,794,544,669,954,68,225"
8699,10,False,False,0->0,,,,,16,874,"506,587,654,43,937,398,174,94,116,97"
8700,10,False,False,0->0,,,,,16,2149,"750,537,827,590,73,849,267,61,51,205"
8701,10,False,False,0->0,,,,,16,1437,"906,740,772,356,261,994,985,412,714,537"
8703,10,False,False,0->0,,,,,16,1598,"504,621,953,490,242,167,169,309,872,905"
8704,10,False,False,0->0,,,,,16,1623,"883,147,359,494,553,439,737,554,711,702"
8705,10,False,False,0->0,,,,,16,1024,"581,410,331,498,499,663,477,732,148,687"
8706,10,False,False,0->0,,,,,16,2015,"640,599,36,854,11,849,106,499,607,667"
8707,10,False,False,0->0,,,,,16,1513,"190,230,954,892,995,684,790,481,911,683"
8708,10,False,False,0->0,,,,,16,2229,"651,159,468,643,754,653,772,830,50,610"
8710,10,False,False,0->0,,,,,16,1917,"220,626,958,113,527,169,250,425,945,840"
8712,10,False,False,0->0,,,,,16,2160,"524,900,56,262,950,789,19,110,584,284"
8714,10,False,False,0->0,,,,,16,1503,"103,934,666,201,854,594,829,794,493,813"
8716,10,False,False,0->0,,,,,16,801,"154,186,603,274,911,40,704,182,499,391"
8718,10,False,False,0->0,,,,,16,2214,"539,866,507,88,583,19,477,488,141,143"
8719,10,False,False,0->0,,,,,16,1661,"725,223,197,774,782,945,699,883,133,144"
8720,10,False,False,0->0,,,,,16,1387,"676,414,551,973,474,554,969,304,396,609"
8721,10,False,False,0->0,,,,,16,1351,"641,455,654,238,232,408,751,1,856,924"
8723,10,False,False,0->0,,,,,16,1583,"381,630,568,957,823,639,803,38,791,57"
8724,10,False,False,0->0,,,,,16,693,"132,498,510,692,554,814,246,344,318,99"
8725,10,False,False,0->0,,,,,16,1661,"677,900,357,749,842,47,837,125,29,332"
8727,10,False,False,0->0,,,,,16,1106,"548,145,670,40,817,266,678,636,393,384"
8728,10,False,False,0->0,,,,,16,1160,"636,953,11,854,76,147,791,903,276,857"
8729,10,False,False,0->0,,,,,16,2550,"41,776,211,163,727,69,437,552,195,577"
8736,10,False,False,0->0,,,,,16,1359,"33,198,959,421,184,98,430,627,875,451"
8738,10,False,False,0->0,,,,,16,1597,"873,268,927,514,909,892,818,651,412,174"
8739,10,False,False,0->0,,,,,16,2070,"795,338,631,299,626,942,757,226,202,599"
8741,10,False,False,0->0,,,,,16,1488,"962,980,277,59,293,905,171,120,57,167"
8743,10,False,False,0->0,,,,,16,945,"136,29,992,737,721,582,564,801,989,49"
8744,10,False,False,0->0,,,,,16,1808,"317,294,433,592,38,835,473,526,172,64"
8745,10,False,False,0->0,,,,,16,1495,"424,208,818,700,952,931,958,575,654,527"
8746,10,False,False,0->0,,,,,16,1412,"569,168,857,891,594,633,954,18,146,931"
8747,10,False,False,0->0,,,,,16,1591,"862,629,922,631,670,388,872,719,677,59"
8750,10,False,False,0->0,,,,,16,1365,"209,640,254,611,203,498,92,568,955,555"
8751,10,False,False,0->0,,,,,16,2139,"556,73,618,407,471,157,609,507,915,463"
8752,10,False,False,0->0,,,,,16,1800,"50,983,546,64,867,857,218,657,198,895"
8753,10,False,False,0->0,,,,,16,1669,"753,883,784,788,273,942,859,712,378,725"
8754,10,False,False,0->0,,,,,16,1943,"135,677,654,610,223,818,517,379,508,264"
8755,10,False,False,0->0,,,,,16,2239,"19,356,76,893,238,173,637,539,178,350"
8756,10,False,False,0->0,,,,,16,2004,"289,760,667,631,495,796,392,541,443,417"
8757,10,False,False,0->0,,,,,16,1556,"268,630,876,265,524,34,989,430,72,528"
8758,10,False,False,0->0,,,,,16,1126,"856,660,696,225,759,866,938,412,903,575"
8759,10,False,False,0->0,,,,,16,775,"673,271,852,725,293,924,849,22,805,494"
8760,10,False,False,0->0,,,,,16,1283,"453,365,708,945,560,47,955,838,690,523"
8761,10,False,False,0->0,,,,,16,1829,"813,756,745,364,167,493,833,38,41,142"
8762,10,False,False,0->0,,,,,16,2544,"900,887,110,426,796,134,297,471,185,248"
8765,10,False,False,0->0,,,,,16,1887,"676,844,212,360,653,134,623,350,418,164"
8766,10,False,False,0->0,,,,,16,1184,"232,439,440,398,282,76,961,494,593,808"
8769,10,False,False,0->0,,,,,16,2479,"928,610,621,970,99,900,657,857,679,229"
8772,10,False,False,0->0,,,,,16,892,"324,60,100,401,610,677,961,299,63,182"
8774,10,False,False,0->0,,,,,16,1771,"581,777,327,674,419,775,584,243,418,522"
8775,10,False,False,0->0,,,,,16,1396,"853,127,97,518,428,597,856,458,110,267"
8776,10,False,False,0->0,,,,,16,2006,"808,964,422,298,68,491,418,479,697,329"
8780,10,False,False,0->0,,,,,16,1704,"425,884,105,8,181,800,875,945,709,568"
8781,10,False,False,0->0,,,,,16,1696,"17,298,389,771,979,774,443,355,136,973"
8782,10,False,False,0->0,,,,,16,1171,"898,619,732,425,679,753,859,212,784,26"
8783,10,False,False,0->0,,,,,16,1993,"584,262,785,753,34,409,163,233,602,673"
8784,10,False,False,0->0,,,,,16,1319,"73,760,709,566,80,831,515,421,369,542"
8785,10,False,False,0->0,,,,,16,1168,"592,867,836,732,988,774,463,985,433,969"
8786,10,False,False,0->0,,,,,16,1896,"963,981,259,783,177,907,648,260,792,395"
8787,10,False,False,0->0,,,,,16,986,"179,391,951,43,541,893,168,284,949,294"
8789,10,False,False,0->0,,,,,16,1085,"375,773,642,122,45,346,43,847,697,862"
8790,10,False,False,0->0,,,,,16,1177,"708,168,661,765,830,184,110,945,975,119"
8792,10,False,False,0->0,,,,,16,1241,"755,269,162,922,615,176,655,206,546,303"
8793,10,False,False,0->0,,,,,16,1625,"518,817,342,785,51,757,828,863,796,211"
8794,10,False,False,0->0,,,,,16,973,"670,613,774,880,892,676,78,403,18,922"
8795,10,False,False,0->0,,,,,16,1324,"816,868,945,56,434,618,428,13,687,283"
8796,10,False,False,0->0,,,,,16,1484,"226,782,243,849,169,411,434,346,703,897"
8797,10,False,False,0->0,,,,,16,2487,"776,21,254,193,154,649,978,827,802,440"
8799,10,False,False,0->0,,,,,16,1465,"658,216,158,633,139,64,774,847,899,813"
8800,10,False,False,0->0,,,,,16,1134,"757,248,475,269,29,113,545,282,886,600"
8801,10,False,False,0->0,,,,,16,2565,"264,961,419,274,239,387,595,599,160,746"
8802,10,False,False,0->0,,,,,16,1368,"81,597,674,582,760,178,175,416,773,893"
8803,10,False,False,0->0,,,,,16,1886,"726,903,249,392,242,531,774,262,366,711"
8804,10,False,False,0->0,,,,,16,2149,"304,652,95,831,290,265,396,98,761,843"
8805,10,False,False,0->0,,,,,16,1653,"955,424,211,563,623,954,852,513,957,175"
8806,10,False,False,0->0,,,,,16,1643,"165,209,333,991,636,381,317,179,868,615"
8807,10,False,False,0->0,,,,,16,1606,"243,263,851,299,194,107,417,210,308,935"
8808,10,False,False,0->0,,,,,16,1432,"468,297,11,216,148,205,397,175,888,823"
8809,10,False,False,0->0,,,,,16,1457,"340,568,798,757,774,582,669,858,992,594"
8810,10,False,False,0->0,,,,,16,1947,"105,259,602,595,229,368,621,206,775,791"
8812,10,False,False,0->0,,,,,16,1839,"31,126,363,929,99,871,247,762,254,856"
8814,10,False,False,0->0,,,,,16,1904,"474,282,727,602,87,855,706,976,652,528"
8815,10,False,False,0->0,,,,,16,952,"679,451,534,128,98,837,44,131,622,755"
8818,10,False,False,0->0,,,,,16,2288,"290,723,933,255,216,778,884,890,689,253"
8819,10,False,False,0->0,,,,,16,1521,"274,67,617,580,738,947,224,24,383,273"
8820,10,False,False,0->0,,,,,16,2190,"606,419,625,826,976,531,303,79,465,572"
8821,10,False,False,0->0,,,,,16,1437,"368,92,522,357,674,966,984,56,972,416"
8822,10,False,False,0->0,,,,,16,2438,"261,419,469,182,58,42,198,467,548,364"
8823,10,False,False,0->0,,,,,16,2032,"638,974,150,491,303,607,114,1,244,565"
8824,10,False,False,0->0,,,,,16,2222,"808,795,741,40,113,195,848,154,584,55"
8826,10,False,False,0->0,,,,,16,2337,"750,706,533,582,763,48,419,169,993,463"
8828,10,False,False,0->0,,,,,16,1029,"22,978,674,679,584,233,263,236,269,920"
8829,10,False,False,0->0,,,,,16,742,"813,752,656,862,58,175,331,59,426,276"
8833,10,False,False,0->0,,,,,16,1794,"180,790,189,549,140,173,949,591,355,114"
8835,10,False,False,0->0,,,,,16,1664,"708,379,160,500,174,454,459,857,961,599"
8836,10,False,False,0->0,,,,,16,1627,"863,335,511,913,744,796,327,411,660,97"
8837,10,False,False,0->0,,,,,16,2198,"638,963,495,59,544,436,62,532,465,898"
8838,10,False,False,0->0,,,,,16,1898,"4,931,92,693,634,750,185,85,852,321"
8839,10,False,False,0->0,,,,,16,2098,"407,404,402,715,776,436,856,188,155,488"
8840,10,False,False,0->0,,,,,16,1285,"65,265,165,969,186,266,508,95,888,44"
8841,10,False,False,0->0,,,,,16,1237,"551,231,86,263,659,184,247,762,806,654"
8842,10,False,False,0->0,,,,,16,2381,"745,979,203,321,900,265,637,173,527,706"
8844,10,False,False,0->0,,,,,16,975,"620,467,376,857,862,992,933,40,418,67"
8845,10,False,False,0->0,,,,,16,1209,"318,632,675,722,637,575,853,681,708,641"
8846,10,False,False,0->0,,,,,16,855,"862,498,374,660,850,483,121,74,806,131"
8847,10,False,False,0->0,,,,,16,1201,"524,637,952,134,519,554,852,410,26,255"
8848,10,False,False,0->0,,,,,16,2365,"748,448,453,971,626,931,94,267,335,789"
8849,10,False,False,0->0,,,,,16,2264,"861,101,581,363,106,148,800,283,652,988"
8851,10,False,False,0->0,,,,,16,2026,"706,323,942,405,847,705,870,472,274,50"
8852,10,False,False,0->0,,,,,16,1493,"169,52,624,321,303,394,758,859,362,731"
8854,10,False,False,0->0,,,,,16,1172,"879,389,781,534,762,103,456,131,195,146"
8855,10,False,False,0->0,,,,,16,1579,"511,873,8,407,366,207,557,315,445,755"
8856,10,False,False,0->0,,,,,16,763,"886,558,283,222,530,357,805,181,408,82"
8858,10,False,False,0->0,,,,,16,2029,"5,488,410,893,945,700,947,678,37,141"
8859,10,False,False,0->0,,,,,16,1699,"878,618,769,517,580,392,147,824,445,700"
8862,10,False,False,0->0,,,,,16,1410,"355,775,139,511,785,92,582,620,371,417"
8863,10,False,False,0->0,,,,,16,1239,"550,616,704,854,21,4,691,100,944,471"
8864,10,False,False,0->0,,,,,16,2093,"874,578,269,288,795,180,705,433,650,885"
8865,10,False,False,0->0,,,,,16,1199,"70,685,673,605,721,792,96,23,458,602"
8866,10,False,False,0->0,,,,,16,1379,"859,178,447,93,934,761,239,522,50,857"
8867,10,False,False,0->0,,,,,16,1614,"704,156,190,410,589,302,395,620,699,385"
8868,10,False,False,0->0,,,,,16,1988,"987,346,926,959,61,985,456,326,920,896"
8869,10,False,False,0->0,,,,,16,2267,"718,144,928,528,534,335,833,544,137,319"
8871,10,False,False,0->0,,,,,16,1126,"944,791,568,755,245,857,862,145,495,557"
8872,10,False,False,0->0,,,,,16,1369,"655,146,425,471,533,483,469,714,686,943"
8873,10,False,False,0->0,,,,,16,746,"597,131,184,81,125,921,551,790,180,2"
8874,10,False,False,0->0,,,,,16,1545,"796,640,920,204,897,968,866,270,289,843"
8875,10,False,False,0->0,,,,,16,1460,"193,9,654,397,950,843,501,714,276,505"
8878,10,False,False,0->0,,,,,16,1742,"902,346,620,12,777,36,734,779,971,373"
8879,10,False,False,0->0,,,,,16,1331,"623,730,253,616,18,635,407,594,1,243"
8881,10,False,False,0->0,,,,,16,1197,"852,375,885,310,53,589,120,372,938,56"
8882,10,False,False,0->0,,,,,16,1296,"620,203,656,323,978,775,378,340,735,293"
8884,10,False,False,0->0,,,,,16,1451,"404,46,88,538,15,128,93,972,265,944"
8886,10,False,False,0->0,,,,,16,2049,"712,911,650,8,922,776,899,833,532,753"
8887,10,False,False,0->0,,,,,16,2382,"329,678,172,612,343,56,964,80,716,770"
8888,10,False,False,0->0,,,,,16,1725,"683,876,379,453,373,14,218,515,422,390"
8889,10,False,False,0->0,,,,,16,2666,"7,699,447,636,350,909,221,748,225,36"
8890,10,False,False,0->0,,,,,16,1002,"94,378,255,458,110,102,609,461,266,943"
8891,10,False,False,0->0,,,,,16,2002,"284,444,520,866,416,482,7,272,139,517"
8892,10,False,False,0->0,,,,,16,2095,"405,975,602,858,284,253,694,880,610,101"
8894,10,False,False,0->0,,,,,16,1326,"806,734,556,397,309,715,11,885,198,356"
8897,10,False,False,0->0,,,,,16,1798,"849,370,668,587,68,259,223,858,860,193"
8898,10,False,False,0->0,,,,,16,1546,"975,289,732,456,424,154,957,969,136,670"
8899,10,False,False,0->0,,,,,16,959,"347,61,365,95,646,103,784,268,362,765"
8900,10,False,False,0->0,,,,,16,1523,"343,172,152,714,515,79,655,14,704,142"
8901,10,False,False,0->0,,,,,16,1737,"84,185,210,547,602,914,401,299,407,452"
8905,10,False,False,0->0,,,,,16,1293,"956,425,937,474,992,209,338,389,330,127"
8906,10,False,False,0->0,,,,,16,1550,"29,505,46,731,624,851,554,25,321,834"
8907,10,False,False,0->0,,,,,16,752,"297,811,491,530,592,856,489,514,40,378"
8908,10,False,False,0->0,,,,,16,2436,"620,831,200,120,583,420,626,745,366,316"
8909,10,False,False,0->0,,,,,16,1893,"782,987,497,983,818,412,573,72,235,1"
8910,10,False,False,0->0,,,,,16,1642,"563,954,415,915,998,488,955,566,761,318"
8911,10,False,False,0->0,,,,,16,1594,"171,430,433,12,518,797,451,503,323,378"
8912,10,False,False,0->0,,,,,16,2776,"680,744,350,802,696,124,241,471,604,90"
8913,10,False,False,0->0,,,,,16,1726,"890,251,942,895,765,321,178,953,50,748"
8916,10,False,False,0->0,,,,,16,1769,"708,109,613,589,873,507,493,263,919,900"
8917,10,False,False,0->0,,,,,16,2535,"754,443,702,36,578,877,998,156,744,319"
8920,10,False,False,0->0,,,,,16,1045,"201,37,63,832,922,400,357,142,254,781"
8922,10,False,False,0->0,,,,,16,1426,"842,11,220,162,635,549,92,684,627,335"
8923,10,False,False,0->0,,,,,16,1116,"907,398,335,338,622,55,181,86,591,806"
8924,10,False,False,0->0,,,,,16,1787,"661,8,688,116,683,485,500,507,465,120"
8925,10,False,False,0->0,,,,,16,1603,"285,271,119,61,415,165,207,933,323,252"
8926,10,False,False,0->0,,,,,16,1341,"922,702,161,342,135,837,667,314,614,242"
8927,10,False,False,0->0,,,,,16,794,"969,515,736,379,568,156,972,752,909,433"
8928,10,False,False,0->0,,,,,16,2133,"135,786,635,879,495,50,630,233,397,998"
8929,10,False,False,0->0,,,,,16,1227,"92,178,555,522,574,497,970,27,362,973"
8932,10,False,False,0->0,,,,,16,1516,"244,357,690,624,262,895,202,961,374,7"
8933,10,False,False,0->0,,,,,16,2088,"43,120,55,453,629,748,475,804,785,892"
8934,10,False,False,0->0,,,,,16,1661,"607,928,767,175,514,506,337,850,125,416"
8935,10,False,False,0->0,,,,,16,1553,"993,142,350,860,592,207,597,534,218,833"
8936,10,False,False,0->0,,,,,16,1690,"905,697,719,853,183,38,318,126,800,299"
8937,10,False,False,0->0,,,,,16,828,"715,587,429,999,272,45,978,169,599,397"
8938,10,False,False,0->0,,,,,16,2042,"473,832,949,100,330,52,527,392,919,544"
8940,10,False,False,0->0,,,,,16,1496,"418,381,677,722,853,57,847,372,914,179"
8941,10,False,False,0->0,,,,,16,1147,"763,793,81,271,934,856,505,365,689,401"
8942,10,False,False,0->0,,,,,16,1915,"521,604,439,834,843,624,648,301,192,318"
8946,10,False,False,0->0,,,,,16,2077,"362,305,132,745,544,342,751,303,160,381"
8947,10,False,False,0->0,,,,,16,2749,"257,928,822,539,900,501,2,463,824,893"
8948,10,False,False,0->0,,,,,16,1593,"150,165,992,496,503,517,101,883,786,906"
8949,10,False,False,0->0,,,,,16,1381,"810,964,803,102,538,978,688,790,941,921"
8952,10,False,False,0->0,,,,,16,1539,"418,591,81,315,263,926,603,717,922,743"
8954,10,False,False,0->0,,,,,16,2071,"124,735,508,574,25,615,243,890,874,606"
8955,10,False,False,0->0,,,,,16,2011,"840,815,597,716,479,87,661,584,942,454"
8958,10,False,False,0->0,,,,,16,1514,"72,515,627,573,316,254,618,384,233,593"
8960,10,False,False,0->0,,,,,16,1092,"613,372,797,663,968,884,378,806,218,120"
8962,10,False,False,0->0,,,,,16,733,"870,398,387,944,126,442,891,940,331,588"
8964,10,False,False,0->0,,,,,16,933,"731,460,984,33,4,973,991,250,642,80"
8965,10,False,False,0->0,,,,,16,1677,"876,183,963,137,293,914,575,569,581,410"
8967,10,False,False,0->0,,,,,16,1373,"725,91,773,837,784,265,720,712,733,97"
8968,10,False,False,0->0,,,,,16,1808,"197,340,924,114,940,705,199,110,429,512"
8969,10,False,False,0->0,,,,,16,1935,"755,505,530,552,429,503,978,304,96,493"
8970,10,False,False,0->0,,,,,16,888,"90,913,133,146,852,100,487,167,168,233"
8972,10,False,False,0->0,,,,,16,1315,"844,688,854,668,247,593,581,837,61,885"
8974,10,False,False,0->0,,,,,16,1951,"178,956,863,666,187,616,874,980,33,597"
8975,10,False,False,0->0,,,,,16,2091,"760,352,395,479,280,264,158,609,569,100"
8976,10,False,False,0->0,,,,,16,1004,"922,179,517,801,522,371,405,716,872,187"
8977,10,False,False,0->0,,,,,16,1866,"752,254,828,578,271,250,198,109,898,338"
8978,10,False,False,0->0,,,,,16,1627,"542,994,248,631,203,182,164,959,440,582"
8980,10,False,False,0->0,,,,,16,1982,"199,552,678,62,498,879,453,856,720,888"
8981,10,False,False,0->0,,,,,16,2573,"216,383,855,898,506,194,128,482,761,719"
8982,10,False,False,0->0,,,,,16,2089,"706,890,350,568,688,2,465,948,803,745"
8983,10,False,False,0->0,,,,,16,1964,"117,370,611,198,251,635,85,917,580,455"
8984,10,False,False,0->0,,,,,16,2579,"497,890,584,318,808,400,332,469,987,887"
8987,10,False,False,0->0,,,,,16,1665,"463,108,818,748,835,623,765,920,763,330"
8988,10,False,False,0->0,,,,,16,1730,"200,404,560,473,783,381,119,811,24,138"
8989,10,False,False,0->0,,,,,16,1969,"880,137,50,249,773,355,3,888,853,930"
8990,10,False,False,0->0,,,,,16,1984,"837,715,877,510,646,859,90,36,188,662"
8991,10,False,False,0->0,,,,,16,1474,"570,752,618,91,586,638,657,749,910,551"
8992,10,False,False,0->0,,,,,16,1410,"641,244,610,805,338,519,800,899,25,922"
8993,10,False,False,0->0,,,,,16,1103,"221,172,335,981,297,409,193,189,526,888"
8997,10,False,False,0->0,,,,,16,1790,"38,613,625,293,423,974,244,660,998,49"
8999,10,False,False,0->0,,,,,16,2828,"764,772,577,188,316,111,63,141,495,177"
9000,10,False,False,0->0,,,,,16,1953,"343,476,52,269,459,521,602,421,130,941"
9001,10,False,False,0->0,,,,,16,1475,"721,409,277,190,602,193,375,988,830,662"
9002,10,False,False,0->0,,,,,16,1589,"268,515,343,500,834,127,221,96,753,436"
9004,10,False,False,0->0,,,,,16,1317,"409,316,489,31,830,15,437,323,428,821"
9005,10,False,False,0->0,,,,,16,1937,"36,340,902,817,114,144,960,658,853,917"
9006,10,False,False,0->0,,,,,16,1045,"467,333,404,16,553,267,193,856,483,931"
9007,10,False,False,0->0,,,,,16,2823,"955,878,658,782,659,535,352,940,117,544"
9008,10,False,False,0->0,,,,,16,1713,"822,999,745,769,572,711,842,40,617,370"
9009,10,False,False,0->0,,,,,16,1618,"539,472,834,875,744,308,810,38,966,255"
9012,10,False,False,0->0,,,,,16,2387,"577,38,992,756,226,709,793,797,216,24"
9013,10,False,False,0->0,,,,,16,1846,"880,963,332,48,641,625,722,485,610,486"
9015,10,False,False,0->0,,,,,16,1701,"107,493,238,456,637,877,203,557,599,411"
9016,10,False,False,0->0,,,,,16,1459,"247,491,108,200,252,637,703,711,297,850"
9017,10,False,False,0->0,,,,,16,1455,"573,956,943,959,620,131,658,848,24,463"
9019,10,False,False,0->0,,,,,16,1492,"5,178,268,817,238,781,700,779,751,434"
9022,10,False,False,0->0,,,,,16,1229,"935,451,488,731,518,821,131,541,369,1000"
9023,10,False,False,0->0,,,,,16,970,"317,130,907,885,105,927,729,520,571,933"
9024,10,False,False,0->0,,,,,16,951,"554,594,622,960,938,132,42,133,660,65"
9026,10,False,False,0->0,,,,,16,1273,"242,322,299,401,94,685,711,700,119,223"
9027,10,False,False,0->0,,,,,16,1634,"421,941,557,709,490,655,684,141,935,119"
9028,10,False,False,0->0,,,,,16,1616,"958,776,495,597,185,905,672,382,372,31"
9029,10,False,False,0->0,,,,,16,1797,"448,624,455,101,260,389,748,55,159,692"
9030,10,False,False,0->0,,,,,16,1315,"705,828,101,550,456,254,203,607,222,294"
9031,10,False,False,0->0,,,,,16,813,"171,530,692,452,469,838,65,593,940,192"
9032,10,False,False,0->0,,,,,16,1122,"582,824,398,173,856,344,654,39,280,921"
9033,10,False,False,0->0,,,,,16,898,"376,469,572,20,805,225,451,684,720,670"
9035,10,False,False,0->0,,,,,16,1378,"612,606,662,763,505,778,700,676,276,919"
9037,10,False,False,0->0,,,,,16,1938,"762,3,165,236,941,80,616,786,423,552"
9038,10,False,False,0->0,,,,,16,1072,"601,448,250,481,663,943,907,867,497,990"
9039,10,False,False,0->0,,,,,16,1657,"944,714,396,160,246,998,9,713,134,888"
9040,10,False,False,0->0,,,,,16,1993,"592,802,167,875,172,148,740,801,808,4"
9041,10,False,False,0->0,,,,,16,1879,"605,158,301,197,174,428,547,297,642,721"
9042,10,False,False,0->0,,,,,16,2003,"994,78,159,183,121,570,988,265,659,778"
9044,10,False,False,0->0,,,,,16,1706,"278,125,126,68,796,202,313,2,724,358"
9045,10,False,False,0->0,,,,,16,1997,"730,343,165,479,107,756,977,627,933,489"
9046,10,False,False,0->0,,,,,16,2319,"343,280,192,964,23,734,173,481,262,326"
9047,10,False,False,0->0,,,,,16,1774,"730,998,582,443,831,74,41,746,594,545"
9048,10,False,False,0->0,,,,,16,1411,"203,649,888,430,287,249,18,36,532,595"
9049,10,False,False,0->0,,,,,16,2001,"674,938,510,337,467,709,985,848,312,735"
9050,10,False,False,0->0,,,,,16,1381,"332,63,179,1,903,837,236,266,324,609"
9051,10,False,False,0->0,,,,,16,2307,"243,626,410,993,720,962,355,272,536,800"
9052,10,False,False,0->0,,,,,16,2539,"36,848,534,266,257,734,793,119,173,578"
9053,10,False,False,0->0,,,,,16,1233,"692,446,705,649,493,984,636,914,962,235"
9054,10,False,False,0->0,,,,,16,1339,"917,620,198,491,415,156,223,981,765,1000"
9055,10,False,False,0->0,,,,,16,755,"37,440,547,33,695,824,890,780,277,360"
9057,10,False,False,0->0,,,,,16,1231,"253,177,105,867,64,760,927,404,810,637"
9058,10,False,False,0->0,,,,,16,2053,"770,136,648,761,942,655,236,332,495,338"
9060,10,False,False,0->0,,,,,16,1656,"667,963,731,340,772,60,673,614,16,114"
9062,10,False,False,0->0,,,,,16,563,"597,780,492,403,122,705,844,907,327,564"
9063,10,False,False,0->0,,,,,16,2206,"637,577,46,188,381,717,37,914,407,177"
9064,10,False,False,0->0,,,,,16,1182,"604,729,705,649,397,330,126,183,888,708"
9066,10,False,False,0->0,,,,,16,2025,"993,859,284,980,404,137,822,476,308,233"
9067,10,False,False,0->0,,,,,16,1305,"301,629,176,280,265,463,692,90,69,751"
9069,10,False,False,0->0,,,,,16,2037,"252,828,298,930,802,179,431,814,362,945"
9070,10,False,False,0->0,,,,,16,1575,"679,689,103,555,560,21,735,174,830,775"
9071,10,False,False,0->0,,,,,16,1961,"105,206,230,694,513,514,806,962,472,79"
9072,10,False,False,0->0,,,,,16,1715,"593,688,395,750,356,125,895,602,323,724"
9073,10,False,False,0->0,,,,,16,984,"813,265,63,490,523,452,321,953,152,514"
9074,10,False,False,0->0,,,,,16,1027,"907,392,243,48,186,161,652,226,413,992"
9076,10,False,False,0->0,,,,,16,1117,"892,704,713,565,978,265,301,775,284,203"
9082,10,False,False,0->0,,,,,16,1905,"717,952,9,633,537,954,493,50,18,150"
9083,10,False,False,0->0,,,,,16,1801,"249,700,572,337,248,826,229,228,679,704"
9084,10,False,False,0->0,,,,,16,1720,"67,92,632,942,811,618,725,772,101,959"
9085,10,False,False,0->0,,,,,16,2062,"244,973,606,634,188,504,241,182,914,704"
9087,10,False,False,0->0,,,,,16,1233,"192,679,975,962,452,166,783,142,733,37"
9088,10,False,False,0->0,,,,,16,1742,"892,116,710,139,907,605,335,490,614,883"
9089,10,False,False,0->0,,,,,16,1162,"895,763,23,660,546,172,294,232,726,823"
9090,10,False,False,0->0,,,,,16,1683,"713,63,251,523,535,229,778,131,417,657"
9091,10,False,False,0->0,,,,,16,1598,"822,436,398,503,949,433,814,575,214,387"
9092,10,False,False,0->0,,,,,16,904,"246,476,849,138,897,779,744,834,555,551"
9094,10,False,False,0->0,,,,,16,2846,"994,594,264,322,657,78,333,519,717,36"
9095,10,False,False,0->0,,,,,16,1886,"499,163,668,714,943,329,737,220,649,310"
9096,10,False,False,0->0,,,,,16,1141,"342,248,924,879,29,674,496,791,99,294"
9097,10,False,False,0->0,,,,,16,2766,"379,995,85,976,144,974,848,370,408,197"
9098,10,False,False,0->0,,,,,16,1581,"630,811,815,707,312,586,439,577,356,624"
9100,10,False,False,0->0,,,,,16,1451,"405,675,855,352,246,210,501,93,836,666"
9102,10,False,False,0->0,,,,,16,1014,"952,854,978,794,246,280,712,416,383,473"
9104,10,False,False,0->0,,,,,16,1454,"549,777,929,360,242,447,586,631,92,221"
9105,10,False,False,0->0,,,,,16,1498,"404,61,55,622,31,50,14,945,202,915"
9106,10,False,False,0->0,,,,,16,1432,"750,451,15,892,276,37,661,372,54,80"
9107,10,False,False,0->0,,,,,16,1740,"642,259,581,11,756,200,201,755,571,618"
9108,10,False,False,0->0,,,,,16,1853,"582,535,937,743,765,262,251,686,758,928"
9109,10,False,False,0->0,,,,,16,1908,"635,220,327,804,425,357,17,659,381,371"
9112,10,False,False,0->0,,,,,16,1767,"165,350,440,593,983,699,7,752,836,749"
9113,10,False,False,0->0,,,,,16,1695,"526,958,403,569,197,444,884,498,400,907"
9114,10,False,False,0->0,,,,,16,1106,"683,518,868,302,638,867,382,734,677,415"
9116,10,False,False,0->0,,,,,16,1005,"959,813,60,951,381,261,31,226,192,299"
9118,10,False,False,0->0,,,,,16,2161,"116,375,87,874,981,160,239,500,491,337"
9119,10,False,False,0->0,,,,,16,1036,"935,150,277,81,68,642,543,192,601,672"
9122,10,False,False,0->0,,,,,16,1668,"274,929,375,942,154,243,304,563,862,100"
9123,10,False,False,0->0,,,,,16,786,"49,34,510,416,443,45,553,33,85,862"
9124,10,False,False,0->0,,,,,16,2125,"491,323,721,915,772,630,607,759,636,659"
9125,10,False,False,0->0,,,,,16,1174,"78,573,977,282,852,355,773,425,780,976"
9126,10,False,False,0->0,,,,,16,1386,"660,494,131,755,658,873,442,740,113,836"
9127,10,False,False,0->0,,,,,16,1838,"85,563,140,316,772,662,186,980,978,847"
9128,10,False,False,0->0,,,,,16,1782,"521,458,426,849,718,80,975,818,941,326"
9129,10,False,False,0->0,,,,,16,1100,"712,23,689,101,188,387,520,204,331,842"
9130,10,False,False,0->0,,,,,16,2086,"979,941,463,924,232,584,268,778,471,164"
9131,10,False,False,0->0,,,,,16,1702,"729,303,955,941,755,938,36,884,992,358"
9133,10,False,False,0->0,,,,,16,1508,"586,570,411,615,587,974,44,298,166,527"
9134,10,False,False,0->0,,,,,16,2005,"942,837,711,365,527,266,330,876,642,818"
9135,10,False,False,0->0,,,,,16,1701,"37,395,95,683,369,384,365,294,411,697"
9137,10,False,False,0->0,,,,,16,1525,"860,393,668,410,104,842,319,37,262,754"
9138,10,False,False,0->0,,,,,16,2047,"38,625,197,699,488,81,968,527,102,572"
9141,10,False,False,0->0,,,,,16,2154,"19,366,640,327,541,991,836,318,649,499"
9144,10,False,False,0->0,,,,,16,1077,"452,78,439,782,268,148,167,709,225,631"
9145,10,False,False,0->0,,,,,16,2136,"431,625,738,452,487,324,503,364,164,365"
9146,10,False,False,0->0,,,,,16,1485,"539,783,605,499,157,617,352,103,909,818"
9147,10,False,False,0->0,,,,,16,1472,"308,957,893,24,342,261,64,273,966,401"
9148,10,False,False,0->0,,,,,16,1076,"274,897,618,267,228,110,441,338,862,552"
9149,10,False,False,0->0,,,,,16,1381,"175,641,60,674,93,142,920,83,217,463"
9150,10,False,False,0->0,,,,,16,1871,"433,444,485,634,524,447,39,672,759,818"
9151,10,False,False,0->0,,,,,16,1881,"973,208,683,668,74,970,780,360,385,928"
9152,10,False,False,0->0,,,,,16,1289,"709,826,949,383,475,329,43,931,441,393"
9153,10,False,False,0->0,,,,,16,1521,"409,791,793,493,403,850,101,473,905,210"
9155,10,False,False,0->0,,,,,16,1251,"551,987,433,308,935,772,283,981,422,616"
9156,10,False,False,0->0,,,,,16,1408,"79,679,614,865,729,335,756,51,803,376"
9158,10,False,False,0->0,,,,,16,1520,"773,780,821,902,515,677,577,32,421,743"
9160,10,False,False,0->0,,,,,16,1547,"285,973,602,4,154,282,63,274,804,364"
9161,10,False,False,0->0,,,,,16,2175,"790,200,554,290,832,194,452,848,364,615"
9162,10,False,False,0->0,,,,,16,1194,"246,950,434,471,666,789,791,603,737,736"
9166,10,False,False,0->0,,,,,16,1061,"836,116,781,690,531,653,221,765,673,853"
9168,10,False,False,0->0,,,,,16,1915,"380,822,277,166,982,687,70,802,337,96"
9171,10,False,False,0->0,,,,,16,762,"759,774,546,33,895,679,994,510,65,16"
9176,10,False,False,0->0,,,,,16,2134,"106,302,124,976,239,73,142,273,782,584"
9177,10,False,False,0->0,,,,,16,1785,"829,896,389,842,520,101,107,802,656,102"
9179,10,False,False,0->0,,,,,16,1975,"868,39,803,759,72,114,393,959,506,776"
9180,10,False,False,0->0,,,,,16,1688,"491,972,36,178,642,958,91,897,886,493"
9182,10,False,False,0->0,,,,,16,980,"555,652,150,849,511,811,80,278,783,248"
9183,10,False,False,0->0,,,,,16,1760,"726,269,493,743,617,465,630,73,220,246"
9184,10,False,False,0->0,,,,,16,1156,"147,68,854,283,130,801,97,855,755,751"
9185,10,False,False,0->0,,,,,16,1199,"358,781,318,497,942,643,25,401,279,533"
9186,10,False,False,0->0,,,,,16,2036,"122,726,949,220,431,371,481,735,534,465"
9188,10,False,False,0->0,,,,,16,1887,"312,848,514,648,731,493,473,267,398,204"
9189,10,False,False,0->0,,,,,16,1290,"310,54,810,62,728,662,277,162,407,461"
9191,10,False,False,0->0,,,,,16,1018,"593,263,401,459,635,804,761,225,51,307"
9193,10,False,False,0->0,,,,,16,857,"347,586,207,924,685,660,93,130,277,886"
9194,10,False,False,0->0,,,,,16,1288,"570,828,748,180,168,57,251,878,150,179"
9195,10,False,False,0->0,,,,,16,2443,"178,654,970,12,33,165,837,72,728,874"
9197,10,False,False,0->0,,,,,16,1203,"228,582,555,221,958,507,384,619,940,22"
9198,10,False,False,0->0,,,,,16,1269,"910,758,556,4,770,818,772,557,304,322"
9199,10,False,False,0->0,,,,,16,1828,"687,263,210,303,468,758,582,245,520,756"
9200,10,False,False,0->0,,,,,16,1614,"763,254,619,968,47,745,78,696,659,914"
9201,10,False,False,0->0,,,,,16,1298,"315,454,312,870,919,733,758,190,47,772"
9202,10,False,False,0->0,,,,,16,2353,"988,620,159,277,218,776,623,236,649,739"
9203,10,False,False,0->0,,,,,16,2061,"375,899,707,209,736,147,385,291,132,499"
9204,10,False,False,0->0,,,,,16,2042,"119,99,960,165,536,9,152,126,308,584"
9205,10,False,False,0->0,,,,,16,1460,"551,987,64,504,108,981,613,762,190,943"
9206,10,False,False,0->0,,,,,16,2563,"44,652,134,34,844,157,188,388,224,863"
9207,10,False,False,0->0,,,,,16,797,"386,192,369,959,452,761,418,97,86,937"
9208,10,False,False,0->0,,,,,16,1135,"737,426,625,31,707,204,135,755,696,931"
9209,10,False,False,0->0,,,,,16,1386,"514,763,656,708,350,694,26,233,158,378"
9210,10,False,False,0->0,,,,,16,1070,"810,26,852,50,649,396,895,919,978,551"
9214,10,False,False,0->0,,,,,16,1337,"977,920,26,265,301,876,506,689,249,70"
9215,10,False,False,0->0,,,,,16,2277,"514,985,871,271,940,207,902,230,145,52"
9216,10,False,False,0->0,,,,,16,1037,"600,497,222,4,305,122,952,567,498,411"
9218,10,False,False,0->0,,,,,16,2211,"247,165,972,105,87,455,971,459,490,238"
9219,10,False,False,0->0,,,,,16,1114,"947,92,660,15,849,919,53,12,853,246"
9220,10,False,False,0->0,,,,,16,1269,"68,784,437,534,575,132,121,879,415,43"
9221,10,False,False,0->0,,,,,16,846,"293,270,688,244,78,690,783,523,37,872"
9222,10,False,False,0->0,,,,,16,2078,"637,363,322,27,648,630,12,309,112,382"
9223,10,False,False,0->0,,,,,16,1162,"794,186,496,649,588,913,598,844,242,899"
9224,10,False,False,0->0,,,,,16,1327,"895,909,7,344,635,553,768,391,743,700"
9228,10,False,False,0->0,,,,,16,1565,"368,708,7,4,653,961,801,504,597,372"
9229,10,False,False,0->0,,,,,16,1211,"670,982,745,737,771,935,50,304,652,443"
9230,10,False,False,0->0,,,,,16,1343,"221,268,757,248,355,64,174,294,691,793"
9231,10,False,False,0->0,,,,,16,1184,"324,253,356,489,372,519,99,929,476,834"
9232,10,False,False,0->0,,,,,16,617,"500,496,199,832,694,137,922,675,907,838"
9233,10,False,False,0->0,,,,,16,1856,"3,177,818,728,110,138,567,517,61,697"
9234,10,False,False,0->0,,,,,16,927,"928,428,736,40,331,386,523,862,303,207"
9235,10,False,False,0->0,,,,,16,1462,"511,365,679,974,935,116,767,65,790,938"
9236,10,False,False,0->0,,,,,16,1402,"550,983,740,795,273,319,283,229,793,849"
9237,10,False,False,0->0,,,,,16,1341,"356,781,117,553,753,676,843,539,25,831"
9238,10,False,False,0->0,,,,,16,992,"554,385,558,649,793,207,742,83,457,556"
9240,10,False,False,0->0,,,,,16,1374,"443,323,359,515,280,849,768,814,38,843"
9241,10,False,False,0->0,,,,,16,1889,"63,13,199,38,597,785,386,861,135,259"
9242,10,False,False,0->0,,,,,16,1364,"31,96,973,355,905,622,56,927,651,640"
9243,10,False,False,0->0,,,,,16,1111,"727,733,212,279,951,885,731,254,429,408"
9246,10,False,False,0->0,,,,,16,1459,"24,531,245,273,18,1,952,639,995,440"
9247,10,False,False,0->0,,,,,16,1193,"332,200,835,192,851,277,534,232,765,283"
9248,10,False,False,0->0,,,,,16,2233,"584,347,601,290,216,169,552,960,327,574"
9249,10,False,False,0->0,,,,,16,1663,"500,695,211,236,357,366,548,699,222,926"
9250,10,False,False,0->0,,,,,16,1642,"885,86,503,218,963,824,97,130,710,436"
9251,10,False,False,0->0,,,,,16,1863,"110,625,260,897,845,51,907,902,216,757"
9252,10,False,False,0->0,,,,,16,1859,"855,188,39,987,468,922,131,436,924,195"
9253,10,False,False,0->0,,,,,16,1829,"801,21,927,714,636,518,359,194,808,589"
9254,10,False,False,0->0,,,,,16,1938,"379,17,883,268,655,678,492,77,1,487"
9255,10,False,False,0->0,,,,,16,1133,"314,884,978,702,587,782,933,409,828,282"
9256,10,False,False,0->0,,,,,16,2503,"590,507,455,157,653,844,164,82,971,956"
9257,10,False,False,0->0,,,,,16,1624,"836,713,6,337,355,728,26,710,472,437"
9258,10,False,False,0->0,,,,,16,1753,"536,513,337,963,634,405,481,589,72,250"
9259,10,False,False,0->0,,,,,16,864,"355,771,750,571,952,344,410,169,357,8"
9260,10,False,False,0->0,,,,,16,2168,"780,700,164,504,816,222,739,131,208,564"
9262,10,False,False,0->0,,,,,16,1522,"21,329,179,948,790,425,324,690,853,768"
9263,10,False,False,0->0,,,,,16,2512,"544,993,438,162,453,995,878,624,660,314"
9264,10,False,False,0->0,,,,,16,2295,"495,984,463,248,473,225,212,394,626,238"
9265,10,False,False,0->0,,,,,16,2961,"388,512,365,91,319,239,210,767,646,278"
9266,10,False,False,0->0,,,,,16,1841,"811,442,983,726,255,273,702,832,848,228"
9267,10,False,False,0->0,,,,,16,1627,"669,617,44,604,660,179,381,250,783,666"
9269,10,False,False,0->0,,,,,16,891,"522,235,635,788,91,156,410,519,795,41"
9270,10,False,False,0->0,,,,,16,1550,"163,455,148,318,899,206,613,400,117,446"
9271,10,False,False,0->0,,,,,16,1567,"585,893,760,896,501,40,217,320,443,239"
9272,10,False,False,0->0,,,,,16,1611,"1,108,113,73,995,691,270,340,834,943"
9273,10,False,False,0->0,,,,,16,1637,"788,431,804,267,216,775,146,145,830,842"
9274,10,False,False,0->0,,,,,16,1561,"500,603,24,390,69,879,594,708,310,674"
9275,10,False,False,0->0,,,,,16,2519,"626,132,834,987,580,316,19,730,102,171"
9276,10,False,False,0->0,,,,,16,1467,"851,337,707,182,107,350,619,780,684,938"
9277,10,False,False,0->0,,,,,16,2084,"483,898,14,503,751,605,140,274,380,626"
9278,10,False,False,0->0,,,,,16,1510,"56,380,621,171,850,522,355,359,973,589"
9279,10,False,False,0->0,,,,,16,2100,"962,270,930,685,672,876,736,616,485,308"
9282,10,False,False,0->0,,,,,16,2263,"254,553,883,224,45,327,156,569,8,657"
9284,10,False,False,0->0,,,,,16,1715,"386,429,451,96,366,631,989,221,193,425"
9286,10,False,False,0->0,,,,,16,1427,"223,55,929,566,915,710,121,623,325,895"
9288,10,False,False,0->0,,,,,16,1342,"372,780,694,52,515,709,740,252,287,623"
9289,10,False,False,0->0,,,,,16,1125,"609,346,388,906,914,442,186,384,920,921"
9290,10,False,False,0->0,,,,,16,2110,"535,431,376,534,8,59,1000,718,259,436"
9291,10,False,False,0->0,,,,,16,2644,"197,384,973,165,65,599,140,995,612,279"
9292,10,False,False,0->0,,,,,16,1181,"271,404,187,299,268,621,868,488,870,96"
9293,10,False,False,0->0,,,,,16,2452,"109,471,856,860,978,678,419,834,573,362"
9294,10,False,False,0->0,,,,,16,2066,"984,500,753,320,385,217,471,453,545,618"
9295,10,False,False,0->0,,,,,16,2773,"309,900,317,350,653,174,963,128,312,318"
9296,10,False,False,0->0,,,,,16,1460,"232,790,945,72,194,618,933,492,926,956"
9297,10,False,False,0->0,,,,,16,1888,"340,817,625,706,890,273,27,160,498,190"
9299,10,False,False,0->0,,,,,16,913,"666,116,797,805,832,867,433,120,108,294"
9300,10,False,False,0->0,,,,,16,2026,"239,589,386,473,158,532,634,577,203,424"
9301,10,False,False,0->0,,,,,16,1384,"291,884,139,101,420,122,309,961,76,114"
9302,10,False,False,0->0,,,,,16,1328,"172,186,146,940,318,602,844,724,859,359"
9303,10,False,False,0->0,,,,,16,1445,"106,214,156,44,335,105,323,863,588,804"
9304,10,False,False,0->0,,,,,16,1322,"440,107,951,896,266,37,155,372,86,183"
9305,10,False,False,0->0,,,,,16,1633,"269,796,255,513,833,92,58,919,389,582"
9306,10,False,False,0->0,,,,,16,2390,"225,376,704,557,200,845,193,433,776,417"
9307,10,False,False,0->0,,,,,16,1319,"481,592,584,557,597,12,988,33,44,206"
9309,10,False,False,0->0,,,,,16,2143,"940,898,987,304,363,847,565,321,23,299"
9310,10,False,False,0->0,,,,,16,801,"931,69,662,898,403,131,855,85,317,787"
9311,10,False,False,0->0,,,,,16,2067,"274,400,61,822,39,783,536,445,915,103"
9312,10,False,False,0->0,,,,,16,1461,"144,461,759,119,284,675,883,221,770,382"
9313,10,False,False,0->0,,,,,16,1641,"294,655,15,848,668,310,137,141,95,365"
9314,10,False,False,0->0,,,,,16,2168,"597,992,9,926,50,463,706,74,962,253"
9315,10,False,False,0->0,,,,,16,1275,"107,479,483,510,253,690,964,49,787,193"
9316,10,False,False,0->0,,,,,16,1197,"595,64,573,850,398,135,33,266,70,320"
9317,10,False,False,0->0,,,,,16,1481,"310,282,465,316,95,163,394,344,371,582"
9318,10,False,False,0->0,,,,,16,1136,"556,963,196,643,18,517,729,214,391,768"
9319,10,False,False,0->0,,,,,16,1266,"680,507,491,442,930,687,831,267,750,355"
9321,10,False,False,0->0,,,,,16,1522,"98,241,899,409,359,403,977,624,738,111"
9322,10,False,False,0->0,,,,,16,1621,"669,323,446,148,248,640,673,555,926,887"
9323,10,False,False,0->0,,,,,16,1210,"2,702,117,862,314,554,575,144,802,214"
9324,10,False,False,0->0,,,,,16,1159,"319,763,858,990,526,483,249,774,634,943"
9325,10,False,False,0->0,,,,,16,1571,"771,229,94,404,917,285,352,710,795,884"
9327,10,False,False,0->0,,,,,16,1390,"477,575,148,861,114,13,209,488,246,402"
9328,10,False,False,0->0,,,,,16,1422,"587,506,526,740,940,756,477,304,636,72"
9329,10,False,False,0->0,,,,,16,2717,"758,359,82,837,162,49,917,137,871,980"
9331,10,False,False,0->0,,,,,16,1642,"60,740,652,615,949,162,460,226,662,190"
9333,10,False,False,0->0,,,,,16,2366,"64,159,703,392,408,900,463,861,798,547"
9334,10,False,False,0->0,,,,,16,1370,"379,685,282,251,176,78,850,814,185,319"
9335,10,False,False,0->0,,,,,16,1192,"769,870,447,1000,454,423,102,770,669,568"
9336,10,False,False,0->0,,,,,16,1719,"230,372,687,1,208,425,46,100,790,386"
9338,10,False,False,0->0,,,,,16,1437,"829,268,447,963,179,168,609,640,414,892"
9339,10,False,False,0->0,,,,,16,2022,"563,746,657,586,947,937,72,146,582,421"
9340,10,False,False,0->0,,,,,16,2033,"880,225,294,397,388,285,183,713,547,4"
9343,10,False,False,0->0,,,,,16,1235,"164,109,713,126,76,631,232,310,360,278"
9344,10,False,False,0->0,,,,,16,1678,"515,32,282,407,900,194,274,196,218,76"
9345,10,False,False,0->0,,,,,16,1393,"474,836,27,483,621,269,86,563,835,423"
9346,10,False,False,0->0,,,,,16,1923,"974,908,445,691,990,545,21,370,379,74"
9347,10,False,False,0->0,,,,,16,1315,"460,251,418,160,774,136,635,689,186,107"
9348,10,False,False,0->0,,,,,16,1179,"860,269,976,369,968,104,878,816,950,570"
9350,10,False,False,0->0,,,,,16,1531,"533,802,681,6,270,137,676,451,769,536"
9351,10,False,False,0->0,,,,,16,1136,"772,277,271,212,261,246,391,744,158,797"
9352,10,False,False,0->0,,,,,16,1870,"224,229,444,380,570,814,945,541,56,822"
9353,10,False,False,0->0,,,,,16,1775,"526,511,624,24,877,532,316,883,297,672"
9354,10,False,False,0->0,,,,,16,1850,"935,505,472,605,26,903,913,975,607,298"
9355,10,False,False,0->0,,,,,16,1331,"181,39,43,712,854,632,883,148,758,654"
9356,10,False,False,0->0,,,,,16,1921,"558,585,343,758,883,566,524,986,266,661"
9357,10,False,False,0->0,,,,,16,1146,"189,241,786,581,683,17,963,836,848,106"
9358,10,False,False,0->0,,,,,16,2185,"836,366,451,200,190,294,717,859,790,62"
9360,10,False,False,0->0,,,,,16,1865,"658,338,491,725,6,695,719,917,845,228"
9361,10,False,False,0->0,,,,,16,1902,"743,505,22,958,966,891,940,394,887,337"
9362,10,False,False,0->0,,,,,16,1759,"593,156,327,60,557,264,917,223,568,818"
9363,10,False,False,0->0,,,,,16,1499,"378,940,804,193,147,279,148,548,607,474"
9364,10,False,False,0->0,,,,,16,1754,"821,887,107,746,570,670,506,788,917,985"
9365,10,False,False,0->0,,,,,16,1637,"155,304,564,499,24,390,332,937,587,383"
9366,10,False,False,0->0,,,,,16,1329,"911,727,495,771,977,888,563,324,794,289"
9367,10,False,False,0->0,,,,,16,2157,"42,325,398,416,374,646,493,659,623,959"
9368,10,False,False,0->0,,,,,16,1726,"25,428,669,994,454,90,805,46,971,5"
9369,10,False,False,0->0,,,,,16,2760,"401,264,566,162,313,537,392,291,517,248"
9370,10,False,False,0->0,,,,,16,1326,"212,324,68,952,102,915,722,371,556,955"
9371,10,False,False,0->0,,,,,16,1015,"340,537,235,114,526,18,496,982,433,411"
9372,10,False,False,0->0,,,,,16,1344,"955,329,116,926,801,469,183,885,322,640"
9373,10,False,False,0->0,,,,,16,1487,"376,506,695,269,154,826,44,214,512,909"
9374,10,False,False,0->0,,,,,16,1874,"241,451,914,716,677,440,388,51,384,130"
9376,10,False,False,0->0,,,,,16,840,"951,135,26,775,152,142,408,922,401,144"
9377,10,False,False,0->0,,,,,16,978,"652,461,8,933,806,575,268,167,60,990"
9378,10,False,False,0->0,,,,,16,1773,"37,416,715,879,457,710,560,98,404,772"
9379,10,False,False,0->0,,,,,16,2699,"856,635,116,922,230,192,764,452,776,914"
9380,10,False,False,0->0,,,,,16,2140,"158,465,194,493,928,712,132,758,92,611"
9381,10,False,False,0->0,,,,,16,1641,"733,892,384,474,964,875,108,16,548,983"
9384,10,False,False,0->0,,,,,16,705,"530,982,969,7,233,926,167,625,855,707"
9386,10,False,False,0->0,,,,,16,1554,"145,304,696,646,98,198,616,737,120,1"
9388,10,False,False,0->0,,,,,16,1394,"81,251,5,387,418,868,310,189,114,612"
9390,10,False,False,0->0,,,,,16,1411,"728,205,677,222,718,592,394,969,238,731"
9391,10,False,False,0->0,,,,,16,1403,"888,109,437,637,833,108,902,12,780,977"
9392,10,False,False,0->0,,,,,16,1662,"42,253,803,940,74,293,63,166,291,969"
9393,10,False,False,0->0,,,,,16,2522,"804,39,749,721,966,343,200,986,290,829"
9395,10,False,False,0->0,,,,,16,1381,"642,854,930,147,676,315,613,34,909,728"
9396,10,False,False,0->0,,,,,16,1346,"11,12,810,717,931,173,990,372,851,443"
9397,10,False,False,0->0,,,,,16,1260,"752,727,103,497,400,175,360,631,104,530"
9400,10,False,False,0->0,,,,,16,1044,"269,724,842,521,605,856,694,926,279,206"
9403,10,False,False,0->0,,,,,16,2163,"34,883,641,779,907,252,526,20,598,822"
9406,10,False,False,0->0,,,,,16,1436,"44,706,260,224,837,168,526,963,325,715"
9407,10,False,False,0->0,,,,,16,970,"729,415,564,239,757,719,318,726,522,199"
9408,10,False,False,0->0,,,,,16,1214,"32,552,732,794,394,471,392,672,600,943"
9410,10,False,False,0->0,,,,,16,2000,"808,67,971,93,423,139,453,755,683,465"
9411,10,False,False,0->0,,,,,16,1662,"621,974,753,267,672,685,689,471,397,176"
9412,10,False,False,0->0,,,,,16,1786,"231,384,948,239,609,206,197,160,514,331"
9413,10,False,False,0->0,,,,,10,757,"282,496,963,897,122,148,610,523,179,207"
9414,10,False,False,0->0,,,,,16,1763,"37,375,426,369,823,523,489,83,288,713"
9415,10,False,False,0->0,,,,,16,2255,"467,964,588,777,59,958,489,980,973,547"
9416,10,False,False,0->0,,,,,16,2900,"86,594,626,431,210,572,779,34,843,15"
9417,10,False,False,0->0,,,,,16,2072,"632,689,340,601,216,6,876,908,398,913"
9418,10,False,False,0->0,,,,,16,1604,"495,969,523,485,854,715,792,441,469,538"
9419,10,False,False,0->0,,,,,16,1040,"937,627,849,76,53,382,46,724,489,527"
9421,10,False,False,0->0,,,,,16,1472,"792,977,687,167,546,304,303,985,29,264"
9422,10,False,False,0->0,,,,,16,1721,"902,104,421,724,774,641,880,260,69,541"
9423,10,False,False,0->0,,,,,16,1284,"439,700,452,186,714,301,39,690,22,355"
9424,10,False,False,0->0,,,,,16,1116,"865,877,510,761,888,276,438,995,465,455"
9425,10,False,False,0->0,,,,,16,1500,"710,824,736,914,962,319,479,903,891,616"
9428,10,False,False,0->0,,,,,16,2817,"764,743,165,134,224,74,544,702,344,65"
9429,10,False,False,0->0,,,,,16,2182,"590,267,3,722,999,707,134,181,827,413"
9430,10,False,False,0->0,,,,,16,2161,"710,618,273,329,721,140,440,187,148,23"
9431,10,False,False,0->0,,,,,16,1186,"982,430,618,26,610,110,469,733,954,707"
9434,10,False,False,0->0,,,,,16,1176,"231,39,390,4,192,246,423,46,397,779"
9435,10,False,False,0->0,,,,,16,738,"762,458,181,642,410,575,654,708,11,138"
9437,10,False,False,0->0,,,,,16,1416,"897,14,161,654,971,376,247,83,931,733"
9438,10,False,False,0->0,,,,,16,1883,"96,679,192,81,86,138,735,721,145,9"
9439,10,False,False,0->0,,,,,16,2193,"507,88,641,171,656,688,800,277,933,138"
9441,10,False,False,0->0,,,,,16,1183,"742,966,173,340,950,12,441,985,247,594"
9442,10,False,False,0->0,,,,,16,1011,"108,895,524,891,795,81,182,732,586,995"
9443,10,False,False,0->0,,,,,16,2242,"852,776,984,200,411,779,38,952,134,545"
9446,10,False,False,0->0,,,,,16,2200,"617,437,253,845,739,751,837,335,623,239"
9447,10,False,False,0->0,,,,,16,2299,"620,883,272,279,346,753,485,302,854,463"
9448,10,False,False,0->0,,,,,16,2725,"69,896,36,787,409,381,893,659,500,993"
9449,10,False,False,0->0,,,,,16,834,"278,654,451,694,691,975,438,228,430,233"
9450,10,False,False,0->0,,,,,16,2003,"964,762,320,675,330,863,815,751,39,914"
9451,10,False,False,0->0,,,,,16,2565,"577,660,854,605,632,230,829,11,538,551"
9452,10,False,False,0->0,,,,,16,1074,"437,297,744,159,25,743,335,683,236,868"
9453,10,False,False,0->0,,,,,16,1700,"437,705,844,32,330,545,273,389,195,431"
9454,10,False,False,0->0,,,,,16,1437,"840,67,526,186,109,549,266,768,174,212"
9456,10,False,False,0->0,,,,,16,725,"315,813,347,410,299,53,78,385,919,719"
9457,10,False,False,0->0,,,,,16,1236,"500,101,211,358,252,373,383,837,958,795"
9459,10,False,False,0->0,,,,,16,2143,"18,546,797,324,688,395,174,605,491,393"
9460,10,False,False,0->0,,,,,16,1122,"955,784,725,963,408,769,294,950,43,498"
9461,10,False,False,0->0,,,,,16,1231,"746,26,731,408,412,945,616,867,836,765"
9462,10,False,False,0->0,,,,,16,1566,"445,60,615,518,19,995,543,442,686,632"
9463,10,False,False,0->0,,,,,16,1635,"781,804,836,605,767,706,401,501,139,941"
9464,10,False,False,0->0,,,,,16,1733,"372,590,424,584,12,945,878,857,589,523"
9467,10,False,False,0->0,,,,,16,1191,"467,426,409,934,169,574,489,385,817,606"
9468,10,False,False,0->0,,,,,16,1165,"120,409,428,639,593,95,646,13,94,534"
9469,10,False,False,0->0,,,,,16,1546,"794,560,93,575,133,633,659,943,528,746"
9472,10,False,False,0->0,,,,,16,1784,"327,951,974,789,978,94,200,589,512,949"
9474,10,False,False,0->0,,,,,16,1834,"98,668,487,721,298,994,535,922,304,408"
9475,10,False,False,0->0,,,,,16,1745,"683,585,437,508,973,119,310,120,690,278"
9476,10,False,False,0->0,,,,,16,1119,"581,156,951,48,248,693,768,128,632,146"
9477,10,False,False,0->0,,,,,16,1590,"678,564,787,507,964,729,384,226,309,595"
9479,10,False,False,0->0,,,,,16,1676,"144,63,415,433,162,81,971,108,202,952"
9481,10,False,False,0->0,,,,,16,1046,"908,1000,774,217,565,523,686,270,595,678"
9483,10,False,False,0->0,,,,,16,1119,"814,919,22,798,404,931,722,926,598,434"
9484,10,False,False,0->0,,,,,16,1025,"202,518,914,897,595,597,251,906,139,124"
9485,10,False,False,0->0,,,,,16,691,"625,223,780,139,459,909,222,57,658,935"
9487,10,False,False,0->0,,,,,16,1457,"573,975,895,843,5,546,504,537,759,87"
9488,10,False,False,0->0,,,,,16,1531,"431,324,347,312,558,274,761,574,116,371"
9489,10,False,False,0->0,,,,,16,1236,"968,102,267,460,216,269,32,796,4,959"
9490,10,False,False,0->0,,,,,16,1305,"610,650,146,282,431,452,434,408,752,759"
9494,10,False,False,0->0,,,,,16,1929,"771,105,667,145,13,934,248,636,463,735"
9495,10,False,False,0->0,,,,,16,1611,"569,635,854,927,963,598,379,489,41,439"
9497,10,False,False,0->0,,,,,16,1059,"959,224,708,815,591,552,902,947,107,513"
9498,10,False,False,0->0,,,,,16,1233,"152,948,903,755,193,736,627,327,650,852"
9499,10,False,False,0->0,,,,,16,1253,"786,320,732,5,437,568,756,179,637,878"
9500,10,False,False,0->0,,,,,16,1153,"565,635,104,57,76,95,629,765,492,794"
9501,10,False,False,0->0,,,,,16,2662,"261,837,157,451,165,544,897,854,673,487"
9502,10,False,False,0->0,,,,,16,1812,"428,157,949,615,600,630,119,14,765,567"
9503,10,False,False,0->0,,,,,16,1121,"54,159,314,679,460,966,274,629,537,821"
9504,10,False,False,0->0,,,,,16,1619,"197,346,369,496,729,899,451,32,216,207"
9505,10,False,False,0->0,,,,,16,1422,"919,526,74,906,542,942,616,729,609,976"
9506,10,False,False,0->0,,,,,16,2285,"998,504,815,512,979,335,854,210,203,731"
9507,10,False,False,0->0,,,,,16,1625,"668,567,253,489,972,15,97,297,676,878"
9508,10,False,False,0->0,,,,,16,3024,"735,816,989,7,428,165,486,303,230,829"
9509,10,False,False,0->0,,,,,16,1213,"511,734,942,65,423,986,181,235,691,531"
9510,10,False,False,0->0,,,,,16,749,"325,711,463,774,836,59,551,712,763,397"
9511,10,False,False,0->0,,,,,16,1219,"501,29,814,969,686,884,567,754,175,890"
9512,10,False,False,0->0,,,,,16,1156,"737,731,244,817,947,412,950,163,121,943"
9513,10,False,False,0->0,,,,,16,1699,"310,211,867,323,737,935,231,335,431,313"
9514,10,False,False,0->0,,,,,16,870,"828,22,247,82,187,515,392,519,139,673"
9516,10,False,False,0->0,,,,,16,1878,"278,181,972,875,510,548,88,954,501,127"
9517,10,False,False,0->0,,,,,16,1150,"687,46,330,304,267,755,2,652,436,790"
9519,10,False,False,0->0,,,,,16,1765,"180,103,91,412,686,221,656,64,278,197"
9520,10,False,False,0->0,,,,,16,1517,"594,473,279,740,280,102,642,958,307,291"
9521,10,False,False,0->0,,,,,16,1201,"137,188,382,87,722,423,70,573,359,813"
9523,10,False,False,0->0,,,,,16,1739,"41,13,534,363,320,907,50,245,64,22"
9524,10,False,False,0->0,,,,,16,2001,"302,51,813,93,625,488,72,479,552,202"
9525,10,False,False,0->0,,,,,16,1895,"262,715,632,441,382,898,672,743,887,188"
9526,10,False,False,0->0,,,,,16,1584,"327,619,892,472,953,782,96,670,18,463"
9527,10,False,False,0->0,,,,,16,1080,"880,459,186,903,705,823,520,992,99,642"
9528,10,False,False,0->0,,,,,16,1523,"638,8,676,238,203,531,400,468,582,195"
9529,10,False,False,0->0,,,,,16,1384,"744,487,391,445,883,689,100,982,310,590"
9530,10,False,False,0->0,,,,,16,894,"79,926,727,455,46,602,731,836,481,250"
9532,10,False,False,0->0,,,,,16,1400,"174,9,133,408,949,641,98,522,806,571"
9533,10,False,False,0->0,,,,,16,1345,"602,712,702,966,883,293,556,407,384,720"
9534,10,False,False,0->0,,,,,16,1444,"263,271,496,124,964,611,794,826,1000,554"
9535,10,False,False,0->0,,,,,16,2458,"605,329,210,205,730,333,172,505,50,614"
9536,10,False,False,0->0,,,,,16,1960,"90,88,94,285,252,905,837,112,265,63"
9537,10,False,False,0->0,,,,,16,1646,"276,827,866,756,327,855,144,517,212,661"
9539,10,False,False,0->0,,,,,16,1788,"74,564,959,711,507,372,548,356,955,764"
9540,10,False,False,0->0,,,,,16,1824,"862,867,158,811,284,854,236,648,37,626"
9542,10,False,False,0->0,,,,,16,2001,"732,568,604,571,250,22,544,613,577,277"
9543,10,False,False,0->0,,,,,16,1308,"58,643,902,858,510,179,65,733,911,606"
9544,10,False,False,0->0,,,,,16,1165,"163,4,960,527,403,526,239,811,866,638"
9545,10,False,False,0->0,,,,,16,1337,"411,607,713,625,384,921,415,649,330,909"
9548,10,False,False,0->0,,,,,16,1869,"402,635,871,80,108,134,598,728,420,788"
9550,10,False,False,0->0,,,,,16,1034,"756,697,511,398,526,856,224,187,443,186"
9551,10,False,False,0->0,,,,,16,773,"801,276,783,420,347,7,317,837,613,182"
9552,10,False,False,0->0,,,,,16,2015,"283,556,437,114,673,821,498,627,517,188"
9555,10,False,False,0->0,,,,,16,1939,"957,62,633,634,407,548,808,914,143,73"
9556,10,False,False,0->0,,,,,16,2286,"663,233,969,197,82,1000,695,178,735,536"
9558,10,False,False,0->0,,,,,16,1563,"138,781,451,128,953,743,855,473,588,887"
9559,10,False,False,0->0,,,,,16,1276,"224,828,768,684,250,546,46,550,917,262"
9562,10,False,False,0->0,,,,,16,1134,"378,711,705,821,545,85,718,51,352,401"
9563,10,False,False,0->0,,,,,16,1958,"643,710,452,418,100,310,272,313,539,12"
9564,10,False,False,0->0,,,,,16,864,"855,45,537,457,950,490,632,951,672,786"
9565,10,False,False,0->0,,,,,16,2070,"703,403,84,330,188,386,878,795,503,849"
9566,10,False,False,0->0,,,,,16,1760,"485,203,729,621,715,29,949,765,437,329"
9567,10,False,False,0->0,,,,,16,1205,"403,801,304,355,885,853,666,658,624,793"
9568,10,False,False,0->0,,,,,16,1269,"67,250,738,823,557,728,173,565,403,784"
9569,10,False,False,0->0,,,,,16,1961,"309,444,321,783,651,274,960,968,858,847"
9570,10,False,False,0->0,,,,,16,1108,"53,101,77,512,340,330,404,818,530,878"
9572,10,False,False,0->0,,,,,16,1537,"906,795,891,767,640,550,425,375,59,314"
9573,10,False,False,0->0,,,,,16,1413,"831,844,141,19,528,554,440,995,422,154"
9574,10,False,False,0->0,,,,,16,1009,"47,961,486,957,408,933,57,581,956,425"
9575,10,False,False,0->0,,,,,16,1181,"276,718,556,670,421,994,272,77,139,207"
9577,10,False,False,0->0,,,,,16,1296,"995,655,811,738,618,155,56,646,983,765"
9578,10,False,False,0->0,,,,,16,1619,"732,143,382,998,80,166,454,779,363,133"
9579,10,False,False,0->0,,,,,16,1348,"372,255,492,421,248,94,13,288,675,821"
9580,10,False,False,0->0,,,,,16,1579,"823,991,422,193,421,900,924,536,622,716"
9581,10,False,False,0->0,,,,,16,1120,"80,757,619,603,45,724,960,952,681,783"
9582,10,False,False,0->0,,,,,16,2310,"572,456,953,174,468,329,458,716,651,951"
9583,10,False,False,0->0,,,,,16,2089,"505,883,6,388,811,437,790,396,23,528"
9584,10,False,False,0->0,,,,,16,1667,"575,459,91,417,137,456,797,945,90,455"
9585,10,False,False,0->0,,,,,16,1465,"749,640,73,833,301,241,775,385,771,229"
9586,10,False,False,0->0,,,,,16,1441,"750,248,164,959,667,738,954,817,33,308"
9587,10,False,False,0->0,,,,,16,2269,"598,2,669,634,290,29,883,981,98,262"
9589,10,False,False,0->0,,,,,16,1390,"407,629,76,606,20,473,309,381,675,528"
9590,10,False,False,0->0,,,,,16,1541,"350,537,106,676,984,674,319,393,926,245"
9591,10,False,False,0->0,,,,,16,1110,"19,689,995,409,303,266,521,890,43,783"
9592,10,False,False,0->0,,,,,16,2070,"692,326,743,476,72,551,388,428,169,398"
9594,10,False,False,0->0,,,,,16,2575,"843,3,36,413,668,749,956,424,418,390"
9595,10,False,False,0->0,,,,,16,997,"794,556,161,325,708,680,87,280,409,42"
9596,10,False,False,0->0,,,,,16,1562,"859,586,898,874,762,979,445,694,947,945"
9599,10,False,False,0->0,,,,,16,1708,"152,855,280,505,321,643,80,716,535,742"
9600,10,False,False,0->0,,,,,16,1487,"642,70,722,338,667,913,971,606,381,958"
9601,10,False,False,0->0,,,,,16,1694,"137,373,557,40,233,900,548,162,389,249"
9602,10,False,False,0->0,,,,,16,2458,"822,930,391,366,632,492,985,207,288,327"
9603,10,False,False,0->0,,,,,16,1153,"927,796,21,785,654,17,943,34,18,11"
9605,10,False,False,0->0,,,,,16,1110,"630,739,445,315,824,995,100,433,506,323"
9606,10,False,False,0->0,,,,,16,3131,"720,504,105,210,535,512,779,350,204,707"
9608,10,False,False,0->0,,,,,16,2761,"43,319,874,49,165,98,960,719,453,942"
9609,10,False,False,0->0,,,,,16,1255,"182,369,735,905,781,103,786,789,159,620"
9611,10,False,False,0->0,,,,,16,821,"357,325,546,96,402,638,513,514,199,497"
9613,10,False,False,0->0,,,,,16,1301,"959,515,968,977,494,209,716,536,429,718"
9615,10,False,False,0->0,,,,,16,1966,"690,393,900,373,302,3,247,330,549,530"
9616,10,False,False,0->0,,,,,16,1288,"738,756,445,23,713,754,969,204,241,796"
9619,10,False,False,0->0,,,,,16,1015,"17,56,503,352,314,930,301,687,732,575"
9623,10,False,False,0->0,,,,,16,1136,"498,364,327,616,222,668,875,362,798,951"
9625,10,False,False,0->0,,,,,16,1231,"91,236,633,732,739,775,563,282,992,338"
9626,10,False,False,0->0,,,,,16,1725,"866,263,928,995,971,541,77,879,905,981"
9628,10,False,False,0->0,,,,,16,1750,"381,937,97,741,248,225,200,690,787,207"
9629,10,False,False,0->0,,,,,16,1899,"857,626,282,824,949,686,48,459,858,430"
9630,10,False,False,0->0,,,,,16,2365,"365,208,424,47,337,704,876,174,190,618"
9632,10,False,False,0->0,,,,,16,2123,"760,581,953,577,973,249,133,862,716,504"
9633,10,False,False,0->0,,,,,16,1859,"577,736,34,969,161,880,984,745,116,326"
9634,10,False,False,0->0,,,,,16,3516,"980,140,160,856,973,985,800,378,887,109"
9635,10,False,False,0->0,,,,,16,2399,"928,309,459,421,569,560,413,436,802,532"
9637,10,False,False,0->0,,,,,16,921,"76,218,817,549,796,356,843,393,474,791"
9638,10,False,False,0->0,,,,,16,1342,"811,774,305,130,27,165,814,337,232,674"
9639,10,False,False,0->0,,,,,16,1217,"159,838,725,59,718,1000,473,269,157,110"
9640,10,False,False,0->0,,,,,16,1835,"618,974,7,159,267,73,547,60,726,384"
9641,10,False,False,0->0,,,,,16,1323,"137,741,436,289,539,37,861,616,369,955"
9642,10,False,False,0->0,,,,,16,1100,"333,491,291,778,498,522,279,732,709,956"
9643,10,False,False,0->0,,,,,16,1619,"476,50,397,545,112,710,214,497,41,465"
9644,10,False,False,0->0,,,,,16,1059,"507,201,789,722,394,357,627,568,745,850"
9645,10,False,False,0->0,,,,,16,1383,"584,94,169,905,714,634,947,308,465,83"
9647,10,False,False,0->0,,,,,16,2597,"755,712,216,364,779,452,110,822,977,504"
9648,10,False,False,0->0,,,,,16,1412,"23,421,750,294,461,387,244,865,726,623"
9649,10,False,False,0->0,,,,,16,1557,"857,425,394,899,360,287,710,855,259,897"
9650,10,False,False,0->0,,,,,16,896,"666,268,725,305,416,112,727,924,985,599"
9651,10,False,False,0->0,,,,,16,1633,"165,771,69,678,553,572,633,580,397,59"
9652,10,False,False,0->0,,,,,16,2202,"668,522,629,501,93,728,288,548,381,919"
9653,10,False,False,0->0,,,,,16,1185,"835,749,597,961,606,392,854,634,907,950"
9655,10,False,False,0->0,,,,,16,1182,"340,603,203,738,938,421,318,437,796,892"
9656,10,False,False,0->0,,,,,16,1824,"937,238,532,492,537,488,505,346,533,477"
9657,10,False,False,0->0,,,,,16,1193,"708,318,646,255,566,616,791,289,571,100"
9658,10,False,False,0->0,,,,,16,1963,"126,287,257,93,352,166,211,824,590,941"
9659,10,False,False,0->0,,,,,16,820,"13,862,929,547,155,434,616,314,778,630"
9660,10,False,False,0->0,,,,,16,1907,"417,162,414,953,1000,469,845,720,681,515"
9661,10,False,False,0->0,,,,,16,815,"14,265,177,860,95,22,491,785,992,788"
9663,10,False,False,0->0,,,,,16,948,"532,212,150,907,687,144,857,390,992,642"
9664,10,False,False,0->0,,,,,16,2172,"485,886,583,82,906,92,770,343,312,73"
9665,10,False,False,0->0,,,,,16,1412,"818,937,411,959,814,159,273,823,770,777"
9666,10,False,False,0->0,,,,,16,1805,"56,289,884,305,874,446,132,55,86,814"
9667,10,False,False,0->0,,,,,16,1107,"875,287,783,7,208,929,821,699,80,446"
9668,10,False,False,0->0,,,,,16,1253,"920,603,280,638,719,605,376,371,716,412"
9669,10,False,False,0->0,,,,,16,1721,"896,394,495,67,787,646,288,139,309,970"
9670,10,False,False,0->0,,,,,16,2349,"111,910,471,264,278,474,211,886,542,661"
9671,10,False,False,0->0,,,,,16,2632,"488,674,64,97,188,795,902,782,900,136"
9674,10,False,False,0->0,,,,,16,1156,"732,616,260,121,433,3,851,711,340,293"
9675,10,False,False,0->0,,,,,16,1206,"90,290,694,934,806,383,537,154,65,732"
9676,10,False,False,0->0,,,,,16,1728,"831,316,390,132,884,599,197,497,567,821"
9678,10,False,False,0->0,,,,,16,1785,"312,995,937,717,742,686,330,168,656,746"
9679,10,False,False,0->0,,,,,16,1546,"702,588,220,670,42,503,928,235,835,357"
9680,10,False,False,0->0,,,,,16,1608,"915,441,83,519,911,575,641,57,694,863"
9682,10,False,False,0->0,,,,,16,1834,"639,505,980,533,803,211,124,700,209,684"
9683,10,False,False,0->0,,,,,16,2345,"158,891,843,615,726,1,546,558,210,202"
9684,10,False,False,0->0,,,,,16,1155,"226,922,284,27,919,673,911,99,761,179"
9685,10,False,False,0->0,,,,,16,1504,"893,171,58,601,673,376,908,162,978,599"
9687,10,False,False,0->0,,,,,16,1769,"639,38,101,648,831,468,476,785,362,365"
9688,10,False,False,0->0,,,,,16,1676,"46,548,335,207,21,721,519,740,497,259"
9690,10,False,False,0->0,,,,,16,1515,"517,780,950,331,761,319,802,695,414,73"
9691,10,False,False,0->0,,,,,16,1735,"505,202,401,96,511,280,145,491,15,843"
9692,10,False,False,0->0,,,,,16,1749,"473,652,885,85,4,821,959,430,972,343"
9693,10,False,False,0->0,,,,,16,1877,"253,40,53,385,251,718,891,84,225,675"
9694,10,False,False,0->0,,,,,16,1791,"632,985,333,363,111,821,518,602,963,940"
9695,10,False,False,0->0,,,,,16,1703,"461,993,60,257,426,535,552,631,277,866"
9697,10,False,False,0->0,,,,,16,2223,"282,268,896,888,934,498,968,681,797,776"
9698,10,False,False,0->0,,,,,16,1681,"90,987,13,370,662,321,686,902,63,121"
9699,10,False,False,0->0,,,,,16,1271,"220,302,55,689,723,705,283,390,950,331"
9700,10,False,False,0->0,,,,,16,1075,"555,175,116,53,127,886,481,72,261,393"
9702,10,False,False,0->0,,,,,16,2411,"716,4,556,77,113,858,52,134,786,776"
9704,10,False,False,0->0,,,,,16,1430,"508,738,145,11,70,681,472,391,547,37"
9705,10,False,False,0->0,,,,,16,1569,"582,785,660,720,491,14,324,248,958,421"
9706,10,False,False,0->0,,,,,16,803,"397,145,107,857,244,709,999,688,813,720"
9707,10,False,False,0->0,,,,,16,1308,"58,641,610,371,708,651,166,23,372,318"
9708,10,False,False,0->0,,,,,16,1251,"736,690,255,689,660,538,878,955,12,360"
9709,10,False,False,0->0,,,,,16,1932,"205,858,132,304,637,210,68,803,521,144"
9710,10,False,False,0->0,,,,,16,2003,"139,25,640,254,402,500,629,822,607,322"
9711,10,False,False,0->0,,,,,16,1081,"220,519,666,401,943,403,667,389,971,155"
9713,10,False,False,0->0,,,,,16,1290,"572,582,31,866,280,708,785,186,418,930"
9715,10,False,False,0->0,,,,,16,1007,"672,631,359,861,994,299,133,830,617,148"
9717,10,False,False,0->0,,,,,16,1501,"175,927,906,908,324,278,139,688,19,253"
9718,10,False,False,0->0,,,,,16,1409,"347,276,140,382,814,517,954,877,783,995"
9719,10,False,False,0->0,,,,,16,1236,"110,950,778,282,488,310,12,465,813,649"
9720,10,False,False,0->0,,,,,16,1350,"988,40,699,496,117,293,806,162,454,422"
9721,10,False,False,0->0,,,,,16,2258,"824,578,212,832,735,382,514,623,364,267"
9722,10,False,False,0->0,,,,,16,2325,"655,392,728,247,615,505,632,91,619,325"
9723,10,False,False,0->0,,,,,16,2002,"547,700,903,396,202,618,772,459,673,704"
9724,10,False,False,0->0,,,,,16,2104,"961,795,453,573,718,784,243,758,659,535"
9725,10,False,False,0->0,,,,,16,2271,"280,363,706,722,5,534,865,495,713,467"
9727,10,False,False,0->0,,,,,16,1987,"158,156,397,626,178,614,774,792,313,371"
9728,10,False,False,0->0,,,,,16,1312,"278,541,212,826,49,956,591,67,298,852"
9729,10,False,False,0->0,,,,,16,2087,"284,424,127,637,814,273,99,945,397,677"
9730,10,False,False,0->0,,,,,12,1179,"38,45,966,44,954,438,317,204,316,389"
9731,10,False,False,0->0,,,,,16,1296,"842,805,43,755,688,166,737,790,727,140"
9732,10,False,False,0->0,,,,,16,1853,"291,179,269,803,765,320,214,696,157,892"
9734,10,False,False,0->0,,,,,16,775,"752,48,481,169,745,656,982,595,506,631"
9735,10,False,False,0->0,,,,,16,1145,"81,522,507,276,593,65,780,650,38,847"
9736,10,False,False,0->0,,,,,16,699,"397,886,54,393,416,526,78,722,378,541"
9737,10,False,False,0->0,,,,,16,1247,"441,692,934,773,38,640,772,780,981,633"
9739,10,False,False,0->0,,,,,16,1308,"469,236,401,600,417,769,224,302,772,133"
9740,10,False,False,0->0,,,,,16,2162,"737,135,468,238,887,208,835,318,146,673"
9743,10,False,False,0->0,,,,,16,1784,"177,376,313,117,621,362,157,622,357,383"
9744,10,False,False,0->0,,,,,16,1929,"567,815,39,642,668,290,398,592,190,953"
9745,10,False,False,0->0,,,,,16,1221,"22,890,346,744,521,202,134,19,778,907"
9747,10,False,False,0->0,,,,,16,2374,"448,609,287,421,372,792,706,434,52,657"
9748,10,False,False,0->0,,,,,16,1486,"728,784,5,167,97,513,284,691,316,929"
9749,10,False,False,0->0,,,,,16,1287,"378,677,587,150,697,693,41,963,570,211"
9750,10,False,False,0->0,,,,,16,1535,"849,834,706,268,806,969,96,609,646,508"
9752,10,False,False,0->0,,,,,16,1594,"284,420,426,82,182,497,674,380,829,76"
9753,10,False,False,0->0,,,,,16,2454,"667,202,669,679,767,822,241,975,856,723"
9757,10,False,False,0->0,,,,,16,1577,"590,862,653,116,605,317,303,977,474,929"
9758,10,False,False,0->0,,,,,16,1379,"346,314,718,124,959,594,189,497,673,700"
9759,10,False,False,0->0,,,,,16,2223,"52,43,931,409,272,578,629,622,513,598"
9760,10,False,False,0->0,,,,,16,1200,"438,105,771,305,374,355,232,266,12,119"
9761,10,False,False,0->0,,,,,16,1585,"24,614,507,90,160,771,371,913,548,622"
9762,10,False,False,0->0,,,,,16,1141,"866,332,394,389,606,526,109,81,813,407"
9764,10,False,False,0->0,,,,,16,1447,"588,811,739,618,695,783,174,233,303,394"
9766,10,False,False,0->0,,,,,16,1543,"975,428,944,769,94,833,851,453,236,329"
9767,10,False,False,0->0,,,,,16,2308,"455,756,382,959,567,544,956,983,136,931"
9768,10,False,False,0->0,,,,,16,2180,"343,552,933,136,546,564,21,537,238,174"
9769,10,False,False,0->0,,,,,16,1141,"224,821,130,344,358,995,707,674,510,993"
9771,10,False,False,0->0,,,,,16,1483,"282,783,330,200,16,814,166,755,611,331"
9773,10,False,False,0->0,,,,,16,1474,"458,498,233,447,385,712,598,143,744,940"
9775,10,False,False,0->0,,,,,16,1377,"297,585,782,13,34,728,200,600,414,340"
9777,10,False,False,0->0,,,,,16,2358,"893,388,476,957,426,163,79,571,95,837"
9778,10,False,False,0->0,,,,,16,1451,"971,938,49,528,244,418,669,765,241,357"
9779,10,False,False,0->0,,,,,16,1364,"652,993,564,436,945,250,456,517,408,632"
9780,10,False,False,0->0,,,,,16,881,"633,54,677,452,271,244,555,262,103,2"
9781,10,False,False,0->0,,,,,16,1761,"546,350,748,260,610,472,752,473,145,278"
9782,10,False,False,0->0,,,,,16,1142,"323,855,374,635,609,934,73,276,625,873"
9784,10,False,False,0->0,,,,,16,1964,"962,321,643,413,63,41,236,174,208,228"
9785,10,False,False,0->0,,,,,16,1186,"402,968,687,496,706,486,23,690,867,550"
9786,10,False,False,0->0,,,,,16,1794,"545,144,194,104,676,2,510,189,708,917"
9787,10,False,False,0->0,,,,,16,2350,"52,723,411,216,849,158,9,268,653,293"
9788,10,False,False,0->0,,,,,16,1255,"438,675,472,271,961,914,254,660,313,602"
9789,10,False,False,0->0,,,,,16,1642,"736,141,92,646,67,136,320,713,686,989"
9790,10,False,False,0->0,,,,,16,1236,"636,729,850,442,593,957,700,318,490,666"
9791,10,False,False,0->0,,,,,16,1061,"539,232,122,526,180,663,221,597,103,58"
9794,10,False,False,0->0,,,,,16,1372,"995,182,187,441,194,956,430,865,796,892"
9795,10,False,False,0->0,,,,,16,2117,"288,4,823,197,285,602,831,651,463,380"
9796,10,False,False,0->0,,,,,16,1906,"101,983,610,474,199,396,167,137,917,764"
9797,10,False,False,0->0,,,,,16,2473,"36,83,858,390,988,975,550,756,359,668"
9802,10,False,False,0->0,,,,,16,2238,"177,524,37,795,584,827,896,968,879,408"
9804,10,False,False,0->0,,,,,16,1460,"171,212,974,810,310,625,390,125,481,582"
9805,10,False,False,0->0,,,,,16,1325,"171,803,94,898,315,221,79,87,205,239"
9806,10,False,False,0->0,,,,,16,1665,"34,637,188,953,813,90,762,404,304,447"
9808,10,False,False,0->0,,,,,16,1341,"251,314,693,527,555,103,302,143,842,660"
9809,10,False,False,0->0,,,,,16,1487,"741,828,739,113,161,868,966,243,67,992"
9810,10,False,False,0->0,,,,,16,1968,"56,505,711,776,460,436,573,120,204,565"
9812,10,False,False,0->0,,,,,16,2352,"337,829,396,625,880,185,998,159,29,887"
9813,10,False,False,0->0,,,,,16,1437,"541,197,330,271,18,737,686,849,731,624"
9814,10,False,False,0->0,,,,,16,1303,"632,29,600,476,222,748,921,248,7,459"
9815,10,False,False,0->0,,,,,16,2079,"627,849,834,973,700,515,51,543,979,409"
9818,10,False,False,0->0,,,,,16,1650,"94,36,590,959,586,632,745,794,190,77"
9819,10,False,False,0->0,,,,,16,1846,"269,163,635,104,108,723,199,225,443,821"
9821,10,False,False,0->0,,,,,16,2268,"388,384,699,44,17,774,188,955,700,501"
9822,10,False,False,0->0,,,,,16,865,"708,199,203,910,218,307,537,695,362,24"
9823,10,False,False,0->0,,,,,16,2017,"774,777,568,451,858,251,728,729,290,513"
9824,10,False,False,0->0,,,,,16,1773,"560,230,127,749,95,771,730,892,225,541"
9825,10,False,False,0->0,,,,,16,1287,"760,54,961,741,164,710,537,984,293,935"
9826,10,False,False,0->0,,,,,16,1665,"981,127,704,302,663,656,279,34,259,222"
9830,10,False,False,0->0,,,,,16,1811,"537,545,358,547,635,312,21,379,772,672"
9831,10,False,False,0->0,,,,,16,836,"570,774,519,261,697,159,867,679,979,212"
9832,10,False,False,0->0,,,,,16,1790,"271,675,733,116,50,225,987,757,39,510"
9833,10,False,False,0->0,,,,,16,1729,"337,530,715,892,961,181,976,798,767,375"
9835,10,False,False,0->0,,,,,16,1133,"790,786,917,138,382,890,392,442,94,924"
9837,10,False,False,0->0,,,,,16,2024,"15,870,759,937,289,94,831,531,264,290"
9838,10,False,False,0->0,,,,,16,1302,"859,451,649,599,73,814,276,239,824,526"
9839,10,False,False,0->0,,,,,16,1775,"754,724,36,439,246,902,424,662,204,74"
9840,10,False,False,0->0,,,,,16,2115,"477,270,251,642,387,829,724,897,717,735"
9841,10,False,False,0->0,,,,,16,963,"209,460,606,940,94,862,736,582,945,852"
9842,10,False,False,0->0,,,,,16,2351,"174,832,6,230,824,29,535,232,754,710"
9843,10,False,False,0->0,,,,,16,2134,"3,315,599,343,838,217,312,486,703,128"
9844,10,False,False,0->0,,,,,16,1513,"539,548,940,211,924,981,503,754,200,615"
9845,10,False,False,0->0,,,,,16,1603,"458,459,691,735,589,886,650,942,890,226"
9854,10,False,False,0->0,,,,,16,802,"447,530,606,398,99,356,5,890,100,299"
9855,10,False,False,0->0,,,,,16,2289,"261,198,738,410,137,853,365,363,900,744"
9856,10,False,False,0->0,,,,,16,1389,"56,663,726,914,834,519,155,110,268,57"
9857,10,False,False,0->0,,,,,16,1500,"991,112,612,789,560,960,429,702,221,374"
9858,10,False,False,0->0,,,,,16,1393,"589,581,855,612,365,648,225,490,729,853"
9859,10,False,False,0->0,,,,,16,1558,"833,323,276,111,609,760,486,896,207,722"
9861,10,False,False,0->0,,,,,16,1707,"859,110,495,995,537,436,53,49,252,3"
9862,10,False,False,0->0,,,,,16,1762,"606,158,326,85,788,174,439,913,689,255"
9864,10,False,False,0->0,,,,,16,1661,"947,56,451,868,92,931,942,204,188,922"
9865,10,False,False,0->0,,,,,16,1788,"343,884,230,613,674,356,276,867,380,416"
9866,10,False,False,0->0,,,,,16,2155,"3,468,738,880,548,93,990,568,168,749"
9867,10,False,False,0->0,,,,,16,1835,"378,578,442,597,715,130,181,105,777,233"
9868,10,False,False,0->0,,,,,16,897,"597,707,121,998,494,712,975,642,277,742"
9869,10,False,False,0->0,,,,,16,1795,"194,755,379,906,696,273,950,944,452,309"
9870,10,False,False,0->0,,,,,16,1432,"273,1000,124,378,67,616,408,460,407,504"
9872,10,False,False,0->0,,,,,16,2550,"203,200,363,453,633,146,581,657,736,488"
9873,10,False,False,0->0,,,,,16,1461,"171,106,205,657,517,250,832,736,633,190"
9875,10,False,False,0->0,,,,,16,1661,"795,206,423,485,322,794,309,994,205,734"
9876,10,False,False,0->0,,,,,16,1042,"506,87,235,954,720,476,570,447,566,860"
9877,10,False,False,0->0,,,,,16,1013,"112,124,914,524,103,523,362,511,591,715"
9878,10,False,False,0->0,,,,,16,1574,"86,483,283,789,140,239,678,90,263,526"
9880,10,False,False,0->0,,,,,16,1123,"338,273,595,411,440,95,982,589,722,182"
9881,10,False,False,0->0,,,,,16,1763,"600,388,607,201,356,47,584,276,832,588"
9882,10,False,False,0->0,,,,,16,1048,"870,713,380,581,532,729,860,730,741,957"
9883,10,False,False,0->0,,,,,16,1236,"531,787,33,42,321,859,667,168,120,834"
9884,10,False,False,0->0,,,,,16,863,"284,813,878,236,873,906,742,762,139,186"
9885,10,False,False,0->0,,,,,16,2034,"715,313,903,93,831,206,171,552,147,270"
9886,10,False,False,0->0,,,,,16,1554,"198,125,575,612,266,649,564,843,109,587"
9887,10,False,False,0->0,,,,,16,2122,"147,515,27,183,355,619,166,343,902,681"
9888,10,False,False,0->0,,,,,16,1544,"749,330,155,74,856,437,93,424,7,460"
9890,10,False,False,0->0,,,,,16,1590,"112,735,183,452,895,944,418,836,666,130"
9891,10,False,False,0->0,,,,,16,1929,"332,597,637,203,448,55,163,458,963,346"
9893,10,False,False,0->0,,,,,16,1229,"837,513,949,499,401,795,344,867,383,560"
9894,10,False,False,0->0,,,,,16,1176,"331,41,511,954,773,767,556,501,885,752"
9895,10,False,False,0->0,,,,,16,1795,"530,942,454,616,680,243,659,547,187,875"
9896,10,False,False,0->0,,,,,16,2144,"155,239,709,109,146,822,545,703,13,132"
9898,10,False,False,0->0,,,,,16,2214,"986,773,871,927,774,485,584,372,126,591"
9899,10,False,False,0->0,,,,,16,1772,"919,102,655,699,189,162,485,949,689,144"
9900,10,False,False,0->0,,,,,16,1113,"554,15,732,409,842,276,330,528,171,261"
9903,10,False,False,0->0,,,,,16,994,"303,267,538,70,995,226,993,790,297,627"
9904,10,False,False,0->0,,,,,16,1018,"154,606,404,190,943,298,948,866,293,382"
9905,10,False,False,0->0,,,,,16,1915,"937,163,105,753,748,177,212,699,768,631"
9909,10,False,False,0->0,,,,,16,2155,"307,327,977,154,313,988,785,243,250,162"
9911,10,False,False,0->0,,,,,16,2428,"29,958,706,272,84,318,375,261,884,233"
9912,10,False,False,0->0,,,,,16,2538,"394,578,876,229,477,854,606,547,964,572"
9913,10,False,False,0->0,,,,,16,2894,"202,273,651,950,605,512,974,493,271,132"
9915,10,False,False,0->0,,,,,16,2101,"754,469,558,980,154,497,54,447,657,9"
9917,10,False,False,0->0,,,,,16,2289,"55,382,16,482,164,948,721,814,145,141"
9918,10,False,False,0->0,,,,,16,2093,"178,772,888,456,884,241,728,1000,171,863"
9919,10,False,False,0->0,,,,,16,2100,"356,974,855,823,721,476,134,772,471,136"
9920,10,False,False,0->0,,,,,16,1095,"265,818,141,243,391,346,59,837,642,772"
9921,10,False,False,0->0,,,,,16,1850,"76,117,61,381,857,126,57,327,326,244"
9923,10,False,False,0->0,,,,,16,1473,"415,446,77,305,998,261,97,669,605,909"
9925,10,False,False,0->0,,,,,16,1160,"688,503,407,441,726,308,892,391,638,90"
9926,10,False,False,0->0,,,,,16,1399,"157,497,778,951,411,633,143,253,65,384"
9928,10,False,False,0->0,,,,,16,1084,"18,761,662,184,552,433,969,128,623,772"
9929,10,False,False,0->0,,,,,16,1243,"335,690,145,789,116,742,340,424,694,468"
9931,10,False,False,0->0,,,,,16,804,"276,593,18,583,65,277,585,459,411,533"
9932,10,False,False,0->0,,,,,16,1211,"843,574,223,689,344,481,314,729,387,829"
9933,10,False,False,0->0,,,,,16,2246,"375,64,984,639,107,248,202,1,595,19"
9934,10,False,False,0->0,,,,,16,2393,"727,534,50,194,627,618,57,326,616,995"
9935,10,False,False,0->0,,,,,16,1628,"680,784,454,395,854,496,801,426,244,711"
9937,10,False,False,0->0,,,,,16,1590,"627,498,100,169,483,413,208,173,180,834"
9938,10,False,False,0->0,,,,,16,1535,"257,944,194,672,13,65,223,64,284,595"
9940,10,False,False,0->0,,,,,16,1368,"326,614,612,906,685,2,126,318,861,633"
9941,10,False,False,0->0,,,,,16,1392,"18,753,792,787,200,51,116,42,444,175"
9942,10,False,False,0->0,,,,,16,680,"100,318,977,76,298,389,442,790,155,674"
9943,10,False,False,0->0,,,,,16,1334,"325,618,797,761,582,429,108,90,308,498"
9945,10,False,False,0->0,,,,,16,1174,"390,4,693,622,31,117,158,192,451,327"
9949,10,False,False,0->0,,,,,16,2428,"520,634,182,194,624,892,513,778,482,690"
9950,10,False,False,0->0,,,,,16,2185,"787,19,897,495,549,326,346,59,973,134"
9953,10,False,False,0->0,,,,,16,861,"830,616,865,811,352,60,233,408,315,588"
9954,10,False,False,0->0,,,,,16,1497,"725,289,317,338,52,966,385,552,507,308"
9955,10,False,False,0->0,,,,,16,2773,"669,8,288,739,307,358,264,764,919,169"
9956,10,False,False,0->0,,,,,16,2151,"822,789,750,407,565,249,145,988,257,850"
9957,10,False,False,0->0,,,,,16,1878,"921,443,78,111,395,515,34,92,157,404"
9958,10,False,False,0->0,,,,,16,1280,"12,759,607,169,999,892,13,267,913,371"
9959,10,False,False,0->0,,,,,16,2426,"264,587,563,659,40,416,840,697,236,779"
9960,10,False,False,0->0,,,,,16,1970,"318,694,913,602,79,145,706,327,468,772"
9961,10,False,False,0->0,,,,,16,1776,"400,672,95,249,564,566,527,499,976,291"
9962,10,False,False,0->0,,,,,16,2280,"305,379,140,988,173,314,467,838,611,425"
9964,10,False,False,0->0,,,,,16,1404,"428,899,456,960,989,930,224,111,838,108"
9965,10,False,False,0->0,,,,,16,2184,"532,524,51,542,964,380,293,27,61,653"
9966,10,False,False,0->0,,,,,16,2015,"266,512,907,638,613,909,84,347,752,140"
9967,10,False,False,0->0,,,,,16,1102,"695,190,137,320,122,543,721,870,408,719"
9968,10,False,False,0->0,,,,,16,990,"148,588,49,605,2,873,731,244,850,374"
9971,10,False,False,0->0,,,,,16,925,"763,729,572,14,784,217,551,654,426,413"
9973,10,False,False,0->0,,,,,16,1939,"148,222,179,21,899,141,312,263,188,140"
9974,10,False,False,0->0,,,,,16,1466,"276,802,142,906,777,144,173,271,58,610"
9977,10,False,False,0->0,,,,,16,949,"909,991,934,774,753,765,667,201,750,982"
9979,10,False,False,0->0,,,,,16,1666,"589,368,542,603,291,546,235,872,386,472"
9980,10,False,False,0->0,,,,,16,2868,"545,32,210,381,659,498,174,91,745,595"
9981,10,False,False,0->0,,,,,16,1355,"966,931,24,95,926,44,324,183,680,59"
9982,10,False,False,0->0,,,,,16,1685,"380,11,779,298,352,635,897,588,132,874"
9984,10,False,False,0->0,,,,,16,795,"568,128,775,412,668,850,587,44,132,496"
9985,10,False,False,0->0,,,,,16,1850,"338,837,845,246,47,572,891,643,570,625"
9986,10,False,False,0->0,,,,,16,1878,"58,829,844,983,772,754,368,479,61,758"
9988,10,False,False,0->0,,,,,16,1237,"533,17,543,383,319,503,138,977,167,42"
9989,10,False,False,0->0,,,,,16,2041,"975,446,818,87,512,14,44,412,835,871"
9990,10,False,False,0->0,,,,,16,863,"265,37,518,564,486,376,481,142,961,401"
9991,10,False,False,0->0,,,,,16,1501,"625,343,217,623,584,865,888,646,977,586"
9993,10,False,False,0->0,,,,,16,3085,"147,722,880,568,395,618,380,776,775,896"
9994,10,False,False,0->0,,,,,16,2220,"847,163,101,632,419,422,968,888,772,886"
9995,10,False,False,0->0,,,,,16,1824,"890,568,183,441,60,472,669,485,930,106"
9996,10,False,False,0->0,,,,,16,979,"285,266,32,62,70,691,507,185,455,76"
9997,10,False,False,0->0,,,,,16,2082,"41,933,487,94,395,612,733,141,162,667"
9999,10,False,False,0->0,,,,,16,1592,"389,900,563,855,74,694,630,556,267,527"
10000,10,False,False,0->0,,,,,16,1607,"771,488,4,94,465,716,76,491,451,291"
