event,mu,hard_found,pu_found,transition,hard_ds,pu_ds,hard_dw,pu_dw,hard_hits,combined_hits,pu_events
2,5,False,False,0->0,,,,,16,1017,"699,220,197,782,314"
3,5,False,False,0->0,,,,,16,864,"329,603,572,393,833"
4,5,False,False,0->0,,,,,16,642,"941,615,243,707,914"
5,5,False,False,0->0,,,,,16,917,"260,69,93,883,443"
7,5,False,False,0->0,,,,,16,480,"769,211,716,731,110"
8,5,False,False,0->0,,,,,16,639,"261,337,476,481,468"
10,5,False,False,0->0,,,,,16,1248,"23,125,117,88,79"
13,5,False,False,0->0,,,,,16,528,"603,327,931,725,641"
14,5,False,False,0->0,,,,,16,1179,"557,940,544,549,245"
15,5,False,False,0->0,,,,,16,1238,"667,453,571,327,896"
17,5,False,False,0->0,,,,,16,884,"835,631,252,283,337"
18,5,False,False,0->0,,,,,16,655,"346,614,629,64,276"
19,5,False,False,0->0,,,,,16,554,"951,301,650,442,392"
20,5,False,False,0->0,,,,,16,486,"541,249,481,409,476"
21,5,False,False,0->0,,,,,16,1208,"668,488,572,832,253"
22,5,False,False,0->0,,,,,16,735,"833,175,611,472,239"
24,5,False,False,0->0,,,,,16,608,"805,287,374,614,745"
26,5,False,False,0->0,,,,,16,1184,"621,343,243,83,430"
27,5,False,False,0->0,,,,,16,312,"961,169,95,581,243"
28,5,False,False,0->0,,,,,16,934,"621,867,429,693,262"
29,5,False,False,0->0,,,,,16,1024,"249,9,284,202,817"
31,5,False,False,0->0,,,,,16,358,"586,382,442,270,477"
32,5,False,False,0->0,,,,,16,1263,"160,381,164,414,410"
33,5,False,False,0->0,,,,,16,695,"372,937,196,555,426"
34,5,False,False,0->0,,,,,16,325,"124,356,999,276,159"
36,5,False,False,0->0,,,,,16,896,"870,875,948,114,26"
37,5,False,False,0->0,,,,,16,627,"892,743,752,283,667"
38,5,False,False,0->0,,,,,16,925,"856,667,521,381,346"
39,5,False,False,0->0,,,,,16,2338,"329,477,871,84,3"
40,5,False,False,0->0,,,,,16,725,"963,944,709,255,775"
41,5,False,False,0->0,,,,,16,1291,"347,381,3,24,763"
43,5,False,False,0->0,,,,,16,1081,"45,985,859,964,284"
44,5,False,False,0->0,,,,,16,2005,"590,343,79,876,53"
45,5,False,False,0->0,,,,,16,859,"991,90,772,966,795"
46,5,False,False,0->0,,,,,16,1141,"164,538,590,570,120"
48,5,False,False,0->0,,,,,16,568,"251,417,161,945,708"
49,5,False,False,0->0,,,,,16,500,"731,112,280,721,500"
50,5,False,False,0->0,,,,,16,858,"874,658,870,616,712"
52,5,False,False,0->0,,,,,16,717,"507,272,588,828,754"
55,5,False,False,0->0,,,,,16,1086,"750,884,64,313,720"
56,5,False,False,0->0,,,,,16,656,"172,97,142,402,745"
57,5,False,False,0->0,,,,,16,755,"1000,497,651,338,4"
59,5,False,False,0->0,,,,,16,769,"757,697,611,374,309"
60,5,False,False,0->0,,,,,16,1160,"479,440,124,876,208"
62,5,False,False,0->0,,,,,16,1313,"759,798,38,84,416"
63,5,False,False,0->0,,,,,16,1882,"957,197,982,210,871"
64,5,False,False,0->0,,,,,16,866,"337,655,31,942,640"
65,5,False,False,0->0,,,,,16,1356,"437,36,892,621,166"
66,5,False,False,0->0,,,,,16,560,"702,738,565,212,836"
69,5,False,False,0->0,,,,,16,1007,"401,962,607,104,870"
70,5,False,False,0->0,,,,,16,1050,"829,99,802,968,990"
71,5,False,False,0->0,,,,,16,1457,"313,537,376,852,485"
72,5,False,False,0->0,,,,,16,631,"344,903,267,447,603"
74,5,False,False,0->0,,,,,16,792,"834,968,723,653,13"
75,5,False,False,0->0,,,,,16,603,"818,949,677,877,355"
77,5,False,False,0->0,,,,,16,817,"753,330,855,381,689"
78,5,False,False,0->0,,,,,16,762,"816,81,146,372,11"
79,5,False,False,0->0,,,,,16,1342,"760,68,405,774,626"
81,5,False,False,0->0,,,,,16,392,"765,94,44,594,514"
82,5,False,False,0->0,,,,,16,1796,"39,835,459,370,871"
83,5,False,False,0->0,,,,,16,549,"457,741,750,98,983"
85,5,False,False,0->0,,,,,16,471,"120,270,528,685,146"
87,5,False,False,0->0,,,,,16,403,"34,429,68,32,489"
89,5,False,False,0->0,,,,,16,564,"933,976,557,759,952"
90,5,False,False,0->0,,,,,16,1351,"63,19,57,933,165"
91,5,False,False,0->0,,,,,16,484,"330,687,107,481,944"
92,5,False,False,0->0,,,,,16,733,"13,133,667,185,605"
94,5,False,False,0->0,,,,,16,1042,"785,204,161,792,859"
95,5,False,False,0->0,,,,,16,580,"203,942,977,403,410"
96,5,False,False,0->0,,,,,16,944,"424,643,641,6,715"
97,5,False,False,0->0,,,,,16,865,"828,591,897,202,519"
98,5,False,False,0->0,,,,,16,935,"34,355,494,626,549"
99,5,False,False,0->0,,,,,16,717,"110,518,236,508,242"
100,5,False,False,0->0,,,,,16,658,"978,414,788,700,549"
101,5,False,False,0->0,,,,,16,1114,"590,302,352,269,205"
103,5,False,False,0->0,,,,,16,446,"187,745,570,121,433"
105,5,False,False,0->0,,,,,16,890,"712,598,713,508,761"
108,5,False,False,0->0,,,,,16,621,"975,662,82,50,68"
109,5,False,False,0->0,,,,,16,693,"17,891,359,169,476"
110,5,False,False,0->0,,,,,16,909,"728,773,986,496,117"
111,5,False,False,0->0,,,,,16,681,"168,164,456,99,899"
112,5,False,False,0->0,,,,,16,1536,"483,471,62,723,350"
114,5,False,False,0->0,,,,,16,913,"302,172,875,684,235"
115,5,False,False,0->0,,,,,16,592,"976,385,600,656,187"
116,5,False,False,0->0,,,,,16,695,"185,560,615,107,1"
117,5,False,False,0->0,,,,,16,564,"63,947,146,402,200"
118,5,False,False,0->0,,,,,16,1336,"93,694,976,871,537"
119,5,False,False,0->0,,,,,16,831,"136,159,750,905,346"
120,5,False,False,0->0,,,,,16,1209,"740,567,566,39,459"
121,5,False,False,0->0,,,,,16,593,"207,570,463,565,551"
123,5,False,False,0->0,,,,,16,1330,"396,159,735,567,514"
125,5,False,False,0->0,,,,,16,723,"418,661,697,933,761"
126,5,False,False,0->0,,,,,16,406,"456,690,672,158,299"
127,5,False,False,0->0,,,,,16,1226,"806,104,379,246,163"
128,5,False,False,0->0,,,,,16,729,"715,667,394,426,203"
129,5,False,False,0->0,,,,,16,616,"247,948,847,303,125"
130,5,False,False,0->0,,,,,16,2142,"350,428,848,140,703"
131,5,False,False,0->0,,,,,16,769,"310,68,405,458,382"
132,5,False,False,0->0,,,,,16,1203,"309,126,359,875,900"
133,5,False,False,0->0,,,,,16,399,"727,327,588,658,707"
135,5,False,False,0->0,,,,,16,956,"17,50,710,385,769"
136,5,False,False,0->0,,,,,16,197,"975,77,770,138,810"
138,5,False,False,0->0,,,,,16,1161,"26,958,567,942,787"
139,5,False,False,0->0,,,,,16,677,"919,494,8,437,613"
141,5,False,False,0->0,,,,,16,377,"271,203,575,754,483"
142,5,False,False,0->0,,,,,16,618,"232,72,752,92,498"
144,5,False,False,0->0,,,,,16,631,"535,161,500,402,20"
145,5,False,False,0->0,,,,,16,827,"453,65,592,584,991"
146,5,False,False,0->0,,,,,16,650,"342,272,637,465,969"
148,5,False,False,0->0,,,,,16,1088,"36,59,666,86,493"
149,5,False,False,0->0,,,,,16,1194,"800,533,276,740,995"
151,5,False,False,0->0,,,,,16,315,"586,905,978,695,709"
152,5,False,False,0->0,,,,,16,851,"573,945,270,826,705"
153,5,False,False,0->0,,,,,16,620,"5,332,571,24,603"
154,5,False,False,0->0,,,,,16,1160,"163,453,384,714,146"
155,5,False,False,0->0,,,,,16,890,"924,552,473,453,691"
156,5,False,False,0->0,,,,,16,785,"634,241,573,413,761"
157,5,False,False,0->0,,,,,16,1132,"395,999,192,712,284"
159,5,False,False,0->0,,,,,16,713,"594,444,127,77,736"
160,5,False,False,0->0,,,,,16,744,"371,413,225,640,448"
161,5,False,False,0->0,,,,,16,1015,"285,409,434,548,891"
163,5,False,False,0->0,,,,,16,229,"811,849,398,744,373"
164,5,False,False,0->0,,,,,16,545,"686,635,417,398,394"
165,5,False,False,0->0,,,,,16,861,"784,720,855,140,6"
166,5,False,False,0->0,,,,,16,733,"289,982,456,539,573"
167,5,False,False,0->0,,,,,16,1074,"19,414,567,751,442"
169,5,False,False,0->0,,,,,16,246,"352,805,806,565,737"
172,5,False,False,0->0,,,,,16,333,"61,737,161,862,85"
173,5,False,False,0->0,,,,,16,354,"570,984,950,48,635"
174,5,False,False,0->0,,,,,16,987,"60,100,878,146,419"
177,5,False,False,0->0,,,,,16,756,"416,396,312,233,555"
179,5,False,False,0->0,,,,,16,1476,"646,202,84,262,226"
180,5,False,False,0->0,,,,,16,907,"868,104,62,790,858"
181,5,False,False,0->0,,,,,16,839,"736,830,460,880,937"
183,5,False,False,0->0,,,,,16,501,"378,762,13,159,304"
185,5,False,False,0->0,,,,,16,881,"515,238,117,902,567"
188,5,False,False,0->0,,,,,16,929,"291,968,110,280,329"
189,5,False,False,0->0,,,,,16,1226,"750,976,706,2,146"
190,5,False,False,0->0,,,,,16,751,"425,402,938,703,890"
192,5,False,False,0->0,,,,,16,1004,"333,624,989,235,136"
193,5,False,False,0->0,,,,,16,724,"410,633,589,209,113"
194,5,False,False,0->0,,,,,16,1277,"467,828,2,246,822"
197,5,False,False,0->0,,,,,16,807,"159,498,588,148,197"
198,5,False,False,0->0,,,,,16,667,"308,687,523,80,651"
199,5,False,False,0->0,,,,,16,2067,"230,277,750,140,194"
200,5,False,False,0->0,,,,,16,816,"609,897,887,438,751"
202,5,False,False,0->0,,,,,16,976,"723,104,214,619,472"
203,5,False,False,0->0,,,,,16,438,"372,434,551,303,695"
204,5,False,False,0->0,,,,,16,1151,"618,38,661,771,834"
207,5,False,False,0->0,,,,,16,722,"452,479,96,577,872"
208,5,False,False,0->0,,,,,16,896,"363,711,459,32,947"
209,5,False,False,0->0,,,,,16,935,"512,257,914,77,74"
211,5,False,False,0->0,,,,,16,729,"546,992,253,761,319"
212,5,False,False,0->0,,,,,16,828,"441,157,223,622,447"
214,5,False,False,0->0,,,,,16,950,"135,971,479,791,797"
215,5,False,False,0->0,,,,,16,518,"934,342,79,630,959"
216,5,False,False,0->0,,,,,16,1050,"327,655,646,455,253"
221,5,False,False,0->0,,,,,16,819,"531,964,580,877,124"
222,5,False,False,0->0,,,,,16,607,"164,224,765,898,935"
224,5,False,False,0->0,,,,,16,730,"928,80,209,233,207"
225,5,False,False,0->0,,,,,16,2584,"735,471,624,216,703"
226,5,False,False,0->0,,,,,16,579,"142,736,248,228,631"
227,5,False,False,0->0,,,,,16,347,"387,455,56,438,801"
228,5,False,False,0->0,,,,,16,1126,"989,253,578,63,67"
229,5,False,False,0->0,,,,,16,585,"108,824,139,183,329"
230,5,False,False,0->0,,,,,16,506,"813,580,60,892,592"
231,5,False,False,0->0,,,,,16,1032,"165,587,915,510,976"
233,5,False,False,0->0,,,,,16,568,"609,156,691,188,736"
234,5,False,False,0->0,,,,,16,967,"459,542,448,554,467"
237,5,False,False,0->0,,,,,16,449,"17,242,583,934,86"
238,5,False,False,0->0,,,,,16,1416,"488,700,557,703,956"
239,5,False,False,0->0,,,,,16,828,"499,380,176,737,598"
240,5,False,False,0->0,,,,,16,1064,"252,806,163,138,465"
241,5,False,False,0->0,,,,,16,1554,"147,657,601,324,383"
242,5,False,False,0->0,,,,,16,1321,"169,719,447,816,313"
244,5,False,False,0->0,,,,,16,1274,"375,400,905,673,51"
245,5,False,False,0->0,,,,,16,615,"285,761,429,779,49"
247,5,False,False,0->0,,,,,16,967,"495,488,672,539,333"
249,5,False,False,0->0,,,,,16,388,"87,640,250,870,888"
251,5,False,False,0->0,,,,,16,286,"557,63,734,981,267"
252,5,False,False,0->0,,,,,16,1429,"481,532,209,764,849"
253,5,False,False,0->0,,,,,16,1095,"834,840,648,330,572"
254,5,False,False,0->0,,,,,16,764,"147,886,641,985,948"
255,5,False,False,0->0,,,,,16,635,"355,844,52,190,689"
256,5,False,False,0->0,,,,,16,799,"347,919,289,24,903"
257,5,False,False,0->0,,,,,16,1753,"383,370,599,971,350"
258,5,False,False,0->0,,,,,16,1058,"742,528,242,358,395"
260,5,False,False,0->0,,,,,16,641,"903,617,829,177,401"
261,5,False,False,0->0,,,,,16,776,"204,726,61,68,146"
264,5,False,False,0->0,,,,,16,1014,"3,786,878,198,744"
265,5,False,False,0->0,,,,,16,1017,"684,533,887,661,342"
266,5,False,False,0->0,,,,,16,1176,"777,740,922,974,970"
274,5,False,False,0->0,,,,,16,912,"48,223,278,476,822"
275,5,False,False,0->0,,,,,16,461,"533,383,378,811,531"
277,5,False,False,0->0,,,,,16,340,"199,691,439,454,307"
278,5,False,False,0->0,,,,,16,929,"487,465,558,845,401"
279,5,False,False,0->0,,,,,16,1184,"879,592,55,730,293"
284,5,False,False,0->0,,,,,16,510,"838,614,433,956,479"
287,5,False,False,0->0,,,,,16,674,"254,546,200,911,715"
288,5,False,False,0->0,,,,,16,1723,"114,776,648,189,508"
290,5,False,False,0->0,,,,,16,996,"270,909,992,840,109"
292,5,False,False,0->0,,,,,16,719,"11,446,610,971,935"
293,5,False,False,0->0,,,,,16,713,"325,963,167,545,312"
294,5,False,False,0->0,,,,,16,737,"438,519,324,383,811"
297,5,False,False,0->0,,,,,16,739,"447,146,128,702,199"
299,5,False,False,0->0,,,,,16,1598,"384,482,44,366,54"
301,5,False,False,0->0,,,,,16,965,"856,481,253,202,588"
302,5,False,False,0->0,,,,,16,540,"603,999,132,966,58"
303,5,False,False,0->0,,,,,16,439,"715,212,989,660,143"
304,5,False,False,0->0,,,,,16,538,"190,383,555,649,815"
305,5,False,False,0->0,,,,,16,820,"853,393,789,713,160"
306,5,False,False,0->0,,,,,16,331,"803,672,899,378,806"
307,5,False,False,0->0,,,,,16,550,"362,966,474,360,74"
308,5,False,False,0->0,,,,,16,612,"246,885,586,621,266"
310,5,False,False,0->0,,,,,16,451,"662,223,803,416,521"
311,5,False,False,0->0,,,,,16,723,"906,865,560,316,160"
312,5,False,False,0->0,,,,,16,584,"721,989,668,537,236"
313,5,False,False,0->0,,,,,16,880,"585,251,467,950,693"
314,5,False,False,0->0,,,,,16,473,"746,59,762,854,299"
315,5,False,False,0->0,,,,,16,1185,"758,822,867,500,994"
319,5,False,False,0->0,,,,,16,700,"760,833,356,745,107"
320,5,False,False,0->0,,,,,16,762,"715,558,294,135,147"
321,5,False,False,0->0,,,,,16,803,"433,686,870,183,370"
322,5,False,False,0->0,,,,,16,614,"244,586,196,171,293"
323,5,False,False,0->0,,,,,16,712,"591,232,152,329,494"
324,5,False,False,0->0,,,,,16,350,"27,778,31,14,982"
325,5,False,False,0->0,,,,,16,709,"359,481,490,872,16"
327,5,False,False,0->0,,,,,16,909,"363,283,758,857,593"
328,5,False,False,0->0,,,,,16,1359,"454,36,196,178,350"
329,5,False,False,0->0,,,,,16,911,"168,491,117,183,651"
330,5,False,False,0->0,,,,,16,482,"159,225,108,267,278"
331,5,False,False,0->0,,,,,16,1072,"717,224,832,767,513"
332,5,False,False,0->0,,,,,16,1674,"282,606,291,388,748"
333,5,False,False,0->0,,,,,16,1826,"776,42,265,230,861"
334,5,False,False,0->0,,,,,16,687,"980,574,909,870,11"
335,5,False,False,0->0,,,,,16,509,"913,814,640,517,63"
337,5,False,False,0->0,,,,,16,833,"492,452,816,499,605"
338,5,False,False,0->0,,,,,16,384,"14,915,884,239,404"
339,5,False,False,0->0,,,,,16,984,"216,34,352,646,439"
340,5,False,False,0->0,,,,,16,959,"8,270,526,174,979"
341,5,False,False,0->0,,,,,16,1077,"344,972,375,119,553"
344,5,False,False,0->0,,,,,16,1002,"897,253,418,847,424"
345,5,False,False,0->0,,,,,16,1063,"578,622,501,204,4"
346,5,False,False,0->0,,,,,16,296,"330,139,32,574,602"
347,5,False,False,0->0,,,,,16,746,"392,241,124,15,270"
348,5,False,False,0->0,,,,,16,568,"898,789,610,87,686"
349,5,False,False,0->0,,,,,16,944,"966,856,204,223,370"
350,5,False,False,0->0,,,,,16,441,"293,32,371,856,639"
351,5,False,False,0->0,,,,,16,2315,"876,264,750,857,230"
352,5,False,False,0->0,,,,,16,995,"947,387,632,112,52"
353,5,False,False,0->0,,,,,16,415,"503,176,338,977,59"
354,5,False,False,0->0,,,,,16,1222,"55,837,29,104,105"
355,5,False,False,0->0,,,,,16,936,"485,611,25,531,784"
356,5,False,False,0->0,,,,,16,1306,"964,589,955,651,193"
357,5,False,False,0->0,,,,,16,623,"520,585,856,196,614"
360,5,False,False,0->0,,,,,16,933,"975,520,410,976,829"
362,5,False,False,0->0,,,,,16,391,"763,732,523,166,813"
363,5,False,False,0->0,,,,,16,548,"50,393,297,327,263"
364,5,False,False,0->0,,,,,16,830,"730,976,112,33,267"
367,5,False,False,0->0,,,,,16,596,"448,553,95,401,323"
368,5,False,False,0->0,,,,,16,567,"940,954,127,878,283"
370,5,False,False,0->0,,,,,16,955,"173,324,465,440,885"
371,5,False,False,0->0,,,,,16,425,"752,555,507,72,662"
372,5,False,False,0->0,,,,,16,463,"138,836,355,225,212"
374,5,False,False,0->0,,,,,16,825,"47,189,577,592,446"
375,5,False,False,0->0,,,,,16,507,"122,943,433,875,68"
376,5,False,False,0->0,,,,,16,1347,"319,147,419,386,56"
377,5,False,False,0->0,,,,,16,738,"182,473,990,927,273"
378,5,False,False,0->0,,,,,16,1671,"973,594,798,257,845"
379,5,False,False,0->0,,,,,16,798,"96,134,263,3,472"
380,5,False,False,0->0,,,,,16,502,"438,423,518,195,186"
381,5,False,False,0->0,,,,,16,436,"650,26,59,539,344"
382,5,False,False,0->0,,,,,16,898,"308,433,248,762,880"
383,5,False,False,0->0,,,,,16,735,"64,472,903,424,454"
384,5,False,False,0->0,,,,,16,740,"282,971,498,168,401"
385,5,False,False,0->0,,,,,16,441,"54,332,914,972,734"
387,5,False,False,0->0,,,,,16,514,"23,708,631,956,571"
389,5,False,False,0->0,,,,,16,463,"49,23,226,212,552"
390,5,False,False,0->0,,,,,16,855,"862,722,274,140,98"
391,5,False,False,0->0,,,,,16,829,"591,1000,928,884,433"
393,5,False,False,0->0,,,,,16,1255,"116,299,431,505,329"
394,5,False,False,0->0,,,,,16,254,"486,982,12,564,373"
397,5,False,False,0->0,,,,,16,531,"815,885,956,62,744"
398,5,False,False,0->0,,,,,16,690,"385,59,928,212,254"
399,5,False,False,0->0,,,,,16,754,"172,649,573,920,398"
400,5,False,False,0->0,,,,,16,1252,"850,854,716,659,6"
401,5,False,False,0->0,,,,,16,645,"26,931,25,483,750"
402,5,False,False,0->0,,,,,16,1010,"9,858,498,412,715"
403,5,False,False,0->0,,,,,16,658,"242,620,69,715,204"
404,5,False,False,0->0,,,,,16,419,"155,122,830,168,866"
405,5,True,True,1->1,0.0842640974708915,0.0842640974708915,2.6362438920026827,2.6362438920026827,16,585,"855,481,43,705,166"
406,5,False,False,0->0,,,,,16,485,"951,575,146,49,767"
407,5,False,False,0->0,,,,,16,904,"453,298,498,139,726"
410,5,False,False,0->0,,,,,16,488,"737,69,155,279,101"
411,5,False,False,0->0,,,,,16,663,"45,318,761,188,956"
412,5,False,False,0->0,,,,,16,1211,"649,735,795,861,994"
417,5,False,False,0->0,,,,,16,581,"385,765,271,976,554"
418,5,False,False,0->0,,,,,16,443,"199,920,762,602,914"
419,5,False,False,0->0,,,,,16,589,"541,74,770,986,8"
420,5,False,False,0->0,,,,,16,1218,"320,532,844,772,29"
421,5,False,False,0->0,,,,,16,372,"606,639,96,670,122"
422,5,False,False,0->0,,,,,16,636,"490,25,564,238,684"
423,5,False,False,0->0,,,,,16,564,"599,589,630,711,539"
424,5,False,False,0->0,,,,,16,726,"496,63,174,816,805"
425,5,False,False,0->0,,,,,16,697,"517,783,942,61,175"
426,5,False,False,0->0,,,,,16,471,"867,369,433,539,330"
427,5,False,False,0->0,,,,,16,1435,"220,835,917,523,326"
428,5,False,False,0->0,,,,,16,361,"27,771,676,307,212"
429,5,False,False,0->0,,,,,16,806,"368,205,713,884,209"
430,5,False,False,0->0,,,,,16,796,"165,500,708,975,688"
432,5,False,False,0->0,,,,,16,590,"372,235,556,204,492"
433,5,False,False,0->0,,,,,16,1521,"379,800,297,503,941"
434,5,False,False,0->0,,,,,16,979,"114,703,818,335,469"
435,5,False,False,0->0,,,,,16,832,"344,413,501,248,748"
437,5,False,False,0->0,,,,,16,879,"494,808,386,346,690"
439,5,False,False,0->0,,,,,16,404,"541,397,20,617,61"
440,5,False,False,0->0,,,,,16,1012,"538,987,702,159,599"
441,5,False,False,0->0,,,,,16,821,"962,584,338,347,231"
443,5,False,False,0->0,,,,,16,528,"672,734,70,634,412"
444,5,False,False,0->0,,,,,16,422,"520,177,43,139,39"
445,5,False,False,0->0,,,,,16,736,"301,643,78,803,943"
446,5,False,False,0->0,,,,,16,888,"76,973,93,852,6"
447,5,False,False,0->0,,,,,16,954,"649,527,607,397,962"
450,5,False,False,0->0,,,,,16,675,"890,753,162,469,342"
452,5,False,False,0->0,,,,,16,743,"134,96,247,190,863"
453,5,False,False,0->0,,,,,16,376,"108,474,521,713,247"
454,5,False,False,0->0,,,,,16,553,"957,611,580,760,581"
455,5,False,False,0->0,,,,,16,520,"31,274,358,844,914"
457,5,False,False,0->0,,,,,16,1258,"366,21,940,176,585"
458,5,False,False,0->0,,,,,16,1396,"981,388,870,626,842"
460,5,False,False,0->0,,,,,16,856,"630,425,294,108,577"
461,5,False,False,0->0,,,,,16,515,"823,423,796,584,564"
462,5,False,False,0->0,,,,,16,740,"859,615,31,752,826"
464,5,False,False,0->0,,,,,16,1070,"859,887,832,637,612"
466,5,False,False,0->0,,,,,16,1134,"260,214,827,358,428"
467,5,False,False,0->0,,,,,16,596,"655,697,792,142,274"
468,5,False,False,0->0,,,,,16,1104,"174,1000,326,475,911"
469,5,False,False,0->0,,,,,16,728,"510,880,452,331,159"
470,5,False,False,0->0,,,,,16,853,"973,685,49,572,769"
472,5,False,False,0->0,,,,,16,932,"975,930,119,320,492"
473,5,False,False,0->0,,,,,16,1061,"782,876,100,993,929"
474,5,False,False,0->0,,,,,16,987,"829,24,814,672,473"
475,5,False,False,0->0,,,,,16,594,"297,584,16,969,474"
476,5,False,False,0->0,,,,,16,971,"90,169,172,111,814"
477,5,False,False,0->0,,,,,16,503,"654,907,147,602,755"
478,5,False,False,0->0,,,,,16,946,"511,710,21,755,729"
479,5,False,False,0->0,,,,,16,1342,"202,136,574,27,826"
480,5,False,False,0->0,,,,,16,129,"325,2,369,790,910"
481,5,False,False,0->0,,,,,16,780,"848,122,699,260,779"
483,5,False,False,0->0,,,,,16,2324,"634,218,776,871,604"
484,5,False,False,0->0,,,,,16,1073,"319,730,966,83,183"
485,5,False,False,0->0,,,,,16,596,"175,442,283,255,100"
486,5,False,False,0->0,,,,,16,797,"273,935,702,130,152"
488,5,False,False,0->0,,,,,16,313,"22,705,959,446,235"
489,5,False,False,0->0,,,,,16,496,"866,978,788,594,688"
492,5,False,False,0->0,,,,,16,912,"13,764,134,551,606"
493,5,False,False,0->0,,,,,16,1342,"883,422,229,569,198"
494,5,False,False,0->0,,,,,16,792,"669,773,90,961,993"
495,5,False,False,0->0,,,,,16,1560,"928,720,38,255,883"
496,5,False,False,0->0,,,,,16,920,"164,752,194,708,117"
499,5,False,False,0->0,,,,,16,684,"860,617,979,411,601"
500,5,False,False,0->0,,,,,16,606,"417,303,984,655,583"
501,5,False,False,0->0,,,,,16,1188,"87,332,2,964,980"
502,5,False,False,0->0,,,,,16,520,"725,873,633,861,418"
505,5,False,False,0->0,,,,,16,796,"93,831,983,651,362"
506,5,False,False,0->0,,,,,16,599,"97,723,98,235,759"
507,5,False,False,0->0,,,,,16,742,"483,456,761,24,966"
510,5,False,False,0->0,,,,,16,1144,"544,229,515,325,440"
511,5,False,False,0->0,,,,,16,875,"618,885,468,960,830"
512,5,False,False,0->0,,,,,16,380,"445,251,679,732,390"
513,5,False,False,0->0,,,,,16,1016,"670,302,241,405,141"
514,5,False,False,0->0,,,,,16,1042,"122,733,385,370,634"
518,5,False,False,0->0,,,,,16,735,"538,325,498,710,64"
519,5,False,False,0->0,,,,,16,807,"945,646,27,794,723"
520,5,False,False,0->0,,,,,16,938,"145,649,392,249,488"
521,5,False,False,0->0,,,,,16,685,"242,365,797,975,818"
523,5,False,False,0->0,,,,,16,1053,"971,111,364,884,500"
524,5,False,False,0->0,,,,,16,902,"142,717,883,568,927"
526,5,False,False,0->0,,,,,16,716,"499,404,573,688,322"
527,5,False,False,0->0,,,,,16,837,"79,767,29,444,528"
528,5,False,False,0->0,,,,,16,1659,"412,937,350,481,326"
530,5,False,False,0->0,,,,,16,652,"615,159,908,890,113"
531,5,False,False,0->0,,,,,16,774,"538,519,175,257,733"
533,5,False,False,0->0,,,,,16,872,"586,676,535,962,614"
535,5,False,False,0->0,,,,,16,301,"950,192,734,770,614"
536,5,False,False,0->0,,,,,16,923,"598,359,953,469,539"
537,5,False,False,0->0,,,,,16,867,"623,571,895,504,74"
543,5,False,False,0->0,,,,,16,2053,"419,651,84,430,712"
544,5,False,False,0->0,,,,,16,850,"697,515,360,879,321"
545,5,False,False,0->0,,,,,16,339,"737,451,769,524,266"
546,5,False,False,0->0,,,,,16,1764,"162,863,381,157,394"
547,5,False,False,0->0,,,,,16,925,"651,121,738,832,282"
548,5,False,False,0->0,,,,,16,522,"831,705,649,212,241"
549,5,False,False,0->0,,,,,16,713,"829,565,44,49,660"
550,5,False,False,0->0,,,,,16,246,"675,97,134,515,305"
552,5,False,False,0->0,,,,,16,706,"430,984,962,726,813"
554,5,False,False,0->0,,,,,16,864,"845,762,412,510,768"
555,5,False,False,0->0,,,,,16,530,"539,558,322,633,82"
557,5,False,False,0->0,,,,,16,1503,"185,607,385,651,746"
558,5,False,False,0->0,,,,,16,1096,"482,168,186,277,473"
559,5,False,False,0->0,,,,,16,427,"305,961,244,468,935"
560,5,False,False,0->0,,,,,16,302,"565,770,390,217,564"
561,5,False,False,0->0,,,,,16,1131,"19,423,835,445,102"
562,5,False,False,0->0,,,,,16,771,"957,602,829,404,539"
563,5,False,False,0->0,,,,,16,369,"387,408,176,907,672"
565,5,False,False,0->0,,,,,16,1303,"987,391,564,88,393"
566,5,False,False,0->0,,,,,16,1740,"323,320,254,871,488"
569,5,False,False,0->0,,,,,16,859,"563,39,389,891,199"
570,5,False,False,0->0,,,,,16,1223,"835,139,975,119,706"
571,5,False,False,0->0,,,,,16,738,"750,943,64,33,68"
572,5,False,False,0->0,,,,,16,1095,"687,165,517,488,768"
575,5,False,False,0->0,,,,,16,484,"591,277,250,855,110"
576,5,False,False,0->0,,,,,16,987,"498,197,321,526,850"
577,5,False,False,0->0,,,,,16,1050,"539,366,276,683,184"
578,5,False,False,0->0,,,,,16,654,"837,316,899,241,749"
579,5,False,False,0->0,,,,,16,444,"317,760,884,297,513"
580,5,False,False,0->0,,,,,16,923,"495,56,57,408,949"
582,5,False,False,0->0,,,,,16,691,"763,986,208,393,828"
583,5,False,False,0->0,,,,,16,670,"711,483,342,253,209"
584,5,False,False,0->0,,,,,16,676,"805,166,266,780,681"
587,5,False,False,0->0,,,,,16,555,"391,392,655,192,975"
589,5,False,False,0->0,,,,,16,691,"993,138,651,192,872"
590,5,False,False,0->0,,,,,16,487,"855,795,676,249,248"
591,5,False,False,0->0,,,,,16,388,"855,924,391,541,425"
592,5,False,False,0->0,,,,,16,618,"635,279,646,906,11"
593,5,False,False,0->0,,,,,16,780,"404,835,979,357,150"
596,5,False,False,0->0,,,,,16,537,"686,324,133,914,970"
597,5,False,False,0->0,,,,,16,675,"156,969,494,584,64"
598,5,False,False,0->0,,,,,16,1132,"614,461,145,852,395"
599,5,False,False,0->0,,,,,16,959,"715,988,528,678,491"
600,5,False,False,0->0,,,,,16,1460,"660,524,460,876,210"
601,5,False,False,0->0,,,,,16,619,"17,854,823,588,930"
602,5,False,False,0->0,,,,,16,810,"560,390,421,265,703"
604,5,False,False,0->0,,,,,16,896,"787,253,895,381,910"
605,5,False,False,0->0,,,,,16,1123,"703,177,216,982,70"
606,5,False,False,0->0,,,,,16,632,"1000,726,676,145,192"
608,5,False,False,0->0,,,,,16,937,"814,218,76,200,652"
609,5,False,False,0->0,,,,,16,397,"568,960,564,550,662"
610,5,False,False,0->0,,,,,16,901,"622,467,955,861,745"
612,5,False,False,0->0,,,,,16,1233,"998,233,530,643,835"
613,5,False,False,0->0,,,,,16,433,"439,684,510,857,254"
614,5,False,False,0->0,,,,,16,1422,"886,113,871,207,50"
615,5,False,False,0->0,,,,,16,566,"995,465,241,616,580"
618,5,False,False,0->0,,,,,16,1297,"408,37,604,426,892"
619,5,False,False,0->0,,,,,16,1404,"428,368,259,143,441"
620,5,False,False,0->0,,,,,16,791,"150,162,68,959,793"
623,5,False,False,0->0,,,,,16,1306,"214,716,282,607,112"
625,5,False,False,0->0,,,,,16,631,"322,619,280,774,649"
626,5,False,False,0->0,,,,,16,1086,"524,392,321,886,471"
629,5,False,False,0->0,,,,,16,1095,"750,46,711,876,788"
630,5,False,False,0->0,,,,,16,397,"731,933,67,574,11"
631,5,False,False,0->0,,,,,16,862,"332,546,898,447,111"
632,5,False,False,0->0,,,,,16,833,"197,581,203,175,106"
633,5,False,False,0->0,,,,,16,676,"721,456,760,407,777"
634,5,False,False,0->0,,,,,16,1429,"874,442,392,980,897"
635,5,False,False,0->0,,,,,16,453,"737,43,948,29,220"
637,5,False,False,0->0,,,,,16,686,"64,159,729,67,9"
639,5,False,False,0->0,,,,,16,858,"801,488,97,220,114"
640,5,False,False,0->0,,,,,16,781,"886,606,702,228,928"
644,5,False,False,0->0,,,,,16,504,"145,34,930,352,926"
645,5,False,False,0->0,,,,,16,755,"545,971,787,778,527"
646,5,False,False,0->0,,,,,16,818,"680,206,709,331,453"
647,5,False,False,0->0,,,,,16,797,"338,837,414,85,173"
648,5,False,False,0->0,,,,,16,1106,"263,434,681,558,163"
651,5,False,False,0->0,,,,,16,820,"387,404,303,96,197"
652,5,False,False,0->0,,,,,16,1818,"72,856,845,880,162"
653,5,False,False,0->0,,,,,16,191,"325,307,862,742,958"
654,5,False,False,0->0,,,,,16,539,"662,643,580,475,602"
655,5,False,False,0->0,,,,,16,848,"439,110,755,718,607"
656,5,False,False,0->0,,,,,16,396,"1000,142,760,842,919"
657,5,False,False,0->0,,,,,16,1536,"646,155,843,88,143"
658,5,False,False,0->0,,,,,16,697,"85,753,92,750,763"
659,5,False,False,0->0,,,,,16,1157,"801,974,530,113,718"
660,5,False,False,0->0,,,,,16,848,"186,826,87,72,684"
661,5,False,False,0->0,,,,,16,1028,"852,95,752,999,764"
663,5,False,False,0->0,,,,,16,1092,"728,52,169,513,690"
664,5,False,False,0->0,,,,,16,665,"121,488,555,196,920"
665,5,False,False,0->0,,,,,16,690,"745,859,242,73,642"
666,5,False,False,0->0,,,,,16,512,"189,895,161,599,487"
667,5,False,False,0->0,,,,,16,1322,"532,746,785,491,726"
670,5,False,False,0->0,,,,,16,795,"518,94,319,239,92"
673,5,False,False,0->0,,,,,16,911,"402,883,937,473,704"
674,5,False,False,0->0,,,,,16,426,"856,175,182,855,317"
675,5,False,False,0->0,,,,,16,617,"526,42,642,457,843"
676,5,False,False,0->0,,,,,16,919,"735,637,722,762,44"
678,5,False,False,0->0,,,,,16,563,"433,859,970,469,995"
679,5,False,False,0->0,,,,,16,1105,"24,109,848,442,591"
680,5,False,False,0->0,,,,,16,432,"206,878,54,601,371"
681,5,False,False,0->0,,,,,16,1430,"888,188,975,88,681"
682,5,False,False,0->0,,,,,16,951,"257,676,651,403,293"
685,5,False,False,0->0,,,,,16,1838,"974,657,60,805,590"
687,5,False,False,0->0,,,,,16,585,"459,161,374,13,617"
688,5,False,False,0->0,,,,,16,821,"185,629,678,131,2"
689,5,False,False,0->0,,,,,16,825,"1,413,15,16,749"
690,5,False,False,0->0,,,,,16,340,"603,551,125,581,347"
692,5,False,False,0->0,,,,,16,828,"735,761,2,757,279"
693,5,False,False,0->0,,,,,16,779,"385,290,429,310,555"
694,5,False,False,0->0,,,,,16,353,"128,704,903,890,745"
696,5,False,False,0->0,,,,,16,915,"288,758,821,21,649"
699,5,False,False,0->0,,,,,16,460,"64,398,276,511,207"
700,5,False,False,0->0,,,,,16,1569,"251,428,172,38,657"
701,5,False,False,0->0,,,,,16,1089,"402,563,458,827,238"
703,5,False,False,0->0,,,,,16,806,"687,22,440,987,585"
704,5,False,False,0->0,,,,,16,1438,"547,374,733,920,776"
705,5,False,False,0->0,,,,,16,914,"817,250,242,51,363"
706,5,False,False,0->0,,,,,16,687,"726,733,340,507,53"
708,5,False,False,0->0,,,,,16,919,"269,314,975,569,488"
709,5,False,False,0->0,,,,,16,712,"105,369,100,638,400"
710,5,False,False,0->0,,,,,16,807,"124,469,473,192,188"
711,5,False,False,0->0,,,,,16,1302,"479,619,114,157,204"
713,5,False,False,0->0,,,,,16,956,"777,248,42,164,903"
714,5,False,False,0->0,,,,,16,732,"676,754,488,961,905"
715,5,False,False,0->0,,,,,16,868,"409,160,507,648,223"
716,5,False,False,0->0,,,,,16,754,"948,337,486,599,185"
717,5,False,False,0->0,,,,,16,782,"392,359,716,947,571"
718,5,False,False,0->0,,,,,16,720,"605,39,107,250,97"
721,5,False,False,0->0,,,,,16,1088,"505,15,640,200,25"
722,5,False,False,0->0,,,,,16,940,"39,441,302,390,239"
723,5,False,False,0->0,,,,,16,986,"405,922,379,991,79"
724,5,False,False,0->0,,,,,16,796,"451,498,973,397,793"
725,5,False,False,0->0,,,,,16,1275,"233,876,736,487,488"
726,5,False,False,0->0,,,,,16,764,"394,908,835,430,655"
727,5,False,False,0->0,,,,,16,787,"873,198,612,479,141"
729,5,False,False,0->0,,,,,16,589,"51,905,97,474,519"
730,5,False,False,0->0,,,,,16,1145,"255,618,924,643,12"
731,5,False,False,0->0,,,,,16,306,"860,708,146,595,790"
732,5,False,False,0->0,,,,,16,589,"347,142,536,788,979"
733,5,False,False,0->0,,,,,16,612,"106,297,536,636,29"
734,5,False,False,0->0,,,,,16,654,"672,231,638,686,833"
735,5,False,False,0->0,,,,,16,1009,"397,838,105,229,710"
737,5,False,False,0->0,,,,,16,1813,"547,197,62,998,659"
738,5,False,False,0->0,,,,,16,823,"705,568,407,543,216"
740,5,False,False,0->0,,,,,16,794,"460,811,117,753,488"
741,5,False,False,0->0,,,,,16,905,"535,32,769,728,420"
743,5,False,False,0->0,,,,,16,1114,"863,929,567,617,342"
744,5,False,False,0->0,,,,,16,866,"147,220,880,707,616"
746,5,False,False,0->0,,,,,16,354,"813,54,29,145,801"
747,5,False,False,0->0,,,,,16,328,"603,586,13,144,60"
748,5,False,False,0->0,,,,,16,1569,"9,863,844,119,38"
749,5,False,False,0->0,,,,,16,1048,"512,327,774,204,756"
750,5,False,False,0->0,,,,,16,1429,"990,919,874,264,878"
751,5,False,False,0->0,,,,,16,862,"610,829,182,501,288"
754,5,False,False,0->0,,,,,16,1195,"290,667,649,558,740"
755,5,False,False,0->0,,,,,16,590,"314,642,109,250,5"
756,5,False,False,0->0,,,,,16,594,"970,978,97,304,347"
757,5,False,False,0->0,,,,,16,761,"370,324,63,507,527"
759,5,False,False,0->0,,,,,16,808,"643,263,90,407,72"
760,5,False,False,0->0,,,,,16,1031,"883,310,848,229,31"
762,5,False,False,0->0,,,,,16,1000,"776,554,409,403,192"
765,5,False,False,0->0,,,,,16,798,"817,267,590,299,369"
767,5,False,False,0->0,,,,,16,773,"303,786,238,741,324"
769,5,False,False,0->0,,,,,16,919,"877,523,252,829,711"
771,5,False,False,0->0,,,,,16,1094,"5,72,362,626,737"
773,5,False,False,0->0,,,,,16,329,"734,934,781,82,145"
774,5,False,False,0->0,,,,,16,405,"789,855,371,80,125"
775,5,False,False,0->0,,,,,16,946,"314,867,876,487,154"
777,5,False,False,0->0,,,,,16,1361,"229,588,950,395,284"
778,5,False,False,0->0,,,,,16,1121,"283,888,264,329,270"
779,5,False,False,0->0,,,,,16,456,"386,428,121,811,575"
780,5,False,False,0->0,,,,,16,1149,"183,257,416,801,917"
781,5,False,False,0->0,,,,,16,1306,"313,262,166,686,150"
782,5,False,False,0->0,,,,,16,984,"43,708,750,787,845"
783,5,False,False,0->0,,,,,16,1645,"463,584,776,823,147"
785,5,False,False,0->0,,,,,16,1028,"154,930,522,453,437"
786,5,False,False,0->0,,,,,16,1089,"680,98,343,730,859"
787,5,False,False,0->0,,,,,16,1122,"313,721,303,779,591"
788,5,False,False,0->0,,,,,16,308,"371,315,842,269,866"
791,5,False,False,0->0,,,,,16,905,"793,83,777,643,59"
792,5,False,False,0->0,,,,,16,1534,"949,659,646,188,265"
794,5,False,False,0->0,,,,,16,1179,"572,460,994,874,555"
796,5,False,False,0->0,,,,,16,1025,"723,171,437,242,490"
797,5,False,False,0->0,,,,,16,1675,"563,84,208,356,896"
798,5,False,False,0->0,,,,,16,273,"393,18,852,985,603"
800,5,False,False,0->0,,,,,16,1487,"197,233,582,173,370"
801,5,False,False,0->0,,,,,16,731,"375,770,855,551,519"
804,5,False,False,0->0,,,,,16,1223,"600,964,11,994,253"
806,5,False,False,0->0,,,,,16,459,"726,192,910,796,487"
807,5,False,False,0->0,,,,,16,846,"412,152,252,598,850"
809,5,False,False,0->0,,,,,16,475,"780,611,279,443,501"
810,5,False,False,0->0,,,,,16,1425,"989,590,97,25,140"
811,5,False,False,0->0,,,,,16,574,"83,662,658,873,472"
813,5,False,False,0->0,,,,,16,960,"823,822,56,132,938"
815,5,False,False,0->0,,,,,16,301,"610,515,443,622,692"
818,5,False,False,0->0,,,,,16,636,"125,333,582,410,272"
822,5,False,False,0->0,,,,,16,1087,"214,16,541,140,877"
823,5,False,False,0->0,,,,,16,810,"528,53,706,303,586"
825,5,False,False,0->0,,,,,16,975,"790,987,289,796,223"
826,5,False,False,0->0,,,,,16,514,"371,598,31,609,771"
827,5,False,False,0->0,,,,,16,1214,"209,441,871,862,754"
828,5,False,False,0->0,,,,,16,659,"866,650,80,891,198"
830,5,False,False,0->0,,,,,16,517,"172,683,911,186,872"
832,5,False,False,0->0,,,,,16,727,"224,22,566,483,569"
833,5,False,False,0->0,,,,,16,1443,"782,896,270,978,987"
834,5,False,False,0->0,,,,,16,1061,"287,180,197,200,620"
835,5,False,False,0->0,,,,,16,754,"926,1,344,106,119"
836,5,False,False,0->0,,,,,16,550,"360,490,451,654,773"
837,5,False,False,0->0,,,,,16,570,"689,303,611,77,198"
838,5,False,False,0->0,,,,,16,817,"759,63,164,177,194"
839,5,False,False,0->0,,,,,16,1184,"831,333,836,210,928"
840,5,False,False,0->0,,,,,16,443,"317,527,60,986,615"
842,5,False,False,0->0,,,,,16,625,"104,497,260,556,205"
844,5,False,False,0->0,,,,,16,879,"599,663,198,384,205"
845,5,False,False,0->0,,,,,16,335,"77,99,854,308,935"
846,5,False,False,0->0,,,,,16,796,"9,359,244,120,868"
847,5,False,False,0->0,,,,,16,1591,"981,494,485,316,230"
852,5,False,False,0->0,,,,,16,864,"68,564,74,942,327"
853,5,False,False,0->0,,,,,16,514,"179,25,734,616,81"
856,5,False,False,0->0,,,,,16,1151,"394,582,541,764,934"
858,5,False,False,0->0,,,,,16,1524,"802,709,844,915,659"
859,5,False,False,0->0,,,,,16,1111,"855,175,532,448,669"
860,5,False,False,0->0,,,,,16,680,"298,299,67,833,5"
861,5,False,False,0->0,,,,,16,896,"21,523,964,116,683"
863,5,False,False,0->0,,,,,16,666,"443,641,261,110,677"
864,5,False,False,0->0,,,,,16,746,"453,911,732,37,355"
865,5,False,False,0->0,,,,,16,462,"801,757,60,542,935"
866,5,False,False,0->0,,,,,16,538,"554,228,646,161,4"
868,5,False,False,0->0,,,,,16,1975,"140,294,700,388,8"
870,5,False,False,0->0,,,,,16,897,"63,987,573,580,635"
872,5,False,False,0->0,,,,,16,973,"730,402,20,84,33"
873,5,False,False,0->0,,,,,16,712,"781,622,702,327,379"
875,5,False,False,0->0,,,,,16,642,"49,111,641,715,158"
876,5,False,False,0->0,,,,,16,445,"31,813,854,239,539"
877,5,False,False,0->0,,,,,16,988,"731,741,971,90,930"
879,5,False,False,0->0,,,,,16,991,"625,76,448,518,163"
880,5,False,False,0->0,,,,,16,1055,"842,468,639,205,845"
882,5,False,False,0->0,,,,,16,513,"832,649,486,266,572"
886,5,False,False,0->0,,,,,16,1021,"805,840,643,99,24"
889,5,False,False,0->0,,,,,16,1019,"623,456,518,493,616"
893,5,False,False,0->0,,,,,16,892,"888,268,879,416,521"
894,5,False,False,0->0,,,,,16,345,"662,117,696,704,186"
895,5,False,False,0->0,,,,,16,1463,"940,36,544,251,774"
897,5,False,False,0->0,,,,,16,854,"395,860,684,244,759"
898,5,False,False,0->0,,,,,16,420,"226,638,196,595,993"
899,5,False,False,0->0,,,,,16,353,"905,193,378,7,685"
900,5,False,False,0->0,,,,,16,635,"910,605,777,386,597"
901,5,False,False,0->0,,,,,16,549,"409,203,722,518,402"
902,5,False,False,0->0,,,,,16,1177,"291,801,2,312,302"
903,5,False,False,0->0,,,,,16,1787,"544,69,948,750,634"
904,5,False,False,0->0,,,,,16,1094,"42,726,942,119,571"
905,5,False,False,0->0,,,,,16,996,"131,479,764,804,961"
907,5,False,False,0->0,,,,,16,312,"477,80,280,553,597"
909,5,False,False,0->0,,,,,16,999,"800,111,352,14,970"
910,5,False,False,0->0,,,,,16,673,"242,658,25,669,40"
913,5,False,False,0->0,,,,,16,582,"37,42,225,497,142"
914,5,False,False,0->0,,,,,16,474,"203,758,636,589,649"
915,5,False,False,0->0,,,,,16,353,"46,506,537,811,511"
916,5,False,False,0->0,,,,,16,873,"572,826,909,844,943"
917,5,False,False,0->0,,,,,16,726,"223,605,323,731,411"
920,5,False,False,0->0,,,,,16,461,"59,564,282,196,323"
921,5,False,False,0->0,,,,,16,1063,"463,365,97,770,717"
922,5,False,False,0->0,,,,,16,697,"920,726,637,169,798"
923,5,False,False,0->0,,,,,16,969,"680,409,511,854,710"
924,5,False,False,0->0,,,,,16,1391,"797,343,7,685,505"
925,5,False,False,0->0,,,,,16,869,"321,99,921,493,265"
926,5,False,False,0->0,,,,,16,579,"179,25,355,105,761"
930,5,False,False,0->0,,,,,16,455,"984,31,486,404,994"
931,5,False,False,0->0,,,,,16,375,"707,810,465,557,479"
932,5,False,False,0->0,,,,,16,878,"369,816,530,973,44"
933,5,False,False,0->0,,,,,16,355,"138,555,316,82,575"
934,5,False,False,0->0,,,,,16,197,"666,279,133,975,249"
936,5,False,False,0->0,,,,,16,1129,"92,163,214,823,141"
938,5,False,False,0->0,,,,,16,892,"438,350,360,684,203"
941,5,False,False,0->0,,,,,16,933,"490,368,510,857,121"
942,5,False,False,0->0,,,,,16,382,"176,521,972,793,761"
943,5,False,False,0->0,,,,,16,1108,"21,700,636,20,631"
944,5,False,False,0->0,,,,,16,540,"239,47,271,740,77"
945,5,False,False,0->0,,,,,16,262,"886,476,407,956,742"
949,5,False,False,0->0,,,,,16,738,"983,652,508,690,642"
950,5,False,False,0->0,,,,,16,840,"452,248,858,572,418"
951,5,False,False,0->0,,,,,16,468,"985,565,397,50,167"
952,5,False,False,0->0,,,,,16,646,"342,97,441,39,327"
953,5,False,False,0->0,,,,,16,925,"677,862,290,599,242"
956,5,False,False,0->0,,,,,16,728,"494,289,687,597,214"
957,5,False,False,0->0,,,,,16,871,"856,793,750,473,57"
958,5,False,False,0->0,,,,,16,1203,"591,494,197,374,477"
962,5,False,False,0->0,,,,,16,992,"312,743,830,224,542"
963,5,False,False,0->0,,,,,16,953,"273,103,146,469,424"
964,5,False,False,0->0,,,,,16,1166,"871,455,603,861,613"
965,5,False,False,0->0,,,,,16,789,"591,187,981,124,710"
966,5,False,False,0->0,,,,,16,565,"344,911,127,528,899"
967,5,False,False,0->0,,,,,16,302,"269,414,589,557,397"
968,5,False,False,0->0,,,,,16,1725,"815,284,350,313,541"
969,5,False,False,0->0,,,,,16,777,"1,134,620,324,935"
970,5,False,False,0->0,,,,,16,845,"988,612,279,418,322"
971,5,False,False,0->0,,,,,16,645,"231,723,27,823,586"
972,5,False,False,0->0,,,,,16,689,"691,177,630,710,730"
973,5,False,False,0->0,,,,,16,796,"1,424,260,251,959"
974,5,False,False,0->0,,,,,16,781,"702,499,77,520,11"
975,5,False,False,0->0,,,,,16,971,"977,181,933,765,578"
976,5,False,False,0->0,,,,,16,806,"177,468,681,977,739"
977,5,False,False,0->0,,,,,16,410,"888,15,391,344,97"
978,5,False,False,0->0,,,,,16,878,"86,504,795,87,487"
979,5,False,False,0->0,,,,,16,662,"670,983,477,547,512"
980,5,False,False,0->0,,,,,16,396,"342,85,722,293,588"
982,5,False,False,0->0,,,,,16,773,"448,586,678,146,17"
983,5,False,False,0->0,,,,,16,1606,"966,426,606,776,930"
985,5,False,False,0->0,,,,,16,874,"517,325,626,984,538"
986,5,False,False,0->0,,,,,16,1109,"362,368,280,663,668"
987,5,False,False,0->0,,,,,16,1161,"988,599,390,504,952"
988,5,False,False,0->0,,,,,16,690,"629,492,61,924,320"
990,5,False,False,0->0,,,,,16,1099,"50,490,68,673,746"
992,5,False,False,0->0,,,,,16,598,"76,487,908,467,500"
994,5,False,False,0->0,,,,,16,556,"796,133,591,433,262"
995,5,False,False,0->0,,,,,16,1498,"624,578,488,333,108"
996,5,False,False,0->0,,,,,16,1892,"340,652,95,419,84"
997,5,False,False,0->0,,,,,16,965,"541,772,162,793,62"
998,5,False,False,0->0,,,,,16,695,"616,854,994,737,289"
999,5,False,False,0->0,,,,,16,492,"906,459,233,265,910"
1000,5,False,False,0->0,,,,,16,578,"93,387,568,972,582"
1001,5,False,False,0->0,,,,,16,438,"322,778,245,297,440"
1002,5,False,False,0->0,,,,,16,753,"781,357,400,248,844"
1003,5,False,False,0->0,,,,,16,501,"135,961,156,947,913"
1005,5,False,False,0->0,,,,,16,770,"601,337,447,486,754"
1006,5,False,False,0->0,,,,,16,1079,"966,206,578,342,325"
1008,5,False,False,0->0,,,,,16,1262,"735,190,589,508,743"
1009,5,False,False,0->0,,,,,16,1196,"794,36,748,468,795"
1010,5,False,False,0->0,,,,,16,343,"519,984,100,199,872"
1011,5,False,False,0->0,,,,,16,768,"302,203,893,433,897"
1012,5,False,False,0->0,,,,,16,1333,"544,297,811,173,789"
1013,5,False,False,0->0,,,,,16,598,"969,33,379,268,97"
1014,5,False,False,0->0,,,,,16,377,"274,181,940,461,176"
1016,5,False,False,0->0,,,,,16,334,"69,786,70,126,872"
1019,5,False,False,0->0,,,,,16,616,"496,54,865,693,788"
1020,5,False,False,0->0,,,,,16,552,"498,171,303,277,59"
1022,5,False,False,0->0,,,,,16,384,"862,385,241,177,940"
1023,5,False,False,0->0,,,,,16,800,"541,546,101,728,789"
1024,5,False,False,0->0,,,,,16,417,"795,167,425,908,986"
1025,5,False,False,0->0,,,,,16,655,"768,673,595,593,304"
1026,5,False,False,0->0,,,,,16,370,"33,850,491,697,745"
1027,5,False,False,0->0,,,,,16,1257,"681,988,218,883,387"
1028,5,False,False,0->0,,,,,16,1707,"806,104,735,673,874"
1029,5,False,False,0->0,,,,,16,767,"87,536,481,972,550"
1030,5,False,False,0->0,,,,,16,426,"656,770,379,80,778"
1031,5,False,False,0->0,,,,,16,994,"725,403,325,183,230"
1032,5,False,False,0->0,,,,,16,1027,"892,482,61,560,679"
1033,5,False,False,0->0,,,,,16,410,"403,533,212,85,473"
1034,5,False,False,0->0,,,,,16,976,"512,50,422,357,556"
1036,5,False,False,0->0,,,,,16,1027,"940,498,507,652,290"
1037,5,False,False,0->0,,,,,16,271,"560,950,500,445,851"
1038,5,False,False,0->0,,,,,16,607,"259,415,675,407,752"
1039,5,False,False,0->0,,,,,16,650,"692,511,200,727,599"
1041,5,False,False,0->0,,,,,16,771,"471,625,522,947,420"
1042,5,False,False,0->0,,,,,16,632,"86,266,316,573,428"
1043,5,False,False,0->0,,,,,16,1167,"713,560,130,764,199"
1044,5,False,False,0->0,,,,,16,1104,"677,547,753,259,594"
1048,5,False,False,0->0,,,,,16,503,"372,511,420,299,680"
1049,5,False,False,0->0,,,,,16,565,"133,719,769,574,119"
1050,5,False,False,0->0,,,,,16,499,"440,521,130,640,110"
1051,5,False,False,0->0,,,,,16,449,"631,757,356,148,550"
1052,5,False,False,0->0,,,,,16,1366,"715,482,143,669,755"
1053,5,False,False,0->0,,,,,16,541,"737,566,119,489,907"
1054,5,False,False,0->0,,,,,16,827,"575,248,302,943,995"
1055,5,False,False,0->0,,,,,16,828,"401,327,87,498,255"
1056,5,False,False,0->0,,,,,16,842,"761,439,92,174,730"
1057,5,False,False,0->0,,,,,16,491,"156,870,158,605,452"
1059,5,False,False,0->0,,,,,16,590,"952,731,660,653,31"
1060,5,False,False,0->0,,,,,16,528,"346,14,875,530,618"
1061,5,False,False,0->0,,,,,16,1250,"2,728,966,364,229"
1062,5,False,False,0->0,,,,,16,443,"266,131,877,235,305"
1063,5,False,False,0->0,,,,,16,872,"365,143,859,107,619"
1065,5,False,False,0->0,,,,,16,575,"430,574,677,719,391"
1066,5,False,False,0->0,,,,,16,801,"458,695,172,226,265"
1067,5,False,False,0->0,,,,,16,731,"823,570,921,135,467"
1068,5,False,False,0->0,,,,,16,1254,"598,99,210,90,93"
1069,5,False,False,0->0,,,,,16,659,"79,554,481,454,945"
1070,5,False,False,0->0,,,,,16,647,"790,669,557,371,749"
1071,5,False,False,0->0,,,,,16,850,"48,76,578,126,935"
1072,5,False,False,0->0,,,,,16,634,"534,193,975,988,794"
1073,5,False,False,0->0,,,,,16,185,"144,734,280,14,654"
1074,5,False,False,0->0,,,,,16,1194,"37,230,131,801,26"
1075,5,False,False,0->0,,,,,16,1591,"746,795,412,493,350"
1076,5,False,False,0->0,,,,,16,1682,"871,163,630,238,771"
1077,5,False,False,0->0,,,,,16,784,"426,898,228,885,914"
1078,5,False,False,0->0,,,,,16,521,"332,694,979,356,981"
1079,5,False,False,0->0,,,,,16,462,"270,201,940,169,675"
1080,5,False,False,0->0,,,,,16,568,"390,968,760,207,245"
1082,5,False,False,0->0,,,,,16,664,"55,397,927,117,415"
1083,5,False,False,0->0,,,,,16,951,"437,662,627,442,746"
1084,5,False,False,0->0,,,,,16,1135,"532,141,390,755,505"
1085,5,False,False,0->0,,,,,16,486,"895,990,282,885,991"
1086,5,False,False,0->0,,,,,16,700,"821,433,535,54,759"
1087,5,False,False,0->0,,,,,16,317,"34,794,245,18,452"
1089,5,False,False,0->0,,,,,16,441,"831,74,895,106,515"
1090,5,False,False,0->0,,,,,16,1802,"652,865,381,482,405"
1091,5,False,False,0->0,,,,,16,970,"773,935,162,117,319"
1092,5,False,False,0->0,,,,,16,1184,"125,824,963,776,277"
1093,5,False,False,0->0,,,,,16,492,"138,915,58,755,855"
1095,5,False,False,0->0,,,,,16,879,"816,273,346,520,620"
1096,5,False,False,0->0,,,,,16,705,"235,994,346,536,249"
1097,5,False,False,0->0,,,,,16,811,"640,152,57,15,634"
1099,5,False,False,0->0,,,,,16,987,"533,895,879,99,208"
1100,5,False,False,0->0,,,,,16,1200,"874,858,116,278,457"
1102,5,False,False,0->0,,,,,16,786,"485,715,783,558,613"
1104,5,False,False,0->0,,,,,16,837,"165,530,763,742,189"
1105,5,False,False,0->0,,,,,16,1022,"241,81,806,718,858"
1107,5,False,False,0->0,,,,,16,212,"935,407,179,638,714"
1108,5,False,False,0->0,,,,,16,725,"308,439,941,600,141"
1109,5,False,False,0->0,,,,,16,675,"935,858,951,550,640"
1111,5,False,False,0->0,,,,,16,1309,"350,136,107,545,133"
1113,5,False,False,0->0,,,,,16,1379,"498,897,626,607,186"
1114,5,False,False,0->0,,,,,16,849,"988,246,26,487,549"
1115,5,False,False,0->0,,,,,16,645,"400,861,851,475,538"
1116,5,False,False,0->0,,,,,16,455,"17,921,231,890,554"
1117,5,False,False,0->0,,,,,16,826,"362,731,919,218,363"
1118,5,False,False,0->0,,,,,16,1188,"383,501,128,565,776"
1121,5,False,False,0->0,,,,,16,1210,"512,767,598,167,856"
1125,5,False,False,0->0,,,,,16,826,"648,553,200,684,62"
1126,5,False,False,0->0,,,,,16,508,"566,943,456,436,731"
1127,5,False,False,0->0,,,,,16,791,"143,575,902,195,290"
1128,5,False,False,0->0,,,,,16,1006,"72,629,709,843,588"
1129,5,False,False,0->0,,,,,16,567,"733,245,373,61,985"
1131,5,False,False,0->0,,,,,16,1150,"204,119,121,309,858"
1132,5,False,False,0->0,,,,,16,606,"244,40,716,573,530"
1133,5,False,False,0->0,,,,,16,1377,"800,81,55,362,507"
1135,5,False,False,0->0,,,,,16,211,"527,217,142,176,905"
1136,5,False,False,0->0,,,,,16,358,"810,99,853,684,23"
1137,5,False,False,0->0,,,,,16,398,"458,180,824,101,768"
1138,5,False,False,0->0,,,,,16,370,"541,40,418,727,268"
1139,5,False,False,0->0,,,,,16,488,"517,235,448,391,67"
1140,5,False,False,0->0,,,,,16,1392,"619,840,687,33,706"
1141,5,False,False,0->0,,,,,16,724,"902,371,463,150,235"
1142,5,False,False,0->0,,,,,16,1038,"428,854,765,777,174"
1143,5,False,False,0->0,,,,,16,761,"63,633,585,573,505"
1144,5,False,False,0->0,,,,,16,761,"360,218,282,452,172"
1145,5,False,False,0->0,,,,,16,384,"154,765,622,241,794"
1146,5,False,False,0->0,,,,,16,1173,"745,648,828,500,626"
1147,5,False,False,0->0,,,,,16,459,"627,48,712,770,137"
1148,5,False,False,0->0,,,,,16,857,"878,495,196,391,740"
1150,5,False,False,0->0,,,,,16,914,"982,715,154,748,495"
1151,5,False,False,0->0,,,,,16,953,"164,39,463,133,824"
1152,5,False,False,0->0,,,,,16,1072,"112,146,162,135,16"
1153,5,False,False,0->0,,,,,16,886,"830,852,221,954,453"
1154,5,False,False,0->0,,,,,16,531,"218,220,393,473,580"
1156,5,False,False,0->0,,,,,16,600,"465,823,473,511,45"
1157,5,False,False,0->0,,,,,16,1109,"848,64,686,302,494"
1158,5,False,False,0->0,,,,,16,814,"417,948,233,423,297"
1160,5,False,False,0->0,,,,,16,409,"783,517,246,824,61"
1162,5,False,False,0->0,,,,,16,651,"475,968,26,320,589"
1163,5,False,False,0->0,,,,,16,949,"806,127,180,821,255"
1164,5,False,False,0->0,,,,,16,590,"731,221,632,625,884"
1165,5,False,False,0->0,,,,,16,742,"837,97,521,755,199"
1166,5,False,False,0->0,,,,,16,927,"795,713,742,428,577"
1167,5,False,False,0->0,,,,,16,195,"101,638,734,555,597"
1168,5,False,False,0->0,,,,,16,821,"422,873,309,632,724"
1169,5,False,False,0->0,,,,,16,885,"272,696,255,168,565"
1170,5,False,False,0->0,,,,,16,1072,"290,656,259,2,838"
1172,5,False,False,0->0,,,,,16,468,"414,73,551,622,32"
1173,5,False,False,0->0,,,,,16,850,"232,515,88,857,43"
1174,5,False,False,0->0,,,,,16,1222,"897,434,365,626,742"
1175,5,False,False,0->0,,,,,16,1665,"416,764,259,31,837"
1177,5,False,False,0->0,,,,,16,832,"709,979,731,197,609"
1178,5,False,False,0->0,,,,,16,1081,"556,543,569,134,604"
1179,5,False,False,0->0,,,,,16,688,"301,422,956,673,229"
1181,5,False,False,0->0,,,,,16,296,"791,510,356,139,599"
1183,5,False,False,0->0,,,,,16,774,"390,606,558,62,988"
1184,5,False,False,0->0,,,,,16,514,"646,4,959,568,11"
1185,5,False,False,0->0,,,,,16,596,"886,842,705,942,687"
1186,5,False,False,0->0,,,,,16,838,"782,314,495,547,593"
1187,5,False,False,0->0,,,,,16,1020,"622,388,637,218,895"
1188,5,False,False,0->0,,,,,16,1297,"536,512,935,157,856"
1189,5,False,False,0->0,,,,,16,1090,"675,625,764,787,254"
1191,5,False,False,0->0,,,,,16,508,"733,768,796,818,102"
1192,5,False,False,0->0,,,,,16,1035,"383,136,37,265,131"
1194,5,False,False,0->0,,,,,16,1055,"279,262,482,82,126"
1195,5,False,False,0->0,,,,,16,1023,"113,324,963,699,49"
1196,5,False,False,0->0,,,,,16,1058,"843,162,404,376,102"
1197,5,False,False,0->0,,,,,16,363,"685,356,332,752,247"
1198,5,False,False,0->0,,,,,16,861,"25,771,574,974,754"
1199,5,False,False,0->0,,,,,16,574,"317,33,214,713,652"
1200,5,False,False,0->0,,,,,16,1121,"987,342,453,658,54"
1201,5,False,False,0->0,,,,,16,1154,"733,929,313,211,218"
1202,5,False,False,0->0,,,,,16,359,"969,65,637,690,547"
1203,5,False,False,0->0,,,,,16,480,"150,67,921,60,856"
1204,5,False,False,0->0,,,,,16,866,"690,20,210,175,599"
1206,5,False,False,0->0,,,,,16,491,"428,41,899,786,694"
1207,5,False,False,0->0,,,,,16,763,"836,542,74,945,64"
1208,5,False,False,0->0,,,,,16,742,"126,505,100,568,503"
1209,5,False,False,0->0,,,,,16,705,"886,773,975,82,567"
1210,5,False,False,0->0,,,,,16,508,"522,80,933,970,253"
1211,5,False,False,0->0,,,,,16,521,"233,456,372,169,206"
1213,5,False,False,0->0,,,,,16,515,"122,141,888,715,228"
1215,5,False,False,0->0,,,,,16,917,"859,326,189,737,991"
1216,5,False,False,0->0,,,,,16,922,"378,434,81,601,288"
1218,5,False,False,0->0,,,,,16,1019,"154,264,823,690,655"
1219,5,False,False,0->0,,,,,16,690,"944,620,356,418,627"
1220,5,False,False,0->0,,,,,16,676,"278,683,426,798,563"
1222,5,False,False,0->0,,,,,16,386,"944,243,455,683,778"
1223,5,False,False,0->0,,,,,16,918,"41,693,442,381,549"
1224,5,False,False,0->0,,,,,16,412,"444,243,515,494,806"
1225,5,False,False,0->0,,,,,16,724,"124,567,732,753,294"
1228,5,False,False,0->0,,,,,16,475,"214,783,649,672,906"
1229,5,False,False,0->0,,,,,16,851,"500,980,814,11,612"
1231,5,False,False,0->0,,,,,16,503,"492,609,500,655,861"
1232,5,False,False,0->0,,,,,16,551,"5,961,757,675,426"
1233,5,False,False,0->0,,,,,16,636,"975,282,780,423,962"
1234,5,False,False,0->0,,,,,16,451,"402,268,814,414,384"
1236,5,False,False,0->0,,,,,16,1620,"998,553,977,230,302"
1237,5,False,False,0->0,,,,,16,685,"270,842,851,673,848"
1238,5,False,False,0->0,,,,,16,515,"440,814,899,62,541"
1239,5,False,False,0->0,,,,,16,504,"848,338,836,872,813"
1240,5,False,False,0->0,,,,,16,1156,"207,618,752,38,326"
1241,5,False,False,0->0,,,,,16,414,"803,775,207,921,417"
1242,5,False,False,0->0,,,,,16,549,"842,420,513,720,455"
1243,5,False,False,0->0,,,,,16,509,"442,299,69,760,441"
1244,5,False,False,0->0,,,,,16,767,"703,100,404,614,268"
1245,5,False,False,0->0,,,,,16,781,"711,896,175,638,909"
1246,5,False,False,0->0,,,,,16,1392,"424,114,601,384,326"
1247,5,False,False,0->0,,,,,16,863,"937,68,379,838,789"
1248,5,False,False,0->0,,,,,16,772,"313,549,314,235,736"
1251,5,False,False,0->0,,,,,16,1063,"955,142,897,827,847"
1254,5,False,False,0->0,,,,,16,1414,"503,648,874,289,373"
1255,5,False,False,0->0,,,,,16,629,"291,771,554,924,43"
1256,5,False,False,0->0,,,,,16,575,"586,650,547,870,495"
1257,5,False,False,0->0,,,,,16,857,"703,720,411,813,938"
1259,5,False,False,0->0,,,,,16,371,"884,857,736,670,17"
1260,5,False,False,0->0,,,,,16,826,"251,302,711,269,891"
1261,5,False,False,0->0,,,,,16,902,"414,393,138,710,668"
1263,5,False,False,0->0,,,,,16,1387,"907,285,808,505,39"
1264,5,False,False,0->0,,,,,16,107,"133,982,403,207,924"
1265,5,False,False,0->0,,,,,16,647,"569,636,269,589,266"
1268,5,False,False,0->0,,,,,16,495,"389,957,120,23,868"
1269,5,False,False,0->0,,,,,16,2078,"598,544,666,388,238"
1270,5,False,False,0->0,,,,,16,871,"527,272,474,318,896"
1273,5,False,False,0->0,,,,,16,555,"268,299,107,24,323"
1274,5,False,False,0->0,,,,,16,735,"922,209,873,12,499"
1275,5,False,False,0->0,,,,,16,1412,"61,162,977,532,987"
1276,5,False,False,0->0,,,,,16,1243,"298,652,921,411,326"
1277,5,False,False,0->0,,,,,16,658,"245,73,110,217,722"
1278,5,False,False,0->0,,,,,16,330,"239,683,45,331,260"
1279,5,False,False,0->0,,,,,16,922,"127,141,759,225,135"
1281,5,False,False,0->0,,,,,16,890,"54,966,375,924,179"
1282,5,False,False,0->0,,,,,16,617,"605,182,261,337,832"
1283,5,False,False,0->0,,,,,16,1258,"413,751,563,284,163"
1284,5,False,False,0->0,,,,,16,744,"514,973,331,507,729"
1285,5,False,False,0->0,,,,,16,533,"583,397,667,573,159"
1286,5,False,False,0->0,,,,,16,411,"54,707,732,490,796"
1287,5,False,False,0->0,,,,,16,2026,"318,216,806,735,482"
1288,5,False,False,0->0,,,,,16,1145,"876,886,70,505,978"
1289,5,False,False,0->0,,,,,16,1049,"257,660,893,782,437"
1291,5,False,False,0->0,,,,,16,492,"102,601,177,37,554"
1292,5,False,False,0->0,,,,,16,762,"131,20,648,958,302"
1293,5,False,False,0->0,,,,,16,999,"876,26,862,592,454"
1294,5,False,False,0->0,,,,,16,522,"76,47,777,893,20"
1295,5,False,False,0->0,,,,,16,900,"655,848,914,605,721"
1297,5,False,False,0->0,,,,,16,731,"805,135,400,13,397"
1298,5,False,False,0->0,,,,,16,962,"627,189,113,16,56"
1299,5,False,False,0->0,,,,,16,1335,"483,544,371,748,116"
1300,5,False,False,0->0,,,,,16,515,"958,29,128,408,474"
1302,5,False,False,0->0,,,,,16,1014,"914,434,867,822,139"
1303,5,False,False,0->0,,,,,16,400,"801,325,692,940,383"
1305,5,False,False,0->0,,,,,16,763,"285,385,270,966,425"
1306,5,False,False,0->0,,,,,16,1632,"800,730,216,472,513"
1307,5,False,False,0->0,,,,,16,571,"662,830,930,433,98"
1308,5,False,False,0->0,,,,,16,840,"695,891,100,90,467"
1309,5,False,False,0->0,,,,,16,1250,"792,853,62,874,125"
1312,5,False,False,0->0,,,,,16,460,"723,297,60,335,128"
1313,5,False,False,0->0,,,,,16,1352,"366,33,20,228,284"
1316,5,False,False,0->0,,,,,16,503,"909,487,694,830,64"
1317,5,False,False,0->0,,,,,16,573,"31,756,794,719,898"
1318,5,False,False,0->0,,,,,16,935,"765,542,633,884,381"
1319,5,False,False,0->0,,,,,16,583,"413,317,616,8,423"
1320,5,False,False,0->0,,,,,16,744,"454,829,595,749,16"
1321,5,False,False,0->0,,,,,16,749,"736,217,994,688,202"
1322,5,False,False,0->0,,,,,16,1415,"910,578,627,383,758"
1326,5,False,False,0->0,,,,,16,819,"39,37,986,601,709"
1327,5,False,False,0->0,,,,,16,805,"7,780,205,52,621"
1328,5,False,False,0->0,,,,,16,726,"811,618,750,783,308"
1329,5,False,False,0->0,,,,,16,586,"175,902,239,777,283"
1331,5,False,False,0->0,,,,,16,787,"870,204,689,931,700"
1332,5,False,False,0->0,,,,,16,713,"242,637,63,716,545"
1333,5,False,False,0->0,,,,,16,926,"928,371,637,542,597"
1334,5,False,False,0->0,,,,,16,601,"293,598,386,602,137"
1338,5,False,False,0->0,,,,,16,1123,"371,143,738,395,993"
1339,5,False,False,0->0,,,,,16,437,"398,193,817,218,937"
1342,5,False,False,0->0,,,,,16,411,"632,983,407,251,131"
1344,5,False,False,0->0,,,,,16,1475,"343,776,131,753,555"
1346,5,False,False,0->0,,,,,16,535,"428,340,458,387,457"
1351,5,False,False,0->0,,,,,16,1255,"389,289,588,157,162"
1352,5,False,False,0->0,,,,,16,682,"105,958,53,404,966"
1353,5,False,False,0->0,,,,,16,787,"649,563,726,417,794"
1354,5,False,False,0->0,,,,,16,298,"460,600,95,975,457"
1355,5,False,False,0->0,,,,,16,361,"538,380,1000,346,921"
1356,5,False,False,0->0,,,,,16,861,"687,773,91,329,269"
1357,5,False,False,0->0,,,,,16,435,"322,414,986,770,696"
1358,5,False,False,0->0,,,,,16,995,"200,146,25,272,166"
1360,5,False,False,0->0,,,,,16,843,"260,333,612,471,806"
1363,5,False,False,0->0,,,,,16,832,"312,239,468,914,158"
1365,5,False,False,0->0,,,,,16,455,"789,875,597,93,274"
1366,5,False,False,0->0,,,,,16,534,"944,105,268,751,606"
1367,5,False,False,0->0,,,,,16,971,"46,379,577,570,325"
1368,5,False,False,0->0,,,,,16,694,"989,171,855,437,34"
1369,5,False,False,0->0,,,,,16,193,"780,729,727,531,555"
1371,5,False,False,0->0,,,,,16,1352,"375,221,878,897,700"
1373,5,False,False,0->0,,,,,16,450,"886,564,135,176,11"
1375,5,False,False,0->0,,,,,16,506,"756,244,254,59,793"
1377,5,False,False,0->0,,,,,16,748,"39,376,289,410,616"
1378,5,False,False,0->0,,,,,16,423,"65,417,371,902,346"
1379,5,False,False,0->0,,,,,16,503,"103,952,266,930,705"
1380,5,False,False,0->0,,,,,16,614,"564,851,266,284,459"
1381,5,False,False,0->0,,,,,16,559,"653,969,158,344,501"
1382,5,False,False,0->0,,,,,16,276,"77,565,817,666,546"
1383,5,False,False,0->0,,,,,16,779,"739,554,131,51,459"
1385,5,False,False,0->0,,,,,16,438,"500,852,410,218,924"
1388,5,False,False,0->0,,,,,16,1236,"485,520,369,646,173"
1389,5,False,False,0->0,,,,,16,544,"17,560,733,274,597"
1390,5,False,False,0->0,,,,,16,467,"147,376,625,32,108"
1391,5,False,False,0->0,,,,,16,798,"100,383,160,397,352"
1392,5,False,False,0->0,,,,,16,346,"154,457,699,683,705"
1394,5,False,False,0->0,,,,,16,788,"700,666,425,439,906"
1395,5,False,False,0->0,,,,,16,372,"43,787,387,168,98"
1396,5,False,False,0->0,,,,,16,859,"508,814,976,128,397"
1397,5,False,False,0->0,,,,,16,676,"54,742,797,489,365"
1399,5,False,False,0->0,,,,,16,519,"17,442,789,402,42"
1400,5,False,False,0->0,,,,,16,529,"167,928,658,527,560"
1401,5,False,False,0->0,,,,,16,1158,"840,657,654,407,539"
1403,5,False,False,0->0,,,,,16,789,"16,102,81,631,279"
1404,5,False,False,0->0,,,,,16,975,"646,96,384,147,627"
1406,5,False,False,0->0,,,,,16,512,"365,32,981,949,844"
1407,5,False,False,0->0,,,,,16,1310,"982,368,761,691,88"
1408,5,False,False,0->0,,,,,16,489,"269,7,196,730,67"
1409,5,False,False,0->0,,,,,16,451,"681,338,372,625,908"
1410,5,False,False,0->0,,,,,16,546,"714,220,24,434,689"
1411,5,False,False,0->0,,,,,16,475,"865,193,221,120,31"
1412,5,False,False,0->0,,,,,16,2195,"485,512,991,822,567"
1413,5,False,False,0->0,,,,,16,673,"473,721,378,856,37"
1415,5,False,False,0->0,,,,,16,845,"389,794,224,782,835"
1416,5,False,False,0->0,,,,,16,718,"428,930,970,921,270"
1417,5,False,False,0->0,,,,,16,639,"830,817,220,111,634"
1418,5,False,False,0->0,,,,,16,437,"859,40,650,481,134"
1419,5,False,False,0->0,,,,,16,1134,"365,797,653,428,938"
1420,5,False,False,0->0,,,,,16,549,"190,618,828,121,543"
1423,5,False,False,0->0,,,,,16,614,"769,335,410,897,200"
1424,5,False,False,0->0,,,,,16,1519,"874,588,88,346,33"
1429,5,False,False,0->0,,,,,16,1189,"120,622,586,800,174"
1430,5,False,False,0->0,,,,,16,979,"632,110,209,797,374"
1431,5,False,False,0->0,,,,,16,452,"594,969,94,954,666"
1432,5,False,False,0->0,,,,,16,906,"977,527,379,880,790"
1433,5,False,False,0->0,,,,,16,304,"695,705,344,860,929"
1434,5,False,False,0->0,,,,,16,606,"791,605,252,212,131"
1435,5,False,False,0->0,,,,,16,818,"360,737,3,389,920"
1436,5,False,False,0->0,,,,,16,893,"797,274,273,425,685"
1437,5,False,False,0->0,,,,,16,1102,"344,840,897,582,426"
1438,5,False,False,0->0,,,,,16,896,"732,902,264,553,442"
1439,5,False,False,0->0,,,,,16,492,"568,705,746,279,675"
1440,5,False,False,0->0,,,,,16,430,"472,342,148,225,131"
1443,5,False,False,0->0,,,,,16,596,"316,857,322,744,37"
1444,5,False,False,0->0,,,,,16,355,"798,152,616,130,757"
1446,5,False,False,0->0,,,,,16,965,"625,569,413,415,678"
1447,5,False,False,0->0,,,,,16,1378,"718,316,748,165,417"
1449,5,False,False,0->0,,,,,16,1323,"857,850,827,36,141"
1450,5,False,False,0->0,,,,,16,910,"720,878,161,111,36"
1451,5,False,False,0->0,,,,,16,487,"17,266,979,935,176"
1452,5,False,False,0->0,,,,,16,973,"856,33,917,87,15"
1453,5,False,False,0->0,,,,,16,448,"957,982,921,555,733"
1454,5,False,False,0->0,,,,,16,1191,"536,523,542,1,833"
1455,5,False,False,0->0,,,,,16,381,"221,547,193,958,18"
1456,5,False,False,0->0,,,,,16,834,"928,444,852,786,686"
1458,5,False,False,0->0,,,,,16,1099,"247,496,544,48,218"
1459,5,False,False,0->0,,,,,16,381,"853,34,501,159,985"
1460,5,False,False,0->0,,,,,16,628,"331,100,835,805,199"
1461,5,False,False,0->0,,,,,16,915,"78,731,840,172,757"
1462,5,False,False,0->0,,,,,16,884,"685,507,619,46,843"
1463,5,False,False,0->0,,,,,16,987,"181,146,981,800,409"
1465,5,False,False,0->0,,,,,16,1402,"639,369,693,893,659"
1466,5,False,False,0->0,,,,,16,308,"323,137,315,133,943"
1467,5,False,False,0->0,,,,,16,1009,"323,658,681,723,109"
1468,5,False,False,0->0,,,,,16,519,"135,773,553,137,560"
1470,5,False,False,0->0,,,,,16,1688,"808,9,454,117,626"
1473,5,False,False,0->0,,,,,16,1037,"558,3,695,250,81"
1474,5,False,False,0->0,,,,,16,820,"350,63,606,410,597"
1476,5,False,False,0->0,,,,,16,1232,"761,741,767,17,590"
1477,5,False,False,0->0,,,,,16,746,"451,446,273,434,280"
1478,5,False,False,0->0,,,,,16,678,"699,683,116,147,913"
1479,5,False,False,0->0,,,,,16,870,"716,928,77,134,183"
1480,5,False,False,0->0,,,,,16,470,"235,729,969,267,494"
1481,5,False,False,0->0,,,,,16,1121,"609,402,400,163,246"
1483,5,False,False,0->0,,,,,16,758,"302,640,99,729,859"
1485,5,False,False,0->0,,,,,16,1306,"2,764,165,983,137"
1486,5,False,False,0->0,,,,,16,1108,"775,624,879,444,445"
1487,5,False,False,0->0,,,,,16,783,"673,204,135,5,541"
1488,5,False,False,0->0,,,,,16,436,"699,721,672,850,617"
1489,5,False,False,0->0,,,,,16,497,"555,261,206,729,702"
1490,5,False,False,0->0,,,,,16,1095,"588,765,723,891,887"
1494,5,False,False,0->0,,,,,16,207,"805,568,752,33,921"
1495,5,False,False,0->0,,,,,16,574,"602,201,125,93,245"
1497,5,False,False,0->0,,,,,16,307,"223,167,902,563,849"
1498,5,False,False,0->0,,,,,16,427,"327,944,589,654,963"
1500,5,False,False,0->0,,,,,16,1078,"180,253,877,273,288"
1501,5,False,False,0->0,,,,,16,544,"164,870,857,132,862"
1502,5,False,False,0->0,,,,,16,294,"128,633,283,993,220"
1503,5,False,False,0->0,,,,,16,944,"795,136,402,412,655"
1504,5,False,False,0->0,,,,,16,714,"8,251,934,81,265"
1506,5,False,False,0->0,,,,,16,926,"862,194,709,134,424"
1507,5,False,False,0->0,,,,,16,1197,"667,597,130,590,245"
1510,5,False,False,0->0,,,,,16,325,"622,20,139,963,597"
1511,5,False,False,0->0,,,,,16,652,"962,553,781,277,456"
1512,5,False,False,0->0,,,,,16,747,"545,76,424,886,231"
1513,5,False,False,0->0,,,,,16,1196,"228,896,686,493,263"
1514,5,False,False,0->0,,,,,16,637,"374,469,394,267,518"
1515,5,False,False,0->0,,,,,16,960,"877,871,139,486,362"
1518,5,False,False,0->0,,,,,16,445,"790,595,248,34,501"
1519,5,False,False,0->0,,,,,16,439,"233,477,278,524,565"
1520,5,False,False,0->0,,,,,16,371,"537,759,913,692,854"
1523,5,False,False,0->0,,,,,16,445,"999,2,738,469,850"
1524,5,False,False,0->0,,,,,16,1320,"264,790,5,829,285"
1525,5,False,False,0->0,,,,,16,592,"148,418,246,743,416"
1530,5,False,False,0->0,,,,,16,758,"609,662,826,591,479"
1531,5,False,False,0->0,,,,,16,407,"409,96,56,795,438"
1532,5,False,False,0->0,,,,,16,948,"368,961,257,707,42"
1533,5,False,False,0->0,,,,,16,690,"420,67,632,524,930"
1534,5,False,False,0->0,,,,,16,609,"242,491,113,638,795"
1535,5,False,False,0->0,,,,,16,882,"507,770,74,363,64"
1536,5,False,False,0->0,,,,,16,394,"394,76,994,862,720"
1537,5,False,False,0->0,,,,,16,489,"673,778,390,347,6"
1538,5,False,False,0->0,,,,,16,1540,"887,398,9,474,3"
1540,5,False,False,0->0,,,,,16,1109,"330,378,16,417,808"
1541,5,False,False,0->0,,,,,16,1039,"27,941,601,91,734"
1543,5,False,False,0->0,,,,,16,1034,"607,750,93,690,86"
1545,5,False,False,0->0,,,,,16,1393,"874,504,847,373,972"
1546,5,False,False,0->0,,,,,16,835,"693,465,249,385,298"
1547,5,False,False,0->0,,,,,16,1491,"289,619,953,157,257"
1548,5,False,False,0->0,,,,,16,899,"238,955,233,352,248"
1549,5,False,False,0->0,,,,,16,777,"221,120,208,159,271"
1550,5,False,False,0->0,,,,,16,1108,"485,592,581,514,171"
1551,5,False,False,0->0,,,,,16,869,"844,949,73,680,539"
1552,5,False,False,0->0,,,,,16,769,"832,702,530,54,678"
1553,5,False,False,0->0,,,,,16,1453,"267,817,876,717,304"
1554,5,False,False,0->0,,,,,16,433,"616,168,279,384,204"
1555,5,False,False,0->0,,,,,16,363,"633,303,142,217,205"
1557,5,False,False,0->0,,,,,16,802,"610,748,926,585,490"
1559,5,False,False,0->0,,,,,16,810,"73,250,769,574,55"
1560,5,False,False,0->0,,,,,16,1572,"366,46,19,479,408"
1561,5,False,False,0->0,,,,,16,669,"418,218,806,535,387"
1562,5,False,False,0->0,,,,,16,1056,"178,248,19,143,718"
1563,5,False,False,0->0,,,,,16,556,"789,715,553,571,17"
1564,5,False,False,0->0,,,,,16,796,"33,50,493,14,223"
1565,5,False,False,0->0,,,,,16,1985,"917,474,485,84,527"
1567,5,False,False,0->0,,,,,16,868,"616,251,259,600,309"
1571,5,False,False,0->0,,,,,16,1058,"662,326,543,754,392"
1572,5,False,False,0->0,,,,,16,435,"709,122,727,387,648"
1574,5,False,False,0->0,,,,,16,900,"971,376,371,765,746"
1575,5,False,False,0->0,,,,,16,456,"33,17,692,434,251"
1576,5,False,False,0->0,,,,,16,568,"589,884,108,927,879"
1577,5,False,False,0->0,,,,,16,916,"725,813,847,264,195"
1578,5,False,False,0->0,,,,,16,590,"54,397,154,615,631"
1579,5,False,False,0->0,,,,,16,832,"359,588,549,607,206"
1581,5,False,False,0->0,,,,,16,452,"723,337,102,890,442"
1582,5,False,False,0->0,,,,,16,1127,"389,64,473,165,563"
1584,5,False,False,0->0,,,,,16,544,"76,385,68,960,251"
1585,5,False,False,0->0,,,,,16,1185,"358,11,186,917,73"
1586,5,False,False,0->0,,,,,16,770,"437,830,528,424,947"
1587,5,False,False,0->0,,,,,16,724,"719,147,54,599,357"
1588,5,False,False,0->0,,,,,16,417,"195,884,930,721,613"
1589,5,False,False,0->0,,,,,16,390,"806,231,362,456,305"
1590,5,False,False,0->0,,,,,16,798,"797,86,186,309,103"
1591,5,False,False,0->0,,,,,16,705,"668,455,12,944,44"
1592,5,False,False,0->0,,,,,16,625,"16,208,175,137,20"
1593,5,False,False,0->0,,,,,16,342,"459,121,905,909,921"
1594,5,False,False,0->0,,,,,16,1102,"548,24,488,33,513"
1595,5,False,False,0->0,,,,,16,1183,"513,252,504,304,156"
1596,5,False,False,0->0,,,,,16,849,"444,633,445,661,278"
1597,5,False,False,0->0,,,,,16,580,"288,271,372,112,982"
1599,5,False,False,0->0,,,,,16,1230,"294,38,591,826,199"
1601,5,False,False,0->0,,,,,16,878,"808,86,796,768,12"
1602,5,False,False,0->0,,,,,16,711,"368,531,53,852,472"
1603,5,False,False,0->0,,,,,16,1054,"995,768,490,973,409"
1605,5,False,False,0->0,,,,,16,338,"280,65,662,620,16"
1606,5,False,False,0->0,,,,,16,751,"512,531,358,2,159"
1607,5,False,False,0->0,,,,,16,478,"690,865,225,732,414"
1609,5,False,False,0->0,,,,,16,887,"98,374,710,335,557"
1610,5,False,False,0->0,,,,,16,782,"239,29,592,877,9"
1611,5,False,False,0->0,,,,,16,758,"461,662,951,976,739"
1612,5,False,False,0->0,,,,,16,564,"331,634,890,956,695"
1613,5,False,False,0->0,,,,,16,732,"32,445,510,47,291"
1614,5,False,False,0->0,,,,,16,640,"232,130,513,231,460"
1615,5,False,False,0->0,,,,,16,625,"176,829,32,774,758"
1616,5,False,False,0->0,,,,,16,573,"414,503,413,947,134"
1617,5,False,False,0->0,,,,,16,880,"441,974,697,90,243"
1618,5,False,False,0->0,,,,,16,422,"537,102,347,778,913"
1620,5,False,False,0->0,,,,,16,1034,"545,876,226,968,944"
1621,5,False,False,0->0,,,,,16,336,"42,929,672,794,568"
1622,5,False,False,0->0,,,,,16,616,"397,745,83,570,872"
1623,5,False,False,0->0,,,,,16,623,"270,492,379,684,957"
1624,5,False,False,0->0,,,,,16,947,"448,599,859,609,160"
1625,5,False,False,0->0,,,,,16,702,"188,120,961,352,322"
1626,5,False,False,0->0,,,,,16,640,"408,851,317,947,739"
1627,5,False,False,0->0,,,,,16,429,"909,603,924,712,979"
1629,5,False,False,0->0,,,,,16,1045,"92,845,771,443,906"
1630,5,False,False,0->0,,,,,16,845,"81,708,674,34,302"
1631,5,False,False,0->0,,,,,16,782,"782,584,40,245,356"
1633,5,False,False,0->0,,,,,16,529,"959,935,17,358,761"
1634,5,False,False,0->0,,,,,16,1001,"585,783,447,838,163"
1635,5,False,False,0->0,,,,,16,489,"806,131,379,398,305"
1636,5,False,False,0->0,,,,,16,1438,"833,590,294,666,532"
1637,5,False,False,0->0,,,,,16,597,"233,220,109,910,914"
1640,5,False,False,0->0,,,,,16,483,"943,758,679,696,402"
1641,5,False,False,0->0,,,,,16,562,"50,675,414,920,116"
1642,5,False,False,0->0,,,,,16,1070,"482,486,556,793,97"
1645,5,False,False,0->0,,,,,16,766,"595,733,285,444,999"
1646,5,False,False,0->0,,,,,16,456,"724,612,41,193,346"
1647,5,False,False,0->0,,,,,16,1024,"310,534,269,631,163"
1648,5,False,False,0->0,,,,,16,590,"589,268,980,278,391"
1650,5,False,False,0->0,,,,,16,380,"958,415,527,99,953"
1651,5,False,False,0->0,,,,,16,1220,"942,594,162,877,486"
1654,5,False,False,0->0,,,,,16,453,"714,270,910,103,236"
1655,5,False,False,0->0,,,,,16,925,"445,177,147,505,660"
1656,5,False,False,0->0,,,,,16,1739,"395,880,879,280,376"
1657,5,False,False,0->0,,,,,16,663,"806,542,203,496,383"
1658,5,False,False,0->0,,,,,16,417,"474,254,587,152,565"
1659,5,False,False,0->0,,,,,16,517,"265,676,817,756,715"
1660,5,False,False,0->0,,,,,16,547,"719,489,155,954,506"
1663,5,False,False,0->0,,,,,16,1144,"519,278,574,290,827"
1665,5,False,False,0->0,,,,,16,477,"70,719,531,7,610"
1667,5,False,False,0->0,,,,,16,609,"582,81,506,884,768"
1668,5,False,False,0->0,,,,,16,1318,"116,17,863,272,748"
1671,5,False,False,0->0,,,,,16,1023,"225,297,438,834,210"
1672,5,False,False,0->0,,,,,16,378,"796,445,340,622,615"
1673,5,False,False,0->0,,,,,16,307,"823,522,23,420,48"
1674,5,False,False,0->0,,,,,16,471,"654,754,723,560,33"
1676,5,False,False,0->0,,,,,16,365,"537,196,239,613,33"
1677,5,False,False,0->0,,,,,16,642,"76,51,753,675,648"
1679,5,False,False,0->0,,,,,16,544,"961,266,92,507,960"
1680,5,False,False,0->0,,,,,16,488,"491,49,247,447,179"
1682,5,False,False,0->0,,,,,16,1109,"543,487,772,703,726"
1685,5,False,False,0->0,,,,,16,1341,"764,238,872,448,789"
1686,5,False,False,0->0,,,,,16,696,"834,704,877,365,828"
1687,5,False,False,0->0,,,,,16,467,"653,169,344,134,80"
1688,5,False,False,0->0,,,,,16,553,"205,992,245,494,233"
1689,5,False,False,0->0,,,,,16,849,"298,267,616,177,313"
1690,5,False,False,0->0,,,,,16,953,"50,624,690,830,24"
1691,5,False,False,0->0,,,,,16,561,"687,95,226,553,12"
1692,5,False,False,0->0,,,,,16,834,"56,463,110,429,748"
1693,5,False,False,0->0,,,,,16,1070,"196,949,800,37,492"
1694,5,False,False,0->0,,,,,16,1207,"140,104,908,329,911"
1695,5,False,False,0->0,,,,,16,524,"152,560,265,379,102"
1696,5,False,False,0->0,,,,,16,533,"417,201,694,396,752"
1698,5,False,False,0->0,,,,,16,672,"159,948,620,263,741"
1700,5,False,False,0->0,,,,,16,405,"783,45,687,804,792"
1701,5,False,False,0->0,,,,,16,663,"143,742,454,157,110"
1702,5,False,False,0->0,,,,,16,316,"268,124,763,780,595"
1703,5,False,False,0->0,,,,,16,419,"625,696,899,282,382"
1704,5,False,False,0->0,,,,,16,456,"93,277,731,913,670"
1705,5,False,False,0->0,,,,,16,859,"899,396,81,239,421"
1706,5,False,False,0->0,,,,,16,874,"460,512,209,730,944"
1707,5,False,False,0->0,,,,,16,1216,"751,333,800,364,520"
1708,5,False,False,0->0,,,,,16,1084,"519,649,845,436,468"
1709,5,False,False,0->0,,,,,16,999,"12,860,42,917,421"
1710,5,False,False,0->0,,,,,16,913,"419,152,76,82,770"
1711,5,False,False,0->0,,,,,16,492,"805,911,650,985,379"
1712,5,False,False,0->0,,,,,16,472,"742,990,779,226,811"
1713,5,False,False,0->0,,,,,16,720,"564,592,717,908,196"
1714,5,False,False,0->0,,,,,16,261,"715,402,654,731,768"
1715,5,False,False,0->0,,,,,16,971,"507,964,29,37,196"
1716,5,False,False,0->0,,,,,16,802,"287,821,19,898,768"
1718,5,False,False,0->0,,,,,16,1028,"994,25,114,18,627"
1720,5,False,False,0->0,,,,,16,621,"515,537,510,414,826"
1721,5,False,False,0->0,,,,,16,1147,"961,41,443,455,764"
1722,5,False,False,0->0,,,,,16,344,"398,316,694,758,56"
1723,5,False,False,0->0,,,,,16,787,"23,691,324,16,272"
1724,5,False,False,0->0,,,,,16,508,"806,76,1,884,42"
1726,5,False,False,0->0,,,,,16,546,"179,67,192,669,391"
1727,5,False,False,0->0,,,,,16,683,"570,568,157,279,586"
1728,5,False,False,0->0,,,,,16,459,"422,625,873,548,391"
1730,5,False,False,0->0,,,,,16,389,"344,696,15,452,947"
1731,5,False,False,0->0,,,,,16,629,"329,301,769,195,838"
1732,5,False,False,0->0,,,,,16,791,"569,686,74,708,753"
1733,5,False,False,0->0,,,,,16,886,"883,2,162,394,524"
1734,5,False,False,0->0,,,,,16,1352,"38,905,793,629,776"
1735,5,False,False,0->0,,,,,16,1012,"366,271,101,543,920"
1737,5,False,False,0->0,,,,,16,1886,"222,678,800,634,578"
1739,5,False,False,0->0,,,,,16,881,"27,706,316,775,100"
1740,5,False,False,0->0,,,,,16,1186,"940,937,431,663,620"
1741,5,False,False,0->0,,,,,16,548,"708,930,674,803,908"
1744,5,False,False,0->0,,,,,16,1343,"660,572,840,3,347"
1745,5,False,False,0->0,,,,,16,586,"142,279,528,1,563"
1746,5,False,False,0->0,,,,,16,886,"362,594,797,855,948"
1747,5,False,False,0->0,,,,,16,456,"687,17,589,298,867"
1748,5,False,False,0->0,,,,,16,1027,"694,863,926,648,994"
1749,5,False,False,0->0,,,,,16,852,"929,16,67,368,530"
1750,5,False,False,0->0,,,,,16,774,"229,843,558,247,372"
1751,5,False,False,0->0,,,,,16,723,"309,293,241,729,572"
1752,5,False,False,0->0,,,,,16,902,"535,68,842,391,678"
1753,5,False,False,0->0,,,,,16,890,"829,356,556,533,937"
1755,5,False,False,0->0,,,,,16,238,"2,694,676,560,742"
1756,5,False,False,0->0,,,,,16,671,"778,537,686,119,241"
1757,5,False,False,0->0,,,,,16,296,"175,866,46,867,794"
1758,5,False,False,0->0,,,,,16,897,"611,808,908,920,121"
1759,5,False,False,0->0,,,,,16,1515,"778,652,874,405,724"
1760,5,False,False,0->0,,,,,16,1240,"293,140,431,989,472"
1761,5,False,False,0->0,,,,,16,496,"418,884,681,927,893"
1763,5,False,False,0->0,,,,,16,1338,"589,528,504,471,733"
1765,5,False,False,0->0,,,,,16,1286,"5,263,324,900,245"
1767,5,False,False,0->0,,,,,16,905,"784,790,618,110,964"
1768,5,False,False,0->0,,,,,16,470,"670,102,677,168,279"
1770,5,False,False,0->0,,,,,16,830,"293,512,892,613,433"
1771,5,False,False,0->0,,,,,16,748,"601,908,211,314,255"
1772,5,False,False,0->0,,,,,16,305,"144,441,299,675,546"
1773,5,False,False,0->0,,,,,16,993,"441,857,483,404,822"
1774,5,False,False,0->0,,,,,16,385,"106,895,565,192,595"
1777,5,False,False,0->0,,,,,16,704,"860,861,81,433,857"
1778,5,False,False,0->0,,,,,16,378,"911,53,861,489,830"
1780,5,False,False,0->0,,,,,16,343,"890,235,178,823,838"
1781,5,False,False,0->0,,,,,16,1280,"172,655,20,928,739"
1782,5,False,False,0->0,,,,,16,1352,"917,411,666,974,527"
1783,5,False,False,0->0,,,,,16,935,"635,208,612,436,782"
1784,5,False,False,0->0,,,,,16,458,"17,63,920,528,585"
1785,5,False,False,0->0,,,,,16,1224,"447,454,674,24,485"
1786,5,False,False,0->0,,,,,16,565,"225,233,425,477,684"
1787,5,False,False,0->0,,,,,16,865,"685,381,979,175,293"
1788,5,False,False,0->0,,,,,16,1001,"609,929,835,911,343"
1789,5,False,False,0->0,,,,,16,1016,"823,535,703,674,11"
1791,5,False,False,0->0,,,,,16,425,"128,175,142,726,571"
1792,5,False,False,0->0,,,,,16,654,"672,433,40,79,321"
1794,5,False,False,0->0,,,,,16,1226,"684,404,783,388,802"
1795,5,False,False,0->0,,,,,16,1468,"111,933,370,708,764"
1797,5,False,False,0->0,,,,,16,1026,"674,686,327,471,246"
1800,5,False,False,0->0,,,,,16,366,"128,420,16,116,159"
1801,5,False,False,0->0,,,,,16,724,"726,405,770,498,990"
1802,5,False,False,0->0,,,,,16,1307,"309,782,570,264,436"
1804,5,False,False,0->0,,,,,16,1332,"730,92,431,381,5"
1805,5,False,False,0->0,,,,,16,812,"481,711,172,116,98"
1806,5,False,False,0->0,,,,,16,499,"124,743,218,56,126"
1807,5,False,False,0->0,,,,,16,298,"538,919,175,63,696"
1808,5,False,False,0->0,,,,,16,652,"980,572,836,195,192"
1809,5,False,False,0->0,,,,,16,741,"273,787,335,294,713"
1810,5,False,False,0->0,,,,,16,694,"902,913,746,935,673"
1811,5,False,False,0->0,,,,,16,1814,"700,471,428,887,276"
1812,5,False,False,0->0,,,,,16,776,"990,873,699,848,556"
1815,5,False,False,0->0,,,,,16,406,"346,555,985,225,818"
1816,5,False,False,0->0,,,,,16,734,"558,685,155,760,164"
1817,5,False,False,0->0,,,,,16,970,"477,88,753,977,99"
1818,5,False,False,0->0,,,,,16,585,"93,713,95,503,765"
1820,5,False,False,0->0,,,,,16,469,"68,31,421,737,133"
1821,5,False,False,0->0,,,,,16,765,"915,73,798,759,962"
1822,5,False,False,0->0,,,,,16,884,"453,496,992,497,505"
1823,5,False,False,0->0,,,,,16,847,"133,935,389,395,993"
1825,5,False,False,0->0,,,,,16,947,"718,267,906,291,895"
1828,5,False,False,0->0,,,,,16,1156,"428,553,979,238,627"
1829,5,False,False,0->0,,,,,16,983,"196,731,987,494,755"
1831,5,False,False,0->0,,,,,16,1455,"735,160,18,278,253"
1837,5,False,False,0->0,,,,,16,723,"451,322,962,610,456"
1838,5,False,False,0->0,,,,,16,1156,"428,125,287,953,388"
1839,5,False,False,0->0,,,,,16,346,"630,32,154,378,232"
1840,5,False,False,0->0,,,,,16,539,"477,152,723,331,614"
1841,5,False,False,0->0,,,,,16,269,"46,732,331,263,510"
1842,5,False,False,0->0,,,,,16,284,"798,762,574,34,211"
1843,5,False,False,0->0,,,,,16,1018,"953,225,856,376,174"
1845,5,False,False,0->0,,,,,16,1379,"136,395,837,124,732"
1846,5,False,False,0->0,,,,,16,742,"141,443,739,563,752"
1848,5,False,False,0->0,,,,,16,381,"169,814,868,342,108"
1849,5,False,False,0->0,,,,,16,709,"474,37,833,908,763"
1850,5,False,False,0->0,,,,,16,926,"794,986,270,797,463"
1851,5,False,False,0->0,,,,,16,343,"16,546,587,984,182"
1852,5,False,False,0->0,,,,,16,498,"454,530,584,277,193"
1853,5,False,False,0->0,,,,,16,1259,"350,855,844,851,848"
1854,5,False,False,0->0,,,,,16,867,"238,754,416,691,473"
1855,5,False,False,0->0,,,,,16,1378,"779,949,326,19,268"
1856,5,False,False,0->0,,,,,16,736,"390,445,811,536,979"
1860,5,False,False,0->0,,,,,16,1399,"750,802,740,50,824"
1862,5,False,False,0->0,,,,,16,932,"521,287,566,703,319"
1863,5,False,False,0->0,,,,,16,1401,"944,485,826,619,537"
1866,5,False,False,0->0,,,,,16,899,"672,288,312,119,558"
1867,5,False,False,0->0,,,,,16,651,"176,523,917,589,727"
1868,5,False,False,0->0,,,,,16,1300,"850,302,388,995,433"
1869,5,False,False,0->0,,,,,16,1638,"938,88,350,541,20"
1871,5,False,False,0->0,,,,,16,423,"938,438,271,49,640"
1872,5,False,False,0->0,,,,,16,468,"128,310,591,557,303"
1874,5,False,False,0->0,,,,,16,1501,"512,433,252,395,132"
1875,5,False,False,0->0,,,,,16,841,"935,36,553,241,551"
1876,5,False,False,0->0,,,,,16,710,"374,683,355,459,104"
1878,5,False,False,0->0,,,,,16,633,"580,743,242,585,285"
1879,5,False,False,0->0,,,,,16,756,"840,634,781,734,905"
1880,5,False,False,0->0,,,,,16,670,"568,174,832,865,575"
1881,5,False,False,0->0,,,,,16,1443,"669,5,739,79,717"
1882,5,False,False,0->0,,,,,16,534,"279,280,106,253,727"
1885,5,False,False,0->0,,,,,16,894,"172,635,72,420,730"
1886,5,False,False,0->0,,,,,16,949,"773,992,512,726,957"
1887,5,False,False,0->0,,,,,16,405,"741,913,731,981,100"
1888,5,False,False,0->0,,,,,16,1284,"609,330,113,395,745"
1889,5,False,False,0->0,,,,,16,573,"346,414,114,751,352"
1890,5,False,False,0->0,,,,,16,1037,"824,533,331,481,88"
1891,5,False,False,0->0,,,,,16,892,"459,505,397,515,91"
1892,5,False,False,0->0,,,,,16,696,"589,5,532,979,48"
1893,5,False,False,0->0,,,,,16,1580,"705,197,597,81,84"
1894,5,False,False,0->0,,,,,16,1259,"379,400,844,758,91"
1895,5,False,False,0->0,,,,,16,814,"732,643,721,188,391"
1897,5,False,False,0->0,,,,,16,1252,"155,319,575,143,578"
1898,5,False,False,0->0,,,,,16,663,"467,919,94,956,282"
1899,5,False,False,0->0,,,,,16,613,"731,185,552,823,599"
1900,5,False,False,0->0,,,,,16,1215,"872,205,313,848,726"
1901,5,False,False,0->0,,,,,16,802,"594,340,72,788,272"
1902,5,False,False,0->0,,,,,16,1023,"656,498,910,827,162"
1903,5,False,False,0->0,,,,,16,1066,"200,229,33,772,69"
1904,5,False,False,0->0,,,,,16,1245,"114,908,495,860,19"
1906,5,False,False,0->0,,,,,16,483,"786,322,724,769,78"
1907,5,False,False,0->0,,,,,16,933,"680,196,740,269,716"
1909,5,False,False,0->0,,,,,16,1064,"346,104,411,714,504"
1912,5,False,False,0->0,,,,,16,475,"440,207,132,127,94"
1913,5,False,False,0->0,,,,,16,1208,"987,642,320,301,855"
1914,5,False,False,0->0,,,,,16,1323,"329,197,504,625,780"
1915,5,False,False,0->0,,,,,16,1212,"126,121,614,594,419"
1916,5,False,False,0->0,,,,,16,596,"777,195,687,765,611"
1917,5,False,False,0->0,,,,,16,598,"225,51,742,715,391"
1918,5,False,False,0->0,,,,,16,960,"867,456,548,896,910"
1919,5,False,False,0->0,,,,,16,402,"805,519,448,307,922"
1920,5,False,False,0->0,,,,,16,450,"909,206,58,131,154"
1921,5,False,False,0->0,,,,,16,1669,"84,813,900,837,121"
1922,5,False,False,0->0,,,,,16,689,"492,242,605,119,94"
1923,5,False,False,0->0,,,,,16,674,"533,50,975,803,591"
1924,5,False,False,0->0,,,,,16,1119,"829,703,416,683,214"
1925,5,False,False,0->0,,,,,16,517,"811,494,203,489,241"
1927,5,False,False,0->0,,,,,16,630,"223,679,767,978,90"
1928,5,False,False,0->0,,,,,16,976,"500,125,928,930,677"
1929,5,False,False,0->0,,,,,16,1577,"544,542,604,872,870"
1933,5,False,False,0->0,,,,,16,640,"274,31,162,813,404"
1934,5,False,False,0->0,,,,,16,1484,"488,512,363,656,617"
1935,5,False,False,0->0,,,,,16,2059,"171,302,659,264,899"
1936,5,False,False,0->0,,,,,16,400,"805,641,314,139,639"
1938,5,False,False,0->0,,,,,16,945,"144,305,677,143,197"
1939,5,False,False,0->0,,,,,16,672,"606,595,880,801,984"
1940,5,False,False,0->0,,,,,16,1037,"980,504,335,389,205"
1942,5,False,False,0->0,,,,,16,351,"179,527,239,380,961"
1943,5,False,False,0->0,,,,,16,747,"172,192,483,444,68"
1945,5,False,False,0->0,,,,,16,982,"97,567,254,584,107"
1947,5,False,False,0->0,,,,,16,979,"22,806,578,380,897"
1948,5,False,False,0->0,,,,,16,1623,"754,395,603,800,316"
1949,5,False,False,0->0,,,,,16,441,"865,599,126,278,477"
1950,5,False,False,0->0,,,,,16,832,"282,158,913,124,488"
1951,5,False,False,0->0,,,,,16,626,"994,714,783,67,680"
1952,5,False,False,0->0,,,,,16,1048,"63,667,906,412,363"
1954,5,False,False,0->0,,,,,16,657,"658,101,740,204,77"
1955,5,False,False,0->0,,,,,16,745,"534,654,381,456,801"
1956,5,False,False,0->0,,,,,16,521,"18,119,849,521,915"
1957,5,False,False,0->0,,,,,16,714,"520,730,833,943,441"
1958,5,False,False,0->0,,,,,16,1446,"802,832,974,324,857"
1960,5,False,False,0->0,,,,,16,887,"14,826,378,758,726"
1961,5,False,False,0->0,,,,,16,894,"621,711,475,226,453"
1962,5,False,False,0->0,,,,,16,1673,"447,726,577,974,760"
1965,5,False,False,0->0,,,,,16,781,"130,3,692,983,422"
1966,5,False,False,0->0,,,,,16,932,"982,343,536,402,195"
1967,5,False,False,0->0,,,,,16,962,"45,383,784,924,388"
1968,5,False,False,0->0,,,,,16,1472,"424,508,230,990,22"
1969,5,False,False,0->0,,,,,16,1504,"194,444,141,937,471"
1970,5,False,False,0->0,,,,,16,1252,"370,824,25,710,463"
1971,5,False,False,0->0,,,,,16,276,"684,866,184,769,687"
1972,5,False,False,0->0,,,,,16,951,"426,173,902,640,861"
1974,5,False,False,0->0,,,,,16,871,"33,431,528,634,317"
1975,5,False,False,0->0,,,,,16,1086,"693,259,94,414,745"
1976,5,False,False,0->0,,,,,16,1264,"233,259,829,792,926"
1977,5,False,False,0->0,,,,,16,636,"272,86,384,442,37"
1978,5,False,False,0->0,,,,,16,904,"250,635,160,164,765"
1980,5,False,False,0->0,,,,,16,1069,"871,984,989,631,910"
1981,5,False,False,0->0,,,,,16,591,"580,789,778,719,7"
1982,5,False,False,0->0,,,,,16,604,"315,788,723,423,612"
1983,5,False,False,0->0,,,,,16,1409,"633,392,659,408,517"
1985,5,False,False,0->0,,,,,16,699,"550,960,14,532,707"
1986,5,False,False,0->0,,,,,16,993,"755,568,17,982,626"
1990,5,False,False,0->0,,,,,16,1165,"173,641,125,264,167"
1992,5,False,False,0->0,,,,,16,165,"784,597,422,985,283"
1995,5,False,False,0->0,,,,,16,545,"663,860,514,851,20"
1996,5,False,False,0->0,,,,,16,1187,"635,954,750,395,315"
1997,5,False,False,0->0,,,,,16,624,"40,968,743,288,873"
2000,5,False,False,0->0,,,,,16,1026,"73,651,425,378,852"
2001,5,False,False,0->0,,,,,16,539,"875,972,726,205,497"
2002,5,False,False,0->0,,,,,16,1132,"459,414,657,743,60"
2003,5,False,False,0->0,,,,,16,479,"241,768,421,278,905"
2004,5,False,False,0->0,,,,,16,1256,"174,580,981,900,824"
2007,5,False,False,0->0,,,,,16,742,"127,746,514,360,472"
2008,5,False,False,0->0,,,,,16,506,"455,225,527,705,128"
2009,5,False,False,0->0,,,,,16,592,"202,56,494,780,217"
2010,5,False,False,0->0,,,,,16,463,"282,317,444,522,394"
2011,5,False,False,0->0,,,,,16,629,"390,844,340,235,937"
2012,5,False,False,0->0,,,,,16,1148,"111,740,365,410,627"
2013,5,False,False,0->0,,,,,16,639,"546,318,985,370,64"
2014,5,False,False,0->0,,,,,16,882,"794,116,284,327,797"
2015,5,False,False,0->0,,,,,16,444,"116,592,101,196,23"
2016,5,False,False,0->0,,,,,16,324,"58,788,637,549,574"
2017,5,False,False,0->0,,,,,16,1364,"862,64,172,796,366"
2018,5,False,False,0->0,,,,,16,1164,"735,676,993,955,547"
2019,5,False,False,0->0,,,,,16,496,"552,211,742,167,553"
2020,5,False,False,0->0,,,,,16,853,"539,937,718,61,542"
2021,5,False,False,0->0,,,,,16,1040,"27,666,64,693,623"
2022,5,False,False,0->0,,,,,16,269,"796,683,32,175,873"
2023,5,False,False,0->0,,,,,16,1341,"289,459,635,482,573"
2024,5,False,False,0->0,,,,,16,951,"681,771,128,880,629"
2026,5,False,False,0->0,,,,,16,571,"150,631,260,445,783"
2027,5,False,False,0->0,,,,,16,1987,"876,11,709,871,136"
2028,5,False,False,0->0,,,,,16,463,"491,418,602,262,497"
2029,5,False,False,0->0,,,,,16,812,"938,141,332,548,195"
2030,5,False,False,0->0,,,,,16,1072,"868,710,821,816,724"
2032,5,False,False,0->0,,,,,16,655,"46,52,265,547,898"
2033,5,False,False,0->0,,,,,16,527,"810,67,392,847,708"
2034,5,False,False,0->0,,,,,16,378,"498,518,457,762,583"
2036,5,False,False,0->0,,,,,16,783,"223,535,723,34,285"
2038,5,False,False,0->0,,,,,16,777,"245,456,6,892,953"
2039,5,False,False,0->0,,,,,16,1299,"412,67,928,950,626"
2040,5,False,False,0->0,,,,,16,745,"494,955,423,337,243"
2042,5,False,False,0->0,,,,,16,633,"167,38,658,602,541"
2043,5,False,False,0->0,,,,,16,949,"618,376,652,128,50"
2044,5,False,False,0->0,,,,,16,402,"568,940,711,616,888"
2045,5,False,False,0->0,,,,,16,452,"323,250,749,409,497"
2047,5,False,False,0->0,,,,,16,1396,"141,230,228,337,536"
2049,5,False,False,0->0,,,,,16,521,"12,736,580,594,922"
2050,5,False,False,0->0,,,,,16,930,"988,913,935,9,564"
2051,5,False,False,0->0,,,,,16,1122,"627,434,733,401,668"
2052,5,False,False,0->0,,,,,16,1098,"363,567,708,878,815"
2053,5,False,False,0->0,,,,,16,1776,"55,557,3,578,674"
2054,5,False,False,0->0,,,,,16,808,"724,844,850,508,524"
2055,5,False,False,0->0,,,,,16,1050,"216,902,786,394,792"
2056,5,False,False,0->0,,,,,16,657,"893,474,963,189,855"
2059,5,False,False,0->0,,,,,16,1391,"172,445,208,678,173"
2060,5,False,False,0->0,,,,,16,798,"721,681,769,441,400"
2061,5,False,False,0->0,,,,,16,632,"789,784,297,162,985"
2063,5,False,False,0->0,,,,,16,611,"681,236,244,553,780"
2064,5,False,False,0->0,,,,,16,434,"23,552,382,184,397"
2065,5,False,False,0->0,,,,,16,383,"754,993,958,193,497"
2066,5,False,False,0->0,,,,,16,681,"977,383,73,704,811"
2067,5,False,False,0->0,,,,,16,624,"614,33,247,200,217"
2068,5,False,False,0->0,,,,,16,864,"132,50,312,359,156"
2069,5,False,False,0->0,,,,,16,941,"414,308,879,272,734"
2070,5,False,False,0->0,,,,,16,636,"307,1,293,641,387"
2071,5,False,False,0->0,,,,,16,514,"303,718,476,501,753"
2073,5,False,False,0->0,,,,,16,1382,"669,815,606,756,822"
2074,5,False,False,0->0,,,,,16,1294,"222,687,883,366,583"
2075,5,False,False,0->0,,,,,16,304,"952,507,308,759,734"
2076,5,False,False,0->0,,,,,16,1141,"473,709,764,387,410"
2077,5,False,False,0->0,,,,,16,1023,"70,29,64,488,998"
2078,5,False,False,0->0,,,,,16,527,"278,494,915,86,873"
2079,5,False,False,0->0,,,,,16,1015,"633,187,165,232,584"
2080,5,False,False,0->0,,,,,16,1200,"380,646,127,451,165"
2081,5,False,False,0->0,,,,,16,1266,"851,700,448,460,194"
2083,5,False,False,0->0,,,,,16,349,"469,533,689,610,235"
2084,5,False,False,0->0,,,,,16,950,"487,738,50,208,692"
2086,5,False,False,0->0,,,,,16,1049,"512,242,924,971,433"
2088,5,False,False,0->0,,,,,16,380,"184,177,519,444,242"
2089,5,False,False,0->0,,,,,16,708,"957,125,143,254,468"
2090,5,False,False,0->0,,,,,16,1719,"465,485,826,624,417"
2091,5,False,False,0->0,,,,,16,471,"183,330,810,297,429"
2093,5,False,False,0->0,,,,,16,738,"554,750,263,711,408"
2094,5,False,False,0->0,,,,,16,1406,"111,388,566,172,517"
2096,5,False,False,0->0,,,,,16,986,"667,975,896,299,309"
2098,5,False,False,0->0,,,,,16,605,"283,652,546,538,572"
2100,5,False,False,0->0,,,,,16,1019,"827,107,788,835,62"
2101,5,False,False,0->0,,,,,16,698,"152,412,211,284,498"
2102,5,False,False,0->0,,,,,16,485,"978,994,886,850,580"
2103,5,False,False,0->0,,,,,16,1268,"40,105,792,196,395"
2104,5,False,False,0->0,,,,,16,468,"490,870,402,201,564"
2106,5,False,False,0->0,,,,,16,343,"249,293,531,564,760"
2107,5,False,False,0->0,,,,,16,840,"940,727,490,302,390"
2109,5,False,False,0->0,,,,,16,840,"160,265,214,745,526"
2110,5,False,False,0->0,,,,,16,415,"981,673,222,937,32"
2111,5,False,False,0->0,,,,,16,1153,"414,547,86,728,512"
2112,5,False,False,0->0,,,,,16,983,"626,342,128,890,8"
2114,5,False,False,0->0,,,,,16,997,"624,379,305,623,446"
2115,5,False,False,0->0,,,,,16,508,"635,850,92,527,195"
2119,5,False,False,0->0,,,,,16,722,"953,60,673,417,479"
2121,5,False,False,0->0,,,,,16,951,"928,751,434,77,73"
2123,5,False,False,0->0,,,,,16,476,"79,551,524,975,798"
2124,5,False,False,0->0,,,,,16,806,"592,248,919,495,909"
2126,5,False,False,0->0,,,,,16,951,"552,112,409,725,1"
2127,5,False,False,0->0,,,,,16,1201,"978,700,55,861,599"
2129,5,False,False,0->0,,,,,16,384,"865,430,34,744,243"
2130,5,False,False,0->0,,,,,16,594,"308,135,104,752,44"
2131,5,False,False,0->0,,,,,16,617,"376,145,617,513,211"
2132,5,False,False,0->0,,,,,16,1389,"260,3,716,826,861"
2133,5,False,False,0->0,,,,,16,276,"325,267,589,101,203"
2134,5,False,False,0->0,,,,,16,778,"31,504,956,155,625"
2135,5,False,False,0->0,,,,,16,406,"914,18,837,47,977"
2136,5,False,False,0->0,,,,,16,742,"169,605,181,50,793"
2137,5,False,False,0->0,,,,,16,765,"513,426,515,556,22"
2138,5,False,False,0->0,,,,,16,878,"770,896,853,507,185"
2139,5,False,False,0->0,,,,,16,370,"360,814,769,751,356"
2141,5,False,False,0->0,,,,,16,728,"637,507,43,338,569"
2142,5,False,False,0->0,,,,,16,791,"461,577,269,130,670"
2143,5,False,False,0->0,,,,,16,799,"302,263,265,248,338"
2144,5,False,False,0->0,,,,,16,795,"527,961,856,505,92"
2145,5,False,False,0->0,,,,,16,831,"142,313,832,877,63"
2147,5,False,False,0->0,,,,,16,912,"386,879,550,4,24"
2148,5,False,False,0->0,,,,,16,1282,"741,359,511,366,269"
2149,5,False,False,0->0,,,,,16,421,"794,95,31,76,455"
2151,5,False,False,0->0,,,,,16,770,"220,771,238,136,691"
2152,5,False,False,0->0,,,,,16,480,"568,412,606,892,958"
2153,5,False,False,0->0,,,,,16,524,"795,463,522,401,870"
2154,5,False,False,0->0,,,,,16,1171,"752,87,197,802,398"
2155,5,False,False,0->0,,,,,16,386,"154,924,410,260,897"
2157,5,False,False,0->0,,,,,16,432,"376,898,688,95,137"
2158,5,False,False,0->0,,,,,16,1440,"96,366,112,584,53"
2159,5,False,False,0->0,,,,,16,373,"944,251,481,780,82"
2161,5,False,False,0->0,,,,,16,927,"327,815,963,64,488"
2163,5,False,False,0->0,,,,,16,1408,"572,304,36,61,160"
2164,5,False,False,0->0,,,,,16,858,"247,134,207,220,822"
2165,5,False,False,0->0,,,,,16,438,"694,169,458,697,476"
2166,5,False,False,0->0,,,,,16,1280,"74,81,416,85,900"
2168,5,False,False,0->0,,,,,16,1198,"960,994,375,545,741"
2169,5,False,False,0->0,,,,,16,585,"708,899,223,624,179"
2171,5,False,False,0->0,,,,,16,1403,"573,264,290,409,20"
2172,5,False,False,0->0,,,,,16,644,"48,247,60,804,188"
2174,5,False,False,0->0,,,,,16,208,"568,527,243,689,352"
2175,5,False,False,0->0,,,,,16,575,"715,204,274,724,555"
2176,5,False,False,0->0,,,,,16,1378,"948,879,72,772,696"
2178,5,False,False,0->0,,,,,16,1257,"693,199,974,575,572"
2179,5,False,False,0->0,,,,,16,913,"713,943,822,2,977"
2181,5,False,False,0->0,,,,,16,265,"251,394,670,22,547"
2182,5,False,False,0->0,,,,,16,939,"114,750,857,245,386"
2183,5,False,False,0->0,,,,,16,709,"90,960,958,107,605"
2184,5,False,False,0->0,,,,,16,885,"891,974,818,801,832"
2185,5,False,False,0->0,,,,,16,705,"283,251,896,391,90"
2186,5,False,False,0->0,,,,,16,761,"197,705,686,862,360"
2189,5,False,False,0->0,,,,,16,1585,"374,757,495,987,567"
2190,5,False,False,0->0,,,,,16,1011,"699,381,926,370,870"
2191,5,False,False,0->0,,,,,16,616,"519,533,272,474,592"
2192,5,False,False,0->0,,,,,16,575,"844,135,242,128,674"
2195,5,False,False,0->0,,,,,16,748,"593,415,621,948,16"
2197,5,False,False,0->0,,,,,16,718,"662,39,481,344,8"
2200,5,False,False,0->0,,,,,16,874,"304,204,145,723,45"
2201,5,False,False,0->0,,,,,16,478,"875,556,322,731,299"
2202,5,False,False,0->0,,,,,16,426,"944,877,491,789,271"
2204,5,False,False,0->0,,,,,16,451,"768,271,369,469,750"
2205,5,False,False,0->0,,,,,16,819,"9,623,423,762,898"
2206,5,False,False,0->0,,,,,16,580,"231,737,228,301,333"
2207,5,False,False,0->0,,,,,16,739,"612,56,534,637,81"
2208,5,False,False,0->0,,,,,16,799,"931,855,92,159,535"
2209,5,False,False,0->0,,,,,16,905,"137,920,567,531,273"
2210,5,False,False,0->0,,,,,16,953,"696,753,838,714,876"
2211,5,False,False,0->0,,,,,16,1150,"964,156,245,792,365"
2212,5,False,False,0->0,,,,,16,534,"716,895,741,926,386"
2213,5,False,False,0->0,,,,,16,379,"788,34,20,591,372"
2214,5,False,False,0->0,,,,,16,343,"654,815,459,398,42"
2215,5,False,False,0->0,,,,,16,1950,"495,544,950,657,459"
2216,5,False,False,0->0,,,,,16,966,"346,680,943,724,988"
2217,5,False,False,0->0,,,,,16,1012,"388,634,642,616,203"
2218,5,False,False,0->0,,,,,16,464,"58,571,851,862,605"
2220,5,False,False,0->0,,,,,16,1311,"200,482,356,716,56"
2221,5,False,False,0->0,,,,,16,800,"741,613,289,63,405"
2222,5,False,False,0->0,,,,,16,851,"192,900,439,77,429"
2226,5,False,False,0->0,,,,,16,1282,"987,803,93,21,51"
2227,5,False,False,0->0,,,,,16,620,"98,685,891,924,218"
2228,5,False,False,0->0,,,,,16,1117,"309,269,736,772,290"
2229,5,False,False,0->0,,,,,16,498,"875,238,708,274,486"
2231,5,False,False,0->0,,,,,16,533,"161,297,593,391,312"
2232,5,False,False,0->0,,,,,16,1090,"230,565,956,730,178"
2233,5,False,False,0->0,,,,,16,1691,"62,36,604,479,800"
2234,5,False,False,0->0,,,,,16,590,"753,587,179,105,282"
2235,5,False,False,0->0,,,,,16,629,"872,252,702,235,384"
2238,5,False,False,0->0,,,,,16,630,"78,415,840,139,429"
2240,5,False,False,0->0,,,,,16,391,"44,459,803,888,190"
2241,5,False,False,0->0,,,,,16,1028,"937,714,621,868,840"
2242,5,False,False,0->0,,,,,16,1080,"973,398,503,609,198"
2244,5,False,False,0->0,,,,,16,774,"895,422,39,985,255"
2246,5,False,False,0->0,,,,,16,1521,"829,777,764,635,362"
2247,5,False,False,0->0,,,,,16,745,"719,959,254,172,613"
2250,5,False,False,0->0,,,,,16,773,"223,320,322,164,32"
2251,5,False,False,0->0,,,,,16,490,"228,888,805,481,429"
2252,5,False,False,0->0,,,,,16,766,"715,679,488,78,12"
2254,5,False,False,0->0,,,,,16,854,"473,649,109,452,385"
2255,5,False,False,0->0,,,,,16,722,"895,947,43,326,146"
2256,5,False,False,0->0,,,,,16,725,"866,668,589,648,322"
2257,5,False,False,0->0,,,,,16,783,"903,968,152,448,858"
2258,5,False,False,0->0,,,,,16,364,"949,134,347,650,161"
2259,5,False,False,0->0,,,,,16,296,"742,268,791,580,851"
2260,5,False,False,0->0,,,,,16,661,"729,241,409,765,50"
2261,5,False,False,0->0,,,,,16,617,"359,47,105,107,685"
2262,5,False,False,0->0,,,,,16,418,"323,212,511,968,683"
2263,5,False,False,0->0,,,,,16,1098,"254,749,657,695,611"
2264,5,False,False,0->0,,,,,16,840,"391,851,538,257,604"
2265,5,False,False,0->0,,,,,16,307,"82,731,277,340,564"
2266,5,False,False,0->0,,,,,16,1189,"220,601,578,848,48"
2267,5,False,False,0->0,,,,,16,511,"860,524,861,927,632"
2268,5,False,False,0->0,,,,,16,259,"704,539,638,43,708"
2269,5,False,False,0->0,,,,,16,1449,"499,259,287,515,735"
2270,5,False,False,0->0,,,,,16,247,"186,206,742,318,961"
2271,5,False,False,0->0,,,,,16,606,"299,618,199,730,571"
2272,5,False,False,0->0,,,,,16,393,"616,972,751,182,60"
2273,5,False,False,0->0,,,,,16,1077,"737,512,962,168,777"
2274,5,False,False,0->0,,,,,16,360,"933,479,407,788,552"
2276,5,False,False,0->0,,,,,16,682,"646,405,787,580,910"
2278,5,False,False,0->0,,,,,16,314,"564,387,666,6,898"
2280,5,False,False,0->0,,,,,16,601,"616,409,496,172,53"
2281,5,False,False,0->0,,,,,16,1097,"239,360,924,112,590"
2282,5,False,False,0->0,,,,,16,483,"248,132,110,986,555"
2284,5,False,False,0->0,,,,,16,1764,"251,735,785,374,577"
2285,5,False,False,0->0,,,,,16,669,"639,588,768,772,98"
2286,5,False,False,0->0,,,,,16,460,"394,521,565,138,5"
2287,5,False,False,0->0,,,,,16,1083,"737,605,119,843,755"
2291,5,False,False,0->0,,,,,16,242,"31,617,609,780,704"
2292,5,False,False,0->0,,,,,16,990,"756,178,25,171,663"
2294,5,False,False,0->0,,,,,16,563,"245,911,340,214,498"
2295,5,False,False,0->0,,,,,16,424,"915,206,885,47,757"
2296,5,False,False,0->0,,,,,16,427,"610,245,672,990,547"
2297,5,False,False,0->0,,,,,16,443,"403,695,490,543,838"
2298,5,False,False,0->0,,,,,16,549,"969,862,826,589,371"
2299,5,False,False,0->0,,,,,16,696,"212,768,835,430,262"
2301,5,False,False,0->0,,,,,16,1831,"452,395,626,27,329"
2302,5,False,False,0->0,,,,,16,970,"19,41,602,792,332"
2303,5,False,False,0->0,,,,,16,344,"813,13,999,920,898"
2304,5,False,False,0->0,,,,,16,236,"195,33,515,454,674"
2306,5,False,False,0->0,,,,,16,1647,"410,876,160,885,826"
2308,5,False,False,0->0,,,,,16,691,"18,468,246,324,813"
2310,5,False,False,0->0,,,,,16,789,"141,225,414,229,159"
2311,5,False,False,0->0,,,,,16,613,"2,189,650,465,733"
2312,5,False,False,0->0,,,,,16,1439,"474,607,105,761,577"
2314,5,False,False,0->0,,,,,16,293,"369,438,125,132,56"
2315,5,False,False,0->0,,,,,16,583,"749,415,76,595,643"
2319,5,False,False,0->0,,,,,16,684,"978,558,50,951,229"
2320,5,False,False,0->0,,,,,16,1073,"264,913,929,779,662"
2321,5,False,False,0->0,,,,,16,742,"18,103,512,5,533"
2322,5,False,False,0->0,,,,,16,1193,"418,863,637,1,844"
2323,5,False,False,0->0,,,,,16,663,"490,691,46,329,672"
2324,5,False,False,0->0,,,,,16,406,"787,815,459,67,472"
2325,5,False,False,0->0,,,,,16,1139,"366,357,144,515,411"
2326,5,False,False,0->0,,,,,16,803,"655,132,567,554,905"
2327,5,False,False,0->0,,,,,16,545,"206,248,553,263,269"
2328,5,False,False,0->0,,,,,16,920,"4,582,19,771,853"
2329,5,False,False,0->0,,,,,16,383,"690,476,649,947,76"
2330,5,False,False,0->0,,,,,16,402,"155,961,686,45,522"
2331,5,False,False,0->0,,,,,16,986,"38,407,253,364,152"
2332,5,False,False,0->0,,,,,16,459,"711,757,155,697,838"
2333,5,False,False,0->0,,,,,16,817,"507,147,32,488,795"
2334,5,False,False,0->0,,,,,16,932,"388,404,859,384,613"
2335,5,False,False,0->0,,,,,16,789,"975,362,533,52,941"
2336,5,False,False,0->0,,,,,16,301,"547,143,791,247,890"
2337,5,False,False,0->0,,,,,16,674,"247,780,273,294,98"
2339,5,False,False,0->0,,,,,16,638,"528,605,831,727,161"
2341,5,False,False,0->0,,,,,16,255,"22,537,978,116,177"
2342,5,False,False,0->0,,,,,16,962,"194,130,680,5,770"
2343,5,False,False,0->0,,,,,16,803,"161,180,487,952,259"
2344,5,False,False,0->0,,,,,16,514,"242,732,492,797,414"
2345,5,False,False,0->0,,,,,16,639,"676,957,243,72,239"
2346,5,False,False,0->0,,,,,16,532,"222,220,391,374,8"
2347,5,False,False,0->0,,,,,16,503,"132,176,792,40,563"
2348,5,False,False,0->0,,,,,16,298,"895,531,390,991,796"
2350,5,False,False,0->0,,,,,16,1163,"897,740,114,370,968"
2351,5,False,False,0->0,,,,,16,1406,"200,902,610,482,39"
2353,5,False,False,0->0,,,,,16,768,"93,145,426,62,18"
2354,5,False,False,0->0,,,,,16,745,"549,827,413,177,175"
2355,5,False,False,0->0,,,,,16,750,"756,133,116,829,713"
2356,5,False,False,0->0,,,,,16,470,"726,382,551,469,625"
2357,5,False,False,0->0,,,,,16,825,"357,51,431,391,571"
2358,5,False,False,0->0,,,,,16,751,"379,944,806,833,269"
2359,5,False,False,0->0,,,,,16,1186,"42,966,387,259,112"
2361,5,False,False,0->0,,,,,16,639,"62,429,176,270,411"
2363,5,False,False,0->0,,,,,16,543,"125,369,855,178,891"
2366,5,False,False,0->0,,,,,16,320,"934,494,537,2,586"
2367,5,False,False,0->0,,,,,16,681,"527,396,753,600,370"
2368,5,False,False,0->0,,,,,16,1074,"598,861,681,294,723"
2369,5,False,False,0->0,,,,,16,729,"877,964,100,823,910"
2371,5,False,False,0->0,,,,,16,440,"187,981,963,340,968"
2373,5,False,False,0->0,,,,,16,1557,"975,582,120,216,363"
2374,5,False,False,0->0,,,,,16,1508,"639,155,419,633,400"
2375,5,False,False,0->0,,,,,16,245,"625,551,159,554,683"
2376,5,False,False,0->0,,,,,16,473,"954,729,791,298,847"
2377,5,False,False,0->0,,,,,16,900,"773,91,643,630,77"
2381,5,False,False,0->0,,,,,16,1017,"80,455,944,347,216"
2382,5,False,False,0->0,,,,,16,455,"814,261,279,260,217"
2383,5,False,False,0->0,,,,,16,797,"762,144,523,974,434"
2384,5,False,False,0->0,,,,,16,368,"32,765,483,321,452"
2385,5,False,False,0->0,,,,,16,1053,"673,185,12,199,505"
2389,5,False,False,0->0,,,,,16,1078,"134,143,499,55,374"
2392,5,False,False,0->0,,,,,16,279,"662,155,689,784,401"
2395,5,False,False,0->0,,,,,16,668,"138,20,660,387,73"
2396,5,False,False,0->0,,,,,16,752,"903,999,860,343,523"
2397,5,False,False,0->0,,,,,16,906,"114,246,941,714,886"
2399,5,False,False,0->0,,,,,16,978,"614,569,7,992,632"
2400,5,False,False,0->0,,,,,16,341,"391,373,280,125,262"
2401,5,False,False,0->0,,,,,16,651,"102,159,737,858,58"
2402,5,False,False,0->0,,,,,16,802,"50,707,232,438,453"
2404,5,False,False,0->0,,,,,16,321,"616,606,439,474,978"
2406,5,False,False,0->0,,,,,16,846,"239,158,908,798,431"
2407,5,False,False,0->0,,,,,16,1090,"728,729,414,113,413"
2408,5,False,False,0->0,,,,,16,671,"229,521,371,518,277"
2409,5,False,False,0->0,,,,,16,573,"128,752,404,885,73"
2412,5,False,False,0->0,,,,,16,345,"159,125,836,732,261"
2413,5,False,False,0->0,,,,,16,784,"601,587,536,473,679"
2415,5,False,False,0->0,,,,,16,505,"472,574,945,150,206"
2417,5,False,False,0->0,,,,,16,953,"913,757,160,893,837"
2419,5,False,False,0->0,,,,,16,704,"378,254,437,849,229"
2420,5,False,False,0->0,,,,,16,1439,"290,602,190,342,366"
2422,5,False,False,0->0,,,,,16,1080,"49,822,139,119,555"
2423,5,False,False,0->0,,,,,16,563,"555,301,27,93,44"
2424,5,False,False,0->0,,,,,16,1128,"816,578,638,203,758"
2425,5,False,False,0->0,,,,,16,697,"119,815,786,79,404"
2426,5,False,False,0->0,,,,,16,1038,"896,405,970,847,824"
2427,5,False,False,0->0,,,,,16,566,"709,5,414,797,422"
2428,5,False,False,0->0,,,,,16,1204,"849,892,192,289,88"
2430,5,False,False,0->0,,,,,16,540,"196,601,697,254,622"
2431,5,False,False,0->0,,,,,16,327,"755,515,815,382,236"
2432,5,False,False,0->0,,,,,16,419,"94,277,87,7,527"
2434,5,False,False,0->0,,,,,16,669,"564,505,469,877,823"
2435,5,False,False,0->0,,,,,16,728,"816,231,31,42,680"
2436,5,False,False,0->0,,,,,16,1397,"988,716,611,802,338"
2438,5,False,False,0->0,,,,,16,1028,"208,160,694,898,338"
2439,5,False,False,0->0,,,,,16,506,"746,541,251,212,977"
2440,5,False,False,0->0,,,,,16,877,"573,782,739,781,582"
2445,5,False,False,0->0,,,,,16,1384,"668,260,396,84,614"
2446,5,False,False,0->0,,,,,16,1199,"928,998,371,610,463"
2448,5,False,False,0->0,,,,,16,279,"20,44,721,546,778"
2449,5,False,False,0->0,,,,,16,1000,"436,175,607,439,424"
2450,5,False,False,0->0,,,,,16,1047,"305,55,188,54,145"
2451,5,False,False,0->0,,,,,16,1076,"913,172,512,510,146"
2453,5,False,False,0->0,,,,,16,1177,"24,900,340,989,724"
2456,5,False,False,0->0,,,,,16,385,"945,515,196,769,369"
2457,5,False,False,0->0,,,,,16,775,"344,290,940,155,549"
2458,5,False,False,0->0,,,,,16,1114,"871,155,769,527,563"
2459,5,False,False,0->0,,,,,16,1233,"943,253,598,200,248"
2460,5,False,False,0->0,,,,,16,711,"358,551,416,411,25"
2461,5,False,False,0->0,,,,,16,416,"45,383,872,884,211"
2462,5,False,False,0->0,,,,,16,597,"331,583,601,412,719"
2463,5,False,False,0->0,,,,,16,1093,"600,726,903,446,264"
2465,5,False,False,0->0,,,,,16,741,"95,15,653,642,416"
2467,5,False,False,0->0,,,,,16,1165,"753,590,321,810,816"
2468,5,False,False,0->0,,,,,16,724,"490,519,631,322,303"
2469,5,False,False,0->0,,,,,16,980,"426,801,19,609,553"
2470,5,False,False,0->0,,,,,16,929,"876,222,720,477,327"
2471,5,False,False,0->0,,,,,16,408,"92,768,982,491,187"
2472,5,False,False,0->0,,,,,16,916,"443,942,195,21,662"
2473,5,False,False,0->0,,,,,16,746,"440,224,710,195,430"
2476,5,False,False,0->0,,,,,16,400,"978,359,107,770,749"
2477,5,False,False,0->0,,,,,16,638,"31,479,753,767,254"
2479,5,False,False,0->0,,,,,16,598,"767,852,637,638,250"
2480,5,False,False,0->0,,,,,16,490,"80,329,347,22,989"
2482,5,False,False,0->0,,,,,16,636,"848,383,638,475,836"
2483,5,False,False,0->0,,,,,16,224,"43,549,862,382,97"
2484,5,False,False,0->0,,,,,16,624,"182,392,798,609,332"
2486,5,False,False,0->0,,,,,16,728,"643,778,323,614,546"
2487,5,False,False,0->0,,,,,16,675,"532,159,443,133,865"
2489,5,False,False,0->0,,,,,16,764,"461,322,879,742,378"
2490,5,False,False,0->0,,,,,16,558,"277,641,724,597,528"
2492,5,False,False,0->0,,,,,16,1116,"822,37,650,154,190"
2494,5,False,False,0->0,,,,,16,669,"261,297,172,913,926"
2497,5,False,False,0->0,,,,,16,1188,"419,461,130,242,396"
2498,5,False,False,0->0,,,,,16,1193,"726,317,837,265,313"
2499,5,False,False,0->0,,,,,16,1417,"142,88,600,487,140"
2500,5,False,False,0->0,,,,,16,550,"580,980,694,148,139"
2501,5,False,False,0->0,,,,,16,367,"817,909,920,385,783"
2502,5,False,False,0->0,,,,,16,580,"890,632,674,316,695"
2503,5,False,False,0->0,,,,,16,365,"813,696,283,992,24"
2504,5,False,False,0->0,,,,,16,638,"699,183,74,897,565"
2505,5,False,False,0->0,,,,,16,1069,"943,324,136,719,25"
2506,5,False,False,0->0,,,,,16,904,"224,94,648,290,397"
2507,5,False,False,0->0,,,,,16,455,"530,696,433,828,961"
2508,5,False,False,0->0,,,,,16,1217,"378,697,95,808,988"
2509,5,False,False,0->0,,,,,16,849,"983,966,782,763,833"
2511,5,False,False,0->0,,,,,16,400,"541,442,425,603,436"
2512,5,False,False,0->0,,,,,16,1254,"17,928,111,114,660"
2513,5,False,False,0->0,,,,,16,417,"926,186,433,434,720"
2515,5,False,False,0->0,,,,,16,1011,"485,638,408,511,574"
2516,5,False,False,0->0,,,,,16,970,"633,504,463,622,926"
2517,5,False,False,0->0,,,,,16,598,"285,134,790,556,458"
2518,5,False,False,0->0,,,,,16,710,"425,834,446,621,601"
2519,5,False,False,0->0,,,,,16,435,"683,518,981,461,117"
2520,5,False,False,0->0,,,,,16,401,"46,768,623,61,736"
2521,5,False,False,0->0,,,,,16,871,"468,383,362,508,691"
2522,5,False,False,0->0,,,,,16,979,"867,572,147,833,183"
2523,5,False,False,0->0,,,,,16,542,"660,852,458,707,61"
2524,5,False,False,0->0,,,,,16,1340,"164,291,979,26,648"
2525,5,False,False,0->0,,,,,16,808,"597,181,172,837,507"
2526,5,False,False,0->0,,,,,16,417,"265,620,687,211,527"
2527,5,False,False,0->0,,,,,16,488,"818,979,14,169,755"
2528,5,False,False,0->0,,,,,16,508,"989,530,677,340,500"
2529,5,False,False,0->0,,,,,16,1265,"973,568,990,843,105"
2530,5,False,False,0->0,,,,,16,462,"232,178,226,972,93"
2534,5,False,False,0->0,,,,,16,469,"774,325,656,147,850"
2535,5,False,False,0->0,,,,,16,1420,"266,259,508,512,429"
2536,5,False,False,0->0,,,,,16,460,"231,106,927,865,414"
2537,5,False,False,0->0,,,,,16,735,"952,26,357,843,251"
2538,5,False,False,0->0,,,,,16,624,"786,62,414,490,224"
2539,5,False,False,0->0,,,,,16,1718,"84,230,479,902,611"
2540,5,False,False,0->0,,,,,16,1036,"834,299,964,352,72"
2541,5,False,False,0->0,,,,,16,1371,"196,837,785,740,38"
2544,5,False,False,0->0,,,,,16,544,"638,679,731,618,433"
2548,5,False,False,0->0,,,,,16,560,"177,433,289,137,630"
2549,5,False,False,0->0,,,,,16,1358,"273,973,597,495,787"
2550,5,False,False,0->0,,,,,16,1038,"441,290,126,260,495"
2551,5,False,False,0->0,,,,,16,319,"696,981,500,521,94"
2553,5,False,False,0->0,,,,,16,670,"405,204,524,269,830"
2554,5,False,False,0->0,,,,,16,694,"536,221,178,369,696"
2555,5,False,False,0->0,,,,,16,1578,"140,434,934,84,593"
2556,5,False,False,0->0,,,,,16,1279,"826,917,751,93,327"
2557,5,False,False,0->0,,,,,16,294,"907,949,990,730,523"
2558,5,False,False,0->0,,,,,16,817,"425,660,479,942,697"
2560,5,False,False,0->0,,,,,16,718,"206,375,759,110,905"
2562,5,False,False,0->0,,,,,16,710,"908,232,617,383,619"
2563,5,False,False,0->0,,,,,16,388,"574,243,49,691,614"
2565,5,False,False,0->0,,,,,16,954,"551,400,403,833,962"
2566,5,False,False,0->0,,,,,16,1028,"479,216,551,107,421"
2567,5,False,False,0->0,,,,,16,352,"446,851,266,674,675"
2568,5,False,False,0->0,,,,,16,751,"928,506,389,357,738"
2569,5,False,False,0->0,,,,,16,215,"736,757,784,593,927"
2571,5,False,False,0->0,,,,,16,643,"597,572,739,734,856"
2572,5,False,False,0->0,,,,,16,1312,"146,626,104,166,694"
2573,5,False,False,0->0,,,,,16,575,"476,312,387,235,794"
2574,5,False,False,0->0,,,,,16,1617,"155,7,3,194,38"
2575,5,False,False,0->0,,,,,16,654,"506,745,453,25,982"
2577,5,False,False,0->0,,,,,16,884,"824,972,831,202,27"
2579,5,False,False,0->0,,,,,16,1546,"987,517,905,657,634"
2581,5,False,False,0->0,,,,,16,828,"433,1000,511,634,288"
2583,5,False,False,0->0,,,,,16,711,"467,23,47,356,724"
2585,5,False,False,0->0,,,,,16,1500,"522,471,981,577,693"
2586,5,False,False,0->0,,,,,16,771,"130,420,817,879,849"
2587,5,False,False,0->0,,,,,16,1022,"961,338,482,514,330"
2588,5,False,False,0->0,,,,,16,719,"327,838,62,477,652"
2589,5,False,False,0->0,,,,,16,790,"980,455,477,688,53"
2591,5,False,False,0->0,,,,,16,582,"270,267,73,860,549"
2593,5,False,False,0->0,,,,,16,1122,"313,813,818,748,126"
2594,5,False,False,0->0,,,,,16,336,"927,921,642,744,155"
2596,5,False,False,0->0,,,,,16,572,"949,523,944,4,114"
2597,5,False,False,0->0,,,,,16,1585,"424,843,797,26,505"
2598,5,False,False,0->0,,,,,16,310,"391,611,283,656,378"
2599,5,False,False,0->0,,,,,16,1480,"109,863,873,320,252"
2601,5,False,False,0->0,,,,,16,1047,"501,343,324,338,498"
2602,5,False,False,0->0,,,,,16,853,"225,738,670,64,437"
2603,5,False,False,0->0,,,,,16,1201,"255,592,380,771,3"
2604,5,False,False,0->0,,,,,16,634,"884,637,329,510,384"
2605,5,False,False,0->0,,,,,16,888,"630,379,522,253,547"
2608,5,False,False,0->0,,,,,16,362,"69,705,838,985,446"
2609,5,False,False,0->0,,,,,16,666,"978,224,38,124,811"
2610,5,False,False,0->0,,,,,16,548,"565,521,460,550,214"
2612,5,False,False,0->0,,,,,16,711,"938,225,417,731,949"
2614,5,False,False,0->0,,,,,16,372,"744,934,568,187,267"
2615,5,False,False,0->0,,,,,16,803,"760,642,959,858,141"
2617,5,False,False,0->0,,,,,16,574,"228,720,563,133,229"
2618,5,False,False,0->0,,,,,16,491,"581,104,409,732,45"
2619,5,False,False,0->0,,,,,16,1844,"26,667,36,84,739"
2620,5,False,False,0->0,,,,,16,1527,"166,826,83,221,302"
2623,5,False,False,0->0,,,,,16,626,"116,905,426,513,770"
2624,5,False,False,0->0,,,,,16,547,"618,984,922,865,82"
2625,5,False,False,0->0,,,,,16,855,"228,498,704,368,25"
2626,5,False,False,0->0,,,,,16,678,"528,181,777,530,803"
2629,5,False,False,0->0,,,,,16,1421,"194,973,538,980,999"
2630,5,False,False,0->0,,,,,16,703,"830,736,209,875,843"
2631,5,False,False,0->0,,,,,16,864,"16,210,844,638,207"
2632,5,False,False,0->0,,,,,16,1124,"568,192,686,987,284"
2633,5,False,False,0->0,,,,,16,1250,"796,802,614,188,11"
2636,5,False,False,0->0,,,,,16,590,"528,355,940,26,612"
2638,5,False,False,0->0,,,,,16,836,"591,402,623,995,282"
2639,5,False,False,0->0,,,,,16,1281,"241,238,499,902,3"
2640,5,False,False,0->0,,,,,16,1423,"979,473,776,417,922"
2642,5,False,False,0->0,,,,,16,549,"247,410,999,661,926"
2643,5,False,False,0->0,,,,,16,672,"25,233,285,931,646"
2644,5,False,False,0->0,,,,,16,1423,"928,582,350,902,541"
2645,5,False,False,0->0,,,,,16,894,"174,795,238,102,803"
2646,5,False,False,0->0,,,,,16,925,"797,163,32,59,731"
2647,5,False,False,0->0,,,,,16,1148,"968,998,655,294,669"
2648,5,False,False,0->0,,,,,16,676,"455,857,403,198,538"
2649,5,False,False,0->0,,,,,16,680,"297,646,598,775,798"
2651,5,False,False,0->0,,,,,16,404,"765,524,441,261,445"
2652,5,False,False,0->0,,,,,16,1192,"930,808,171,120,788"
2654,5,False,False,0->0,,,,,16,1406,"174,675,607,472,651"
2655,5,False,False,0->0,,,,,16,767,"107,892,712,114,945"
2656,5,False,False,0->0,,,,,16,752,"128,488,870,161,24"
2657,5,False,False,0->0,,,,,16,579,"167,444,679,832,37"
2658,5,False,False,0->0,,,,,16,1232,"388,252,224,684,229"
2659,5,False,False,0->0,,,,,16,738,"532,357,791,856,629"
2660,5,False,False,0->0,,,,,16,1450,"109,966,642,987,72"
2662,5,False,False,0->0,,,,,16,658,"538,636,821,444,953"
2663,5,False,False,0->0,,,,,16,747,"99,957,687,493,95"
2665,5,False,False,0->0,,,,,16,1165,"847,717,444,530,663"
2666,5,False,False,0->0,,,,,16,877,"892,569,181,859,616"
2667,5,False,False,0->0,,,,,16,923,"373,641,974,884,408"
2668,5,False,False,0->0,,,,,16,841,"430,753,302,552,795"
2669,5,False,False,0->0,,,,,16,929,"617,934,283,874,385"
2670,5,False,False,0->0,,,,,16,887,"229,957,164,655,742"
2671,5,False,False,0->0,,,,,16,1230,"9,603,186,290,835"
2674,5,False,False,0->0,,,,,16,809,"475,120,471,640,148"
2676,5,False,False,0->0,,,,,16,1125,"468,492,302,248,833"
2677,5,False,False,0->0,,,,,16,1045,"70,504,481,537,302"
2678,5,False,False,0->0,,,,,16,552,"183,854,322,694,593"
2679,5,False,False,0->0,,,,,16,995,"291,287,725,447,798"
2682,5,False,False,0->0,,,,,16,607,"593,232,452,858,175"
2683,5,False,False,0->0,,,,,16,806,"398,81,640,639,621"
2684,5,False,False,0->0,,,,,16,755,"798,117,396,382,678"
2685,5,False,False,0->0,,,,,16,1126,"27,808,546,67,411"
2686,5,False,False,0->0,,,,,16,818,"600,103,384,173,976"
2687,5,False,False,0->0,,,,,16,461,"617,570,958,260,789"
2688,5,False,False,0->0,,,,,16,486,"787,429,489,402,630"
2689,5,False,False,0->0,,,,,16,808,"646,297,499,269,777"
2690,5,False,False,0->0,,,,,16,341,"897,550,581,232,410"
2691,5,False,False,0->0,,,,,16,336,"280,787,977,511,609"
2692,5,False,False,0->0,,,,,16,887,"531,305,375,490,550"
2693,5,False,False,0->0,,,,,16,1005,"702,197,25,751,893"
2694,5,False,False,0->0,,,,,16,1202,"405,114,571,126,802"
2695,5,False,False,0->0,,,,,16,1473,"364,920,36,405,746"
2697,5,False,False,0->0,,,,,16,779,"24,565,127,494,586"
2698,5,False,False,0->0,,,,,16,224,"602,765,56,975,186"
2700,5,False,False,0->0,,,,,16,535,"95,551,294,503,144"
2702,5,False,False,0->0,,,,,16,886,"107,394,800,235,360"
2704,5,False,False,0->0,,,,,16,969,"309,202,90,455,862"
2705,5,False,False,0->0,,,,,16,473,"43,437,506,913,778"
2706,5,False,False,0->0,,,,,16,453,"108,660,920,314,239"
2707,5,False,False,0->0,,,,,16,551,"277,441,474,206,641"
2708,5,False,False,0->0,,,,,16,1037,"624,413,40,72,92"
2709,5,False,False,0->0,,,,,16,444,"723,805,550,344,53"
2710,5,False,False,0->0,,,,,16,243,"410,283,784,106,56"
2712,5,False,False,0->0,,,,,16,663,"662,111,872,288,451"
2715,5,False,False,0->0,,,,,16,452,"454,914,58,209,451"
2717,5,False,False,0->0,,,,,16,1173,"879,39,73,727,592"
2719,5,False,False,0->0,,,,,16,1414,"137,471,657,2,171"
2720,5,False,False,0->0,,,,,16,521,"235,282,828,543,279"
2721,5,False,False,0->0,,,,,16,718,"323,285,411,293,436"
2722,5,False,False,0->0,,,,,16,1385,"229,45,840,668,567"
2723,5,False,False,0->0,,,,,16,1436,"439,88,902,485,393"
2724,5,False,False,0->0,,,,,16,792,"963,430,283,724,112"
2725,5,False,False,0->0,,,,,16,740,"441,957,883,355,5"
2727,5,False,False,0->0,,,,,16,812,"708,229,39,631,571"
2728,5,False,False,0->0,,,,,16,477,"145,860,49,421,250"
2729,5,False,False,0->0,,,,,16,1441,"974,794,3,774,38"
2730,5,False,False,0->0,,,,,16,641,"224,181,690,243,499"
2731,5,False,False,0->0,,,,,16,916,"158,54,844,424,948"
2733,5,False,False,0->0,,,,,16,503,"58,810,23,298,465"
2735,5,False,False,0->0,,,,,16,944,"700,990,358,315,245"
2737,5,False,False,0->0,,,,,16,858,"890,862,691,494,313"
2738,5,False,False,0->0,,,,,16,355,"963,41,415,768,765"
2739,5,False,False,0->0,,,,,16,1034,"860,274,900,862,392"
2741,5,False,False,0->0,,,,,16,1247,"223,266,544,473,226"
2742,5,False,False,0->0,,,,,16,1821,"290,928,718,359,800"
2743,5,False,False,0->0,,,,,16,708,"166,445,73,422,373"
2745,5,False,False,0->0,,,,,16,703,"917,763,283,49,519"
2746,5,False,False,0->0,,,,,16,596,"301,599,409,61,875"
2748,5,False,False,0->0,,,,,16,725,"772,132,78,847,570"
2749,5,False,False,0->0,,,,,16,1048,"272,363,961,64,547"
2750,5,False,False,0->0,,,,,16,445,"359,687,741,457,497"
2751,5,False,False,0->0,,,,,16,533,"530,64,241,101,990"
2752,5,False,False,0->0,,,,,16,1207,"786,733,208,651,106"
2754,5,False,False,0->0,,,,,16,1248,"526,434,51,977,871"
2755,5,False,False,0->0,,,,,16,1235,"152,802,811,313,761"
2757,5,False,False,0->0,,,,,16,583,"606,385,24,523,724"
2758,5,False,False,0->0,,,,,16,784,"475,29,834,663,937"
2759,5,False,False,0->0,,,,,14,714,"102,13,86,625,512"
2760,5,False,False,0->0,,,,,16,590,"498,443,380,821,316"
2761,5,False,False,0->0,,,,,16,1673,"350,379,197,674,267"
2764,5,False,False,0->0,,,,,16,351,"398,287,455,813,692"
2766,5,False,False,0->0,,,,,16,609,"241,558,318,960,408"
2767,5,False,False,0->0,,,,,16,555,"346,571,440,392,979"
2768,5,False,False,0->0,,,,,16,1388,"646,268,24,735,733"
2769,5,False,False,0->0,,,,,16,577,"948,686,902,934,394"
2770,5,False,False,0->0,,,,,16,1010,"15,11,314,695,987"
2771,5,False,False,0->0,,,,,16,1006,"473,391,140,193,262"
2772,5,False,False,0->0,,,,,16,1330,"758,262,508,485,498"
2774,5,False,False,0->0,,,,,16,422,"177,242,327,85,404"
2775,5,False,False,0->0,,,,,16,330,"287,547,838,492,517"
2776,5,False,False,0->0,,,,,16,765,"612,963,726,951,150"
2777,5,False,False,0->0,,,,,16,953,"52,473,239,365,371"
2779,5,False,False,0->0,,,,,16,956,"646,541,1,552,724"
2780,5,False,False,0->0,,,,,16,458,"475,743,203,14,565"
2781,5,False,False,0->0,,,,,16,1308,"430,111,556,113,453"
2783,5,False,False,0->0,,,,,16,666,"97,570,767,126,758"
2784,5,False,False,0->0,,,,,16,842,"54,242,307,879,779"
2785,5,False,False,0->0,,,,,16,528,"201,824,101,670,966"
2786,5,False,False,0->0,,,,,16,1135,"615,631,800,158,931"
2787,5,False,False,0->0,,,,,16,1425,"379,563,88,726,53"
2788,5,False,False,0->0,,,,,16,899,"588,270,481,165,560"
2789,5,False,False,0->0,,,,,16,1152,"816,756,390,313,46"
2792,5,False,False,0->0,,,,,16,408,"318,25,272,762,752"
2793,5,False,False,0->0,,,,,16,1285,"217,735,64,663,803"
2794,5,False,False,0->0,,,,,16,358,"811,575,625,68,422"
2795,5,False,False,0->0,,,,,16,952,"379,943,555,729,607"
2796,5,False,False,0->0,,,,,16,1008,"843,514,678,760,99"
2797,5,False,False,0->0,,,,,16,599,"494,179,13,527,202"
2798,5,False,False,0->0,,,,,16,644,"340,714,257,528,138"
2799,5,False,False,0->0,,,,,16,486,"636,885,571,211,380"
2800,5,False,False,0->0,,,,,16,494,"323,877,483,981,660"
2801,5,False,False,0->0,,,,,16,651,"424,86,815,205,414"
2802,5,False,False,0->0,,,,,16,605,"444,43,48,398,109"
2803,5,False,False,0->0,,,,,16,839,"385,395,823,33,515"
2804,5,False,False,0->0,,,,,16,1027,"485,247,920,620,831"
2805,5,False,False,0->0,,,,,16,1177,"718,858,972,512,519"
2806,5,False,False,0->0,,,,,16,801,"752,772,324,254,878"
2807,5,False,False,0->0,,,,,16,840,"732,716,103,424,16"
2809,5,False,False,0->0,,,,,16,705,"119,384,872,262,844"
2811,5,False,False,0->0,,,,,16,1100,"241,83,309,20,52"
2812,5,False,False,0->0,,,,,16,764,"418,832,414,746,321"
2814,5,False,False,0->0,,,,,16,802,"890,379,14,289,1000"
2815,5,False,False,0->0,,,,,16,446,"538,943,355,981,953"
2816,5,False,False,0->0,,,,,16,436,"617,497,981,852,877"
2817,5,False,False,0->0,,,,,16,1205,"910,424,133,764,460"
2818,5,False,False,0->0,,,,,16,773,"192,31,844,974,126"
2819,5,False,False,0->0,,,,,16,1296,"273,765,626,506,937"
2820,5,False,False,0->0,,,,,16,1069,"426,247,255,60,421"
2821,5,False,False,0->0,,,,,16,1149,"173,770,162,518,739"
2822,5,False,False,0->0,,,,,16,946,"691,669,615,977,424"
2824,5,False,False,0->0,,,,,16,883,"541,245,964,804,457"
2825,5,False,False,0->0,,,,,16,1133,"728,113,417,161,860"
2828,5,False,False,0->0,,,,,16,462,"469,813,870,167,79"
2829,5,False,False,0->0,,,,,16,597,"609,611,272,420,308"
2830,5,False,False,0->0,,,,,16,1017,"460,262,446,840,50"
2831,5,False,False,0->0,,,,,16,781,"372,620,268,521,942"
2832,5,False,False,0->0,,,,,16,697,"317,26,162,121,126"
2834,5,False,False,0->0,,,,,16,1962,"264,376,710,896,381"
2836,5,False,False,0->0,,,,,16,913,"329,749,898,505,101"
2837,5,False,False,0->0,,,,,16,1167,"700,771,824,126,3"
2838,5,False,False,0->0,,,,,16,537,"771,806,589,568,604"
2839,5,False,False,0->0,,,,,16,1241,"964,476,267,567,637"
2840,5,False,False,0->0,,,,,16,524,"811,276,220,456,248"
2841,5,False,False,0->0,,,,,16,1425,"267,654,163,764,732"
2844,5,False,False,0->0,,,,,16,879,"303,987,924,360,637"
2846,5,False,False,0->0,,,,,16,577,"452,154,253,178,650"
2848,5,False,False,0->0,,,,,16,918,"253,722,872,493,335"
2849,5,False,False,0->0,,,,,16,819,"340,145,844,155,379"
2850,5,False,False,0->0,,,,,16,813,"728,287,510,102,614"
2852,5,False,False,0->0,,,,,16,1123,"368,754,526,963,962"
2853,5,False,False,0->0,,,,,16,524,"815,733,269,108,511"
2855,5,False,False,0->0,,,,,16,1172,"858,972,378,535,289"
2856,5,False,False,0->0,,,,,16,545,"127,299,47,443,497"
2857,5,False,False,0->0,,,,,16,801,"714,966,481,81,907"
2858,5,False,False,0->0,,,,,16,763,"660,639,52,472,187"
2859,5,False,False,0->0,,,,,16,566,"602,938,877,793,629"
2860,5,False,False,0->0,,,,,16,1368,"138,657,951,3,420"
2861,5,False,False,0->0,,,,,16,983,"650,823,871,850,4"
2864,5,False,False,0->0,,,,,16,1608,"758,877,395,423,917"
2865,5,False,False,0->0,,,,,16,1708,"84,560,758,395,473"
2867,5,False,False,0->0,,,,,16,1286,"15,837,19,782,145"
2869,5,False,False,0->0,,,,,16,567,"112,277,954,924,507"
2870,5,False,False,0->0,,,,,16,494,"990,787,886,347,252"
2872,5,False,False,0->0,,,,,16,790,"209,144,898,971,676"
2874,5,False,False,0->0,,,,,16,447,"878,247,861,760,586"
2875,5,False,False,0->0,,,,,16,1061,"67,837,623,973,307"
2876,5,False,False,0->0,,,,,16,461,"144,709,175,675,365"
2877,5,False,False,0->0,,,,,16,1570,"485,776,614,192,985"
2878,5,False,False,0->0,,,,,16,1010,"357,789,785,602,858"
2879,5,False,False,0->0,,,,,16,1011,"879,907,166,534,592"
2880,5,False,False,0->0,,,,,16,751,"646,315,461,120,598"
2884,5,False,False,0->0,,,,,16,399,"465,538,196,108,981"
2885,5,False,False,0->0,,,,,16,713,"853,500,188,207,705"
2886,5,False,False,0->0,,,,,16,607,"947,51,751,12,418"
2888,5,False,False,0->0,,,,,16,439,"704,600,103,159,209"
2891,5,False,False,0->0,,,,,16,561,"132,247,168,740,878"
2892,5,False,False,0->0,,,,,16,837,"436,472,51,468,962"
2893,5,False,False,0->0,,,,,16,1242,"127,379,494,61,717"
2894,5,False,False,0->0,,,,,16,313,"684,94,382,758,911"
2895,5,False,False,0->0,,,,,16,335,"830,203,554,125,384"
2896,5,False,False,0->0,,,,,16,344,"18,403,41,321,475"
2897,5,False,False,0->0,,,,,16,424,"543,1000,793,182,637"
2898,5,False,False,0->0,,,,,16,645,"989,883,704,517,477"
2901,5,False,False,0->0,,,,,16,603,"656,834,95,553,150"
2903,5,False,False,0->0,,,,,16,1047,"637,821,259,570,566"
2904,5,False,False,0->0,,,,,16,364,"526,76,184,573,96"
2905,5,False,False,0->0,,,,,16,607,"589,515,717,190,102"
2907,5,False,False,0->0,,,,,16,798,"677,390,748,775,899"
2908,5,False,False,0->0,,,,,16,593,"550,443,401,769,173"
2909,5,False,False,0->0,,,,,16,1126,"984,589,778,230,1"
2910,5,False,False,0->0,,,,,16,419,"40,335,860,46,655"
2912,5,False,False,0->0,,,,,16,410,"909,609,455,959,382"
2913,5,False,False,0->0,,,,,16,881,"132,284,70,55,886"
2914,5,False,False,0->0,,,,,16,658,"490,949,179,796,229"
2915,5,False,False,0->0,,,,,16,253,"232,585,369,865,43"
2916,5,False,False,0->0,,,,,16,889,"614,728,690,245,415"
2917,5,False,False,0->0,,,,,16,492,"412,41,411,586,362"
2918,5,False,False,0->0,,,,,16,711,"959,954,456,380,797"
2919,5,False,False,0->0,,,,,16,926,"570,584,190,746,221"
2920,5,False,False,0->0,,,,,16,622,"695,511,763,510,166"
2921,5,False,False,0->0,,,,,16,1150,"601,22,321,238,36"
2923,5,False,False,0->0,,,,,16,630,"530,877,605,908,500"
2925,5,False,False,0->0,,,,,16,1359,"305,495,197,942,813"
2927,5,False,False,0->0,,,,,16,796,"785,180,156,124,111"
2928,5,False,False,0->0,,,,,16,432,"866,307,64,927,270"
2929,5,False,False,0->0,,,,,16,810,"448,775,114,797,108"
2930,5,False,False,0->0,,,,,16,600,"695,199,79,47,571"
2931,5,False,False,0->0,,,,,16,1306,"225,590,319,11,60"
2932,5,False,False,0->0,,,,,16,866,"736,465,168,310,964"
2933,5,False,False,0->0,,,,,16,629,"947,498,172,704,446"
2934,5,False,False,0->0,,,,,16,628,"835,17,670,384,398"
2936,5,False,False,0->0,,,,,16,454,"631,442,314,337,107"
2941,5,False,False,0->0,,,,,16,528,"238,347,249,795,182"
2942,5,False,False,0->0,,,,,16,579,"697,483,934,55,921"
2944,5,False,False,0->0,,,,,16,756,"130,171,262,279,397"
2945,5,False,False,0->0,,,,,16,1176,"284,446,994,236,512"
2946,5,False,False,0->0,,,,,16,391,"82,566,223,277,420"
2947,5,False,False,0->0,,,,,16,432,"902,638,250,229,650"
2948,5,False,False,0->0,,,,,16,852,"142,289,293,833,459"
2950,5,False,False,0->0,,,,,16,1051,"388,933,310,648,347"
2952,5,False,False,0->0,,,,,16,1002,"787,625,375,770,941"
2953,5,False,False,0->0,,,,,16,422,"98,905,278,517,206"
2954,5,False,False,0->0,,,,,16,1684,"104,535,165,937,840"
2955,5,False,False,0->0,,,,,16,434,"673,203,161,796,715"
2956,5,False,False,0->0,,,,,16,916,"770,929,970,343,164"
2957,5,False,False,0->0,,,,,16,1759,"379,871,883,64,218"
2958,5,False,False,0->0,,,,,16,487,"253,636,77,554,177"
2959,5,False,False,0->0,,,,,16,1578,"762,394,482,772,917"
2960,5,False,False,0->0,,,,,16,489,"97,853,705,137,359"
2961,5,False,False,0->0,,,,,16,1047,"381,447,630,294,217"
2962,5,False,False,0->0,,,,,16,597,"379,862,465,168,56"
2964,5,False,False,0->0,,,,,16,1297,"767,692,653,119,651"
2966,5,False,False,0->0,,,,,16,642,"418,277,548,385,751"
2967,5,False,False,0->0,,,,,16,1250,"88,537,762,235,400"
2968,5,False,False,0->0,,,,,16,518,"94,110,779,697,262"
2970,5,False,False,0->0,,,,,16,359,"44,122,323,832,357"
2971,5,False,False,0->0,,,,,16,888,"566,611,748,629,921"
2972,5,False,False,0->0,,,,,16,374,"323,477,836,721,794"
2977,5,False,False,0->0,,,,,16,1132,"722,88,251,132,930"
2978,5,False,False,0->0,,,,,16,861,"650,383,304,309,45"
2980,5,False,False,0->0,,,,,16,1007,"375,164,886,254,415"
2981,5,False,False,0->0,,,,,16,1540,"942,895,264,695,710"
2983,5,False,False,0->0,,,,,16,970,"710,847,995,411,526"
2985,5,False,False,0->0,,,,,16,897,"436,196,651,632,2"
2988,5,False,False,0->0,,,,,16,551,"499,636,2,806,673"
2989,5,False,False,0->0,,,,,16,504,"963,565,299,441,294"
2991,5,False,False,0->0,,,,,16,474,"824,418,205,593,459"
2992,5,False,False,0->0,,,,,16,525,"12,229,403,4,205"
2993,5,False,False,0->0,,,,,16,617,"277,615,531,603,81"
2994,5,False,False,0->0,,,,,16,936,"51,298,261,848,214"
2996,5,False,False,0->0,,,,,16,845,"186,508,695,961,400"
2997,5,False,False,0->0,,,,,16,781,"806,611,154,19,886"
2998,5,False,False,0->0,,,,,16,348,"789,369,247,195,429"
2999,5,False,False,0->0,,,,,16,720,"679,555,607,583,397"
3000,5,False,False,0->0,,,,,16,1200,"940,758,545,68,388"
3001,5,False,False,0->0,,,,,16,888,"745,831,563,858,755"
3002,5,False,False,0->0,,,,,16,753,"365,692,702,573,648"
3003,5,False,False,0->0,,,,,16,702,"683,687,769,879,371"
3004,5,False,False,0->0,,,,,16,315,"67,220,190,429,823"
3005,5,False,False,0->0,,,,,16,555,"374,676,730,70,714"
3006,5,False,False,0->0,,,,,16,1042,"873,419,522,404,205"
3007,5,False,False,0->0,,,,,16,657,"905,956,105,143,592"
3008,5,False,False,0->0,,,,,16,690,"652,65,623,87,297"
3009,5,False,False,0->0,,,,,16,436,"201,446,190,15,247"
3010,5,False,False,0->0,,,,,16,722,"552,937,181,310,979"
3011,5,False,False,0->0,,,,,16,713,"211,751,530,268,941"
3012,5,False,False,0->0,,,,,16,898,"146,754,508,548,59"
3014,5,False,False,0->0,,,,,16,457,"83,373,914,780,757"
3015,5,False,False,0->0,,,,,16,872,"805,755,739,843,836"
3016,5,False,False,0->0,,,,,16,958,"193,510,643,863,968"
3018,5,False,False,0->0,,,,,16,950,"991,755,412,601,802"
3019,5,False,False,0->0,,,,,16,892,"109,548,960,981,76"
3020,5,False,False,0->0,,,,,16,376,"922,222,146,553,211"
3022,5,False,False,0->0,,,,,16,836,"226,385,272,678,277"
3023,5,False,False,0->0,,,,,16,1424,"329,632,987,948,340"
3024,5,False,False,0->0,,,,,16,598,"961,655,269,252,832"
3025,5,False,False,0->0,,,,,16,441,"963,899,910,847,689"
3026,5,False,False,0->0,,,,,16,846,"709,765,976,777,877"
3027,5,False,False,0->0,,,,,16,582,"810,699,79,168,61"
3029,5,False,False,0->0,,,,,16,476,"950,780,857,15,906"
3030,5,False,False,0->0,,,,,16,351,"212,101,195,527,552"
3031,5,False,False,0->0,,,,,16,793,"768,851,787,238,400"
3032,5,False,False,0->0,,,,,16,526,"911,274,201,112,849"
3033,5,False,False,0->0,,,,,16,652,"844,642,114,722,538"
3034,5,False,False,0->0,,,,,16,1208,"947,363,172,92,905"
3035,5,False,False,0->0,,,,,8,688,"458,38,804,940,970"
3036,5,False,False,0->0,,,,,16,768,"99,619,550,940,667"
3037,5,False,False,0->0,,,,,16,742,"322,364,442,455,866"
3038,5,False,False,0->0,,,,,16,881,"438,238,448,598,108"
3039,5,False,False,0->0,,,,,16,907,"128,651,447,786,635"
3040,5,False,False,0->0,,,,,16,674,"33,928,128,49,552"
3041,5,False,False,0->0,,,,,16,748,"534,504,410,220,899"
3042,5,False,False,0->0,,,,,16,1105,"481,447,1000,285,136"
3043,5,False,False,0->0,,,,,16,883,"729,849,190,827,21"
3045,5,False,False,0->0,,,,,16,1623,"626,879,744,463,824"
3046,5,False,False,0->0,,,,,16,531,"867,379,496,557,895"
3047,5,False,False,0->0,,,,,16,1126,"42,578,454,737,21"
3048,5,False,False,0->0,,,,,16,2060,"833,914,591,822,366"
3049,5,False,False,0->0,,,,,16,1338,"433,26,884,776,726"
3051,5,False,False,0->0,,,,,16,586,"549,750,691,26,583"
3052,5,False,False,0->0,,,,,16,715,"646,376,772,82,732"
3054,5,False,False,0->0,,,,,16,401,"270,280,609,527,760"
3055,5,False,False,0->0,,,,,16,646,"692,172,247,719,830"
3057,5,False,False,0->0,,,,,16,1068,"321,433,485,168,554"
3059,5,False,False,0->0,,,,,16,527,"128,666,501,463,670"
3060,5,False,False,0->0,,,,,16,581,"855,92,401,323,418"
3061,5,False,False,0->0,,,,,16,294,"287,371,489,613,933"
3062,5,False,False,0->0,,,,,16,779,"945,355,340,141,955"
3063,5,False,False,0->0,,,,,16,601,"902,543,957,104,520"
3064,5,False,False,0->0,,,,,16,1096,"209,680,661,394,955"
3065,5,False,False,0->0,,,,,16,936,"63,176,216,573,107"
3066,5,False,False,0->0,,,,,16,975,"556,612,262,357,453"
3067,5,False,False,0->0,,,,,16,653,"526,837,82,57,961"
3068,5,False,False,0->0,,,,,16,390,"177,897,860,124,494"
3071,5,False,False,0->0,,,,,16,601,"229,753,270,656,78"
3072,5,False,False,0->0,,,,,16,818,"598,5,587,991,542"
3074,5,False,False,0->0,,,,,16,385,"288,269,177,47,20"
3075,5,False,False,0->0,,,,,16,1272,"172,155,635,319,717"
3076,5,False,False,0->0,,,,,16,452,"913,146,397,86,694"
3078,5,False,False,0->0,,,,,16,737,"943,80,439,512,155"
3079,5,False,False,0->0,,,,,16,832,"605,683,392,98,262"
3080,5,False,False,0->0,,,,,16,422,"818,23,220,17,14"
3081,5,False,False,0->0,,,,,16,509,"251,228,413,461,856"
3082,5,False,False,0->0,,,,,16,898,"2,173,19,902,981"
3083,5,False,False,0->0,,,,,16,1058,"459,903,706,145,58"
3084,5,False,False,0->0,,,,,16,672,"195,239,786,252,623"
3085,5,False,False,0->0,,,,,16,1106,"983,401,253,19,312"
3086,5,False,False,0->0,,,,,16,782,"884,948,263,954,772"
3087,5,False,False,0->0,,,,,16,715,"184,214,225,282,861"
3088,5,False,False,0->0,,,,,16,539,"948,633,528,926,616"
3089,5,False,False,0->0,,,,,16,898,"390,678,793,552,309"
3090,5,False,False,0->0,,,,,16,580,"668,80,97,338,888"
3091,5,False,False,0->0,,,,,16,729,"161,781,956,951,827"
3092,5,False,False,0->0,,,,,16,744,"372,879,517,870,96"
3093,5,False,False,0->0,,,,,16,444,"271,811,221,521,564"
3094,5,False,False,0->0,,,,,16,809,"969,68,418,136,528"
3096,5,False,False,0->0,,,,,16,451,"178,921,218,401,520"
3097,5,False,False,0->0,,,,,16,827,"63,228,611,393,19"
3098,5,False,False,0->0,,,,,16,1629,"394,491,776,578,915"
3099,5,False,False,0->0,,,,,16,1117,"504,424,242,444,510"
3100,5,False,False,0->0,,,,,16,905,"95,601,504,90,63"
3101,5,False,False,0->0,,,,,16,898,"386,508,487,1000,289"
3103,5,False,False,0->0,,,,,16,235,"705,658,804,790,736"
3104,5,False,False,0->0,,,,,16,978,"630,42,652,586,453"
3105,5,False,False,0->0,,,,,16,672,"32,434,623,421,583"
3106,5,False,False,0->0,,,,,16,503,"299,402,72,588,59"
3107,5,False,False,0->0,,,,,16,366,"278,721,770,459,389"
3108,5,False,False,0->0,,,,,16,462,"615,121,380,423,806"
3109,5,False,False,0->0,,,,,16,805,"751,173,537,74,147"
3111,5,False,False,0->0,,,,,16,608,"178,34,387,810,604"
3112,5,False,False,0->0,,,,,16,363,"447,44,483,982,121"
3113,5,False,False,0->0,,,,,16,583,"541,564,517,370,483"
3118,5,False,False,0->0,,,,,16,853,"975,473,128,36,695"
3119,5,False,False,0->0,,,,,16,919,"833,938,280,801,194"
3120,5,False,False,0->0,,,,,16,1094,"581,879,2,174,444"
3121,5,False,False,0->0,,,,,16,931,"86,171,785,209,982"
3122,5,False,False,0->0,,,,,16,796,"875,162,90,182,436"
3123,5,False,False,0->0,,,,,16,932,"973,221,656,713,181"
3124,5,False,False,0->0,,,,,16,505,"287,225,155,888,393"
3125,5,False,False,0->0,,,,,16,639,"54,327,456,956,913"
3127,5,False,False,0->0,,,,,16,1045,"762,953,625,776,600"
3128,5,False,False,0->0,,,,,16,745,"111,922,994,736,513"
3129,5,False,False,0->0,,,,,16,684,"823,679,573,455,631"
3130,5,False,False,0->0,,,,,16,510,"832,293,268,877,226"
3131,5,False,False,0->0,,,,,16,518,"287,43,97,407,38"
3132,5,False,False,0->0,,,,,16,800,"404,772,57,815,620"
3133,5,False,False,0->0,,,,,16,592,"602,244,719,307,252"
3138,5,False,False,0->0,,,,,16,597,"146,655,325,496,837"
3139,5,False,False,0->0,,,,,16,757,"498,625,542,392,95"
3142,5,False,False,0->0,,,,,16,193,"811,662,985,982,727"
3143,5,False,False,0->0,,,,,16,1094,"132,395,985,27,409"
3145,5,False,False,0->0,,,,,16,621,"70,679,855,711,437"
3146,5,False,False,0->0,,,,,16,1900,"154,539,887,544,172"
3147,5,False,False,0->0,,,,,16,1159,"208,426,448,139,643"
3149,5,False,False,0->0,,,,,16,1636,"499,762,822,202,463"
3150,5,False,False,0->0,,,,,16,630,"287,656,116,426,660"
3151,5,False,False,0->0,,,,,16,1069,"363,440,938,746,866"
3152,5,False,False,0->0,,,,,16,689,"877,260,679,663,384"
3154,5,False,False,0->0,,,,,16,1163,"814,583,826,343,451"
3155,5,False,False,0->0,,,,,16,804,"680,885,436,304,404"
3156,5,False,False,0->0,,,,,16,1105,"93,920,774,675,366"
3157,5,False,False,0->0,,,,,16,673,"885,622,992,90,542"
3158,5,False,False,0->0,,,,,16,254,"461,878,613,159,554"
3159,5,False,False,0->0,,,,,16,740,"212,959,823,728,718"
3160,5,False,False,0->0,,,,,16,284,"362,537,177,886,885"
3162,5,False,False,0->0,,,,,16,1352,"477,567,774,802,532"
3163,5,False,False,0->0,,,,,16,645,"45,434,135,885,908"
3164,5,False,False,0->0,,,,,16,466,"642,103,906,963,886"
3165,5,False,False,0->0,,,,,16,767,"138,663,73,771,815"
3166,5,False,False,0->0,,,,,16,334,"985,587,90,654,679"
3167,5,False,False,0->0,,,,,16,432,"528,146,280,763,392"
3169,5,False,False,0->0,,,,,16,940,"447,444,781,284,828"
3172,5,False,False,0->0,,,,,16,889,"941,726,695,722,954"
3173,5,False,False,0->0,,,,,16,909,"719,573,570,171,288"
3174,5,False,False,0->0,,,,,16,1812,"426,659,174,737,976"
3182,5,False,False,0->0,,,,,16,398,"212,697,867,37,271"
3183,5,False,False,0->0,,,,,16,1091,"290,167,471,249,886"
3184,5,False,False,0->0,,,,,16,775,"302,938,18,360,8"
3186,5,False,False,0->0,,,,,16,1556,"941,524,845,147,405"
3187,5,False,False,0->0,,,,,16,1619,"764,165,186,922,966"
3188,5,False,False,0->0,,,,,16,359,"779,796,790,207,167"
3189,5,False,False,0->0,,,,,16,745,"101,543,206,282,162"
3192,5,False,False,0->0,,,,,16,336,"806,949,15,616,317"
3193,5,False,False,0->0,,,,,16,1200,"207,940,955,753,350"
3194,5,False,False,0->0,,,,,16,803,"759,452,977,627,114"
3195,5,False,False,0->0,,,,,16,445,"784,352,189,621,2"
3198,5,False,False,0->0,,,,,16,737,"658,781,858,837,707"
3200,5,False,False,0->0,,,,,16,481,"621,206,984,950,102"
3201,5,False,False,0->0,,,,,16,987,"941,103,942,487,801"
3203,5,False,False,0->0,,,,,16,1680,"917,171,366,715,734"
3204,5,False,False,0->0,,,,,16,597,"13,629,125,777,133"
3205,5,False,False,0->0,,,,,16,486,"401,106,97,59,252"
3206,5,False,False,0->0,,,,,16,1060,"419,276,563,992,498"
3208,5,False,False,0->0,,,,,16,369,"274,110,137,850,327"
3209,5,False,False,0->0,,,,,16,682,"165,483,440,984,184"
3210,5,False,False,0->0,,,,,16,945,"413,859,490,38,184"
3211,5,False,False,0->0,,,,,16,589,"172,878,927,612,94"
3215,5,False,False,0->0,,,,,16,1121,"772,971,722,324,132"
3216,5,False,False,0->0,,,,,16,1438,"397,837,3,761,375"
3217,5,False,False,0->0,,,,,16,868,"374,76,710,209,762"
3218,5,False,False,0->0,,,,,16,955,"453,640,438,602,848"
3221,5,False,False,0->0,,,,,16,745,"777,490,442,99,17"
3222,5,False,False,0->0,,,,,16,523,"441,374,903,771,769"
3225,5,False,False,0->0,,,,,16,1369,"20,815,395,618,113"
3226,5,False,False,0->0,,,,,16,560,"720,298,103,631,793"
3227,5,False,False,0->0,,,,,16,938,"631,90,567,970,438"
3228,5,False,False,0->0,,,,,16,1186,"47,700,467,319,106"
3229,5,False,False,0->0,,,,,16,913,"64,961,612,971,646"
3230,5,False,False,0->0,,,,,16,487,"523,781,725,226,173"
3232,5,False,False,0->0,,,,,16,1156,"43,651,717,29,358"
3233,5,False,False,0->0,,,,,16,268,"310,521,391,483,975"
3234,5,False,False,0->0,,,,,16,974,"634,699,454,208,444"
3235,5,False,False,0->0,,,,,16,826,"253,477,930,446,443"
3238,5,False,False,0->0,,,,,16,574,"120,378,716,674,813"
3239,5,False,False,0->0,,,,,16,884,"344,590,635,260,107"
3242,5,False,False,0->0,,,,,16,1209,"366,581,650,268,681"
3243,5,False,False,0->0,,,,,16,1012,"813,273,330,693,205"
3245,5,False,False,0->0,,,,,16,1366,"394,578,830,163,704"
3246,5,False,False,0->0,,,,,16,869,"886,165,666,711,906"
3247,5,False,False,0->0,,,,,16,610,"968,187,660,870,750"
3250,5,False,False,0->0,,,,,16,1179,"218,707,19,604,798"
3252,5,False,False,0->0,,,,,16,972,"172,618,447,342,524"
3253,5,False,False,0->0,,,,,16,1189,"754,262,416,860,876"
3254,5,False,False,0->0,,,,,16,1503,"409,207,926,871,987"
3256,5,False,False,0->0,,,,,16,1181,"883,619,663,32,465"
3257,5,False,False,0->0,,,,,16,1467,"764,517,942,250,937"
3258,5,False,False,0->0,,,,,16,612,"636,114,530,959,683"
3259,5,False,False,0->0,,,,,16,965,"952,690,365,485,687"
3260,5,False,False,0->0,,,,,16,332,"784,246,244,952,497"
3262,5,False,False,0->0,,,,,16,530,"122,374,483,834,398"
3263,5,False,False,0->0,,,,,16,1769,"659,11,497,460,871"
3266,5,False,False,0->0,,,,,16,630,"806,421,649,573,611"
3267,5,False,False,0->0,,,,,16,288,"985,62,815,177,303"
3269,5,False,False,0->0,,,,,16,1223,"442,55,876,96,866"
3270,5,False,False,0->0,,,,,16,536,"950,246,927,70,320"
3271,5,False,False,0->0,,,,,16,527,"391,101,796,364,902"
3273,5,False,False,0->0,,,,,16,419,"54,183,403,852,650"
3274,5,False,False,0->0,,,,,16,1106,"953,79,844,848,411"
3275,5,False,False,0->0,,,,,16,903,"411,95,53,668,623"
3276,5,False,False,0->0,,,,,16,477,"960,314,422,67,834"
3277,5,False,False,0->0,,,,,16,1361,"779,231,556,941,879"
3278,5,False,False,0->0,,,,,16,411,"911,938,280,741,662"
3279,5,False,False,0->0,,,,,16,232,"609,297,440,720,811"
3281,5,False,False,0->0,,,,,16,1531,"618,268,757,973,350"
3282,5,False,False,0->0,,,,,16,532,"680,742,585,181,888"
3283,5,False,False,0->0,,,,,16,657,"911,56,823,113,358"
3284,5,False,False,0->0,,,,,16,662,"731,319,685,116,680"
3285,5,False,False,0->0,,,,,16,790,"816,553,611,175,718"
3286,5,False,False,0->0,,,,,16,738,"984,3,169,355,781"
3287,5,False,False,0->0,,,,,16,633,"76,613,843,158,477"
3288,5,False,False,0->0,,,,,16,631,"319,78,222,324,80"
3290,5,False,False,0->0,,,,,16,1520,"958,793,530,350,216"
3291,5,False,False,0->0,,,,,16,1240,"122,524,607,735,40"
3292,5,False,False,0->0,,,,,16,1108,"101,264,836,58,52"
3293,5,False,False,0->0,,,,,16,739,"454,283,808,438,950"
3294,5,False,False,0->0,,,,,16,571,"246,272,593,60,184"
3295,5,False,False,0->0,,,,,16,1290,"830,171,17,578,903"
3296,5,False,False,0->0,,,,,16,941,"322,412,45,590,110"
3297,5,False,False,0->0,,,,,16,999,"24,249,759,25,388"
3299,5,False,False,0->0,,,,,16,845,"11,308,757,197,220"
3300,5,False,False,0->0,,,,,16,642,"365,550,732,200,564"
3301,5,False,False,0->0,,,,,16,1050,"563,835,856,651,992"
3302,5,False,False,0->0,,,,,16,1153,"356,201,790,112,578"
3303,5,False,False,0->0,,,,,16,936,"696,157,312,801,199"
3305,5,False,False,0->0,,,,,16,435,"195,358,517,53,742"
3308,5,False,False,0->0,,,,,16,827,"459,11,880,167,14"
3309,5,False,False,0->0,,,,,16,772,"920,661,611,16,32"
3310,5,False,False,0->0,,,,,16,1317,"769,504,863,445,51"
3311,5,False,False,0->0,,,,,16,346,"888,551,74,515,630"
3314,5,False,False,0->0,,,,,16,505,"843,638,707,43,128"
3315,5,False,False,0->0,,,,,16,646,"692,743,202,581,148"
3317,5,False,False,0->0,,,,,16,574,"696,558,662,57,270"
3318,5,False,False,0->0,,,,,16,977,"920,55,634,854,16"
3319,5,False,False,0->0,,,,,16,473,"585,605,983,517,549"
3320,5,False,False,0->0,,,,,16,484,"547,629,461,128,239"
3324,5,False,False,0->0,,,,,16,641,"536,317,498,903,676"
3325,5,False,False,0->0,,,,,16,688,"188,355,929,29,870"
3327,5,False,False,0->0,,,,,16,964,"60,835,274,173,834"
3328,5,False,False,0->0,,,,,16,809,"331,122,761,246,259"
3329,5,False,False,0->0,,,,,16,371,"531,457,888,371,448"
3330,5,False,False,0->0,,,,,16,252,"492,192,725,211,692"
3333,5,False,False,0->0,,,,,16,921,"211,465,302,125,411"
3334,5,False,False,0->0,,,,,16,596,"911,2,717,277,983"
3335,5,False,False,0->0,,,,,16,490,"451,521,581,214,279"
3338,5,False,False,0->0,,,,,16,1140,"762,52,615,172,257"
3341,5,False,False,0->0,,,,,16,507,"906,714,993,26,110"
3344,5,False,False,0->0,,,,,16,520,"314,458,744,416,60"
3345,5,False,False,0->0,,,,,16,428,"42,903,218,752,910"
3347,5,False,False,0->0,,,,,16,426,"456,126,589,760,770"
3348,5,False,False,0->0,,,,,16,574,"49,236,783,892,667"
3350,5,False,False,0->0,,,,,16,788,"161,6,23,611,748"
3353,5,False,False,0->0,,,,,16,888,"515,437,407,245,700"
3354,5,False,False,0->0,,,,,16,451,"391,931,340,319,606"
3356,5,False,False,0->0,,,,,16,556,"346,430,522,537,750"
3357,5,False,False,0->0,,,,,16,1433,"419,549,44,423,973"
3358,5,False,False,0->0,,,,,16,904,"378,633,797,601,542"
3359,5,False,False,0->0,,,,,16,715,"381,195,592,805,20"
3360,5,False,False,0->0,,,,,16,977,"715,374,119,741,79"
3361,5,False,False,0->0,,,,,16,1059,"776,793,54,346,637"
3362,5,False,False,0->0,,,,,16,387,"373,769,978,12,236"
3363,5,False,False,0->0,,,,,16,637,"520,111,154,398,855"
3365,5,False,False,0->0,,,,,16,561,"745,303,831,630,602"
3366,5,False,False,0->0,,,,,16,948,"972,294,210,226,338"
3371,5,False,False,0->0,,,,,16,823,"209,359,854,265,746"
3373,5,False,False,0->0,,,,,16,520,"582,63,597,526,513"
3375,5,False,False,0->0,,,,,16,1102,"503,782,843,331,513"
3377,5,False,False,0->0,,,,,16,734,"91,434,755,636,110"
3378,5,False,False,0->0,,,,,16,1248,"880,614,390,302,630"
3380,5,False,False,0->0,,,,,16,833,"320,475,4,641,57"
3381,5,False,False,0->0,,,,,16,898,"463,950,858,271,938"
3382,5,False,False,0->0,,,,,16,1056,"134,107,326,97,114"
3383,5,False,False,0->0,,,,,16,380,"475,454,254,909,486"
3384,5,False,False,0->0,,,,,16,365,"333,486,154,40,158"
3386,5,False,False,0->0,,,,,16,686,"83,803,779,184,890"
3388,5,False,False,0->0,,,,,16,1043,"486,728,924,795,493"
3389,5,False,False,0->0,,,,,16,953,"880,940,990,304,575"
3390,5,False,False,0->0,,,,,16,748,"319,565,528,342,653"
3391,5,False,False,0->0,,,,,16,485,"960,155,414,46,784"
3392,5,False,False,0->0,,,,,16,489,"789,100,192,392,472"
3394,5,False,False,0->0,,,,,16,464,"2,850,365,496,322"
3395,5,False,False,0->0,,,,,16,1148,"391,235,739,590,228"
3398,5,False,False,0->0,,,,,16,716,"891,483,202,451,944"
3399,5,False,False,0->0,,,,,16,823,"171,730,101,423,374"
3400,5,False,False,0->0,,,,,16,621,"297,452,340,81,262"
3401,5,False,False,0->0,,,,,16,934,"974,903,944,421,911"
3402,5,False,False,0->0,,,,,16,1527,"15,473,827,136,21"
3403,5,False,False,0->0,,,,,16,808,"810,494,880,990,753"
3404,5,False,False,0->0,,,,,16,831,"360,171,505,849,425"
3405,5,False,False,0->0,,,,,16,579,"677,177,202,280,44"
3406,5,False,False,0->0,,,,,16,541,"783,257,106,692,67"
3407,5,False,False,0->0,,,,,16,495,"246,696,741,192,847"
3408,5,False,False,0->0,,,,,16,797,"136,31,716,472,926"
3409,5,False,False,0->0,,,,,16,759,"861,212,707,128,197"
3411,5,False,False,0->0,,,,,16,1069,"443,980,587,259,507"
3414,5,False,False,0->0,,,,,16,1093,"199,190,834,522,800"
3415,5,False,False,0->0,,,,,16,561,"528,27,672,421,491"
3416,5,False,False,0->0,,,,,16,909,"483,32,673,136,467"
3417,5,False,False,0->0,,,,,16,1352,"88,23,712,434,424"
3418,5,False,False,0->0,,,,,16,586,"580,455,761,538,332"
3419,5,False,False,0->0,,,,,16,806,"522,166,21,593,390"
3420,5,False,False,0->0,,,,,16,665,"560,620,840,685,14"
3421,5,False,False,0->0,,,,,16,942,"362,560,917,342,400"
3422,5,False,False,0->0,,,,,16,859,"461,335,264,546,690"
3423,5,False,False,0->0,,,,,16,544,"564,566,498,416,15"
3424,5,False,False,0->0,,,,,16,265,"307,102,580,176,905"
3425,5,False,False,0->0,,,,,16,947,"27,41,564,678,748"
3426,5,False,False,0->0,,,,,16,194,"278,770,483,479,137"
3427,5,False,False,0->0,,,,,16,399,"959,790,731,621,297"
3431,5,False,False,0->0,,,,,16,1048,"968,370,860,375,23"
3432,5,False,False,0->0,,,,,16,708,"181,68,958,857,229"
3434,5,False,False,0->0,,,,,16,852,"733,759,736,988,60"
3436,5,False,False,0->0,,,,,16,640,"415,565,915,332,238"
3438,5,False,False,0->0,,,,,16,462,"543,557,742,935,111"
3439,5,False,False,0->0,,,,,16,464,"294,755,235,557,759"
3442,5,False,False,0->0,,,,,16,1339,"987,973,761,714,906"
3443,5,False,False,0->0,,,,,16,723,"83,185,554,226,999"
3444,5,False,False,0->0,,,,,16,771,"53,872,835,81,978"
3445,5,False,False,0->0,,,,,16,802,"624,104,385,786,360"
3447,5,False,False,0->0,,,,,16,1219,"51,681,99,313,633"
3449,5,False,False,0->0,,,,,16,433,"788,131,715,42,270"
3450,5,False,False,0->0,,,,,16,511,"473,207,145,583,14"
3453,5,False,False,0->0,,,,,16,1004,"112,19,522,741,867"
3454,5,False,False,0->0,,,,,16,611,"233,413,672,252,999"
3455,5,False,False,0->0,,,,,16,1099,"716,884,184,536,290"
3456,5,False,False,0->0,,,,,16,544,"603,277,519,14,171"
3458,5,False,False,0->0,,,,,16,889,"112,338,858,297,592"
3459,5,False,False,0->0,,,,,16,528,"724,589,875,514,892"
3460,5,False,False,0->0,,,,,16,756,"980,445,225,842,551"
3461,5,False,False,0->0,,,,,16,759,"491,680,966,853,102"
3462,5,False,False,0->0,,,,,16,1276,"423,863,651,877,223"
3463,5,False,False,0->0,,,,,16,403,"742,949,551,245,886"
3464,5,False,False,0->0,,,,,16,782,"792,909,111,824,630"
3465,5,False,False,0->0,,,,,16,491,"580,521,297,51,670"
3466,5,False,False,0->0,,,,,16,1014,"455,700,1000,68,303"
3467,5,False,False,0->0,,,,,16,477,"811,550,116,96,327"
3468,5,False,False,0->0,,,,,16,1076,"423,504,622,92,816"
3469,5,False,False,0->0,,,,,16,748,"174,884,815,80,72"
3471,5,False,False,0->0,,,,,16,799,"376,133,850,197,78"
3472,5,False,False,0->0,,,,,16,1068,"91,375,615,247,798"
3475,5,False,False,0->0,,,,,16,602,"410,29,87,746,146"
3477,5,False,False,0->0,,,,,16,1101,"138,461,261,659,226"
3478,5,False,False,0->0,,,,,16,691,"277,919,614,426,507"
3479,5,False,False,0->0,,,,,16,506,"937,397,100,233,943"
3482,5,False,False,0->0,,,,,16,585,"31,481,957,429,738"
3484,5,False,False,0->0,,,,,16,625,"338,433,56,693,783"
3485,5,False,False,0->0,,,,,16,665,"245,654,387,548,897"
3486,5,False,False,0->0,,,,,16,815,"849,85,845,235,45"
3487,5,False,False,0->0,,,,,16,617,"566,413,595,895,262"
3488,5,False,False,0->0,,,,,16,587,"609,468,556,568,279"
3489,5,False,False,0->0,,,,,16,1145,"635,629,506,914,659"
3490,5,False,False,0->0,,,,,16,643,"33,759,552,833,278"
3491,5,False,False,0->0,,,,,16,1047,"64,430,202,960,447"
3492,5,False,False,0->0,,,,,16,870,"62,915,512,11,919"
3493,5,False,False,0->0,,,,,16,1030,"814,138,38,183,1"
3494,5,False,False,0->0,,,,,16,1148,"467,900,873,732,694"
3495,5,False,False,0->0,,,,,16,1208,"456,86,344,202,706"
3497,5,False,False,0->0,,,,,16,363,"132,751,243,902,420"
3499,5,False,False,0->0,,,,,16,986,"583,604,513,599,648"
3500,5,False,False,0->0,,,,,16,405,"810,796,836,565,503"
3501,5,False,False,0->0,,,,,16,689,"710,436,888,517,602"
3502,5,False,False,0->0,,,,,16,513,"43,212,314,754,621"
3503,5,False,False,0->0,,,,,16,1198,"117,302,110,694,485"
3506,5,False,False,0->0,,,,,16,612,"231,937,950,46,448"
3508,5,False,False,0->0,,,,,16,1380,"814,985,230,651,500"
3509,5,False,False,0->0,,,,,16,794,"577,780,885,854,32"
3510,5,False,False,0->0,,,,,16,495,"699,465,152,906,48"
3511,5,False,False,0->0,,,,,16,816,"155,53,173,38,781"
3513,5,False,False,0->0,,,,,16,590,"268,393,9,86,935"
3514,5,False,False,0->0,,,,,16,396,"325,775,742,646,688"
3515,5,False,False,0->0,,,,,16,185,"94,195,560,280,260"
3516,5,False,False,0->0,,,,,16,534,"128,161,70,603,198"
3517,5,False,False,0->0,,,,,16,865,"655,738,418,623,868"
3518,5,False,False,0->0,,,,,16,723,"556,203,938,164,878"
3519,5,False,False,0->0,,,,,16,1801,"998,827,582,879,848"
3520,5,False,False,0->0,,,,,16,807,"558,26,385,537,883"
3521,5,False,False,0->0,,,,,16,494,"824,125,632,622,927"
3522,5,False,False,0->0,,,,,16,508,"217,602,416,122,330"
3523,5,False,False,0->0,,,,,16,987,"438,55,459,598,192"
3524,5,False,False,0->0,,,,,16,267,"101,222,637,94,992"
3525,5,False,False,0->0,,,,,16,473,"442,83,144,704,555"
3526,5,False,False,0->0,,,,,16,488,"269,844,675,122,979"
3527,5,False,False,0->0,,,,,16,484,"232,271,463,276,475"
3528,5,False,False,0->0,,,,,16,891,"791,777,16,19,393"
3530,5,False,False,0->0,,,,,16,584,"288,732,514,317,111"
3531,5,False,False,0->0,,,,,16,1009,"104,283,47,388,226"
3532,5,False,False,0->0,,,,,16,676,"342,383,793,319,570"
3533,5,False,False,0->0,,,,,16,663,"705,993,554,757,700"
3534,5,False,False,0->0,,,,,16,524,"252,770,409,206,195"
3535,5,False,False,0->0,,,,,16,745,"134,279,157,106,117"
3536,5,False,False,0->0,,,,,16,202,"117,801,133,297,222"
3540,5,False,False,0->0,,,,,16,1189,"693,637,160,150,713"
3543,5,False,False,0->0,,,,,16,467,"513,177,635,617,546"
3545,5,False,False,0->0,,,,,16,852,"730,511,783,633,504"
3546,5,False,False,0->0,,,,,16,780,"429,728,877,96,985"
3547,5,False,False,0->0,,,,,16,508,"895,214,674,394,553"
3548,5,False,False,0->0,,,,,16,305,"179,878,861,133,742"
3549,5,False,False,0->0,,,,,16,1187,"104,822,287,854,498"
3553,5,False,False,0->0,,,,,16,866,"330,661,620,307,434"
3554,5,False,False,0->0,,,,,16,1103,"171,749,615,507,808"
3555,5,False,False,0->0,,,,,16,207,"968,654,325,251,708"
3556,5,False,False,0->0,,,,,16,274,"836,769,854,763,387"
3557,5,False,False,0->0,,,,,16,837,"733,772,857,850,49"
3558,5,False,False,0->0,,,,,16,1384,"998,493,792,128,624"
3560,5,False,False,0->0,,,,,16,854,"616,503,655,649,726"
3561,5,False,False,0->0,,,,,16,1065,"611,119,405,514,767"
3562,5,False,False,0->0,,,,,16,808,"538,238,329,612,557"
3563,5,False,False,0->0,,,,,16,623,"100,804,488,5,251"
3565,5,False,False,0->0,,,,,16,366,"189,23,46,280,933"
3566,5,False,False,0->0,,,,,16,612,"364,954,981,670,957"
3567,5,False,False,0->0,,,,,16,1237,"329,38,468,634,106"
3568,5,False,False,0->0,,,,,16,270,"694,757,20,107,597"
3569,5,False,False,0->0,,,,,16,1092,"201,626,372,631,744"
3570,5,False,False,0->0,,,,,16,1067,"913,915,876,656,518"
3571,5,False,False,0->0,,,,,16,471,"851,285,672,656,945"
3572,5,False,False,0->0,,,,,16,775,"481,835,551,434,274"
3573,5,False,False,0->0,,,,,16,813,"21,143,358,560,623"
3574,5,False,False,0->0,,,,,16,656,"548,185,922,522,325"
3575,5,False,False,0->0,,,,,16,842,"45,163,371,218,33"
3576,5,False,False,0->0,,,,,16,507,"241,116,603,794,953"
3577,5,False,False,0->0,,,,,16,331,"99,236,907,860,106"
3578,5,False,False,0->0,,,,,16,818,"870,379,943,284,705"
3581,5,False,False,0->0,,,,,16,448,"110,528,620,456,148"
3585,5,False,False,0->0,,,,,16,1069,"52,156,279,837,826"
3586,5,False,False,0->0,,,,,16,1192,"122,976,745,417,259"
3587,5,False,False,0->0,,,,,16,199,"126,48,193,223,691"
3588,5,False,False,0->0,,,,,16,621,"265,37,868,458,251"
3590,5,False,False,0->0,,,,,16,469,"5,99,892,801,87"
3592,5,False,False,0->0,,,,,16,759,"126,465,880,193,675"
3596,5,False,False,0->0,,,,,16,824,"243,835,307,873,535"
3598,5,False,False,0->0,,,,,16,1011,"158,270,566,994,728"
3599,5,False,False,0->0,,,,,16,702,"949,293,763,488,265"
3603,5,False,False,0->0,,,,,16,1244,"748,67,346,827,119"
3604,5,False,False,0->0,,,,,16,579,"570,625,771,883,684"
3606,5,False,False,0->0,,,,,16,991,"505,475,886,782,127"
3607,5,False,False,0->0,,,,,16,879,"228,121,38,648,960"
3609,5,False,False,0->0,,,,,16,984,"975,959,262,83,717"
3610,5,False,False,0->0,,,,,16,501,"164,280,551,29,933"
3611,5,False,False,0->0,,,,,16,357,"346,547,60,192,85"
3615,5,False,False,0->0,,,,,16,804,"313,817,984,445,446"
3616,5,False,False,0->0,,,,,16,1550,"329,208,876,49,252"
3619,5,False,False,0->0,,,,,16,803,"792,79,969,224,821"
3620,5,False,False,0->0,,,,,16,1479,"790,607,326,676,980"
3621,5,False,False,0->0,,,,,16,437,"391,588,959,631,999"
3623,5,False,False,0->0,,,,,16,1135,"851,307,419,920,677"
3624,5,False,False,0->0,,,,,16,558,"119,335,737,317,938"
3625,5,False,False,0->0,,,,,16,696,"968,526,762,136,228"
3626,5,False,False,0->0,,,,,16,586,"386,159,690,627,727"
3627,5,False,False,0->0,,,,,16,1529,"941,808,953,499,444"
3629,5,False,False,0->0,,,,,16,603,"461,289,203,956,266"
3630,5,False,False,0->0,,,,,16,1242,"729,230,856,21,943"
3631,5,False,False,0->0,,,,,16,996,"313,211,434,235,908"
3633,5,False,False,0->0,,,,,16,1141,"452,91,69,72,941"
3634,5,False,False,0->0,,,,,16,1854,"735,388,634,979,37"
3635,5,False,False,0->0,,,,,16,1041,"661,124,788,355,964"
3637,5,False,False,0->0,,,,,16,752,"581,121,890,879,241"
3639,5,False,False,0->0,,,,,16,1283,"629,210,938,742,488"
3640,5,False,False,0->0,,,,,16,1043,"640,859,503,57,253"
3642,5,False,False,0->0,,,,,16,784,"866,510,743,404,320"
3643,5,False,False,0->0,,,,,16,643,"658,308,734,826,369"
3644,5,False,False,0->0,,,,,16,800,"824,849,926,986,291"
3647,5,False,False,0->0,,,,,16,938,"627,463,318,53,204"
3648,5,False,False,0->0,,,,,16,1182,"168,319,496,173,964"
3649,5,False,False,0->0,,,,,16,433,"930,705,121,958,931"
3650,5,False,False,0->0,,,,,16,807,"860,546,878,879,218"
3651,5,False,False,0->0,,,,,16,546,"655,374,860,457,77"
3653,5,False,False,0->0,,,,,16,766,"700,442,691,396,243"
3654,5,False,False,0->0,,,,,16,1695,"471,865,378,544,556"
3655,5,False,False,0->0,,,,,16,501,"878,991,161,145,995"
3658,5,False,False,0->0,,,,,16,1139,"209,859,92,289,119"
3661,5,False,False,0->0,,,,,16,922,"745,979,759,974,893"
3662,5,False,False,0->0,,,,,16,277,"927,460,32,990,588"
3664,5,False,False,0->0,,,,,16,1330,"745,197,91,370,725"
3666,5,False,False,0->0,,,,,16,634,"379,572,583,791,120"
3667,5,False,False,0->0,,,,,16,597,"687,954,463,82,770"
3668,5,False,False,0->0,,,,,16,1458,"140,111,375,520,362"
3669,5,False,False,0->0,,,,,16,905,"24,8,171,762,831"
3670,5,False,False,0->0,,,,,16,895,"613,548,728,486,749"
3671,5,False,False,0->0,,,,,16,788,"451,72,124,976,780"
3672,5,False,False,0->0,,,,,16,934,"794,496,225,942,631"
3673,5,False,False,0->0,,,,,16,960,"711,289,162,958,356"
3674,5,False,False,0->0,,,,,16,314,"981,817,308,244,271"
3677,5,False,False,0->0,,,,,16,1112,"719,706,868,556,394"
3678,5,False,False,0->0,,,,,16,1771,"141,404,764,186,659"
3679,5,False,False,0->0,,,,,16,359,"247,818,461,775,262"
3680,5,False,False,0->0,,,,,16,453,"154,443,31,538,906"
3681,5,False,False,0->0,,,,,16,1935,"651,27,50,974,3"
3682,5,False,False,0->0,,,,,16,1012,"29,64,31,848,717"
3683,5,False,False,0->0,,,,,16,559,"944,302,59,931,526"
3684,5,False,False,0->0,,,,,16,884,"585,350,714,18,884"
3686,5,False,False,0->0,,,,,16,763,"321,857,511,676,69"
3688,5,False,False,0->0,,,,,16,739,"364,518,150,811,47"
3689,5,False,False,0->0,,,,,16,853,"42,313,649,732,65"
3690,5,False,False,0->0,,,,,16,922,"638,303,541,822,403"
3691,5,False,False,0->0,,,,,16,1414,"271,835,735,750,423"
3692,5,False,False,0->0,,,,,16,1127,"380,582,95,900,558"
3693,5,False,False,0->0,,,,,16,1185,"201,632,845,394,490"
3695,5,False,False,0->0,,,,,16,1026,"216,729,386,877,268"
3696,5,False,False,0->0,,,,,16,1071,"206,359,675,360,822"
3698,5,False,False,0->0,,,,,16,893,"324,180,618,654,447"
3699,5,False,False,0->0,,,,,16,778,"267,928,223,401,605"
3701,5,False,False,0->0,,,,,16,967,"805,817,853,252,291"
3702,5,False,False,0->0,,,,,16,528,"759,267,768,740,842"
3703,5,False,False,0->0,,,,,16,1212,"843,43,122,865,395"
3704,5,False,False,0->0,,,,,16,1333,"980,802,243,685,302"
3705,5,False,False,0->0,,,,,16,1260,"969,230,726,857,87"
3706,5,False,False,0->0,,,,,16,1250,"469,748,67,874,919"
3708,5,False,False,0->0,,,,,16,698,"950,726,794,848,276"
3709,5,False,False,0->0,,,,,16,763,"363,402,410,222,168"
3711,5,False,False,0->0,,,,,16,447,"736,503,344,521,22"
3712,5,False,False,0->0,,,,,16,1223,"927,527,843,456,657"
3713,5,False,False,0->0,,,,,16,764,"724,534,818,79,906"
3714,5,False,False,0->0,,,,,16,434,"818,805,156,437,422"
3716,5,False,False,0->0,,,,,16,1046,"669,398,541,779,535"
3717,5,False,False,0->0,,,,,16,439,"469,266,517,220,711"
3721,5,False,False,0->0,,,,,16,778,"921,282,272,288,16"
3722,5,False,False,0->0,,,,,16,368,"211,282,439,890,299"
3724,5,False,False,0->0,,,,,16,507,"995,742,497,513,397"
3725,5,False,False,0->0,,,,,16,940,"789,505,631,121,494"
3726,5,False,False,0->0,,,,,16,1295,"728,171,346,36,751"
3728,5,False,False,0->0,,,,,16,1121,"623,488,1000,177,567"
3729,5,False,False,0->0,,,,,16,870,"394,948,611,312,154"
3730,5,False,False,0->0,,,,,16,969,"451,786,853,900,108"
3731,5,False,False,0->0,,,,,16,1221,"757,331,241,326,290"
3732,5,False,False,0->0,,,,,16,285,"910,961,935,346,553"
3733,5,False,False,0->0,,,,,16,971,"78,569,489,49,400"
3734,5,False,False,0->0,,,,,16,775,"514,620,405,979,920"
3736,5,False,False,0->0,,,,,16,1076,"519,4,553,934,871"
3738,5,False,False,0->0,,,,,16,510,"995,730,243,972,920"
3740,5,False,False,0->0,,,,,16,1186,"546,553,485,743,330"
3741,5,False,False,0->0,,,,,16,749,"704,585,573,739,225"
3742,5,False,False,0->0,,,,,16,335,"48,552,85,781,232"
3743,5,False,False,0->0,,,,,16,659,"685,662,114,824,74"
3744,5,False,False,0->0,,,,,16,495,"741,688,247,522,877"
3745,5,False,False,0->0,,,,,16,746,"993,618,784,941,94"
3747,5,False,False,0->0,,,,,16,616,"51,640,128,401,437"
3748,5,False,False,0->0,,,,,16,552,"64,270,857,875,999"
3749,5,False,False,0->0,,,,,16,1035,"143,73,911,285,883"
3750,5,False,False,0->0,,,,,16,890,"51,184,19,832,78"
3751,5,False,False,0->0,,,,,16,642,"762,887,790,689,543"
3754,5,False,False,0->0,,,,,16,1125,"568,368,530,290,992"
3755,5,False,False,0->0,,,,,16,671,"41,495,54,373,90"
3756,5,False,False,0->0,,,,,16,747,"209,65,469,57,383"
3760,5,False,False,0->0,,,,,16,1426,"728,702,282,285,607"
3762,5,False,False,0->0,,,,,16,1324,"448,974,987,823,867"
3763,5,False,False,0->0,,,,,16,1048,"81,494,405,92,519"
3765,5,False,False,0->0,,,,,16,903,"417,412,721,302,451"
3766,5,False,False,0->0,,,,,16,1067,"312,752,104,813,431"
3768,5,False,False,0->0,,,,,16,983,"505,265,181,319,857"
3769,5,False,False,0->0,,,,,16,587,"301,795,691,39,142"
3770,5,False,False,0->0,,,,,16,723,"274,727,763,188,513"
3772,5,False,False,0->0,,,,,16,797,"288,620,458,851,726"
3773,5,False,False,0->0,,,,,16,1143,"800,59,551,693,477"
3775,5,False,False,0->0,,,,,16,820,"473,25,680,144,252"
3776,5,False,False,0->0,,,,,16,303,"407,373,813,842,831"
3777,5,False,False,0->0,,,,,16,1140,"473,847,863,730,834"
3778,5,False,False,0->0,,,,,16,891,"769,19,667,517,122"
3780,5,False,False,0->0,,,,,16,783,"531,117,921,99,197"
3781,5,False,False,0->0,,,,,16,1180,"431,495,266,859,920"
3782,5,False,False,0->0,,,,,16,585,"103,556,209,510,872"
3784,5,False,False,0->0,,,,,16,156,"560,186,80,919,794"
3786,5,False,False,0->0,,,,,16,1042,"852,910,26,46,482"
3788,5,False,False,0->0,,,,,16,913,"607,851,531,202,575"
3789,5,False,False,0->0,,,,,16,708,"676,127,477,934,24"
3791,5,False,False,0->0,,,,,16,833,"651,262,224,780,318"
3793,5,False,False,0->0,,,,,16,532,"218,553,217,972,823"
3795,5,False,False,0->0,,,,,16,999,"471,574,739,116,82"
3796,5,False,False,0->0,,,,,16,876,"620,600,797,386,785"
3797,5,False,False,0->0,,,,,16,744,"391,887,76,984,390"
3798,5,False,False,0->0,,,,,16,622,"684,908,289,86,62"
3800,5,False,False,0->0,,,,,16,477,"327,762,999,231,501"
3801,5,False,False,0->0,,,,,16,635,"738,209,443,333,314"
3802,5,False,False,0->0,,,,,16,1936,"52,876,350,635,225"
3803,5,False,False,0->0,,,,,16,521,"838,247,977,521,171"
3804,5,False,False,0->0,,,,,16,544,"995,232,223,853,831"
3805,5,False,False,0->0,,,,,16,721,"29,696,164,378,272"
3806,5,False,False,0->0,,,,,16,725,"564,415,370,853,847"
3807,5,False,False,0->0,,,,,16,764,"166,49,848,274,662"
3808,5,False,False,0->0,,,,,16,467,"439,998,982,872,983"
3809,5,False,False,0->0,,,,,16,891,"436,852,271,199,863"
3810,5,False,False,0->0,,,,,16,403,"828,568,404,791,106"
3811,5,False,False,0->0,,,,,16,890,"887,285,148,397,103"
3812,5,False,False,0->0,,,,,16,511,"862,467,934,642,751"
3813,5,False,False,0->0,,,,,16,631,"327,409,908,288,122"
3815,5,False,False,0->0,,,,,16,638,"629,415,372,542,715"
3816,5,False,False,0->0,,,,,16,608,"447,100,233,902,132"
3817,5,False,False,0->0,,,,,16,240,"695,222,156,401,144"
3818,5,False,False,0->0,,,,,16,922,"512,44,49,379,588"
3820,5,False,False,0->0,,,,,16,559,"50,342,429,371,695"
3821,5,False,False,0->0,,,,,16,1085,"961,504,5,835,15"
3822,5,False,False,0->0,,,,,16,823,"56,40,102,358,887"
3823,5,False,False,0->0,,,,,16,873,"661,465,107,754,190"
3824,5,False,False,0->0,,,,,16,504,"232,70,697,147,335"
3825,5,False,False,0->0,,,,,16,362,"804,586,126,550,530"
3827,5,False,False,0->0,,,,,16,523,"190,654,27,909,396"
3828,5,False,False,0->0,,,,,16,1026,"241,430,425,173,785"
3829,5,False,False,0->0,,,,,16,852,"378,301,17,719,164"
3832,5,False,False,0->0,,,,,16,1401,"160,40,180,210,113"
3834,5,False,False,0->0,,,,,16,914,"833,445,255,905,269"
3836,5,False,False,0->0,,,,,16,291,"269,283,732,759,150"
3837,5,False,False,0->0,,,,,16,677,"144,558,393,913,883"
3839,5,False,False,0->0,,,,,16,520,"660,513,555,131,54"
3840,5,False,False,0->0,,,,,16,749,"415,890,2,657,344"
3841,5,False,False,0->0,,,,,16,1094,"248,375,22,120,777"
3842,5,False,False,0->0,,,,,16,496,"77,111,241,440,232"
3843,5,False,False,0->0,,,,,16,1286,"368,1,282,652,585"
3844,5,False,False,0->0,,,,,16,324,"977,452,128,755,246"
3845,5,False,False,0->0,,,,,16,916,"51,314,804,951,917"
3846,5,False,False,0->0,,,,,16,523,"172,250,935,926,263"
3848,5,False,False,0->0,,,,,16,1165,"27,723,657,393,856"
3850,5,False,False,0->0,,,,,16,473,"744,797,999,597,142"
3851,5,False,False,0->0,,,,,16,1341,"726,657,969,710,742"
3853,5,False,False,0->0,,,,,16,1166,"447,468,301,114,995"
3856,5,False,False,0->0,,,,,16,599,"18,411,824,803,758"
3857,5,False,False,0->0,,,,,16,1111,"104,163,762,572,639"
3859,5,False,False,0->0,,,,,16,559,"425,372,87,726,454"
3860,5,False,False,0->0,,,,,16,615,"272,498,850,616,209"
3861,5,False,False,0->0,,,,,16,534,"856,956,448,186,402"
3862,5,False,False,0->0,,,,,16,594,"383,709,413,436,999"
3864,5,False,False,0->0,,,,,16,870,"520,423,279,120,604"
3865,5,False,False,0->0,,,,,16,983,"890,185,94,216,975"
3867,5,False,False,0->0,,,,,16,934,"778,757,900,444,249"
3869,5,False,False,0->0,,,,,16,743,"164,575,65,379,236"
3870,5,False,False,0->0,,,,,16,802,"523,587,332,95,343"
3872,5,False,False,0->0,,,,,16,648,"346,782,183,565,744"
3873,5,False,False,0->0,,,,,16,555,"732,109,131,830,650"
3874,5,False,False,0->0,,,,,16,637,"793,73,745,970,979"
3876,5,False,False,0->0,,,,,16,867,"802,204,714,555,914"
3877,5,False,False,0->0,,,,,16,958,"154,590,975,193,792"
3878,5,False,False,0->0,,,,,16,1038,"332,146,768,900,897"
3880,5,False,False,0->0,,,,,16,1381,"693,335,792,805,350"
3881,5,False,False,0->0,,,,,16,690,"880,297,935,814,549"
3882,5,False,False,0->0,,,,,16,450,"371,729,412,752,327"
3883,5,False,False,0->0,,,,,16,639,"573,451,27,738,65"
3884,5,False,False,0->0,,,,,16,922,"974,519,538,359,294"
3885,5,False,False,0->0,,,,,16,518,"779,56,938,254,768"
3886,5,False,False,0->0,,,,,16,712,"814,72,582,526,696"
3887,5,False,False,0->0,,,,,16,784,"934,42,711,171,756"
3889,5,False,False,0->0,,,,,16,1018,"182,439,497,214,88"
3890,5,False,False,0->0,,,,,16,340,"736,897,143,796,32"
3892,5,False,False,0->0,,,,,16,1367,"52,350,919,610,383"
3893,5,False,False,0->0,,,,,16,773,"203,4,988,538,611"
3895,5,False,False,0->0,,,,,16,454,"443,860,992,423,74"
3897,5,False,False,0->0,,,,,16,503,"620,786,975,429,816"
3902,5,False,False,0->0,,,,,16,1872,"885,624,800,84,783"
3904,5,False,False,0->0,,,,,16,1017,"703,465,523,107,858"
3905,5,False,False,0->0,,,,,16,1241,"84,166,612,603,46"
3908,5,False,False,0->0,,,,,16,620,"738,380,369,252,243"
3909,5,False,False,0->0,,,,,16,729,"505,287,543,437,732"
3911,5,False,False,0->0,,,,,16,684,"866,415,969,223,802"
3912,5,False,False,0->0,,,,,16,761,"154,593,697,723,797"
3914,5,False,False,0->0,,,,,16,1046,"223,917,606,566,320"
3915,5,False,False,0->0,,,,,16,1592,"802,680,513,970,874"
3916,5,False,False,0->0,,,,,16,1404,"700,326,761,171,958"
3917,5,False,False,0->0,,,,,16,649,"428,779,61,134,158"
3918,5,False,False,0->0,,,,,16,410,"927,497,201,979,6"
3919,5,False,False,0->0,,,,,16,887,"955,269,64,708,202"
3920,5,False,False,0->0,,,,,16,894,"566,16,70,708,313"
3921,5,False,False,0->0,,,,,16,1313,"31,972,216,718,668"
3923,5,False,False,0->0,,,,,16,475,"17,204,63,41,207"
3924,5,False,False,0->0,,,,,16,901,"930,629,821,853,241"
3925,5,False,False,0->0,,,,,16,1184,"313,704,119,582,82"
3926,5,False,False,0->0,,,,,16,764,"324,678,867,813,49"
3927,5,False,False,0->0,,,,,16,903,"90,623,560,409,941"
3928,5,False,False,0->0,,,,,16,1265,"942,735,501,970,95"
3930,5,False,False,0->0,,,,,16,963,"619,371,364,831,206"
3931,5,False,False,0->0,,,,,16,771,"160,209,152,931,187"
3933,5,False,False,0->0,,,,,16,1097,"27,962,792,307,255"
3934,5,False,False,0->0,,,,,16,916,"12,508,164,254,886"
3935,5,False,False,0->0,,,,,16,644,"606,572,899,236,837"
3936,5,False,False,0->0,,,,,16,1353,"577,418,132,520,845"
3937,5,False,False,0->0,,,,,16,598,"177,46,201,710,67"
3938,5,False,False,0->0,,,,,16,671,"531,854,700,757,836"
3940,5,False,False,0->0,,,,,16,895,"385,458,552,171,754"
3941,5,False,False,0->0,,,,,16,1214,"940,651,909,165,842"
3942,5,False,False,0->0,,,,,16,1488,"453,199,217,534,659"
3943,5,False,False,0->0,,,,,16,1310,"127,917,119,357,285"
3945,5,False,False,0->0,,,,,16,550,"899,523,955,159,951"
3946,5,False,False,0->0,,,,,16,742,"980,705,816,429,179"
3948,5,False,False,0->0,,,,,16,509,"483,86,646,564,545"
3949,5,False,False,0->0,,,,,16,606,"878,867,244,686,746"
3950,5,False,False,0->0,,,,,16,643,"329,773,460,554,805"
3951,5,False,False,0->0,,,,,16,1188,"822,929,231,899,17"
3954,5,False,False,0->0,,,,,16,1283,"884,187,566,858,578"
3955,5,False,False,0->0,,,,,16,522,"460,791,736,702,556"
3956,5,False,False,0->0,,,,,16,640,"61,797,994,991,65"
3957,5,False,False,0->0,,,,,16,647,"63,64,102,716,42"
3959,5,False,False,0->0,,,,,16,1275,"960,144,208,408,863"
3960,5,False,False,0->0,,,,,16,1094,"887,155,955,380,555"
3961,5,False,False,0->0,,,,,16,1252,"136,745,261,593,3"
3962,5,False,False,0->0,,,,,16,324,"633,999,407,943,398"
3964,5,False,False,0->0,,,,,16,437,"97,895,6,382,903"
3965,5,False,False,0->0,,,,,16,534,"370,491,781,211,823"
3966,5,False,False,0->0,,,,,16,657,"98,145,72,452,244"
3967,5,False,False,0->0,,,,,16,447,"977,968,251,80,324"
3968,5,False,False,0->0,,,,,16,823,"501,132,12,239,505"
3969,5,False,False,0->0,,,,,16,1047,"721,162,726,304,575"
3971,5,False,False,0->0,,,,,16,416,"141,325,873,362,181"
3972,5,False,False,0->0,,,,,16,661,"308,40,634,778,754"
3974,5,False,False,0->0,,,,,16,876,"468,486,503,166,744"
3975,5,False,False,0->0,,,,,16,815,"189,621,103,273,137"
3976,5,False,False,0->0,,,,,16,385,"685,385,507,583,278"
3977,5,False,False,0->0,,,,,16,1210,"380,111,135,590,895"
3978,5,False,False,0->0,,,,,16,393,"844,294,690,492,177"
3979,5,False,False,0->0,,,,,16,730,"908,56,575,971,392"
3981,5,False,False,0->0,,,,,16,905,"441,437,204,505,80"
3984,5,False,False,0->0,,,,,16,862,"542,599,166,441,818"
3985,5,False,False,0->0,,,,,16,286,"600,297,226,137,236"
3986,5,False,False,0->0,,,,,16,575,"646,315,868,64,33"
3988,5,False,False,0->0,,,,,16,536,"969,497,271,754,221"
3990,5,False,False,0->0,,,,,16,987,"141,495,677,294,534"
3991,5,False,False,0->0,,,,,16,1213,"976,363,43,68,423"
3992,5,False,False,0->0,,,,,16,745,"768,429,73,966,617"
3993,5,False,False,0->0,,,,,16,291,"398,786,565,517,672"
3995,5,False,False,0->0,,,,,16,651,"178,783,16,40,785"
3997,5,False,False,0->0,,,,,16,902,"31,702,315,795,326"
3998,5,False,False,0->0,,,,,16,741,"639,445,947,908,157"
4000,5,False,False,0->0,,,,,16,280,"407,434,813,77,177"
4001,5,False,False,0->0,,,,,16,1301,"503,463,504,984,542"
4004,5,False,False,0->0,,,,,16,1303,"485,787,7,236,495"
4006,5,False,False,0->0,,,,,16,710,"212,177,390,368,201"
4007,5,False,False,0->0,,,,,16,750,"176,130,915,452,569"
4008,5,False,False,0->0,,,,,16,534,"854,107,602,299,605"
4009,5,False,False,0->0,,,,,16,1095,"5,370,413,460,661"
4010,5,False,False,0->0,,,,,16,753,"38,4,51,920,32"
4011,5,False,False,0->0,,,,,16,1554,"924,764,866,952,900"
4013,5,False,False,0->0,,,,,16,721,"347,850,548,910,238"
4014,5,False,False,0->0,,,,,16,1576,"921,116,84,419,762"
4016,5,False,False,0->0,,,,,16,360,"929,842,214,325,969"
4017,5,False,False,0->0,,,,,16,862,"46,654,505,897,652"
4018,5,False,False,0->0,,,,,16,1272,"871,87,794,934,508"
4019,5,False,False,0->0,,,,,16,810,"185,248,105,983,150"
4020,5,False,False,0->0,,,,,16,1560,"853,395,73,408,716"
4021,5,False,False,0->0,,,,,16,473,"53,571,753,199,86"
4022,5,False,False,0->0,,,,,16,650,"606,289,385,231,708"
4023,5,False,False,0->0,,,,,16,532,"935,566,249,833,167"
4025,5,False,False,0->0,,,,,16,782,"495,4,803,834,203"
4031,5,False,False,0->0,,,,,16,653,"978,83,795,943,688"
4033,5,False,False,0->0,,,,,16,2042,"845,626,735,418,120"
4034,5,False,False,0->0,,,,,16,635,"156,702,945,708,444"
4036,5,False,False,0->0,,,,,16,1431,"800,423,993,548,81"
4037,5,False,False,0->0,,,,,16,647,"818,787,463,761,934"
4038,5,False,False,0->0,,,,,16,1340,"558,38,431,267,748"
4039,5,False,False,0->0,,,,,16,696,"808,625,806,780,704"
4040,5,False,False,0->0,,,,,16,1516,"757,796,764,110,900"
4041,5,False,False,0->0,,,,,16,606,"962,48,220,104,969"
4042,5,False,False,0->0,,,,,16,1083,"931,441,482,138,572"
4043,5,False,False,0->0,,,,,16,522,"330,314,294,247,214"
4044,5,False,False,0->0,,,,,16,483,"934,527,707,147,500"
4045,5,False,False,0->0,,,,,16,311,"813,429,507,796,978"
4046,5,False,False,0->0,,,,,16,1532,"754,808,836,735,42"
4047,5,False,False,0->0,,,,,16,1136,"320,780,832,210,141"
4048,5,False,False,0->0,,,,,16,278,"770,492,795,371,355"
4049,5,False,False,0->0,,,,,16,789,"838,106,267,167,259"
4050,5,False,False,0->0,,,,,16,1901,"735,543,604,419,469"
4052,5,False,False,0->0,,,,,16,1253,"652,488,401,962,114"
4055,5,False,False,0->0,,,,,16,628,"711,416,337,108,632"
4056,5,False,False,0->0,,,,,16,885,"194,857,150,270,783"
4058,5,False,False,0->0,,,,,16,397,"506,357,989,821,943"
4059,5,False,False,0->0,,,,,16,1048,"22,114,291,933,850"
4060,5,False,False,0->0,,,,,16,1079,"660,855,171,857,160"
4061,5,False,False,0->0,,,,,16,645,"171,722,145,452,595"
4062,5,False,False,0->0,,,,,16,560,"201,930,86,672,501"
4063,5,False,False,0->0,,,,,16,736,"267,105,185,990,592"
4064,5,False,False,0->0,,,,,16,474,"501,20,274,448,205"
4065,5,False,False,0->0,,,,,16,892,"443,12,417,535,420"
4067,5,False,False,0->0,,,,,16,1384,"168,112,627,485,510"
4069,5,False,False,0->0,,,,,16,574,"491,727,801,400,595"
4071,5,False,False,0->0,,,,,16,886,"832,9,218,294,225"
4072,5,False,False,0->0,,,,,16,730,"102,500,390,46,493"
4073,5,False,False,0->0,,,,,16,379,"41,828,672,29,217"
4078,5,False,False,0->0,,,,,16,530,"248,87,422,906,898"
4079,5,False,False,0->0,,,,,16,888,"262,949,428,548,477"
4080,5,False,False,0->0,,,,,16,1006,"160,726,80,831,155"
4081,5,False,False,0->0,,,,,16,283,"523,61,371,378,251"
4082,5,False,False,0->0,,,,,16,975,"90,284,412,131,288"
4083,5,False,False,0->0,,,,,16,1146,"536,12,210,150,708"
4086,5,False,False,0->0,,,,,16,1551,"91,82,188,482,58"
4087,5,False,False,0->0,,,,,16,1469,"567,886,582,177,544"
4088,5,False,False,0->0,,,,,16,719,"731,158,937,423,473"
4089,5,False,False,0->0,,,,,16,707,"785,317,621,31,394"
4090,5,False,False,0->0,,,,,16,525,"254,154,856,13,226"
4091,5,False,False,0->0,,,,,16,564,"448,795,533,503,280"
4092,5,False,False,0->0,,,,,16,848,"711,862,238,370,469"
4094,5,False,False,0->0,,,,,16,686,"737,922,321,786,83"
4095,5,False,False,0->0,,,,,16,248,"692,757,496,656,460"
4096,5,False,False,0->0,,,,,16,899,"709,777,824,440,988"
4098,5,False,False,0->0,,,,,16,615,"102,768,637,605,547"
4100,5,False,False,0->0,,,,,16,1438,"416,374,735,505,461"
4102,5,False,False,0->0,,,,,16,620,"560,777,707,222,643"
4103,5,False,False,0->0,,,,,16,722,"263,11,668,278,539"
4104,5,False,False,0->0,,,,,16,1996,"386,309,743,822,776"
4105,5,False,False,0->0,,,,,16,1242,"422,748,322,627,971"
4106,5,False,False,0->0,,,,,16,987,"36,54,634,552,564"
4107,5,False,False,0->0,,,,,16,1304,"67,582,930,626,639"
4108,5,False,False,0->0,,,,,16,552,"57,355,232,580,599"
4109,5,False,False,0->0,,,,,16,649,"913,708,689,699,536"
4110,5,False,False,0->0,,,,,16,341,"269,107,132,610,507"
4112,5,False,False,0->0,,,,,16,1033,"848,18,428,879,133"
4113,5,False,False,0->0,,,,,16,607,"103,725,655,125,633"
4114,5,False,False,0->0,,,,,16,1128,"490,12,264,430,905"
4115,5,False,False,0->0,,,,,16,562,"773,93,420,754,139"
4116,5,False,False,0->0,,,,,16,1955,"290,776,485,952,517"
4118,5,False,False,0->0,,,,,16,812,"850,491,902,387,887"
4119,5,False,False,0->0,,,,,16,688,"536,888,133,852,204"
4120,5,False,False,0->0,,,,,16,838,"59,194,708,91,801"
4121,5,False,False,0->0,,,,,16,1591,"344,800,973,55,642"
4122,5,False,False,0->0,,,,,16,657,"177,589,703,648,44"
4124,5,False,False,0->0,,,,,16,1404,"264,532,563,265,680"
4125,5,False,False,0->0,,,,,16,777,"873,589,604,42,458"
4126,5,False,False,0->0,,,,,16,1101,"164,937,93,325,879"
4127,5,False,False,0->0,,,,,16,692,"487,131,510,669,63"
4128,5,False,False,0->0,,,,,16,674,"587,637,993,976,972"
4129,5,False,False,0->0,,,,,16,769,"979,907,78,700,656"
4132,5,False,False,0->0,,,,,16,678,"627,749,301,958,43"
4133,5,False,False,0->0,,,,,16,666,"860,17,301,981,966"
4134,5,False,False,0->0,,,,,16,1344,"106,111,88,358,640"
4135,5,False,False,0->0,,,,,16,780,"228,618,463,393,622"
4136,5,False,False,0->0,,,,,16,1018,"217,917,41,653,850"
4138,5,False,False,0->0,,,,,16,876,"407,19,679,287,966"
4139,5,False,False,0->0,,,,,16,275,"791,139,268,676,217"
4141,5,False,False,0->0,,,,,16,905,"469,730,618,552,652"
4142,5,False,False,0->0,,,,,16,295,"142,472,266,919,82"
4144,5,False,False,0->0,,,,,16,1202,"531,194,107,840,618"
4145,5,False,False,0->0,,,,,16,645,"609,12,82,371,114"
4146,5,False,False,0->0,,,,,16,1197,"861,689,255,954,964"
4147,5,False,False,0->0,,,,,16,996,"860,381,731,495,972"
4148,5,False,False,0->0,,,,,16,593,"708,279,675,92,225"
4149,5,False,False,0->0,,,,,16,790,"17,489,293,199,848"
4150,5,False,False,0->0,,,,,16,888,"467,451,710,763,20"
4151,5,False,False,0->0,,,,,16,1232,"567,689,856,808,241"
4155,5,False,False,0->0,,,,,16,719,"929,402,750,667,588"
4156,5,False,False,0->0,,,,,16,401,"933,878,235,911,82"
4158,5,False,False,0->0,,,,,16,1212,"565,433,83,17,706"
4159,5,False,False,0->0,,,,,16,539,"475,511,138,221,815"
4160,5,False,False,0->0,,,,,16,909,"26,473,74,854,257"
4161,5,False,False,0->0,,,,,16,382,"397,920,305,902,824"
4163,5,False,False,0->0,,,,,16,1271,"742,140,651,199,305"
4166,5,False,False,0->0,,,,,16,2039,"282,973,512,216,72"
4167,5,False,False,0->0,,,,,16,944,"858,271,304,8,53"
4168,5,False,False,0->0,,,,,16,815,"452,86,969,397,808"
4169,5,False,False,0->0,,,,,16,1082,"791,620,366,565,909"
4170,5,False,False,0->0,,,,,16,459,"331,452,185,801,7"
4171,5,False,False,0->0,,,,,16,1000,"518,551,460,823,900"
4172,5,False,False,0->0,,,,,16,655,"204,231,64,606,909"
4173,5,False,False,0->0,,,,,16,1297,"419,389,412,952,127"
4174,5,False,False,0->0,,,,,16,544,"778,251,598,989,625"
4175,5,False,False,0->0,,,,,16,1166,"643,436,536,425,136"
4178,5,False,False,0->0,,,,,16,296,"775,824,947,116,269"
4179,5,False,False,0->0,,,,,16,1644,"941,343,463,13,896"
4180,5,False,False,0->0,,,,,16,845,"597,937,678,475,105"
4181,5,False,False,0->0,,,,,16,350,"144,842,420,169,818"
4182,5,False,False,0->0,,,,,16,907,"201,619,12,598,177"
4184,5,False,False,0->0,,,,,16,461,"817,784,642,127,22"
4186,5,False,False,0->0,,,,,16,513,"226,338,494,101,86"
4187,5,False,False,0->0,,,,,16,444,"357,110,957,430,868"
4188,5,False,False,0->0,,,,,16,810,"922,949,124,483,706"
4190,5,False,False,0->0,,,,,16,633,"233,137,994,229,307"
4191,5,False,False,0->0,,,,,16,351,"687,346,347,195,23"
4192,5,False,False,0->0,,,,,16,413,"233,418,355,617,985"
4193,5,False,False,0->0,,,,,16,1108,"63,719,941,643,111"
4194,5,False,False,0->0,,,,,16,248,"14,251,2,501,914"
4196,5,False,False,0->0,,,,,16,683,"283,143,499,316,885"
4197,5,False,False,0->0,,,,,16,706,"111,421,580,507,686"
4198,5,False,False,0->0,,,,,16,771,"94,781,127,652,945"
4199,5,False,False,0->0,,,,,16,2100,"7,350,488,140,400"
4200,5,False,False,0->0,,,,,16,401,"357,107,956,587,218"
4201,5,False,False,0->0,,,,,16,311,"287,327,249,783,342"
4202,5,False,False,0->0,,,,,16,436,"439,65,675,824,490"
4203,5,False,False,0->0,,,,,16,589,"156,742,756,547,718"
4204,5,False,False,0->0,,,,,16,1253,"370,210,270,409,787"
4207,5,False,False,0->0,,,,,16,814,"504,818,560,994,842"
4208,5,False,False,0->0,,,,,16,293,"460,736,751,107,783"
4209,5,False,False,0->0,,,,,16,519,"11,707,503,274,47"
4211,5,False,False,0->0,,,,,16,971,"333,301,55,663,59"
4212,5,False,False,0->0,,,,,16,705,"710,251,271,610,412"
4213,5,False,False,0->0,,,,,16,542,"712,252,723,148,806"
4215,5,False,False,0->0,,,,,16,842,"303,686,848,468,803"
4216,5,False,False,0->0,,,,,16,464,"631,25,919,890,59"
4217,5,False,False,0->0,,,,,16,350,"78,541,775,888,206"
4218,5,False,False,0->0,,,,,16,853,"687,374,355,829,585"
4221,5,False,False,0->0,,,,,16,435,"691,128,408,78,804"
4222,5,False,False,0->0,,,,,16,768,"943,928,356,130,146"
4223,5,False,False,0->0,,,,,16,959,"398,54,368,48,598"
4224,5,False,False,0->0,,,,,16,958,"968,313,398,8,116"
4225,5,False,False,0->0,,,,,16,883,"952,54,506,471,135"
4226,5,False,False,0->0,,,,,16,1499,"726,604,183,914,388"
4227,5,False,False,0->0,,,,,16,589,"235,838,832,632,898"
4228,5,False,False,0->0,,,,,16,727,"100,515,570,253,112"
4230,5,False,False,0->0,,,,,16,1088,"800,610,184,164,694"
4231,5,False,False,0->0,,,,,16,638,"53,707,753,493,142"
4232,5,False,False,0->0,,,,,16,844,"950,104,510,98,495"
4233,5,False,False,0->0,,,,,16,1504,"508,883,172,442,493"
4234,5,False,False,0->0,,,,,16,880,"434,477,7,777,738"
4235,5,False,False,0->0,,,,,16,1046,"305,162,383,483,980"
4236,5,False,False,0->0,,,,,16,596,"303,64,631,890,132"
4237,5,False,False,0->0,,,,,16,1114,"316,301,84,125,933"
4239,5,False,False,0->0,,,,,16,961,"495,346,721,953,312"
4242,5,False,False,0->0,,,,,16,1176,"87,244,941,863,570"
4243,5,False,False,0->0,,,,,16,965,"2,598,853,156,693"
4244,5,False,False,0->0,,,,,16,833,"247,335,829,383,277"
4246,5,False,False,0->0,,,,,16,1052,"933,642,958,718,88"
4247,5,False,False,0->0,,,,,16,507,"750,438,76,61,46"
4249,5,False,False,0->0,,,,,16,1100,"415,887,751,667,726"
4250,5,False,False,0->0,,,,,16,712,"534,298,172,48,49"
4252,5,False,False,0->0,,,,,16,998,"979,598,787,327,225"
4254,5,False,False,0->0,,,,,16,414,"763,697,413,316,658"
4255,5,False,False,0->0,,,,,16,706,"182,414,711,444,655"
4258,5,False,False,0->0,,,,,16,1635,"512,948,800,897,448"
4259,5,False,False,0->0,,,,,16,827,"686,670,508,726,929"
4260,5,False,False,0->0,,,,,16,823,"250,513,157,910,724"
4261,5,False,False,0->0,,,,,16,540,"818,736,133,586,669"
4262,5,False,False,0->0,,,,,16,626,"413,854,501,906,545"
4264,5,False,False,0->0,,,,,16,688,"49,539,411,716,43"
4265,5,False,False,0->0,,,,,16,885,"553,736,303,551,388"
4266,5,False,False,0->0,,,,,16,780,"33,364,778,653,547"
4267,5,False,False,0->0,,,,,16,1031,"521,110,319,797,109"
4268,5,False,False,0->0,,,,,16,823,"792,632,87,37,786"
4272,5,False,False,0->0,,,,,16,362,"615,242,45,32,498"
4273,5,False,False,0->0,,,,,16,2016,"835,966,174,659,976"
4274,5,False,False,0->0,,,,,16,532,"500,283,257,201,179"
4275,5,False,False,0->0,,,,,16,715,"637,966,496,457,930"
4276,5,False,False,0->0,,,,,16,327,"199,393,752,571,514"
4277,5,False,False,0->0,,,,,16,876,"979,91,379,675,934"
4278,5,False,False,0->0,,,,,16,1161,"871,429,838,245,206"
4279,5,False,False,0->0,,,,,16,997,"884,690,536,898,964"
4280,5,False,False,0->0,,,,,16,669,"430,117,344,131,147"
4281,5,False,False,0->0,,,,,16,1026,"8,1,495,888,418"
4282,5,False,False,0->0,,,,,16,1322,"27,195,716,114,375"
4283,5,False,False,0->0,,,,,16,430,"723,650,169,736,725"
4285,5,False,False,0->0,,,,,16,238,"781,583,640,587,704"
4287,5,False,False,0->0,,,,,16,1445,"21,93,495,185,827"
4289,5,False,False,0->0,,,,,16,1614,"136,238,262,829,505"
4290,5,False,False,0->0,,,,,16,274,"269,992,125,958,519"
4293,5,False,False,0->0,,,,,16,902,"754,97,163,905,65"
4294,5,False,False,0->0,,,,,16,582,"41,877,124,83,586"
4295,5,False,False,0->0,,,,,16,816,"905,493,393,847,859"
4296,5,False,False,0->0,,,,,16,1088,"117,570,870,928,988"
4297,5,False,False,0->0,,,,,16,995,"235,850,244,876,125"
4300,5,False,False,0->0,,,,,16,594,"757,677,953,330,193"
4301,5,False,False,0->0,,,,,16,979,"577,53,758,750,690"
4302,5,False,False,0->0,,,,,16,292,"602,600,407,856,410"
4303,5,False,False,0->0,,,,,16,803,"677,248,37,228,131"
4306,5,False,False,0->0,,,,,16,836,"606,411,85,160,977"
4307,5,False,False,0->0,,,,,16,634,"639,458,154,649,106"
4308,5,False,False,0->0,,,,,16,1426,"156,577,88,472,699"
4309,5,False,False,0->0,,,,,16,1388,"955,843,783,651,288"
4311,5,False,False,0->0,,,,,16,880,"706,61,308,709,195"
4312,5,False,False,0->0,,,,,16,933,"82,736,278,211,874"
4313,5,False,False,0->0,,,,,16,990,"397,159,527,876,68"
4315,5,False,False,0->0,,,,,16,980,"3,239,178,503,781"
4317,5,False,False,0->0,,,,,16,918,"687,172,572,91,299"
4320,5,False,False,0->0,,,,,16,1748,"714,960,880,424,88"
4322,5,False,False,0->0,,,,,16,484,"737,288,789,950,935"
4325,5,False,False,0->0,,,,,16,409,"486,898,178,654,7"
4326,5,False,False,0->0,,,,,16,637,"970,594,152,360,536"
4328,5,False,False,0->0,,,,,16,475,"636,548,791,53,984"
4329,5,False,False,0->0,,,,,16,581,"597,372,168,548,294"
4330,5,False,False,0->0,,,,,16,606,"771,270,243,906,848"
4331,5,False,False,0->0,,,,,16,879,"768,148,613,259,833"
4332,5,False,False,0->0,,,,,16,596,"189,581,890,580,83"
4334,5,False,False,0->0,,,,,16,452,"247,831,583,538,615"
4335,5,False,False,0->0,,,,,16,384,"769,945,654,999,617"
4336,5,False,False,0->0,,,,,16,472,"229,950,82,895,251"
4337,5,False,False,0->0,,,,,16,706,"654,252,629,857,553"
4338,5,False,False,0->0,,,,,16,541,"670,518,734,543,584"
4339,5,False,False,0->0,,,,,16,394,"547,5,683,190,636"
4340,5,False,False,0->0,,,,,16,737,"658,673,896,283,101"
4341,5,False,False,0->0,,,,,16,1479,"900,821,707,98,197"
4342,5,False,False,0->0,,,,,16,976,"723,528,748,913,285"
4343,5,False,False,0->0,,,,,16,1437,"108,854,657,942,463"
4345,5,False,False,0->0,,,,,16,658,"658,568,24,416,960"
4348,5,False,False,0->0,,,,,16,1049,"324,836,564,192,216"
4349,5,False,False,0->0,,,,,16,891,"689,879,452,82,119"
4350,5,False,False,0->0,,,,,16,725,"272,2,752,417,605"
4351,5,False,False,0->0,,,,,16,1221,"883,598,738,767,148"
4352,5,False,False,0->0,,,,,16,656,"400,992,885,20,878"
4353,5,False,False,0->0,,,,,16,1273,"488,409,580,590,929"
4354,5,False,False,0->0,,,,,16,546,"282,930,704,44,438"
4355,5,False,False,0->0,,,,,16,959,"532,321,990,523,955"
4356,5,False,False,0->0,,,,,16,998,"168,725,185,485,712"
4357,5,False,False,0->0,,,,,16,1406,"93,38,648,966,577"
4359,5,False,False,0->0,,,,,16,410,"852,890,522,18,960"
4360,5,False,False,0->0,,,,,16,1295,"863,605,581,924,512"
4361,5,False,False,0->0,,,,,16,1090,"59,517,725,792,84"
4362,5,False,False,0->0,,,,,16,771,"780,185,332,57,487"
4363,5,False,False,0->0,,,,,16,173,"372,884,684,18,969"
4367,5,False,False,0->0,,,,,16,1025,"794,731,592,871,333"
4369,5,False,False,0->0,,,,,16,920,"743,143,461,802,53"
4372,5,False,False,0->0,,,,,16,429,"773,159,588,720,832"
4374,5,False,False,0->0,,,,,16,461,"98,357,625,245,519"
4375,5,False,False,0->0,,,,,16,1604,"507,971,216,356,160"
4377,5,False,False,0->0,,,,,16,1150,"853,838,703,370,646"
4378,5,False,False,0->0,,,,,16,969,"956,417,974,575,451"
4379,5,False,False,0->0,,,,,16,779,"640,633,703,568,687"
4380,5,False,False,0->0,,,,,16,803,"196,397,953,357,971"
4382,5,False,False,0->0,,,,,16,551,"868,251,128,409,680"
4384,5,False,False,0->0,,,,,16,783,"523,110,471,226,23"
4386,5,False,False,0->0,,,,,16,508,"277,975,672,225,93"
4387,5,False,False,0->0,,,,,16,773,"431,479,251,217,755"
4388,5,False,False,0->0,,,,,16,620,"417,510,411,403,102"
4390,5,False,False,0->0,,,,,16,782,"513,847,260,572,792"
4391,5,False,False,0->0,,,,,16,1269,"942,42,448,521,651"
4392,5,False,False,0->0,,,,,16,937,"498,312,749,742,843"
4394,5,False,False,0->0,,,,,16,482,"640,95,614,276,393"
4396,5,False,False,0->0,,,,,16,915,"86,928,503,130,836"
4397,5,False,False,0->0,,,,,16,867,"670,847,233,100,887"
4398,5,False,False,0->0,,,,,16,1475,"871,4,448,748,541"
4399,5,False,False,0->0,,,,,16,1047,"86,496,193,443,659"
4401,5,False,False,0->0,,,,,16,512,"630,935,957,558,885"
4402,5,False,False,0->0,,,,,16,816,"472,964,775,847,29"
4405,5,False,False,0->0,,,,,16,247,"551,217,372,440,496"
4406,5,False,False,0->0,,,,,16,355,"806,712,460,98,279"
4408,5,False,False,0->0,,,,,16,1310,"3,308,208,195,750"
4411,5,False,False,0->0,,,,,16,988,"38,67,62,201,400"
4412,5,False,False,0->0,,,,,16,526,"727,749,92,563,981"
4413,5,False,False,0->0,,,,,16,1132,"431,991,112,183,847"
4415,5,False,False,0->0,,,,,16,1731,"717,179,380,19,84"
4417,5,False,False,0->0,,,,,16,651,"392,581,938,676,12"
4418,5,False,False,0->0,,,,,16,452,"832,523,416,601,122"
4423,5,False,False,0->0,,,,,16,1020,"113,616,448,522,505"
4424,5,False,False,0->0,,,,,16,650,"893,724,985,584,263"
4425,5,False,False,0->0,,,,,16,664,"930,473,74,708,269"
4427,5,False,False,0->0,,,,,16,1090,"785,211,19,276,154"
4428,5,False,False,0->0,,,,,16,537,"100,52,905,67,694"
4429,5,False,False,0->0,,,,,16,801,"847,830,272,713,652"
4432,5,False,False,0->0,,,,,16,974,"643,486,695,303,512"
4433,5,False,False,0->0,,,,,16,210,"217,65,817,506,662"
4434,5,False,False,0->0,,,,,16,624,"221,519,154,303,760"
4436,5,False,False,0->0,,,,,16,1744,"88,253,155,706,737"
4437,5,False,False,0->0,,,,,16,875,"532,13,460,329,610"
4439,5,False,False,0->0,,,,,16,1430,"548,410,876,748,695"
4440,5,False,False,0->0,,,,,16,550,"878,497,971,961,622"
4441,5,False,False,0->0,,,,,16,547,"12,22,725,167,767"
4443,5,False,False,0->0,,,,,16,286,"152,734,836,914,261"
4447,5,False,False,0->0,,,,,16,1019,"102,591,501,953,368"
4448,5,False,False,0->0,,,,,16,1185,"77,703,424,134,826"
4449,5,False,False,0->0,,,,,16,578,"972,611,694,378,262"
4450,5,False,False,0->0,,,,,16,1204,"245,874,601,452,444"
4453,5,False,False,0->0,,,,,16,637,"905,420,90,545,456"
4454,5,False,False,0->0,,,,,16,1755,"632,327,55,395,405"
4456,5,False,False,0->0,,,,,16,800,"530,792,495,169,48"
4457,5,False,False,0->0,,,,,16,629,"669,875,387,952,169"
4458,5,False,False,0->0,,,,,16,657,"838,8,56,739,593"
4460,5,False,False,0->0,,,,,16,520,"18,148,68,98,831"
4461,5,False,False,0->0,,,,,16,780,"563,862,920,233,785"
4464,5,False,False,0->0,,,,,16,806,"103,340,19,913,732"
4465,5,False,False,0->0,,,,,16,309,"226,418,299,20,137"
4466,5,False,False,0->0,,,,,16,465,"14,716,991,438,926"
4467,5,False,False,0->0,,,,,16,726,"583,257,229,791,868"
4470,5,False,False,0->0,,,,,16,1050,"254,933,116,84,124"
4472,5,False,False,0->0,,,,,16,518,"218,885,451,805,223"
4473,5,False,False,0->0,,,,,16,1056,"485,14,953,391,24"
4474,5,False,False,0->0,,,,,16,768,"67,272,25,723,409"
4476,5,False,False,0->0,,,,,16,1197,"564,397,829,624,302"
4478,5,False,False,0->0,,,,,16,309,"387,122,761,211,43"
4480,5,False,False,0->0,,,,,16,1410,"419,520,96,162,836"
4481,5,False,False,0->0,,,,,16,278,"931,531,220,898,712"
4482,5,False,False,0->0,,,,,16,878,"860,771,252,307,706"
4484,5,False,False,0->0,,,,,16,1263,"310,24,971,163,984"
4487,5,False,False,0->0,,,,,16,1622,"750,952,291,659,132"
4488,5,False,False,0->0,,,,,16,389,"960,32,606,866,206"
4489,5,False,False,0->0,,,,,16,559,"528,412,556,108,181"
4490,5,False,False,0->0,,,,,16,879,"777,20,396,463,23"
4491,5,False,False,0->0,,,,,16,798,"854,62,831,232,669"
4492,5,False,False,0->0,,,,,16,1469,"934,966,764,288,8"
4494,5,False,False,0->0,,,,,16,779,"474,537,718,998,684"
4496,5,False,False,0->0,,,,,16,740,"634,815,712,597,835"
4498,5,False,False,0->0,,,,,16,755,"689,642,927,210,254"
4499,5,False,False,0->0,,,,,16,818,"383,921,940,289,938"
4500,5,False,False,0->0,,,,,16,845,"884,199,499,38,886"
4502,5,False,False,0->0,,,,,16,384,"865,793,42,787,737"
4503,5,False,False,0->0,,,,,16,754,"267,34,302,859,96"
4504,5,False,False,0->0,,,,,16,1517,"86,623,779,388,505"
4505,5,False,False,0->0,,,,,16,1028,"964,571,637,536,80"
4506,5,False,False,0->0,,,,,16,705,"763,288,713,654,710"
4507,5,False,False,0->0,,,,,16,670,"193,37,705,468,421"
4508,5,False,False,0->0,,,,,16,513,"895,260,573,217,937"
4510,5,False,False,0->0,,,,,16,523,"396,53,17,16,851"
4511,5,False,False,0->0,,,,,16,984,"263,879,814,877,262"
4512,5,False,False,0->0,,,,,16,803,"469,391,808,751,340"
4513,5,False,False,0->0,,,,,16,495,"85,308,99,279,945"
4514,5,False,False,0->0,,,,,16,1100,"892,983,6,639,822"
4515,5,False,False,0->0,,,,,16,353,"220,633,232,640,176"
4516,5,False,False,0->0,,,,,16,911,"935,197,335,862,238"
4517,5,False,False,0->0,,,,,16,837,"202,398,919,32,942"
4518,5,False,False,0->0,,,,,16,524,"233,212,303,885,487"
4519,5,False,False,0->0,,,,,16,551,"254,995,637,950,683"
4520,5,False,False,0->0,,,,,16,787,"722,307,903,649,567"
4522,5,False,False,0->0,,,,,16,732,"376,786,68,953,503"
4523,5,False,False,0->0,,,,,16,901,"197,352,837,613,617"
4525,5,False,False,0->0,,,,,16,942,"253,887,609,100,211"
4526,5,False,False,0->0,,,,,16,942,"194,279,536,128,138"
4527,5,False,False,0->0,,,,,16,797,"955,568,426,587,206"
4528,5,False,False,0->0,,,,,16,676,"758,649,938,434,310"
4529,5,False,False,0->0,,,,,16,1475,"218,874,197,729,260"
4531,5,False,False,0->0,,,,,16,711,"67,273,461,158,323"
4532,5,False,False,0->0,,,,,16,749,"549,619,308,212,304"
4533,5,False,False,0->0,,,,,16,376,"630,474,771,220,934"
4534,5,False,False,0->0,,,,,16,649,"407,344,23,453,893"
4535,5,False,False,0->0,,,,,16,621,"908,82,854,145,229"
4536,5,False,False,0->0,,,,,16,1630,"366,623,278,885,971"
4538,5,False,False,0->0,,,,,16,735,"178,843,749,42,124"
4539,5,False,False,0->0,,,,,16,208,"791,817,970,794,602"
4540,5,False,False,0->0,,,,,16,548,"277,731,18,546,678"
4541,5,False,False,0->0,,,,,16,1472,"654,387,974,681,874"
4542,5,False,False,0->0,,,,,16,961,"880,610,404,90,601"
4543,5,False,False,0->0,,,,,16,883,"759,111,710,465,186"
4545,5,False,False,0->0,,,,,16,668,"765,715,424,441,534"
4546,5,False,False,0->0,,,,,16,653,"270,905,371,652,390"
4550,5,False,False,0->0,,,,,16,793,"554,136,51,33,356"
4551,5,False,False,0->0,,,,,16,241,"265,684,982,666,70"
4555,5,False,False,0->0,,,,,16,550,"284,137,31,347,558"
4556,5,False,False,0->0,,,,,16,501,"811,637,134,61,673"
4557,5,False,False,0->0,,,,,16,683,"687,447,442,885,938"
4558,5,False,False,0->0,,,,,16,821,"205,861,51,282,891"
4559,5,False,False,0->0,,,,,16,712,"929,131,453,58,519"
4560,5,False,False,0->0,,,,,16,566,"860,154,410,389,253"
4561,5,False,False,0->0,,,,,16,509,"199,621,22,212,34"
4562,5,False,False,0->0,,,,,16,1323,"840,55,426,870,699"
4563,5,False,False,0->0,,,,,16,352,"134,54,521,568,978"
4565,5,False,False,0->0,,,,,16,1449,"845,535,811,857,785"
4566,5,False,False,0->0,,,,,16,697,"18,761,56,798,880"
4567,5,False,False,0->0,,,,,16,944,"717,968,393,630,173"
4568,5,False,False,0->0,,,,,16,661,"915,180,877,621,612"
4570,5,False,False,0->0,,,,,16,793,"16,604,417,527,403"
4571,5,False,False,0->0,,,,,16,1177,"834,39,73,745,400"
4572,5,False,False,0->0,,,,,16,285,"175,492,795,195,788"
4573,5,False,False,0->0,,,,,16,764,"877,772,970,161,421"
4575,5,False,False,0->0,,,,,16,845,"782,762,653,207,437"
4576,5,False,False,0->0,,,,,16,661,"403,242,358,855,948"
4577,5,False,False,0->0,,,,,16,544,"905,811,508,144,387"
4578,5,False,False,0->0,,,,,16,925,"332,771,620,58,363"
4579,5,False,False,0->0,,,,,16,984,"261,922,414,604,619"
4580,5,False,False,0->0,,,,,16,695,"638,33,721,356,375"
4581,5,False,False,0->0,,,,,16,786,"823,716,403,473,309"
4582,5,False,False,0->0,,,,,16,537,"606,600,159,52,14"
4583,5,False,False,0->0,,,,,16,381,"801,738,915,727,299"
4585,5,False,False,0->0,,,,,16,722,"25,591,723,48,711"
4586,5,False,False,0->0,,,,,16,606,"584,380,133,204,220"
4589,5,False,False,0->0,,,,,16,907,"182,583,728,243,119"
4590,5,False,False,0->0,,,,,16,1478,"765,321,657,875,964"
4591,5,False,False,0->0,,,,,16,967,"987,409,555,365,184"
4592,5,False,False,0->0,,,,,16,360,"969,54,558,236,260"
4593,5,False,False,0->0,,,,,16,451,"211,541,854,16,492"
4594,5,False,False,0->0,,,,,16,331,"14,401,741,457,308"
4595,5,False,False,0->0,,,,,16,653,"148,927,481,467,233"
4596,5,False,False,0->0,,,,,16,710,"642,290,110,247,635"
4598,5,False,False,0->0,,,,,16,1065,"626,18,919,364,2"
4601,5,False,False,0->0,,,,,16,627,"193,859,565,767,154"
4602,5,False,False,0->0,,,,,16,727,"617,852,173,636,861"
4603,5,False,False,0->0,,,,,16,516,"45,369,794,709,284"
4604,5,False,False,0->0,,,,,16,839,"43,197,396,707,868"
4606,5,False,False,0->0,,,,,16,820,"629,396,414,143,750"
4607,5,False,False,0->0,,,,,16,681,"121,430,479,49,826"
4608,5,False,False,0->0,,,,,16,1228,"409,226,47,544,294"
4611,5,False,False,0->0,,,,,16,736,"34,689,451,136,130"
4614,5,False,False,0->0,,,,,16,1190,"172,829,319,47,960"
4617,5,False,False,0->0,,,,,16,978,"193,844,27,558,163"
4618,5,False,False,0->0,,,,,16,560,"672,223,405,934,416"
4622,5,False,False,0->0,,,,,16,650,"421,683,851,392,903"
4623,5,False,False,0->0,,,,,16,723,"632,223,649,984,767"
4625,5,False,False,0->0,,,,,16,1421,"381,821,640,505,535"
4626,5,False,False,0->0,,,,,16,404,"201,563,415,752,640"
4627,5,False,False,0->0,,,,,16,783,"639,54,953,323,605"
4628,5,False,False,0->0,,,,,16,1122,"82,404,733,165,945"
4632,5,False,False,0->0,,,,,16,1208,"233,876,269,902,833"
4634,5,False,False,0->0,,,,,16,1304,"174,843,337,444,147"
4635,5,False,False,0->0,,,,,16,748,"392,592,403,556,513"
4636,5,False,False,0->0,,,,,16,1347,"16,690,668,13,544"
4637,5,False,False,0->0,,,,,16,335,"489,539,56,168,53"
4640,5,False,False,0->0,,,,,16,934,"604,679,309,981,235"
4641,5,False,False,0->0,,,,,16,883,"276,566,777,994,756"
4644,5,False,False,0->0,,,,,16,1287,"750,126,678,992,900"
4645,5,False,False,0->0,,,,,16,1010,"199,200,826,915,838"
4647,5,False,False,0->0,,,,,16,879,"103,421,891,342,114"
4648,5,False,False,0->0,,,,,16,1364,"822,77,853,940,488"
4651,5,False,False,0->0,,,,,16,985,"223,986,217,233,485"
4652,5,False,False,0->0,,,,,16,709,"370,190,359,911,895"
4653,5,False,False,0->0,,,,,16,1202,"190,727,764,95,111"
4654,5,False,False,0->0,,,,,16,1042,"874,201,34,429,611"
4655,5,False,False,0->0,,,,,16,700,"98,392,615,458,146"
4656,5,False,False,0->0,,,,,16,1461,"260,897,880,72,471"
4657,5,False,False,0->0,,,,,16,655,"913,403,424,956,911"
4658,5,False,False,0->0,,,,,16,1071,"903,264,622,474,412"
4659,5,False,False,0->0,,,,,16,907,"183,920,777,837,814"
4660,5,False,False,0->0,,,,,16,887,"364,658,535,242,29"
4661,5,False,False,0->0,,,,,16,973,"200,73,327,496,834"
4662,5,False,False,0->0,,,,,16,775,"833,410,428,615,958"
4664,5,False,False,0->0,,,,,16,1025,"229,154,52,653,691"
4665,5,False,False,0->0,,,,,16,310,"17,992,346,457,658"
4666,5,False,False,0->0,,,,,16,549,"515,572,834,615,58"
4667,5,False,False,0->0,,,,,16,760,"126,198,199,13,779"
4668,5,False,False,0->0,,,,,16,709,"101,768,175,77,197"
4669,5,False,False,0->0,,,,,16,953,"802,147,798,947,927"
4670,5,False,False,0->0,,,,,16,1061,"545,692,252,511,259"
4672,5,False,False,0->0,,,,,16,701,"954,848,77,456,385"
4673,5,False,False,0->0,,,,,16,986,"332,591,117,785,818"
4674,5,False,False,0->0,,,,,16,1249,"505,282,580,906,197"
4675,5,False,False,0->0,,,,,16,875,"116,541,845,902,851"
4676,5,False,False,0->0,,,,,16,587,"914,669,303,54,65"
4679,5,False,False,0->0,,,,,16,566,"283,1000,41,783,400"
4681,5,False,False,0->0,,,,,16,1154,"338,81,404,271,900"
4682,5,False,False,0->0,,,,,16,635,"376,794,609,968,826"
4683,5,False,False,0->0,,,,,16,1108,"445,158,607,380,208"
4684,5,False,False,0->0,,,,,16,1225,"419,241,26,761,331"
4685,5,False,False,0->0,,,,,16,427,"454,229,491,220,737"
4686,5,False,False,0->0,,,,,16,529,"783,253,32,352,12"
4687,5,False,False,0->0,,,,,16,1586,"907,176,482,366,546"
4688,5,False,False,0->0,,,,,16,520,"378,360,473,686,497"
4691,5,False,False,0->0,,,,,16,834,"938,941,684,783,653"
4692,5,False,False,0->0,,,,,16,581,"982,674,321,201,416"
4693,5,False,False,0->0,,,,,16,370,"135,547,757,56,683"
4694,5,False,False,0->0,,,,,16,769,"333,446,859,535,143"
4696,5,False,False,0->0,,,,,16,997,"652,327,660,748,523"
4697,5,False,False,0->0,,,,,16,688,"499,719,414,415,695"
4698,5,False,False,0->0,,,,,16,488,"17,103,675,793,481"
4699,5,False,False,0->0,,,,,16,801,"454,283,101,808,143"
4700,5,False,False,0->0,,,,,16,1352,"493,346,746,485,992"
4701,5,False,False,0->0,,,,,16,1463,"11,33,930,210,964"
4702,5,False,False,0->0,,,,,16,667,"127,5,125,68,689"
4704,5,False,False,0->0,,,,,16,540,"960,699,308,78,33"
4706,5,False,False,0->0,,,,,16,1464,"193,845,521,578,798"
4707,5,False,False,0->0,,,,,16,764,"147,81,823,442,679"
4708,5,False,False,0->0,,,,,16,1632,"326,987,974,48,705"
4709,5,False,False,0->0,,,,,16,1443,"264,634,554,476,368"
4710,5,False,False,0->0,,,,,16,615,"246,127,613,150,500"
4711,5,False,False,0->0,,,,,16,1708,"453,597,395,604,8"
4712,5,False,False,0->0,,,,,16,387,"95,817,402,203,74"
4715,5,False,False,0->0,,,,,16,913,"648,72,944,757,532"
4717,5,False,False,0->0,,,,,16,391,"176,715,204,613,583"
4718,5,False,False,0->0,,,,,16,511,"686,538,642,468,34"
4719,5,False,False,0->0,,,,,16,603,"551,85,312,148,409"
4720,5,False,False,0->0,,,,,16,713,"980,933,897,806,814"
4721,5,False,False,0->0,,,,,16,1219,"670,845,785,617,494"
4722,5,False,False,0->0,,,,,16,368,"526,8,692,613,581"
4723,5,False,False,0->0,,,,,16,927,"128,371,310,504,405"
4724,5,False,False,0->0,,,,,16,1759,"264,24,189,140,50"
4726,5,False,False,0->0,,,,,16,1174,"267,323,893,140,105"
4727,5,False,False,0->0,,,,,16,977,"220,991,994,880,358"
4729,5,False,False,0->0,,,,,16,1154,"876,991,394,62,81"
4730,5,False,False,0->0,,,,,16,539,"316,82,476,67,468"
4732,5,False,False,0->0,,,,,16,1106,"772,986,835,83,391"
4733,5,False,False,0->0,,,,,16,1390,"499,373,42,966,659"
4734,5,False,False,0->0,,,,,16,1031,"800,233,795,815,612"
4736,5,False,False,0->0,,,,,16,464,"790,640,583,445,17"
4738,5,False,False,0->0,,,,,16,1312,"668,680,545,400,733"
4739,5,False,False,0->0,,,,,16,610,"217,507,941,460,317"
4740,5,False,False,0->0,,,,,16,542,"158,433,538,196,285"
4741,5,False,False,0->0,,,,,16,512,"304,600,972,439,179"
4742,5,False,False,0->0,,,,,16,894,"758,728,888,63,743"
4743,5,False,False,0->0,,,,,16,317,"22,810,385,523,566"
4744,5,False,False,0->0,,,,,16,488,"742,680,538,100,511"
4747,5,False,False,0->0,,,,,16,659,"233,17,583,877,285"
4748,5,False,False,0->0,,,,,16,867,"276,935,863,551,252"
4750,5,False,False,0->0,,,,,16,899,"787,700,861,23,865"
4751,5,False,False,0->0,,,,,16,436,"316,492,794,487,214"
4752,5,False,False,0->0,,,,,16,1394,"648,188,330,624,72"
4755,5,False,False,0->0,,,,,16,571,"908,457,181,467,4"
4756,5,False,False,0->0,,,,,16,523,"760,428,128,41,299"
4759,5,False,False,0->0,,,,,16,355,"192,511,666,80,380"
4760,5,False,False,0->0,,,,,16,1285,"557,877,136,710,548"
4762,5,False,False,0->0,,,,,16,710,"865,595,803,627,815"
4765,5,False,False,0->0,,,,,16,498,"159,100,813,600,9"
4768,5,False,False,0->0,,,,,16,368,"570,451,815,656,533"
4769,5,False,False,0->0,,,,,16,789,"803,321,440,267,312"
4770,5,False,False,0->0,,,,,16,1015,"661,248,120,1,968"
4771,5,False,False,0->0,,,,,16,541,"352,769,186,772,956"
4773,5,False,False,0->0,,,,,16,1775,"769,88,471,91,135"
4774,5,False,False,0->0,,,,,16,1058,"985,465,83,654,808"
4775,5,False,False,0->0,,,,,16,744,"117,890,879,670,895"
4776,5,False,False,0->0,,,,,16,962,"750,501,383,364,507"
4777,5,False,False,0->0,,,,,16,775,"117,211,508,412,347"
4779,5,False,False,0->0,,,,,16,843,"782,416,158,91,176"
4781,5,False,False,0->0,,,,,16,2370,"678,482,428,216,607"
4782,5,False,False,0->0,,,,,16,568,"618,855,436,212,425"
4785,5,False,False,0->0,,,,,16,1139,"313,723,218,906,316"
4786,5,False,False,0->0,,,,,16,433,"968,990,87,982,90"
4787,5,False,False,0->0,,,,,16,203,"689,18,975,29,712"
4788,5,False,False,0->0,,,,,16,1924,"465,706,442,366,928"
4789,5,False,False,0->0,,,,,16,1005,"843,782,517,736,104"
4790,5,False,False,0->0,,,,,16,841,"217,874,704,613,247"
4791,5,False,False,0->0,,,,,16,455,"220,277,591,401,433"
4792,5,False,False,0->0,,,,,16,965,"863,455,949,457,853"
4793,5,False,False,0->0,,,,,16,1262,"264,422,248,273,803"
4795,5,False,False,0->0,,,,,16,1337,"624,607,439,547,826"
4796,5,False,False,0->0,,,,,16,1136,"883,858,784,619,638"
4797,5,False,False,0->0,,,,,16,849,"400,867,597,632,913"
4799,5,False,False,0->0,,,,,16,987,"572,159,803,835,202"
4800,5,False,False,0->0,,,,,16,975,"414,303,154,482,656"
4801,5,False,False,0->0,,,,,16,1077,"987,455,902,5,396"
4802,5,False,False,0->0,,,,,16,886,"128,381,663,514,179"
4803,5,False,False,0->0,,,,,16,1126,"784,216,619,403,132"
4804,5,False,False,0->0,,,,,16,552,"496,619,250,511,736"
4805,5,False,False,0->0,,,,,16,1233,"288,749,674,368,980"
4806,5,False,False,0->0,,,,,16,827,"180,485,267,515,931"
4809,5,False,False,0->0,,,,,16,621,"217,702,550,687,513"
4812,5,False,False,0->0,,,,,16,1479,"210,193,433,964,463"
4813,5,False,False,0->0,,,,,16,1150,"386,569,915,83,257"
4814,5,False,False,0->0,,,,,16,612,"666,702,551,612,456"
4816,5,False,False,0->0,,,,,16,876,"955,467,145,100,6"
4817,5,False,False,0->0,,,,,16,542,"245,991,625,622,272"
4818,5,False,False,0->0,,,,,16,298,"686,670,721,63,18"
4819,5,False,False,0->0,,,,,16,1007,"134,343,567,152,352"
4820,5,False,False,0->0,,,,,16,1126,"696,856,651,824,829"
4822,5,False,False,0->0,,,,,16,1460,"363,273,990,597,431"
4823,5,False,False,0->0,,,,,16,608,"609,711,21,803,947"
4824,5,False,False,0->0,,,,,16,429,"814,99,409,732,610"
4825,5,False,False,0->0,,,,,16,700,"838,835,217,518,522"
4826,5,False,False,0->0,,,,,16,756,"545,247,218,877,468"
4827,5,False,False,0->0,,,,,16,838,"677,512,968,222,498"
4831,5,False,False,0->0,,,,,16,723,"157,303,500,269,789"
4833,5,False,False,0->0,,,,,16,1002,"517,598,927,863,884"
4834,5,False,False,0->0,,,,,16,1185,"39,539,863,730,667"
4835,5,False,False,0->0,,,,,16,475,"420,952,639,752,723"
4836,5,False,False,0->0,,,,,16,391,"742,503,410,146,801"
4838,5,False,False,0->0,,,,,16,1430,"580,572,410,165,876"
4841,5,False,False,0->0,,,,,16,326,"640,515,676,705,260"
4842,5,False,False,0->0,,,,,16,689,"714,329,594,589,180"
4843,5,False,False,0->0,,,,,16,589,"325,714,547,172,796"
4844,5,False,False,0->0,,,,,16,1653,"742,326,419,405,961"
4845,5,False,False,0->0,,,,,16,886,"265,610,883,405,362"
4846,5,False,False,0->0,,,,,16,1104,"845,7,283,72,154"
4847,5,False,False,0->0,,,,,16,559,"890,357,169,723,892"
4848,5,False,False,0->0,,,,,16,727,"539,268,494,147,568"
4849,5,False,False,0->0,,,,,16,1240,"510,871,745,591,60"
4850,5,False,False,0->0,,,,,16,1245,"726,624,319,634,893"
4851,5,False,False,0->0,,,,,16,784,"621,752,63,16,703"
4852,5,False,False,0->0,,,,,16,484,"658,108,572,332,721"
4853,5,False,False,0->0,,,,,16,525,"872,798,838,761,383"
4854,5,False,False,0->0,,,,,16,942,"684,681,848,495,373"
4855,5,False,False,0->0,,,,,16,247,"43,269,537,617,128"
4856,5,False,False,0->0,,,,,16,890,"80,973,620,177,79"
4857,5,False,False,0->0,,,,,16,617,"858,446,636,247,990"
4858,5,False,False,0->0,,,,,16,734,"985,246,102,368,978"
4859,5,False,False,0->0,,,,,16,660,"546,945,818,83,555"
4860,5,False,False,0->0,,,,,16,1306,"696,138,632,607,255"
4861,5,False,False,0->0,,,,,16,988,"781,165,491,849,669"
4862,5,False,False,0->0,,,,,16,548,"396,335,21,407,101"
4865,5,False,False,0->0,,,,,16,892,"362,675,866,626,293"
4867,5,False,False,0->0,,,,,16,1489,"257,634,3,429,536"
4868,5,False,False,0->0,,,,,16,559,"451,746,786,469,526"
4869,5,False,False,0->0,,,,,16,544,"554,655,711,477,461"
4871,5,False,False,0->0,,,,,16,848,"488,635,254,518,683"
4872,5,False,False,0->0,,,,,16,1042,"378,534,469,9,368"
4873,5,False,False,0->0,,,,,16,944,"428,862,420,201,197"
4877,5,False,False,0->0,,,,,16,1079,"723,950,88,407,938"
4881,5,False,False,0->0,,,,,16,569,"620,852,557,141,929"
4882,5,False,False,0->0,,,,,16,665,"945,243,589,327,777"
4883,5,False,False,0->0,,,,,16,982,"46,264,641,125,268"
4886,5,False,False,0->0,,,,,16,1525,"813,782,381,581,659"
4887,5,False,False,0->0,,,,,16,472,"261,791,911,489,680"
4889,5,False,False,0->0,,,,,16,1046,"722,352,891,800,898"
4890,5,False,False,0->0,,,,,16,1027,"888,772,855,942,563"
4892,5,False,False,0->0,,,,,16,379,"545,45,236,793,625"
4893,5,False,False,0->0,,,,,16,555,"239,838,648,93,549"
4894,5,False,False,0->0,,,,,16,494,"14,982,690,109,672"
4896,5,False,False,0->0,,,,,16,1018,"173,363,575,280,181"
4897,5,False,False,0->0,,,,,16,807,"530,309,618,209,139"
4898,5,False,False,0->0,,,,,16,968,"178,284,400,934,686"
4901,5,False,False,0->0,,,,,16,545,"468,960,783,709,53"
4903,5,False,False,0->0,,,,,16,764,"914,463,183,271,465"
4904,5,False,False,0->0,,,,,16,712,"691,158,12,57,285"
4906,5,False,False,0->0,,,,,16,397,"401,48,527,17,481"
4907,5,False,False,0->0,,,,,16,402,"539,649,691,134,393"
4908,5,False,False,0->0,,,,,16,1101,"360,963,728,891,994"
4909,5,False,False,0->0,,,,,16,723,"986,63,400,686,586"
4910,5,False,False,0->0,,,,,16,487,"944,476,403,198,851"
4911,5,False,False,0->0,,,,,16,835,"23,235,229,617,740"
4914,5,False,False,0->0,,,,,16,554,"474,262,583,181,357"
4915,5,False,False,0->0,,,,,16,1351,"411,400,228,127,284"
4917,5,False,False,0->0,,,,,16,586,"207,371,221,1000,885"
4918,5,False,False,0->0,,,,,16,951,"980,612,734,298,39"
4921,5,False,False,0->0,,,,,16,744,"181,400,68,823,759"
4922,5,False,False,0->0,,,,,16,671,"87,517,705,55,736"
4924,5,False,False,0->0,,,,,16,651,"405,249,556,950,528"
4926,5,False,False,0->0,,,,,16,855,"563,510,684,490,928"
4929,5,False,False,0->0,,,,,16,497,"475,159,184,309,514"
4930,5,False,False,0->0,,,,,16,752,"803,507,681,13,772"
4932,5,False,False,0->0,,,,,16,1202,"42,463,510,491,876"
4933,5,False,False,0->0,,,,,16,867,"876,507,331,517,305"
4934,5,False,False,0->0,,,,,16,761,"96,340,998,183,568"
4935,5,False,False,0->0,,,,,16,872,"674,273,128,262,365"
4936,5,False,False,0->0,,,,,16,650,"594,982,104,310,103"
4937,5,False,False,0->0,,,,,16,539,"332,903,53,893,685"
4938,5,False,False,0->0,,,,,16,990,"612,124,434,685,887"
4939,5,False,False,0->0,,,,,16,711,"520,890,813,567,528"
4940,5,False,False,0->0,,,,,16,554,"758,190,575,601,861"
4941,5,False,False,0->0,,,,,16,1010,"412,988,430,285,649"
4942,5,False,False,0->0,,,,,16,293,"217,788,824,331,497"
4943,5,False,False,0->0,,,,,16,428,"960,205,46,182,491"
4944,5,False,False,0->0,,,,,16,682,"533,631,783,994,711"
4945,5,False,False,0->0,,,,,16,924,"162,51,520,674,690"
4946,5,False,False,0->0,,,,,16,786,"493,907,640,545,394"
4947,5,False,False,0->0,,,,,16,875,"405,975,761,332,948"
4949,5,False,False,0->0,,,,,16,943,"917,362,198,731,908"
4950,5,False,False,0->0,,,,,16,491,"760,676,236,685,989"
4954,5,False,False,0->0,,,,,16,384,"293,373,47,686,244"
4955,5,False,False,0->0,,,,,16,738,"255,297,853,378,360"
4957,5,False,False,0->0,,,,,16,923,"534,145,691,267,863"
4958,5,False,False,0->0,,,,,16,1513,"9,411,271,699,366"
4959,5,False,False,0->0,,,,,16,902,"575,266,128,70,230"
4960,5,False,False,0->0,,,,,16,763,"481,655,760,990,545"
4961,5,False,False,0->0,,,,,16,772,"564,165,805,56,831"
4965,5,False,False,0->0,,,,,16,522,"398,40,467,277,331"
4966,5,False,False,0->0,,,,,16,1735,"140,829,63,230,40"
4967,5,False,False,0->0,,,,,16,1321,"158,953,398,535,482"
4968,5,False,False,0->0,,,,,16,847,"259,855,595,454,956"
4969,5,False,False,0->0,,,,,16,735,"1000,584,681,566,692"
4971,5,False,False,0->0,,,,,16,992,"2,106,36,908,998"
4973,5,False,False,0->0,,,,,16,327,"401,437,985,926,373"
4974,5,False,False,0->0,,,,,16,970,"988,175,716,658,828"
4975,5,False,False,0->0,,,,,16,510,"950,752,139,52,196"
4976,5,False,False,0->0,,,,,16,760,"599,1000,53,533,493"
4978,5,False,False,0->0,,,,,16,796,"728,436,228,517,666"
4980,5,False,False,0->0,,,,,16,572,"553,714,72,613,110"
4981,5,False,False,0->0,,,,,16,696,"69,467,616,95,715"
4982,5,False,False,0->0,,,,,16,727,"178,979,906,652,378"
4983,5,False,False,0->0,,,,,16,777,"298,121,702,548,920"
4984,5,False,False,0->0,,,,,16,246,"410,48,415,14,709"
4985,5,False,False,0->0,,,,,16,871,"8,269,520,276,453"
4986,5,False,False,0->0,,,,,16,1222,"19,391,697,742,590"
4991,5,False,False,0->0,,,,,16,976,"581,63,88,7,101"
4992,5,False,False,0->0,,,,,16,2114,"694,165,657,471,162"
4994,5,False,False,0->0,,,,,16,813,"815,212,365,884,863"
4996,5,False,False,0->0,,,,,16,1033,"524,471,428,541,385"
4997,5,False,False,0->0,,,,,16,462,"963,956,849,409,793"
4998,5,False,False,0->0,,,,,16,1517,"590,47,92,291,199"
5001,5,False,False,0->0,,,,,16,975,"15,835,1000,875,619"
5002,5,False,False,0->0,,,,,16,1640,"941,964,796,19,782"
5003,5,False,False,0->0,,,,,16,972,"419,854,873,108,672"
5005,5,False,False,0->0,,,,,16,776,"800,393,968,704,654"
5007,5,False,False,0->0,,,,,16,589,"483,72,218,226,134"
5008,5,False,False,0->0,,,,,16,2024,"216,737,251,350,657"
5010,5,False,False,0->0,,,,,16,1281,"749,736,430,84,273"
5011,5,False,False,0->0,,,,,16,1533,"627,754,974,52,17"
5012,5,False,False,0->0,,,,,16,354,"479,120,122,531,438"
5013,5,False,False,0->0,,,,,16,411,"32,999,17,444,177"
5014,5,False,False,0->0,,,,,16,701,"968,655,81,949,142"
5016,5,False,False,0->0,,,,,16,1023,"762,942,329,630,572"
5017,5,False,False,0->0,,,,,16,819,"944,706,934,146,402"
5019,5,False,False,0->0,,,,,16,778,"686,43,678,677,460"
5021,5,False,False,0->0,,,,,16,836,"783,485,179,906,690"
5023,5,False,False,0->0,,,,,16,1148,"632,482,636,70,267"
5024,5,False,False,0->0,,,,,16,1098,"840,885,676,284,915"
5025,5,False,False,0->0,,,,,16,398,"196,851,783,138,338"
5026,5,False,False,0->0,,,,,16,2203,"482,752,973,917,291"
5027,5,False,False,0->0,,,,,16,1469,"360,36,955,728,8"
5028,5,False,False,0->0,,,,,16,733,"376,95,368,193,656"
5033,5,False,False,0->0,,,,,16,996,"400,773,235,835,287"
5034,5,False,False,0->0,,,,,16,625,"734,669,452,999,487"
5035,5,False,False,0->0,,,,,16,1441,"777,581,320,388,629"
5037,5,False,False,0->0,,,,,16,1117,"106,977,499,759,395"
5038,5,False,False,0->0,,,,,16,608,"94,209,605,787,830"
5040,5,False,False,0->0,,,,,16,753,"548,541,787,293,553"
5041,5,False,False,0->0,,,,,16,569,"62,995,615,474,564"
5042,5,False,False,0->0,,,,,16,531,"179,969,278,26,614"
5043,5,False,False,0->0,,,,,16,1282,"544,112,126,476,169"
5044,5,False,False,0->0,,,,,16,902,"453,554,283,114,940"
5048,5,False,False,0->0,,,,,16,1343,"776,429,23,294,112"
5049,5,False,False,0->0,,,,,16,434,"117,695,56,34,844"
5052,5,False,False,0->0,,,,,16,1267,"495,831,845,148,323"
5053,5,False,False,0->0,,,,,16,721,"318,956,854,639,495"
5055,5,False,False,0->0,,,,,16,553,"372,630,637,271,183"
5056,5,False,False,0->0,,,,,16,711,"22,961,431,989,25"
5057,5,False,False,0->0,,,,,16,552,"79,907,688,755,731"
5058,5,False,False,0->0,,,,,16,917,"611,405,199,733,373"
5059,5,False,False,0->0,,,,,16,848,"166,922,598,196,961"
5060,5,False,False,0->0,,,,,16,586,"926,11,844,513,993"
5064,5,False,False,0->0,,,,,16,351,"850,832,461,741,515"
5066,5,False,False,0->0,,,,,12,1640,"55,159,718,162,590"
5067,5,False,False,0->0,,,,,16,747,"563,488,226,387,436"
5068,5,False,False,0->0,,,,,16,662,"271,218,207,39,979"
5069,5,False,False,0->0,,,,,16,1011,"750,574,740,619,824"
5070,5,False,False,0->0,,,,,16,1140,"994,719,140,675,189"
5071,5,False,False,0->0,,,,,16,1116,"468,169,463,769,160"
5072,5,False,False,0->0,,,,,16,736,"782,231,287,520,416"
5073,5,False,False,0->0,,,,,16,729,"978,854,945,302,622"
5074,5,False,False,0->0,,,,,16,1188,"503,113,455,693,410"
5075,5,False,False,0->0,,,,,16,988,"146,155,135,741,896"
5076,5,False,False,0->0,,,,,16,403,"522,92,269,860,523"
5077,5,False,False,0->0,,,,,16,931,"612,135,402,54,160"
5078,5,False,False,0->0,,,,,16,366,"524,568,813,573,832"
5079,5,False,False,0->0,,,,,16,1093,"88,383,217,203,44"
5081,5,False,False,0->0,,,,,16,1574,"140,459,860,544,280"
5084,5,False,False,0->0,,,,,16,410,"783,418,380,249,11"
5085,5,False,False,0->0,,,,,16,270,"335,924,557,672,622"
5086,5,False,False,0->0,,,,,16,967,"937,733,257,949,592"
5088,5,False,False,0->0,,,,,16,526,"907,872,314,284,169"
5089,5,False,False,0->0,,,,,16,1101,"455,710,309,699,893"
5090,5,False,False,0->0,,,,,16,1383,"255,976,942,979,279"
5091,5,False,False,0->0,,,,,16,686,"586,885,168,73,972"
5092,5,False,False,0->0,,,,,16,717,"452,708,194,588,676"
5093,5,False,False,0->0,,,,,16,1305,"863,779,38,823,229"
5094,5,False,False,0->0,,,,,16,1344,"51,988,578,587,560"
5095,5,False,False,0->0,,,,,16,467,"337,249,674,209,178"
5097,5,False,False,0->0,,,,,16,919,"5,735,528,914,551"
5098,5,False,False,0->0,,,,,16,326,"99,297,557,322,969"
5099,5,False,False,0->0,,,,,16,334,"796,501,510,420,895"
5101,5,False,False,0->0,,,,,16,1166,"174,347,673,577,568"
5102,5,False,False,0->0,,,,,16,1474,"290,358,305,216,106"
5103,5,False,False,0->0,,,,,16,1256,"467,194,980,642,159"
5105,5,False,False,0->0,,,,,16,1079,"604,376,169,36,992"
5106,5,False,False,0->0,,,,,16,1268,"957,230,139,746,831"
5107,5,False,False,0->0,,,,,16,890,"979,425,166,207,312"
5108,5,False,False,0->0,,,,,16,1144,"31,485,112,99,301"
5109,5,False,False,0->0,,,,,16,983,"338,253,221,508,397"
5110,5,False,False,0->0,,,,,16,1425,"21,270,986,871,12"
5114,5,False,False,0->0,,,,,16,1072,"119,692,226,917,773"
5115,5,False,False,0->0,,,,,16,548,"429,211,711,156,513"
5117,5,False,False,0->0,,,,,16,741,"504,609,983,660,267"
5121,5,False,False,0->0,,,,,16,545,"358,770,87,16,943"
5123,5,False,False,0->0,,,,,16,1269,"726,302,669,499,133"
5124,5,False,False,0->0,,,,,16,576,"854,875,183,718,989"
5126,5,False,False,0->0,,,,,16,436,"995,914,251,133,15"
5127,5,False,False,0->0,,,,,16,1009,"188,780,310,43,879"
5128,5,False,False,0->0,,,,,16,774,"161,982,264,927,554"
5129,5,False,False,0->0,,,,,16,981,"363,101,930,277,968"
5131,5,False,False,0->0,,,,,16,523,"436,179,455,688,595"
5132,5,False,False,0->0,,,,,16,931,"668,603,731,467,183"
5133,5,False,False,0->0,,,,,16,1075,"541,332,534,942,948"
5134,5,False,False,0->0,,,,,16,1790,"577,800,17,875,880"
5135,5,False,False,0->0,,,,,16,670,"39,403,930,713,714"
5137,5,False,False,0->0,,,,,16,520,"709,903,886,563,298"
5138,5,False,False,0->0,,,,,16,311,"555,48,192,931,323"
5139,5,False,False,0->0,,,,,16,482,"187,148,29,719,74"
5140,5,False,False,0->0,,,,,16,1787,"836,800,764,33,208"
5142,5,False,False,0->0,,,,,16,695,"623,787,365,609,861"
5143,5,False,False,0->0,,,,,16,1556,"964,472,605,863,437"
5144,5,False,False,0->0,,,,,16,910,"532,610,87,542,340"
5145,5,False,False,0->0,,,,,16,1022,"870,745,196,204,845"
5146,5,False,False,0->0,,,,,16,645,"475,834,601,592,444"
5147,5,False,False,0->0,,,,,16,942,"592,395,1000,984,638"
5148,5,False,False,0->0,,,,,16,605,"461,678,44,727,421"
5149,5,False,False,0->0,,,,,16,743,"332,920,467,49,82"
5150,5,False,False,0->0,,,,,16,545,"774,975,314,147,323"
5151,5,False,False,0->0,,,,,16,601,"489,694,951,629,582"
5153,5,False,False,0->0,,,,,16,840,"667,779,327,280,726"
5154,5,False,False,0->0,,,,,16,520,"739,315,195,451,927"
5155,5,False,False,0->0,,,,,16,730,"557,407,476,184,163"
5157,5,False,False,0->0,,,,,16,648,"849,338,630,176,980"
5158,5,False,False,0->0,,,,,16,1209,"388,921,355,112,756"
5160,5,False,False,0->0,,,,,16,572,"963,176,849,537,447"
5161,5,False,False,0->0,,,,,16,1124,"855,802,623,534,513"
5162,5,False,False,0->0,,,,,16,1028,"338,105,204,787,785"
5163,5,False,False,0->0,,,,,16,844,"893,424,958,867,548"
5165,5,False,False,0->0,,,,,16,272,"497,617,549,196,65"
5168,5,False,False,0->0,,,,,16,661,"650,465,344,320,947"
5170,5,False,False,0->0,,,,,16,1564,"863,896,82,942,758"
5171,5,False,False,0->0,,,,,16,475,"360,254,517,418,697"
5172,5,False,False,0->0,,,,,16,682,"859,519,80,426,679"
5174,5,False,False,0->0,,,,,16,896,"892,646,956,732,988"
5175,5,False,False,0->0,,,,,16,629,"969,718,769,948,546"
5176,5,False,False,0->0,,,,,16,1055,"285,423,36,12,857"
5179,5,False,False,0->0,,,,,16,819,"109,550,141,460,433"
5181,5,False,False,0->0,,,,,16,999,"51,106,114,702,416"
5182,5,False,False,0->0,,,,,16,491,"962,205,707,274,804"
5185,5,False,False,0->0,,,,,16,500,"694,134,580,655,338"
5186,5,False,False,0->0,,,,,16,256,"373,159,613,543,943"
5188,5,False,False,0->0,,,,,16,521,"847,167,921,411,990"
5189,5,False,False,0->0,,,,,16,811,"612,521,365,360,81"
5190,5,False,False,0->0,,,,,16,975,"90,642,423,3,731"
5191,5,False,False,0->0,,,,,16,375,"401,369,48,46,104"
5192,5,False,False,0->0,,,,,16,1947,"868,109,162,172,871"
5193,5,False,False,0->0,,,,,16,1415,"433,623,157,238,504"
5194,5,False,False,0->0,,,,,16,535,"486,856,496,741,760"
5195,5,False,False,0->0,,,,,16,437,"556,506,950,522,550"
5196,5,False,False,0->0,,,,,16,565,"972,16,238,492,642"
5197,5,False,False,0->0,,,,,16,622,"826,263,981,537,914"
5198,5,False,False,0->0,,,,,16,961,"541,931,160,957,605"
5199,5,False,False,0->0,,,,,16,1437,"876,274,271,88,849"
5203,5,False,False,0->0,,,,,16,937,"639,403,563,45,876"
5204,5,False,False,0->0,,,,,16,1137,"575,224,74,265,419"
5205,5,False,False,0->0,,,,,16,909,"414,210,770,614,592"
5206,5,False,False,0->0,,,,,16,369,"636,461,407,851,963"
5207,5,False,False,0->0,,,,,16,739,"520,883,575,23,402"
5209,5,False,False,0->0,,,,,16,783,"979,850,756,374,489"
5211,5,False,False,0->0,,,,,16,825,"104,695,592,233,51"
5212,5,False,False,0->0,,,,,16,609,"685,517,716,553,531"
5213,5,False,False,0->0,,,,,16,1167,"421,165,43,312,612"
5215,5,False,False,0->0,,,,,16,905,"998,473,124,503,583"
5216,5,False,False,0->0,,,,,16,1654,"369,797,623,495,776"
5217,5,False,False,0->0,,,,,16,1203,"609,633,544,956,573"
5218,5,False,False,0->0,,,,,16,879,"838,14,187,649,163"
5219,5,False,False,0->0,,,,,16,1337,"186,804,160,677,657"
5220,5,False,False,0->0,,,,,16,605,"159,92,940,937,249"
5221,5,False,False,0->0,,,,,16,1263,"632,857,843,55,521"
5223,5,False,False,0->0,,,,,16,174,"564,40,806,483,131"
5224,5,False,False,0->0,,,,,16,503,"888,792,861,811,613"
5225,5,False,False,0->0,,,,,16,677,"126,969,33,774,887"
5226,5,False,False,0->0,,,,,16,1169,"200,48,566,262,917"
5229,5,False,False,0->0,,,,,16,749,"2,702,955,154,150"
5230,5,False,False,0->0,,,,,16,1342,"409,272,604,852,512"
5231,5,False,False,0->0,,,,,16,650,"950,798,784,748,588"
5232,5,False,False,0->0,,,,,16,413,"459,248,156,781,331"
5234,5,False,False,0->0,,,,,16,697,"927,467,11,235,957"
5235,5,False,False,0->0,,,,,16,757,"574,284,870,605,557"
5237,5,False,False,0->0,,,,,16,1326,"709,987,782,929,858"
5238,5,False,False,0->0,,,,,16,1333,"810,843,366,86,870"
5240,5,False,False,0->0,,,,,16,552,"528,249,177,883,99"
5241,5,False,False,0->0,,,,,16,1060,"116,375,226,209,623"
5242,5,False,False,0->0,,,,,16,573,"707,426,460,778,31"
5244,5,False,False,0->0,,,,,16,1272,"84,223,574,160,580"
5246,5,False,False,0->0,,,,,16,1206,"980,976,861,633,584"
5247,5,False,False,0->0,,,,,16,1175,"291,863,970,730,283"
5249,5,False,False,0->0,,,,,16,726,"984,966,582,673,278"
5250,5,False,False,0->0,,,,,16,567,"744,62,443,477,270"
5251,5,False,False,0->0,,,,,16,217,"492,692,975,617,457"
5252,5,False,False,0->0,,,,,16,479,"25,600,758,429,158"
5254,5,False,False,0->0,,,,,16,1097,"98,615,39,154,973"
5255,5,False,False,0->0,,,,,16,838,"963,154,221,828,24"
5256,5,False,False,0->0,,,,,16,804,"837,441,12,225,87"
5257,5,False,False,0->0,,,,,16,673,"308,783,880,506,43"
5260,5,False,False,0->0,,,,,16,1003,"54,366,523,794,949"
5261,5,False,False,0->0,,,,,16,892,"198,438,980,539,732"
5262,5,False,False,0->0,,,,,16,1430,"847,669,917,374,773"
5263,5,False,False,0->0,,,,,16,476,"602,409,199,742,128"
5264,5,False,False,0->0,,,,,16,702,"130,611,521,853,824"
5266,5,False,False,0->0,,,,,16,1195,"837,299,876,185,61"
5267,5,False,False,0->0,,,,,16,1341,"873,81,669,728,396"
5268,5,False,False,0->0,,,,,16,768,"121,648,31,111,272"
5269,5,False,False,0->0,,,,,16,713,"755,67,691,650,160"
5271,5,False,False,0->0,,,,,16,577,"183,515,475,330,582"
5272,5,False,False,0->0,,,,,16,1129,"625,456,605,508,284"
5273,5,False,False,0->0,,,,,16,738,"538,984,505,24,683"
5274,5,False,False,0->0,,,,,16,887,"866,532,301,192,319"
5275,5,False,False,0->0,,,,,16,523,"929,530,305,209,539"
5276,5,False,False,0->0,,,,,16,571,"990,731,269,532,533"
5280,5,False,False,0->0,,,,,16,435,"868,139,954,741,476"
5281,5,False,False,0->0,,,,,16,279,"122,554,514,654,54"
5284,5,False,False,0->0,,,,,16,506,"372,398,749,767,873"
5287,5,False,False,0->0,,,,,16,688,"635,309,828,729,855"
5289,5,False,False,0->0,,,,,16,365,"206,425,697,523,263"
5290,5,False,False,0->0,,,,,16,831,"514,789,754,113,266"
5291,5,False,False,0->0,,,,,16,740,"293,499,37,445,438"
5293,5,False,False,0->0,,,,,16,754,"968,569,139,486,417"
5295,5,False,False,0->0,,,,,16,714,"180,607,193,102,850"
5297,5,False,False,0->0,,,,,16,261,"287,156,212,674,325"
5298,5,False,False,0->0,,,,,16,561,"15,412,581,793,641"
5299,5,False,False,0->0,,,,,16,535,"487,791,279,376,411"
5300,5,False,False,0->0,,,,,16,728,"431,48,554,530,908"
5302,5,False,False,0->0,,,,,16,1341,"173,930,966,21,9"
5303,5,False,False,0->0,,,,,16,360,"787,342,806,890,145"
5306,5,False,False,0->0,,,,,16,683,"93,242,767,781,365"
5307,5,False,False,0->0,,,,,16,998,"172,329,823,652,531"
5308,5,False,False,0->0,,,,,16,953,"986,928,891,763,434"
5309,5,False,False,0->0,,,,,16,1518,"518,97,880,431,643"
5310,5,False,False,0->0,,,,,16,357,"780,90,931,507,193"
5311,5,False,False,0->0,,,,,16,645,"649,121,63,424,23"
5313,5,False,False,0->0,,,,,16,445,"32,991,181,655,975"
5316,5,False,False,0->0,,,,,16,616,"806,408,530,77,392"
5317,5,False,False,0->0,,,,,16,521,"868,418,789,178,187"
5318,5,False,False,0->0,,,,,16,1085,"247,816,392,210,276"
5319,5,False,False,0->0,,,,,16,363,"991,451,585,810,236"
5321,5,False,False,0->0,,,,,16,743,"689,387,113,257,564"
5323,5,False,False,0->0,,,,,16,360,"398,452,99,70,434"
5324,5,False,False,0->0,,,,,16,809,"877,74,865,41,381"
5325,5,False,False,0->0,,,,,16,895,"995,241,504,642,86"
5327,5,False,False,0->0,,,,,16,1497,"567,416,678,337,808"
5329,5,False,False,0->0,,,,,16,639,"475,251,431,357,862"
5331,5,False,False,0->0,,,,,16,664,"613,173,595,408,597"
5332,5,False,False,0->0,,,,,16,748,"736,917,538,697,993"
5335,5,False,False,0->0,,,,,16,329,"515,510,461,241,526"
5336,5,False,False,0->0,,,,,16,490,"434,358,32,675,461"
5338,5,False,False,0->0,,,,,16,936,"393,788,858,743,652"
5339,5,False,False,0->0,,,,,16,1294,"548,942,843,315,7"
5340,5,False,False,0->0,,,,,16,501,"402,711,878,959,301"
5342,5,False,False,0->0,,,,,16,634,"958,751,584,421,947"
5343,5,False,False,0->0,,,,,16,710,"198,890,126,851,605"
5344,5,False,False,0->0,,,,,16,576,"784,319,524,196,1000"
5345,5,False,False,0->0,,,,,16,1102,"2,113,91,463,376"
5346,5,False,False,0->0,,,,,16,231,"497,316,533,56,454"
5347,5,False,False,0->0,,,,,16,880,"973,182,2,231,599"
5348,5,False,False,0->0,,,,,16,781,"289,267,500,270,834"
5350,5,False,False,0->0,,,,,16,427,"268,753,722,347,830"
5351,5,False,False,0->0,,,,,16,412,"920,635,220,818,67"
5352,5,False,False,0->0,,,,,16,895,"708,861,506,210,828"
5353,5,False,False,0->0,,,,,16,834,"637,891,67,508,144"
5354,5,False,False,0->0,,,,,16,844,"380,934,165,106,804"
5356,5,False,False,0->0,,,,,16,512,"640,224,130,184,369"
5358,5,False,False,0->0,,,,,16,1131,"265,279,312,800,410"
5359,5,False,False,0->0,,,,,16,606,"195,693,54,984,742"
5360,5,False,False,0->0,,,,,16,408,"523,108,646,232,423"
5364,5,False,False,0->0,,,,,16,318,"978,85,226,587,870"
5365,5,False,False,0->0,,,,,16,1139,"636,395,805,528,948"
5367,5,False,False,0->0,,,,,16,574,"460,380,430,503,961"
5368,5,False,False,0->0,,,,,16,752,"500,496,414,879,61"
5369,5,False,False,0->0,,,,,16,590,"564,74,164,106,429"
5370,5,False,False,0->0,,,,,16,607,"201,546,173,981,103"
5371,5,False,False,0->0,,,,,16,1422,"111,712,739,465,216"
5372,5,False,False,0->0,,,,,16,746,"333,62,779,22,253"
5373,5,False,False,0->0,,,,,16,491,"720,444,132,649,704"
5375,5,False,False,0->0,,,,,16,495,"553,519,522,870,892"
5376,5,False,False,0->0,,,,,16,470,"412,142,853,134,206"
5377,5,False,False,0->0,,,,,10,1217,"96,970,11,702,659"
5379,5,False,False,0->0,,,,,16,896,"958,554,740,381,287"
5380,5,False,False,0->0,,,,,16,896,"633,987,442,850,943"
5381,5,False,False,0->0,,,,,16,1458,"876,715,216,486,317"
5382,5,False,False,0->0,,,,,16,1557,"972,727,780,140,544"
5383,5,False,False,0->0,,,,,16,1141,"254,717,284,692,629"
5384,5,False,False,0->0,,,,,16,726,"7,906,870,668,189"
5385,5,False,False,0->0,,,,,16,677,"920,751,15,930,206"
5387,5,False,False,0->0,,,,,16,705,"754,14,423,87,834"
5389,5,False,False,0->0,,,,,16,715,"990,511,541,364,714"
5391,5,False,False,0->0,,,,,16,1095,"606,320,994,667,652"
5392,5,False,False,0->0,,,,,16,579,"564,658,592,678,720"
5393,5,False,False,0->0,,,,,16,604,"609,588,252,933,718"
5394,5,False,False,0->0,,,,,16,1329,"551,116,210,627,113"
5396,5,False,False,0->0,,,,,16,440,"705,814,857,178,266"
5397,5,False,False,0->0,,,,,16,459,"972,775,382,899,26"
5398,5,False,False,0->0,,,,,16,1103,"824,426,806,886,876"
5399,5,False,False,0->0,,,,,16,716,"796,162,580,789,811"
5400,5,False,False,0->0,,,,,16,649,"838,919,989,827,137"
5401,5,False,False,0->0,,,,,16,274,"29,180,616,775,338"
5402,5,False,False,0->0,,,,,16,857,"299,143,218,272,1"
5403,5,False,False,0->0,,,,,16,779,"810,31,653,55,192"
5405,5,False,False,0->0,,,,,16,700,"959,407,160,892,662"
5406,5,False,False,0->0,,,,,16,1002,"436,983,330,411,210"
5407,5,False,False,0->0,,,,,16,1967,"552,463,485,822,646"
5408,5,False,False,0->0,,,,,16,926,"145,582,990,368,124"
5409,5,False,False,0->0,,,,,16,739,"224,708,833,513,315"
5410,5,False,False,0->0,,,,,16,1185,"711,590,390,684,772"
5411,5,False,False,0->0,,,,,16,334,"909,531,899,492,340"
5413,5,False,False,0->0,,,,,16,927,"617,653,320,892,662"
5414,5,False,False,0->0,,,,,16,890,"162,751,705,811,678"
5415,5,False,False,0->0,,,,,16,1505,"504,621,57,787,343"
5416,5,False,False,0->0,,,,,16,321,"18,454,513,297,952"
5417,5,False,False,0->0,,,,,16,897,"933,405,279,323,833"
5418,5,False,False,0->0,,,,,16,742,"738,980,223,316,386"
5419,5,False,False,0->0,,,,,16,548,"460,97,152,531,166"
5420,5,False,False,0->0,,,,,16,832,"611,662,728,11,656"
5421,5,False,False,0->0,,,,,16,1146,"627,988,506,322,594"
5423,5,False,False,0->0,,,,,16,914,"51,412,453,915,984"
5424,5,False,False,0->0,,,,,16,823,"826,599,287,490,788"
5425,5,False,False,0->0,,,,,16,830,"78,276,205,160,556"
5426,5,False,False,0->0,,,,,16,1022,"696,814,659,193,404"
5428,5,False,False,0->0,,,,,16,984,"843,172,867,814,713"
5429,5,False,False,0->0,,,,,16,568,"828,676,483,753,792"
5431,5,False,False,0->0,,,,,16,982,"114,487,437,681,929"
5432,5,False,False,0->0,,,,,16,658,"703,849,150,44,510"
5433,5,False,False,0->0,,,,,16,894,"852,412,494,754,105"
5434,5,False,False,0->0,,,,,16,1199,"210,565,321,444,646"
5435,5,False,False,0->0,,,,,16,473,"814,483,929,672,225"
5436,5,False,False,0->0,,,,,16,753,"16,120,24,520,141"
5437,5,False,False,0->0,,,,,16,556,"27,455,585,836,496"
5440,5,False,False,0->0,,,,,16,956,"657,105,356,771,403"
5441,5,False,False,0->0,,,,,16,617,"750,725,970,92,152"
5443,5,False,False,0->0,,,,,16,457,"410,283,329,76,796"
5445,5,False,False,0->0,,,,,16,1143,"48,133,631,578,629"
5446,5,False,False,0->0,,,,,16,1075,"408,490,393,185,453"
5448,5,False,False,0->0,,,,,16,897,"364,615,257,857,616"
5449,5,False,False,0->0,,,,,16,1130,"141,738,344,772,567"
5451,5,False,False,0->0,,,,,16,495,"668,613,487,689,970"
5452,5,False,False,0->0,,,,,16,453,"910,758,101,629,815"
5454,5,False,False,0->0,,,,,16,422,"803,616,241,46,679"
5455,5,False,False,0->0,,,,,16,1255,"791,34,230,455,9"
5456,5,False,False,0->0,,,,,16,759,"690,981,893,426,591"
5457,5,False,False,0->0,,,,,16,932,"696,12,590,675,125"
5459,5,False,False,0->0,,,,,16,997,"720,968,441,870,776"
5460,5,False,False,0->0,,,,,16,755,"787,826,459,161,124"
5461,5,False,False,0->0,,,,,16,852,"765,463,319,423,691"
5462,5,False,False,0->0,,,,,16,617,"269,763,381,483,761"
5463,5,False,False,0->0,,,,,16,980,"350,989,611,357,911"
5464,5,False,False,0->0,,,,,16,1046,"400,415,685,700,593"
5465,5,False,False,0->0,,,,,16,1174,"53,194,18,964,409"
5466,5,False,False,0->0,,,,,16,633,"654,890,437,446,739"
5467,5,False,False,0->0,,,,,16,1042,"87,672,375,532,692"
5468,5,False,False,0->0,,,,,16,370,"968,262,249,180,283"
5469,5,False,False,0->0,,,,,16,303,"789,783,934,82,137"
5471,5,False,False,0->0,,,,,16,1112,"902,906,663,612,607"
5472,5,False,False,0->0,,,,,16,585,"865,963,472,185,895"
5473,5,False,False,0->0,,,,,16,661,"831,21,293,13,565"
5475,5,False,False,0->0,,,,,16,897,"347,33,880,653,56"
5478,5,False,False,0->0,,,,,16,1126,"364,342,228,572,19"
5479,5,False,False,0->0,,,,,16,1609,"52,112,401,948,230"
5480,5,False,False,0->0,,,,,16,1133,"708,36,695,299,827"
5481,5,False,False,0->0,,,,,16,849,"828,595,532,241,265"
5482,5,False,False,0->0,,,,,16,1050,"255,220,368,82,977"
5483,5,False,False,0->0,,,,,16,809,"979,107,508,134,994"
5484,5,False,False,0->0,,,,,16,426,"195,18,972,481,433"
5485,5,False,False,0->0,,,,,16,1457,"322,398,659,675,197"
5486,5,False,False,0->0,,,,,16,1017,"815,317,120,264,383"
5487,5,False,False,0->0,,,,,16,1285,"619,33,590,147,888"
5488,5,False,False,0->0,,,,,16,985,"318,598,937,330,634"
5489,5,False,False,0->0,,,,,16,455,"897,110,402,224,500"
5491,5,False,False,0->0,,,,,16,557,"124,538,535,122,895"
5492,5,False,False,0->0,,,,,16,690,"175,304,832,371,646"
5494,5,False,False,0->0,,,,,16,355,"768,793,699,369,460"
5495,5,False,False,0->0,,,,,16,1344,"744,890,88,696,290"
5497,5,False,False,0->0,,,,,16,624,"329,186,47,977,594"
5499,5,False,False,0->0,,,,,16,488,"898,754,675,42,63"
5500,5,False,False,0->0,,,,,16,288,"276,156,134,586,335"
5501,5,False,False,0->0,,,,,16,1666,"282,833,840,764,31"
5503,5,False,False,0->0,,,,,16,891,"161,833,81,156,844"
5504,5,False,False,0->0,,,,,16,1154,"577,911,669,854,474"
5506,5,False,False,0->0,,,,,16,1233,"207,320,313,73,137"
5507,5,False,False,0->0,,,,,16,299,"384,401,868,587,933"
5508,5,False,False,0->0,,,,,16,455,"413,909,232,920,489"
5510,5,False,False,0->0,,,,,16,346,"231,791,810,695,217"
5512,5,False,False,0->0,,,,,16,432,"460,169,61,815,897"
5513,5,False,False,0->0,,,,,16,517,"650,603,595,591,687"
5514,5,False,False,0->0,,,,,16,432,"314,477,911,844,161"
5515,5,False,False,0->0,,,,,16,844,"158,499,779,733,401"
5516,5,False,False,0->0,,,,,16,655,"337,302,487,31,386"
5517,5,False,False,0->0,,,,,16,715,"942,603,656,254,192"
5519,5,False,False,0->0,,,,,16,1076,"564,128,590,488,387"
5520,5,False,False,0->0,,,,,16,1647,"764,376,668,298,38"
5521,5,False,False,0->0,,,,,16,539,"372,513,298,620,574"
5522,5,False,False,0->0,,,,,16,510,"15,526,393,7,390"
5525,5,False,False,0->0,,,,,16,645,"497,663,224,96,838"
5526,5,False,False,0->0,,,,,16,829,"85,492,211,987,725"
5528,5,False,False,0->0,,,,,16,441,"744,680,344,867,331"
5529,5,False,False,0->0,,,,,16,735,"305,684,208,72,944"
5530,5,False,False,0->0,,,,,16,379,"369,501,992,913,25"
5531,5,False,False,0->0,,,,,16,445,"266,130,630,708,910"
5532,5,False,False,0->0,,,,,16,1049,"772,727,582,413,370"
5534,5,False,False,0->0,,,,,16,640,"382,849,960,434,24"
5537,5,False,False,0->0,,,,,16,524,"278,335,597,362,91"
5539,5,False,False,0->0,,,,,16,1166,"326,204,416,193,73"
5540,5,False,False,0->0,,,,,16,933,"446,47,439,103,216"
5541,5,False,False,0->0,,,,,16,285,"476,828,763,325,975"
5543,5,False,False,0->0,,,,,16,613,"843,283,239,33,128"
5544,5,False,False,0->0,,,,,16,1033,"538,186,403,578,39"
5545,5,False,False,0->0,,,,,16,634,"618,224,924,599,875"
5546,5,False,False,0->0,,,,,16,1117,"609,198,479,387,395"
5547,5,False,False,0->0,,,,,16,444,"497,547,236,209,31"
5548,5,False,False,0->0,,,,,16,742,"898,921,391,326,666"
5549,5,False,False,0->0,,,,,16,940,"971,724,755,895,648"
5550,5,False,False,0->0,,,,,16,752,"616,405,605,868,975"
5551,5,False,False,0->0,,,,,16,1191,"392,372,229,413,197"
5553,5,False,False,0->0,,,,,16,871,"101,425,119,956,52"
5554,5,False,False,0->0,,,,,16,1456,"821,818,764,441,174"
5557,5,False,False,0->0,,,,,16,726,"218,38,995,454,622"
5560,5,False,False,0->0,,,,,16,459,"523,930,745,121,22"
5561,5,False,False,0->0,,,,,16,1846,"623,169,103,659,822"
5562,5,False,False,0->0,,,,,16,1201,"514,829,458,375,82"
5563,5,False,False,0->0,,,,,16,414,"580,236,293,384,355"
5564,5,False,False,0->0,,,,,16,496,"737,181,70,930,867"
5566,5,False,False,0->0,,,,,16,270,"193,921,126,192,856"
5569,5,False,False,0->0,,,,,16,861,"247,186,221,648,748"
5570,5,False,False,0->0,,,,,16,785,"236,218,95,91,688"
5571,5,False,False,0->0,,,,,16,532,"78,780,330,437,586"
5572,5,False,False,0->0,,,,,16,1036,"491,190,122,150,84"
5573,5,False,False,0->0,,,,,16,795,"687,246,259,984,125"
5574,5,False,False,0->0,,,,,16,833,"92,646,476,772,875"
5575,5,False,False,0->0,,,,,16,839,"619,891,593,836,130"
5576,5,False,False,0->0,,,,,16,423,"895,751,268,834,692"
5578,5,False,False,0->0,,,,,16,258,"47,133,93,959,317"
5579,5,False,False,0->0,,,,,16,639,"145,233,597,397,383"
5580,5,False,False,0->0,,,,,16,588,"674,436,948,555,390"
5581,5,False,False,0->0,,,,,16,748,"79,850,346,226,782"
5582,5,False,False,0->0,,,,,16,753,"875,486,283,141,255"
5583,5,False,False,0->0,,,,,16,784,"795,532,798,444,565"
5584,5,False,False,0->0,,,,,16,1283,"696,17,578,304,103"
5585,5,False,False,0->0,,,,,16,885,"758,186,542,895,669"
5586,5,False,False,0->0,,,,,16,506,"761,233,154,491,380"
5588,5,False,False,0->0,,,,,16,275,"108,307,715,457,323"
5589,5,False,False,0->0,,,,,16,330,"549,978,59,12,6"
5590,5,False,False,0->0,,,,,16,651,"913,541,319,477,721"
5591,5,False,False,0->0,,,,,16,680,"743,416,779,196,80"
5592,5,False,False,0->0,,,,,16,701,"694,581,141,521,848"
5593,5,False,False,0->0,,,,,16,849,"492,663,739,761,534"
5596,5,False,False,0->0,,,,,16,617,"981,218,109,250,638"
5597,5,False,False,0->0,,,,,16,1013,"930,38,774,494,966"
5598,5,False,False,0->0,,,,,16,657,"429,236,414,875,9"
5599,5,False,False,0->0,,,,,16,447,"316,545,385,862,526"
5600,5,False,False,0->0,,,,,16,817,"472,196,120,408,320"
5601,5,False,False,0->0,,,,,16,664,"721,323,371,321,847"
5604,5,False,False,0->0,,,,,16,552,"284,159,475,176,533"
5605,5,False,False,0->0,,,,,16,648,"232,200,5,444,45"
5606,5,False,False,0->0,,,,,16,716,"640,426,963,186,263"
5607,5,False,False,0->0,,,,,16,828,"121,444,488,552,968"
5608,5,False,False,0->0,,,,,16,725,"233,474,584,834,152"
5610,5,False,False,0->0,,,,,16,431,"266,212,409,93,220"
5611,5,False,False,0->0,,,,,16,954,"421,160,966,981,526"
5612,5,False,False,0->0,,,,,16,1189,"424,597,748,302,402"
5613,5,False,False,0->0,,,,,16,812,"238,546,697,220,669"
5614,5,False,False,0->0,,,,,16,420,"11,564,452,2,738"
5616,5,False,False,0->0,,,,,16,593,"337,55,742,555,872"
5617,5,False,False,0->0,,,,,16,675,"355,723,425,322,760"
5618,5,False,False,0->0,,,,,16,894,"795,64,308,19,476"
5619,5,False,False,0->0,,,,,16,718,"688,29,499,803,741"
5620,5,False,False,0->0,,,,,16,1265,"776,866,253,103,148"
5621,5,False,False,0->0,,,,,16,418,"412,20,102,260,597"
5622,5,False,False,0->0,,,,,16,1064,"892,648,999,165,592"
5623,5,False,False,0->0,,,,,16,1414,"113,195,350,914,643"
5624,5,False,False,0->0,,,,,16,635,"6,524,9,753,61"
5627,5,False,False,0->0,,,,,16,1388,"294,119,735,467,625"
5628,5,False,False,0->0,,,,,16,364,"830,570,938,271,961"
5630,5,False,False,0->0,,,,,16,815,"378,883,178,709,756"
5631,5,False,False,0->0,,,,,16,1671,"635,173,998,973,988"
5633,5,False,False,0->0,,,,,16,1208,"547,313,601,374,963"
5638,5,False,False,0->0,,,,,16,663,"580,952,276,302,5"
5640,5,False,False,0->0,,,,,16,585,"189,982,633,536,128"
5641,5,False,False,0->0,,,,,16,400,"332,124,732,242,811"
5642,5,False,False,0->0,,,,,16,1011,"64,111,36,41,795"
5644,5,False,False,0->0,,,,,16,832,"679,865,850,171,164"
5645,5,False,False,0->0,,,,,16,648,"726,999,963,810,330"
5647,5,False,False,0->0,,,,,16,1054,"499,570,699,82,255"
5648,5,False,False,0->0,,,,,16,893,"610,487,876,616,496"
5649,5,False,False,0->0,,,,,16,572,"848,736,152,518,931"
5650,5,False,False,0->0,,,,,16,937,"503,402,580,381,633"
5651,5,False,False,0->0,,,,,16,790,"837,53,282,91,299"
5652,5,False,False,0->0,,,,,16,640,"895,301,511,893,218"
5653,5,False,False,0->0,,,,,16,585,"954,972,668,810,269"
5654,5,False,False,0->0,,,,,16,1599,"4,684,285,197,544"
5655,5,False,False,0->0,,,,,16,1005,"652,810,757,25,808"
5656,5,False,False,0->0,,,,,16,334,"271,765,707,961,892"
5657,5,False,False,0->0,,,,,16,619,"109,67,224,142,126"
5658,5,False,False,0->0,,,,,16,738,"695,356,835,8,59"
5659,5,False,False,0->0,,,,,16,2320,"210,987,871,855,703"
5661,5,False,False,0->0,,,,,16,1046,"39,785,725,309,414"
5662,5,False,False,0->0,,,,,16,709,"228,975,826,67,132"
5663,5,False,False,0->0,,,,,16,632,"511,684,738,251,221"
5664,5,False,False,0->0,,,,,16,499,"744,37,761,714,247"
5665,5,False,False,0->0,,,,,16,1240,"263,143,680,84,270"
5666,5,False,False,0->0,,,,,16,720,"837,77,156,235,73"
5667,5,False,False,0->0,,,,,16,386,"613,211,555,490,793"
5668,5,False,False,0->0,,,,,16,517,"436,182,342,425,24"
5669,5,False,False,0->0,,,,,16,1179,"302,274,485,175,266"
5670,5,False,False,0->0,,,,,16,881,"148,358,879,861,410"
5672,5,False,False,0->0,,,,,16,1204,"335,357,933,366,582"
5673,5,False,False,0->0,,,,,16,757,"188,950,446,758,95"
5675,5,False,False,0->0,,,,,16,532,"697,154,458,759,494"
5676,5,False,False,0->0,,,,,16,995,"867,174,563,403,942"
5677,5,False,False,0->0,,,,,16,627,"171,106,649,823,180"
5678,5,False,False,0->0,,,,,16,599,"533,722,847,898,252"
5679,5,False,False,0->0,,,,,16,1450,"835,560,686,876,532"
5681,5,False,False,0->0,,,,,16,880,"975,493,815,198,20"
5682,5,False,False,0->0,,,,,16,1151,"902,779,135,624,312"
5683,5,False,False,0->0,,,,,16,563,"280,636,793,949,508"
5684,5,False,False,0->0,,,,,16,967,"48,9,493,524,861"
5685,5,False,False,0->0,,,,,16,864,"686,160,96,308,268"
5686,5,False,False,0->0,,,,,16,615,"396,986,247,681,13"
5687,5,False,False,0->0,,,,,16,343,"99,855,977,178,959"
5688,5,False,False,0->0,,,,,16,723,"867,405,211,622,238"
5689,5,False,False,0->0,,,,,16,395,"48,325,26,617,314"
5690,5,False,False,0->0,,,,,16,483,"795,408,394,560,443"
5691,5,False,False,0->0,,,,,16,834,"156,387,588,458,259"
5692,5,False,False,0->0,,,,,16,1010,"84,2,646,549,972"
5693,5,False,False,0->0,,,,,16,436,"990,718,895,280,857"
5694,5,False,False,0->0,,,,,16,334,"143,771,790,588,878"
5695,5,False,False,0->0,,,,,16,526,"472,528,448,263,143"
5697,5,False,False,0->0,,,,,16,421,"410,711,528,956,796"
5698,5,False,False,0->0,,,,,16,1314,"504,678,604,77,376"
5699,5,False,False,0->0,,,,,16,1037,"937,842,891,226,827"
5701,5,False,False,0->0,,,,,16,731,"157,409,46,620,307"
5704,5,False,False,0->0,,,,,16,1197,"584,995,756,811,887"
5705,5,False,False,0->0,,,,,16,542,"572,531,247,632,116"
5706,5,False,False,0->0,,,,,16,1348,"434,544,960,138,159"
5707,5,False,False,0->0,,,,,16,1049,"829,236,226,457,381"
5708,5,False,False,0->0,,,,,16,513,"267,77,112,131,692"
5709,5,False,False,0->0,,,,,16,332,"333,972,373,672,267"
5711,5,False,False,0->0,,,,,16,677,"324,970,811,338,434"
5712,5,False,False,0->0,,,,,16,1186,"259,604,933,362,724"
5713,5,False,False,0->0,,,,,16,1092,"731,405,788,505,678"
5715,5,False,False,0->0,,,,,16,275,"686,806,836,804,992"
5716,5,False,False,0->0,,,,,16,899,"558,518,284,506,447"
5718,5,False,False,0->0,,,,,16,901,"637,357,879,995,720"
5720,5,False,False,0->0,,,,,16,934,"40,837,411,520,548"
5721,5,False,False,0->0,,,,,16,922,"316,150,270,447,304"
5722,5,False,False,0->0,,,,,16,1402,"147,446,321,776,888"
5723,5,False,False,0->0,,,,,16,804,"601,792,986,543,767"
5724,5,False,False,0->0,,,,,16,1653,"194,216,261,108,703"
5725,5,False,False,0->0,,,,,16,285,"207,658,276,765,344"
5726,5,False,False,0->0,,,,,16,414,"892,855,919,247,299"
5727,5,False,False,0->0,,,,,16,1007,"548,861,907,955,50"
5729,5,False,False,0->0,,,,,16,476,"271,420,993,795,288"
5730,5,False,False,0->0,,,,,16,966,"906,389,782,824,493"
5731,5,False,False,0->0,,,,,16,553,"475,436,828,584,583"
5732,5,False,False,0->0,,,,,16,1439,"155,551,313,614,165"
5735,5,False,False,0->0,,,,,16,1449,"147,659,595,673,248"
5736,5,False,False,0->0,,,,,16,825,"548,376,127,537,697"
5738,5,False,False,0->0,,,,,16,763,"324,220,745,690,739"
5739,5,False,False,0->0,,,,,16,1802,"363,250,253,900,739"
5740,5,False,False,0->0,,,,,16,586,"782,993,834,791,169"
5741,5,False,False,0->0,,,,,16,1108,"642,119,467,770,194"
5744,5,False,False,0->0,,,,,16,968,"614,504,205,877,612"
5746,5,False,False,0->0,,,,,16,531,"107,537,898,655,74"
5748,5,False,False,0->0,,,,,16,732,"125,453,387,150,815"
5749,5,False,False,0->0,,,,,16,518,"686,530,96,861,454"
5753,5,False,False,0->0,,,,,16,1443,"55,760,953,489,735"
5754,5,False,False,0->0,,,,,16,498,"496,515,677,975,754"
5755,5,False,False,0->0,,,,,16,1282,"874,922,794,577,212"
5756,5,False,False,0->0,,,,,16,530,"929,804,25,667,888"
5757,5,False,False,0->0,,,,,16,901,"56,397,172,221,171"
5759,5,False,False,0->0,,,,,16,1219,"347,350,589,598,158"
5762,5,False,False,0->0,,,,,16,809,"251,171,9,789,440"
5763,5,False,False,0->0,,,,,16,1096,"842,38,392,542,434"
5764,5,False,False,0->0,,,,,16,469,"771,392,695,501,148"
5766,5,False,False,0->0,,,,,16,681,"135,640,372,796,171"
5767,5,False,False,0->0,,,,,16,542,"445,137,702,225,555"
5768,5,False,False,0->0,,,,,16,1072,"772,355,374,835,87"
5770,5,False,False,0->0,,,,,16,742,"8,720,763,757,255"
5771,5,False,False,0->0,,,,,16,683,"914,47,185,495,362"
5772,5,False,False,0->0,,,,,16,642,"597,122,619,547,396"
5774,5,False,False,0->0,,,,,16,646,"926,390,930,68,479"
5775,5,False,False,0->0,,,,,16,873,"220,984,39,790,259"
5776,5,False,False,0->0,,,,,16,1033,"700,474,755,121,797"
5777,5,False,False,0->0,,,,,16,969,"632,519,469,319,663"
5779,5,False,False,0->0,,,,,16,613,"383,982,862,47,81"
5780,5,False,False,0->0,,,,,16,973,"97,661,681,518,501"
5781,5,False,False,0->0,,,,,16,811,"36,749,107,699,794"
5782,5,False,False,0->0,,,,,16,651,"206,436,859,428,159"
5784,5,False,False,0->0,,,,,16,418,"687,828,956,886,205"
5785,5,False,False,0->0,,,,,16,1514,"658,350,136,460,746"
5786,5,False,False,0->0,,,,,16,832,"955,192,360,589,988"
5789,5,False,False,0->0,,,,,16,875,"43,850,395,487,56"
5790,5,False,False,0->0,,,,,16,1167,"488,17,857,206,255"
5792,5,False,False,0->0,,,,,16,849,"796,655,453,409,439"
5795,5,False,False,0->0,,,,,16,396,"538,571,704,338,218"
5796,5,False,False,0->0,,,,,16,955,"378,887,772,672,63"
5797,5,False,False,0->0,,,,,16,1736,"157,257,703,547,140"
5799,5,False,False,0->0,,,,,16,789,"886,23,512,90,496"
5800,5,False,False,0->0,,,,,16,1565,"544,420,710,629,899"
5801,5,False,False,0->0,,,,,16,250,"271,496,921,890,58"
5803,5,False,False,0->0,,,,,16,2082,"88,651,419,416,888"
5804,5,False,False,0->0,,,,,16,654,"913,391,205,944,624"
5805,5,False,False,0->0,,,,,16,604,"205,754,270,564,545"
5806,5,False,False,0->0,,,,,16,1154,"395,989,793,119,145"
5807,5,False,False,0->0,,,,,16,584,"337,718,60,620,418"
5808,5,False,False,0->0,,,,,16,515,"207,955,156,486,49"
5809,5,False,False,0->0,,,,,16,1714,"88,661,51,173,913"
5810,5,False,False,0->0,,,,,16,936,"723,640,973,890,276"
5811,5,False,False,0->0,,,,,16,534,"241,712,953,519,178"
5812,5,False,False,0->0,,,,,16,727,"872,804,228,855,826"
5814,5,False,False,0->0,,,,,16,585,"718,563,620,242,101"
5816,5,False,False,0->0,,,,,16,890,"251,988,941,586,318"
5817,5,False,False,0->0,,,,,16,1145,"282,874,793,722,24"
5818,5,False,False,0->0,,,,,16,933,"933,597,589,974,848"
5820,5,False,False,0->0,,,,,16,918,"282,21,966,48,288"
5821,5,False,False,0->0,,,,,16,576,"854,497,783,883,788"
5823,5,False,False,0->0,,,,,16,966,"953,488,309,854,989"
5824,5,False,False,0->0,,,,,16,943,"274,741,924,69,887"
5826,5,False,False,0->0,,,,,16,810,"815,652,756,674,7"
5827,5,False,False,0->0,,,,,16,905,"138,917,332,805,357"
5828,5,False,False,0->0,,,,,16,770,"615,549,1000,772,288"
5829,5,False,False,0->0,,,,,16,521,"394,293,656,830,166"
5830,5,False,False,0->0,,,,,16,639,"844,27,144,649,85"
5831,5,False,False,0->0,,,,,16,1046,"495,272,572,934,767"
5833,5,True,True,1->1,0.0846322965210502,0.0887931769959151,3.1561102381912898,3.052821718694852,16,517,"347,511,699,77,120"
5834,5,False,False,0->0,,,,,16,947,"291,733,908,277,867"
5835,5,False,False,0->0,,,,,16,390,"380,541,957,951,18"
5836,5,False,False,0->0,,,,,16,846,"972,725,437,818,495"
5837,5,False,False,0->0,,,,,16,715,"972,975,818,804,493"
5839,5,False,False,0->0,,,,,16,315,"952,222,990,565,852"
5840,5,False,False,0->0,,,,,16,987,"697,401,307,178,366"
5842,5,False,False,0->0,,,,,16,362,"409,952,919,954,781"
5844,5,False,False,0->0,,,,,16,1083,"661,291,697,944,333"
5845,5,False,False,0->0,,,,,16,1280,"971,344,930,388,222"
5846,5,False,False,0->0,,,,,16,878,"915,368,949,635,196"
5848,5,False,False,0->0,,,,,16,504,"17,263,523,816,586"
5849,5,False,False,0->0,,,,,16,501,"261,623,622,43,920"
5850,5,False,False,0->0,,,,,16,443,"179,293,649,620,369"
5851,5,False,False,0->0,,,,,16,246,"875,736,167,491,524"
5852,5,False,False,0->0,,,,,16,780,"801,463,524,473,69"
5855,5,False,False,0->0,,,,,16,743,"785,178,8,403,769"
5856,5,False,False,0->0,,,,,16,444,"733,622,786,500,555"
5857,5,False,False,0->0,,,,,16,1371,"45,797,488,900,975"
5858,5,False,False,0->0,,,,,16,695,"958,650,8,208,40"
5860,5,False,False,0->0,,,,,16,490,"592,660,814,355,589"
5861,5,False,False,0->0,,,,,16,910,"853,1000,315,797,379"
5863,5,False,False,0->0,,,,,16,426,"481,755,526,957,806"
5864,5,False,False,0->0,,,,,16,646,"277,301,62,61,448"
5865,5,False,False,0->0,,,,,16,282,"810,137,646,475,786"
5866,5,False,False,0->0,,,,,16,378,"511,156,613,557,899"
5868,5,False,False,0->0,,,,,16,1191,"515,350,12,109,704"
5869,5,False,False,0->0,,,,,16,1553,"388,915,697,210,50"
5870,5,False,False,0->0,,,,,16,776,"902,91,866,417,498"
5871,5,False,False,0->0,,,,,16,1370,"72,168,447,388,649"
5873,5,False,False,0->0,,,,,16,1013,"178,755,7,67,264"
5874,5,False,False,0->0,,,,,16,596,"765,243,99,843,823"
5875,5,False,False,0->0,,,,,16,571,"815,161,137,122,495"
5876,5,False,False,0->0,,,,,16,699,"255,190,247,307,233"
5878,5,False,False,0->0,,,,,16,955,"70,720,375,106,733"
5879,5,False,False,0->0,,,,,16,277,"87,410,931,373,752"
5880,5,False,False,0->0,,,,,16,303,"70,818,195,167,429"
5882,5,False,False,0->0,,,,,16,858,"221,49,504,580,357"
5883,5,False,False,0->0,,,,,16,1641,"879,928,728,145,221"
5884,5,False,False,0->0,,,,,16,1072,"763,426,84,560,128"
5886,5,False,False,0->0,,,,,16,1075,"485,93,930,179,357"
5887,5,False,False,0->0,,,,,16,580,"805,750,915,103,190"
5889,5,False,False,0->0,,,,,16,415,"947,823,11,347,4"
5890,5,False,False,0->0,,,,,16,855,"770,988,456,587,681"
5891,5,False,False,0->0,,,,,16,367,"86,100,93,526,506"
5892,5,False,False,0->0,,,,,16,1313,"891,3,922,172,649"
5893,5,False,False,0->0,,,,,16,731,"99,590,587,352,862"
5894,5,False,False,0->0,,,,,16,1474,"95,92,38,735,629"
5895,5,False,False,0->0,,,,,16,967,"422,166,785,860,111"
5896,5,False,False,0->0,,,,,16,978,"460,767,396,843,593"
5897,5,False,False,0->0,,,,,16,538,"957,301,456,510,108"
5898,5,False,False,0->0,,,,,16,398,"787,323,126,737,107"
5900,5,False,False,0->0,,,,,16,549,"948,472,410,206,6"
5904,5,False,False,0->0,,,,,16,856,"985,152,197,584,959"
5905,5,False,False,0->0,,,,,16,732,"194,436,338,977,404"
5907,5,False,False,0->0,,,,,16,981,"814,152,375,447,382"
5908,5,False,False,0->0,,,,,16,487,"678,492,742,999,407"
5909,5,False,False,0->0,,,,,16,705,"248,486,520,39,546"
5910,5,False,False,0->0,,,,,16,915,"517,605,495,762,209"
5911,5,False,False,0->0,,,,,16,502,"754,622,908,13,465"
5912,5,False,False,0->0,,,,,16,1461,"279,896,505,829,421"
5914,5,False,False,0->0,,,,,16,935,"396,335,828,883,513"
5915,5,False,False,0->0,,,,,16,705,"779,702,32,782,220"
5916,5,False,False,0->0,,,,,16,850,"446,866,107,845,178"
5917,5,False,False,0->0,,,,,16,553,"303,90,646,884,168"
5918,5,False,False,0->0,,,,,16,1593,"80,652,330,55,764"
5919,5,False,False,0->0,,,,,16,896,"729,11,583,551,264"
5920,5,False,False,0->0,,,,,16,536,"176,933,731,426,555"
5921,5,False,False,0->0,,,,,16,880,"411,139,731,431,635"
5922,5,False,False,0->0,,,,,16,1414,"445,567,173,887,390"
5923,5,False,False,0->0,,,,,16,680,"164,182,50,156,992"
5924,5,False,False,0->0,,,,,16,974,"705,344,390,750,165"
5925,5,False,False,0->0,,,,,16,328,"357,781,212,794,434"
5926,5,False,False,0->0,,,,,16,343,"775,274,355,189,205"
5927,5,False,False,0->0,,,,,16,834,"643,318,381,975,707"
5929,5,False,False,0->0,,,,,16,2032,"879,398,843,590,363"
5930,5,False,False,0->0,,,,,16,1047,"899,95,626,851,861"
5931,5,False,False,0->0,,,,,16,489,"77,185,993,414,74"
5932,5,False,False,0->0,,,,,16,439,"586,770,859,74,893"
5933,5,False,False,0->0,,,,,16,757,"1,271,108,86,663"
5935,5,False,False,0->0,,,,,16,599,"2,994,762,691,499"
5936,5,False,False,0->0,,,,,16,593,"895,173,137,37,720"
5937,5,False,False,0->0,,,,,16,419,"533,885,926,436,915"
5938,5,False,False,0->0,,,,,16,465,"595,12,446,43,241"
5939,5,False,False,0->0,,,,,16,925,"830,873,79,214,971"
5940,5,False,False,0->0,,,,,16,1229,"806,84,288,771,447"
5942,5,False,False,0->0,,,,,16,809,"570,740,374,940,951"
5943,5,False,False,0->0,,,,,16,809,"709,192,911,653,941"
5944,5,False,False,0->0,,,,,16,1190,"768,185,265,248,874"
5945,5,False,False,0->0,,,,,16,573,"12,440,425,87,673"
5949,5,False,False,0->0,,,,,16,545,"479,134,694,257,867"
5950,5,False,False,0->0,,,,,16,634,"130,263,595,145,599"
5951,5,False,False,0->0,,,,,16,1237,"72,835,210,969,993"
5952,5,False,False,0->0,,,,,16,741,"210,969,514,951,606"
5954,5,False,False,0->0,,,,,16,503,"830,771,307,884,858"
5955,5,False,False,0->0,,,,,16,941,"463,986,616,718,782"
5956,5,False,False,0->0,,,,,16,1183,"53,229,853,338,395"
5957,5,False,False,0->0,,,,,16,629,"9,977,553,924,617"
5958,5,False,False,0->0,,,,,16,1074,"2,452,302,738,368"
5959,5,False,False,0->0,,,,,16,943,"431,670,120,852,135"
5960,5,False,False,0->0,,,,,16,669,"267,754,803,501,455"
5961,5,False,False,0->0,,,,,16,1101,"753,974,304,62,749"
5962,5,False,False,0->0,,,,,16,1536,"274,482,419,177,780"
5963,5,False,False,0->0,,,,,16,381,"193,446,957,865,226"
5964,5,False,False,0->0,,,,,16,763,"634,248,940,443,132"
5965,5,False,False,0->0,,,,,16,327,"870,818,564,261,507"
5966,5,False,False,0->0,,,,,16,1301,"113,823,616,871,93"
5968,5,False,False,0->0,,,,,16,1199,"941,218,978,485,45"
5969,5,False,False,0->0,,,,,16,981,"3,686,51,870,625"
5971,5,False,False,0->0,,,,,16,783,"245,987,983,407,393"
5972,5,False,False,0->0,,,,,16,636,"83,96,759,245,422"
5973,5,False,False,0->0,,,,,16,1280,"729,350,554,703,308"
5974,5,False,False,0->0,,,,,16,349,"15,736,179,303,950"
5975,5,False,False,0->0,,,,,16,1014,"732,497,45,285,764"
5976,5,False,False,0->0,,,,,16,508,"116,337,288,433,952"
5978,5,False,False,0->0,,,,,16,743,"909,556,652,132,610"
5979,5,False,False,0->0,,,,,16,1116,"605,91,199,690,426"
5981,5,False,False,0->0,,,,,16,1071,"168,631,887,563,42"
5983,5,False,False,0->0,,,,,16,549,"761,508,768,713,757"
5984,5,False,False,0->0,,,,,16,723,"712,382,611,434,499"
5986,5,False,False,0->0,,,,,16,900,"862,601,474,987,884"
5987,5,False,False,0->0,,,,,16,627,"74,392,56,135,491"
5991,5,False,False,0->0,,,,,16,1344,"313,463,217,111,599"
5992,5,False,False,0->0,,,,,16,440,"460,614,13,439,479"
5993,5,False,False,0->0,,,,,16,852,"621,436,280,288,678"
5994,5,False,False,0->0,,,,,16,604,"224,885,688,498,310"
5995,5,False,False,0->0,,,,,16,654,"72,902,580,131,416"
5996,5,False,False,0->0,,,,,16,874,"860,855,964,233,54"
5997,5,False,False,0->0,,,,,16,909,"333,959,675,208,829"
5998,5,False,False,0->0,,,,,16,1491,"398,571,64,717,544"
5999,5,False,False,0->0,,,,,16,543,"469,786,241,263,667"
6001,5,False,False,0->0,,,,,16,434,"254,385,184,54,914"
6003,5,False,False,0->0,,,,,16,745,"914,347,610,785,117"
6004,5,False,False,0->0,,,,,16,726,"961,548,479,631,803"
6006,5,False,False,0->0,,,,,16,663,"310,580,137,670,368"
6007,5,False,False,0->0,,,,,16,348,"382,274,695,159,606"
6008,5,False,False,0->0,,,,,16,327,"74,342,707,492,854"
6009,5,False,False,0->0,,,,,16,716,"555,762,19,549,760"
6011,5,False,False,0->0,,,,,16,765,"689,654,214,259,854"
6012,5,False,False,0->0,,,,,16,788,"58,549,298,832,290"
6013,5,False,False,0->0,,,,,16,1361,"289,605,405,160,522"
6016,5,False,False,0->0,,,,,16,1810,"721,471,229,505,485"
6017,5,False,False,0->0,,,,,16,325,"978,2,236,498,984"
6018,5,False,False,0->0,,,,,16,921,"459,722,425,355,163"
6019,5,False,False,0->0,,,,,16,400,"393,261,890,246,433"
6020,5,False,False,0->0,,,,,16,239,"707,387,589,305,203"
6021,5,False,False,0->0,,,,,16,184,"907,950,156,176,589"
6023,5,False,False,0->0,,,,,16,1445,"141,998,776,235,908"
6024,5,False,False,0->0,,,,,16,753,"272,49,755,212,364"
6025,5,False,False,0->0,,,,,16,293,"674,638,333,528,752"
6026,5,False,False,0->0,,,,,16,899,"51,906,968,838,381"
6029,5,False,False,0->0,,,,,16,667,"787,8,552,654,423"
6030,5,False,False,0->0,,,,,16,879,"217,141,394,746,200"
6031,5,False,False,0->0,,,,,16,919,"184,649,672,485,120"
6032,5,False,False,0->0,,,,,16,955,"581,568,693,495,178"
6033,5,False,False,0->0,,,,,16,526,"429,63,775,7,57"
6034,5,False,False,0->0,,,,,16,603,"224,736,72,828,223"
6035,5,False,False,0->0,,,,,16,1056,"174,680,412,758,760"
6036,5,False,False,0->0,,,,,16,1173,"53,891,873,264,252"
6038,5,False,False,0->0,,,,,16,1157,"818,437,160,9,755"
6039,5,False,False,0->0,,,,,16,1187,"186,145,140,14,505"
6041,5,False,False,0->0,,,,,16,473,"588,314,116,966,609"
6042,5,False,False,0->0,,,,,16,831,"165,204,369,56,384"
6047,5,False,False,0->0,,,,,16,633,"506,733,517,761,828"
6048,5,False,False,0->0,,,,,16,365,"593,394,897,568,597"
6049,5,False,False,0->0,,,,,16,623,"888,139,553,80,693"
6050,5,False,False,0->0,,,,,12,683,"635,837,155,6,103"
6051,5,False,False,0->0,,,,,16,984,"85,976,945,993,835"
6052,5,False,False,0->0,,,,,16,1014,"634,172,984,467,597"
6053,5,False,False,0->0,,,,,16,699,"105,274,344,716,340"
6056,5,False,False,0->0,,,,,16,845,"962,384,381,978,176"
6057,5,False,False,0->0,,,,,16,777,"672,206,132,994,370"
6058,5,False,False,0->0,,,,,16,703,"920,688,539,678,734"
6060,5,False,False,0->0,,,,,16,1763,"333,544,248,629,291"
6061,5,False,False,0->0,,,,,16,1430,"964,398,979,380,388"
6062,5,False,False,0->0,,,,,16,502,"472,24,106,690,666"
6063,5,False,False,0->0,,,,,16,907,"469,702,358,661,804"
6064,5,False,False,0->0,,,,,16,392,"228,952,305,31,615"
6065,5,False,False,0->0,,,,,16,652,"243,797,445,252,982"
6066,5,False,False,0->0,,,,,16,1275,"164,414,740,344,313"
6069,5,False,False,0->0,,,,,16,1244,"392,376,634,553,431"
6071,5,False,False,0->0,,,,,16,783,"69,861,508,78,713"
6072,5,False,False,0->0,,,,,16,1168,"620,82,264,202,344"
6073,5,False,False,0->0,,,,,16,815,"696,82,742,706,872"
6074,5,False,False,0->0,,,,,16,1522,"12,81,964,917,76"
6076,5,False,False,0->0,,,,,16,724,"235,569,500,783,103"
6077,5,False,False,0->0,,,,,16,602,"492,903,479,312,796"
6079,5,False,False,0->0,,,,,16,778,"995,495,913,269,713"
6081,5,False,False,0->0,,,,,16,507,"587,43,713,316,426"
6082,5,False,False,0->0,,,,,16,597,"990,630,25,11,214"
6083,5,False,False,0->0,,,,,16,592,"528,357,270,91,515"
6084,5,False,False,0->0,,,,,16,986,"497,152,669,441,368"
6086,5,False,False,0->0,,,,,16,932,"951,277,252,45,987"
6087,5,False,False,0->0,,,,,16,1241,"419,218,346,513,425"
6089,5,False,False,0->0,,,,,16,1151,"305,927,735,49,942"
6090,5,False,False,0->0,,,,,16,907,"236,521,695,163,496"
6091,5,False,False,0->0,,,,,16,967,"13,657,421,429,574"
6092,5,False,False,0->0,,,,,16,273,"771,59,120,389,76"
6093,5,False,False,0->0,,,,,16,589,"720,837,629,211,732"
6094,5,False,False,0->0,,,,,16,540,"591,44,369,953,131"
6095,5,False,False,0->0,,,,,16,650,"573,542,899,990,158"
6096,5,False,False,0->0,,,,,16,704,"490,50,568,523,539"
6097,5,False,False,0->0,,,,,16,1067,"801,344,472,822,21"
6098,5,False,False,0->0,,,,,16,609,"318,623,199,676,824"
6099,5,False,False,0->0,,,,,16,658,"654,851,308,636,710"
6100,5,False,False,0->0,,,,,16,1571,"706,209,524,817,764"
6101,5,False,False,0->0,,,,,16,1162,"111,1000,852,60,590"
6102,5,False,False,0->0,,,,,16,1207,"606,388,302,352,885"
6105,5,False,False,0->0,,,,,16,227,"531,247,696,222,602"
6108,5,False,False,0->0,,,,,16,1387,"964,359,843,934,733"
6109,5,False,False,0->0,,,,,16,850,"995,999,298,174,753"
6110,5,False,False,0->0,,,,,16,1127,"216,549,25,914,309"
6112,5,False,False,0->0,,,,,16,609,"675,947,905,398,942"
6113,5,False,False,0->0,,,,,16,664,"508,144,5,517,277"
6114,5,False,False,0->0,,,,,16,347,"862,31,156,699,4"
6115,5,False,False,0->0,,,,,16,761,"368,352,878,231,101"
6118,5,False,False,0->0,,,,,16,1094,"746,493,522,329,48"
6121,5,False,False,0->0,,,,,16,738,"850,319,699,265,686"
6123,5,False,False,0->0,,,,,16,816,"134,337,93,863,944"
6124,5,False,False,0->0,,,,,16,1409,"454,270,808,395,757"
6127,5,False,False,0->0,,,,,16,717,"369,728,96,235,794"
6129,5,False,False,0->0,,,,,16,864,"599,150,512,239,689"
6130,5,False,False,0->0,,,,,16,1177,"710,906,706,751,543"
6132,5,False,False,0->0,,,,,16,762,"808,180,662,732,486"
6133,5,False,False,0->0,,,,,16,1020,"522,210,262,718,387"
6134,5,False,False,0->0,,,,,16,711,"142,729,511,505,755"
6136,5,False,False,0->0,,,,,16,562,"190,194,65,317,791"
6137,5,False,False,0->0,,,,,16,972,"24,56,241,368,649"
6139,5,False,False,0->0,,,,,16,951,"67,655,81,454,320"
6140,5,False,False,0->0,,,,,16,310,"454,878,897,420,373"
6141,5,False,False,0->0,,,,,16,1421,"330,722,88,164,321"
6142,5,False,False,0->0,,,,,16,854,"221,655,403,200,755"
6143,5,False,False,0->0,,,,,16,464,"68,397,780,844,393"
6145,5,False,False,0->0,,,,,16,1229,"844,746,163,246,986"
6148,5,False,False,0->0,,,,,16,865,"827,815,674,445,150"
6149,5,False,False,0->0,,,,,16,208,"919,422,672,318,888"
6150,5,False,False,0->0,,,,,16,1589,"584,318,703,282,776"
6151,5,False,False,0->0,,,,,16,801,"109,919,922,446,309"
6153,5,False,False,0->0,,,,,16,695,"146,440,726,272,201"
6154,5,False,False,0->0,,,,,16,1030,"218,715,988,94,627"
6155,5,False,False,0->0,,,,,16,712,"853,453,656,751,110"
6156,5,False,False,0->0,,,,,16,658,"5,945,759,963,821"
6157,5,False,False,0->0,,,,,16,1368,"183,202,455,843,253"
6158,5,False,False,0->0,,,,,16,219,"293,167,935,692,362"
6160,5,False,False,0->0,,,,,16,580,"476,157,45,697,142"
6161,5,False,False,0->0,,,,,16,295,"107,126,446,791,530"
6162,5,False,False,0->0,,,,,16,766,"831,443,37,673,106"
6164,5,False,False,0->0,,,,,16,412,"223,633,346,686,54"
6166,5,False,False,0->0,,,,,16,1023,"358,329,468,221,798"
6170,5,False,False,0->0,,,,,16,223,"247,715,527,851,587"
6171,5,False,False,0->0,,,,,16,932,"598,954,1,47,224"
6172,5,False,False,0->0,,,,,16,1062,"180,395,54,285,906"
6174,5,False,False,0->0,,,,,16,659,"324,853,519,5,757"
6176,5,False,False,0->0,,,,,16,1866,"428,44,578,659,204"
6177,5,False,False,0->0,,,,,16,610,"438,225,649,150,223"
6178,5,False,False,0->0,,,,,16,1445,"257,119,874,613,262"
6179,5,False,False,0->0,,,,,16,893,"803,60,624,688,582"
6180,5,False,False,0->0,,,,,16,694,"771,546,360,896,566"
6181,5,False,False,0->0,,,,,16,700,"245,410,567,76,736"
6182,5,False,False,0->0,,,,,16,308,"899,2,333,522,691"
6183,5,False,False,0->0,,,,,16,592,"436,426,179,42,704"
6184,5,False,False,0->0,,,,,16,525,"195,41,513,681,775"
6187,5,False,False,0->0,,,,,16,681,"42,73,995,40,695"
6188,5,False,False,0->0,,,,,16,1084,"831,937,453,681,798"
6190,5,False,False,0->0,,,,,16,1447,"861,445,827,392,863"
6191,5,False,False,0->0,,,,,16,1045,"573,702,927,260,876"
6192,5,False,False,0->0,,,,,16,450,"589,383,267,77,537"
6193,5,False,False,0->0,,,,,16,627,"373,832,174,911,277"
6195,5,False,False,0->0,,,,,16,884,"319,392,708,47,740"
6196,5,False,False,0->0,,,,,16,562,"648,957,121,122,699"
6198,5,False,False,0->0,,,,,16,413,"680,344,190,305,538"
6199,5,False,False,0->0,,,,,16,1304,"532,968,735,408,981"
6201,5,False,False,0->0,,,,,16,1023,"808,72,120,989,243"
6202,5,False,False,0->0,,,,,16,765,"917,211,538,29,249"
6203,5,False,False,0->0,,,,,16,793,"612,710,221,836,910"
6204,5,False,False,0->0,,,,,16,1136,"199,166,896,429,853"
6206,5,False,False,0->0,,,,,16,997,"740,643,691,164,397"
6209,5,False,False,0->0,,,,,16,1021,"325,575,55,309,848"
6210,5,False,False,0->0,,,,,16,795,"746,646,122,251,473"
6211,5,False,False,0->0,,,,,16,1020,"744,953,135,19,477"
6212,5,False,False,0->0,,,,,16,1595,"657,233,272,164,941"
6213,5,False,False,0->0,,,,,16,574,"106,725,322,416,563"
6214,5,False,False,0->0,,,,,16,1732,"871,659,910,757,225"
6215,5,False,False,0->0,,,,,16,958,"547,990,157,594,288"
6216,5,False,False,0->0,,,,,16,473,"206,790,692,76,777"
6217,5,False,False,0->0,,,,,16,708,"394,423,54,208,178"
6218,5,False,False,0->0,,,,,16,446,"861,568,298,950,461"
6219,5,False,False,0->0,,,,,16,486,"178,130,905,566,146"
6220,5,False,False,0->0,,,,,16,557,"456,597,241,95,1000"
6221,5,False,False,0->0,,,,,16,1262,"434,64,290,968,495"
6222,5,False,False,0->0,,,,,16,709,"58,346,460,171,680"
6223,5,False,False,0->0,,,,,16,938,"928,821,15,337,637"
6225,5,False,False,0->0,,,,,16,819,"73,483,175,493,137"
6226,5,False,False,0->0,,,,,16,905,"222,517,168,876,850"
6227,5,False,False,0->0,,,,,16,447,"715,631,597,662,13"
6228,5,False,False,0->0,,,,,16,1302,"268,24,437,338,216"
6229,5,False,False,0->0,,,,,16,1115,"453,863,753,581,357"
6231,5,False,False,0->0,,,,,16,390,"989,425,658,11,457"
6232,5,False,False,0->0,,,,,16,1054,"194,875,495,672,758"
6233,5,False,False,0->0,,,,,16,1104,"959,185,974,312,830"
6234,5,False,False,0->0,,,,,16,496,"767,589,436,268,970"
6236,5,False,False,0->0,,,,,16,681,"723,410,618,689,327"
6237,5,False,False,0->0,,,,,16,1565,"626,549,833,447,9"
6239,5,False,False,0->0,,,,,16,1280,"803,927,859,578,9"
6240,5,False,False,0->0,,,,,16,750,"16,322,43,616,36"
6242,5,False,False,0->0,,,,,16,789,"103,571,461,160,465"
6243,5,False,False,0->0,,,,,16,1303,"930,944,962,347,482"
6244,5,False,False,0->0,,,,,16,1039,"154,133,473,200,569"
6245,5,False,False,0->0,,,,,16,413,"429,82,332,638,33"
6246,5,False,False,0->0,,,,,16,788,"724,714,48,160,672"
6247,5,False,False,0->0,,,,,16,653,"790,1000,85,190,284"
6248,5,False,False,0->0,,,,,16,1073,"111,491,329,320,474"
6250,5,False,False,0->0,,,,,16,563,"615,32,27,597,90"
6251,5,False,False,0->0,,,,,16,741,"122,98,786,362,197"
6252,5,False,False,0->0,,,,,16,1666,"933,567,551,485,808"
6254,5,False,False,0->0,,,,,16,1362,"954,431,67,673,140"
6256,5,False,False,0->0,,,,,16,1189,"548,714,885,786,657"
6257,5,False,False,0->0,,,,,16,716,"736,197,924,182,22"
6258,5,False,False,0->0,,,,,16,565,"65,772,958,179,423"
6261,5,False,False,0->0,,,,,16,1376,"230,309,601,952,738"
6262,5,False,False,0->0,,,,,16,1522,"273,181,493,264,391"
6263,5,False,False,0->0,,,,,16,795,"726,364,67,921,674"
6264,5,False,False,0->0,,,,,16,829,"833,633,40,65,113"
6265,5,False,False,0->0,,,,,16,818,"332,630,897,315,52"
6267,5,False,False,0->0,,,,,16,539,"442,617,117,167,428"
6268,5,False,False,0->0,,,,,16,553,"70,426,42,836,442"
6269,5,False,False,0->0,,,,,16,888,"249,363,392,784,393"
6270,5,False,False,0->0,,,,,16,234,"169,403,369,122,836"
6271,5,False,False,0->0,,,,,16,558,"79,712,61,649,786"
6273,5,False,False,0->0,,,,,16,429,"111,981,107,497,961"
6274,5,False,False,0->0,,,,,16,722,"173,365,283,362,629"
6275,5,False,False,0->0,,,,,16,362,"397,873,640,315,250"
6277,5,False,False,0->0,,,,,16,1217,"823,92,569,661,448"
6278,5,False,False,0->0,,,,,16,385,"699,184,842,905,96"
6280,5,False,False,0->0,,,,,16,403,"945,461,906,944,422"
6281,5,False,False,0->0,,,,,16,1257,"631,114,969,163,530"
6282,5,False,False,0->0,,,,,16,1066,"667,239,413,318,3"
6285,5,False,False,0->0,,,,,16,1155,"828,224,994,357,590"
6288,5,False,False,0->0,,,,,16,536,"269,737,954,548,884"
6289,5,False,False,0->0,,,,,16,1374,"156,779,291,928,782"
6290,5,False,False,0->0,,,,,16,673,"646,935,511,994,685"
6292,5,False,False,0->0,,,,,16,606,"929,877,279,272,429"
6294,5,False,False,0->0,,,,,16,1409,"444,55,19,582,359"
6296,5,False,False,0->0,,,,,16,986,"109,513,198,352,753"
6298,5,False,False,0->0,,,,,16,790,"649,171,1,372,346"
6299,5,False,False,0->0,,,,,16,1012,"416,808,251,555,383"
6300,5,False,False,0->0,,,,,16,904,"667,447,960,656,225"
6301,5,False,False,0->0,,,,,16,1103,"716,744,490,858,456"
6302,5,False,False,0->0,,,,,16,1032,"355,791,643,802,68"
6303,5,False,False,0->0,,,,,16,467,"168,86,142,218,824"
6305,5,False,False,0->0,,,,,16,440,"958,1,212,587,195"
6306,5,False,False,0->0,,,,,16,1325,"216,750,87,677,830"
6307,5,False,False,0->0,,,,,16,978,"818,840,653,102,5"
6308,5,False,False,0->0,,,,,16,895,"32,907,165,490,920"
6309,5,False,False,0->0,,,,,16,611,"352,232,355,346,160"
6310,5,False,False,0->0,,,,,16,616,"873,26,20,629,203"
6311,5,False,False,0->0,,,,,16,559,"656,663,523,877,990"
6312,5,False,False,0->0,,,,,16,226,"801,949,786,232,731"
6313,5,False,False,0->0,,,,,16,521,"382,655,637,838,523"
6314,5,False,False,0->0,,,,,16,781,"992,263,1000,802,852"
6318,5,False,False,0->0,,,,,16,668,"613,944,877,86,370"
6319,5,False,False,0->0,,,,,16,413,"330,860,981,491,385"
6320,5,False,False,0->0,,,,,16,390,"374,2,704,184,156"
6321,5,False,False,0->0,,,,,16,397,"801,792,415,18,541"
6325,5,False,False,0->0,,,,,16,849,"1,322,756,90,314"
6326,5,False,False,0->0,,,,,16,445,"506,695,931,629,176"
6327,5,False,False,0->0,,,,,16,1021,"805,833,680,164,421"
6329,5,False,False,0->0,,,,,16,473,"842,87,705,494,498"
6332,5,False,False,0->0,,,,,16,1083,"632,316,454,843,114"
6333,5,False,False,0->0,,,,,16,781,"984,90,1,545,636"
6334,5,False,False,0->0,,,,,16,841,"570,788,844,802,546"
6335,5,False,False,0->0,,,,,16,567,"121,793,752,229,767"
6337,5,False,False,0->0,,,,,16,966,"93,941,624,622,378"
6338,5,False,False,0->0,,,,,16,1243,"119,835,610,942,93"
6339,5,False,False,0->0,,,,,16,473,"1000,101,69,310,315"
6340,5,False,False,0->0,,,,,16,863,"623,331,541,329,953"
6341,5,False,False,0->0,,,,,16,354,"919,158,940,442,666"
6342,5,False,False,0->0,,,,,16,894,"725,761,19,2,618"
6344,5,False,False,0->0,,,,,16,621,"405,132,603,762,814"
6345,5,False,False,0->0,,,,,16,583,"204,528,539,190,451"
6346,5,False,False,0->0,,,,,16,663,"171,699,376,721,990"
6347,5,False,False,0->0,,,,,16,465,"534,56,101,180,24"
6348,5,False,False,0->0,,,,,16,659,"907,713,228,832,998"
6349,5,False,False,0->0,,,,,16,702,"950,80,917,762,915"
6350,5,False,False,0->0,,,,,16,1233,"577,859,477,982,863"
6351,5,False,False,0->0,,,,,16,497,"949,189,566,376,220"
6352,5,False,False,0->0,,,,,16,764,"42,423,208,247,803"
6353,5,False,False,0->0,,,,,16,737,"32,268,948,738,145"
6355,5,False,False,0->0,,,,,16,401,"515,135,850,934,76"
6356,5,False,False,0->0,,,,,16,783,"137,599,477,666,291"
6357,5,False,False,0->0,,,,,16,320,"794,961,622,960,921"
6359,5,False,False,0->0,,,,,16,895,"988,643,76,161,759"
6361,5,False,False,0->0,,,,,16,574,"76,8,465,775,639"
6362,5,False,False,0->0,,,,,16,519,"132,177,489,716,730"
6363,5,False,False,0->0,,,,,16,947,"681,148,577,892,372"
6364,5,False,False,0->0,,,,,16,381,"553,404,148,949,457"
6365,5,False,False,0->0,,,,,16,1059,"276,291,740,633,830"
6366,5,False,False,0->0,,,,,16,925,"380,499,262,584,855"
6367,5,False,False,0->0,,,,,16,1330,"143,114,56,960,822"
6368,5,False,False,0->0,,,,,16,962,"482,199,727,342,352"
6369,5,False,False,0->0,,,,,16,1019,"165,507,499,42,314"
6370,5,False,False,0->0,,,,,16,1057,"498,130,244,653,567"
6371,5,False,False,0->0,,,,,16,543,"961,573,392,640,768"
6372,5,False,False,0->0,,,,,16,612,"716,707,670,537,24"
6373,5,False,False,0->0,,,,,16,541,"862,650,226,11,288"
6374,5,False,False,0->0,,,,,16,901,"398,508,26,257,805"
6375,5,False,False,0->0,,,,,16,323,"33,235,457,914,23"
6376,5,False,False,0->0,,,,,16,1426,"302,52,527,938,313"
6377,5,False,False,0->0,,,,,16,972,"146,512,279,248,252"
6379,5,False,False,0->0,,,,,16,589,"730,387,198,1000,422"
6380,5,False,False,0->0,,,,,16,1001,"333,408,5,651,641"
6381,5,False,False,0->0,,,,,16,617,"277,730,678,317,158"
6382,5,False,False,0->0,,,,,16,479,"199,420,721,620,813"
6383,5,False,False,0->0,,,,,16,1291,"575,777,383,388,474"
6384,5,False,False,0->0,,,,,16,828,"255,933,760,813,753"
6385,5,False,False,0->0,,,,,16,1294,"249,871,189,835,78"
6386,5,False,False,0->0,,,,,16,879,"726,226,168,907,717"
6387,5,False,False,0->0,,,,,16,444,"356,702,316,179,729"
6388,5,False,False,0->0,,,,,16,1303,"254,591,236,877,84"
6389,5,False,False,0->0,,,,,16,583,"130,407,202,931,927"
6391,5,False,False,0->0,,,,,16,629,"914,81,786,412,832"
6393,5,False,False,0->0,,,,,16,1003,"168,36,866,966,639"
6394,5,False,False,0->0,,,,,16,419,"390,87,617,796,543"
6395,5,False,False,0->0,,,,,16,1200,"961,937,599,268,776"
6396,5,False,False,0->0,,,,,16,572,"111,563,737,500,4"
6397,5,False,False,0->0,,,,,16,1242,"950,805,556,405,395"
6398,5,False,False,0->0,,,,,16,870,"72,667,21,205,378"
6399,5,False,False,0->0,,,,,16,953,"389,615,21,726,321"
6400,5,False,False,0->0,,,,,16,1560,"521,868,350,41,735"
6401,5,False,False,0->0,,,,,16,626,"16,806,52,762,640"
6402,5,False,False,0->0,,,,,16,379,"178,898,714,223,832"
6403,5,False,False,0->0,,,,,16,1083,"320,503,844,710,133"
6405,5,False,False,0->0,,,,,16,504,"621,182,125,108,949"
6406,5,False,False,0->0,,,,,16,1185,"670,158,898,827,802"
6407,5,False,False,0->0,,,,,16,769,"439,694,499,173,338"
6409,5,False,False,0->0,,,,,16,787,"828,914,166,905,105"
6410,5,False,False,0->0,,,,,16,589,"842,282,630,303,614"
6411,5,False,False,0->0,,,,,16,988,"615,635,686,290,270"
6412,5,False,False,0->0,,,,,16,974,"421,533,447,831,147"
6413,5,False,False,0->0,,,,,16,496,"526,94,189,103,556"
6414,5,False,False,0->0,,,,,16,419,"873,100,6,226,897"
6416,5,False,False,0->0,,,,,16,716,"273,522,481,674,935"
6417,5,False,False,0->0,,,,,16,826,"379,310,62,726,662"
6418,5,False,False,0->0,,,,,16,725,"372,278,39,629,995"
6420,5,False,False,0->0,,,,,16,646,"355,356,231,768,320"
6421,5,False,False,0->0,,,,,16,1021,"532,718,312,429,749"
6422,5,False,False,0->0,,,,,16,310,"61,908,763,29,501"
6424,5,False,False,0->0,,,,,16,727,"692,600,574,657,222"
6425,5,False,False,0->0,,,,,16,823,"793,550,538,388,642"
6426,5,False,False,0->0,,,,,16,1528,"335,827,216,51,725"
6427,5,False,False,0->0,,,,,16,1210,"83,831,112,858,429"
6428,5,False,False,0->0,,,,,16,276,"617,538,870,790,492"
6429,5,False,False,0->0,,,,,16,1123,"597,157,731,397,140"
6431,5,False,False,0->0,,,,,16,531,"56,261,641,181,294"
6432,5,False,False,0->0,,,,,16,727,"667,801,522,131,495"
6433,5,False,False,0->0,,,,,16,706,"398,340,951,758,136"
6434,5,False,False,0->0,,,,,16,485,"460,248,978,610,382"
6435,5,False,False,0->0,,,,,16,464,"592,486,720,181,5"
6438,5,False,False,0->0,,,,,16,1035,"538,159,113,238,289"
6440,5,False,False,0->0,,,,,16,1722,"661,512,871,528,565"
6441,5,False,False,0->0,,,,,16,705,"688,505,985,323,705"
6443,5,False,False,0->0,,,,,16,528,"86,243,5,245,602"
6445,5,False,False,0->0,,,,,16,1275,"785,220,687,998,728"
6446,5,False,False,0->0,,,,,16,748,"15,100,177,180,802"
6447,5,False,False,0->0,,,,,16,368,"156,999,959,696,986"
6448,5,False,False,0->0,,,,,16,1186,"830,114,380,363,960"
6449,5,False,False,0->0,,,,,16,974,"601,583,872,495,661"
6451,5,False,False,0->0,,,,,16,973,"54,715,322,116,900"
6453,5,False,False,0->0,,,,,16,838,"324,969,401,651,642"
6455,5,False,False,0->0,,,,,16,830,"97,538,514,276,326"
6456,5,False,False,0->0,,,,,16,1042,"956,947,814,3,648"
6457,5,False,False,0->0,,,,,16,491,"77,177,661,47,977"
6458,5,False,False,0->0,,,,,16,946,"193,955,326,850,94"
6459,5,False,False,0->0,,,,,16,792,"581,144,74,606,3"
6460,5,False,False,0->0,,,,,16,769,"117,661,674,382,824"
6461,5,False,False,0->0,,,,,16,724,"668,154,621,929,613"
6462,5,False,False,0->0,,,,,16,1006,"867,874,246,564,960"
6463,5,False,False,0->0,,,,,16,982,"181,365,612,985,973"
6464,5,False,False,0->0,,,,,16,1364,"161,700,6,735,957"
6465,5,False,False,0->0,,,,,16,735,"722,892,195,38,451"
6467,5,False,False,0->0,,,,,16,359,"121,588,376,931,195"
6469,5,False,False,0->0,,,,,16,791,"546,743,386,582,681"
6471,5,False,False,0->0,,,,,16,1121,"505,802,588,875,695"
6472,5,False,False,0->0,,,,,16,744,"538,391,547,887,333"
6473,5,False,False,0->0,,,,,16,1239,"755,165,55,931,553"
6474,5,False,False,0->0,,,,,16,668,"211,11,641,496,392"
6475,5,False,False,0->0,,,,,16,762,"503,995,920,411,124"
6476,5,False,False,0->0,,,,,16,822,"408,79,718,847,152"
6477,5,False,False,0->0,,,,,16,353,"522,442,732,358,625"
6479,5,False,False,0->0,,,,,16,2078,"419,717,166,150,974"
6481,5,False,False,0->0,,,,,16,1015,"111,3,539,439,554"
6482,5,False,False,0->0,,,,,16,384,"169,222,423,451,391"
6483,5,False,False,0->0,,,,,16,845,"373,241,166,605,741"
6484,5,False,False,0->0,,,,,16,539,"425,867,147,770,469"
6485,5,False,False,0->0,,,,,16,777,"69,919,320,778,412"
6487,5,False,False,0->0,,,,,16,1286,"550,874,83,108,24"
6488,5,False,False,0->0,,,,,16,1101,"833,55,937,765,413"
6489,5,False,False,0->0,,,,,16,854,"326,250,31,416,235"
6490,5,False,False,0->0,,,,,16,879,"267,433,247,657,600"
6491,5,False,False,0->0,,,,,16,793,"277,93,291,142,581"
6492,5,False,False,0->0,,,,,16,663,"428,154,994,223,709"
6493,5,False,False,0->0,,,,,16,521,"616,287,50,475,553"
6494,5,False,False,0->0,,,,,16,980,"216,266,14,913,184"
6495,5,False,False,0->0,,,,,16,509,"87,44,851,686,963"
6496,5,False,False,0->0,,,,,16,846,"803,917,679,824,483"
6497,5,False,False,0->0,,,,,16,746,"717,126,242,176,145"
6498,5,False,False,0->0,,,,,16,668,"180,117,495,386,41"
6499,5,False,False,0->0,,,,,16,330,"696,40,842,613,218"
6501,5,False,False,0->0,,,,,16,641,"842,107,200,387,282"
6502,5,False,False,0->0,,,,,16,400,"430,269,48,712,563"
6503,5,False,False,0->0,,,,,16,608,"6,813,32,787,495"
6504,5,False,False,0->0,,,,,16,708,"611,829,95,587,76"
6505,5,False,False,0->0,,,,,16,1015,"542,551,751,368,15"
6506,5,False,False,0->0,,,,,16,1009,"11,290,423,718,452"
6507,5,False,False,0->0,,,,,16,518,"33,935,461,494,468"
6508,5,False,False,0->0,,,,,16,661,"538,895,708,726,767"
6511,5,False,False,0->0,,,,,16,987,"177,104,273,289,217"
6512,5,False,False,0->0,,,,,16,575,"200,533,674,999,346"
6513,5,False,False,0->0,,,,,16,833,"172,520,684,545,511"
6514,5,False,False,0->0,,,,,16,584,"130,584,920,684,523"
6515,5,False,False,0->0,,,,,16,568,"12,274,437,793,433"
6516,5,False,False,0->0,,,,,16,1037,"582,637,863,878,181"
6518,5,False,False,0->0,,,,,16,905,"830,330,212,840,21"
6519,5,False,False,0->0,,,,,16,1518,"615,556,124,163,485"
6520,5,False,False,0->0,,,,,16,1087,"891,294,526,157,643"
6521,5,False,False,0->0,,,,,16,723,"583,287,679,897,829"
6522,5,False,False,0->0,,,,,16,508,"117,878,135,684,303"
6523,5,False,False,0->0,,,,,16,1155,"255,135,833,438,117"
6524,5,False,False,0->0,,,,,16,1009,"49,302,244,194,526"
6525,5,False,False,0->0,,,,,16,1027,"960,952,536,249,375"
6526,5,False,False,0->0,,,,,16,694,"393,769,843,425,261"
6528,5,False,False,0->0,,,,,16,635,"409,548,422,773,398"
6529,5,False,False,0->0,,,,,16,333,"768,130,522,982,195"
6530,5,False,False,0->0,,,,,16,1003,"465,715,855,1,400"
6531,5,False,False,0->0,,,,,16,806,"401,950,575,52,495"
6533,5,False,False,0->0,,,,,16,1834,"337,898,88,631,776"
6534,5,False,False,0->0,,,,,16,830,"3,938,757,732,906"
6536,5,False,False,0->0,,,,,16,613,"685,658,289,711,689"
6538,5,False,False,0->0,,,,,16,409,"183,402,108,781,62"
6539,5,False,False,0->0,,,,,16,405,"180,794,920,599,357"
6543,5,False,False,0->0,,,,,16,1019,"778,970,794,703,827"
6545,5,False,False,0->0,,,,,16,1037,"735,252,175,690,496"
6546,5,False,False,0->0,,,,,16,1352,"577,290,257,977,386"
6547,5,False,False,0->0,,,,,16,517,"217,218,673,242,346"
6548,5,False,False,0->0,,,,,16,1135,"495,358,740,104,606"
6550,5,False,False,0->0,,,,,16,618,"444,722,842,953,877"
6552,5,False,False,0->0,,,,,16,1064,"94,39,879,957,723"
6555,5,False,False,0->0,,,,,16,486,"91,307,934,382,778"
6556,5,False,False,0->0,,,,,16,752,"102,611,602,505,778"
6557,5,False,False,0->0,,,,,16,891,"555,978,55,716,330"
6558,5,False,False,0->0,,,,,16,1119,"208,374,556,856,743"
6560,5,False,False,0->0,,,,,16,1714,"764,754,959,675,216"
6561,5,False,False,0->0,,,,,16,527,"289,452,720,110,182"
6562,5,False,False,0->0,,,,,16,566,"312,721,690,87,407"
6563,5,False,False,0->0,,,,,16,732,"447,25,154,945,333"
6564,5,False,False,0->0,,,,,16,1525,"174,871,653,125,318"
6568,5,False,False,0->0,,,,,16,654,"784,439,547,633,370"
6570,5,False,False,0->0,,,,,16,777,"710,22,310,677,999"
6571,5,False,False,0->0,,,,,16,832,"621,614,453,600,689"
6572,5,False,False,0->0,,,,,16,705,"536,420,752,739,650"
6573,5,False,False,0->0,,,,,16,851,"639,183,127,977,994"
6574,5,False,False,0->0,,,,,16,1247,"366,499,744,121,528"
6575,5,False,False,0->0,,,,,16,665,"268,649,198,888,991"
6577,5,False,False,0->0,,,,,16,487,"126,77,114,454,958"
6578,5,False,False,0->0,,,,,16,1470,"4,243,251,900,626"
6579,5,False,False,0->0,,,,,16,857,"989,255,386,26,143"
6580,5,False,False,0->0,,,,,16,1091,"441,260,423,776,907"
6581,5,False,False,0->0,,,,,16,951,"337,26,532,412,456"
6582,5,False,False,0->0,,,,,16,1146,"366,238,771,45,277"
6586,5,False,False,0->0,,,,,16,459,"414,783,60,599,679"
6587,5,False,False,0->0,,,,,16,922,"392,517,950,298,829"
6588,5,False,False,0->0,,,,,16,551,"704,44,556,314,962"
6590,5,False,False,0->0,,,,,16,627,"695,359,393,595,288"
6591,5,False,False,0->0,,,,,16,1193,"771,161,876,641,405"
6592,5,False,False,0->0,,,,,16,758,"270,642,973,616,720"
6595,5,False,False,0->0,,,,,16,662,"457,481,867,826,476"
6598,5,False,False,0->0,,,,,16,1107,"96,461,853,88,868"
6600,5,False,False,0->0,,,,,16,1267,"569,132,465,368,412"
6601,5,False,False,0->0,,,,,16,1471,"239,657,779,113,434"
6602,5,False,False,0->0,,,,,16,1162,"266,494,488,302,27"
6603,5,False,False,0->0,,,,,16,745,"636,806,373,887,818"
6604,5,False,False,0->0,,,,,16,1117,"592,74,760,626,260"
6606,5,False,False,0->0,,,,,16,1031,"515,259,721,595,998"
6607,5,False,False,0->0,,,,,16,562,"589,661,961,517,372"
6608,5,False,False,0->0,,,,,16,900,"411,29,79,253,762"
6609,5,False,False,0->0,,,,,16,1491,"539,822,5,827,337"
6610,5,False,False,0->0,,,,,16,765,"636,503,401,798,172"
6613,5,False,False,0->0,,,,,16,1383,"127,364,395,187,415"
6614,5,False,False,0->0,,,,,16,655,"914,531,983,569,649"
6615,5,False,False,0->0,,,,,16,242,"704,565,452,515,537"
6617,5,False,False,0->0,,,,,16,1104,"421,874,294,832,769"
6618,5,False,False,0->0,,,,,16,354,"452,613,758,888,161"
6620,5,False,False,0->0,,,,,16,1197,"259,53,835,726,795"
6621,5,False,False,0->0,,,,,16,975,"873,575,376,706,553"
6623,5,False,False,0->0,,,,,16,529,"555,673,957,545,993"
6624,5,False,False,0->0,,,,,16,872,"636,163,146,181,720"
6625,5,False,False,0->0,,,,,16,1058,"358,216,497,107,898"
6626,5,False,False,0->0,,,,,16,1379,"987,609,857,108,216"
6627,5,False,False,0->0,,,,,16,1207,"233,651,326,908,895"
6629,5,False,False,0->0,,,,,16,947,"533,622,156,883,255"
6630,5,False,False,0->0,,,,,16,1034,"800,421,387,325,7"
6631,5,False,False,0->0,,,,,16,697,"954,65,126,604,294"
6632,5,False,False,0->0,,,,,16,583,"586,930,69,45,182"
6633,5,False,False,0->0,,,,,16,917,"318,815,718,987,138"
6634,5,False,False,0->0,,,,,16,727,"232,380,34,719,669"
6636,5,False,False,0->0,,,,,16,1237,"845,797,457,52,934"
6637,5,False,False,0->0,,,,,16,1004,"162,456,535,80,949"
6638,5,False,False,0->0,,,,,16,1433,"750,681,724,548,194"
6639,5,False,False,0->0,,,,,16,405,"995,795,990,124,486"
6641,5,False,False,0->0,,,,,16,1572,"999,9,250,900,471"
6644,5,False,False,0->0,,,,,16,631,"74,208,714,555,666"
6645,5,False,False,0->0,,,,,16,757,"413,424,541,297,534"
6647,5,False,False,0->0,,,,,16,1457,"891,955,43,140,495"
6649,5,False,False,0->0,,,,,16,2047,"144,350,88,829,50"
6651,5,False,False,0->0,,,,,16,685,"928,938,398,749,919"
6654,5,False,False,0->0,,,,,16,675,"483,161,627,241,260"
6656,5,False,False,0->0,,,,,16,602,"244,270,179,643,704"
6658,5,False,False,0->0,,,,,16,1328,"767,274,691,208,590"
6659,5,False,False,0->0,,,,,16,531,"613,228,847,299,68"
6660,5,False,False,0->0,,,,,16,995,"73,133,189,607,97"
6662,5,False,False,0->0,,,,,16,856,"836,114,650,710,315"
6664,5,False,False,0->0,,,,,16,378,"959,602,139,125,892"
6665,5,False,False,0->0,,,,,16,1064,"762,1000,544,920,56"
6666,5,False,False,0->0,,,,,16,965,"853,572,229,508,617"
6667,5,False,False,0->0,,,,,16,744,"304,971,791,970,307"
6668,5,False,False,0->0,,,,,16,463,"495,124,560,193,457"
6669,5,False,False,0->0,,,,,16,647,"868,937,687,824,64"
6670,5,False,False,0->0,,,,,16,663,"385,690,104,439,667"
6671,5,False,False,0->0,,,,,16,508,"667,761,278,713,314"
6673,5,False,False,0->0,,,,,16,1383,"871,342,12,669,818"
6674,5,False,False,0->0,,,,,16,734,"527,77,750,315,208"
6675,5,False,False,0->0,,,,,16,980,"254,359,92,668,639"
6676,5,False,False,0->0,,,,,16,502,"828,16,954,911,49"
6677,5,False,False,0->0,,,,,16,1425,"706,322,344,88,791"
6680,5,False,False,0->0,,,,,16,756,"254,696,255,798,654"
6681,5,False,False,0->0,,,,,16,622,"538,2,324,486,816"
6682,5,False,False,0->0,,,,,16,1096,"17,368,110,309,285"
6683,5,False,False,0->0,,,,,16,282,"232,233,144,597,654"
6684,5,False,False,0->0,,,,,16,940,"957,310,678,518,499"
6685,5,False,False,0->0,,,,,16,580,"196,271,533,426,981"
6686,5,False,False,0->0,,,,,16,858,"840,22,218,885,875"
6687,5,False,False,0->0,,,,,16,536,"891,978,610,384,460"
6688,5,False,False,0->0,,,,,16,369,"873,818,98,110,34"
6690,5,False,False,0->0,,,,,16,1078,"322,276,428,290,245"
6691,5,False,False,0->0,,,,,16,949,"803,765,267,706,566"
6692,5,False,False,0->0,,,,,16,830,"625,880,439,886,428"
6694,5,False,False,0->0,,,,,16,1236,"180,879,840,503,190"
6696,5,False,False,0->0,,,,,16,600,"83,43,763,241,294"
6697,5,False,False,0->0,,,,,16,639,"327,667,90,902,770"
6699,5,False,False,0->0,,,,,16,577,"14,456,107,951,111"
6700,5,False,False,0->0,,,,,16,955,"197,422,947,443,408"
6702,5,False,False,0->0,,,,,16,607,"224,680,986,842,729"
6703,5,False,False,0->0,,,,,16,1200,"598,420,845,269,611"
6704,5,False,False,0->0,,,,,16,362,"142,214,314,67,713"
6705,5,False,False,0->0,,,,,16,1003,"676,253,511,896,372"
6706,5,False,False,0->0,,,,,16,930,"770,488,169,48,493"
6707,5,False,False,0->0,,,,,16,890,"255,806,779,937,54"
6709,5,False,False,0->0,,,,,16,762,"475,57,962,554,421"
6710,5,False,False,0->0,,,,,16,462,"158,775,953,232,673"
6711,5,False,False,0->0,,,,,16,554,"265,860,684,532,907"
6713,5,False,False,0->0,,,,,16,668,"909,873,922,826,220"
6714,5,False,False,0->0,,,,,16,767,"948,185,753,154,697"
6715,5,False,False,0->0,,,,,16,845,"833,976,475,491,592"
6716,5,False,False,0->0,,,,,16,1033,"703,930,886,113,515"
6717,5,False,False,0->0,,,,,16,1238,"941,411,467,225,566"
6718,5,False,False,0->0,,,,,16,1466,"764,38,902,543,750"
6719,5,False,False,0->0,,,,,16,827,"330,468,674,548,860"
6720,5,False,False,0->0,,,,,16,565,"673,260,401,155,245"
6721,5,False,False,0->0,,,,,16,1250,"970,374,750,251,626"
6722,5,False,False,0->0,,,,,16,356,"685,959,972,193,246"
6723,5,False,False,0->0,,,,,16,889,"539,253,121,446,495"
6725,5,False,False,0->0,,,,,16,1313,"155,751,900,505,729"
6726,5,False,False,0->0,,,,,16,1080,"169,245,467,431,884"
6727,5,False,False,0->0,,,,,16,1281,"393,366,668,592,524"
6728,5,False,False,0->0,,,,,16,1025,"472,667,492,216,625"
6730,5,False,False,0->0,,,,,16,1059,"686,801,208,447,329"
6731,5,False,False,0->0,,,,,16,968,"757,777,601,55,143"
6732,5,False,False,0->0,,,,,16,345,"457,842,951,709,214"
6734,5,False,False,0->0,,,,,16,644,"101,505,911,873,575"
6736,5,False,False,0->0,,,,,16,482,"214,691,359,186,440"
6737,5,False,False,0->0,,,,,16,639,"232,331,903,858,731"
6738,5,False,False,0->0,,,,,16,788,"866,941,937,369,323"
6739,5,False,False,0->0,,,,,16,581,"489,225,474,25,622"
6740,5,False,False,0->0,,,,,16,318,"934,108,909,547,82"
6741,5,False,False,0->0,,,,,16,510,"738,622,929,267,873"
6744,5,False,False,0->0,,,,,16,846,"114,995,82,687,756"
6746,5,False,False,0->0,,,,,16,516,"744,22,203,499,33"
6748,5,False,False,0->0,,,,,16,617,"977,972,34,119,494"
6749,5,False,False,0->0,,,,,16,755,"988,670,798,699,860"
6750,5,False,False,0->0,,,,,16,658,"728,543,510,720,708"
6751,5,False,False,0->0,,,,,16,1499,"581,350,156,843,113"
6752,5,False,False,0->0,,,,,16,1061,"150,592,973,892,409"
6753,5,False,False,0->0,,,,,16,268,"58,638,347,53,817"
6754,5,False,False,0->0,,,,,16,535,"150,763,448,152,637"
6755,5,False,False,0->0,,,,,16,1174,"990,45,917,458,255"
6756,5,False,False,0->0,,,,,16,460,"209,190,783,949,244"
6757,5,False,False,0->0,,,,,16,720,"383,274,750,347,357"
6760,5,False,False,0->0,,,,,16,496,"931,135,554,744,168"
6762,5,False,False,0->0,,,,,16,988,"938,104,774,343,915"
6763,5,False,False,0->0,,,,,16,1163,"681,922,913,754,917"
6764,5,False,False,0->0,,,,,16,535,"338,726,985,685,617"
6766,5,False,False,0->0,,,,,16,752,"414,689,487,512,74"
6767,5,False,False,0->0,,,,,16,687,"46,347,79,769,319"
6768,5,False,False,0->0,,,,,16,528,"65,27,196,620,131"
6769,5,False,False,0->0,,,,,16,1243,"750,746,532,231,582"
6771,5,False,False,0->0,,,,,16,413,"722,181,481,506,70"
6772,5,False,False,0->0,,,,,16,922,"751,504,201,81,689"
6773,5,False,False,0->0,,,,,16,575,"821,699,459,803,961"
6774,5,False,False,0->0,,,,,16,885,"188,986,897,670,465"
6775,5,False,False,0->0,,,,,16,440,"507,893,182,177,209"
6776,5,False,False,0->0,,,,,16,456,"201,902,553,297,418"
6778,5,False,False,0->0,,,,,16,788,"85,723,650,535,103"
6780,5,False,False,0->0,,,,,16,817,"64,67,128,973,314"
6782,5,False,False,0->0,,,,,16,217,"796,212,159,970,80"
6784,5,False,False,0->0,,,,,16,689,"842,488,25,369,640"
6786,5,False,False,0->0,,,,,16,573,"783,758,694,583,499"
6788,5,False,False,0->0,,,,,16,894,"428,415,453,176,614"
6790,5,False,False,0->0,,,,,16,365,"523,21,638,708,781"
6791,5,False,False,0->0,,,,,16,834,"36,396,895,872,599"
6793,5,False,False,0->0,,,,,16,377,"860,138,958,956,303"
6795,5,False,False,0->0,,,,,16,720,"947,622,100,347,974"
6796,5,False,False,0->0,,,,,16,997,"148,627,263,259,662"
6797,5,False,False,0->0,,,,,16,808,"254,289,715,323,686"
6799,5,False,False,0->0,,,,,16,479,"744,116,995,886,660"
6800,5,False,False,0->0,,,,,16,578,"202,389,557,146,958"
6802,5,False,False,0->0,,,,,16,882,"169,604,934,42,392"
6803,5,False,False,0->0,,,,,16,449,"6,897,968,357,570"
6805,5,False,False,0->0,,,,,16,807,"618,413,943,629,755"
6806,5,False,False,0->0,,,,,16,1762,"827,606,900,883,591"
6807,5,False,False,0->0,,,,,16,1436,"641,709,590,917,854"
6808,5,False,False,0->0,,,,,16,1150,"171,84,636,600,538"
6809,5,False,False,0->0,,,,,16,1745,"776,22,375,631,417"
6811,5,False,False,0->0,,,,,16,332,"574,40,943,914,972"
6812,5,False,False,0->0,,,,,16,495,"654,209,792,355,531"
6813,5,False,False,0->0,,,,,16,754,"264,684,886,849,866"
6814,5,False,False,0->0,,,,,16,1478,"72,141,699,495,917"
6816,5,False,False,0->0,,,,,16,409,"707,675,161,641,931"
6818,5,False,False,0->0,,,,,16,586,"80,26,16,727,994"
6820,5,False,False,0->0,,,,,16,373,"203,823,77,503,654"
6821,5,False,False,0->0,,,,,16,890,"974,878,603,120,17"
6822,5,False,False,0->0,,,,,16,1038,"32,47,145,542,808"
6824,5,False,False,0->0,,,,,16,730,"62,790,451,9,511"
6825,5,False,False,0->0,,,,,16,351,"684,254,855,984,133"
6826,5,False,False,0->0,,,,,16,377,"640,975,597,745,697"
6827,5,False,False,0->0,,,,,16,1006,"168,781,259,192,55"
6829,5,False,False,0->0,,,,,16,939,"198,205,55,528,418"
6830,5,False,False,0->0,,,,,16,709,"156,978,726,833,683"
6832,5,False,False,0->0,,,,,16,992,"852,482,441,251,67"
6833,5,False,False,0->0,,,,,16,915,"931,313,267,549,760"
6834,5,False,False,0->0,,,,,16,804,"495,34,961,467,838"
6835,5,False,False,0->0,,,,,16,827,"133,614,197,99,685"
6836,5,False,False,0->0,,,,,16,1439,"657,465,405,743,711"
6837,5,False,False,0->0,,,,,16,488,"920,271,798,412,550"
6838,5,False,False,0->0,,,,,16,884,"623,373,64,998,138"
6839,5,False,False,0->0,,,,,16,681,"207,718,652,517,696"
6840,5,False,False,0->0,,,,,16,768,"78,472,379,687,782"
6842,5,False,False,0->0,,,,,16,1781,"542,749,326,874,272"
6843,5,False,False,0->0,,,,,16,920,"218,873,388,33,63"
6844,5,False,False,0->0,,,,,16,468,"414,144,838,104,152"
6845,5,False,False,0->0,,,,,16,434,"378,968,393,979,899"
6846,5,False,False,0->0,,,,,16,1287,"863,70,204,3,44"
6847,5,False,False,0->0,,,,,16,1166,"12,978,898,157,827"
6848,5,False,False,0->0,,,,,16,1209,"876,188,333,712,878"
6851,5,False,False,0->0,,,,,16,1077,"111,200,397,691,55"
6853,5,False,False,0->0,,,,,16,606,"436,662,630,853,68"
6854,5,False,False,0->0,,,,,16,1243,"847,917,632,437,636"
6855,5,False,False,0->0,,,,,16,1200,"363,854,733,238,765"
6856,5,False,False,0->0,,,,,16,871,"526,457,865,619,162"
6859,5,False,False,0->0,,,,,16,882,"891,494,765,686,619"
6861,5,False,False,0->0,,,,,16,841,"651,398,672,746,352"
6863,5,False,False,0->0,,,,,16,517,"855,715,156,521,465"
6864,5,False,False,0->0,,,,,16,363,"278,780,265,394,943"
6865,5,False,False,0->0,,,,,16,1088,"792,541,26,109,272"
6866,5,False,False,0->0,,,,,16,718,"475,640,50,591,517"
6867,5,False,False,0->0,,,,,16,822,"982,387,657,460,981"
6868,5,False,False,0->0,,,,,16,665,"226,905,833,679,390"
6870,5,False,False,0->0,,,,,16,594,"723,769,207,601,520"
6871,5,False,False,0->0,,,,,16,906,"451,87,634,319,611"
6872,5,False,False,0->0,,,,,16,415,"468,217,672,369,886"
6873,5,False,False,0->0,,,,,16,873,"536,861,122,678,331"
6874,5,False,False,0->0,,,,,16,525,"993,1000,716,65,517"
6876,5,False,False,0->0,,,,,16,779,"865,767,926,481,584"
6877,5,False,False,0->0,,,,,16,343,"360,960,600,223,778"
6880,5,False,False,0->0,,,,,16,549,"179,503,144,951,719"
6881,5,False,False,0->0,,,,,16,778,"426,541,69,315,595"
6882,5,False,False,0->0,,,,,16,905,"653,974,890,992,725"
6885,5,False,False,0->0,,,,,16,805,"818,635,866,911,36"
6886,5,False,False,0->0,,,,,16,819,"451,376,36,589,674"
6887,5,False,False,0->0,,,,,16,1035,"876,716,193,498,442"
6888,5,False,False,0->0,,,,,16,1235,"501,711,776,660,679"
6890,5,False,False,0->0,,,,,16,932,"253,291,325,369,205"
6891,5,False,False,0->0,,,,,16,516,"420,852,85,461,718"
6892,5,False,False,0->0,,,,,16,962,"199,663,911,20,273"
6894,5,False,False,0->0,,,,,16,536,"198,642,297,752,155"
6895,5,False,False,0->0,,,,,14,601,"641,788,248,851,434"
6896,5,False,False,0->0,,,,,16,1013,"827,535,347,537,386"
6897,5,False,False,0->0,,,,,16,1659,"76,888,800,577,194"
6898,5,False,False,0->0,,,,,16,466,"515,283,437,794,637"
6899,5,False,False,0->0,,,,,16,579,"7,722,496,437,278"
6901,5,False,False,0->0,,,,,16,795,"563,393,105,782,595"
6902,5,False,False,0->0,,,,,16,431,"580,642,945,854,342"
6903,5,False,False,0->0,,,,,16,1000,"60,24,3,23,830"
6904,5,False,False,0->0,,,,,16,616,"358,62,895,629,415"
6905,5,False,False,0->0,,,,,16,190,"156,982,684,355,393"
6906,5,False,False,0->0,,,,,16,1209,"522,383,494,626,23"
6907,5,False,False,0->0,,,,,16,476,"99,498,94,164,152"
6908,5,False,False,0->0,,,,,16,1688,"163,102,194,431,150"
6910,5,False,False,0->0,,,,,16,425,"539,65,699,42,100"
6911,5,False,False,0->0,,,,,16,917,"494,197,823,117,687"
6912,5,False,False,0->0,,,,,16,721,"425,873,497,199,467"
6915,5,False,False,0->0,,,,,16,991,"277,461,802,536,636"
6916,5,False,False,0->0,,,,,16,821,"795,316,365,74,400"
6917,5,False,False,0->0,,,,,16,821,"453,549,317,147,755"
6918,5,False,False,0->0,,,,,16,955,"97,390,806,216,886"
6919,5,False,False,0->0,,,,,16,509,"50,193,593,355,866"
6920,5,False,False,0->0,,,,,16,940,"252,922,331,974,1000"
6921,5,False,False,0->0,,,,,16,893,"398,634,844,604,884"
6922,5,False,False,0->0,,,,,16,681,"204,571,563,681,180"
6923,5,False,False,0->0,,,,,16,188,"193,54,247,373,977"
6924,5,False,False,0->0,,,,,16,565,"834,586,439,243,79"
6925,5,False,False,0->0,,,,,16,298,"568,192,403,378,852"
6926,5,False,False,0->0,,,,,16,718,"460,863,126,613,675"
6927,5,False,False,0->0,,,,,16,870,"189,917,356,390,642"
6928,5,False,False,0->0,,,,,16,778,"555,678,724,872,27"
6930,5,False,False,0->0,,,,,16,559,"97,303,694,128,499"
6931,5,False,False,0->0,,,,,16,613,"699,185,642,947,633"
6932,5,False,False,0->0,,,,,16,249,"914,317,70,445,625"
6934,5,False,False,0->0,,,,,16,724,"875,468,72,585,67"
6935,5,False,False,0->0,,,,,16,439,"898,556,823,817,132"
6937,5,False,False,0->0,,,,,16,553,"906,853,929,250,892"
6938,5,False,False,0->0,,,,,16,936,"246,124,261,443,887"
6939,5,False,False,0->0,,,,,16,510,"58,308,134,727,229"
6940,5,False,False,0->0,,,,,16,560,"909,599,82,611,915"
6941,5,False,False,0->0,,,,,16,588,"222,92,797,195,325"
6942,5,False,False,0->0,,,,,16,1371,"428,264,877,374,494"
6943,5,False,False,0->0,,,,,16,731,"750,646,738,439,884"
6944,5,False,False,0->0,,,,,16,1033,"995,65,233,970,88"
6946,5,False,False,0->0,,,,,16,1195,"557,109,209,44,485"
6947,5,False,False,0->0,,,,,16,626,"494,921,859,294,620"
6949,5,False,False,0->0,,,,,16,425,"790,61,20,730,913"
6950,5,False,False,0->0,,,,,16,734,"326,152,43,74,438"
6951,5,False,False,0->0,,,,,16,401,"32,612,798,565,851"
6953,5,False,False,0->0,,,,,16,820,"652,656,246,102,772"
6954,5,False,False,0->0,,,,,16,374,"46,720,458,461,347"
6955,5,False,False,0->0,,,,,16,1377,"77,78,388,249,900"
6956,5,False,False,0->0,,,,,16,1346,"768,871,933,836,651"
6958,5,False,False,0->0,,,,,16,833,"323,765,322,512,709"
6959,5,False,False,0->0,,,,,16,316,"602,142,12,765,100"
6960,5,False,False,0->0,,,,,16,794,"356,862,880,737,262"
6961,5,False,False,0->0,,,,,16,1082,"753,422,39,342,626"
6962,5,False,False,0->0,,,,,16,711,"54,17,319,828,418"
6964,5,False,False,0->0,,,,,16,374,"832,630,958,902,531"
6966,5,False,False,0->0,,,,,16,1184,"602,482,668,888,356"
6967,5,False,False,0->0,,,,,16,1559,"165,69,216,688,888"
6968,5,False,False,0->0,,,,,16,506,"523,588,340,609,772"
6969,5,False,False,0->0,,,,,16,1564,"626,216,586,62,279"
6970,5,False,False,0->0,,,,,16,1326,"19,16,437,995,598"
6972,5,False,False,0->0,,,,,16,1145,"834,947,942,618,383"
6973,5,False,False,0->0,,,,,16,213,"729,770,732,212,749"
6975,5,False,False,0->0,,,,,16,1309,"463,560,319,165,667"
6976,5,False,False,0->0,,,,,16,259,"915,783,720,31,167"
6979,5,False,False,0->0,,,,,16,993,"314,207,874,781,272"
6980,5,False,False,0->0,,,,,16,1155,"43,733,507,900,760"
6982,5,False,False,0->0,,,,,16,612,"418,890,818,24,831"
6983,5,False,False,0->0,,,,,16,440,"322,100,421,732,182"
6985,5,False,False,0->0,,,,,16,724,"12,453,790,949,76"
6986,5,False,False,0->0,,,,,16,982,"847,753,312,479,370"
6987,5,False,False,0->0,,,,,16,625,"527,100,907,79,548"
6988,5,False,False,0->0,,,,,16,1339,"822,723,247,329,268"
6989,5,False,False,0->0,,,,,16,1069,"9,546,105,38,182"
6990,5,False,False,0->0,,,,,16,657,"835,679,279,844,752"
6991,5,False,False,0->0,,,,,16,658,"178,260,726,425,117"
6992,5,False,False,0->0,,,,,16,524,"903,593,161,356,844"
6993,5,False,False,0->0,,,,,16,964,"346,632,580,892,255"
6994,5,False,False,0->0,,,,,16,633,"168,100,514,530,424"
6995,5,False,False,0->0,,,,,16,585,"357,247,723,344,51"
6996,5,False,False,0->0,,,,,16,608,"249,971,801,298,813"
6997,5,False,False,0->0,,,,,16,1015,"952,96,590,513,899"
6998,5,False,False,0->0,,,,,16,981,"657,520,832,972,978"
6999,5,False,False,0->0,,,,,16,956,"878,231,113,79,11"
7000,5,False,False,0->0,,,,,16,1004,"753,772,913,696,174"
7002,5,False,False,0->0,,,,,16,596,"646,692,107,104,168"
7003,5,False,False,0->0,,,,,16,573,"830,716,120,268,911"
7004,5,False,False,0->0,,,,,16,1233,"282,39,208,883,943"
7005,5,False,False,0->0,,,,,16,657,"103,443,148,653,178"
7006,5,False,False,0->0,,,,,16,469,"673,196,477,344,795"
7007,5,False,False,0->0,,,,,16,929,"594,580,621,947,172"
7008,5,False,False,0->0,,,,,16,529,"81,176,124,454,550"
7009,5,False,False,0->0,,,,,16,1130,"447,827,305,146,746"
7010,5,False,False,0->0,,,,,16,465,"931,570,159,443,180"
7011,5,False,False,0->0,,,,,16,1429,"209,421,81,619,700"
7013,5,False,False,0->0,,,,,16,531,"446,272,617,137,913"
7014,5,False,False,0->0,,,,,16,961,"253,280,928,830,680"
7015,5,False,False,0->0,,,,,16,831,"157,321,519,271,418"
7018,5,False,False,0->0,,,,,16,1188,"316,917,248,309,416"
7019,5,False,False,0->0,,,,,16,680,"926,892,473,135,958"
7020,5,False,False,0->0,,,,,16,650,"180,68,910,781,174"
7021,5,False,False,0->0,,,,,16,535,"600,622,844,448,261"
7022,5,False,False,0->0,,,,,16,1043,"744,21,250,326,330"
7023,5,False,False,0->0,,,,,16,558,"890,723,791,16,285"
7024,5,False,False,0->0,,,,,16,753,"400,586,886,719,741"
7025,5,False,False,0->0,,,,,16,370,"183,571,984,146,977"
7026,5,False,False,0->0,,,,,16,852,"888,472,976,691,172"
7027,5,False,False,0->0,,,,,16,547,"750,270,318,978,731"
7028,5,False,False,0->0,,,,,16,465,"778,179,248,990,150"
7029,5,False,False,0->0,,,,,16,1115,"917,54,389,826,276"
7030,5,False,False,0->0,,,,,16,328,"169,696,920,195,77"
7031,5,False,False,0->0,,,,,16,478,"501,101,285,430,842"
7032,5,False,False,0->0,,,,,16,725,"613,17,921,495,861"
7033,5,False,False,0->0,,,,,16,769,"244,8,376,124,536"
7034,5,False,False,0->0,,,,,16,205,"283,420,80,407,178"
7035,5,False,False,0->0,,,,,16,453,"42,857,862,156,612"
7036,5,False,False,0->0,,,,,16,783,"566,1000,673,508,96"
7037,5,False,False,0->0,,,,,16,523,"486,805,96,711,834"
7039,5,False,False,0->0,,,,,16,517,"780,284,810,371,583"
7041,5,False,False,0->0,,,,,16,987,"902,471,267,32,948"
7043,5,False,False,0->0,,,,,16,793,"629,287,623,25,221"
7045,5,False,False,0->0,,,,,16,722,"111,605,622,715,899"
7046,5,False,False,0->0,,,,,16,439,"583,254,496,16,804"
7047,5,False,False,0->0,,,,,16,740,"826,899,181,613,16"
7049,5,False,False,0->0,,,,,16,738,"95,978,859,660,632"
7051,5,False,False,0->0,,,,,16,610,"872,535,580,557,730"
7052,5,False,False,0->0,,,,,16,614,"155,117,591,25,781"
7053,5,False,False,0->0,,,,,16,330,"867,762,587,614,666"
7054,5,False,False,0->0,,,,,16,317,"731,5,851,180,283"
7055,5,False,False,0->0,,,,,16,846,"25,914,674,375,557"
7056,5,False,False,0->0,,,,,16,862,"291,360,332,442,95"
7057,5,False,False,0->0,,,,,16,955,"356,166,38,25,637"
7059,5,False,False,0->0,,,,,16,925,"506,407,277,874,686"
7060,5,False,False,0->0,,,,,16,642,"758,656,143,750,333"
7061,5,False,False,0->0,,,,,16,935,"60,616,264,945,186"
7066,5,False,False,0->0,,,,,16,1036,"854,990,849,852,776"
7067,5,False,False,0->0,,,,,16,920,"688,520,974,451,978"
7071,5,False,False,0->0,,,,,16,915,"358,693,103,714,150"
7072,5,False,False,0->0,,,,,16,789,"27,133,619,74,90"
7074,5,False,False,0->0,,,,,16,729,"106,428,301,960,950"
7075,5,False,False,0->0,,,,,16,781,"148,767,492,481,833"
7077,5,False,False,0->0,,,,,16,991,"14,342,364,738,710"
7079,5,False,False,0->0,,,,,16,502,"910,461,654,899,52"
7080,5,False,False,0->0,,,,,16,685,"681,249,767,636,603"
7081,5,False,False,0->0,,,,,16,521,"31,620,771,271,955"
7082,5,False,False,0->0,,,,,16,601,"503,32,783,288,857"
7083,5,False,False,0->0,,,,,16,420,"623,836,100,156,489"
7085,5,False,False,0->0,,,,,16,669,"837,933,588,161,831"
7086,5,False,False,0->0,,,,,16,626,"111,527,938,42,940"
7087,5,False,False,0->0,,,,,16,645,"517,573,448,180,834"
7090,5,False,False,0->0,,,,,16,373,"790,321,694,654,801"
7091,5,False,False,0->0,,,,,16,907,"136,778,836,636,619"
7092,5,False,False,0->0,,,,,16,630,"122,694,166,637,712"
7094,5,False,False,0->0,,,,,16,893,"810,67,711,26,19"
7096,5,False,False,0->0,,,,,16,969,"551,624,840,217,82"
7097,5,False,False,0->0,,,,,16,457,"612,821,565,796,18"
7098,5,False,False,0->0,,,,,16,1295,"350,446,85,624,566"
7100,5,False,False,0->0,,,,,16,988,"729,303,626,842,673"
7102,5,False,False,0->0,,,,,16,762,"532,429,947,236,93"
7104,5,False,False,0->0,,,,,16,719,"599,752,273,443,211"
7105,5,False,False,0->0,,,,,16,615,"58,941,732,87,926"
7106,5,False,False,0->0,,,,,16,809,"833,307,18,743,681"
7109,5,False,False,0->0,,,,,16,1164,"183,253,734,765,485"
7110,5,False,False,0->0,,,,,16,519,"708,805,953,531,792"
7111,5,False,False,0->0,,,,,16,543,"173,331,968,20,993"
7114,5,False,False,0->0,,,,,16,420,"940,96,793,553,737"
7115,5,False,False,0->0,,,,,16,1786,"308,871,375,175,532"
7116,5,False,False,0->0,,,,,16,1168,"854,310,748,620,291"
7117,5,False,False,0->0,,,,,16,435,"280,393,207,329,989"
7118,5,False,False,0->0,,,,,16,1165,"146,772,852,264,603"
7119,5,False,False,0->0,,,,,16,1513,"94,329,657,1,619"
7120,5,False,False,0->0,,,,,16,584,"452,656,983,814,400"
7121,5,False,False,0->0,,,,,16,822,"168,374,162,187,983"
7123,5,False,False,0->0,,,,,16,1451,"711,829,764,534,990"
7124,5,False,False,0->0,,,,,16,445,"723,938,984,80,989"
7126,5,False,False,0->0,,,,,16,326,"878,765,897,401,658"
7128,5,False,False,0->0,,,,,16,835,"104,81,384,707,455"
7129,5,False,False,0->0,,,,,16,878,"503,486,857,942,78"
7131,5,False,False,0->0,,,,,16,1103,"875,598,34,657,527"
7132,5,False,False,0->0,,,,,16,587,"909,7,404,949,199"
7133,5,False,False,0->0,,,,,16,931,"570,340,121,216,780"
7136,5,False,False,0->0,,,,,16,868,"122,127,911,693,266"
7137,5,False,False,0->0,,,,,16,1641,"340,964,626,624,527"
7138,5,False,False,0->0,,,,,16,320,"670,382,957,522,384"
7139,5,False,False,0->0,,,,,16,787,"405,277,99,571,740"
7140,5,False,False,0->0,,,,,16,493,"116,783,499,442,278"
7143,5,False,False,0->0,,,,,16,1151,"610,84,168,454,21"
7144,5,False,False,0->0,,,,,16,1622,"203,827,651,463,740"
7145,5,False,False,0->0,,,,,16,1697,"3,23,375,426,238"
7147,5,False,False,0->0,,,,,16,1212,"844,874,382,508,523"
7148,5,False,False,0->0,,,,,16,983,"109,492,951,291,34"
7149,5,False,False,0->0,,,,,16,701,"64,672,546,448,411"
7150,5,False,False,0->0,,,,,16,1462,"900,553,521,899,651"
7151,5,False,False,0->0,,,,,16,953,"770,874,550,1000,58"
7152,5,False,False,0->0,,,,,16,884,"677,723,421,837,672"
7153,5,False,False,0->0,,,,,16,803,"731,949,944,717,209"
7154,5,False,False,0->0,,,,,16,602,"940,813,826,886,574"
7155,5,False,False,0->0,,,,,16,422,"242,537,218,867,476"
7157,5,False,False,0->0,,,,,16,771,"461,770,304,756,994"
7159,5,False,False,0->0,,,,,16,1324,"419,615,417,994,483"
7160,5,False,False,0->0,,,,,16,490,"574,169,652,989,318"
7161,5,False,False,0->0,,,,,16,379,"138,271,276,94,11"
7162,5,False,False,0->0,,,,,16,944,"174,206,787,756,330"
7164,5,False,False,0->0,,,,,16,1303,"866,553,844,973,381"
7166,5,False,False,0->0,,,,,16,469,"830,992,327,445,553"
7167,5,False,False,0->0,,,,,16,1393,"259,284,50,51,489"
7171,5,False,False,0->0,,,,,16,1512,"106,668,857,465,544"
7172,5,False,False,0->0,,,,,16,646,"680,102,266,92,4"
7173,5,False,False,0->0,,,,,16,933,"109,437,803,792,969"
7175,5,False,False,0->0,,,,,16,799,"535,941,560,269,729"
7177,5,False,False,0->0,,,,,16,659,"174,49,378,534,232"
7178,5,False,False,0->0,,,,,16,687,"953,669,186,705,991"
7179,5,False,False,0->0,,,,,16,1170,"37,319,696,964,150"
7180,5,False,False,0->0,,,,,16,1073,"188,513,76,785,662"
7182,5,False,False,0->0,,,,,16,1329,"566,942,538,501,874"
7185,5,False,False,0->0,,,,,16,626,"817,362,646,283,858"
7186,5,False,False,0->0,,,,,16,494,"330,492,487,241,600"
7188,5,False,False,0->0,,,,,16,708,"581,685,373,375,737"
7189,5,False,False,0->0,,,,,16,979,"293,139,441,880,463"
7191,5,False,False,0->0,,,,,16,357,"18,192,106,60,898"
7193,5,False,False,0->0,,,,,16,1092,"553,60,850,84,765"
7195,5,False,False,0->0,,,,,16,525,"727,931,554,364,597"
7196,5,False,False,0->0,,,,,16,1195,"505,313,602,132,603"
7198,5,False,False,0->0,,,,,16,896,"305,768,964,481,64"
7199,5,False,False,0->0,,,,,16,411,"22,498,205,818,695"
7200,5,False,False,0->0,,,,,16,1053,"581,304,627,57,573"
7201,5,False,False,0->0,,,,,16,1226,"514,995,805,903,544"
7202,5,False,False,0->0,,,,,16,842,"154,827,551,621,515"
7206,5,False,False,0->0,,,,,16,755,"485,186,101,137,122"
7208,5,False,False,0->0,,,,,16,960,"278,494,532,309,956"
7209,5,False,False,0->0,,,,,16,1147,"804,395,273,207,186"
7212,5,False,False,0->0,,,,,16,673,"152,558,746,468,446"
7213,5,False,False,0->0,,,,,16,461,"938,398,231,373,857"
7214,5,False,False,0->0,,,,,16,310,"107,788,445,425,757"
7215,5,False,False,0->0,,,,,16,539,"283,952,681,915,150"
7216,5,False,False,0->0,,,,,16,868,"422,332,374,586,157"
7217,5,False,False,0->0,,,,,16,531,"566,862,950,327,545"
7218,5,False,False,0->0,,,,,16,1310,"176,81,272,488,980"
7220,5,False,False,0->0,,,,,16,722,"317,251,767,883,788"
7221,5,False,False,0->0,,,,,16,444,"468,251,100,438,101"
7222,5,False,False,0->0,,,,,16,781,"297,700,145,770,196"
7223,5,False,False,0->0,,,,,16,1031,"172,177,641,906,942"
7225,5,False,False,0->0,,,,,16,314,"167,793,100,787,814"
7226,5,False,False,0->0,,,,,16,919,"284,920,58,790,532"
7227,5,False,False,0->0,,,,,16,614,"699,842,976,144,373"
7228,5,False,False,0->0,,,,,16,474,"563,386,959,498,789"
7229,5,False,False,0->0,,,,,16,466,"528,178,686,474,391"
7232,5,False,False,0->0,,,,,16,831,"919,254,892,288,374"
7234,5,False,False,0->0,,,,,16,1279,"670,409,802,837,661"
7236,5,False,False,0->0,,,,,16,562,"643,522,440,236,908"
7237,5,False,False,0->0,,,,,16,934,"752,702,169,130,880"
7238,5,False,False,0->0,,,,,16,835,"866,52,108,383,130"
7239,5,False,False,0->0,,,,,16,1439,"119,738,626,143,963"
7240,5,False,False,0->0,,,,,16,578,"798,298,788,79,315"
7241,5,False,False,0->0,,,,,16,417,"913,371,260,356,725"
7242,5,False,False,0->0,,,,,16,990,"363,497,522,739,386"
7243,5,False,False,0->0,,,,,16,1030,"600,948,910,273,532"
7245,5,False,False,0->0,,,,,16,870,"703,506,782,49,635"
7246,5,False,False,0->0,,,,,16,546,"674,708,479,531,73"
7247,5,False,False,0->0,,,,,16,439,"331,589,684,797,575"
7248,5,False,False,0->0,,,,,16,426,"745,606,429,867,686"
7249,5,False,False,0->0,,,,,16,1248,"381,87,41,11,973"
7250,5,False,False,0->0,,,,,16,647,"666,59,491,627,155"
7252,5,False,False,0->0,,,,,16,650,"742,761,722,57,183"
7253,5,False,False,0->0,,,,,16,1027,"743,340,463,678,460"
7254,5,False,False,0->0,,,,,16,1485,"535,505,703,679,948"
7256,5,False,False,0->0,,,,,16,1073,"423,745,767,245,710"
7257,5,False,False,0->0,,,,,16,698,"202,20,612,690,235"
7258,5,False,False,0->0,,,,,16,447,"599,212,704,483,743"
7259,5,False,False,0->0,,,,,16,442,"232,260,299,421,235"
7261,5,False,False,0->0,,,,,16,1224,"426,185,781,208,38"
7262,5,False,False,0->0,,,,,16,534,"687,181,82,189,520"
7263,5,False,False,0->0,,,,,16,700,"157,787,181,344,870"
7265,5,False,False,0->0,,,,,16,1351,"302,36,488,371,278"
7268,5,False,False,0->0,,,,,16,692,"423,723,902,209,54"
7270,5,False,False,0->0,,,,,16,1256,"412,971,902,735,992"
7271,5,False,False,0->0,,,,,16,718,"520,86,340,940,833"
7272,5,False,False,0->0,,,,,16,701,"173,907,269,392,824"
7273,5,False,False,0->0,,,,,16,773,"641,600,15,21,847"
7275,5,False,False,0->0,,,,,16,689,"127,784,929,26,610"
7276,5,False,False,0->0,,,,,16,1041,"166,945,138,455,253"
7277,5,False,False,0->0,,,,,16,1125,"860,964,880,249,446"
7279,5,False,False,0->0,,,,,16,849,"829,790,704,379,107"
7281,5,False,False,0->0,,,,,16,892,"887,992,127,983,4"
7286,5,False,False,0->0,,,,,16,1342,"210,157,224,655,446"
7287,5,False,False,0->0,,,,,16,685,"557,618,745,410,417"
7288,5,False,False,0->0,,,,,16,242,"372,769,757,790,694"
7290,5,False,False,0->0,,,,,16,686,"55,789,404,734,737"
7291,5,False,False,0->0,,,,,16,429,"272,922,65,786,588"
7292,5,False,False,0->0,,,,,16,220,"496,786,403,99,436"
7293,5,False,False,0->0,,,,,16,1551,"27,640,312,822,383"
7294,5,False,False,0->0,,,,,16,970,"814,988,166,686,992"
7295,5,False,False,0->0,,,,,16,711,"235,575,493,387,691"
7296,5,False,False,0->0,,,,,16,988,"261,634,302,154,7"
7297,5,False,False,0->0,,,,,16,315,"654,207,279,95,899"
7298,5,False,False,0->0,,,,,16,2194,"381,499,504,326,471"
7301,5,False,False,0->0,,,,,16,745,"76,689,204,499,417"
7302,5,False,False,0->0,,,,,16,1231,"788,944,448,88,304"
7303,5,False,False,0->0,,,,,16,640,"54,267,157,176,543"
7304,5,False,False,0->0,,,,,16,624,"34,52,223,759,90"
7306,5,False,False,0->0,,,,,16,1288,"45,127,532,324,208"
7309,5,False,False,0->0,,,,,16,992,"733,745,550,386,290"
7310,5,False,False,0->0,,,,,16,1160,"199,162,619,609,605"
7311,5,False,False,0->0,,,,,16,297,"62,551,968,314,80"
7315,5,False,False,0->0,,,,,16,243,"180,910,347,725,56"
7320,5,False,False,0->0,,,,,16,950,"949,8,471,251,49"
7321,5,False,False,0->0,,,,,16,1147,"430,504,760,859,392"
7322,5,False,False,0->0,,,,,16,1673,"607,63,523,577,216"
7323,5,False,False,0->0,,,,,16,352,"378,838,550,49,725"
7324,5,False,False,0->0,,,,,16,1335,"822,356,852,995,668"
7325,5,False,False,0->0,,,,,16,589,"26,990,686,699,331"
7326,5,False,False,0->0,,,,,16,627,"265,566,754,787,154"
7327,5,False,False,0->0,,,,,16,1225,"772,942,12,268,127"
7328,5,False,False,0->0,,,,,16,531,"844,474,401,755,181"
7329,5,False,False,0->0,,,,,16,426,"816,836,893,762,77"
7331,5,False,False,0->0,,,,,16,366,"40,915,885,975,47"
7334,5,False,False,0->0,,,,,16,580,"107,891,795,861,722"
7335,5,False,False,0->0,,,,,16,945,"81,733,278,979,239"
7337,5,False,False,0->0,,,,,16,390,"34,914,584,40,560"
7338,5,False,False,0->0,,,,,16,775,"468,269,745,499,246"
7341,5,False,False,0->0,,,,,16,801,"526,678,43,420,109"
7342,5,False,False,0->0,,,,,16,1044,"717,746,43,860,1"
7343,5,False,False,0->0,,,,,16,733,"188,765,526,217,241"
7345,5,False,False,0->0,,,,,16,1228,"584,577,655,103,301"
7347,5,False,False,0->0,,,,,16,353,"662,206,734,132,585"
7348,5,False,False,0->0,,,,,16,841,"412,787,408,238,62"
7350,5,False,False,0->0,,,,,16,928,"717,517,335,782,713"
7351,5,False,False,0->0,,,,,16,1144,"188,985,445,896,358"
7354,5,False,False,0->0,,,,,16,394,"225,721,771,565,403"
7355,5,False,False,0->0,,,,,16,1128,"104,380,572,140,742"
7356,5,False,False,0->0,,,,,16,389,"725,637,76,636,401"
7357,5,False,False,0->0,,,,,16,685,"689,448,109,961,487"
7358,5,False,False,0->0,,,,,16,666,"186,787,228,584,563"
7360,5,False,False,0->0,,,,,16,1447,"271,876,505,284,538"
7361,5,False,False,0->0,,,,,16,432,"782,961,910,890,915"
7362,5,False,False,0->0,,,,,16,782,"114,104,931,4,278"
7364,5,False,False,0->0,,,,,16,825,"422,409,390,624,953"
7365,5,False,False,0->0,,,,,16,706,"465,718,185,1000,121"
7366,5,False,False,0->0,,,,,16,712,"850,718,457,816,582"
7367,5,False,False,0->0,,,,,16,656,"420,931,434,383,178"
7368,5,False,False,0->0,,,,,16,432,"456,362,696,244,899"
7369,5,False,False,0->0,,,,,16,1379,"546,844,548,368,188"
7371,5,False,False,0->0,,,,,16,562,"774,685,678,961,74"
7372,5,False,False,0->0,,,,,16,712,"202,321,497,769,911"
7373,5,False,False,0->0,,,,,16,717,"453,335,695,180,303"
7374,5,False,False,0->0,,,,,16,1085,"239,570,876,359,975"
7375,5,False,False,0->0,,,,,16,981,"230,662,126,914,695"
7377,5,False,False,0->0,,,,,16,629,"522,736,181,834,618"
7378,5,False,False,0->0,,,,,16,775,"718,885,539,618,597"
7379,5,False,False,0->0,,,,,16,467,"847,796,736,355,248"
7380,5,False,False,0->0,,,,,16,981,"412,722,294,883,962"
7381,5,False,False,0->0,,,,,16,1141,"784,578,689,624,606"
7384,5,False,False,0->0,,,,,16,622,"460,184,168,950,172"
7386,5,False,False,0->0,,,,,16,646,"21,499,810,815,981"
7387,5,False,False,0->0,,,,,16,1066,"651,38,635,138,696"
7390,5,False,False,0->0,,,,,16,746,"621,200,25,271,436"
7394,5,False,False,0->0,,,,,16,931,"102,633,481,755,431"
7395,5,False,False,0->0,,,,,16,1377,"742,887,834,55,104"
7396,5,False,False,0->0,,,,,16,602,"850,229,95,80,15"
7398,5,False,False,0->0,,,,,16,884,"282,192,289,661,689"
7399,5,False,False,0->0,,,,,16,1063,"485,642,150,572,294"
7400,5,False,False,0->0,,,,,16,2101,"643,544,944,230,891"
7401,5,False,False,0->0,,,,,16,1268,"707,711,607,38,447"
7402,5,False,False,0->0,,,,,16,1592,"986,703,652,849,659"
7403,5,False,False,0->0,,,,,16,1040,"358,242,485,617,85"
7405,5,False,False,0->0,,,,,16,1324,"186,591,482,134,627"
7406,5,False,False,0->0,,,,,16,1640,"274,835,577,455,706"
7407,5,False,False,0->0,,,,,16,631,"145,572,999,662,185"
7410,5,False,False,0->0,,,,,16,952,"164,495,178,107,64"
7411,5,False,False,0->0,,,,,16,611,"564,425,780,473,411"
7413,5,False,False,0->0,,,,,16,784,"687,233,803,949,748"
7415,5,False,False,0->0,,,,,16,757,"70,506,837,155,81"
7416,5,False,False,0->0,,,,,16,1088,"779,92,952,448,504"
7418,5,False,False,0->0,,,,,16,1647,"419,845,824,26,951"
7419,5,False,False,0->0,,,,,16,589,"595,797,983,476,459"
7422,5,False,False,0->0,,,,,16,820,"877,943,471,999,362"
7423,5,False,False,0->0,,,,,16,487,"600,593,816,992,630"
7424,5,False,False,0->0,,,,,16,725,"416,243,551,961,36"
7425,5,False,False,0->0,,,,,16,549,"906,458,911,425,814"
7426,5,False,False,0->0,,,,,16,518,"309,817,444,689,452"
7427,5,False,False,0->0,,,,,16,428,"141,242,564,86,796"
7428,5,False,False,0->0,,,,,16,408,"107,64,533,944,116"
7430,5,False,False,0->0,,,,,16,294,"676,992,276,906,770"
7431,5,False,False,0->0,,,,,16,822,"379,636,428,957,244"
7434,5,False,False,0->0,,,,,16,970,"631,563,444,385,835"
7435,5,False,False,0->0,,,,,16,1173,"873,626,479,245,69"
7436,5,False,False,0->0,,,,,16,527,"393,884,425,166,580"
7438,5,False,False,0->0,,,,,16,1662,"557,471,259,607,196"
7440,5,False,False,0->0,,,,,16,957,"144,84,439,201,978"
7441,5,False,False,0->0,,,,,16,970,"284,44,329,503,674"
7442,5,False,False,0->0,,,,,16,1037,"316,350,206,244,868"
7443,5,False,False,0->0,,,,,16,1375,"5,828,400,507,822"
7444,5,False,False,0->0,,,,,16,508,"599,63,732,497,171"
7445,5,False,False,0->0,,,,,16,949,"968,384,209,162,726"
7446,5,False,False,0->0,,,,,16,1165,"976,803,710,48,678"
7448,5,False,False,0->0,,,,,16,649,"446,330,69,293,145"
7449,5,False,False,0->0,,,,,16,1324,"994,759,381,843,411"
7450,5,False,False,0->0,,,,,16,1525,"437,643,388,167,748"
7451,5,False,False,0->0,,,,,16,851,"621,714,433,299,157"
7452,5,False,False,0->0,,,,,16,804,"15,497,61,565,381"
7454,5,False,False,0->0,,,,,16,735,"487,307,36,362,196"
7455,5,False,False,0->0,,,,,16,807,"950,160,221,602,737"
7456,5,False,False,0->0,,,,,16,581,"906,824,254,989,859"
7457,5,False,False,0->0,,,,,16,1144,"941,570,802,949,824"
7458,5,False,False,0->0,,,,,16,749,"545,164,195,474,138"
7459,5,False,False,0->0,,,,,16,280,"650,70,708,31,972"
7461,5,False,False,0->0,,,,,16,1466,"368,315,874,392,442"
7462,5,False,False,0->0,,,,,16,620,"816,507,719,588,547"
7463,5,False,False,0->0,,,,,16,1300,"324,20,290,833,69"
7465,5,False,False,0->0,,,,,16,839,"381,704,476,612,254"
7466,5,False,False,0->0,,,,,16,1295,"111,711,618,487,3"
7467,5,False,False,0->0,,,,,16,372,"104,506,44,549,867"
7468,5,False,False,0->0,,,,,16,1117,"852,426,80,206,706"
7469,5,False,False,0->0,,,,,16,592,"263,541,122,93,185"
7470,5,False,False,0->0,,,,,16,771,"867,619,69,263,282"
7471,5,False,False,0->0,,,,,16,613,"139,595,991,569,13"
7472,5,False,False,0->0,,,,,16,650,"325,968,791,782,848"
7473,5,False,False,0->0,,,,,16,777,"476,518,324,530,330"
7475,5,False,False,0->0,,,,,16,1375,"165,659,402,983,142"
7476,5,False,False,0->0,,,,,16,808,"928,823,683,743,511"
7477,5,False,False,0->0,,,,,16,612,"498,732,287,604,223"
7479,5,False,False,0->0,,,,,16,1157,"710,827,546,479,553"
7480,5,False,False,0->0,,,,,16,904,"468,404,74,408,797"
7481,5,False,False,0->0,,,,,16,1899,"612,55,764,512,859"
7482,5,False,False,0->0,,,,,16,786,"663,689,460,9,991"
7483,5,False,False,0->0,,,,,16,786,"383,82,746,986,148"
7485,5,False,False,0->0,,,,,16,1410,"22,769,735,210,330"
7486,5,False,False,0->0,,,,,16,1218,"792,607,436,711,835"
7487,5,False,False,0->0,,,,,16,1629,"659,532,201,146,174"
7488,5,False,False,0->0,,,,,16,535,"873,204,983,517,686"
7489,5,False,False,0->0,,,,,16,667,"875,375,684,45,352"
7491,5,False,False,0->0,,,,,16,881,"840,176,146,779,859"
7493,5,False,False,0->0,,,,,16,1003,"106,868,513,955,173"
7495,5,False,False,0->0,,,,,16,1084,"791,875,482,394,73"
7496,5,False,False,0->0,,,,,16,1042,"322,808,298,22,465"
7497,5,False,False,0->0,,,,,16,353,"688,796,177,615,981"
7498,5,False,False,0->0,,,,,16,985,"173,786,631,843,790"
7499,5,False,False,0->0,,,,,16,501,"356,421,187,898,303"
7500,5,False,False,0->0,,,,,16,845,"729,865,883,270,301"
7501,5,False,False,0->0,,,,,16,350,"269,126,580,496,16"
7502,5,False,False,0->0,,,,,16,502,"74,17,434,654,600"
7504,5,False,False,0->0,,,,,16,279,"999,169,666,731,862"
7506,5,False,False,0->0,,,,,16,234,"53,2,597,401,430"
7508,5,False,False,0->0,,,,,16,598,"83,674,32,314,294"
7509,5,False,False,0->0,,,,,16,419,"899,86,323,362,919"
7510,5,False,False,0->0,,,,,16,1468,"290,314,475,273,808"
7511,5,False,False,0->0,,,,,16,853,"206,64,584,405,817"
7512,5,False,False,0->0,,,,,16,1636,"659,884,607,848,98"
7513,5,False,False,0->0,,,,,16,730,"884,646,770,826,235"
7514,5,False,False,0->0,,,,,16,706,"592,116,368,781,851"
7515,5,False,False,0->0,,,,,16,1065,"471,759,99,272,792"
7519,5,False,False,0->0,,,,,16,598,"224,190,437,293,838"
7520,5,False,False,0->0,,,,,16,596,"524,413,147,439,195"
7521,5,False,False,0->0,,,,,16,612,"120,940,49,229,679"
7522,5,False,False,0->0,,,,,16,473,"332,636,788,945,401"
7523,5,False,False,0->0,,,,,16,1131,"506,964,530,508,711"
7524,5,False,False,0->0,,,,,16,798,"515,714,924,19,448"
7526,5,False,False,0->0,,,,,16,1101,"990,391,577,19,169"
7527,5,False,False,0->0,,,,,16,1543,"914,874,329,320,37"
7528,5,False,False,0->0,,,,,16,1036,"844,448,611,847,157"
7529,5,False,False,0->0,,,,,16,722,"110,178,81,120,455"
7530,5,False,False,0->0,,,,,16,678,"780,253,638,551,797"
7531,5,False,False,0->0,,,,,16,1066,"482,673,593,870,86"
7532,5,False,False,0->0,,,,,16,916,"588,420,816,522,802"
7533,5,False,False,0->0,,,,,16,644,"751,308,446,420,463"
7534,5,False,False,0->0,,,,,16,749,"390,865,178,592,52"
7535,5,False,False,0->0,,,,,16,1034,"88,552,530,927,110"
7536,5,False,False,0->0,,,,,16,666,"372,717,134,384,498"
7537,5,False,False,0->0,,,,,16,1410,"677,706,259,602,491"
7538,5,False,False,0->0,,,,,16,766,"557,672,14,590,523"
7539,5,False,False,0->0,,,,,16,746,"693,407,911,515,324"
7540,5,False,False,0->0,,,,,16,719,"133,20,505,718,687"
7541,5,False,False,0->0,,,,,16,1342,"16,742,162,57,165"
7543,5,False,False,0->0,,,,,16,1100,"310,508,307,36,408"
7544,5,False,False,0->0,,,,,16,1194,"504,767,317,287,493"
7545,5,False,False,0->0,,,,,16,492,"315,177,931,370,2"
7546,5,False,False,0->0,,,,,16,353,"195,554,496,673,650"
7547,5,False,False,0->0,,,,,16,816,"494,342,524,166,739"
7548,5,False,False,0->0,,,,,16,992,"877,746,767,104,565"
7549,5,False,False,0->0,,,,,16,1025,"827,580,926,909,172"
7552,5,False,False,0->0,,,,,16,284,"656,385,146,280,126"
7554,5,False,False,0->0,,,,,16,1602,"931,165,342,485,826"
7556,5,False,False,0->0,,,,,16,688,"690,792,991,461,678"
7557,5,False,False,0->0,,,,,16,286,"517,152,759,854,862"
7558,5,False,False,0->0,,,,,16,738,"289,636,387,17,189"
7560,5,False,False,0->0,,,,,16,946,"714,229,414,662,290"
7561,5,False,False,0->0,,,,,16,656,"570,503,376,263,409"
7562,5,False,False,0->0,,,,,16,998,"69,273,955,868,220"
7563,5,False,False,0->0,,,,,16,693,"667,417,675,520,132"
7564,5,False,False,0->0,,,,,16,631,"690,998,853,564,70"
7566,5,False,False,0->0,,,,,16,1091,"428,980,950,875,669"
7567,5,False,False,0->0,,,,,16,708,"611,340,221,428,670"
7568,5,False,False,0->0,,,,,16,411,"457,815,913,951,612"
7569,5,False,False,0->0,,,,,16,509,"307,787,93,465,557"
7570,5,False,False,0->0,,,,,16,591,"102,371,801,154,38"
7571,5,False,False,0->0,,,,,16,1510,"539,426,532,19,383"
7572,5,False,False,0->0,,,,,16,1010,"495,836,273,228,753"
7574,5,False,False,0->0,,,,,16,883,"290,143,926,100,655"
7575,5,False,False,0->0,,,,,16,681,"441,557,629,253,475"
7576,5,False,False,0->0,,,,,16,940,"326,633,950,285,832"
7578,5,False,False,0->0,,,,,16,500,"622,101,310,994,595"
7579,5,False,False,0->0,,,,,16,857,"372,460,777,204,39"
7580,5,False,False,0->0,,,,,16,746,"677,410,346,999,693"
7583,5,False,False,0->0,,,,,16,779,"67,457,445,103,259"
7586,5,False,False,0->0,,,,,16,695,"317,304,437,207,62"
7587,5,False,False,0->0,,,,,16,1434,"643,625,822,652,893"
7588,5,False,False,0->0,,,,,16,845,"376,333,481,827,167"
7589,5,False,False,0->0,,,,,16,550,"116,986,615,984,423"
7590,5,False,False,0->0,,,,,16,975,"147,324,392,231,736"
7592,5,False,False,0->0,,,,,16,1104,"83,445,702,273,572"
7593,5,False,False,0->0,,,,,16,1333,"577,289,556,773,8"
7594,5,False,False,0->0,,,,,16,440,"528,545,322,587,344"
7595,5,False,False,0->0,,,,,16,1596,"639,541,764,906,863"
7596,5,False,False,0->0,,,,,16,768,"447,757,783,758,147"
7597,5,False,False,0->0,,,,,16,708,"352,717,718,675,139"
7598,5,False,False,0->0,,,,,16,781,"7,915,487,835,268"
7599,5,False,False,0->0,,,,,16,848,"380,369,669,105,54"
7600,5,False,False,0->0,,,,,16,668,"199,58,352,736,400"
7601,5,False,False,0->0,,,,,16,1160,"307,891,651,767,221"
7602,5,False,False,0->0,,,,,16,582,"5,238,915,842,933"
7605,5,False,False,0->0,,,,,16,1429,"188,98,494,631,210"
7608,5,False,False,0->0,,,,,16,487,"417,803,337,737,352"
7609,5,False,False,0->0,,,,,16,1195,"578,380,920,312,2"
7610,5,False,False,0->0,,,,,16,1427,"567,186,326,840,581"
7611,5,False,False,0->0,,,,,16,419,"287,753,401,316,641"
7612,5,False,False,0->0,,,,,16,927,"614,541,376,902,651"
7613,5,False,False,0->0,,,,,16,1915,"652,119,661,700,291"
7616,5,False,False,0->0,,,,,16,681,"734,512,385,78,983"
7617,5,False,False,0->0,,,,,16,1058,"744,365,93,270,375"
7618,5,False,False,0->0,,,,,16,773,"784,413,111,91,910"
7620,5,False,False,0->0,,,,,16,1697,"84,172,681,492,971"
7621,5,False,False,0->0,,,,,16,697,"535,287,491,298,451"
7622,5,False,False,0->0,,,,,16,897,"917,630,731,530,205"
7625,5,False,False,0->0,,,,,16,759,"376,223,471,48,156"
7626,5,False,False,0->0,,,,,16,599,"467,422,724,77,192"
7627,5,False,False,0->0,,,,,16,432,"539,155,472,122,110"
7628,5,False,False,0->0,,,,,16,1402,"257,244,301,544,692"
7629,5,False,False,0->0,,,,,16,1200,"19,22,413,370,552"
7631,5,False,False,0->0,,,,,16,1064,"199,991,308,140,637"
7633,5,False,False,0->0,,,,,16,1329,"11,792,988,34,964"
7635,5,False,False,0->0,,,,,16,1346,"36,822,638,176,106"
7636,5,False,False,0->0,,,,,16,951,"465,773,229,750,93"
7637,5,False,False,0->0,,,,,16,1067,"238,761,506,971,619"
7638,5,False,False,0->0,,,,,16,719,"100,847,29,913,463"
7639,5,False,False,0->0,,,,,16,829,"387,194,898,444,22"
7640,5,False,False,0->0,,,,,16,330,"902,269,479,156,875"
7644,5,False,False,0->0,,,,,16,911,"63,3,920,743,142"
7645,5,False,False,0->0,,,,,16,1799,"555,943,163,626,827"
7646,5,False,False,0->0,,,,,16,1045,"737,735,245,803,873"
7647,5,False,False,0->0,,,,,16,453,"15,765,788,611,842"
7649,5,False,False,0->0,,,,,16,618,"545,15,753,53,322"
7651,5,False,False,0->0,,,,,16,773,"456,37,116,542,356"
7653,5,False,False,0->0,,,,,16,782,"719,198,321,32,497"
7654,5,False,False,0->0,,,,,16,489,"494,246,460,452,933"
7655,5,False,False,0->0,,,,,16,378,"276,688,769,574,550"
7656,5,False,False,0->0,,,,,16,377,"892,685,65,433,317"
7657,5,False,False,0->0,,,,,16,637,"109,359,884,76,70"
7659,5,False,False,0->0,,,,,16,880,"738,661,391,552,451"
7661,5,False,False,0->0,,,,,16,359,"593,642,823,560,183"
7663,5,False,False,0->0,,,,,16,1282,"346,338,840,605,879"
7665,5,False,False,0->0,,,,,16,1674,"253,116,928,204,871"
7666,5,False,False,0->0,,,,,16,733,"813,982,535,947,447"
7668,5,False,False,0->0,,,,,16,1240,"521,111,165,686,891"
7670,5,False,False,0->0,,,,,16,567,"523,670,32,865,829"
7671,5,False,False,0->0,,,,,16,693,"914,568,189,843,314"
7673,5,False,False,0->0,,,,,16,528,"860,107,712,611,994"
7674,5,False,False,0->0,,,,,16,362,"851,303,125,476,593"
7675,5,False,False,0->0,,,,,16,699,"979,106,683,789,782"
7676,5,False,False,0->0,,,,,16,698,"522,895,813,121,343"
7678,5,False,False,0->0,,,,,16,559,"774,158,976,977,263"
7679,5,False,False,0->0,,,,,16,556,"982,472,815,966,26"
7680,5,False,False,0->0,,,,,16,1189,"835,986,789,140,587"
7681,5,False,False,0->0,,,,,16,984,"555,667,957,856,210"
7682,5,False,False,0->0,,,,,16,466,"187,852,74,611,407"
7684,5,False,False,0->0,,,,,16,280,"360,690,378,94,159"
7685,5,False,False,0->0,,,,,16,498,"909,637,260,235,314"
7686,5,False,False,0->0,,,,,16,546,"926,166,269,633,950"
7688,5,False,False,0->0,,,,,16,1559,"93,284,88,653,154"
7691,5,False,False,0->0,,,,,16,603,"390,72,11,788,195"
7692,5,False,False,0->0,,,,,16,670,"774,489,866,467,209"
7695,5,False,False,0->0,,,,,16,463,"856,844,949,921,184"
7697,5,False,False,0->0,,,,,16,871,"243,848,206,46,453"
7700,5,False,False,0->0,,,,,16,326,"543,110,128,519,150"
7701,5,False,False,0->0,,,,,16,914,"474,195,531,775,88"
7703,5,False,False,0->0,,,,,16,789,"114,768,606,976,721"
7706,5,False,False,0->0,,,,,16,1074,"220,157,857,676,381"
7707,5,False,False,0->0,,,,,16,590,"707,263,748,798,689"
7708,5,False,False,0->0,,,,,16,1037,"254,77,51,100,657"
7712,5,False,False,0->0,,,,,16,1085,"845,713,322,726,102"
7715,5,False,False,0->0,,,,,16,467,"648,929,318,573,307"
7716,5,False,False,0->0,,,,,16,626,"692,344,824,883,697"
7719,5,False,False,0->0,,,,,16,1377,"83,493,310,971,724"
7720,5,False,False,0->0,,,,,16,718,"260,538,772,421,95"
7721,5,False,False,0->0,,,,,16,734,"902,83,857,446,614"
7723,5,False,False,0->0,,,,,16,971,"954,60,194,308,724"
7724,5,False,False,0->0,,,,,16,892,"922,414,135,381,268"
7725,5,False,False,0->0,,,,,16,1344,"896,471,570,104,684"
7727,5,False,False,0->0,,,,,16,678,"956,937,416,816,454"
7730,5,False,False,0->0,,,,,16,883,"813,640,174,497,643"
7731,5,False,False,0->0,,,,,16,1122,"545,654,700,92,104"
7732,5,False,False,0->0,,,,,16,564,"293,784,347,335,837"
7733,5,False,False,0->0,,,,,16,449,"543,468,67,696,817"
7734,5,False,False,0->0,,,,,16,653,"166,179,777,80,386"
7735,5,False,False,0->0,,,,,16,872,"331,197,61,603,601"
7737,5,False,False,0->0,,,,,16,882,"767,463,530,438,857"
7738,5,False,False,0->0,,,,,16,218,"128,690,177,769,122"
7740,5,False,False,0->0,,,,,16,1600,"930,777,908,419,200"
7741,5,False,False,0->0,,,,,16,423,"778,753,303,474,461"
7742,5,False,False,0->0,,,,,16,503,"633,763,413,342,214"
7743,5,False,False,0->0,,,,,16,1013,"514,364,238,109,249"
7745,5,False,False,0->0,,,,,16,1655,"566,930,208,845,174"
7746,5,False,False,0->0,,,,,16,1065,"749,452,777,343,545"
7747,5,False,False,0->0,,,,,16,1604,"124,374,764,487,651"
7748,5,False,False,0->0,,,,,16,547,"852,993,542,870,48"
7749,5,False,False,0->0,,,,,16,532,"46,992,50,69,600"
7751,5,False,False,0->0,,,,,16,2277,"578,710,235,544,652"
7752,5,False,False,0->0,,,,,16,1027,"499,216,791,100,76"
7753,5,False,False,0->0,,,,,16,977,"1000,298,594,290,121"
7754,5,False,False,0->0,,,,,16,926,"652,971,265,97,683"
7755,5,False,False,0->0,,,,,16,576,"372,111,554,134,718"
7757,5,False,False,0->0,,,,,16,1006,"1,92,50,59,24"
7758,5,False,False,0->0,,,,,16,928,"693,22,200,444,133"
7759,5,False,False,0->0,,,,,16,564,"983,2,505,573,763"
7760,5,False,False,0->0,,,,,16,492,"413,924,637,4,386"
7762,5,False,False,0->0,,,,,16,549,"597,979,322,541,755"
7763,5,False,False,0->0,,,,,16,688,"274,473,817,536,4"
7764,5,False,False,0->0,,,,,16,275,"231,791,422,836,895"
7767,5,False,False,0->0,,,,,16,828,"122,67,318,285,973"
7769,5,False,False,0->0,,,,,16,1195,"703,900,805,391,389"
7770,5,False,False,0->0,,,,,16,1252,"402,887,990,83,833"
7774,5,False,False,0->0,,,,,16,854,"64,364,98,266,141"
7775,5,False,False,0->0,,,,,16,773,"883,156,111,506,124"
7780,5,False,False,0->0,,,,,16,269,"689,549,146,611,788"
7781,5,False,False,0->0,,,,,16,395,"679,25,193,712,855"
7782,5,False,False,0->0,,,,,16,826,"269,346,343,689,8"
7783,5,False,False,0->0,,,,,16,1647,"670,746,887,230,972"
7785,5,False,False,0->0,,,,,16,760,"146,205,543,804,917"
7787,5,False,False,0->0,,,,,16,861,"723,385,223,188,498"
7788,5,False,False,0->0,,,,,16,1381,"347,567,324,312,379"
7789,5,False,False,0->0,,,,,16,866,"498,948,402,858,952"
7790,5,False,False,0->0,,,,,16,971,"594,111,857,154,73"
7792,5,False,False,0->0,,,,,16,1840,"505,288,163,174,289"
7793,5,False,False,0->0,,,,,16,1004,"687,763,792,55,202"
7796,5,False,False,0->0,,,,,16,1208,"120,473,764,524,402"
7798,5,False,False,0->0,,,,,16,1478,"626,798,849,363,834"
7799,5,False,False,0->0,,,,,16,948,"20,765,390,375,756"
7800,5,False,False,0->0,,,,,16,378,"810,773,47,187,517"
7801,5,False,False,0->0,,,,,16,567,"176,691,79,872,248"
7802,5,False,False,0->0,,,,,16,484,"442,102,107,50,156"
7805,5,False,False,0->0,,,,,16,417,"131,40,760,260,867"
7806,5,False,False,0->0,,,,,16,273,"125,993,969,384,910"
7807,5,False,False,0->0,,,,,16,405,"885,110,524,85,908"
7808,5,False,False,0->0,,,,,16,595,"41,748,307,981,451"
7812,5,False,False,0->0,,,,,16,584,"384,810,172,477,510"
7813,5,False,False,0->0,,,,,16,1193,"314,822,138,885,834"
7814,5,False,False,0->0,,,,,16,971,"173,861,400,241,452"
7815,5,False,False,0->0,,,,,16,676,"910,218,632,498,673"
7818,5,False,False,0->0,,,,,16,411,"966,393,407,507,931"
7819,5,False,False,0->0,,,,,16,1454,"621,968,844,84,114"
7820,5,False,False,0->0,,,,,16,985,"370,593,187,423,405"
7822,5,False,False,0->0,,,,,16,547,"695,650,481,709,448"
7824,5,False,False,0->0,,,,,16,189,"514,280,600,45,32"
7825,5,False,False,0->0,,,,,16,1078,"505,532,459,828,67"
7828,5,False,False,0->0,,,,,16,1178,"298,659,325,97,641"
7830,5,False,False,0->0,,,,,16,400,"394,193,513,6,568"
7831,5,False,False,0->0,,,,,16,520,"220,603,231,344,680"
7832,5,False,False,0->0,,,,,16,1838,"728,880,438,350,754"
7835,5,False,False,0->0,,,,,16,1496,"415,395,655,263,197"
7836,5,False,False,0->0,,,,,16,348,"412,397,836,720,531"
7838,5,False,False,0->0,,,,,16,691,"5,157,811,40,414"
7839,5,False,False,0->0,,,,,16,1087,"732,521,224,471,1"
7840,5,False,False,0->0,,,,,16,784,"458,137,173,675,329"
7841,5,False,False,0->0,,,,,16,926,"315,106,433,187,313"
7842,5,False,False,0->0,,,,,16,333,"446,919,142,214,186"
7843,5,False,False,0->0,,,,,16,946,"192,948,956,833,490"
7844,5,False,False,0->0,,,,,16,464,"344,42,249,868,572"
7846,5,False,False,0->0,,,,,16,1247,"964,738,940,627,102"
7847,5,False,False,0->0,,,,,16,727,"863,33,919,211,804"
7851,5,False,False,0->0,,,,,16,465,"934,1000,909,483,667"
7852,5,False,False,0->0,,,,,16,934,"583,288,463,572,937"
7853,5,False,False,0->0,,,,,16,674,"421,744,652,851,537"
7855,5,False,False,0->0,,,,,16,513,"695,519,498,299,204"
7856,5,False,False,0->0,,,,,16,1070,"727,16,772,887,898"
7857,5,False,False,0->0,,,,,16,871,"8,29,523,948,447"
7858,5,False,False,0->0,,,,,16,309,"709,593,124,811,862"
7859,5,False,False,0->0,,,,,16,1181,"211,738,523,324,264"
7863,5,False,False,0->0,,,,,16,344,"751,926,824,438,765"
7864,5,False,False,0->0,,,,,16,511,"217,486,408,676,303"
7865,5,False,False,0->0,,,,,16,548,"999,180,905,329,798"
7866,5,False,False,0->0,,,,,16,893,"436,528,803,326,261"
7869,5,False,False,0->0,,,,,16,985,"467,648,403,178,624"
7870,5,False,False,0->0,,,,,16,646,"222,550,599,61,426"
7871,5,False,False,0->0,,,,,16,1234,"673,113,974,553,565"
7872,5,False,False,0->0,,,,,16,542,"817,675,667,69,355"
7873,5,False,False,0->0,,,,,16,1070,"920,615,264,176,26"
7874,5,False,False,0->0,,,,,16,1059,"710,165,146,610,775"
7875,5,False,False,0->0,,,,,16,576,"38,206,137,951,469"
7876,5,False,False,0->0,,,,,16,730,"155,838,16,257,433"
7877,5,False,False,0->0,,,,,16,823,"206,777,977,951,669"
7878,5,False,False,0->0,,,,,16,340,"492,82,260,184,929"
7879,5,False,False,0->0,,,,,16,381,"31,526,830,933,11"
7880,5,False,False,0->0,,,,,16,1676,"273,476,230,567,12"
7882,5,False,False,0->0,,,,,16,1052,"567,105,445,758,847"
7883,5,False,False,0->0,,,,,16,462,"774,844,741,550,156"
7885,5,False,False,0->0,,,,,16,1112,"268,977,717,588,700"
7886,5,False,False,0->0,,,,,16,430,"955,318,137,625,765"
7887,5,False,False,0->0,,,,,16,560,"510,635,765,312,560"
7890,5,False,False,0->0,,,,,16,299,"654,884,854,178,116"
7893,5,False,False,0->0,,,,,16,554,"347,330,417,99,461"
7894,5,False,False,0->0,,,,,16,776,"266,451,680,335,91"
7898,5,False,False,0->0,,,,,16,299,"934,236,907,85,905"
7899,5,False,False,0->0,,,,,16,376,"838,557,963,522,910"
7900,5,False,False,0->0,,,,,16,954,"590,796,235,418,954"
7902,5,False,False,0->0,,,,,16,1583,"693,308,338,88,200"
7903,5,False,False,0->0,,,,,16,608,"93,926,857,141,443"
7904,5,False,False,0->0,,,,,16,377,"779,919,537,44,176"
7905,5,False,False,0->0,,,,,16,427,"476,712,759,457,716"
7907,5,False,False,0->0,,,,,16,587,"322,222,325,724,51"
7908,5,False,False,0->0,,,,,16,487,"908,828,299,696,718"
7909,5,False,False,0->0,,,,,16,558,"844,781,492,753,238"
7910,5,False,False,0->0,,,,,16,1462,"668,128,85,659,405"
7911,5,False,False,0->0,,,,,16,776,"523,980,93,438,209"
7912,5,False,False,0->0,,,,,16,560,"380,867,557,50,993"
7914,5,False,False,0->0,,,,,16,1126,"899,247,776,689,631"
7917,5,False,False,0->0,,,,,16,756,"299,840,158,649,180"
7918,5,False,False,0->0,,,,,16,523,"867,779,683,358,970"
7919,5,False,False,0->0,,,,,16,486,"77,782,100,897,581"
7921,5,False,False,0->0,,,,,16,1079,"761,424,304,536,489"
7923,5,False,False,0->0,,,,,16,1178,"610,204,998,703,150"
7924,5,False,False,0->0,,,,,16,1636,"225,631,409,113,822"
7926,5,False,False,0->0,,,,,16,810,"603,851,808,609,824"
7927,5,False,False,0->0,,,,,16,882,"458,733,536,741,527"
7928,5,False,False,0->0,,,,,16,1005,"80,672,161,590,542"
7929,5,False,False,0->0,,,,,16,603,"21,638,57,817,452"
7930,5,False,False,0->0,,,,,16,1026,"958,183,298,735,736"
7931,5,False,False,0->0,,,,,16,495,"978,164,573,457,362"
7933,5,False,False,0->0,,,,,16,722,"620,911,459,147,938"
7935,5,False,False,0->0,,,,,16,1057,"797,667,447,715,8"
7936,5,False,False,0->0,,,,,16,984,"293,49,429,493,740"
7937,5,False,False,0->0,,,,,16,569,"793,177,501,980,850"
7938,5,False,False,0->0,,,,,16,920,"255,536,263,944,438"
7939,5,False,False,0->0,,,,,16,1140,"635,714,998,326,476"
7940,5,False,False,0->0,,,,,16,931,"448,779,493,99,355"
7942,5,False,False,0->0,,,,,16,468,"555,752,721,280,52"
7943,5,False,False,0->0,,,,,16,301,"43,580,97,554,977"
7946,5,False,False,0->0,,,,,16,762,"99,92,446,503,667"
7947,5,False,False,0->0,,,,,16,540,"451,581,982,206,127"
7948,5,False,False,0->0,,,,,16,720,"508,906,517,570,510"
7949,5,False,False,0->0,,,,,16,1095,"147,814,604,411,737"
7950,5,False,False,0->0,,,,,16,483,"314,814,321,981,373"
7955,5,False,False,0->0,,,,,16,652,"20,273,445,704,201"
7956,5,False,False,0->0,,,,,16,470,"430,254,622,479,404"
7957,5,False,False,0->0,,,,,16,597,"72,209,415,714,983"
7958,5,False,False,0->0,,,,,16,337,"192,991,574,911,474"
7960,5,False,False,0->0,,,,,16,844,"36,791,198,983,496"
7961,5,False,False,0->0,,,,,16,425,"817,537,775,892,282"
7963,5,False,False,0->0,,,,,16,579,"187,492,102,428,87"
7964,5,False,False,0->0,,,,,16,576,"813,467,935,870,459"
7965,5,False,False,0->0,,,,,16,744,"211,424,935,386,51"
7966,5,False,False,0->0,,,,,16,684,"508,531,572,271,913"
7967,5,False,False,0->0,,,,,16,1044,"626,714,695,519,294"
7968,5,False,False,0->0,,,,,16,622,"490,927,694,105,454"
7969,5,False,False,0->0,,,,,16,705,"131,113,844,134,203"
7970,5,False,False,0->0,,,,,16,543,"321,687,673,597,934"
7971,5,False,False,0->0,,,,,16,795,"437,498,905,244,370"
7972,5,False,False,0->0,,,,,16,613,"90,849,106,79,384"
7973,5,False,False,0->0,,,,,16,782,"842,233,580,532,218"
7974,5,False,False,0->0,,,,,16,742,"517,494,868,156,508"
7975,5,False,False,0->0,,,,,16,307,"496,394,120,990,765"
7976,5,False,False,0->0,,,,,16,321,"551,146,137,991,494"
7977,5,False,False,0->0,,,,,16,1992,"343,840,588,366,51"
7978,5,False,False,0->0,,,,,16,491,"87,243,82,12,588"
7979,5,False,False,0->0,,,,,16,1011,"338,779,370,814,782"
7981,5,False,False,0->0,,,,,16,1357,"74,375,735,810,261"
7982,5,False,False,0->0,,,,,16,845,"370,461,235,866,948"
7985,5,False,False,0->0,,,,,16,671,"751,982,481,162,708"
7986,5,False,False,0->0,,,,,16,1597,"755,301,508,238,776"
7987,5,False,False,0->0,,,,,16,877,"778,503,52,573,995"
7988,5,False,False,0->0,,,,,16,1518,"960,395,54,368,545"
7989,5,False,False,0->0,,,,,16,1323,"340,230,116,188,333"
7990,5,False,False,0->0,,,,,16,703,"178,651,180,305,263"
7991,5,False,False,0->0,,,,,16,1299,"724,223,84,424,600"
7993,5,False,False,0->0,,,,,16,575,"62,498,910,634,205"
7994,5,False,False,0->0,,,,,16,596,"203,190,689,441,302"
7995,5,False,False,0->0,,,,,16,1195,"764,405,609,461,217"
7996,5,False,False,0->0,,,,,16,919,"309,13,584,774,114"
7997,5,False,False,0->0,,,,,16,1119,"623,883,452,414,505"
8002,5,False,False,0->0,,,,,16,635,"818,111,570,469,798"
8003,5,False,False,0->0,,,,,16,535,"45,575,393,285,767"
8004,5,False,False,0->0,,,,,16,1101,"368,323,707,130,127"
8005,5,False,False,0->0,,,,,16,184,"672,249,180,126,137"
8006,5,False,False,0->0,,,,,16,667,"454,571,370,225,961"
8007,5,False,False,0->0,,,,,16,630,"934,27,929,548,654"
8008,5,False,False,0->0,,,,,16,540,"593,755,907,594,86"
8009,5,False,False,0->0,,,,,16,529,"190,293,133,668,704"
8010,5,False,False,0->0,,,,,16,947,"739,236,681,696,605"
8011,5,False,False,0->0,,,,,16,788,"879,460,510,305,865"
8014,5,False,False,0->0,,,,,16,1125,"587,143,482,582,268"
8015,5,False,False,0->0,,,,,16,1067,"651,379,571,750,560"
8016,5,False,False,0->0,,,,,16,1307,"220,481,445,822,835"
8017,5,False,False,0->0,,,,,16,748,"94,91,364,384,794"
8018,5,False,False,0->0,,,,,16,1263,"220,388,362,173,426"
8019,5,False,False,0->0,,,,,16,915,"366,80,810,48,479"
8021,5,False,False,0->0,,,,,16,727,"568,944,710,106,530"
8022,5,False,False,0->0,,,,,16,1064,"50,733,52,303,520"
8023,5,False,False,0->0,,,,,16,388,"476,11,888,267,457"
8024,5,False,False,0->0,,,,,16,1011,"539,20,536,267,728"
8025,5,False,False,0->0,,,,,16,843,"315,575,789,383,624"
8029,5,False,False,0->0,,,,,16,983,"824,631,878,706,672"
8030,5,False,False,0->0,,,,,16,1040,"726,699,43,706,126"
8031,5,False,False,0->0,,,,,16,1592,"895,162,994,874,21"
8032,5,False,False,0->0,,,,,16,1167,"255,983,566,493,262"
8033,5,False,False,0->0,,,,,16,763,"878,870,817,688,887"
8037,5,False,False,0->0,,,,,16,1653,"388,168,971,205,917"
8038,5,False,False,0->0,,,,,16,807,"945,221,898,50,602"
8039,5,False,False,0->0,,,,,16,2163,"340,544,942,216,754"
8040,5,False,False,0->0,,,,,16,356,"122,98,761,46,823"
8042,5,False,False,0->0,,,,,16,1339,"46,960,493,874,984"
8043,5,False,False,0->0,,,,,16,996,"568,380,545,1,113"
8044,5,False,False,0->0,,,,,16,329,"403,402,933,243,972"
8045,5,False,False,0->0,,,,,16,817,"158,265,254,833,553"
8047,5,False,False,0->0,,,,,16,677,"459,403,320,500,828"
8048,5,False,False,0->0,,,,,16,785,"677,81,592,731,679"
8049,5,False,False,0->0,,,,,16,837,"783,787,742,590,243"
8050,5,False,False,0->0,,,,,16,666,"708,104,773,145,175"
8051,5,False,False,0->0,,,,,16,527,"519,101,667,854,824"
8052,5,False,False,0->0,,,,,16,1003,"190,476,395,685,758"
8053,5,True,True,1->1,0.0976202439285493,0.0976202439285493,4.300222211557443,4.300222211557443,16,394,"429,193,69,144,952"
8054,5,False,False,0->0,,,,,16,719,"94,38,155,570,745"
8055,5,False,False,0->0,,,,,16,923,"288,289,217,238,610"
8058,5,False,False,0->0,,,,,16,343,"787,771,330,20,403"
8059,5,False,False,0->0,,,,,16,994,"989,255,172,330,249"
8061,5,False,False,0->0,,,,,16,951,"594,5,187,709,700"
8062,5,False,False,0->0,,,,,16,1243,"16,582,18,964,971"
8063,5,False,False,0->0,,,,,16,1169,"51,141,663,954,941"
8064,5,False,False,0->0,,,,,16,1175,"696,163,371,843,120"
8065,5,False,False,0->0,,,,,16,1130,"156,391,716,8,485"
8066,5,False,False,0->0,,,,,16,244,"297,806,574,506,120"
8067,5,False,False,0->0,,,,,16,1142,"816,764,472,469,352"
8068,5,False,False,0->0,,,,,16,585,"184,474,930,593,276"
8069,5,False,False,0->0,,,,,16,1146,"320,365,801,835,324"
8070,5,False,False,0->0,,,,,16,587,"866,877,405,736,126"
8071,5,False,False,0->0,,,,,16,328,"687,585,352,63,60"
8072,5,False,False,0->0,,,,,16,633,"731,556,372,317,426"
8073,5,False,False,0->0,,,,,16,398,"705,439,724,22,888"
8075,5,False,False,0->0,,,,,16,858,"497,471,629,910,933"
8080,5,False,False,0->0,,,,,16,364,"927,908,711,4,929"
8082,5,False,False,0->0,,,,,16,1386,"261,674,157,419,128"
8084,5,False,False,0->0,,,,,16,668,"879,781,527,908,95"
8085,5,False,False,0->0,,,,,16,676,"458,580,859,392,727"
8088,5,False,False,0->0,,,,,16,554,"309,687,685,636,759"
8089,5,False,False,0->0,,,,,16,1374,"792,379,777,634,52"
8090,5,False,False,0->0,,,,,16,838,"124,62,755,607,528"
8091,5,False,False,0->0,,,,,16,313,"554,56,183,867,992"
8092,5,False,False,0->0,,,,,16,757,"678,176,46,945,262"
8093,5,False,False,0->0,,,,,16,667,"998,62,220,144,242"
8094,5,False,False,0->0,,,,,16,881,"198,805,627,697,824"
8095,5,False,False,0->0,,,,,16,534,"890,78,414,870,653"
8096,5,False,False,0->0,,,,,16,398,"251,43,719,935,5"
8097,5,False,False,0->0,,,,,16,625,"684,999,42,439,971"
8098,5,False,False,0->0,,,,,16,589,"788,611,595,615,90"
8099,5,False,False,0->0,,,,,16,794,"421,861,61,174,791"
8102,5,False,False,0->0,,,,,16,584,"412,57,13,972,783"
8103,5,False,False,0->0,,,,,16,585,"679,642,940,643,870"
8104,5,False,False,0->0,,,,,16,1573,"687,92,290,993,764"
8105,5,False,False,0->0,,,,,16,572,"407,512,981,184,793"
8106,5,False,False,0->0,,,,,16,948,"803,255,474,520,409"
8107,5,False,False,0->0,,,,,16,331,"730,958,479,506,356"
8108,5,False,False,0->0,,,,,16,1191,"267,655,375,583,426"
8110,5,False,False,0->0,,,,,16,1283,"513,718,802,166,11"
8112,5,False,False,0->0,,,,,16,1281,"41,284,304,326,798"
8113,5,False,False,0->0,,,,,16,566,"622,223,45,660,619"
8114,5,False,False,0->0,,,,,16,353,"489,673,589,613,175"
8116,5,False,False,0->0,,,,,16,352,"340,303,182,811,867"
8117,5,False,False,0->0,,,,,16,1191,"23,732,849,482,174"
8118,5,False,False,0->0,,,,,16,979,"335,715,995,496,876"
8119,5,False,False,0->0,,,,,16,1184,"703,203,680,792,536"
8120,5,False,False,0->0,,,,,16,1149,"426,405,680,105,737"
8122,5,False,False,0->0,,,,,16,555,"382,245,452,429,358"
8123,5,False,False,0->0,,,,,16,1660,"143,455,710,21,822"
8125,5,False,False,0->0,,,,,16,746,"523,424,835,586,56"
8126,5,False,False,0->0,,,,,16,259,"691,872,422,656,425"
8127,5,False,False,0->0,,,,,16,702,"96,236,573,128,941"
8129,5,False,False,0->0,,,,,16,453,"752,615,550,677,403"
8131,5,False,False,0->0,,,,,16,467,"359,606,280,195,831"
8132,5,False,False,0->0,,,,,16,815,"539,532,563,494,41"
8133,5,False,False,0->0,,,,,16,531,"680,945,507,524,167"
8134,5,False,False,0->0,,,,,16,397,"709,595,958,929,593"
8135,5,False,False,0->0,,,,,16,1598,"29,998,264,927,3"
8137,5,False,False,0->0,,,,,16,1513,"772,926,290,712,350"
8138,5,False,False,0->0,,,,,16,865,"670,496,578,727,519"
8139,5,False,False,0->0,,,,,16,861,"499,514,303,826,382"
8140,5,False,False,0->0,,,,,16,879,"452,388,294,439,279"
8141,5,False,False,0->0,,,,,16,1232,"679,397,88,763,273"
8142,5,False,False,0->0,,,,,16,251,"823,158,606,422,287"
8143,5,False,False,0->0,,,,,16,752,"398,994,796,448,50"
8145,5,False,False,0->0,,,,,16,944,"428,554,55,738,958"
8147,5,False,False,0->0,,,,,16,705,"527,80,911,958,363"
8148,5,False,False,0->0,,,,,16,931,"780,448,500,56,735"
8150,5,False,False,0->0,,,,,16,872,"733,774,888,948,104"
8151,5,False,False,0->0,,,,,16,415,"249,327,620,586,691"
8153,5,False,False,0->0,,,,,16,768,"553,252,158,447,401"
8155,5,False,False,0->0,,,,,16,872,"907,856,828,845,280"
8156,5,False,False,0->0,,,,,16,651,"507,922,446,174,420"
8158,5,False,False,0->0,,,,,16,1539,"7,730,578,290,396"
8159,5,False,False,0->0,,,,,16,1163,"448,931,987,379,581"
8161,5,False,False,0->0,,,,,16,579,"268,760,617,214,658"
8162,5,False,False,0->0,,,,,16,1162,"823,590,511,930,612"
8165,5,False,False,0->0,,,,,16,1019,"178,722,419,23,44"
8166,5,False,False,0->0,,,,,16,777,"446,73,315,837,897"
8167,5,False,False,0->0,,,,,16,1652,"764,884,150,595,876"
8170,5,False,False,0->0,,,,,16,956,"607,867,193,704,661"
8171,5,False,False,0->0,,,,,16,474,"404,333,57,43,340"
8172,5,False,False,0->0,,,,,16,701,"813,990,833,982,848"
8173,5,False,False,0->0,,,,,16,776,"623,743,979,42,815"
8174,5,False,False,0->0,,,,,16,1019,"633,637,426,148,858"
8175,5,False,False,0->0,,,,,16,1133,"78,823,302,546,485"
8178,5,False,False,0->0,,,,,16,1111,"32,19,590,362,907"
8179,5,False,False,0->0,,,,,16,577,"42,474,630,897,276"
8180,5,False,False,0->0,,,,,16,1211,"395,794,672,1,629"
8181,5,False,False,0->0,,,,,16,466,"594,581,371,346,404"
8182,5,False,False,0->0,,,,,16,175,"811,100,982,638,642"
8183,5,False,False,0->0,,,,,16,766,"883,704,127,283,625"
8184,5,False,False,0->0,,,,,16,794,"548,957,439,221,673"
8185,5,False,False,0->0,,,,,16,844,"528,324,639,467,817"
8186,5,False,False,0->0,,,,,16,983,"769,840,615,719,185"
8188,5,False,False,0->0,,,,,16,973,"155,703,943,254,448"
8189,5,False,False,0->0,,,,,16,546,"970,566,744,447,401"
8190,5,False,False,0->0,,,,,16,244,"609,813,794,134,178"
8191,5,False,False,0->0,,,,,16,613,"11,212,550,705,833"
8192,5,False,False,0->0,,,,,16,1116,"482,474,182,539,850"
8193,5,False,False,0->0,,,,,16,309,"500,41,280,660,142"
8194,5,False,False,0->0,,,,,16,1360,"400,879,421,695,57"
8195,5,False,False,0->0,,,,,16,977,"677,895,174,43,678"
8196,5,False,False,0->0,,,,,16,789,"8,249,830,83,556"
8198,5,False,False,0->0,,,,,16,858,"934,105,926,302,821"
8200,5,False,False,0->0,,,,,16,627,"91,139,945,722,993"
8201,5,False,False,0->0,,,,,16,572,"402,65,376,231,24"
8202,5,False,False,0->0,,,,,16,637,"331,441,483,607,985"
8204,5,False,False,0->0,,,,,16,1134,"125,816,122,162,883"
8206,5,False,False,0->0,,,,,16,1712,"390,472,577,776,379"
8208,5,False,False,0->0,,,,,16,607,"655,41,731,221,404"
8209,5,False,False,0->0,,,,,16,869,"656,137,986,113,678"
8210,5,False,False,0->0,,,,,16,1134,"37,710,421,556,262"
8212,5,False,False,0->0,,,,,16,726,"491,265,368,528,362"
8215,5,False,False,0->0,,,,,16,828,"652,595,312,338,398"
8216,5,False,False,0->0,,,,,16,887,"629,202,204,355,451"
8217,5,False,False,0->0,,,,,16,752,"437,532,938,982,905"
8219,5,False,False,0->0,,,,,16,293,"333,854,622,496,977"
8221,5,False,False,0->0,,,,,16,560,"196,622,782,347,729"
8223,5,False,False,0->0,,,,,16,653,"498,517,584,641,737"
8224,5,False,False,0->0,,,,,16,751,"61,895,660,52,228"
8225,5,False,False,0->0,,,,,16,435,"217,144,755,137,358"
8226,5,False,False,0->0,,,,,16,739,"660,501,481,147,337"
8227,5,False,False,0->0,,,,,16,316,"475,439,689,731,614"
8229,5,False,False,0->0,,,,,16,677,"688,763,294,756,204"
8231,5,False,False,0->0,,,,,16,459,"78,622,309,217,791"
8232,5,False,False,0->0,,,,,16,1219,"171,746,370,750,875"
8234,5,False,False,0->0,,,,,16,458,"709,506,74,146,646"
8237,5,False,False,0->0,,,,,16,860,"855,995,568,302,301"
8238,5,False,False,0->0,,,,,16,959,"380,163,885,54,832"
8239,5,False,False,0->0,,,,,16,1232,"171,851,330,482,438"
8240,5,False,False,0->0,,,,,16,834,"639,486,38,679,37"
8241,5,False,False,0->0,,,,,16,667,"752,546,976,511,620"
8243,5,False,False,0->0,,,,,16,867,"431,183,549,459,102"
8244,5,False,False,0->0,,,,,16,872,"411,150,956,716,474"
8245,5,False,False,0->0,,,,,16,350,"961,984,622,474,854"
8246,5,False,False,0->0,,,,,16,884,"95,165,338,294,642"
8247,5,False,False,0->0,,,,,16,490,"801,563,722,60,760"
8248,5,False,False,0->0,,,,,16,836,"453,711,423,138,872"
8249,5,False,False,0->0,,,,,16,756,"79,599,944,689,740"
8250,5,False,False,0->0,,,,,16,790,"309,106,274,830,848"
8251,5,False,False,0->0,,,,,16,425,"606,538,521,813,465"
8252,5,False,False,0->0,,,,,16,1443,"419,986,347,370,566"
8253,5,False,False,0->0,,,,,16,548,"663,283,41,868,796"
8254,5,False,False,0->0,,,,,16,791,"863,481,260,985,346"
8256,5,False,False,0->0,,,,,16,1126,"950,166,684,431,83"
8258,5,False,False,0->0,,,,,16,790,"724,413,487,178,490"
8259,5,False,False,0->0,,,,,16,810,"653,928,982,206,410"
8263,5,False,False,0->0,,,,,16,1121,"582,69,327,51,941"
8264,5,False,False,0->0,,,,,16,393,"902,274,12,851,571"
8266,5,False,False,0->0,,,,,16,685,"65,571,148,72,424"
8267,5,False,False,0->0,,,,,16,994,"356,915,15,728,229"
8268,5,False,False,0->0,,,,,16,771,"126,270,7,840,793"
8269,5,False,False,0->0,,,,,16,1508,"221,198,189,659,877"
8272,5,False,False,0->0,,,,,16,811,"737,510,691,458,431"
8273,5,False,False,0->0,,,,,16,987,"228,572,63,513,431"
8274,5,False,False,0->0,,,,,16,1091,"164,756,141,667,252"
8275,5,False,False,0->0,,,,,16,721,"138,424,387,601,67"
8276,5,False,False,0->0,,,,,16,646,"327,37,794,437,283"
8277,5,False,False,0->0,,,,,16,794,"105,620,739,870,278"
8278,5,False,False,0->0,,,,,16,514,"61,729,890,430,92"
8280,5,False,False,0->0,,,,,16,631,"531,848,994,575,823"
8281,5,False,False,0->0,,,,,16,335,"631,250,70,564,788"
8282,5,False,False,0->0,,,,,16,729,"270,959,896,271,658"
8284,5,False,False,0->0,,,,,16,1141,"535,84,80,762,477"
8285,5,False,False,0->0,,,,,16,844,"585,362,458,903,36"
8286,5,False,False,0->0,,,,,16,1067,"90,730,77,152,419"
8287,5,False,False,0->0,,,,,16,476,"586,154,956,979,472"
8290,5,False,False,0->0,,,,,16,815,"69,113,922,481,687"
8291,5,False,False,0->0,,,,,16,832,"473,162,67,814,736"
8292,5,False,False,0->0,,,,,16,807,"518,418,1000,848,986"
8293,5,False,False,0->0,,,,,16,1058,"197,441,46,854,535"
8294,5,False,False,0->0,,,,,16,984,"15,36,220,138,667"
8297,5,False,False,0->0,,,,,16,1307,"250,373,624,216,792"
8298,5,False,False,0->0,,,,,16,975,"113,532,96,12,786"
8300,5,False,False,0->0,,,,,16,900,"908,968,611,699,290"
8301,5,False,False,0->0,,,,,16,665,"674,171,412,752,459"
8302,5,False,False,0->0,,,,,16,486,"437,278,20,915,391"
8303,5,False,False,0->0,,,,,16,1420,"589,764,687,703,953"
8304,5,False,False,0->0,,,,,16,1087,"373,214,900,92,53"
8305,5,False,False,0->0,,,,,16,594,"641,984,638,522,83"
8306,5,False,False,0->0,,,,,16,566,"1000,524,17,513,522"
8307,5,False,False,0->0,,,,,16,336,"592,124,752,279,873"
8308,5,False,False,0->0,,,,,16,1047,"467,182,569,232,8"
8311,5,False,False,0->0,,,,,16,155,"961,790,675,788,137"
8312,5,False,False,0->0,,,,,16,683,"474,121,417,152,72"
8313,5,False,False,0->0,,,,,16,1273,"926,659,100,728,497"
8315,5,False,False,0->0,,,,,16,554,"913,252,600,85,107"
8316,5,False,False,0->0,,,,,16,561,"330,890,411,78,124"
8317,5,False,False,0->0,,,,,16,833,"486,919,719,493,595"
8319,5,False,False,0->0,,,,,16,934,"684,18,578,865,855"
8320,5,False,False,0->0,,,,,16,358,"761,890,805,968,460"
8321,5,False,False,0->0,,,,,16,842,"140,413,890,247,47"
8322,5,False,False,0->0,,,,,16,405,"920,365,401,538,531"
8323,5,False,False,0->0,,,,,16,832,"417,828,379,903,297"
8324,5,False,False,0->0,,,,,16,674,"446,570,113,491,751"
8325,5,False,False,0->0,,,,,16,515,"680,412,110,372,276"
8327,5,False,False,0->0,,,,,16,929,"712,194,97,359,150"
8328,5,False,False,0->0,,,,,16,678,"878,898,605,716,613"
8330,5,False,False,0->0,,,,,16,931,"823,370,14,577,736"
8331,5,False,False,0->0,,,,,16,610,"653,439,771,272,325"
8332,5,False,False,0->0,,,,,16,1218,"772,453,9,914,458"
8333,5,False,False,0->0,,,,,16,645,"85,284,106,48,568"
8335,5,False,False,0->0,,,,,16,991,"570,55,37,726,780"
8336,5,False,False,0->0,,,,,16,841,"689,829,956,911,171"
8337,5,False,False,0->0,,,,,16,413,"107,420,465,436,571"
8340,5,False,False,0->0,,,,,16,336,"74,687,934,642,203"
8341,5,False,False,0->0,,,,,16,983,"403,302,658,343,439"
8342,5,False,False,0->0,,,,,16,1420,"764,278,386,896,949"
8344,5,False,False,0->0,,,,,16,418,"878,305,344,392,496"
8346,5,False,False,0->0,,,,,16,622,"430,176,11,716,357"
8347,5,False,False,0->0,,,,,16,699,"835,195,138,278,633"
8348,5,False,False,0->0,,,,,16,860,"500,684,313,847,670"
8349,5,False,False,0->0,,,,,16,988,"57,165,791,639,501"
8350,5,False,False,0->0,,,,,16,616,"718,955,970,985,851"
8351,5,False,False,0->0,,,,,16,554,"616,47,486,620,257"
8352,5,False,False,0->0,,,,,16,674,"225,60,679,518,29"
8353,5,False,False,0->0,,,,,16,624,"507,969,567,794,687"
8354,5,False,False,0->0,,,,,16,866,"172,617,147,446,187"
8355,5,False,False,0->0,,,,,16,1341,"326,102,681,473,73"
8356,5,False,False,0->0,,,,,16,793,"896,648,969,650,384"
8358,5,False,False,0->0,,,,,16,624,"331,511,844,677,333"
8359,5,False,False,0->0,,,,,16,1105,"577,667,147,617,708"
8360,5,False,False,0->0,,,,,16,745,"54,172,297,182,723"
8362,5,False,False,0->0,,,,,16,1065,"272,931,668,643,130"
8363,5,False,False,0->0,,,,,16,612,"229,602,947,708,130"
8364,5,False,False,0->0,,,,,16,1138,"931,577,458,220,567"
8365,5,False,False,0->0,,,,,16,563,"792,868,788,146,828"
8367,5,False,False,0->0,,,,,16,1298,"321,724,366,476,684"
8368,5,False,False,0->0,,,,,16,521,"568,536,709,263,232"
8369,5,False,False,0->0,,,,,16,821,"407,226,639,132,343"
8370,5,False,False,0->0,,,,,16,475,"133,517,120,770,726"
8371,5,False,False,0->0,,,,,16,1304,"600,177,917,140,979"
8374,5,False,False,0->0,,,,,16,1217,"883,501,447,573,113"
8375,5,False,False,0->0,,,,,16,922,"520,948,557,253,298"
8376,5,False,False,0->0,,,,,16,436,"323,14,65,181,539"
8377,5,False,False,0->0,,,,,16,650,"279,964,317,523,318"
8378,5,False,False,0->0,,,,,16,980,"505,391,133,364,229"
8379,5,False,False,0->0,,,,,16,1119,"424,848,897,695,499"
8380,5,False,False,0->0,,,,,16,284,"783,274,675,565,622"
8381,5,False,False,0->0,,,,,16,560,"721,691,708,161,643"
8382,5,False,False,0->0,,,,,16,524,"25,177,270,392,523"
8386,5,False,False,0->0,,,,,16,688,"517,803,91,954,389"
8388,5,False,False,0->0,,,,,16,861,"446,952,190,758,363"
8389,5,False,False,0->0,,,,,16,809,"717,279,742,238,18"
8390,5,False,False,0->0,,,,,16,360,"796,641,982,74,126"
8391,5,False,False,0->0,,,,,16,862,"985,956,678,911,627"
8393,5,False,False,0->0,,,,,16,621,"443,220,955,919,588"
8394,5,False,False,0->0,,,,,16,827,"7,135,329,169,695"
8395,5,False,False,0->0,,,,,16,1138,"218,119,188,473,500"
8396,5,False,False,0->0,,,,,16,495,"637,951,451,574,62"
8398,5,False,False,0->0,,,,,16,485,"660,461,940,117,958"
8399,5,False,False,0->0,,,,,16,1218,"163,625,463,167,447"
8400,5,False,False,0->0,,,,,16,1520,"874,868,668,777,444"
8401,5,False,False,0->0,,,,,16,1083,"898,511,388,639,570"
8403,5,False,False,0->0,,,,,16,610,"712,209,813,32,535"
8405,5,False,False,0->0,,,,,16,776,"400,906,5,472,599"
8406,5,False,False,0->0,,,,,16,1131,"13,264,795,396,605"
8407,5,False,False,0->0,,,,,16,1298,"451,831,200,874,934"
8408,5,False,False,0->0,,,,,16,1153,"455,91,397,892,381"
8409,5,False,False,0->0,,,,,16,1069,"777,220,980,972,772"
8410,5,False,False,0->0,,,,,16,717,"798,189,145,813,253"
8412,5,False,False,0->0,,,,,16,1035,"499,697,271,394,264"
8414,5,False,False,0->0,,,,,16,1027,"301,451,233,651,282"
8415,5,False,False,0->0,,,,,16,1795,"822,590,604,888,768"
8416,5,False,False,0->0,,,,,16,672,"125,74,756,725,185"
8418,5,False,False,0->0,,,,,16,766,"205,909,981,165,63"
8419,5,False,False,0->0,,,,,16,414,"696,233,47,196,867"
8420,5,False,False,0->0,,,,,16,252,"745,977,397,780,137"
8421,5,False,False,0->0,,,,,16,706,"638,249,114,130,847"
8422,5,False,False,0->0,,,,,16,993,"321,589,88,393,193"
8423,5,False,False,0->0,,,,,16,607,"248,338,592,69,574"
8424,5,False,False,0->0,,,,,16,330,"519,931,765,347,394"
8426,5,False,False,0->0,,,,,16,597,"584,821,951,445,543"
8427,5,False,False,0->0,,,,,16,1138,"307,385,883,326,106"
8428,5,False,False,0->0,,,,,16,782,"750,29,817,324,294"
8429,5,False,False,0->0,,,,,16,520,"439,442,632,416,452"
8430,5,False,False,0->0,,,,,16,1263,"220,776,955,721,460"
8431,5,False,False,0->0,,,,,16,1037,"249,305,39,19,726"
8432,5,False,False,0->0,,,,,16,711,"437,780,670,815,400"
8434,5,False,False,0->0,,,,,16,595,"359,26,410,893,436"
8435,5,False,False,0->0,,,,,16,980,"598,119,148,572,412"
8439,5,False,False,0->0,,,,,16,1020,"288,74,116,471,376"
8440,5,False,False,0->0,,,,,16,1118,"136,426,14,365,241"
8442,5,False,False,0->0,,,,,16,596,"429,838,851,929,833"
8443,5,False,False,0->0,,,,,16,522,"631,877,460,134,770"
8444,5,False,False,0->0,,,,,16,1231,"537,655,739,763,395"
8446,5,False,False,0->0,,,,,16,662,"159,383,641,175,236"
8447,5,False,False,0->0,,,,,16,685,"218,860,538,247,693"
8448,5,False,False,0->0,,,,,16,240,"122,402,77,656,609"
8453,5,False,False,0->0,,,,,16,402,"371,762,195,27,581"
8454,5,False,False,0->0,,,,,16,743,"772,954,860,248,97"
8455,5,False,False,0->0,,,,,16,746,"961,364,426,705,734"
8456,5,False,False,0->0,,,,,16,730,"318,690,649,710,566"
8457,5,False,False,0->0,,,,,16,680,"289,225,697,815,393"
8459,5,False,False,0->0,,,,,16,1006,"120,550,578,177,620"
8460,5,False,False,0->0,,,,,16,1195,"7,388,736,25,202"
8461,5,False,False,0->0,,,,,16,574,"718,69,527,97,867"
8462,5,False,False,0->0,,,,,16,1047,"627,199,636,64,634"
8464,5,False,False,0->0,,,,,16,1332,"560,431,578,982,301"
8466,5,False,False,0->0,,,,,16,586,"472,285,474,494,144"
8467,5,False,False,0->0,,,,,16,588,"315,58,954,584,943"
8468,5,False,False,0->0,,,,,16,739,"359,801,714,91,218"
8469,5,False,False,0->0,,,,,16,906,"302,543,182,957,364"
8470,5,False,False,0->0,,,,,16,730,"739,4,909,217,417"
8471,5,False,False,0->0,,,,,16,507,"437,921,108,138,261"
8472,5,False,False,0->0,,,,,16,502,"749,619,391,401,49"
8474,5,False,False,0->0,,,,,16,468,"499,884,670,20,554"
8476,5,False,False,0->0,,,,,16,759,"902,680,158,441,329"
8477,5,False,False,0->0,,,,,16,1359,"423,867,304,395,594"
8479,5,False,False,0->0,,,,,16,629,"975,772,27,924,195"
8480,5,False,False,0->0,,,,,16,651,"74,144,838,424,268"
8482,5,False,False,0->0,,,,,16,1081,"55,503,109,727,201"
8483,5,False,False,0->0,,,,,16,928,"93,638,313,673,786"
8485,5,False,False,0->0,,,,,16,659,"778,298,467,97,59"
8486,5,False,False,0->0,,,,,16,946,"963,116,676,716,748"
8487,5,False,False,0->0,,,,,16,773,"689,624,146,945,892"
8488,5,False,False,0->0,,,,,16,560,"246,930,649,357,689"
8490,5,False,False,0->0,,,,,16,863,"148,201,365,73,584"
8491,5,False,False,0->0,,,,,16,405,"857,927,557,945,325"
8492,5,False,False,0->0,,,,,16,662,"835,22,662,33,937"
8494,5,False,False,0->0,,,,,16,820,"58,534,78,364,272"
8496,5,False,False,0->0,,,,,16,434,"337,931,745,285,654"
8497,5,False,False,0->0,,,,,16,509,"80,128,164,927,130"
8498,5,False,False,0->0,,,,,16,1253,"80,157,88,514,850"
8499,5,False,False,0->0,,,,,16,719,"463,793,677,263,899"
8501,5,False,False,0->0,,,,,16,330,"390,692,507,102,415"
8502,5,False,False,0->0,,,,,16,631,"851,310,612,24,630"
8503,5,False,False,0->0,,,,,16,897,"235,746,217,373,136"
8504,5,False,False,0->0,,,,,16,1388,"590,899,526,136,229"
8505,5,False,False,0->0,,,,,16,747,"650,992,443,373,165"
8507,5,False,False,0->0,,,,,16,891,"225,344,431,316,438"
8508,5,False,False,0->0,,,,,16,876,"569,146,359,524,953"
8509,5,False,False,0->0,,,,,16,1203,"159,290,617,858,702"
8510,5,False,False,0->0,,,,,16,1169,"677,931,114,634,833"
8512,5,False,False,0->0,,,,,16,964,"112,152,575,964,824"
8513,5,False,False,0->0,,,,,16,1478,"284,411,942,998,741"
8514,5,False,False,0->0,,,,,16,1193,"429,853,710,163,992"
8515,5,False,False,0->0,,,,,16,557,"883,442,40,121,968"
8516,5,False,False,0->0,,,,,16,412,"893,433,903,475,961"
8519,5,False,False,0->0,,,,,16,1242,"81,8,157,515,114"
8521,5,False,False,0->0,,,,,16,584,"714,631,445,85,501"
8522,5,False,False,0->0,,,,,16,675,"155,430,369,837,143"
8523,5,False,False,0->0,,,,,16,1317,"388,909,651,595,687"
8525,5,False,False,0->0,,,,,16,773,"87,143,72,138,861"
8528,5,False,False,0->0,,,,,16,870,"716,321,772,687,56"
8531,5,False,False,0->0,,,,,16,1054,"76,959,987,980,575"
8533,5,False,False,0->0,,,,,16,513,"519,658,933,934,962"
8534,5,False,False,0->0,,,,,16,1111,"109,739,436,582,221"
8535,5,False,False,0->0,,,,,16,468,"533,425,945,206,642"
8537,5,False,False,0->0,,,,,16,1243,"385,439,765,700,140"
8538,5,False,False,0->0,,,,,16,417,"416,642,391,940,380"
8540,5,False,False,0->0,,,,,16,904,"304,731,90,324,390"
8541,5,False,False,0->0,,,,,16,1563,"899,455,776,843,903"
8545,5,False,False,0->0,,,,,16,757,"898,491,251,92,424"
8546,5,False,False,0->0,,,,,16,977,"785,914,678,226,592"
8547,5,False,False,0->0,,,,,16,990,"261,757,455,98,3"
8550,5,False,False,0->0,,,,,16,838,"69,372,452,421,453"
8552,5,False,False,0->0,,,,,16,577,"989,866,83,415,380"
8554,5,False,False,0->0,,,,,16,611,"798,692,654,381,670"
8555,5,False,False,0->0,,,,,16,920,"722,887,122,439,288"
8556,5,False,False,0->0,,,,,16,655,"94,724,625,483,710"
8559,5,False,False,0->0,,,,,16,1343,"19,796,887,82,631"
8560,5,False,False,0->0,,,,,16,530,"533,603,989,793,364"
8561,5,False,False,0->0,,,,,16,543,"875,45,218,677,514"
8562,5,False,False,0->0,,,,,16,623,"13,39,585,68,742"
8563,5,False,False,0->0,,,,,16,675,"729,602,521,754,51"
8564,5,False,False,0->0,,,,,16,1083,"729,968,208,700,270"
8567,5,False,False,0->0,,,,,16,1398,"535,843,930,208,898"
8569,5,False,False,0->0,,,,,16,280,"683,317,108,602,239"
8571,5,False,False,0->0,,,,,16,750,"323,933,554,20,567"
8572,5,False,False,0->0,,,,,16,1654,"800,874,777,159,48"
8573,5,False,False,0->0,,,,,16,437,"80,479,218,86,277"
8574,5,False,False,0->0,,,,,16,956,"394,883,310,769,569"
8575,5,False,False,0->0,,,,,16,551,"933,15,515,421,97"
8576,5,False,False,0->0,,,,,16,417,"271,875,588,791,473"
8577,5,False,False,0->0,,,,,16,696,"119,931,1000,310,285"
8578,5,False,False,0->0,,,,,16,821,"792,928,795,438,441"
8579,5,False,False,0->0,,,,,16,327,"222,68,961,691,121"
8581,5,False,False,0->0,,,,,16,1696,"350,39,497,913,657"
8582,5,False,False,0->0,,,,,16,397,"798,387,207,921,660"
8584,5,False,False,0->0,,,,,16,435,"783,423,814,817,565"
8585,5,False,False,0->0,,,,,16,496,"114,317,832,251,45"
8586,5,False,False,0->0,,,,,16,642,"76,675,355,421,73"
8587,5,False,False,0->0,,,,,16,565,"439,204,966,587,124"
8588,5,False,False,0->0,,,,,16,1079,"412,342,451,379,36"
8589,5,False,False,0->0,,,,,16,1178,"272,216,953,736,355"
8590,5,False,False,0->0,,,,,16,328,"689,549,155,414,658"
8591,5,False,False,0->0,,,,,16,335,"439,749,533,685,537"
8592,5,False,False,0->0,,,,,16,648,"604,650,549,497,686"
8593,5,False,False,0->0,,,,,16,671,"719,223,742,678,477"
8594,5,False,False,0->0,,,,,16,1271,"140,278,567,498,688"
8596,5,False,False,0->0,,,,,16,409,"297,786,566,595,235"
8597,5,False,False,0->0,,,,,16,380,"87,613,638,154,226"
8598,5,False,False,0->0,,,,,16,591,"892,823,18,119,161"
8599,5,False,False,0->0,,,,,16,632,"543,365,362,424,134"
8602,5,False,False,0->0,,,,,16,341,"13,737,501,844,483"
8603,5,False,False,0->0,,,,,16,713,"221,830,976,650,795"
8604,5,False,False,0->0,,,,,16,455,"251,214,425,49,178"
8605,5,False,False,0->0,,,,,16,791,"895,267,745,69,980"
8606,5,False,False,0->0,,,,,16,439,"76,6,523,646,95"
8607,5,False,False,0->0,,,,,16,493,"650,736,888,126,9"
8608,5,False,False,0->0,,,,,16,1631,"314,36,966,113,887"
8609,5,False,False,0->0,,,,,16,1080,"700,164,128,893,754"
8610,5,False,False,0->0,,,,,16,623,"175,137,185,548,63"
8612,5,False,False,0->0,,,,,16,1279,"816,746,964,396,62"
8613,5,False,False,0->0,,,,,16,1258,"859,992,962,761,871"
8614,5,False,False,0->0,,,,,16,596,"364,515,373,649,899"
8615,5,False,False,0->0,,,,,16,1042,"611,263,942,331,273"
8617,5,False,False,0->0,,,,,16,1040,"655,633,359,607,769"
8618,5,False,False,0->0,,,,,16,327,"460,640,811,317,44"
8619,5,False,False,0->0,,,,,16,466,"139,494,519,847,404"
8622,5,False,False,0->0,,,,,16,1147,"676,31,955,467,453"
8624,5,False,False,0->0,,,,,16,558,"555,360,968,107,109"
8625,5,False,False,0->0,,,,,16,692,"299,546,652,969,374"
8626,5,False,False,0->0,,,,,16,1087,"532,117,474,174,658"
8627,5,False,False,0->0,,,,,16,876,"200,119,74,852,436"
8628,5,False,False,0->0,,,,,16,631,"168,674,121,570,653"
8632,5,False,False,0->0,,,,,16,1205,"860,827,858,252,517"
8637,5,False,False,0->0,,,,,16,521,"359,677,704,47,769"
8639,5,False,False,0->0,,,,,16,730,"257,727,421,12,721"
8640,5,False,False,0->0,,,,,16,533,"168,668,472,134,415"
8641,5,False,False,0->0,,,,,16,1534,"633,690,400,544,199"
8642,5,False,False,0->0,,,,,16,1355,"249,874,414,743,273"
8643,5,False,False,0->0,,,,,16,872,"60,1,624,220,277"
8644,5,False,False,0->0,,,,,16,838,"125,811,612,222,210"
8645,5,False,False,0->0,,,,,16,1088,"95,315,599,623,706"
8646,5,False,False,0->0,,,,,16,577,"360,494,847,146,986"
8647,5,False,False,0->0,,,,,16,561,"603,563,511,120,940"
8648,5,False,False,0->0,,,,,16,1009,"709,573,995,54,264"
8649,5,False,False,0->0,,,,,16,305,"810,181,811,658,40"
8650,5,False,False,0->0,,,,,16,818,"362,543,808,620,593"
8651,5,False,False,0->0,,,,,16,638,"308,595,87,531,777"
8652,5,False,False,0->0,,,,,16,378,"759,246,422,853,574"
8653,5,False,False,0->0,,,,,16,1329,"547,198,840,19,263"
8654,5,False,False,0->0,,,,,16,844,"602,159,4,212,485"
8655,5,False,False,0->0,,,,,16,701,"277,985,504,929,993"
8657,5,False,False,0->0,,,,,16,1199,"746,145,81,970,717"
8658,5,False,False,0->0,,,,,16,911,"763,45,764,220,722"
8660,5,False,False,0->0,,,,,16,1555,"485,876,253,531,403"
8661,5,False,False,0->0,,,,,16,1161,"632,278,616,772,375"
8662,5,False,False,0->0,,,,,16,704,"430,370,269,228,184"
8663,5,False,False,0->0,,,,,16,635,"67,218,108,212,273"
8664,5,False,False,0->0,,,,,16,499,"854,759,733,597,720"
8666,5,False,False,0->0,,,,,16,389,"546,179,830,738,849"
8667,5,False,False,0->0,,,,,16,1978,"453,659,863,961,114"
8669,5,False,False,0->0,,,,,16,1278,"948,29,883,431,722"
8670,5,False,False,0->0,,,,,16,1036,"332,994,43,197,566"
8671,5,False,False,0->0,,,,,16,1291,"419,890,709,505,990"
8672,5,False,False,0->0,,,,,16,1514,"522,409,165,400,493"
8673,5,False,False,0->0,,,,,16,768,"573,711,423,169,750"
8675,5,False,False,0->0,,,,,16,558,"627,793,875,176,276"
8677,5,False,False,0->0,,,,,16,583,"853,104,749,439,344"
8679,5,False,False,0->0,,,,,16,536,"852,378,681,190,452"
8680,5,False,False,0->0,,,,,16,289,"603,6,589,898,689"
8681,5,False,False,0->0,,,,,16,670,"132,619,571,1000,239"
8682,5,False,False,0->0,,,,,16,394,"62,276,907,203,60"
8683,5,False,False,0->0,,,,,16,878,"186,53,511,302,81"
8684,5,False,False,0->0,,,,,16,1476,"633,544,854,114,541"
8687,5,False,False,0->0,,,,,16,834,"294,29,840,956,753"
8688,5,False,False,0->0,,,,,16,1046,"1,196,621,710,342"
8689,5,False,False,0->0,,,,,16,1330,"597,883,599,255,941"
8690,5,False,False,0->0,,,,,16,651,"137,494,383,102,760"
8691,5,False,False,0->0,,,,,16,237,"575,613,121,708,795"
8694,5,False,False,0->0,,,,,16,1097,"138,563,693,748,60"
8696,5,False,False,0->0,,,,,16,1417,"368,566,233,326,69"
8697,5,False,False,0->0,,,,,16,555,"141,303,583,92,167"
8698,5,False,False,0->0,,,,,16,1258,"966,409,838,52,577"
8699,5,False,False,0->0,,,,,16,1570,"513,822,182,471,658"
8700,5,False,False,0->0,,,,,16,574,"325,497,658,269,661"
8701,5,False,False,0->0,,,,,16,543,"972,566,914,921,408"
8703,5,False,False,0->0,,,,,16,334,"371,787,242,969,369"
8704,5,False,False,0->0,,,,,16,656,"499,811,56,716,360"
8705,5,False,False,0->0,,,,,16,684,"875,355,265,632,718"
8706,5,False,False,0->0,,,,,16,304,"373,805,929,338,830"
8707,5,False,False,0->0,,,,,16,1367,"908,99,230,863,951"
8708,5,False,False,0->0,,,,,16,505,"407,294,636,455,676"
8710,5,False,False,0->0,,,,,16,691,"122,106,479,978,883"
8712,5,False,False,0->0,,,,,16,1202,"180,350,597,703,110"
8714,5,False,False,0->0,,,,,16,445,"614,963,391,975,410"
8716,5,False,False,0->0,,,,,16,455,"293,251,155,539,823"
8718,5,False,False,0->0,,,,,16,1118,"109,898,924,289,424"
8719,5,False,False,0->0,,,,,16,537,"522,231,850,514,327"
8720,5,False,False,0->0,,,,,16,1285,"622,9,824,539,230"
8721,5,False,False,0->0,,,,,16,1140,"895,876,837,810,648"
8723,5,False,False,0->0,,,,,16,480,"441,477,513,715,476"
8724,5,False,False,0->0,,,,,16,1223,"272,695,633,632,197"
8725,5,False,False,0->0,,,,,16,1220,"930,395,937,294,401"
8727,5,False,False,0->0,,,,,16,445,"707,667,805,989,201"
8728,5,False,False,0->0,,,,,16,452,"372,192,767,714,774"
8729,5,False,False,0->0,,,,,16,1153,"780,184,822,50,521"
8736,5,False,False,0->0,,,,,16,1034,"504,960,454,293,653"
8738,5,False,False,0->0,,,,,16,325,"897,189,654,22,2"
8739,5,False,False,0->0,,,,,16,1284,"792,717,167,508,253"
8741,5,False,False,0->0,,,,,16,1002,"926,603,482,999,821"
8743,5,False,False,0->0,,,,,16,561,"184,265,526,542,310"
8744,5,False,False,0->0,,,,,16,467,"754,786,430,736,182"
8745,5,False,False,0->0,,,,,16,980,"987,718,695,74,642"
8746,5,False,False,0->0,,,,,16,517,"93,855,498,132,477"
8747,5,False,False,0->0,,,,,16,718,"185,930,853,169,318"
8750,5,False,False,0->0,,,,,16,923,"80,369,951,981,366"
8751,5,False,False,0->0,,,,,16,1275,"907,800,364,490,182"
8752,5,False,False,0->0,,,,,16,725,"418,705,668,520,413"
8753,5,False,False,0->0,,,,,16,521,"924,168,666,491,499"
8754,5,False,False,0->0,,,,,16,696,"379,722,279,60,11"
8755,5,False,False,0->0,,,,,16,600,"393,442,51,824,582"
8756,5,False,False,0->0,,,,,16,732,"893,986,321,245,765"
8757,5,False,False,0->0,,,,,16,765,"605,105,99,537,16"
8758,5,False,False,0->0,,,,,16,929,"185,604,245,410,23"
8759,5,False,False,0->0,,,,,16,1101,"717,673,718,920,374"
8760,5,False,False,0->0,,,,,16,880,"253,838,40,500,988"
8761,5,False,False,0->0,,,,,16,764,"668,683,972,330,285"
8762,5,False,False,0->0,,,,,16,753,"514,768,332,945,405"
8765,5,False,False,0->0,,,,,16,303,"769,169,192,144,203"
8766,5,False,False,0->0,,,,,16,1231,"631,720,871,130,656"
8769,5,False,False,0->0,,,,,16,766,"761,813,635,810,375"
8772,5,False,False,0->0,,,,,16,526,"125,662,245,474,378"
8774,5,False,False,0->0,,,,,16,791,"633,804,162,332,783"
8775,5,False,False,0->0,,,,,16,342,"870,48,138,452,261"
8776,5,False,False,0->0,,,,,16,413,"475,844,760,763,543"
8780,5,False,False,0->0,,,,,16,733,"879,729,487,690,692"
8781,5,False,False,0->0,,,,,16,629,"828,553,423,469,818"
8782,5,False,False,0->0,,,,,16,857,"166,778,448,68,611"
8783,5,False,False,0->0,,,,,16,1581,"659,937,444,512,921"
8784,5,False,False,0->0,,,,,16,486,"830,872,189,411,247"
8785,5,False,False,0->0,,,,,16,1773,"81,528,917,938,764"
8786,5,False,False,0->0,,,,,16,443,"29,630,722,355,211"
8787,5,False,False,0->0,,,,,16,1254,"974,37,1,568,792"
8789,5,False,False,0->0,,,,,16,804,"783,3,498,293,393"
8790,5,False,False,0->0,,,,,16,1530,"386,544,55,468,806"
8792,5,False,False,0->0,,,,,16,868,"40,448,439,140,121"
8793,5,False,False,0->0,,,,,16,708,"374,546,444,556,63"
8794,5,False,False,0->0,,,,,16,572,"178,262,356,150,824"
8795,5,False,False,0->0,,,,,16,297,"888,744,742,232,4"
8796,5,False,False,0->0,,,,,16,1205,"218,69,871,915,757"
8797,5,False,False,0->0,,,,,16,1290,"81,419,297,425,570"
8799,5,False,False,0->0,,,,,16,1008,"808,563,560,437,131"
8800,5,False,False,0->0,,,,,16,794,"854,700,603,342,97"
8801,5,False,False,0->0,,,,,16,405,"120,704,856,261,654"
8802,5,False,False,0->0,,,,,16,802,"919,198,282,803,141"
8803,5,False,False,0->0,,,,,16,1303,"808,15,523,1,499"
8804,5,False,False,0->0,,,,,16,791,"126,131,972,221,172"
8805,5,False,False,0->0,,,,,16,737,"189,696,913,38,713"
8806,5,False,False,0->0,,,,,16,791,"323,122,624,233,929"
8807,5,False,False,0->0,,,,,16,970,"19,895,824,835,983"
8808,5,False,False,0->0,,,,,16,1088,"246,917,553,206,225"
8809,5,False,False,0->0,,,,,16,1695,"679,635,871,340,578"
8810,5,False,False,0->0,,,,,16,268,"616,260,515,771,270"
8812,5,False,False,0->0,,,,,16,444,"574,614,95,335,895"
8814,5,False,False,0->0,,,,,16,588,"689,853,928,523,44"
8815,5,False,False,0->0,,,,,16,1251,"964,990,960,607,315"
8818,5,False,False,0->0,,,,,16,982,"802,832,55,100,2"
8819,5,False,False,0->0,,,,,16,915,"490,391,604,283,51"
8820,5,False,False,0->0,,,,,16,1334,"359,242,302,375,891"
8821,5,False,False,0->0,,,,,16,615,"519,646,117,498,566"
8822,5,False,False,0->0,,,,,16,1281,"344,544,29,272,803"
8823,5,False,False,0->0,,,,,16,915,"569,824,359,510,853"
8824,5,False,False,0->0,,,,,16,1007,"609,998,447,754,396"
8826,5,False,False,0->0,,,,,16,1011,"364,469,558,11,843"
8828,5,False,False,0->0,,,,,16,806,"15,521,519,872,255"
8829,5,False,False,0->0,,,,,16,728,"65,337,794,189,577"
8833,5,False,False,0->0,,,,,16,346,"543,128,283,897,294"
8835,5,False,False,0->0,,,,,16,918,"23,80,874,133,474"
8836,5,False,False,0->0,,,,,16,468,"983,992,779,783,667"
8837,5,False,False,0->0,,,,,16,296,"56,325,150,514,53"
8838,5,False,False,0->0,,,,,16,703,"570,681,636,301,873"
8839,5,False,False,0->0,,,,,16,741,"25,204,132,955,784"
8840,5,False,False,0->0,,,,,16,1082,"257,582,688,69,447"
8841,5,False,False,0->0,,,,,16,849,"206,248,27,424,410"
8842,5,False,False,0->0,,,,,16,800,"180,404,748,953,1000"
8844,5,False,False,0->0,,,,,16,772,"86,236,417,761,716"
8845,5,False,False,0->0,,,,,16,445,"90,950,546,236,908"
8846,5,False,False,0->0,,,,,16,370,"360,303,554,860,150"
8847,5,False,False,0->0,,,,,16,391,"741,48,969,451,54"
8848,5,False,False,0->0,,,,,16,960,"58,842,471,564,653"
8849,5,False,False,0->0,,,,,16,1158,"791,613,964,792,188"
8851,5,False,False,0->0,,,,,16,1343,"174,55,740,64,201"
8852,5,False,False,0->0,,,,,16,707,"225,527,742,218,490"
8854,5,False,False,0->0,,,,,16,1346,"471,524,686,444,607"
8855,5,False,False,0->0,,,,,16,1267,"917,141,891,379,622"
8856,5,False,False,0->0,,,,,16,378,"23,262,832,65,523"
8858,5,False,False,0->0,,,,,16,366,"639,371,744,46,342"
8859,5,False,False,0->0,,,,,16,469,"778,41,527,962,182"
8862,5,False,False,0->0,,,,,16,1598,"7,280,663,964,388"
8863,5,False,False,0->0,,,,,16,1050,"310,50,585,113,127"
8864,5,False,False,0->0,,,,,16,746,"267,333,289,994,778"
8865,5,False,False,0->0,,,,,16,1035,"629,673,98,403,140"
8866,5,False,False,0->0,,,,,16,741,"935,314,717,204,280"
8867,5,False,False,0->0,,,,,16,1128,"762,333,657,136,771"
8868,5,False,False,0->0,,,,,16,811,"220,318,401,88,46"
8869,5,False,False,0->0,,,,,16,1534,"69,171,84,434,738"
8871,5,False,False,0->0,,,,,16,1164,"255,456,174,856,54"
8872,5,False,False,0->0,,,,,16,319,"692,74,235,725,362"
8873,5,False,False,0->0,,,,,16,869,"45,874,223,944,6"
8874,5,False,False,0->0,,,,,16,654,"639,152,885,364,133"
8875,5,False,False,0->0,,,,,16,395,"852,895,995,683,975"
8878,5,False,False,0->0,,,,,16,728,"960,691,737,748,131"
8879,5,False,False,0->0,,,,,16,589,"615,677,704,134,853"
8881,5,False,False,0->0,,,,,16,1188,"779,732,291,220,381"
8882,5,False,False,0->0,,,,,16,857,"648,173,948,436,318"
8884,5,False,False,0->0,,,,,16,843,"606,365,302,211,199"
8886,5,False,False,0->0,,,,,16,802,"390,124,980,792,554"
8887,5,False,False,0->0,,,,,16,533,"878,752,631,37,981"
8888,5,False,False,0->0,,,,,16,402,"101,515,852,107,282"
8889,5,False,False,0->0,,,,,16,524,"772,587,670,318,913"
8890,5,False,False,0->0,,,,,16,717,"548,448,719,249,817"
8891,5,False,False,0->0,,,,,16,417,"727,444,93,770,331"
8892,5,False,False,0->0,,,,,16,507,"597,59,409,385,455"
8894,5,False,False,0->0,,,,,16,324,"401,792,373,318,984"
8897,5,False,False,0->0,,,,,16,612,"356,8,556,568,78"
8898,5,False,False,0->0,,,,,16,463,"454,193,763,113,727"
8899,5,False,False,0->0,,,,,16,765,"924,830,598,740,689"
8900,5,False,False,0->0,,,,,16,1178,"446,274,251,8,366"
8901,5,False,False,0->0,,,,,16,865,"86,494,802,721,126"
8905,5,False,False,0->0,,,,,16,1247,"607,389,876,446,810"
8906,5,False,False,0->0,,,,,16,784,"360,162,521,203,612"
8907,5,False,False,0->0,,,,,16,693,"307,106,121,290,796"
8908,5,False,False,0->0,,,,,16,600,"719,465,203,278,206"
8909,5,False,False,0->0,,,,,16,876,"953,91,238,911,933"
8910,5,False,False,0->0,,,,,16,1228,"750,249,808,113,551"
8911,5,False,False,0->0,,,,,16,930,"370,278,390,883,403"
8912,5,False,False,0->0,,,,,16,568,"797,924,617,610,404"
8913,5,False,False,0->0,,,,,16,469,"132,828,154,180,602"
8916,5,False,False,0->0,,,,,16,655,"90,408,451,769,753"
8917,5,False,False,0->0,,,,,16,821,"586,522,512,681,768"
8920,5,False,False,0->0,,,,,16,1187,"950,88,658,619,715"
8922,5,False,False,0->0,,,,,16,1336,"162,183,829,218,221"
8923,5,False,False,0->0,,,,,16,712,"944,218,323,426,692"
8924,5,False,False,0->0,,,,,16,855,"810,684,541,309,896"
8925,5,False,False,0->0,,,,,16,1543,"473,569,141,512,833"
8926,5,False,False,0->0,,,,,16,540,"913,709,851,518,595"
8927,5,False,False,0->0,,,,,16,619,"429,519,49,758,767"
8928,5,False,False,0->0,,,,,16,634,"372,127,85,107,15"
8929,5,False,False,0->0,,,,,16,759,"726,758,265,130,29"
8932,5,False,False,0->0,,,,,16,662,"592,415,885,787,623"
8933,5,False,False,0->0,,,,,16,595,"229,568,979,818,223"
8934,5,False,False,0->0,,,,,16,492,"182,56,116,105,146"
8935,5,False,False,0->0,,,,,16,841,"331,767,623,92,85"
8936,5,False,False,0->0,,,,,16,1163,"777,574,154,395,906"
8937,5,False,False,0->0,,,,,16,643,"962,816,14,314,909"
8938,5,False,False,0->0,,,,,16,1015,"72,358,650,852,453"
8940,5,False,False,0->0,,,,,16,731,"863,179,271,906,13"
8941,5,False,False,0->0,,,,,16,461,"956,616,2,507,782"
8942,5,False,False,0->0,,,,,16,904,"634,8,414,739,533"
8946,5,False,False,0->0,,,,,16,741,"633,530,183,615,455"
8947,5,False,False,0->0,,,,,16,679,"203,81,948,280,56"
8948,5,False,False,0->0,,,,,16,439,"687,440,445,235,906"
8949,5,False,False,0->0,,,,,16,1679,"20,659,157,114,892"
8952,5,False,False,0->0,,,,,16,660,"959,983,619,378,288"
8954,5,False,False,0->0,,,,,16,872,"111,794,700,378,126"
8955,5,False,False,0->0,,,,,16,532,"127,897,457,691,990"
8958,5,False,False,0->0,,,,,16,1548,"329,441,482,342,368"
8960,5,False,False,0->0,,,,,16,544,"119,814,523,333,981"
8962,5,False,False,0->0,,,,,16,1038,"603,706,758,401,321"
8964,5,False,False,0->0,,,,,16,722,"684,137,446,669,392"
8965,5,False,False,0->0,,,,,16,685,"199,437,181,940,715"
8967,5,False,False,0->0,,,,,16,697,"615,147,458,182,981"
8968,5,False,False,0->0,,,,,16,548,"940,517,650,531,746"
8969,5,False,False,0->0,,,,,16,1080,"607,479,855,627,337"
8970,5,False,False,0->0,,,,,16,1134,"350,842,424,510,910"
8972,5,False,False,0->0,,,,,16,605,"289,718,280,860,870"
8974,5,False,False,0->0,,,,,16,417,"515,708,243,359,639"
8975,5,False,False,0->0,,,,,16,911,"748,329,546,615,251"
8976,5,False,False,0->0,,,,,16,529,"293,337,847,689,434"
8977,5,False,False,0->0,,,,,16,1089,"117,755,861,826,976"
8978,5,False,False,0->0,,,,,16,1238,"245,471,653,637,335"
8980,5,False,False,0->0,,,,,16,659,"609,45,409,949,400"
8981,5,False,False,0->0,,,,,16,1005,"717,82,146,384,858"
8982,5,False,False,0->0,,,,,16,370,"860,691,978,265,85"
8983,5,False,False,0->0,,,,,16,917,"142,257,961,301,703"
8984,5,False,False,0->0,,,,,16,1023,"248,511,86,658,917"
8987,5,False,False,0->0,,,,,16,752,"342,707,740,253,279"
8988,5,False,False,0->0,,,,,16,603,"707,785,63,316,491"
8989,5,False,False,0->0,,,,,16,827,"978,36,929,154,25"
8990,5,False,False,0->0,,,,,16,665,"519,915,228,976,344"
8991,5,False,False,0->0,,,,,16,748,"817,138,289,583,726"
8992,5,False,False,0->0,,,,,16,1118,"592,426,522,65,657"
8993,5,False,False,0->0,,,,,16,388,"17,815,713,978,176"
8997,5,False,False,0->0,,,,,16,1033,"388,472,629,517,929"
8999,5,False,False,0->0,,,,,16,781,"445,534,666,73,891"
9000,5,False,False,0->0,,,,,16,981,"684,373,284,896,844"
9001,5,False,False,0->0,,,,,16,625,"461,229,625,473,316"
9002,5,False,False,0->0,,,,,16,646,"588,270,117,469,754"
9004,5,False,False,0->0,,,,,16,450,"617,439,461,236,760"
9005,5,False,False,0->0,,,,,16,703,"658,829,278,469,968"
9006,5,False,False,0->0,,,,,16,876,"611,595,680,200,940"
9007,5,False,False,0->0,,,,,16,409,"855,770,469,433,418"
9008,5,False,False,0->0,,,,,16,568,"551,32,68,948,54"
9009,5,False,False,0->0,,,,,16,560,"762,568,940,726,25"
9012,5,False,False,0->0,,,,,16,922,"197,101,168,254,566"
9013,5,False,False,0->0,,,,,16,660,"600,962,994,530,606"
9015,5,False,False,0->0,,,,,16,743,"492,814,872,716,173"
9016,5,False,False,0->0,,,,,16,476,"618,796,609,947,580"
9017,5,False,False,0->0,,,,,16,1344,"442,216,942,494,888"
9019,5,False,False,0->0,,,,,16,917,"581,431,360,888,164"
9022,5,False,False,0->0,,,,,16,943,"546,524,661,457,255"
9023,5,False,False,0->0,,,,,16,1274,"414,792,230,204,875"
9024,5,False,False,0->0,,,,,16,788,"570,402,748,832,612"
9026,5,False,False,0->0,,,,,16,371,"870,465,781,931,469"
9027,5,False,False,0->0,,,,,16,364,"610,597,491,246,888"
9028,5,False,False,0->0,,,,,16,302,"195,541,156,297,662"
9029,5,False,False,0->0,,,,,16,1145,"978,626,594,755,460"
9030,5,False,False,0->0,,,,,16,1111,"327,741,162,935,883"
9031,5,False,False,0->0,,,,,16,1725,"829,372,845,743,197"
9032,5,False,False,0->0,,,,,16,592,"265,875,2,73,534"
9033,5,False,False,0->0,,,,,16,971,"777,490,851,710,134"
9035,5,False,False,0->0,,,,,16,791,"673,4,8,536,537"
9037,5,False,False,0->0,,,,,16,636,"582,242,640,741,899"
9038,5,False,False,0->0,,,,,16,853,"827,674,267,602,60"
9039,5,False,False,0->0,,,,,16,945,"94,198,476,424,891"
9040,5,False,False,0->0,,,,,16,1402,"735,877,468,173,521"
9041,5,False,False,0->0,,,,,16,812,"843,355,477,774,383"
9042,5,False,False,0->0,,,,,16,1872,"896,779,343,142,659"
9044,5,False,False,0->0,,,,,16,1375,"732,693,827,504,461"
9045,5,False,False,0->0,,,,,16,793,"678,99,15,637,182"
9046,5,False,False,0->0,,,,,16,1917,"19,233,762,3,419"
9047,5,False,False,0->0,,,,,16,799,"971,58,317,428,501"
9048,5,False,False,0->0,,,,,16,918,"245,164,141,584,571"
9049,5,False,False,0->0,,,,,16,879,"409,64,5,381,457"
9050,5,False,False,0->0,,,,,16,1496,"876,16,844,383,273"
9051,5,False,False,0->0,,,,,16,813,"960,831,424,972,786"
9052,5,False,False,0->0,,,,,16,383,"262,867,905,445,654"
9053,5,False,False,0->0,,,,,16,843,"759,853,669,599,16"
9054,5,False,False,0->0,,,,,16,583,"413,762,7,649,425"
9055,5,False,False,0->0,,,,,16,551,"831,721,448,666,384"
9057,5,False,False,0->0,,,,,16,1174,"7,369,879,872,802"
9058,5,False,False,0->0,,,,,16,885,"938,63,653,789,740"
9060,5,False,False,0->0,,,,,16,678,"913,268,469,389,119"
9062,5,False,False,0->0,,,,,16,703,"394,193,790,160,199"
9063,5,False,False,0->0,,,,,16,1284,"498,85,733,871,850"
9064,5,False,False,0->0,,,,,16,381,"418,100,413,757,721"
9066,5,False,False,0->0,,,,,16,879,"172,143,26,834,167"
9067,5,False,False,0->0,,,,,16,450,"496,378,337,415,135"
9069,5,False,False,0->0,,,,,16,1788,"365,255,216,347,567"
9070,5,False,False,0->0,,,,,16,1989,"147,366,906,659,617"
9071,5,False,False,0->0,,,,,16,718,"927,56,896,183,211"
9072,5,False,False,0->0,,,,,16,799,"995,624,528,979,33"
9073,5,False,False,0->0,,,,,16,1813,"542,776,147,312,204"
9074,5,False,False,0->0,,,,,16,896,"57,673,267,669,393"
9076,5,False,False,0->0,,,,,16,1230,"403,717,602,989,578"
9082,5,False,False,0->0,,,,,16,1143,"651,974,226,56,187"
9083,5,False,False,0->0,,,,,16,440,"423,757,331,712,828"
9084,5,False,False,0->0,,,,,16,801,"506,98,852,368,378"
9085,5,False,False,0->0,,,,,16,698,"585,156,304,877,986"
9087,5,False,False,0->0,,,,,16,1214,"544,417,67,687,860"
9088,5,False,False,0->0,,,,,16,721,"577,989,543,823,855"
9089,5,False,False,0->0,,,,,16,517,"514,541,897,755,920"
9090,5,False,False,0->0,,,,,16,1096,"567,543,17,124,381"
9091,5,False,False,0->0,,,,,16,478,"937,250,592,186,498"
9092,5,False,False,0->0,,,,,16,1013,"797,963,943,678,254"
9094,5,False,False,0->0,,,,,16,818,"395,609,337,642,564"
9095,5,False,False,0->0,,,,,16,756,"371,702,285,148,73"
9096,5,False,False,0->0,,,,,16,463,"439,190,945,565,593"
9097,5,False,False,0->0,,,,,16,264,"142,404,54,729,707"
9098,5,False,False,0->0,,,,,16,449,"510,49,958,262,721"
9100,5,False,False,0->0,,,,,16,1336,"930,599,929,776,868"
9102,5,False,False,0->0,,,,,16,786,"116,343,422,982,629"
9104,5,False,False,0->0,,,,,16,828,"261,951,802,276,380"
9105,5,False,False,0->0,,,,,16,1174,"418,532,376,356,987"
9106,5,False,False,0->0,,,,,16,904,"381,604,126,137,2"
9107,5,False,False,0->0,,,,,16,578,"514,342,83,640,708"
9108,5,False,False,0->0,,,,,16,653,"920,405,46,481,731"
9109,5,False,False,0->0,,,,,16,880,"966,308,410,695,488"
9112,5,False,False,0->0,,,,,16,769,"307,856,700,132,436"
9113,5,False,False,0->0,,,,,16,902,"551,433,928,114,888"
9114,5,False,False,0->0,,,,,16,341,"527,774,771,416,906"
9116,5,False,False,0->0,,,,,16,456,"969,935,594,31,595"
9118,5,False,False,0->0,,,,,16,786,"541,20,492,990,964"
9119,5,False,False,0->0,,,,,16,1054,"993,25,472,808,309"
9122,5,False,False,0->0,,,,,16,991,"107,120,164,821,162"
9123,5,False,False,0->0,,,,,16,703,"12,610,595,895,426"
9124,5,False,False,0->0,,,,,16,795,"852,678,321,583,811"
9125,5,False,False,0->0,,,,,16,998,"883,760,805,72,520"
9126,5,False,False,0->0,,,,,16,429,"798,107,985,513,279"
9127,5,False,False,0->0,,,,,16,932,"826,424,769,261,890"
9128,5,False,False,0->0,,,,,16,430,"823,223,25,221,48"
9129,5,False,False,0->0,,,,,16,532,"133,786,569,176,299"
9130,5,False,False,0->0,,,,,16,818,"534,737,65,845,933"
9131,5,False,False,0->0,,,,,16,674,"390,730,803,422,52"
9133,5,False,False,0->0,,,,,16,340,"897,862,501,574,709"
9134,5,False,False,0->0,,,,,16,560,"239,791,751,618,206"
9135,5,False,False,0->0,,,,,16,712,"413,393,7,109,638"
9137,5,False,False,0->0,,,,,16,1265,"718,144,599,568,544"
9138,5,False,False,0->0,,,,,16,1086,"785,614,592,826,597"
9141,5,False,False,0->0,,,,,16,498,"285,18,13,337,68"
9144,5,False,False,0->0,,,,,16,539,"143,352,816,787,195"
9145,5,False,False,0->0,,,,,16,619,"550,771,127,851,90"
9146,5,False,False,0->0,,,,,16,906,"20,735,132,855,736"
9147,5,False,False,0->0,,,,,16,290,"906,727,622,921,581"
9148,5,False,False,0->0,,,,,16,611,"877,16,477,196,699"
9149,5,False,False,0->0,,,,,16,395,"689,142,730,680,357"
9150,5,False,False,0->0,,,,,16,624,"60,201,385,192,329"
9151,5,False,False,0->0,,,,,16,583,"440,958,616,773,619"
9152,5,False,False,0->0,,,,,16,1629,"388,424,94,826,73"
9153,5,False,False,0->0,,,,,16,847,"42,431,397,496,611"
9155,5,False,False,0->0,,,,,16,925,"933,4,973,249,726"
9156,5,False,False,0->0,,,,,16,699,"206,636,200,566,588"
9158,5,False,False,0->0,,,,,16,768,"243,119,692,48,785"
9160,5,False,False,0->0,,,,,16,690,"276,524,556,619,911"
9161,5,False,False,0->0,,,,,16,568,"689,931,675,520,289"
9162,5,False,False,0->0,,,,,16,283,"867,148,183,177,133"
9166,5,False,False,0->0,,,,,16,708,"711,979,952,143,288"
9168,5,False,False,0->0,,,,,16,639,"209,933,954,618,638"
9171,5,False,False,0->0,,,,,16,177,"489,968,801,752,142"
9176,5,False,False,0->0,,,,,16,1083,"896,928,496,17,514"
9177,5,False,False,0->0,,,,,16,398,"574,885,49,410,337"
9179,5,False,False,0->0,,,,,16,426,"729,459,690,546,25"
9180,5,False,False,0->0,,,,,16,1210,"133,388,499,614,413"
9182,5,False,False,0->0,,,,,16,610,"276,584,201,150,867"
9183,5,False,False,0->0,,,,,16,359,"736,855,956,96,307"
9184,5,False,False,0->0,,,,,16,780,"616,465,782,69,7"
9185,5,False,False,0->0,,,,,16,1314,"871,101,652,556,884"
9186,5,False,False,0->0,,,,,16,508,"181,1,990,137,571"
9188,5,False,False,0->0,,,,,16,789,"875,144,177,536,273"
9189,5,False,False,0->0,,,,,16,789,"656,835,57,865,169"
9191,5,False,False,0->0,,,,,16,1125,"800,584,474,763,293"
9193,5,False,False,0->0,,,,,16,365,"813,205,195,214,984"
9194,5,False,False,0->0,,,,,16,506,"184,759,833,49,860"
9195,5,False,False,0->0,,,,,16,651,"142,755,364,102,62"
9197,5,False,False,0->0,,,,,16,646,"173,751,566,60,522"
9198,5,False,False,0->0,,,,,16,894,"523,750,378,396,569"
9199,5,False,False,0->0,,,,,16,486,"603,781,378,262,330"
9200,5,False,False,0->0,,,,,16,564,"553,837,771,457,686"
9201,5,False,False,0->0,,,,,16,585,"957,262,7,749,968"
9202,5,False,False,0->0,,,,,16,890,"501,668,379,921,553"
9203,5,False,False,0->0,,,,,16,456,"654,565,831,563,31"
9204,5,False,False,0->0,,,,,16,868,"356,74,982,987,844"
9205,5,False,False,0->0,,,,,16,587,"958,789,951,476,643"
9206,5,False,False,0->0,,,,,16,900,"949,861,224,495,282"
9207,5,False,False,0->0,,,,,16,1058,"313,53,202,898,977"
9208,5,False,False,0->0,,,,,16,775,"507,382,535,795,79"
9209,5,False,False,0->0,,,,,16,477,"756,261,999,795,689"
9210,5,False,False,0->0,,,,,16,960,"606,650,404,230,337"
9214,5,False,False,0->0,,,,,16,373,"920,122,280,520,597"
9215,5,False,False,0->0,,,,,16,581,"694,446,238,401,719"
9216,5,False,False,0->0,,,,,16,495,"886,729,58,619,564"
9218,5,False,False,0->0,,,,,16,763,"423,992,365,963,252"
9219,5,False,False,0->0,,,,,16,711,"160,860,708,990,93"
9220,5,False,False,0->0,,,,,16,1112,"748,752,494,303,291"
9221,5,False,False,0->0,,,,,16,822,"407,146,426,630,653"
9222,5,False,False,0->0,,,,,16,849,"461,211,974,430,98"
9223,5,False,False,0->0,,,,,16,885,"547,274,672,874,555"
9224,5,False,False,0->0,,,,,16,395,"398,299,584,391,506"
9228,5,False,False,0->0,,,,,16,693,"725,614,416,338,437"
9229,5,False,False,0->0,,,,,16,741,"245,414,893,948,695"
9230,5,False,False,0->0,,,,,16,1012,"572,511,424,335,652"
9231,5,False,False,0->0,,,,,16,1237,"84,572,371,67,111"
9232,5,False,False,0->0,,,,,16,1055,"854,714,717,826,911"
9233,5,False,False,0->0,,,,,16,298,"555,697,674,670,704"
9234,5,False,False,0->0,,,,,16,379,"862,736,325,238,742"
9235,5,False,False,0->0,,,,,16,584,"27,31,584,121,842"
9236,5,False,False,0->0,,,,,16,1686,"84,184,190,735,111"
9237,5,False,False,0->0,,,,,16,1472,"802,58,733,469,140"
9238,5,False,False,0->0,,,,,16,421,"685,594,80,429,18"
9240,5,False,False,0->0,,,,,16,275,"905,177,211,207,97"
9241,5,False,False,0->0,,,,,16,349,"978,763,510,458,250"
9242,5,False,False,0->0,,,,,16,752,"754,533,53,55,356"
9243,5,False,False,0->0,,,,,16,1318,"378,876,631,338,200"
9246,5,False,False,0->0,,,,,16,660,"962,58,892,491,97"
9247,5,False,False,0->0,,,,,16,778,"802,583,184,145,836"
9248,5,False,False,0->0,,,,,16,519,"372,251,72,986,771"
9249,5,False,False,0->0,,,,,16,983,"512,765,998,489,650"
9250,5,False,False,0->0,,,,,16,565,"870,656,604,555,394"
9251,5,False,False,0->0,,,,,16,688,"468,60,325,951,171"
9252,5,False,False,0->0,,,,,16,1078,"323,302,332,454,661"
9253,5,False,False,0->0,,,,,16,747,"23,619,217,20,667"
9254,5,False,False,0->0,,,,,16,888,"730,614,728,226,929"
9255,5,False,False,0->0,,,,,16,925,"716,774,307,957,964"
9256,5,False,False,0->0,,,,,16,613,"636,775,583,623,490"
9257,5,False,False,0->0,,,,,16,661,"736,696,83,417,690"
9258,5,False,False,0->0,,,,,16,679,"598,220,541,389,268"
9259,5,False,False,0->0,,,,,16,757,"202,850,390,724,597"
9260,5,False,False,0->0,,,,,16,507,"415,418,660,560,648"
9262,5,False,False,0->0,,,,,16,1229,"238,375,226,52,720"
9263,5,False,False,0->0,,,,,16,1228,"342,508,822,849,660"
9264,5,False,False,0->0,,,,,16,633,"603,705,867,500,162"
9265,5,False,False,0->0,,,,,16,356,"568,884,189,276,384"
9266,5,False,False,0->0,,,,,16,863,"355,55,199,953,526"
9267,5,False,False,0->0,,,,,16,687,"392,989,538,594,938"
9269,5,False,False,0->0,,,,,16,780,"508,323,446,204,878"
9270,5,False,False,0->0,,,,,16,503,"586,599,931,408,908"
9271,5,False,False,0->0,,,,,16,480,"104,593,274,325,784"
9272,5,False,False,0->0,,,,,16,691,"426,831,914,169,958"
9273,5,False,False,0->0,,,,,16,419,"571,176,922,260,358"
9274,5,False,False,0->0,,,,,16,485,"108,968,780,941,222"
9275,5,False,False,0->0,,,,,16,1356,"379,400,966,785,721"
9276,5,False,False,0->0,,,,,16,632,"260,50,107,528,17"
9277,5,False,False,0->0,,,,,16,389,"834,318,46,403,741"
9278,5,False,False,0->0,,,,,16,900,"423,86,431,146,267"
9279,5,False,False,0->0,,,,,16,1055,"891,755,166,937,605"
9282,5,False,False,0->0,,,,,16,1477,"680,463,527,776,494"
9284,5,False,False,0->0,,,,,16,845,"658,684,857,321,505"
9286,5,False,False,0->0,,,,,16,368,"376,878,356,496,873"
9288,5,False,False,0->0,,,,,16,667,"675,930,9,926,684"
9289,5,False,False,0->0,,,,,16,659,"454,202,78,641,580"
9290,5,False,False,0->0,,,,,16,558,"787,681,425,439,947"
9291,5,False,False,0->0,,,,,16,1518,"538,774,216,604,941"
9292,5,False,False,0->0,,,,,16,532,"695,803,749,986,593"
9293,5,False,False,0->0,,,,,16,934,"235,166,467,553,355"
9294,5,False,False,0->0,,,,,16,960,"787,375,648,276,617"
9295,5,False,False,0->0,,,,,16,451,"595,674,553,250,867"
9296,5,False,False,0->0,,,,,16,903,"358,19,49,337,460"
9297,5,False,False,0->0,,,,,16,1246,"467,673,485,150,184"
9299,5,False,False,0->0,,,,,16,499,"891,305,80,686,949"
9300,5,False,False,0->0,,,,,16,614,"249,58,688,208,606"
9301,5,False,False,0->0,,,,,16,362,"770,472,373,541,611"
9302,5,False,False,0->0,,,,,16,951,"588,874,749,696,759"
9303,5,False,False,0->0,,,,,16,1130,"942,512,12,276,500"
9304,5,False,False,0->0,,,,,16,635,"146,65,710,818,636"
9305,5,False,False,0->0,,,,,16,989,"538,2,48,711,419"
9306,5,False,False,0->0,,,,,16,1123,"795,630,51,590,347"
9307,5,False,False,0->0,,,,,16,795,"231,944,147,745,738"
9309,5,False,False,0->0,,,,,16,1960,"230,284,175,276,776"
9310,5,False,False,0->0,,,,,16,1065,"926,16,751,124,366"
9311,5,False,False,0->0,,,,,16,775,"207,80,72,686,426"
9312,5,False,False,0->0,,,,,16,985,"998,756,866,114,142"
9313,5,False,False,0->0,,,,,16,854,"272,867,522,687,896"
9314,5,False,False,0->0,,,,,16,280,"116,131,670,555,804"
9315,5,False,False,0->0,,,,,16,299,"511,45,192,360,442"
9316,5,False,False,0->0,,,,,16,430,"949,418,861,727,742"
9317,5,False,False,0->0,,,,,16,703,"94,865,40,431,316"
9318,5,False,False,0->0,,,,,16,599,"424,867,625,206,389"
9319,5,False,False,0->0,,,,,16,765,"621,182,111,481,49"
9321,5,False,False,0->0,,,,,16,645,"859,617,570,957,301"
9322,5,False,False,0->0,,,,,16,865,"413,770,148,801,626"
9323,5,False,False,0->0,,,,,16,985,"463,979,307,504,232"
9324,5,False,False,0->0,,,,,16,491,"448,551,455,780,46"
9325,5,False,False,0->0,,,,,16,544,"386,994,23,346,856"
9327,5,False,False,0->0,,,,,16,770,"913,245,759,178,463"
9328,5,False,False,0->0,,,,,16,1256,"944,225,290,843,189"
9329,5,False,False,0->0,,,,,16,299,"610,61,526,476,318"
9331,5,False,False,0->0,,,,,16,556,"712,14,203,38,805"
9333,5,False,False,0->0,,,,,16,905,"568,183,599,273,979"
9334,5,False,False,0->0,,,,,16,627,"401,782,790,749,743"
9335,5,False,False,0->0,,,,,16,481,"618,957,950,625,394"
9336,5,False,False,0->0,,,,,16,1142,"662,746,216,31,182"
9338,5,False,False,0->0,,,,,16,960,"760,667,913,329,553"
9339,5,False,False,0->0,,,,,16,431,"753,972,537,459,128"
9340,5,False,False,0->0,,,,,16,855,"494,62,667,994,12"
9343,5,False,False,0->0,,,,,16,1002,"944,972,866,922,822"
9344,5,False,False,0->0,,,,,16,473,"736,283,743,676,196"
9345,5,False,False,0->0,,,,,16,1889,"173,366,590,455,184"
9346,5,False,False,0->0,,,,,16,1156,"416,803,70,626,473"
9347,5,False,False,0->0,,,,,16,810,"337,32,379,187,364"
9348,5,False,False,0->0,,,,,16,1284,"964,207,898,971,21"
9350,5,False,False,0->0,,,,,16,898,"162,244,877,681,813"
9351,5,False,False,0->0,,,,,16,367,"909,414,269,558,888"
9352,5,False,False,0->0,,,,,16,1596,"829,642,363,638,590"
9353,5,False,False,0->0,,,,,16,1587,"858,627,467,567,773"
9354,5,False,False,0->0,,,,,16,723,"922,558,2,702,971"
9355,5,False,False,0->0,,,,,16,795,"795,453,565,277,17"
9356,5,False,False,0->0,,,,,16,1012,"405,927,636,880,856"
9357,5,False,False,0->0,,,,,16,680,"145,469,598,922,763"
9358,5,False,False,0->0,,,,,16,552,"422,913,551,704,619"
9360,5,False,False,0->0,,,,,16,676,"767,552,690,11,571"
9361,5,False,False,0->0,,,,,16,878,"834,772,193,172,527"
9362,5,False,False,0->0,,,,,16,1041,"597,220,157,370,743"
9363,5,False,False,0->0,,,,,16,700,"114,443,675,506,396"
9364,5,False,False,0->0,,,,,16,911,"6,285,91,171,902"
9365,5,False,False,0->0,,,,,16,571,"919,430,994,224,768"
9366,5,False,False,0->0,,,,,16,806,"816,337,852,722,678"
9367,5,False,False,0->0,,,,,16,920,"455,831,271,772,743"
9368,5,False,False,0->0,,,,,16,934,"254,533,431,154,660"
9369,5,False,False,0->0,,,,,16,874,"396,868,801,248,717"
9370,5,False,False,0->0,,,,,16,911,"521,57,114,574,358"
9371,5,False,False,0->0,,,,,16,1072,"278,681,872,845,641"
9372,5,False,False,0->0,,,,,16,1292,"343,374,903,604,457"
9373,5,False,False,0->0,,,,,16,598,"110,767,588,759,834"
9374,5,False,False,0->0,,,,,16,902,"333,47,207,236,395"
9376,5,False,False,0->0,,,,,16,1027,"626,314,133,428,190"
9377,5,False,False,0->0,,,,,16,710,"879,597,806,947,865"
9378,5,False,False,0->0,,,,,16,1438,"228,210,184,84,247"
9379,5,False,False,0->0,,,,,16,503,"229,338,182,337,801"
9380,5,False,False,0->0,,,,,16,927,"408,920,964,128,557"
9381,5,False,False,0->0,,,,,16,1938,"808,88,291,246,761"
9384,5,False,False,0->0,,,,,16,633,"352,771,863,597,271"
9386,5,False,False,0->0,,,,,16,566,"263,252,189,574,893"
9388,5,False,False,0->0,,,,,16,1011,"989,995,160,740,242"
9390,5,False,False,0->0,,,,,16,830,"385,888,48,52,848"
9391,5,False,False,0->0,,,,,16,1009,"474,41,538,88,131"
9392,5,False,False,0->0,,,,,16,1431,"368,221,643,130,652"
9393,5,False,False,0->0,,,,,16,590,"218,641,347,902,695"
9395,5,False,False,0->0,,,,,16,948,"736,230,984,224,961"
9396,5,False,False,0->0,,,,,16,487,"553,294,531,984,143"
9397,5,False,False,0->0,,,,,16,1169,"741,909,448,319,291"
9400,5,False,False,0->0,,,,,16,2082,"659,277,589,764,375"
9403,5,False,False,0->0,,,,,16,639,"903,233,848,875,403"
9406,5,False,False,0->0,,,,,16,665,"796,683,693,770,421"
9407,5,False,False,0->0,,,,,16,1187,"822,692,74,250,535"
9408,5,False,False,0->0,,,,,16,596,"804,456,175,321,813"
9410,5,False,False,0->0,,,,,16,1051,"599,593,379,748,844"
9411,5,False,False,0->0,,,,,16,795,"892,106,342,621,733"
9412,5,False,False,0->0,,,,,16,1178,"279,405,165,24,420"
9413,5,False,False,0->0,,,,,10,1368,"479,634,312,578,507"
9414,5,False,False,0->0,,,,,16,628,"393,423,161,652,269"
9415,5,False,False,0->0,,,,,16,419,"316,821,357,514,134"
9416,5,False,False,0->0,,,,,16,411,"606,54,730,868,441"
9417,5,False,False,0->0,,,,,16,864,"112,358,287,404,948"
9418,5,False,False,0->0,,,,,16,1134,"887,928,43,155,943"
9419,5,False,False,0->0,,,,,16,603,"621,950,760,196,101"
9421,5,False,False,0->0,,,,,16,1759,"914,366,494,128,659"
9422,5,False,False,0->0,,,,,16,380,"486,517,474,33,759"
9423,5,False,False,0->0,,,,,16,324,"818,614,727,43,401"
9424,5,False,False,0->0,,,,,16,831,"779,308,168,238,629"
9425,5,False,False,0->0,,,,,16,887,"42,802,793,169,718"
9428,5,False,False,0->0,,,,,16,396,"770,445,950,531,503"
9429,5,False,False,0->0,,,,,16,1343,"165,906,264,337,774"
9430,5,False,False,0->0,,,,,16,559,"4,434,369,979,824"
9431,5,False,False,0->0,,,,,16,1128,"594,659,13,120,307"
9434,5,False,False,0->0,,,,,16,1014,"960,678,456,553,667"
9435,5,False,False,0->0,,,,,16,893,"287,182,303,350,692"
9437,5,False,False,0->0,,,,,16,1256,"430,544,8,721,926"
9438,5,False,False,0->0,,,,,16,1098,"643,313,832,686,128"
9439,5,False,False,0->0,,,,,16,417,"457,397,359,534,121"
9441,5,False,False,0->0,,,,,16,1430,"73,636,197,974,176"
9442,5,False,False,0->0,,,,,16,1275,"167,269,388,343,182"
9443,5,False,False,0->0,,,,,16,826,"660,777,937,646,606"
9446,5,False,False,0->0,,,,,16,1308,"291,627,285,413,459"
9447,5,False,False,0->0,,,,,16,1274,"41,721,611,19,363"
9448,5,False,False,0->0,,,,,16,659,"692,697,138,198,396"
9449,5,False,False,0->0,,,,,16,322,"860,995,547,886,587"
9450,5,False,False,0->0,,,,,16,776,"972,684,970,253,653"
9451,5,False,False,0->0,,,,,16,681,"675,103,356,591,837"
9452,5,False,False,0->0,,,,,16,1224,"180,173,60,388,945"
9453,5,False,False,0->0,,,,,16,336,"687,251,865,340,851"
9454,5,False,False,0->0,,,,,16,753,"696,451,803,956,748"
9456,5,False,False,0->0,,,,,16,1517,"632,490,133,368,140"
9457,5,False,False,0->0,,,,,16,985,"715,785,52,762,301"
9459,5,False,False,0->0,,,,,16,909,"454,980,134,719,73"
9460,5,False,False,0->0,,,,,16,856,"194,552,983,380,138"
9461,5,False,False,0->0,,,,,16,1302,"875,871,788,173,937"
9462,5,False,False,0->0,,,,,16,358,"48,991,308,639,193"
9463,5,False,False,0->0,,,,,16,766,"255,59,245,404,386"
9464,5,False,False,0->0,,,,,16,1147,"816,241,546,139,230"
9467,5,False,False,0->0,,,,,16,467,"572,278,507,102,873"
9468,5,False,False,0->0,,,,,16,864,"526,188,186,641,677"
9469,5,False,False,0->0,,,,,16,502,"640,801,70,536,990"
9472,5,False,False,0->0,,,,,16,277,"791,247,781,288,801"
9474,5,False,False,0->0,,,,,16,1337,"202,188,929,116,700"
9475,5,False,False,0->0,,,,,16,574,"575,831,106,629,492"
9476,5,False,False,0->0,,,,,16,483,"119,927,371,933,192"
9477,5,False,False,0->0,,,,,16,803,"602,245,785,611,44"
9479,5,False,False,0->0,,,,,16,867,"722,771,584,329,490"
9481,5,False,False,0->0,,,,,16,627,"855,111,387,601,583"
9483,5,False,False,0->0,,,,,16,884,"397,693,791,513,468"
9484,5,False,False,0->0,,,,,16,797,"802,539,394,914,278"
9485,5,False,False,0->0,,,,,16,464,"396,491,514,599,176"
9487,5,False,False,0->0,,,,,16,1060,"679,843,830,756,83"
9488,5,False,False,0->0,,,,,16,870,"531,550,73,467,270"
9489,5,False,False,0->0,,,,,16,1282,"49,887,769,210,459"
9490,5,False,False,0->0,,,,,16,718,"519,267,877,57,518"
9494,5,False,False,0->0,,,,,16,1065,"139,389,503,418,216"
9495,5,False,False,0->0,,,,,16,463,"718,167,935,63,282"
9497,5,False,False,0->0,,,,,16,748,"468,477,867,461,835"
9498,5,False,False,0->0,,,,,16,1127,"944,526,848,116,874"
9499,5,False,False,0->0,,,,,16,679,"830,683,646,835,713"
9500,5,False,False,0->0,,,,,16,339,"907,420,924,423,759"
9501,5,False,False,0->0,,,,,16,267,"638,549,751,205,169"
9502,5,False,False,0->0,,,,,16,1410,"652,875,197,614,858"
9503,5,False,False,0->0,,,,,16,695,"217,673,479,400,975"
9504,5,False,False,0->0,,,,,16,720,"629,913,253,271,31"
9505,5,False,False,0->0,,,,,16,852,"823,948,257,621,391"
9506,5,False,False,0->0,,,,,16,749,"866,261,246,128,255"
9507,5,False,False,0->0,,,,,16,834,"706,315,337,133,534"
9508,5,False,False,0->0,,,,,16,479,"108,630,420,448,694"
9509,5,False,False,0->0,,,,,16,1230,"308,485,680,506,324"
9510,5,False,False,0->0,,,,,16,600,"128,1,749,189,67"
9511,5,False,False,0->0,,,,,16,1174,"73,335,160,817,172"
9512,5,False,False,0->0,,,,,16,352,"360,520,704,550,152"
9513,5,False,False,0->0,,,,,16,572,"683,380,568,726,541"
9514,5,False,False,0->0,,,,,16,1160,"847,67,1,140,187"
9516,5,False,False,0->0,,,,,16,408,"537,404,572,134,568"
9517,5,False,False,0->0,,,,,16,1565,"952,79,183,942,88"
9519,5,False,False,0->0,,,,,16,1004,"564,498,786,487,659"
9520,5,False,False,0->0,,,,,16,771,"5,396,42,159,114"
9521,5,False,False,0->0,,,,,16,1090,"8,225,405,318,535"
9523,5,False,False,0->0,,,,,16,1325,"493,263,874,620,497"
9524,5,False,False,0->0,,,,,16,482,"137,612,4,537,702"
9525,5,False,False,0->0,,,,,16,1006,"783,782,313,970,201"
9526,5,False,False,0->0,,,,,16,1013,"243,305,706,242,119"
9527,5,False,False,0->0,,,,,16,982,"582,883,903,662,185"
9528,5,False,False,0->0,,,,,16,285,"268,694,786,969,305"
9529,5,False,False,0->0,,,,,16,483,"888,82,558,181,711"
9530,5,False,False,0->0,,,,,16,1104,"863,358,373,421,667"
9532,5,False,False,0->0,,,,,16,836,"744,383,262,726,168"
9533,5,False,False,0->0,,,,,16,819,"159,304,714,437,711"
9534,5,False,False,0->0,,,,,16,1189,"971,59,706,95,196"
9535,5,False,False,0->0,,,,,16,757,"429,547,9,580,629"
9536,5,False,False,0->0,,,,,16,1226,"983,548,879,748,947"
9537,5,False,False,0->0,,,,,16,1475,"917,166,463,842,740"
9539,5,False,False,0->0,,,,,16,834,"660,670,624,767,59"
9540,5,False,False,0->0,,,,,16,287,"921,337,851,815,269"
9542,5,False,False,0->0,,,,,16,490,"498,625,254,323,867"
9543,5,False,False,0->0,,,,,16,847,"986,270,826,741,186"
9544,5,False,False,0->0,,,,,16,924,"255,564,723,308,17"
9545,5,False,False,0->0,,,,,16,1492,"757,632,772,79,626"
9548,5,False,False,0->0,,,,,16,531,"465,945,323,407,836"
9550,5,False,False,0->0,,,,,16,685,"792,46,688,238,968"
9551,5,False,False,0->0,,,,,16,676,"648,46,693,483,283"
9552,5,False,False,0->0,,,,,16,894,"587,515,1,681,370"
9555,5,False,False,0->0,,,,,16,531,"489,283,678,217,727"
9556,5,False,False,0->0,,,,,16,1303,"221,471,541,255,247"
9558,5,False,False,0->0,,,,,16,856,"196,496,164,569,985"
9559,5,False,False,0->0,,,,,16,1559,"871,712,657,862,913"
9562,5,False,False,0->0,,,,,16,1108,"414,46,419,944,68"
9563,5,False,False,0->0,,,,,16,868,"434,681,938,962,303"
9564,5,False,False,0->0,,,,,16,1176,"116,539,6,593,544"
9565,5,False,False,0->0,,,,,16,422,"156,410,21,223,454"
9566,5,False,False,0->0,,,,,16,1637,"578,890,924,273,471"
9567,5,False,False,0->0,,,,,16,525,"536,768,588,56,425"
9568,5,False,False,0->0,,,,,16,642,"1000,959,569,492,126"
9569,5,False,False,0->0,,,,,16,601,"196,198,283,570,352"
9570,5,False,False,0->0,,,,,16,1312,"663,264,656,521,319"
9572,5,False,False,0->0,,,,,16,504,"593,272,403,396,531"
9573,5,False,False,0->0,,,,,16,657,"749,560,518,443,79"
9574,5,False,False,0->0,,,,,16,541,"998,108,933,985,568"
9575,5,False,False,0->0,,,,,16,1051,"581,883,859,323,833"
9577,5,False,False,0->0,,,,,16,665,"593,166,906,721,261"
9578,5,False,False,0->0,,,,,16,947,"850,971,498,858,515"
9579,5,False,False,0->0,,,,,16,1421,"448,625,598,987,643"
9580,5,False,False,0->0,,,,,16,680,"374,572,373,986,265"
9581,5,False,False,0->0,,,,,16,435,"282,48,347,755,860"
9582,5,False,False,0->0,,,,,16,1303,"46,419,55,415,580"
9583,5,False,False,0->0,,,,,16,2130,"835,624,13,482,230"
9584,5,False,False,0->0,,,,,16,307,"430,483,61,786,878"
9585,5,False,False,0->0,,,,,16,514,"543,104,547,29,180"
9586,5,False,False,0->0,,,,,16,1232,"409,843,590,371,207"
9587,5,False,False,0->0,,,,,16,374,"575,444,712,768,333"
9589,5,False,False,0->0,,,,,16,790,"391,845,16,978,771"
9590,5,False,False,0->0,,,,,16,811,"775,691,350,959,606"
9591,5,False,False,0->0,,,,,16,781,"842,128,879,593,233"
9592,5,False,False,0->0,,,,,16,832,"302,270,676,481,60"
9594,5,False,False,0->0,,,,,16,1303,"657,702,523,488,679"
9595,5,False,False,0->0,,,,,16,863,"280,711,557,802,416"
9596,5,False,False,0->0,,,,,16,273,"203,583,410,279,774"
9599,5,False,False,0->0,,,,,16,680,"99,226,673,619,691"
9600,5,False,False,0->0,,,,,16,477,"78,909,319,606,401"
9601,5,False,False,0->0,,,,,16,396,"692,168,905,121,408"
9602,5,False,False,0->0,,,,,16,1587,"569,696,355,488,482"
9603,5,False,False,0->0,,,,,16,855,"4,687,610,188,631"
9605,5,False,False,0->0,,,,,16,1278,"545,329,114,58,604"
9606,5,False,False,0->0,,,,,16,675,"436,298,26,704,655"
9608,5,False,False,0->0,,,,,16,619,"58,324,768,744,673"
9609,5,False,False,0->0,,,,,16,310,"56,610,521,514,318"
9611,5,False,False,0->0,,,,,16,1278,"796,230,930,490,14"
9613,5,False,False,0->0,,,,,16,1183,"706,55,769,620,704"
9615,5,False,False,0->0,,,,,16,792,"398,788,687,598,91"
9616,5,False,False,0->0,,,,,16,530,"983,172,128,727,940"
9619,5,False,False,0->0,,,,,16,284,"236,220,982,620,177"
9623,5,False,False,0->0,,,,,16,695,"703,855,347,537,369"
9625,5,False,False,0->0,,,,,16,657,"828,969,915,726,814"
9626,5,False,False,0->0,,,,,16,1379,"252,949,23,19,863"
9628,5,False,False,0->0,,,,,16,559,"342,76,816,437,148"
9629,5,False,False,0->0,,,,,16,815,"635,251,388,415,801"
9630,5,False,False,0->0,,,,,16,551,"196,333,29,265,552"
9632,5,False,False,0->0,,,,,16,323,"873,768,696,920,70"
9633,5,False,False,0->0,,,,,16,468,"962,691,65,439,106"
9634,5,False,False,0->0,,,,,16,762,"961,604,325,13,39"
9635,5,False,False,0->0,,,,,16,1073,"582,861,6,604,428"
9637,5,False,False,0->0,,,,,16,700,"78,62,355,402,109"
9638,5,False,False,0->0,,,,,16,804,"187,740,468,459,990"
9639,5,False,False,0->0,,,,,16,801,"416,835,518,231,801"
9640,5,False,False,0->0,,,,,16,551,"891,908,69,280,203"
9641,5,False,False,0->0,,,,,16,749,"87,622,19,935,568"
9642,5,False,False,0->0,,,,,16,752,"356,393,999,197,182"
9643,5,False,False,0->0,,,,,16,1064,"272,727,930,584,198"
9644,5,False,False,0->0,,,,,16,892,"902,971,132,321,235"
9645,5,False,False,0->0,,,,,16,439,"847,126,676,120,41"
9647,5,False,False,0->0,,,,,16,939,"974,11,792,128,315"
9648,5,False,False,0->0,,,,,16,775,"885,814,198,615,76"
9649,5,False,False,0->0,,,,,16,996,"973,414,572,660,385"
9650,5,False,False,0->0,,,,,16,1027,"109,520,603,821,9"
9651,5,False,False,0->0,,,,,16,596,"676,672,202,154,867"
9652,5,False,False,0->0,,,,,16,385,"110,506,906,476,239"
9653,5,False,False,0->0,,,,,16,833,"541,177,832,264,924"
9655,5,False,False,0->0,,,,,16,874,"269,107,811,398,350"
9656,5,False,False,0->0,,,,,16,509,"203,772,751,959,177"
9657,5,False,False,0->0,,,,,16,518,"860,680,736,241,1000"
9658,5,False,False,0->0,,,,,16,557,"93,545,952,196,715"
9659,5,False,False,0->0,,,,,16,816,"124,335,140,749,152"
9660,5,False,False,0->0,,,,,16,696,"893,476,49,600,988"
9661,5,False,False,0->0,,,,,16,1298,"350,614,837,718,394"
9663,5,False,False,0->0,,,,,16,372,"63,977,134,78,262"
9664,5,False,False,0->0,,,,,16,1342,"844,835,653,674,36"
9665,5,False,False,0->0,,,,,16,810,"79,385,907,453,977"
9666,5,False,False,0->0,,,,,16,669,"933,623,438,288,54"
9667,5,False,False,0->0,,,,,16,1526,"716,987,627,772,658"
9668,5,False,False,0->0,,,,,16,1265,"518,588,782,147,700"
9669,5,False,False,0->0,,,,,16,456,"790,241,816,890,587"
9670,5,False,False,0->0,,,,,16,512,"914,386,221,241,34"
9671,5,False,False,0->0,,,,,16,916,"975,323,571,626,823"
9674,5,False,False,0->0,,,,,16,334,"712,96,161,146,48"
9675,5,False,False,0->0,,,,,16,957,"744,641,280,800,477"
9676,5,False,False,0->0,,,,,16,626,"24,62,731,384,892"
9678,5,False,False,0->0,,,,,16,975,"378,808,670,180,632"
9679,5,False,False,0->0,,,,,16,618,"954,566,831,260,416"
9680,5,False,False,0->0,,,,,16,970,"635,590,759,430,730"
9682,5,False,False,0->0,,,,,16,1218,"759,895,810,980,419"
9683,5,False,False,0->0,,,,,16,1040,"487,155,602,264,380"
9684,5,False,False,0->0,,,,,16,627,"877,597,14,85,9"
9685,5,False,False,0->0,,,,,16,765,"81,490,308,307,761"
9687,5,False,False,0->0,,,,,16,895,"452,949,350,692,751"
9688,5,False,False,0->0,,,,,16,567,"150,211,365,695,815"
9690,5,False,False,0->0,,,,,16,880,"750,558,364,298,565"
9691,5,False,False,0->0,,,,,16,835,"222,67,140,373,282"
9692,5,False,False,0->0,,,,,16,358,"497,709,588,519,593"
9693,5,False,False,0->0,,,,,16,495,"298,293,759,805,145"
9694,5,False,False,0->0,,,,,16,1019,"338,563,966,72,166"
9695,5,False,False,0->0,,,,,16,805,"179,521,138,459,255"
9697,5,False,False,0->0,,,,,16,599,"980,526,803,727,134"
9698,5,False,False,0->0,,,,,16,454,"660,732,620,106,989"
9699,5,False,False,0->0,,,,,16,1407,"868,852,681,320,388"
9700,5,False,False,0->0,,,,,16,425,"137,849,82,12,130"
9702,5,False,False,0->0,,,,,16,601,"834,486,420,437,568"
9704,5,False,False,0->0,,,,,16,465,"990,80,719,857,460"
9705,5,False,False,0->0,,,,,16,804,"116,161,741,19,184"
9706,5,False,False,0->0,,,,,16,847,"624,496,86,837,469"
9707,5,False,False,0->0,,,,,16,870,"162,254,116,246,231"
9708,5,False,False,0->0,,,,,16,1251,"974,619,816,269,545"
9709,5,False,False,0->0,,,,,16,554,"993,6,702,711,476"
9710,5,False,False,0->0,,,,,16,737,"411,487,64,758,102"
9711,5,False,False,0->0,,,,,16,974,"549,883,50,681,187"
9713,5,False,False,0->0,,,,,16,373,"413,176,47,969,414"
9715,5,False,False,0->0,,,,,16,441,"384,301,12,944,177"
9717,5,False,False,0->0,,,,,16,605,"560,85,569,506,340"
9718,5,False,False,0->0,,,,,16,468,"307,242,984,772,992"
9719,5,False,False,0->0,,,,,16,929,"690,706,150,266,610"
9720,5,False,False,0->0,,,,,16,750,"666,327,522,532,98"
9721,5,False,False,0->0,,,,,16,973,"77,741,800,796,844"
9722,5,False,False,0->0,,,,,16,482,"715,560,733,142,897"
9723,5,False,False,0->0,,,,,16,634,"788,953,112,687,547"
9724,5,False,False,0->0,,,,,16,550,"333,705,777,517,338"
9725,5,False,False,0->0,,,,,16,1426,"103,632,856,216,499"
9727,5,False,False,0->0,,,,,16,434,"586,204,902,195,878"
9728,5,False,False,0->0,,,,,16,384,"911,692,217,62,338"
9729,5,False,False,0->0,,,,,16,832,"283,748,606,662,38"
9730,5,False,False,0->0,,,,,12,557,"330,285,77,212,69"
9731,5,False,False,0->0,,,,,16,1085,"113,37,570,678,1000"
9732,5,False,False,0->0,,,,,16,506,"975,690,630,250,229"
9734,5,False,False,0->0,,,,,16,861,"607,773,402,599,670"
9735,5,False,False,0->0,,,,,16,493,"513,960,947,184,616"
9736,5,False,False,0->0,,,,,16,462,"319,70,303,704,999"
9737,5,False,False,0->0,,,,,16,798,"80,601,667,669,815"
9739,5,False,False,0->0,,,,,16,1311,"568,903,454,424,871"
9740,5,False,False,0->0,,,,,16,578,"526,190,927,826,243"
9743,5,False,False,0->0,,,,,16,816,"829,805,983,913,723"
9744,5,False,False,0->0,,,,,16,642,"148,119,977,392,842"
9745,5,False,False,0->0,,,,,16,921,"870,822,978,340,13"
9747,5,False,False,0->0,,,,,16,892,"279,105,414,126,381"
9748,5,False,False,0->0,,,,,16,320,"403,23,589,150,815"
9749,5,False,False,0->0,,,,,16,903,"146,587,959,800,960"
9750,5,False,False,0->0,,,,,16,1321,"977,446,900,67,973"
9752,5,False,False,0->0,,,,,16,1116,"953,403,896,244,567"
9753,5,False,False,0->0,,,,,16,1267,"591,245,369,865,419"
9757,5,False,False,0->0,,,,,16,1158,"565,675,669,827,963"
9758,5,False,False,0->0,,,,,16,727,"961,721,262,209,542"
9759,5,False,False,0->0,,,,,16,1475,"700,27,520,598,467"
9760,5,False,False,0->0,,,,,16,1175,"177,163,896,438,451"
9761,5,False,False,0->0,,,,,16,1072,"834,573,734,21,577"
9762,5,False,False,0->0,,,,,16,1399,"777,837,893,113,381"
9764,5,False,False,0->0,,,,,16,1472,"703,106,612,764,866"
9766,5,False,False,0->0,,,,,16,1573,"266,114,92,388,998"
9767,5,False,False,0->0,,,,,16,432,"185,862,236,186,778"
9768,5,False,False,0->0,,,,,16,604,"793,473,101,621,316"
9769,5,False,False,0->0,,,,,16,548,"909,606,31,667,327"
9771,5,False,False,0->0,,,,,16,1084,"535,260,837,555,567"
9773,5,False,False,0->0,,,,,16,891,"742,444,188,111,791"
9775,5,False,False,0->0,,,,,16,1508,"88,621,17,294,364"
9777,5,False,False,0->0,,,,,16,1142,"254,280,956,776,679"
9778,5,False,False,0->0,,,,,16,513,"586,436,831,570,42"
9779,5,False,False,0->0,,,,,16,1891,"376,840,702,216,863"
9780,5,False,False,0->0,,,,,16,589,"423,705,438,653,100"
9781,5,False,False,0->0,,,,,16,658,"702,750,888,691,658"
9782,5,False,False,0->0,,,,,16,640,"606,44,423,198,521"
9784,5,False,False,0->0,,,,,16,999,"754,9,834,632,371"
9785,5,False,False,0->0,,,,,16,1783,"424,405,764,319,711"
9786,5,False,False,0->0,,,,,16,515,"687,727,436,42,631"
9787,5,False,False,0->0,,,,,16,808,"472,719,960,746,62"
9788,5,False,False,0->0,,,,,16,531,"586,729,750,340,226"
9789,5,False,False,0->0,,,,,16,996,"720,408,909,728,792"
9790,5,False,False,0->0,,,,,16,1364,"736,552,773,657,493"
9791,5,False,False,0->0,,,,,16,518,"571,29,324,414,616"
9794,5,False,False,0->0,,,,,16,779,"327,261,400,103,271"
9795,5,False,False,0->0,,,,,16,967,"699,808,992,774,503"
9796,5,False,False,0->0,,,,,16,1233,"984,216,40,865,505"
9797,5,False,False,0->0,,,,,16,470,"4,666,483,463,781"
9802,5,False,False,0->0,,,,,16,656,"637,976,899,31,373"
9804,5,False,False,0->0,,,,,16,734,"299,72,465,719,211"
9805,5,False,False,0->0,,,,,16,328,"515,246,654,690,741"
9806,5,False,False,0->0,,,,,16,1032,"128,643,485,581,696"
9808,5,False,False,0->0,,,,,16,818,"130,829,152,458,697"
9809,5,False,False,0->0,,,,,16,318,"940,788,34,144,74"
9810,5,False,False,0->0,,,,,16,834,"634,420,276,73,913"
9812,5,False,False,0->0,,,,,16,515,"141,729,74,737,520"
9813,5,False,False,0->0,,,,,16,765,"719,468,40,147,305"
9814,5,False,False,0->0,,,,,16,576,"937,1000,458,560,239"
9815,5,False,False,0->0,,,,,16,456,"907,646,597,86,158"
9818,5,False,False,0->0,,,,,16,812,"954,58,109,26,873"
9819,5,False,False,0->0,,,,,16,1035,"290,715,315,312,87"
9821,5,False,False,0->0,,,,,16,1429,"185,688,488,678,136"
9822,5,False,False,0->0,,,,,16,398,"649,514,944,420,675"
9823,5,False,False,0->0,,,,,16,1454,"871,135,621,686,847"
9824,5,False,False,0->0,,,,,16,636,"211,428,387,806,411"
9825,5,False,False,0->0,,,,,16,336,"868,144,337,793,737"
9826,5,False,False,0->0,,,,,16,1166,"490,495,390,357,569"
9830,5,False,False,0->0,,,,,16,867,"114,97,394,320,731"
9831,5,False,False,0->0,,,,,16,715,"244,431,744,531,815"
9832,5,False,False,0->0,,,,,16,931,"902,430,714,928,105"
9833,5,False,False,0->0,,,,,16,1288,"279,900,627,601,303"
9835,5,False,False,0->0,,,,,16,612,"833,859,860,77,122"
9837,5,False,False,0->0,,,,,16,546,"550,630,788,61,8"
9838,5,False,False,0->0,,,,,16,498,"441,347,720,670,392"
9839,5,False,False,0->0,,,,,16,735,"442,707,980,445,27"
9840,5,False,False,0->0,,,,,16,1398,"669,389,706,241,321"
9841,5,False,False,0->0,,,,,16,289,"775,398,861,783,340"
9842,5,False,False,0->0,,,,,16,680,"942,867,122,391,87"
9843,5,False,False,0->0,,,,,16,1322,"505,769,564,157,700"
9844,5,False,False,0->0,,,,,16,1282,"273,459,23,944,395"
9845,5,False,False,0->0,,,,,16,1706,"453,659,750,332,7"
9854,5,False,False,0->0,,,,,16,1112,"150,3,77,668,120"
9855,5,False,False,0->0,,,,,16,1442,"637,381,418,329,368"
9856,5,False,False,0->0,,,,,16,861,"629,359,545,177,253"
9857,5,False,False,0->0,,,,,16,572,"718,981,891,78,452"
9858,5,False,False,0->0,,,,,16,313,"756,781,94,506,762"
9859,5,False,False,0->0,,,,,16,764,"988,571,15,793,106"
9861,5,False,False,0->0,,,,,16,656,"244,517,549,584,135"
9862,5,False,False,0->0,,,,,16,789,"826,674,62,803,811"
9864,5,False,False,0->0,,,,,16,844,"519,326,434,736,574"
9865,5,False,False,0->0,,,,,16,881,"421,654,107,843,490"
9866,5,False,False,0->0,,,,,16,1361,"216,375,720,929,538"
9867,5,False,False,0->0,,,,,16,708,"752,557,688,513,114"
9868,5,False,False,0->0,,,,,16,1302,"519,183,368,957,974"
9869,5,False,False,0->0,,,,,16,306,"373,409,609,279,969"
9870,5,False,False,0->0,,,,,16,1072,"433,379,45,987,610"
9872,5,False,False,0->0,,,,,16,1125,"150,994,73,986,426"
9873,5,False,False,0->0,,,,,16,317,"53,187,933,387,184"
9875,5,False,False,0->0,,,,,16,1394,"833,405,67,8,863"
9876,5,False,False,0->0,,,,,16,698,"569,477,625,99,573"
9877,5,False,False,0->0,,,,,16,776,"79,742,78,208,969"
9878,5,False,False,0->0,,,,,16,998,"778,532,245,91,893"
9880,5,False,False,0->0,,,,,16,551,"422,907,205,429,208"
9881,5,False,False,0->0,,,,,16,929,"302,556,231,760,804"
9882,5,False,False,0->0,,,,,16,513,"515,394,317,188,961"
9883,5,False,False,0->0,,,,,16,695,"205,660,80,302,385"
9884,5,False,False,0->0,,,,,16,339,"246,441,780,137,86"
9885,5,False,False,0->0,,,,,16,1271,"272,36,402,919,896"
9886,5,False,False,0->0,,,,,16,1448,"541,728,236,659,446"
9887,5,False,False,0->0,,,,,16,1299,"773,408,586,876,127"
9888,5,False,False,0->0,,,,,16,694,"761,661,603,783,308"
9890,5,False,False,0->0,,,,,16,865,"224,685,385,160,521"
9891,5,False,False,0->0,,,,,16,548,"145,572,8,108,515"
9893,5,False,False,0->0,,,,,16,1260,"314,140,72,832,833"
9894,5,False,False,0->0,,,,,16,1129,"255,120,758,263,162"
9895,5,False,False,0->0,,,,,16,550,"385,966,715,725,554"
9896,5,False,False,0->0,,,,,16,966,"756,518,326,692,454"
9898,5,False,False,0->0,,,,,16,839,"679,805,165,180,798"
9899,5,False,False,0->0,,,,,16,476,"265,156,421,725,4"
9900,5,False,False,0->0,,,,,16,966,"510,710,721,829,622"
9903,5,False,False,0->0,,,,,16,690,"159,723,413,929,699"
9904,5,False,False,0->0,,,,,16,1278,"657,190,365,609,669"
9905,5,False,False,0->0,,,,,16,996,"523,681,593,459,210"
9909,5,False,False,0->0,,,,,16,858,"199,960,63,232,36"
9911,5,False,False,0->0,,,,,16,469,"633,781,599,658,868"
9912,5,False,False,0->0,,,,,16,634,"688,208,102,806,491"
9913,5,False,False,0->0,,,,,16,767,"775,753,50,691,320"
9915,5,False,False,0->0,,,,,16,656,"734,370,729,805,15"
9917,5,False,False,0->0,,,,,16,651,"59,770,750,521,468"
9918,5,False,False,0->0,,,,,16,903,"12,52,945,761,760"
9919,5,False,False,0->0,,,,,16,706,"704,595,166,730,90"
9920,5,False,False,0->0,,,,,16,1688,"431,673,504,772,508"
9921,5,False,False,0->0,,,,,16,364,"773,564,852,947,43"
9923,5,False,False,0->0,,,,,16,1255,"829,980,228,851,379"
9925,5,False,False,0->0,,,,,16,493,"469,814,305,911,646"
9926,5,False,False,0->0,,,,,16,319,"99,911,878,866,993"
9928,5,False,False,0->0,,,,,16,522,"322,408,531,957,122"
9929,5,False,False,0->0,,,,,16,1069,"674,977,604,199,627"
9931,5,False,False,0->0,,,,,16,365,"389,929,786,674,914"
9932,5,False,False,0->0,,,,,16,964,"244,530,428,491,368"
9933,5,False,False,0->0,,,,,16,1139,"853,188,106,951,942"
9934,5,False,False,0->0,,,,,16,936,"733,567,824,250,599"
9935,5,False,False,0->0,,,,,16,539,"376,599,214,338,41"
9937,5,False,False,0->0,,,,,16,434,"148,398,921,614,458"
9938,5,False,False,0->0,,,,,16,582,"220,824,837,714,42"
9940,5,False,False,0->0,,,,,16,854,"681,4,535,178,599"
9941,5,False,False,0->0,,,,,16,1206,"764,788,379,107,500"
9942,5,False,False,0->0,,,,,16,445,"931,713,947,222,473"
9943,5,False,False,0->0,,,,,16,926,"495,167,798,883,581"
9945,5,False,False,0->0,,,,,16,1048,"761,209,578,759,491"
9949,5,False,False,0->0,,,,,16,587,"203,304,342,729,143"
9950,5,False,False,0->0,,,,,16,1219,"265,590,727,607,457"
9953,5,False,False,0->0,,,,,16,912,"600,886,948,171,257"
9954,5,False,False,0->0,,,,,16,569,"137,858,547,48,266"
9955,5,False,False,0->0,,,,,16,1053,"388,252,438,107,445"
9956,5,False,False,0->0,,,,,16,836,"205,905,79,417,309"
9957,5,False,False,0->0,,,,,16,986,"128,724,302,750,155"
9958,5,False,False,0->0,,,,,16,1233,"655,657,787,518,474"
9959,5,False,False,0->0,,,,,16,868,"761,518,705,360,964"
9960,5,False,False,0->0,,,,,16,582,"324,679,771,212,145"
9961,5,False,False,0->0,,,,,16,913,"182,202,749,821,634"
9962,5,False,False,0->0,,,,,16,779,"43,971,653,697,401"
9964,5,False,False,0->0,,,,,16,1203,"726,618,265,87,368"
9965,5,False,False,0->0,,,,,16,264,"810,543,297,913,817"
9966,5,False,False,0->0,,,,,16,1196,"548,458,216,446,763"
9967,5,False,False,0->0,,,,,16,788,"878,279,973,373,7"
9968,5,False,False,0->0,,,,,16,615,"70,969,83,953,778"
9971,5,False,False,0->0,,,,,16,1254,"333,817,797,776,852"
9973,5,False,False,0->0,,,,,16,910,"834,567,103,761,633"
9974,5,False,False,0->0,,,,,16,1314,"230,713,984,795,604"
9977,5,False,False,0->0,,,,,16,1294,"279,451,928,350,74"
9979,5,False,False,0->0,,,,,16,553,"465,639,720,673,346"
9980,5,False,False,0->0,,,,,16,1018,"72,242,96,614,840"
9981,5,False,False,0->0,,,,,16,1050,"335,902,253,691,917"
9982,5,False,False,0->0,,,,,16,1345,"235,72,740,386,657"
9984,5,False,False,0->0,,,,,16,958,"511,198,649,172,616"
9985,5,False,False,0->0,,,,,16,567,"420,906,920,104,794"
9986,5,False,False,0->0,,,,,16,547,"780,402,226,534,185"
9988,5,False,False,0->0,,,,,16,648,"203,797,999,154,877"
9989,5,False,False,0->0,,,,,16,784,"279,582,980,250,322"
9990,5,False,False,0->0,,,,,16,753,"753,917,179,297,642"
9991,5,False,False,0->0,,,,,16,926,"49,438,772,488,920"
9993,5,False,False,0->0,,,,,16,969,"255,511,147,798,373"
9994,5,False,False,0->0,,,,,16,1016,"381,443,906,316,79"
9995,5,False,False,0->0,,,,,16,1068,"973,971,981,970,854"
9996,5,False,False,0->0,,,,,16,749,"254,44,185,522,257"
9997,5,False,False,0->0,,,,,16,802,"831,785,741,342,310"
9999,5,False,False,0->0,,,,,16,989,"260,284,982,187,827"
10000,5,False,False,0->0,,,,,16,1050,"202,172,469,446,229"
