event,hard_found,combined_found,transition,hard_hits,combined_premerge_hits,combined_postmerge_hits,combined_ds,combined_dw
1.0,False,False,0->0,16,1938,1937,,
3.0,False,False,0->0,16,1328,1325,,
4.0,False,False,0->0,16,1549,1548,,
6.0,False,False,0->0,16,1251,1251,,
8.0,False,False,0->0,16,2067,2066,,
10.0,False,False,0->0,16,1216,1215,,
11.0,False,False,0->0,16,1341,1340,,
13.0,False,False,0->0,16,717,715,,
15.0,False,False,0->0,16,1502,1499,,
17.0,False,False,0->0,16,1629,1627,,
18.0,False,False,0->0,16,1097,1097,,
19.0,False,False,0->0,16,1797,1795,,
21.0,False,False,0->0,16,1290,1289,,
22.0,False,False,0->0,16,2933,2931,,
23.0,False,False,0->0,16,1808,1808,,
24.0,False,False,0->0,16,1509,1509,,
25.0,False,False,0->0,16,1904,1901,,
26.0,False,False,0->0,16,1781,1780,,
27.0,False,False,0->0,16,1699,1699,,
30.0,False,False,0->0,16,1534,1533,,
31.0,False,False,0->0,16,1122,1121,,
32.0,False,False,0->0,16,1998,1996,,
33.0,False,False,0->0,16,2525,2523,,
34.0,False,False,0->0,16,1096,1096,,
35.0,False,False,0->0,16,1475,1474,,
37.0,False,False,0->0,16,1382,1381,,
38.0,False,False,0->0,14,1372,1372,,
40.0,False,False,0->0,16,724,722,,
41.0,False,False,0->0,16,1812,1810,,
45.0,False,False,0->0,16,1377,1375,,
46.0,False,False,0->0,16,1663,1662,,
47.0,False,False,0->0,16,1457,1456,,
48.0,False,False,0->0,16,2019,2017,,
49.0,False,False,0->0,16,2531,2530,,
50.0,False,False,0->0,16,934,933,,
53.0,False,False,0->0,16,1991,1990,,
54.0,False,False,0->0,16,1163,1163,,
55.0,False,False,0->0,16,1439,1436,,
56.0,False,False,0->0,16,2175,2174,,
58.0,False,False,0->0,16,912,912,,
59.0,False,False,0->0,12,1339,1339,,
60.0,False,False,0->0,16,1472,1471,,
63.0,False,False,0->0,16,1328,1324,,
64.0,False,False,0->0,16,2404,2404,,
65.0,False,False,0->0,16,1784,1782,,
67.0,False,False,0->0,16,1468,1465,,
68.0,False,False,0->0,16,990,990,,
69.0,False,False,0->0,16,1746,1745,,
70.0,False,False,0->0,16,910,909,,
73.0,False,False,0->0,16,1142,1141,,
74.0,False,False,0->0,16,1176,1175,,
75.0,False,False,0->0,16,867,866,,
77.0,False,False,0->0,16,614,613,,
79.0,False,False,0->0,16,2604,2603,,
83.0,False,False,0->0,16,1806,1805,,
86.0,False,False,0->0,16,2041,2041,,
87.0,False,False,0->0,16,1725,1725,,
88.0,False,False,0->0,16,1808,1805,,
89.0,False,False,0->0,16,1429,1428,,
91.0,False,False,0->0,16,1946,1944,,
92.0,False,False,0->0,16,1642,1641,,
95.0,False,False,0->0,16,1049,1048,,
96.0,False,False,0->0,16,2497,2497,,
99.0,False,False,0->0,16,1778,1775,,
100.0,False,False,0->0,16,1458,1455,,
101.0,False,False,0->0,16,2004,2004,,
103.0,False,False,0->0,16,1645,1643,,
105.0,False,False,0->0,16,2279,2277,,
106.0,False,False,0->0,14,2930,2928,,
107.0,False,False,0->0,16,1857,1855,,
108.0,False,False,0->0,16,2451,2449,,
109.0,False,False,0->0,16,1130,1129,,
110.0,False,False,0->0,16,1461,1461,,
111.0,False,False,0->0,16,929,928,,
113.0,False,False,0->0,16,1315,1313,,
115.0,False,False,0->0,16,1737,1736,,
116.0,False,False,0->0,16,1390,1388,,
117.0,False,False,0->0,16,2877,2877,,
119.0,False,False,0->0,16,1921,1920,,
120.0,False,False,0->0,16,946,944,,
122.0,False,False,0->0,12,855,855,,
123.0,False,False,0->0,16,1531,1530,,
124.0,False,False,0->0,16,1565,1565,,
125.0,False,False,0->0,16,1347,1347,,
127.0,False,False,0->0,16,1619,1619,,
128.0,False,False,0->0,16,1604,1602,,
129.0,False,False,0->0,16,1826,1825,,
130.0,False,False,0->0,16,2665,2663,,
131.0,False,False,0->0,16,1099,1097,,
133.0,False,False,0->0,16,1390,1389,,
134.0,False,False,0->0,16,1880,1879,,
135.0,False,False,0->0,16,1177,1175,,
136.0,False,False,0->0,16,2330,2330,,
137.0,False,False,0->0,16,1993,1993,,
138.0,False,False,0->0,16,2277,2277,,
139.0,False,False,0->0,16,1105,1105,,
141.0,False,False,0->0,16,1970,1968,,
142.0,False,False,0->0,16,1099,1098,,
144.0,False,False,0->0,16,1040,1040,,
145.0,False,False,0->0,16,1412,1411,,
146.0,False,False,0->0,16,2096,2095,,
149.0,False,False,0->0,16,1110,1110,,
150.0,False,False,0->0,16,2057,2055,,
151.0,False,False,0->0,16,1438,1438,,
153.0,False,False,0->0,16,1649,1648,,
154.0,False,False,0->0,10,1381,1381,,
156.0,False,False,0->0,16,1212,1211,,
157.0,False,False,0->0,14,1682,1682,,
158.0,False,False,0->0,16,2017,2016,,
159.0,False,False,0->0,14,1093,1093,,
160.0,False,False,0->0,16,1190,1190,,
161.0,False,False,0->0,16,2140,2139,,
162.0,False,False,0->0,16,1291,1289,,
163.0,False,False,0->0,16,2600,2598,,
164.0,False,False,0->0,16,1697,1696,,
165.0,False,False,0->0,16,1354,1352,,
168.0,False,False,0->0,12,1036,1036,,
170.0,False,False,0->0,16,2679,2679,,
171.0,False,False,0->0,16,1993,1993,,
173.0,False,False,0->0,16,2388,2386,,
174.0,False,False,0->0,16,1127,1125,,
175.0,False,False,0->0,16,1087,1085,,
176.0,False,False,0->0,12,1304,1304,,
177.0,False,False,0->0,14,1916,1916,,
180.0,False,False,0->0,16,1628,1628,,
181.0,False,False,0->0,16,1154,1152,,
182.0,False,False,0->0,16,1154,1152,,
183.0,False,False,0->0,8,1607,1606,,
184.0,False,False,0->0,16,1283,1283,,
185.0,False,False,0->0,16,1375,1373,,
186.0,False,False,0->0,16,1098,1095,,
187.0,False,False,0->0,16,864,862,,
188.0,False,False,0->0,16,2885,2885,,
189.0,False,False,0->0,16,2093,2091,,
190.0,False,False,0->0,16,1565,1563,,
191.0,False,False,0->0,16,1236,1234,,
192.0,False,False,0->0,16,2071,2070,,
193.0,False,False,0->0,16,1700,1699,,
194.0,False,False,0->0,8,1201,1201,,
195.0,False,False,0->0,16,1132,1132,,
196.0,False,False,0->0,10,1572,1571,,
197.0,False,False,0->0,16,1544,1543,,
199.0,False,False,0->0,8,1300,1300,,
201.0,False,False,0->0,16,1073,1071,,
202.0,False,False,0->0,16,1773,1771,,
205.0,False,False,0->0,16,1159,1158,,
206.0,False,False,0->0,16,1605,1603,,
207.0,False,False,0->0,16,2223,2222,,
211.0,False,False,0->0,16,1479,1477,,
212.0,False,False,0->0,16,1184,1182,,
214.0,False,False,0->0,16,1483,1483,,
215.0,False,False,0->0,16,1362,1362,,
216.0,False,False,0->0,16,1307,1305,,
217.0,False,False,0->0,16,1733,1731,,
218.0,False,False,0->0,16,2343,2341,,
220.0,False,False,0->0,16,901,900,,
221.0,False,False,0->0,16,2001,1998,,
222.0,False,False,0->0,12,1557,1557,,
223.0,False,False,0->0,14,2127,2127,,
224.0,False,False,0->0,16,1587,1585,,
225.0,False,False,0->0,16,1792,1790,,
226.0,False,False,0->0,16,837,837,,
227.0,False,False,0->0,16,967,965,,
228.0,False,False,0->0,16,1924,1924,,
230.0,False,False,0->0,16,1268,1266,,
231.0,False,False,0->0,16,2331,2330,,
232.0,False,False,0->0,16,1399,1399,,
233.0,False,False,0->0,16,1347,1345,,
234.0,False,False,0->0,16,898,897,,
237.0,False,False,0->0,16,1788,1788,,
238.0,False,False,0->0,10,2455,2455,,
239.0,False,False,0->0,16,1374,1373,,
240.0,False,False,0->0,16,1616,1614,,
241.0,False,False,0->0,16,1623,1622,,
242.0,False,False,0->0,16,2087,2087,,
243.0,False,False,0->0,16,1462,1462,,
247.0,False,False,0->0,16,1093,1093,,
248.0,False,False,0->0,16,1459,1459,,
250.0,False,False,0->0,16,1878,1876,,
251.0,False,False,0->0,16,840,839,,
252.0,False,False,0->0,16,1298,1297,,
253.0,False,False,0->0,16,2065,2063,,
255.0,False,False,0->0,16,955,954,,
258.0,False,False,0->0,8,1444,1444,,
259.0,False,False,0->0,16,2164,2162,,
261.0,False,False,0->0,16,1316,1316,,
263.0,False,False,0->0,16,1171,1170,,
264.0,False,False,0->0,16,2474,2473,,
265.0,False,False,0->0,16,1511,1510,,
266.0,False,False,0->0,16,1056,1056,,
269.0,False,False,0->0,14,2005,2005,,
270.0,False,False,0->0,10,3299,3298,,
271.0,False,False,0->0,16,1194,1191,,
272.0,False,False,0->0,16,2204,2204,,
273.0,False,False,0->0,16,1953,1952,,
274.0,False,False,0->0,16,1141,1138,,
275.0,False,False,0->0,16,2574,2574,,
278.0,False,False,0->0,16,1981,1979,,
279.0,False,False,0->0,16,2106,2105,,
281.0,False,False,0->0,16,1164,1164,,
282.0,False,False,0->0,16,689,688,,
284.0,False,False,0->0,16,1342,1340,,
286.0,True,False,1->0,16,1482,1480,,
289.0,False,False,0->0,16,1567,1566,,
290.0,False,False,0->0,16,1352,1352,,
291.0,False,False,0->0,16,1204,1202,,
293.0,False,False,0->0,16,1493,1491,,
295.0,False,False,0->0,16,1649,1646,,
296.0,False,False,0->0,8,1086,1086,,
297.0,False,False,0->0,16,1724,1722,,
298.0,False,False,0->0,16,1513,1511,,
299.0,False,False,0->0,16,2648,2648,,
300.0,False,False,0->0,16,1285,1283,,
302.0,False,False,0->0,8,1245,1245,,
303.0,False,False,0->0,16,3219,3216,,
304.0,False,False,0->0,16,2399,2398,,
306.0,False,False,0->0,16,1537,1534,,
308.0,False,False,0->0,16,1043,1043,,
310.0,False,False,0->0,12,1761,1761,,
311.0,False,False,0->0,16,1675,1673,,
312.0,False,False,0->0,10,3302,3302,,
313.0,False,False,0->0,16,933,930,,
315.0,False,False,0->0,16,1392,1391,,
316.0,False,False,0->0,16,1362,1361,,
317.0,False,False,0->0,14,1674,1674,,
318.0,False,False,0->0,16,1559,1558,,
321.0,False,False,0->0,16,1278,1277,,
323.0,False,False,0->0,16,2530,2530,,
324.0,False,False,0->0,16,1063,1063,,
326.0,False,False,0->0,16,1607,1604,,
327.0,False,False,0->0,8,2112,2112,,
328.0,False,False,0->0,16,3193,3192,,
329.0,False,False,0->0,16,1590,1589,,
330.0,False,False,0->0,16,1029,1028,,
332.0,False,False,0->0,16,2114,2112,,
333.0,False,False,0->0,16,1110,1109,,
334.0,False,False,0->0,16,1414,1412,,
337.0,False,False,0->0,16,1772,1771,,
338.0,False,False,0->0,16,2881,2879,,
339.0,False,False,0->0,16,1338,1336,,
340.0,False,False,0->0,12,1963,1963,,
341.0,False,False,0->0,16,1265,1264,,
344.0,False,False,0->0,16,746,746,,
346.0,False,False,0->0,16,1187,1187,,
347.0,False,False,0->0,16,1516,1514,,
348.0,False,False,0->0,16,1231,1230,,
350.0,False,False,0->0,16,1822,1821,,
351.0,False,False,0->0,16,1315,1315,,
352.0,False,False,0->0,16,2091,2091,,
353.0,False,False,0->0,16,1755,1754,,
355.0,False,False,0->0,16,1527,1527,,
356.0,False,False,0->0,16,1755,1755,,
357.0,False,False,0->0,16,1255,1255,,
358.0,False,False,0->0,16,876,876,,
361.0,False,False,0->0,16,1530,1529,,
364.0,False,False,0->0,16,1380,1380,,
365.0,False,False,0->0,16,1685,1684,,
366.0,False,False,0->0,16,1809,1808,,
369.0,False,False,0->0,16,1068,1067,,
371.0,False,False,0->0,16,1088,1087,,
372.0,False,False,0->0,12,1319,1319,,
373.0,False,False,0->0,16,990,990,,
375.0,False,False,0->0,16,1276,1276,,
376.0,False,False,0->0,16,960,956,,
377.0,False,False,0->0,16,1522,1522,,
378.0,False,False,0->0,16,1519,1517,,
379.0,False,False,0->0,16,2388,2388,,
380.0,False,False,0->0,16,1123,1122,,
381.0,False,False,0->0,16,2019,2016,,
384.0,False,False,0->0,16,2648,2647,,
385.0,False,False,0->0,16,1432,1431,,
387.0,False,False,0->0,16,1373,1373,,
388.0,False,False,0->0,16,1735,1735,,
389.0,False,False,0->0,16,1885,1883,,
390.0,False,False,0->0,16,2046,2043,,
391.0,False,False,0->0,16,2359,2357,,
392.0,False,False,0->0,16,1075,1073,,
393.0,False,False,0->0,16,1413,1412,,
394.0,False,False,0->0,12,1110,1110,,
395.0,False,False,0->0,16,1819,1817,,
396.0,False,False,0->0,16,904,904,,
397.0,False,False,0->0,12,1386,1386,,
398.0,False,False,0->0,16,1570,1569,,
399.0,False,False,0->0,16,2317,2315,,
400.0,False,False,0->0,16,2456,2456,,
402.0,False,False,0->0,16,849,849,,
403.0,False,False,0->0,16,1900,1898,,
405.0,False,False,0->0,16,1242,1241,,
406.0,False,False,0->0,16,1529,1528,,
407.0,False,False,0->0,16,802,801,,
408.0,False,False,0->0,16,1806,1806,,
409.0,False,False,0->0,16,1204,1201,,
411.0,False,False,0->0,16,1364,1363,,
413.0,False,False,0->0,16,1590,1590,,
414.0,False,False,0->0,16,620,619,,
416.0,False,False,0->0,16,1813,1810,,
417.0,False,False,0->0,16,2108,2108,,
418.0,False,False,0->0,16,815,812,,
419.0,False,False,0->0,16,1550,1548,,
421.0,False,False,0->0,16,1385,1384,,
422.0,False,False,0->0,16,1866,1866,,
426.0,False,False,0->0,16,1990,1987,,
427.0,False,False,0->0,16,1280,1279,,
429.0,False,False,0->0,16,1808,1808,,
430.0,False,False,0->0,16,882,882,,
431.0,False,False,0->0,16,1655,1654,,
432.0,False,False,0->0,16,1824,1821,,
433.0,False,False,0->0,16,1198,1197,,
434.0,False,False,0->0,16,1301,1301,,
435.0,False,False,0->0,16,2433,2433,,
436.0,False,False,0->0,16,1902,1902,,
437.0,False,False,0->0,12,803,803,,
440.0,False,False,0->0,16,1941,1939,,
442.0,False,False,0->0,16,1789,1789,,
444.0,False,False,0->0,16,880,878,,
445.0,False,False,0->0,16,743,743,,
446.0,False,False,0->0,16,1791,1789,,
447.0,False,False,0->0,16,1713,1711,,
448.0,False,False,0->0,16,1666,1665,,
449.0,False,False,0->0,16,2323,2321,,
450.0,False,False,0->0,16,1747,1746,,
451.0,False,False,0->0,16,1624,1623,,
452.0,False,False,0->0,16,1651,1650,,
453.0,False,False,0->0,16,1941,1939,,
454.0,False,False,0->0,16,1898,1897,,
455.0,False,False,0->0,16,1301,1300,,
456.0,False,False,0->0,16,1176,1173,,
457.0,False,False,0->0,16,2215,2215,,
459.0,False,False,0->0,16,950,949,,
461.0,False,False,0->0,16,1538,1537,,
463.0,False,False,0->0,16,2249,2247,,
464.0,False,False,0->0,16,1853,1851,,
465.0,False,False,0->0,16,2381,2379,,
466.0,False,False,0->0,16,1139,1137,,
467.0,False,False,0->0,16,1626,1625,,
468.0,False,False,0->0,14,1943,1942,,
469.0,False,False,0->0,14,2307,2307,,
470.0,False,False,0->0,16,1304,1304,,
471.0,False,False,0->0,16,562,561,,
472.0,False,False,0->0,12,2509,2507,,
473.0,False,False,0->0,16,1784,1783,,
474.0,False,False,0->0,16,2211,2211,,
475.0,False,False,0->0,16,1075,1074,,
476.0,False,False,0->0,16,759,758,,
479.0,False,False,0->0,16,1761,1760,,
480.0,False,False,0->0,16,672,670,,
483.0,False,False,0->0,10,2037,2037,,
485.0,False,False,0->0,16,2428,2427,,
488.0,False,False,0->0,16,923,923,,
490.0,False,False,0->0,16,1742,1740,,
491.0,False,False,0->0,16,1063,1063,,
492.0,False,False,0->0,14,1634,1634,,
493.0,False,False,0->0,16,1150,1149,,
494.0,False,False,0->0,16,1440,1438,,
495.0,False,False,0->0,16,847,846,,
498.0,False,False,0->0,16,1259,1259,,
499.0,False,False,0->0,16,1941,1941,,
500.0,False,False,0->0,12,1752,1752,,
501.0,False,False,0->0,16,760,759,,
502.0,False,False,0->0,16,1984,1982,,
503.0,False,False,0->0,16,977,976,,
504.0,False,False,0->0,16,1352,1351,,
505.0,False,False,0->0,16,1237,1237,,
506.0,False,False,0->0,8,1654,1654,,
509.0,False,False,0->0,16,1984,1982,,
510.0,False,False,0->0,16,2288,2286,,
511.0,False,False,0->0,16,1799,1798,,
513.0,False,False,0->0,16,1348,1346,,
514.0,False,False,0->0,16,1224,1221,,
515.0,False,False,0->0,16,1366,1366,,
516.0,False,False,0->0,16,926,925,,
517.0,False,False,0->0,16,1763,1763,,
518.0,False,False,0->0,8,1815,1815,,
519.0,False,False,0->0,16,1419,1419,,
520.0,False,False,0->0,16,1114,1111,,
522.0,False,False,0->0,16,1855,1854,,
523.0,False,False,0->0,16,1601,1600,,
524.0,False,False,0->0,16,2429,2429,,
526.0,False,False,0->0,16,1793,1793,,
527.0,False,False,0->0,16,1320,1318,,
528.0,False,False,0->0,16,2050,2048,,
529.0,False,False,0->0,16,1355,1353,,
530.0,False,False,0->0,16,827,827,,
531.0,False,False,0->0,16,842,841,,
532.0,False,False,0->0,16,1742,1742,,
533.0,False,False,0->0,16,1974,1972,,
535.0,False,False,0->0,10,2208,2208,,
539.0,False,False,0->0,16,1119,1116,,
540.0,False,False,0->0,16,1674,1671,,
541.0,False,False,0->0,16,1572,1569,,
542.0,False,False,0->0,16,1880,1876,,
543.0,False,False,0->0,16,1507,1506,,
544.0,False,False,0->0,16,1886,1884,,
546.0,False,False,0->0,16,1709,1708,,
549.0,False,False,0->0,16,2117,2116,,
550.0,False,False,0->0,16,940,938,,
551.0,False,False,0->0,16,1460,1460,,
553.0,False,False,0->0,16,1270,1269,,
554.0,False,False,0->0,16,2039,2037,,
555.0,False,False,0->0,16,1015,1014,,
557.0,False,False,0->0,16,2141,2141,,
558.0,False,False,0->0,16,2085,2085,,
561.0,False,False,0->0,16,1828,1825,,
562.0,False,False,0->0,10,1340,1340,,
563.0,False,False,0->0,16,1105,1105,,
564.0,False,False,0->0,16,1831,1829,,
567.0,False,False,0->0,16,1278,1276,,
568.0,False,False,0->0,16,1142,1141,,
569.0,False,False,0->0,16,1555,1555,,
570.0,False,False,0->0,16,1414,1412,,
572.0,False,False,0->0,16,1240,1239,,
573.0,False,False,0->0,16,1479,1475,,
574.0,False,False,0->0,16,1544,1543,,
576.0,False,False,0->0,14,1733,1733,,
578.0,False,False,0->0,16,1092,1090,,
579.0,False,False,0->0,16,1547,1546,,
580.0,False,False,0->0,16,1250,1250,,
581.0,False,False,0->0,16,2240,2237,,
582.0,False,False,0->0,14,1565,1565,,
583.0,False,False,0->0,16,1395,1394,,
584.0,False,False,0->0,16,1147,1147,,
585.0,False,False,0->0,16,1564,1563,,
586.0,False,False,0->0,16,1417,1414,,
587.0,False,False,0->0,16,1167,1165,,
588.0,False,False,0->0,16,2164,2163,,
590.0,False,False,0->0,16,1692,1690,,
591.0,False,False,0->0,16,2055,2055,,
592.0,False,False,0->0,16,1023,1021,,
594.0,False,False,0->0,16,1495,1495,,
595.0,False,False,0->0,12,1474,1474,,
596.0,False,False,0->0,16,1683,1682,,
597.0,False,False,0->0,16,1976,1976,,
599.0,False,False,0->0,16,2562,2560,,
600.0,False,False,0->0,16,1378,1378,,
601.0,False,False,0->0,16,1474,1474,,
602.0,False,False,0->0,16,1280,1278,,
603.0,False,False,0->0,16,2804,2802,,
604.0,False,False,0->0,16,959,958,,
606.0,False,False,0->0,10,2129,2128,,
609.0,False,False,0->0,16,2215,2213,,
610.0,False,False,0->0,16,1756,1755,,
611.0,False,False,0->0,16,939,937,,
612.0,False,False,0->0,16,1859,1858,,
613.0,False,False,0->0,16,1017,1016,,
615.0,False,False,0->0,16,2394,2393,,
616.0,False,False,0->0,16,1429,1428,,
617.0,False,False,0->0,16,1367,1367,,
618.0,False,False,0->0,16,2040,2038,,
620.0,False,False,0->0,16,2501,2501,,
621.0,False,False,0->0,16,2033,2032,,
624.0,False,False,0->0,16,1713,1712,,
625.0,False,False,0->0,16,1195,1195,,
626.0,False,False,0->0,16,1140,1139,,
627.0,False,False,0->0,16,1371,1369,,
630.0,False,False,0->0,16,2459,2456,,
631.0,False,False,0->0,16,2001,2000,,
632.0,False,False,0->0,16,2038,2037,,
633.0,False,False,0->0,16,1761,1760,,
634.0,False,False,0->0,16,1808,1807,,
636.0,False,False,0->0,16,1140,1140,,
637.0,False,False,0->0,16,3271,3268,,
638.0,False,False,0->0,16,1782,1779,,
641.0,False,False,0->0,16,1724,1723,,
642.0,False,False,0->0,16,1340,1336,,
643.0,False,False,0->0,16,1777,1777,,
644.0,False,False,0->0,16,1094,1091,,
645.0,False,False,0->0,16,1353,1352,,
646.0,False,False,0->0,16,1266,1265,,
648.0,False,False,0->0,16,1200,1198,,
649.0,False,False,0->0,10,1016,1016,,
650.0,False,False,0->0,16,1152,1151,,
651.0,False,False,0->0,16,1547,1546,,
652.0,False,False,0->0,16,1723,1723,,
653.0,False,False,0->0,16,1708,1708,,
654.0,False,False,0->0,16,1617,1617,,
655.0,False,False,0->0,16,1525,1525,,
656.0,False,False,0->0,16,1340,1338,,
657.0,False,False,0->0,16,1894,1894,,
658.0,False,False,0->0,16,1167,1166,,
659.0,False,False,0->0,16,923,923,,
660.0,False,False,0->0,16,1237,1234,,
663.0,False,False,0->0,16,1267,1266,,
664.0,False,False,0->0,16,2497,2495,,
665.0,False,False,0->0,16,2211,2208,,
667.0,False,False,0->0,16,1515,1514,,
668.0,False,False,0->0,16,2020,2019,,
669.0,False,False,0->0,16,1021,1019,,
670.0,False,False,0->0,16,2659,2658,,
673.0,False,False,0->0,16,1110,1110,,
674.0,False,False,0->0,10,937,937,,
675.0,False,False,0->0,16,1012,1011,,
676.0,False,False,0->0,14,1717,1717,,
677.0,False,False,0->0,16,2504,2504,,
678.0,False,False,0->0,16,1487,1485,,
679.0,False,False,0->0,16,1980,1979,,
680.0,False,False,0->0,16,2167,2167,,
681.0,False,False,0->0,16,1070,1070,,
682.0,False,False,0->0,16,2180,2180,,
683.0,False,False,0->0,8,1607,1607,,
685.0,False,False,0->0,10,1837,1836,,
686.0,False,False,0->0,16,1256,1254,,
687.0,False,False,0->0,16,922,922,,
688.0,False,False,0->0,10,1317,1316,,
689.0,False,False,0->0,16,1239,1239,,
691.0,False,False,0->0,16,2489,2487,,
692.0,False,False,0->0,16,1383,1383,,
695.0,False,False,0->0,14,1787,1787,,
698.0,False,False,0->0,10,1296,1296,,
699.0,False,False,0->0,16,1594,1593,,
700.0,False,False,0->0,16,3229,3225,,
705.0,False,False,0->0,16,1738,1735,,
707.0,False,False,0->0,12,932,932,,
709.0,False,False,0->0,16,2001,1999,,
710.0,False,False,0->0,16,1371,1369,,
711.0,False,False,0->0,16,2520,2519,,
712.0,False,False,0->0,16,2028,2026,,
713.0,False,False,0->0,16,2221,2219,,
714.0,False,False,0->0,16,1902,1902,,
715.0,False,False,0->0,16,896,895,,
716.0,False,False,0->0,16,2178,2177,,
717.0,False,False,0->0,10,1863,1863,,
718.0,False,False,0->0,16,1098,1095,,
719.0,False,False,0->0,10,1428,1428,,
720.0,False,False,0->0,16,1103,1100,,
721.0,False,False,0->0,16,1023,1023,,
722.0,False,False,0->0,16,1117,1115,,
724.0,False,False,0->0,16,2267,2264,,
725.0,False,False,0->0,16,2453,2452,,
727.0,False,False,0->0,16,1831,1830,,
728.0,False,False,0->0,16,2024,2023,,
729.0,False,False,0->0,16,1570,1569,,
730.0,False,False,0->0,16,1291,1290,,
731.0,False,False,0->0,16,1791,1790,,
732.0,False,False,0->0,16,1208,1207,,
735.0,False,False,0->0,16,1420,1418,,
736.0,False,False,0->0,16,1872,1870,,
737.0,False,False,0->0,16,1351,1351,,
738.0,False,False,0->0,16,1185,1185,,
739.0,False,False,0->0,16,2531,2527,,
740.0,False,False,0->0,16,1298,1298,,
742.0,False,False,0->0,16,1424,1422,,
743.0,False,False,0->0,16,1467,1465,,
744.0,False,False,0->0,16,566,566,,
747.0,False,False,0->0,16,1756,1755,,
748.0,False,False,0->0,16,1727,1725,,
749.0,False,False,0->0,16,2014,2011,,
750.0,False,False,0->0,16,2044,2041,,
751.0,False,False,0->0,16,2236,2235,,
753.0,False,False,0->0,16,890,890,,
755.0,False,False,0->0,16,1037,1037,,
756.0,False,False,0->0,12,1770,1769,,
757.0,False,False,0->0,8,2391,2389,,
759.0,False,False,0->0,10,1250,1250,,
760.0,False,False,0->0,16,1043,1041,,
761.0,False,False,0->0,16,1286,1286,,
763.0,False,False,0->0,16,2002,2001,,
764.0,False,False,0->0,16,2499,2496,,
765.0,False,False,0->0,16,1763,1762,,
766.0,False,False,0->0,16,1300,1298,,
767.0,False,False,0->0,12,1456,1456,,
768.0,False,False,0->0,16,2106,2104,,
771.0,False,False,0->0,16,1939,1939,,
774.0,False,False,0->0,16,2306,2303,,
775.0,False,False,0->0,16,988,987,,
777.0,False,False,0->0,16,1540,1540,,
780.0,False,False,0->0,16,1547,1546,,
781.0,False,False,0->0,16,1967,1966,,
782.0,False,False,0->0,16,937,937,,
786.0,False,False,0->0,12,2359,2359,,
787.0,False,False,0->0,16,1944,1944,,
789.0,False,False,0->0,16,1782,1781,,
790.0,False,False,0->0,10,2250,2250,,
791.0,False,False,0->0,16,1087,1085,,
792.0,False,False,0->0,16,2101,2100,,
793.0,False,False,0->0,16,1870,1870,,
795.0,False,False,0->0,16,929,927,,
796.0,False,False,0->0,16,1497,1495,,
797.0,False,False,0->0,16,1195,1191,,
798.0,False,False,0->0,14,1690,1690,,
799.0,False,False,0->0,12,2242,2242,,
801.0,False,False,0->0,16,1251,1250,,
802.0,False,False,0->0,16,1403,1402,,
803.0,False,False,0->0,16,1164,1164,,
805.0,False,False,0->0,16,911,911,,
806.0,False,False,0->0,16,1336,1336,,
807.0,False,False,0->0,16,1784,1782,,
808.0,False,False,0->0,16,1454,1454,,
809.0,False,False,0->0,16,1515,1512,,
812.0,False,False,0->0,8,1695,1695,,
813.0,False,False,0->0,16,2060,2058,,
815.0,False,False,0->0,16,1798,1797,,
816.0,False,False,0->0,16,1546,1545,,
817.0,False,False,0->0,16,1543,1542,,
819.0,False,False,0->0,16,2031,2029,,
821.0,False,False,0->0,16,2106,2104,,
823.0,False,False,0->0,16,1764,1762,,
824.0,False,False,0->0,16,2068,2068,,
826.0,False,False,0->0,16,1132,1131,,
827.0,False,False,0->0,10,1312,1312,,
828.0,False,False,0->0,12,1573,1573,,
830.0,False,False,0->0,16,1835,1834,,
831.0,False,False,0->0,16,2468,2464,,
832.0,False,False,0->0,16,1661,1660,,
833.0,False,False,0->0,16,1676,1675,,
834.0,False,False,0->0,16,1902,1901,,
835.0,False,False,0->0,8,1644,1644,,
837.0,False,False,0->0,16,1104,1103,,
838.0,False,False,0->0,16,1340,1338,,
841.0,False,False,0->0,14,2332,2332,,
842.0,False,False,0->0,16,1684,1682,,
843.0,False,False,0->0,16,1119,1119,,
844.0,False,False,0->0,16,1341,1339,,
845.0,False,False,0->0,16,868,867,,
846.0,False,False,0->0,12,1953,1953,,
847.0,False,False,0->0,16,990,989,,
850.0,False,False,0->0,12,2339,2338,,
851.0,False,False,0->0,16,1036,1035,,
853.0,False,False,0->0,16,1413,1411,,
854.0,False,False,0->0,16,1776,1775,,
855.0,False,False,0->0,16,1248,1246,,
856.0,False,False,0->0,16,1511,1509,,
857.0,False,False,0->0,16,1171,1169,,
858.0,False,False,0->0,16,1195,1194,,
859.0,False,False,0->0,16,1597,1596,,
860.0,False,False,0->0,16,1113,1113,,
861.0,False,False,0->0,16,1326,1324,,
862.0,False,False,0->0,16,1913,1912,,
863.0,False,False,0->0,16,1875,1875,,
864.0,False,False,0->0,16,1508,1506,,
865.0,False,False,0->0,16,1696,1695,,
866.0,False,False,0->0,16,1831,1831,,
867.0,False,False,0->0,16,1384,1382,,
868.0,False,False,0->0,16,1545,1545,,
869.0,False,False,0->0,16,2036,2035,,
870.0,False,False,0->0,16,1887,1885,,
872.0,False,False,0->0,16,2090,2090,,
873.0,False,False,0->0,16,1643,1642,,
874.0,False,False,0->0,16,1759,1758,,
877.0,False,False,0->0,10,975,975,,
878.0,False,False,0->0,16,1206,1206,,
879.0,False,False,0->0,16,1606,1605,,
881.0,False,False,0->0,16,1199,1196,,
882.0,False,False,0->0,16,2151,2150,,
883.0,False,False,0->0,16,2577,2576,,
886.0,False,False,0->0,16,1206,1205,,
887.0,False,False,0->0,16,924,924,,
888.0,False,False,0->0,16,1205,1204,,
889.0,False,False,0->0,16,1233,1232,,
890.0,False,False,0->0,16,1480,1480,,
892.0,False,False,0->0,16,1186,1186,,
894.0,False,False,0->0,10,2103,2103,,
895.0,False,False,0->0,16,1495,1495,,
896.0,False,False,0->0,16,657,656,,
897.0,False,False,0->0,16,1449,1448,,
898.0,False,False,0->0,16,1983,1982,,
899.0,False,False,0->0,16,1966,1965,,
900.0,False,False,0->0,16,1377,1376,,
901.0,False,False,0->0,16,908,906,,
903.0,False,False,0->0,10,1126,1126,,
904.0,False,False,0->0,16,1626,1625,,
906.0,False,False,0->0,16,1490,1490,,
907.0,False,False,0->0,16,1535,1531,,
908.0,False,False,0->0,16,1604,1603,,
909.0,False,False,0->0,16,1192,1192,,
910.0,False,False,0->0,16,2467,2466,,
911.0,False,False,0->0,16,2094,2094,,
913.0,False,False,0->0,16,2367,2365,,
914.0,False,False,0->0,16,1315,1313,,
915.0,False,False,0->0,16,1887,1887,,
917.0,False,False,0->0,16,2035,2035,,
918.0,False,False,0->0,16,2150,2150,,
920.0,False,False,0->0,16,1461,1461,,
923.0,False,False,0->0,10,2120,2120,,
924.0,False,False,0->0,16,1073,1071,,
925.0,False,False,0->0,16,1332,1331,,
927.0,False,False,0->0,16,1431,1429,,
928.0,False,False,0->0,16,792,792,,
929.0,False,False,0->0,16,2001,2000,,
931.0,False,False,0->0,16,2751,2750,,
932.0,False,False,0->0,16,2885,2883,,
933.0,False,False,0->0,16,1520,1520,,
934.0,False,False,0->0,16,1376,1374,,
936.0,False,False,0->0,16,943,942,,
938.0,False,False,0->0,16,1293,1293,,
939.0,False,False,0->0,16,1571,1569,,
940.0,False,False,0->0,16,1110,1109,,
941.0,False,False,0->0,16,2771,2771,,
942.0,False,False,0->0,16,1369,1368,,
943.0,False,False,0->0,16,1100,1099,,
944.0,False,False,0->0,16,1183,1180,,
945.0,False,False,0->0,16,1717,1717,,
947.0,False,False,0->0,16,1630,1627,,
948.0,False,False,0->0,16,1381,1381,,
949.0,False,False,0->0,16,1639,1638,,
950.0,False,False,0->0,16,2411,2409,,
951.0,False,False,0->0,16,1226,1226,,
952.0,False,False,0->0,16,1239,1239,,
953.0,False,False,0->0,12,1578,1578,,
954.0,False,False,0->0,16,1967,1967,,
955.0,False,False,0->0,16,1060,1058,,
956.0,False,False,0->0,16,1530,1528,,
957.0,False,False,0->0,16,1144,1141,,
959.0,False,False,0->0,16,1404,1404,,
960.0,False,False,0->0,16,2741,2740,,
961.0,False,False,0->0,16,2028,2027,,
962.0,False,False,0->0,16,1888,1887,,
964.0,False,False,0->0,16,1649,1648,,
966.0,False,False,0->0,16,1169,1168,,
968.0,False,False,0->0,16,1697,1697,,
969.0,False,False,0->0,16,1063,1063,,
970.0,False,False,0->0,8,1522,1522,,
973.0,False,False,0->0,16,1559,1559,,
974.0,False,False,0->0,16,1337,1336,,
975.0,False,False,0->0,16,1642,1642,,
976.0,False,False,0->0,16,2553,2551,,
977.0,False,False,0->0,16,2579,2577,,
978.0,False,False,0->0,16,1307,1306,,
979.0,False,False,0->0,16,1054,1052,,
980.0,False,False,0->0,12,2235,2235,,
981.0,False,False,0->0,10,1413,1413,,
982.0,False,False,0->0,16,1955,1954,,
983.0,False,False,0->0,16,1742,1740,,
984.0,False,False,0->0,16,1446,1445,,
985.0,False,False,0->0,16,2193,2193,,
986.0,False,False,0->0,16,1812,1812,,
988.0,False,False,0->0,16,1000,999,,
989.0,False,False,0->0,16,1193,1193,,
990.0,False,False,0->0,16,1300,1297,,
991.0,False,False,0->0,10,1564,1563,,
992.0,False,False,0->0,16,1173,1172,,
993.0,False,False,0->0,16,1776,1776,,
994.0,False,False,0->0,16,2221,2220,,
995.0,False,False,0->0,10,1876,1876,,
996.0,False,False,0->0,16,1567,1564,,
998.0,False,False,0->0,16,1396,1395,,
1001.0,False,False,0->0,16,1177,1176,,
1002.0,False,False,0->0,16,2017,2015,,
1003.0,False,False,0->0,16,1727,1726,,
1004.0,False,False,0->0,16,1414,1413,,
1005.0,False,False,0->0,16,1473,1473,,
1007.0,False,False,0->0,12,1025,1025,,
1008.0,False,False,0->0,16,2971,2971,,
1009.0,False,False,0->0,16,1623,1622,,
1011.0,False,False,0->0,16,1584,1582,,
1013.0,False,False,0->0,16,1384,1384,,
1014.0,False,False,0->0,16,1014,1014,,
1015.0,False,False,0->0,8,2166,2166,,
1016.0,False,False,0->0,16,1210,1208,,
1018.0,False,False,0->0,16,1419,1417,,
1019.0,False,False,0->0,16,1605,1603,,
1020.0,False,False,0->0,16,1016,1016,,
1021.0,False,False,0->0,16,1799,1796,,
1022.0,False,False,0->0,16,2353,2353,,
1023.0,False,False,0->0,16,645,641,,
1024.0,False,False,0->0,16,866,866,,
1025.0,False,False,0->0,16,1025,1023,,
1026.0,False,False,0->0,16,1494,1494,,
1027.0,False,False,0->0,16,1642,1641,,
1028.0,False,False,0->0,16,829,828,,
1030.0,False,False,0->0,16,1399,1397,,
1031.0,False,False,0->0,16,1383,1382,,
1032.0,False,False,0->0,16,1774,1772,,
1033.0,False,False,0->0,16,1606,1604,,
1034.0,False,False,0->0,16,1740,1740,,
1035.0,False,False,0->0,16,1774,1773,,
1036.0,False,False,0->0,16,2600,2597,,
1037.0,False,False,0->0,16,2207,2207,,
1039.0,False,False,0->0,16,1630,1628,,
1040.0,False,False,0->0,16,1397,1397,,
1041.0,False,False,0->0,16,1335,1335,,
1042.0,False,False,0->0,12,2067,2067,,
1043.0,False,False,0->0,16,1067,1065,,
1044.0,False,False,0->0,16,1376,1374,,
1045.0,False,False,0->0,16,1106,1105,,
1046.0,False,False,0->0,16,1797,1796,,
1047.0,False,False,0->0,16,1967,1964,,
1048.0,False,False,0->0,16,2794,2792,,
1049.0,False,False,0->0,16,2259,2258,,
1052.0,False,False,0->0,16,1271,1269,,
1053.0,False,False,0->0,16,2150,2148,,
1054.0,False,False,0->0,10,1871,1871,,
1056.0,False,False,0->0,16,1860,1860,,
1057.0,False,False,0->0,16,1192,1191,,
1058.0,False,False,0->0,16,2552,2551,,
1059.0,False,False,0->0,16,1136,1135,,
1063.0,False,False,0->0,16,1422,1421,,
1064.0,False,False,0->0,16,1685,1684,,
1065.0,False,False,0->0,16,808,808,,
1066.0,False,False,0->0,16,2083,2083,,
1067.0,False,False,0->0,8,2645,2645,,
1069.0,False,False,0->0,16,1692,1690,,
1071.0,False,False,0->0,16,1961,1961,,
1072.0,False,False,0->0,16,1243,1240,,
1073.0,False,False,0->0,16,463,462,,
1074.0,False,False,0->0,16,1033,1033,,
1075.0,False,False,0->0,16,1871,1869,,
1076.0,False,False,0->0,16,1271,1269,,
1077.0,False,False,0->0,16,1744,1743,,
1078.0,False,False,0->0,16,1921,1917,,
1079.0,False,False,0->0,16,1173,1173,,
1080.0,False,False,0->0,8,2192,2192,,
1081.0,False,False,0->0,14,923,923,,
1082.0,False,False,0->0,16,1783,1782,,
1083.0,False,False,0->0,16,2093,2091,,
1084.0,False,False,0->0,10,2034,2034,,
1086.0,False,False,0->0,16,2426,2425,,
1088.0,False,False,0->0,8,1594,1594,,
1089.0,False,False,0->0,16,1607,1606,,
1090.0,False,False,0->0,16,1817,1816,,
1091.0,False,False,0->0,16,867,865,,
1095.0,False,False,0->0,16,1254,1253,,
1096.0,False,False,0->0,12,2217,2216,,
1099.0,False,False,0->0,16,1199,1198,,
1100.0,False,False,0->0,16,986,986,,
1101.0,False,False,0->0,16,1250,1249,,
1103.0,False,False,0->0,16,1617,1617,,
1104.0,False,False,0->0,16,1307,1307,,
1105.0,False,False,0->0,16,1785,1785,,
1107.0,False,False,0->0,16,1636,1634,,
1108.0,False,False,0->0,16,1578,1577,,
1109.0,False,False,0->0,16,2345,2343,,
1110.0,False,False,0->0,16,2211,2208,,
1111.0,False,False,0->0,16,2855,2853,,
1112.0,False,False,0->0,10,1829,1828,,
1114.0,False,False,0->0,16,1050,1049,,
1116.0,False,False,0->0,16,1558,1555,,
1118.0,False,False,0->0,16,1104,1104,,
1119.0,False,False,0->0,16,1057,1055,,
1121.0,False,False,0->0,16,998,997,,
1124.0,False,False,0->0,16,1547,1545,,
1126.0,False,False,0->0,16,1032,1031,,
1127.0,False,False,0->0,16,1770,1769,,
1129.0,False,False,0->0,16,2116,2115,,
1130.0,False,False,0->0,16,2465,2463,,
1132.0,False,False,0->0,16,1284,1281,,
1133.0,False,False,0->0,16,818,816,,
1135.0,False,False,0->0,16,965,965,,
1136.0,False,False,0->0,16,1665,1665,,
1138.0,False,False,0->0,16,962,962,,
1139.0,False,False,0->0,12,1841,1841,,
1140.0,False,False,0->0,16,1372,1370,,
1141.0,False,False,0->0,12,2110,2110,,
1142.0,False,False,0->0,16,1706,1704,,
1143.0,False,False,0->0,16,1516,1515,,
1144.0,False,False,0->0,16,1637,1635,,
1146.0,False,False,0->0,14,1333,1333,,
1147.0,False,False,0->0,16,1739,1738,,
1149.0,False,False,0->0,16,1098,1097,,
1150.0,False,False,0->0,16,1327,1327,,
1155.0,False,False,0->0,16,1637,1636,,
1156.0,False,False,0->0,16,1085,1085,,
1158.0,False,False,0->0,10,1493,1493,,
1159.0,False,False,0->0,16,1325,1325,,
1162.0,False,False,0->0,16,2179,2176,,
1166.0,False,False,0->0,16,1142,1139,,
1167.0,False,False,0->0,16,2129,2128,,
1168.0,False,False,0->0,16,1502,1502,,
1170.0,False,False,0->0,16,1896,1896,,
1171.0,False,False,0->0,16,1649,1648,,
1172.0,False,False,0->0,16,1736,1735,,
1173.0,False,False,0->0,16,1771,1770,,
1174.0,False,False,0->0,16,2180,2180,,
1175.0,False,False,0->0,16,1753,1751,,
1176.0,False,False,0->0,16,1330,1330,,
1178.0,False,False,0->0,16,1232,1232,,
1179.0,False,False,0->0,16,1828,1825,,
1180.0,False,False,0->0,16,1942,1939,,
1181.0,False,False,0->0,16,2030,2028,,
1182.0,False,False,0->0,16,1220,1219,,
1184.0,False,False,0->0,16,839,838,,
1185.0,False,False,0->0,10,1629,1629,,
1186.0,False,False,0->0,16,1301,1300,,
1187.0,False,False,0->0,16,1815,1813,,
1188.0,False,False,0->0,16,1837,1837,,
1189.0,False,False,0->0,16,2071,2071,,
1191.0,False,False,0->0,16,1767,1766,,
1192.0,False,False,0->0,16,1320,1320,,
1193.0,False,False,0->0,16,1619,1618,,
1194.0,False,False,0->0,16,1930,1930,,
1197.0,False,False,0->0,12,1712,1712,,
1198.0,False,False,0->0,16,1377,1377,,
1199.0,False,False,0->0,16,969,969,,
1200.0,False,False,0->0,14,2368,2368,,
1201.0,False,False,0->0,16,1375,1374,,
1202.0,False,False,0->0,16,1031,1030,,
1204.0,False,False,0->0,16,1473,1470,,
1208.0,False,False,0->0,16,1959,1958,,
1209.0,False,False,0->0,14,976,976,,
1210.0,False,False,0->0,16,3007,3006,,
1211.0,False,False,0->0,16,2211,2210,,
1212.0,False,False,0->0,8,2254,2254,,
1213.0,False,False,0->0,16,1454,1452,,
1214.0,False,False,0->0,14,1576,1576,,
1215.0,False,False,0->0,16,1291,1291,,
1216.0,False,False,0->0,16,1675,1674,,
1217.0,False,False,0->0,16,1341,1340,,
1218.0,False,False,0->0,16,2470,2469,,
1219.0,False,False,0->0,10,1572,1572,,
1220.0,False,False,0->0,16,1437,1436,,
1221.0,False,False,0->0,12,2604,2604,,
1224.0,False,False,0->0,16,1074,1073,,
1225.0,False,False,0->0,16,1117,1117,,
1227.0,False,False,0->0,16,1240,1240,,
1228.0,False,False,0->0,12,2067,2067,,
1230.0,False,False,0->0,10,2164,2164,,
1231.0,False,False,0->0,16,1454,1454,,
1232.0,False,False,0->0,16,1365,1364,,
1235.0,False,False,0->0,16,2103,2102,,
1236.0,False,False,0->0,16,2383,2381,,
1237.0,False,False,0->0,16,2038,2038,,
1238.0,False,False,0->0,10,2864,2861,,
1239.0,False,False,0->0,16,2188,2185,,
1240.0,False,False,0->0,16,1903,1903,,
1241.0,False,False,0->0,16,1646,1644,,
1242.0,False,False,0->0,16,2429,2428,,
1243.0,False,False,0->0,16,2203,2201,,
1245.0,False,False,0->0,16,997,997,,
1246.0,False,False,0->0,16,1715,1714,,
1247.0,False,False,0->0,16,1533,1533,,
1248.0,False,False,0->0,16,1728,1727,,
1249.0,False,False,0->0,16,2379,2379,,
1250.0,False,False,0->0,16,1134,1134,,
1251.0,False,False,0->0,16,2304,2302,,
1252.0,False,False,0->0,16,2021,2018,,
1253.0,False,False,0->0,12,2008,2008,,
1255.0,False,False,0->0,16,1224,1223,,
1256.0,False,False,0->0,16,1227,1227,,
1258.0,False,False,0->0,16,1331,1327,,
1260.0,False,False,0->0,16,1323,1321,,
1261.0,False,False,0->0,16,2638,2636,,
1262.0,False,False,0->0,16,1374,1373,,
1263.0,False,False,0->0,16,918,917,,
1265.0,True,False,1->0,16,910,907,,
1266.0,False,False,0->0,16,1951,1948,,
1267.0,False,False,0->0,16,2192,2191,,
1269.0,False,False,0->0,16,2313,2310,,
1271.0,False,False,0->0,16,2610,2609,,
1274.0,False,False,0->0,10,1226,1226,,
1275.0,False,False,0->0,16,1881,1880,,
1276.0,False,False,0->0,16,1603,1602,,
1278.0,False,False,0->0,16,2405,2403,,
1279.0,False,False,0->0,16,1576,1576,,
1280.0,False,False,0->0,16,1355,1354,,
1282.0,False,False,0->0,16,1884,1883,,
1283.0,False,False,0->0,16,2390,2389,,
1284.0,False,False,0->0,16,1732,1731,,
1285.0,False,False,0->0,16,1693,1690,,
1286.0,False,False,0->0,16,1943,1943,,
1287.0,False,False,0->0,16,1368,1368,,
1288.0,False,False,0->0,16,993,993,,
1290.0,False,False,0->0,16,1674,1670,,
1291.0,False,False,0->0,16,2012,2011,,
1292.0,False,False,0->0,16,1603,1601,,
1294.0,False,False,0->0,10,2009,2008,,
1295.0,False,False,0->0,16,1933,1931,,
1296.0,False,False,0->0,16,1763,1763,,
1297.0,False,False,0->0,16,1402,1401,,
1298.0,False,False,0->0,16,1936,1934,,
1300.0,False,False,0->0,16,1441,1441,,
1301.0,False,False,0->0,16,1065,1064,,
1304.0,False,False,0->0,16,1035,1035,,
1305.0,False,False,0->0,16,1191,1188,,
1306.0,False,False,0->0,16,1303,1301,,
1307.0,False,False,0->0,16,1537,1535,,
1308.0,False,False,0->0,16,2100,2098,,
1310.0,False,False,0->0,16,1817,1817,,
1312.0,False,False,0->0,16,1550,1550,,
1313.0,False,False,0->0,16,1646,1645,,
1317.0,False,False,0->0,16,1554,1552,,
1318.0,False,False,0->0,16,1329,1328,,
1319.0,False,False,0->0,16,1617,1615,,
1320.0,False,False,0->0,16,1056,1053,,
1322.0,False,False,0->0,16,1387,1386,,
1324.0,False,False,0->0,16,1571,1571,,
1326.0,False,False,0->0,16,2322,2321,,
1330.0,False,False,0->0,16,1844,1844,,
1331.0,False,False,0->0,16,1383,1381,,
1333.0,False,False,0->0,16,1485,1483,,
1335.0,False,False,0->0,16,2065,2064,,
1336.0,False,False,0->0,16,847,847,,
1337.0,False,False,0->0,16,1462,1461,,
1338.0,False,False,0->0,16,625,625,,
1339.0,False,False,0->0,16,1046,1046,,
1341.0,False,False,0->0,12,1225,1225,,
1342.0,False,False,0->0,16,1319,1318,,
1343.0,False,False,0->0,10,1528,1528,,
1344.0,False,False,0->0,16,1187,1184,,
1345.0,False,False,0->0,16,1574,1574,,
1346.0,False,False,0->0,14,1400,1400,,
1347.0,False,False,0->0,16,1123,1122,,
1349.0,False,False,0->0,16,1398,1397,,
1351.0,False,False,0->0,16,2124,2124,,
1352.0,False,False,0->0,12,1395,1395,,
1354.0,False,False,0->0,16,1816,1814,,
1355.0,False,False,0->0,16,1932,1932,,
1356.0,False,False,0->0,16,1680,1678,,
1358.0,False,False,0->0,16,1652,1651,,
1359.0,False,False,0->0,16,1989,1988,,
1360.0,False,False,0->0,16,2350,2349,,
1363.0,False,False,0->0,16,2167,2164,,
1364.0,False,False,0->0,16,2114,2114,,
1365.0,False,False,0->0,16,1767,1764,,
1367.0,False,False,0->0,16,1623,1621,,
1368.0,False,False,0->0,16,1621,1618,,
1370.0,False,False,0->0,16,1099,1098,,
1371.0,False,False,0->0,16,2009,2007,,
1372.0,False,False,0->0,16,1326,1324,,
1373.0,False,False,0->0,16,1698,1697,,
1374.0,False,False,0->0,16,1130,1130,,
1375.0,False,False,0->0,16,1018,1017,,
1376.0,False,False,0->0,16,1012,1010,,
1377.0,False,False,0->0,16,893,892,,
1378.0,False,False,0->0,12,1076,1076,,
1380.0,False,False,0->0,16,1952,1949,,
1381.0,False,False,0->0,16,2081,2079,,
1382.0,False,False,0->0,16,872,871,,
1383.0,False,False,0->0,14,896,896,,
1384.0,False,False,0->0,16,987,987,,
1385.0,False,False,0->0,16,1841,1841,,
1386.0,False,False,0->0,16,1838,1837,,
1387.0,False,False,0->0,16,1871,1871,,
1388.0,False,False,0->0,8,1443,1443,,
1390.0,False,False,0->0,16,1834,1831,,
1391.0,False,False,0->0,16,1233,1233,,
1392.0,False,False,0->0,16,2528,2527,,
1393.0,False,False,0->0,16,2328,2327,,
1394.0,False,False,0->0,16,786,785,,
1395.0,False,False,0->0,10,1528,1528,,
1396.0,False,False,0->0,16,1226,1226,,
1398.0,False,False,0->0,16,1463,1462,,
1399.0,False,False,0->0,16,3074,3071,,
1400.0,False,False,0->0,16,1566,1566,,
1403.0,False,False,0->0,16,2090,2088,,
1404.0,False,False,0->0,16,2134,2132,,
1406.0,False,False,0->0,10,1650,1650,,
1407.0,False,False,0->0,16,1364,1363,,
1408.0,False,False,0->0,16,1850,1849,,
1409.0,False,False,0->0,16,1342,1340,,
1410.0,False,False,0->0,16,2109,2107,,
1411.0,False,False,0->0,16,1723,1722,,
1412.0,False,False,0->0,16,1253,1249,,
1413.0,False,False,0->0,16,2028,2027,,
1414.0,False,False,0->0,16,1541,1540,,
1415.0,False,False,0->0,16,2232,2232,,
1416.0,False,False,0->0,16,1649,1647,,
1417.0,False,False,0->0,12,959,959,,
1419.0,False,False,0->0,16,982,982,,
1420.0,False,False,0->0,10,1570,1569,,
1422.0,False,False,0->0,16,1588,1588,,
1423.0,False,False,0->0,16,819,819,,
1424.0,False,False,0->0,10,2069,2069,,
1425.0,False,False,0->0,16,1099,1099,,
1426.0,False,False,0->0,16,840,840,,
1427.0,False,False,0->0,16,1411,1410,,
1431.0,False,False,0->0,16,1458,1455,,
1432.0,False,False,0->0,10,2537,2537,,
1433.0,False,False,0->0,16,951,951,,
1434.0,False,False,0->0,8,1272,1272,,
1435.0,False,False,0->0,16,1007,1006,,
1438.0,False,False,0->0,16,1534,1532,,
1439.0,False,False,0->0,16,1806,1805,,
1444.0,False,False,0->0,16,1380,1377,,
1445.0,False,False,0->0,16,1878,1876,,
1446.0,False,False,0->0,16,1291,1290,,
1449.0,False,False,0->0,14,1480,1480,,
1452.0,False,False,0->0,10,1060,1060,,
1453.0,False,False,0->0,16,941,940,,
1454.0,False,False,0->0,16,1032,1030,,
1455.0,False,False,0->0,16,1698,1698,,
1456.0,False,False,0->0,16,1410,1408,,
1458.0,False,False,0->0,12,1657,1657,,
1460.0,False,False,0->0,16,793,792,,
1461.0,False,False,0->0,16,1889,1888,,
1462.0,False,False,0->0,16,1044,1044,,
1463.0,False,False,0->0,16,1278,1276,,
1464.0,False,False,0->0,16,1668,1668,,
1465.0,False,False,0->0,16,1396,1395,,
1466.0,False,False,0->0,16,1604,1602,,
1468.0,False,False,0->0,16,1366,1365,,
1469.0,False,False,0->0,10,1786,1786,,
1470.0,False,False,0->0,16,1975,1974,,
1471.0,False,False,0->0,16,1431,1431,,
1472.0,False,False,0->0,16,1644,1643,,
1473.0,False,False,0->0,16,2175,2174,,
1474.0,False,False,0->0,16,1963,1960,,
1475.0,False,False,0->0,16,1269,1267,,
1476.0,False,False,0->0,16,974,973,,
1477.0,False,False,0->0,16,1555,1553,,
1478.0,False,False,0->0,16,1292,1290,,
1479.0,False,False,0->0,16,1248,1247,,
1482.0,False,False,0->0,14,1631,1631,,
1483.0,False,False,0->0,16,1443,1443,,
1484.0,False,False,0->0,16,1332,1332,,
1485.0,False,False,0->0,10,743,743,,
1486.0,False,False,0->0,16,1454,1451,,
1487.0,False,False,0->0,16,2404,2403,,
1488.0,False,False,0->0,16,1679,1678,,
1490.0,False,False,0->0,14,2513,2513,,
1494.0,False,False,0->0,16,1042,1041,,
1495.0,False,False,0->0,16,1108,1107,,
1496.0,False,False,0->0,16,1652,1650,,
1498.0,False,False,0->0,16,1650,1649,,
1501.0,False,False,0->0,16,1077,1077,,
1502.0,False,False,0->0,8,1125,1124,,
1503.0,False,False,0->0,16,1449,1448,,
1505.0,False,False,0->0,16,1429,1428,,
1506.0,False,False,0->0,16,1179,1175,,
1507.0,False,False,0->0,16,1896,1894,,
1510.0,False,False,0->0,16,1499,1497,,
1511.0,False,False,0->0,10,1967,1967,,
1512.0,False,False,0->0,16,1835,1834,,
1513.0,False,False,0->0,16,1542,1542,,
1514.0,False,False,0->0,10,1646,1646,,
1515.0,False,False,0->0,10,2042,2042,,
1516.0,False,False,0->0,16,2041,2039,,
1517.0,False,False,0->0,16,1835,1834,,
1519.0,False,False,0->0,16,1997,1997,,
1520.0,False,False,0->0,14,904,904,,
1521.0,False,False,0->0,16,1205,1205,,
1522.0,False,False,0->0,16,867,867,,
1523.0,False,False,0->0,16,1911,1909,,
1524.0,False,False,0->0,12,1169,1169,,
1525.0,False,False,0->0,16,783,782,,
1527.0,False,False,0->0,8,911,911,,
1528.0,False,False,0->0,16,2084,2083,,
1530.0,False,False,0->0,16,1972,1972,,
1531.0,False,False,0->0,16,1968,1967,,
1532.0,False,False,0->0,16,1454,1454,,
1534.0,False,False,0->0,10,1067,1067,,
1536.0,False,False,0->0,14,2529,2529,,
1538.0,False,False,0->0,16,1297,1297,,
1539.0,False,False,0->0,16,1486,1483,,
1540.0,False,False,0->0,16,1514,1514,,
1541.0,False,False,0->0,16,1195,1194,,
1542.0,False,False,0->0,16,762,761,,
1544.0,False,False,0->0,16,2646,2644,,
1545.0,False,False,0->0,16,2188,2188,,
1546.0,False,False,0->0,16,1483,1482,,
1548.0,False,False,0->0,14,2878,2877,,
1549.0,False,False,0->0,16,1429,1425,,
1550.0,False,False,0->0,16,1955,1954,,
1552.0,False,False,0->0,10,1997,1996,,
1556.0,False,False,0->0,16,1696,1693,,
1557.0,False,False,0->0,16,1321,1320,,
1558.0,False,False,0->0,16,1457,1457,,
1559.0,False,False,0->0,16,2611,2611,,
1561.0,False,False,0->0,12,2172,2172,,
1562.0,False,False,0->0,10,1999,1999,,
1563.0,False,False,0->0,16,1301,1300,,
1564.0,False,False,0->0,16,2432,2430,,
1566.0,False,False,0->0,16,866,864,,
1567.0,False,False,0->0,16,1330,1328,,
1568.0,False,False,0->0,16,1025,1024,,
1570.0,False,False,0->0,16,1828,1827,,
1571.0,False,False,0->0,16,2129,2128,,
1572.0,False,False,0->0,16,724,724,,
1574.0,False,False,0->0,16,939,939,,
1577.0,False,False,0->0,16,1496,1496,,
1578.0,False,False,0->0,16,2969,2967,,
1579.0,False,False,0->0,16,1999,1997,,
1580.0,False,False,0->0,16,1417,1417,,
1581.0,False,False,0->0,16,1457,1455,,
1582.0,False,False,0->0,16,1997,1997,,
1584.0,False,False,0->0,16,1755,1754,,
1585.0,False,False,0->0,16,984,983,,
1587.0,False,False,0->0,14,1945,1945,,
1588.0,False,False,0->0,16,1840,1838,,
1589.0,False,False,0->0,16,1480,1478,,
1591.0,False,False,0->0,16,2240,2240,,
1592.0,False,False,0->0,16,1380,1380,,
1594.0,False,False,0->0,16,1132,1130,,
1596.0,False,False,0->0,16,2592,2590,,
1597.0,False,False,0->0,16,2307,2306,,
1600.0,False,False,0->0,16,1662,1661,,
1601.0,False,False,0->0,16,2248,2247,,
1602.0,False,False,0->0,16,1988,1988,,
1603.0,False,False,0->0,16,2282,2280,,
1605.0,False,False,0->0,16,1897,1895,,
1606.0,False,False,0->0,16,984,982,,
1607.0,False,False,0->0,16,1713,1712,,
1608.0,False,False,0->0,16,2314,2311,,
1609.0,False,False,0->0,16,1434,1434,,
1612.0,False,False,0->0,16,1807,1807,,
1613.0,False,False,0->0,16,1332,1331,,
1614.0,False,False,0->0,16,1699,1698,,
1615.0,False,False,0->0,16,1920,1917,,
1617.0,False,False,0->0,16,1616,1614,,
1618.0,False,False,0->0,16,1278,1275,,
1619.0,False,False,0->0,16,1778,1778,,
1620.0,False,False,0->0,16,1645,1642,,
1621.0,False,False,0->0,16,1489,1488,,
1623.0,False,False,0->0,16,1830,1829,,
1624.0,False,False,0->0,16,918,915,,
1625.0,False,False,0->0,16,1850,1849,,
1626.0,False,False,0->0,16,1019,1018,,
1627.0,False,False,0->0,16,1168,1168,,
1628.0,False,False,0->0,16,1162,1158,,
1630.0,False,False,0->0,16,1883,1881,,
1631.0,False,False,0->0,16,1044,1042,,
1632.0,False,False,0->0,8,1966,1966,,
1633.0,False,False,0->0,16,1499,1497,,
1635.0,False,False,0->0,16,1048,1048,,
1636.0,False,False,0->0,16,1759,1757,,
1637.0,False,False,0->0,16,1378,1377,,
1638.0,False,False,0->0,16,1932,1929,,
1639.0,False,False,0->0,16,1862,1860,,
1640.0,False,False,0->0,16,2010,2010,,
1641.0,False,False,0->0,16,2367,2366,,
1643.0,False,False,0->0,16,1363,1362,,
1644.0,False,False,0->0,16,1348,1348,,
1645.0,False,False,0->0,16,1541,1540,,
1647.0,False,False,0->0,16,1426,1424,,
1648.0,False,False,0->0,16,2155,2153,,
1650.0,False,False,0->0,16,1064,1064,,
1652.0,False,False,0->0,16,2279,2278,,
1654.0,False,False,0->0,16,1309,1305,,
1657.0,False,False,0->0,16,2127,2126,,
1658.0,False,False,0->0,16,1847,1847,,
1659.0,False,False,0->0,16,817,817,,
1662.0,False,False,0->0,16,1773,1770,,
1663.0,False,False,0->0,16,2168,2166,,
1664.0,False,False,0->0,16,1405,1402,,
1665.0,False,False,0->0,16,1354,1351,,
1666.0,False,False,0->0,16,2189,2187,,
1667.0,False,False,0->0,16,1918,1916,,
1668.0,False,False,0->0,16,1985,1982,,
1669.0,False,False,0->0,16,1750,1749,,
1671.0,False,False,0->0,16,1156,1156,,
1672.0,False,False,0->0,16,1089,1088,,
1674.0,False,False,0->0,16,2073,2073,,
1675.0,False,False,0->0,16,941,939,,
1677.0,False,False,0->0,16,921,921,,
1678.0,False,False,0->0,16,2205,2205,,
1679.0,False,False,0->0,16,2277,2276,,
1680.0,False,False,0->0,10,1556,1556,,
1682.0,False,False,0->0,16,2537,2537,,
1684.0,False,False,0->0,16,1567,1566,,
1685.0,False,False,0->0,16,1726,1722,,
1686.0,False,False,0->0,16,1505,1502,,
1687.0,False,False,0->0,16,1402,1401,,
1688.0,False,False,0->0,16,1610,1609,,
1689.0,False,False,0->0,14,965,965,,
1690.0,False,False,0->0,12,944,944,,
1691.0,False,False,0->0,10,1258,1258,,
1693.0,False,False,0->0,14,2101,2101,,
1698.0,False,False,0->0,16,1445,1443,,
1699.0,False,False,0->0,16,1641,1638,,
1701.0,False,False,0->0,16,2330,2327,,
1703.0,False,False,0->0,14,2228,2228,,
1707.0,False,False,0->0,16,1142,1141,,
1708.0,False,False,0->0,16,1331,1330,,
1709.0,False,False,0->0,16,2744,2741,,
1710.0,False,False,0->0,16,1552,1551,,
1711.0,False,False,0->0,12,1274,1274,,
1712.0,False,False,0->0,16,1846,1845,,
1713.0,False,False,0->0,16,1369,1369,,
1715.0,False,False,0->0,16,942,941,,
1716.0,False,False,0->0,16,1830,1830,,
1717.0,False,False,0->0,12,1184,1183,,
1720.0,False,False,0->0,16,647,646,,
1721.0,False,False,0->0,16,2203,2201,,
1722.0,False,False,0->0,16,2537,2537,,
1723.0,False,False,0->0,10,2323,2323,,
1725.0,False,False,0->0,8,1395,1395,,
1726.0,False,False,0->0,16,1540,1538,,
1727.0,False,False,0->0,16,2027,2027,,
1728.0,False,False,0->0,16,1955,1953,,
1729.0,False,False,0->0,14,1966,1966,,
1730.0,False,False,0->0,16,2648,2644,,
1731.0,False,False,0->0,12,2317,2317,,
1732.0,False,False,0->0,16,1633,1632,,
1735.0,False,False,0->0,16,3051,3050,,
1737.0,False,False,0->0,16,1403,1403,,
1740.0,False,False,0->0,16,1306,1305,,
1741.0,False,False,0->0,16,1536,1534,,
1743.0,False,False,0->0,16,1766,1764,,
1746.0,False,False,0->0,16,790,789,,
1747.0,False,False,0->0,16,1301,1298,,
1748.0,False,False,0->0,16,1394,1392,,
1749.0,False,False,0->0,16,860,858,,
1750.0,False,False,0->0,12,1079,1079,,
1751.0,False,False,0->0,16,1425,1424,,
1753.0,False,False,0->0,16,1813,1812,,
1754.0,False,False,0->0,16,1283,1283,,
1755.0,False,False,0->0,16,2445,2444,,
1756.0,False,False,0->0,16,1626,1626,,
1757.0,False,False,0->0,14,2165,2165,,
1758.0,False,False,0->0,16,1747,1745,,
1759.0,False,False,0->0,16,1213,1212,,
1761.0,False,False,0->0,16,2493,2492,,
1762.0,False,False,0->0,16,1221,1221,,
1764.0,False,False,0->0,16,1250,1247,,
1766.0,False,False,0->0,16,2389,2386,,
1767.0,False,False,0->0,16,1264,1264,,
1768.0,False,False,0->0,16,1823,1819,,
1770.0,False,False,0->0,16,1978,1976,,
1771.0,False,False,0->0,16,1118,1116,,
1772.0,False,False,0->0,16,1540,1540,,
1773.0,False,False,0->0,16,2464,2464,,
1774.0,False,False,0->0,16,1923,1922,,
1775.0,False,False,0->0,16,1394,1391,,
1776.0,False,False,0->0,16,2035,2034,,
1778.0,False,False,0->0,16,2387,2385,,
1779.0,False,False,0->0,16,1530,1529,,
1780.0,False,False,0->0,16,2054,2051,,
1782.0,False,False,0->0,16,1843,1843,,
1784.0,False,False,0->0,16,1399,1399,,
1785.0,False,False,0->0,16,1386,1386,,
1786.0,False,False,0->0,16,1193,1192,,
1787.0,False,False,0->0,16,1438,1436,,
1788.0,False,False,0->0,16,1442,1442,,
1789.0,False,False,0->0,16,1947,1946,,
1790.0,False,False,0->0,16,1109,1108,,
1791.0,False,False,0->0,16,1074,1072,,
1793.0,False,False,0->0,16,1597,1594,,
1794.0,False,False,0->0,14,1224,1224,,
1798.0,False,False,0->0,16,3243,3240,,
1799.0,False,False,0->0,16,1315,1315,,
1800.0,False,False,0->0,16,1425,1423,,
1802.0,False,False,0->0,16,1532,1532,,
1803.0,False,False,0->0,16,2012,2011,,
1804.0,False,False,0->0,16,1549,1547,,
1805.0,False,False,0->0,14,1545,1545,,
1806.0,False,False,0->0,16,1558,1557,,
1808.0,False,False,0->0,16,1042,1041,,
1809.0,False,False,0->0,16,1300,1300,,
1810.0,False,False,0->0,16,1190,1188,,
1811.0,False,False,0->0,16,1306,1305,,
1813.0,False,False,0->0,16,1518,1518,,
1814.0,False,False,0->0,16,1922,1921,,
1818.0,False,False,0->0,16,1722,1720,,
1819.0,False,False,0->0,16,1629,1629,,
1820.0,False,False,0->0,16,2300,2300,,
1821.0,False,False,0->0,16,984,981,,
1824.0,False,False,0->0,12,1947,1947,,
1825.0,False,False,0->0,16,1547,1546,,
1826.0,False,False,0->0,16,1643,1642,,
1827.0,False,False,0->0,16,1992,1991,,
1828.0,False,False,0->0,16,1774,1774,,
1829.0,False,False,0->0,16,1272,1272,,
1830.0,False,False,0->0,16,2276,2276,,
1831.0,False,False,0->0,16,1973,1972,,
1834.0,False,False,0->0,16,1859,1859,,
1835.0,False,False,0->0,10,1733,1733,,
1836.0,False,False,0->0,16,2483,2483,,
1837.0,False,False,0->0,16,2063,2062,,
1839.0,False,False,0->0,16,1238,1237,,
1840.0,False,False,0->0,16,951,950,,
1841.0,False,False,0->0,16,1393,1393,,
1843.0,False,False,0->0,16,708,708,,
1844.0,False,False,0->0,16,2427,2423,,
1848.0,False,False,0->0,16,1718,1717,,
1849.0,False,False,0->0,16,1892,1890,,
1851.0,False,False,0->0,16,2189,2187,,
1852.0,False,False,0->0,16,1282,1280,,
1854.0,False,False,0->0,16,2715,2711,,
1855.0,False,False,0->0,16,1193,1192,,
1856.0,False,False,0->0,16,988,986,,
1860.0,False,False,0->0,16,1737,1737,,
1861.0,False,False,0->0,16,480,477,,
1862.0,False,False,0->0,16,818,817,,
1863.0,False,False,0->0,16,838,838,,
1864.0,False,False,0->0,16,1707,1707,,
1865.0,False,False,0->0,10,1947,1946,,
1866.0,False,False,0->0,16,880,879,,
1868.0,False,False,0->0,16,876,876,,
1870.0,False,False,0->0,16,2488,2485,,
1872.0,False,False,0->0,16,2537,2534,,
1874.0,False,False,0->0,16,1586,1584,,
1876.0,False,False,0->0,16,2421,2421,,
1877.0,False,False,0->0,16,1582,1582,,
1878.0,False,False,0->0,16,1139,1138,,
1879.0,False,False,0->0,16,1363,1362,,
1880.0,False,False,0->0,16,2090,2089,,
1881.0,False,False,0->0,16,846,846,,
1883.0,False,False,0->0,16,1084,1082,,
1885.0,False,False,0->0,16,1577,1575,,
1886.0,False,False,0->0,16,1076,1076,,
1888.0,False,False,0->0,16,1753,1752,,
1889.0,False,False,0->0,16,1448,1448,,
1890.0,False,False,0->0,16,2153,2151,,
1891.0,False,False,0->0,16,1001,999,,
1892.0,False,False,0->0,16,1379,1377,,
1893.0,False,False,0->0,16,1712,1709,,
1894.0,False,False,0->0,16,1226,1224,,
1895.0,False,False,0->0,8,1130,1130,,
1897.0,False,False,0->0,16,1452,1451,,
1898.0,False,False,0->0,8,1573,1573,,
1899.0,False,False,0->0,12,2349,2348,,
1900.0,False,False,0->0,16,2406,2405,,
1901.0,False,False,0->0,16,1128,1128,,
1902.0,False,False,0->0,16,1933,1931,,
1905.0,False,False,0->0,16,1006,1003,,
1906.0,False,False,0->0,16,1763,1763,,
1909.0,False,False,0->0,16,2021,2018,,
1910.0,False,False,0->0,16,1495,1492,,
1912.0,False,False,0->0,16,968,966,,
1913.0,False,False,0->0,16,1968,1965,,
1914.0,False,False,0->0,16,1848,1845,,
1915.0,False,False,0->0,16,1108,1107,,
1916.0,False,False,0->0,16,2328,2327,,
1917.0,False,False,0->0,16,1452,1452,,
1918.0,False,False,0->0,16,1470,1469,,
1919.0,False,False,0->0,16,1372,1369,,
1920.0,False,False,0->0,16,2555,2555,,
1921.0,False,False,0->0,16,1017,1017,,
1923.0,False,False,0->0,16,1969,1966,,
1924.0,False,False,0->0,16,1148,1148,,
1925.0,False,False,0->0,16,1246,1244,,
1927.0,False,False,0->0,16,2463,2463,,
1928.0,False,False,0->0,16,1913,1910,,
1929.0,False,False,0->0,16,3348,3347,,
1930.0,False,False,0->0,16,1111,1110,,
1931.0,False,False,0->0,16,2332,2332,,
1933.0,False,False,0->0,16,1601,1600,,
1934.0,False,False,0->0,16,1762,1759,,
1935.0,False,False,0->0,16,1278,1277,,
1936.0,False,False,0->0,16,1462,1462,,
1937.0,False,False,0->0,16,1537,1536,,
1939.0,False,False,0->0,16,1427,1427,,
1940.0,False,False,0->0,16,858,857,,
1942.0,False,False,0->0,16,2020,2016,,
1943.0,False,False,0->0,16,1601,1600,,
1947.0,False,False,0->0,16,2069,2067,,
1948.0,False,False,0->0,16,1129,1127,,
1949.0,False,False,0->0,16,2821,2819,,
1950.0,False,False,0->0,16,2461,2460,,
1951.0,False,False,0->0,10,2252,2251,,
1952.0,False,False,0->0,16,2251,2251,,
1953.0,False,False,0->0,16,1678,1678,,
1954.0,False,False,0->0,16,1323,1322,,
1955.0,False,False,0->0,12,2454,2454,,
1956.0,False,False,0->0,16,1411,1409,,
1958.0,False,False,0->0,16,1617,1615,,
1959.0,False,False,0->0,16,1251,1251,,
1960.0,False,False,0->0,16,1882,1881,,
1961.0,False,False,0->0,16,2255,2253,,
1963.0,False,False,0->0,16,1337,1336,,
1965.0,False,False,0->0,16,2564,2564,,
1966.0,False,False,0->0,16,1373,1373,,
1967.0,False,False,0->0,16,1813,1810,,
1968.0,False,False,0->0,16,1587,1585,,
1969.0,False,False,0->0,16,1676,1675,,
1970.0,False,False,0->0,16,2066,2065,,
1973.0,False,False,0->0,10,1316,1315,,
1974.0,False,False,0->0,16,1748,1746,,
1975.0,False,False,0->0,16,2195,2194,,
1976.0,False,False,0->0,16,2254,2251,,
1977.0,False,False,0->0,16,1288,1287,,
1978.0,False,False,0->0,16,1150,1148,,
1979.0,False,False,0->0,16,1054,1054,,
1980.0,False,False,0->0,12,940,940,,
1981.0,False,False,0->0,16,879,878,,
1982.0,False,False,0->0,16,1163,1162,,
1983.0,False,False,0->0,16,737,736,,
1984.0,False,False,0->0,16,1850,1850,,
1985.0,False,False,0->0,16,2178,2176,,
1987.0,False,False,0->0,16,1626,1626,,
1989.0,False,False,0->0,16,2174,2174,,
1991.0,False,False,0->0,16,2191,2191,,
1992.0,False,False,0->0,16,1779,1779,,
1993.0,False,False,0->0,16,2065,2064,,
1994.0,False,False,0->0,16,749,749,,
1995.0,False,False,0->0,16,959,958,,
1997.0,False,False,0->0,16,1127,1125,,
1999.0,False,False,0->0,16,3021,3021,,
2000.0,False,False,0->0,10,1052,1051,,
2001.0,False,False,0->0,16,2048,2044,,
2004.0,False,False,0->0,16,2512,2510,,
2005.0,False,False,0->0,16,1616,1615,,
2006.0,False,False,0->0,16,1655,1653,,
2007.0,False,False,0->0,16,1406,1405,,
2008.0,False,False,0->0,16,1061,1060,,
2010.0,False,False,0->0,16,2364,2363,,
2011.0,False,False,0->0,16,1149,1148,,
2012.0,False,False,0->0,16,1476,1475,,
2013.0,False,False,0->0,16,1507,1506,,
2014.0,False,False,0->0,16,1295,1294,,
2016.0,False,False,0->0,16,1643,1642,,
2017.0,False,False,0->0,16,2719,2717,,
2018.0,False,False,0->0,16,1763,1762,,
2019.0,False,False,0->0,16,847,847,,
2021.0,False,False,0->0,8,1661,1661,,
2022.0,False,False,0->0,16,1834,1834,,
2023.0,False,False,0->0,16,1065,1065,,
2024.0,False,False,0->0,16,2135,2133,,
2026.0,False,False,0->0,16,1637,1637,,
2027.0,False,False,0->0,16,2987,2985,,
2028.0,False,False,0->0,16,1975,1975,,
2029.0,False,False,0->0,16,1230,1229,,
2030.0,False,False,0->0,16,1976,1976,,
2032.0,False,False,0->0,16,953,952,,
2033.0,False,False,0->0,10,1506,1506,,
2034.0,False,False,0->0,16,2084,2084,,
2035.0,False,False,0->0,16,1567,1563,,
2036.0,False,False,0->0,16,1823,1821,,
2038.0,False,False,0->0,16,1752,1751,,
2039.0,False,False,0->0,16,1386,1384,,
2040.0,False,False,0->0,16,1250,1248,,
2041.0,False,False,0->0,16,1925,1924,,
2042.0,False,False,0->0,14,1259,1259,,
2043.0,False,False,0->0,16,1778,1776,,
2044.0,False,False,0->0,16,1636,1633,,
2045.0,False,False,0->0,16,1925,1923,,
2046.0,False,False,0->0,16,2125,2123,,
2048.0,False,False,0->0,16,2246,2245,,
2049.0,False,False,0->0,16,2247,2245,,
2050.0,False,False,0->0,16,1218,1217,,
2051.0,False,False,0->0,16,1565,1563,,
2052.0,False,False,0->0,16,2133,2132,,
2053.0,False,False,0->0,16,2048,2047,,
2054.0,False,False,0->0,16,1308,1306,,
2055.0,False,False,0->0,16,1912,1912,,
2056.0,False,False,0->0,12,1801,1801,,
2057.0,False,False,0->0,16,1318,1315,,
2059.0,False,False,0->0,16,2471,2470,,
2060.0,False,False,0->0,16,1860,1858,,
2061.0,False,False,0->0,16,1668,1667,,
2062.0,False,False,0->0,16,1016,1016,,
2063.0,False,False,0->0,16,2330,2327,,
2064.0,False,False,0->0,16,1962,1961,,
2065.0,False,False,0->0,16,1315,1313,,
2066.0,False,False,0->0,16,2079,2076,,
2067.0,False,False,0->0,16,1635,1635,,
2068.0,False,False,0->0,16,990,990,,
2069.0,False,False,0->0,16,1350,1349,,
2070.0,False,False,0->0,16,1659,1657,,
2072.0,False,False,0->0,16,2271,2269,,
2074.0,False,False,0->0,16,2670,2668,,
2075.0,False,False,0->0,16,1246,1244,,
2076.0,False,False,0->0,16,2639,2639,,
2077.0,False,False,0->0,16,2273,2271,,
2078.0,False,False,0->0,16,983,982,,
2079.0,False,False,0->0,16,1910,1905,,
2081.0,False,False,0->0,16,2037,2037,,
2082.0,False,False,0->0,16,1938,1937,,
2083.0,False,False,0->0,16,870,870,,
2084.0,False,False,0->0,16,2671,2670,,
2085.0,False,False,0->0,16,1063,1063,,
2086.0,False,False,0->0,16,2556,2556,,
2087.0,False,False,0->0,16,1642,1641,,
2088.0,False,False,0->0,16,1062,1061,,
2089.0,False,False,0->0,16,894,894,,
2092.0,False,False,0->0,16,1467,1466,,
2093.0,False,False,0->0,16,1005,1005,,
2097.0,False,False,0->0,16,1307,1306,,
2098.0,False,False,0->0,16,1182,1180,,
2099.0,False,False,0->0,16,1055,1054,,
2101.0,False,False,0->0,16,1938,1938,,
2102.0,False,False,0->0,16,713,712,,
2103.0,False,False,0->0,16,1042,1039,,
2105.0,False,False,0->0,16,1512,1511,,
2106.0,False,False,0->0,16,1283,1280,,
2107.0,False,False,0->0,10,1365,1365,,
2108.0,False,False,0->0,16,1428,1427,,
2109.0,False,False,0->0,16,1992,1990,,
2111.0,False,False,0->0,16,1917,1915,,
2113.0,False,False,0->0,16,2073,2073,,
2114.0,False,False,0->0,16,2320,2319,,
2115.0,False,False,0->0,16,1938,1937,,
2116.0,False,False,0->0,16,1403,1403,,
2117.0,False,False,0->0,16,2232,2232,,
2118.0,False,False,0->0,16,1196,1195,,
2120.0,False,False,0->0,16,2569,2568,,
2121.0,False,False,0->0,16,1593,1592,,
2123.0,False,False,0->0,16,2209,2208,,
2125.0,False,False,0->0,16,1031,1030,,
2126.0,False,False,0->0,16,954,952,,
2127.0,False,False,0->0,10,1003,1003,,
2128.0,False,False,0->0,16,848,847,,
2129.0,False,False,0->0,16,1545,1545,,
2130.0,False,False,0->0,16,1995,1992,,
2132.0,False,False,0->0,16,1735,1732,,
2133.0,False,False,0->0,16,842,842,,
2134.0,False,False,0->0,16,1742,1742,,
2136.0,False,False,0->0,16,926,926,,
2137.0,False,False,0->0,16,1698,1698,,
2139.0,False,False,0->0,16,1747,1746,,
2140.0,False,False,0->0,16,1194,1194,,
2141.0,False,False,0->0,16,1365,1364,,
2142.0,False,False,0->0,16,2405,2404,,
2143.0,False,False,0->0,16,1259,1257,,
2144.0,False,False,0->0,16,2197,2196,,
2145.0,False,False,0->0,16,1889,1888,,
2146.0,False,False,0->0,16,635,635,,
2149.0,False,False,0->0,16,528,527,,
2150.0,False,False,0->0,16,1509,1508,,
2151.0,False,False,0->0,16,1239,1238,,
2152.0,False,False,0->0,16,1077,1076,,
2155.0,False,False,0->0,16,1142,1142,,
2156.0,False,False,0->0,16,2020,2020,,
2157.0,False,False,0->0,16,2619,2619,,
2160.0,False,False,0->0,16,1432,1429,,
2164.0,False,False,0->0,16,920,920,,
2165.0,False,False,0->0,16,1228,1227,,
2166.0,False,False,0->0,16,1226,1225,,
2167.0,False,False,0->0,16,1273,1272,,
2168.0,False,False,0->0,16,874,872,,
2169.0,False,False,0->0,8,1214,1214,,
2170.0,False,False,0->0,12,1455,1455,,
2172.0,False,False,0->0,16,1250,1248,,
2173.0,False,False,0->0,12,1977,1977,,
2174.0,False,False,0->0,10,2347,2347,,
2176.0,False,False,0->0,16,1684,1682,,
2177.0,False,False,0->0,16,1698,1697,,
2178.0,False,False,0->0,16,1015,1014,,
2180.0,False,False,0->0,16,1789,1788,,
2181.0,False,False,0->0,16,1854,1854,,
2186.0,False,False,0->0,16,2335,2332,,
2187.0,False,False,0->0,16,1209,1206,,
2188.0,False,False,0->0,16,1293,1293,,
2190.0,False,False,0->0,16,2532,2530,,
2191.0,False,False,0->0,16,1083,1081,,
2192.0,False,False,0->0,16,1166,1163,,
2193.0,False,False,0->0,16,1546,1545,,
2194.0,False,False,0->0,16,1234,1234,,
2199.0,False,False,0->0,16,2073,2072,,
2200.0,False,False,0->0,16,2344,2343,,
2201.0,False,False,0->0,16,1763,1761,,
2204.0,False,False,0->0,16,1552,1550,,
2205.0,False,False,0->0,16,1975,1973,,
2206.0,False,False,0->0,16,1105,1105,,
2207.0,False,False,0->0,16,2358,2358,,
2208.0,False,False,0->0,16,2464,2463,,
2209.0,False,False,0->0,16,1772,1772,,
2212.0,False,False,0->0,16,1913,1913,,
2214.0,False,False,0->0,16,852,852,,
2215.0,False,False,0->0,16,1657,1657,,
2216.0,False,False,0->0,10,1674,1674,,
2217.0,False,False,0->0,16,1534,1533,,
2219.0,False,False,0->0,16,1419,1418,,
2220.0,False,False,0->0,16,2413,2413,,
2221.0,False,False,0->0,12,2516,2516,,
2222.0,False,False,0->0,16,1815,1815,,
2224.0,False,False,0->0,16,1496,1496,,
2226.0,False,False,0->0,16,1822,1822,,
2227.0,False,False,0->0,16,1867,1864,,
2228.0,False,False,0->0,16,2437,2436,,
2229.0,False,False,0->0,16,1617,1616,,
2230.0,False,False,0->0,16,917,917,,
2233.0,False,False,0->0,16,2105,2104,,
2234.0,False,False,0->0,16,1894,1893,,
2236.0,False,False,0->0,16,820,817,,
2238.0,False,False,0->0,12,1124,1124,,
2239.0,False,False,0->0,16,2550,2547,,
2240.0,False,False,0->0,16,1581,1581,,
2243.0,False,False,0->0,16,1554,1553,,
2246.0,False,False,0->0,16,2496,2496,,
2247.0,False,False,0->0,16,2332,2332,,
2249.0,False,False,0->0,16,1733,1732,,
2250.0,False,False,0->0,16,1276,1275,,
2251.0,False,False,0->0,16,2146,2146,,
2252.0,False,False,0->0,16,1631,1630,,
2254.0,False,False,0->0,16,1980,1978,,
2255.0,False,False,0->0,10,1031,1031,,
2257.0,False,False,0->0,16,2663,2663,,
2260.0,False,False,0->0,16,2030,2028,,
2261.0,False,False,0->0,16,1459,1457,,
2263.0,False,False,0->0,16,985,984,,
2264.0,False,False,0->0,16,1990,1988,,
2266.0,False,False,0->0,16,1243,1241,,
2267.0,False,False,0->0,16,1576,1572,,
2268.0,False,False,0->0,16,1579,1578,,
2269.0,False,False,0->0,16,1477,1477,,
2270.0,False,False,0->0,16,1933,1932,,
2271.0,False,False,0->0,16,2312,2311,,
2272.0,False,False,0->0,16,2024,2024,,
2273.0,False,False,0->0,16,872,872,,
2274.0,False,False,0->0,16,1336,1335,,
2275.0,False,False,0->0,16,959,959,,
2279.0,False,False,0->0,16,1425,1422,,
2280.0,False,False,0->0,16,1387,1383,,
2281.0,False,False,0->0,16,2005,2004,,
2282.0,False,False,0->0,16,1433,1433,,
2284.0,False,False,0->0,16,1099,1098,,
2285.0,False,False,0->0,16,1667,1665,,
2287.0,False,False,0->0,16,1459,1459,,
2288.0,False,False,0->0,16,1617,1616,,
2290.0,False,False,0->0,16,1458,1458,,
2291.0,False,False,0->0,16,2055,2051,,
2292.0,False,False,0->0,16,2311,2309,,
2293.0,False,False,0->0,16,2817,2816,,
2294.0,False,False,0->0,16,655,655,,
2295.0,False,False,0->0,16,1946,1946,,
2296.0,False,False,0->0,16,1357,1355,,
2299.0,False,False,0->0,16,1634,1632,,
2300.0,False,False,0->0,16,1441,1441,,
2301.0,False,False,0->0,16,2358,2356,,
2302.0,False,False,0->0,16,1447,1447,,
2303.0,False,False,0->0,16,835,833,,
2304.0,False,False,0->0,16,1514,1512,,
2306.0,False,False,0->0,16,1548,1547,,
2307.0,False,False,0->0,16,1237,1234,,
2308.0,False,False,0->0,16,1514,1514,,
2309.0,False,False,0->0,10,2285,2285,,
2310.0,False,False,0->0,16,1689,1688,,
2313.0,False,False,0->0,16,1550,1550,,
2314.0,False,False,0->0,16,2031,2031,,
2315.0,False,False,0->0,16,1664,1664,,
2316.0,False,False,0->0,16,1773,1771,,
2317.0,False,False,0->0,16,1545,1545,,
2318.0,False,False,0->0,16,1801,1798,,
2319.0,False,False,0->0,16,1700,1700,,
2320.0,False,False,0->0,16,1310,1310,,
2323.0,False,False,0->0,16,1620,1618,,
2324.0,False,False,0->0,16,1881,1881,,
2325.0,False,False,0->0,16,1875,1875,,
2326.0,False,False,0->0,16,1122,1121,,
2327.0,False,False,0->0,16,1528,1527,,
2328.0,False,False,0->0,16,2112,2109,,
2330.0,False,False,0->0,16,2080,2079,,
2331.0,False,False,0->0,16,2434,2430,,
2332.0,False,False,0->0,16,1324,1323,,
2333.0,False,False,0->0,16,1713,1712,,
2334.0,False,False,0->0,16,1540,1539,,
2335.0,False,False,0->0,16,1157,1156,,
2338.0,False,False,0->0,8,1178,1178,,
2339.0,False,False,0->0,16,1867,1866,,
2340.0,False,False,0->0,16,759,759,,
2341.0,False,False,0->0,16,1023,1023,,
2342.0,False,False,0->0,16,2518,2518,,
2346.0,False,False,0->0,16,1259,1258,,
2347.0,False,False,0->0,16,3002,3000,,
2348.0,False,False,0->0,16,2821,2817,,
2350.0,False,False,0->0,16,1467,1465,,
2352.0,False,False,0->0,16,2120,2119,,
2353.0,False,False,0->0,16,1408,1408,,
2354.0,False,False,0->0,14,1180,1180,,
2355.0,False,False,0->0,16,2294,2293,,
2356.0,False,False,0->0,16,1507,1505,,
2358.0,False,False,0->0,16,2601,2599,,
2359.0,False,False,0->0,16,2567,2566,,
2361.0,False,False,0->0,8,1304,1304,,
2362.0,False,False,0->0,16,1323,1322,,
2363.0,False,False,0->0,16,1267,1267,,
2364.0,False,False,0->0,14,2066,2066,,
2365.0,False,False,0->0,16,1425,1424,,
2367.0,False,False,0->0,12,1657,1657,,
2368.0,False,False,0->0,14,1172,1171,,
2369.0,False,False,0->0,16,1611,1609,,
2372.0,False,False,0->0,8,1387,1387,,
2375.0,False,False,0->0,16,1237,1233,,
2376.0,False,False,0->0,16,1243,1242,,
2377.0,False,False,0->0,12,1391,1391,,
2378.0,False,False,0->0,16,1584,1584,,
2381.0,False,False,0->0,16,910,909,,
2383.0,False,False,0->0,16,2181,2179,,
2384.0,False,False,0->0,16,1053,1051,,
2385.0,False,False,0->0,16,1179,1179,,
2386.0,False,False,0->0,16,1727,1726,,
2387.0,False,False,0->0,16,689,689,,
2388.0,False,False,0->0,16,1891,1889,,
2389.0,False,False,0->0,16,1652,1652,,
2390.0,False,False,0->0,16,2209,2207,,
2391.0,False,False,0->0,12,1233,1233,,
2394.0,False,False,0->0,12,1360,1360,,
2395.0,False,False,0->0,16,1361,1361,,
2396.0,False,False,0->0,16,1688,1688,,
2397.0,False,False,0->0,16,1991,1990,,
2398.0,False,False,0->0,16,1358,1358,,
2399.0,False,False,0->0,16,1128,1128,,
2400.0,False,False,0->0,16,2206,2204,,
2401.0,False,False,0->0,16,1231,1229,,
2403.0,False,False,0->0,16,1788,1787,,
2404.0,False,False,0->0,12,2425,2425,,
2405.0,False,False,0->0,16,734,731,,
2407.0,False,False,0->0,16,1423,1421,,
2409.0,False,False,0->0,16,989,988,,
2413.0,False,False,0->0,16,1015,1014,,
2415.0,False,False,0->0,16,1694,1693,,
2417.0,False,False,0->0,10,1750,1750,,
2418.0,False,False,0->0,16,1091,1089,,
2420.0,False,False,0->0,16,2547,2543,,
2421.0,False,False,0->0,16,1342,1339,,
2422.0,False,False,0->0,16,2185,2184,,
2423.0,False,False,0->0,16,2917,2917,,
2424.0,False,False,0->0,12,1757,1757,,
2427.0,False,False,0->0,16,2213,2213,,
2428.0,False,False,0->0,16,1496,1496,,
2429.0,False,False,0->0,16,2210,2208,,
2430.0,False,False,0->0,16,1471,1468,,
2431.0,False,False,0->0,16,1400,1400,,
2432.0,False,False,0->0,16,1896,1896,,
2434.0,False,False,0->0,16,1537,1537,,
2435.0,False,False,0->0,16,2197,2195,,
2436.0,False,False,0->0,16,2289,2288,,
2437.0,False,False,0->0,16,2108,2107,,
2438.0,False,False,0->0,16,1907,1907,,
2439.0,False,False,0->0,16,1569,1569,,
2442.0,False,False,0->0,16,1685,1685,,
2443.0,False,False,0->0,16,1214,1213,,
2444.0,False,False,0->0,16,1196,1196,,
2445.0,False,False,0->0,14,1874,1874,,
2447.0,False,False,0->0,16,1266,1263,,
2448.0,False,False,0->0,16,1884,1881,,
2449.0,False,False,0->0,16,2344,2344,,
2450.0,False,False,0->0,16,1919,1918,,
2451.0,False,False,0->0,12,1499,1499,,
2453.0,False,False,0->0,16,1775,1774,,
2454.0,False,False,0->0,16,1249,1246,,
2455.0,False,False,0->0,16,888,888,,
2456.0,False,False,0->0,16,1403,1401,,
2457.0,False,False,0->0,14,1344,1344,,
2458.0,False,False,0->0,16,2147,2145,,
2459.0,False,False,0->0,16,1870,1868,,
2460.0,True,False,1->0,16,3485,3481,,
2462.0,False,False,0->0,16,1871,1869,,
2463.0,False,False,0->0,8,1069,1069,,
2464.0,False,False,0->0,16,2276,2275,,
2465.0,False,False,0->0,12,806,806,,
2466.0,False,False,0->0,16,1156,1156,,
2468.0,False,False,0->0,16,1646,1646,,
2469.0,False,False,0->0,16,2260,2257,,
2471.0,False,False,0->0,10,3219,3219,,
2472.0,False,False,0->0,16,2051,2049,,
2473.0,False,False,0->0,16,1502,1501,,
2474.0,False,False,0->0,16,1158,1158,,
2475.0,False,False,0->0,16,1549,1548,,
2476.0,False,False,0->0,16,1463,1460,,
2477.0,False,False,0->0,16,2404,2403,,
2478.0,False,False,0->0,14,1225,1225,,
2479.0,False,False,0->0,16,1577,1574,,
2480.0,False,False,0->0,16,1558,1555,,
2481.0,False,False,0->0,16,1765,1764,,
2486.0,False,False,0->0,16,1537,1535,,
2488.0,False,False,0->0,16,1667,1664,,
2489.0,False,False,0->0,16,2206,2203,,
2490.0,False,False,0->0,16,1224,1224,,
2491.0,False,False,0->0,16,1414,1412,,
2492.0,False,False,0->0,16,1102,1101,,
2493.0,False,False,0->0,16,1147,1145,,
2495.0,False,False,0->0,10,1367,1367,,
2496.0,False,False,0->0,16,1029,1027,,
2497.0,False,False,0->0,16,1740,1739,,
2498.0,False,False,0->0,16,1514,1513,,
2499.0,False,False,0->0,16,1622,1622,,
2500.0,False,False,0->0,16,2795,2794,,
2501.0,False,False,0->0,10,2144,2143,,
2503.0,False,False,0->0,16,1794,1791,,
2504.0,False,False,0->0,16,1877,1876,,
2505.0,False,False,0->0,16,2240,2237,,
2506.0,False,False,0->0,16,1397,1396,,
2507.0,False,False,0->0,8,888,888,,
2508.0,False,False,0->0,16,1231,1231,,
2509.0,False,False,0->0,16,1346,1346,,
2510.0,False,False,0->0,16,1833,1833,,
2511.0,False,False,0->0,16,1629,1629,,
2512.0,False,False,0->0,16,1614,1612,,
2517.0,False,False,0->0,16,1786,1783,,
2518.0,False,False,0->0,16,1449,1449,,
2519.0,False,False,0->0,16,2035,2033,,
2520.0,False,False,0->0,16,1566,1564,,
2521.0,False,False,0->0,16,1043,1041,,
2524.0,False,False,0->0,14,1442,1442,,
2525.0,False,False,0->0,16,1900,1900,,
2527.0,False,False,0->0,16,1972,1971,,
2530.0,False,False,0->0,8,1816,1816,,
2532.0,False,False,0->0,16,1739,1739,,
2533.0,False,False,0->0,16,1535,1535,,
2536.0,False,False,0->0,16,2482,2480,,
2537.0,False,False,0->0,16,985,983,,
2538.0,False,False,0->0,16,1494,1493,,
2539.0,False,False,0->0,16,1169,1169,,
2540.0,False,False,0->0,16,1361,1359,,
2541.0,False,False,0->0,16,1270,1269,,
2542.0,False,False,0->0,16,1837,1834,,
2544.0,False,False,0->0,16,1663,1660,,
2547.0,False,False,0->0,16,1861,1861,,
2549.0,False,False,0->0,16,614,614,,
2550.0,False,False,0->0,16,1885,1884,,
2552.0,False,False,0->0,16,2137,2134,,
2553.0,False,False,0->0,16,1116,1115,,
2556.0,False,False,0->0,16,1476,1476,,
2557.0,False,False,0->0,16,2129,2128,,
2558.0,False,False,0->0,16,1249,1246,,
2560.0,False,False,0->0,16,1882,1881,,
2561.0,False,False,0->0,16,1675,1674,,
2563.0,False,False,0->0,16,1250,1249,,
2564.0,False,False,0->0,14,2443,2441,,
2566.0,False,False,0->0,16,890,889,,
2568.0,False,False,0->0,16,1637,1637,,
2569.0,False,False,0->0,16,2277,2276,,
2570.0,False,False,0->0,16,2024,2021,,
2571.0,False,False,0->0,16,1259,1256,,
2572.0,False,False,0->0,14,1506,1506,,
2575.0,False,False,0->0,16,1399,1399,,
2578.0,False,False,0->0,10,2121,2120,,
2581.0,False,False,0->0,16,1757,1757,,
2586.0,False,False,0->0,16,2599,2597,,
2587.0,False,False,0->0,16,1221,1221,,
2590.0,False,False,0->0,16,2440,2440,,
2592.0,False,False,0->0,16,920,918,,
2594.0,False,False,0->0,16,1153,1152,,
2595.0,False,False,0->0,16,1950,1949,,
2596.0,False,False,0->0,14,1011,1011,,
2597.0,False,False,0->0,16,1236,1234,,
2598.0,False,False,0->0,10,1229,1229,,
2599.0,False,False,0->0,16,1792,1791,,
2600.0,False,False,0->0,16,2293,2291,,
2601.0,False,False,0->0,16,1508,1507,,
2604.0,False,False,0->0,16,1540,1540,,
2605.0,False,False,0->0,16,2000,1998,,
2606.0,False,False,0->0,16,1321,1320,,
2607.0,False,False,0->0,16,889,887,,
2608.0,False,False,0->0,16,2446,2444,,
2611.0,False,False,0->0,16,1600,1600,,
2612.0,False,False,0->0,16,808,808,,
2613.0,False,False,0->0,16,1224,1224,,
2614.0,False,False,0->0,16,1113,1111,,
2615.0,False,False,0->0,16,1404,1402,,
2617.0,False,False,0->0,16,1614,1613,,
2618.0,False,False,0->0,16,1603,1601,,
2619.0,False,False,0->0,16,1538,1537,,
2620.0,False,False,0->0,16,1722,1721,,
2621.0,False,False,0->0,16,1837,1836,,
2622.0,False,False,0->0,16,2096,2095,,
2623.0,False,False,0->0,16,1573,1572,,
2624.0,False,False,0->0,16,1301,1299,,
2625.0,False,False,0->0,16,954,953,,
2626.0,False,False,0->0,16,2146,2146,,
2627.0,False,False,0->0,16,1638,1634,,
2628.0,False,False,0->0,16,873,873,,
2630.0,False,False,0->0,16,1792,1791,,
2632.0,False,False,0->0,16,2612,2610,,
2634.0,False,False,0->0,16,1132,1132,,
2635.0,False,False,0->0,16,1877,1875,,
2637.0,False,False,0->0,16,2441,2437,,
2639.0,False,False,0->0,16,1318,1317,,
2642.0,False,False,0->0,16,781,780,,
2643.0,False,False,0->0,16,1732,1730,,
2644.0,False,False,0->0,16,1608,1606,,
2645.0,False,False,0->0,16,1154,1154,,
2646.0,False,False,0->0,16,1143,1143,,
2647.0,False,False,0->0,16,1269,1267,,
2649.0,False,False,0->0,16,1783,1780,,
2650.0,False,False,0->0,16,1759,1759,,
2652.0,False,False,0->0,16,1199,1199,,
2654.0,False,False,0->0,16,2082,2081,,
2656.0,False,False,0->0,16,1750,1750,,
2657.0,False,False,0->0,16,2156,2154,,
2659.0,False,False,0->0,16,1437,1434,,
2660.0,False,False,0->0,16,2234,2232,,
2661.0,False,False,0->0,16,1474,1474,,
2664.0,False,False,0->0,16,1854,1853,,
2667.0,False,False,0->0,16,1760,1760,,
2668.0,False,False,0->0,16,1243,1242,,
2670.0,False,False,0->0,16,1503,1503,,
2671.0,False,False,0->0,16,1439,1436,,
2672.0,False,False,0->0,16,971,970,,
2674.0,False,False,0->0,16,1756,1756,,
2675.0,False,False,0->0,16,1165,1165,,
2677.0,False,False,0->0,16,1159,1157,,
2678.0,False,False,0->0,16,1917,1916,,
2679.0,False,False,0->0,16,1357,1354,,
2681.0,False,False,0->0,16,1243,1241,,
2682.0,False,False,0->0,16,987,985,,
2684.0,False,False,0->0,16,1554,1552,,
2685.0,False,False,0->0,16,1087,1085,,
2686.0,False,False,0->0,16,2538,2536,,
2687.0,False,False,0->0,16,1629,1629,,
2688.0,False,False,0->0,16,1413,1412,,
2689.0,False,False,0->0,16,1573,1573,,
2690.0,False,False,0->0,16,913,912,,
2691.0,False,False,0->0,16,1652,1649,,
2692.0,False,False,0->0,16,1284,1282,,
2693.0,False,False,0->0,16,2019,2019,,
2694.0,False,False,0->0,16,1004,1003,,
2695.0,False,False,0->0,8,2045,2045,,
2696.0,False,False,0->0,16,1278,1278,,
2700.0,False,False,0->0,8,884,884,,
2701.0,False,False,0->0,14,1577,1577,,
2702.0,False,False,0->0,16,1571,1569,,
2703.0,False,False,0->0,16,677,676,,
2704.0,False,False,0->0,16,1642,1641,,
2705.0,False,False,0->0,16,1262,1258,,
2707.0,False,False,0->0,16,1875,1875,,
2708.0,False,False,0->0,14,2455,2455,,
2710.0,False,False,0->0,8,1052,1052,,
2711.0,False,False,0->0,10,1944,1943,,
2712.0,False,False,0->0,16,941,941,,
2713.0,False,False,0->0,16,2035,2034,,
2715.0,False,False,0->0,16,893,891,,
2716.0,False,False,0->0,16,2578,2578,,
2717.0,False,False,0->0,16,809,809,,
2718.0,False,False,0->0,16,1666,1663,,
2719.0,False,False,0->0,14,2459,2458,,
2720.0,False,False,0->0,16,1781,1779,,
2721.0,False,False,0->0,16,2006,2004,,
2722.0,False,False,0->0,16,1220,1219,,
2723.0,False,False,0->0,16,1928,1927,,
2724.0,False,False,0->0,16,1312,1312,,
2725.0,False,False,0->0,16,1749,1749,,
2726.0,False,False,0->0,16,2805,2804,,
2727.0,False,False,0->0,16,1685,1683,,
2728.0,False,False,0->0,16,1609,1609,,
2729.0,False,False,0->0,16,2023,2019,,
2730.0,False,False,0->0,16,1647,1646,,
2732.0,False,False,0->0,16,2291,2290,,
2733.0,False,False,0->0,16,1298,1297,,
2734.0,False,False,0->0,16,2972,2971,,
2735.0,False,False,0->0,16,989,987,,
2736.0,False,False,0->0,16,1607,1607,,
2738.0,False,False,0->0,12,1627,1627,,
2740.0,False,False,0->0,16,2035,2032,,
2741.0,False,False,0->0,16,1905,1904,,
2742.0,False,False,0->0,16,1289,1288,,
2743.0,False,False,0->0,16,1142,1141,,
2745.0,False,False,0->0,16,1097,1095,,
2746.0,False,False,0->0,16,1608,1608,,
2747.0,False,False,0->0,16,1889,1888,,
2748.0,False,False,0->0,16,1222,1220,,
2749.0,False,False,0->0,16,1726,1726,,
2750.0,False,False,0->0,16,1558,1557,,
2753.0,False,False,0->0,16,1361,1360,,
2754.0,False,False,0->0,16,1763,1763,,
2756.0,False,False,0->0,16,2578,2576,,
2757.0,False,False,0->0,16,1839,1839,,
2758.0,False,False,0->0,16,1934,1933,,
2761.0,False,False,0->0,16,1835,1835,,
2762.0,False,False,0->0,16,1641,1640,,
2763.0,False,False,0->0,16,1547,1547,,
2765.0,False,False,0->0,16,1125,1124,,
2766.0,False,False,0->0,16,1993,1993,,
2767.0,False,False,0->0,16,1000,1000,,
2768.0,False,False,0->0,16,1078,1077,,
2769.0,False,False,0->0,16,1629,1628,,
2770.0,False,False,0->0,16,1416,1416,,
2771.0,False,False,0->0,16,1620,1619,,
2772.0,False,False,0->0,16,2153,2151,,
2774.0,False,False,0->0,16,1352,1351,,
2777.0,False,False,0->0,16,1757,1753,,
2778.0,False,False,0->0,16,1759,1756,,
2779.0,False,False,0->0,16,1396,1395,,
2782.0,False,False,0->0,16,2178,2176,,
2783.0,False,False,0->0,16,1834,1831,,
2785.0,False,False,0->0,16,2425,2425,,
2786.0,False,False,0->0,16,1476,1473,,
2787.0,False,False,0->0,16,1383,1383,,
2788.0,False,False,0->0,16,1499,1499,,
2789.0,False,False,0->0,16,2322,2320,,
2790.0,False,False,0->0,16,1039,1038,,
2791.0,False,False,0->0,16,1792,1791,,
2792.0,False,False,0->0,16,1994,1994,,
2793.0,False,False,0->0,16,2022,2021,,
2794.0,False,False,0->0,16,1659,1658,,
2795.0,False,False,0->0,16,1079,1078,,
2797.0,False,False,0->0,16,2377,2377,,
2798.0,False,False,0->0,14,1372,1372,,
2799.0,False,False,0->0,16,2311,2311,,
2801.0,False,False,0->0,16,1317,1315,,
2802.0,False,False,0->0,16,2107,2106,,
2804.0,False,False,0->0,16,1646,1644,,
2805.0,False,False,0->0,14,2367,2367,,
2806.0,False,False,0->0,16,1999,1998,,
2808.0,False,False,0->0,10,1087,1087,,
2809.0,False,False,0->0,16,1646,1644,,
2810.0,False,False,0->0,16,2496,2494,,
2811.0,False,False,0->0,16,1538,1537,,
2812.0,False,False,0->0,10,2127,2127,,
2813.0,False,False,0->0,16,1880,1877,,
2814.0,False,False,0->0,16,2456,2455,,
2815.0,False,False,0->0,16,1691,1690,,
2816.0,False,False,0->0,16,1858,1858,,
2817.0,False,False,0->0,16,1728,1727,,
2818.0,False,False,0->0,10,1091,1091,,
2819.0,False,False,0->0,16,1811,1809,,
2822.0,False,False,0->0,16,2496,2493,,
2823.0,False,False,0->0,16,1284,1282,,
2824.0,False,False,0->0,16,1472,1471,,
2825.0,False,False,0->0,8,1052,1052,,
2827.0,False,False,0->0,16,1470,1468,,
2829.0,False,False,0->0,8,1723,1723,,
2832.0,False,False,0->0,16,1130,1128,,
2833.0,False,False,0->0,16,1796,1794,,
2835.0,False,False,0->0,8,1633,1633,,
2836.0,False,False,0->0,8,1869,1869,,
2837.0,False,False,0->0,16,3388,3385,,
2838.0,False,False,0->0,16,883,882,,
2839.0,False,False,0->0,16,1288,1287,,
2840.0,False,False,0->0,16,1809,1807,,
2842.0,False,False,0->0,16,1632,1630,,
2843.0,False,False,0->0,16,1313,1311,,
2845.0,False,False,0->0,14,1288,1287,,
2846.0,False,False,0->0,16,717,716,,
2847.0,False,False,0->0,16,1361,1361,,
2848.0,False,False,0->0,16,2003,2000,,
2849.0,False,False,0->0,16,1822,1822,,
2850.0,False,False,0->0,16,1387,1385,,
2851.0,False,False,0->0,16,1772,1771,,
2852.0,False,False,0->0,16,1557,1557,,
2853.0,False,False,0->0,10,2142,2140,,
2854.0,False,False,0->0,16,1991,1991,,
2855.0,False,False,0->0,10,1574,1574,,
2856.0,False,False,0->0,16,1070,1069,,
2857.0,False,False,0->0,16,2114,2114,,
2858.0,False,False,0->0,16,1247,1246,,
2859.0,False,False,0->0,16,2057,2056,,
2860.0,False,False,0->0,16,1766,1765,,
2861.0,False,False,0->0,16,1807,1803,,
2863.0,False,False,0->0,16,1519,1519,,
2864.0,False,False,0->0,16,1194,1193,,
2865.0,False,False,0->0,16,2000,2000,,
2866.0,False,False,0->0,16,1733,1732,,
2869.0,False,False,0->0,16,2506,2504,,
2871.0,False,False,0->0,10,2043,2043,,
2872.0,False,False,0->0,16,2349,2347,,
2873.0,False,False,0->0,16,1030,1030,,
2874.0,False,False,0->0,16,1537,1536,,
2875.0,False,False,0->0,16,1207,1206,,
2876.0,False,False,0->0,16,1437,1435,,
2877.0,False,False,0->0,10,1760,1760,,
2878.0,False,False,0->0,16,716,713,,
2879.0,False,False,0->0,16,1155,1154,,
2881.0,False,False,0->0,12,1296,1296,,
2882.0,False,False,0->0,16,1359,1359,,
2883.0,False,False,0->0,16,983,982,,
2887.0,False,False,0->0,12,1337,1337,,
2892.0,False,False,0->0,14,1864,1864,,
2893.0,False,False,0->0,16,2541,2541,,
2894.0,False,False,0->0,16,1387,1387,,
2895.0,False,False,0->0,16,1624,1622,,
2897.0,False,False,0->0,16,2297,2296,,
2898.0,False,False,0->0,16,981,980,,
2899.0,False,False,0->0,16,1513,1513,,
2901.0,False,False,0->0,16,1822,1821,,
2902.0,False,False,0->0,10,1946,1945,,
2903.0,False,False,0->0,16,1372,1371,,
2905.0,False,False,0->0,8,2094,2094,,
2906.0,False,False,0->0,16,1748,1748,,
2907.0,False,False,0->0,16,1551,1549,,
2908.0,False,False,0->0,16,1617,1617,,
2909.0,False,False,0->0,16,1245,1242,,
2910.0,False,False,0->0,12,1442,1442,,
2911.0,False,False,0->0,16,1339,1337,,
2912.0,False,False,0->0,16,2161,2161,,
2913.0,False,False,0->0,16,1294,1291,,
2914.0,False,False,0->0,16,1310,1310,,
2916.0,False,False,0->0,16,1979,1978,,
2917.0,False,False,0->0,16,2424,2422,,
2918.0,False,False,0->0,16,1433,1433,,
2919.0,False,False,0->0,16,1798,1795,,
2920.0,False,False,0->0,16,908,907,,
2921.0,False,False,0->0,16,2194,2193,,
2923.0,False,False,0->0,16,1918,1917,,
2924.0,False,False,0->0,16,1412,1409,,
2925.0,False,False,0->0,16,2027,2024,,
2926.0,False,False,0->0,16,2548,2545,,
2928.0,False,False,0->0,16,1616,1615,,
2929.0,False,False,0->0,16,1670,1670,,
2930.0,False,False,0->0,16,1986,1986,,
2931.0,False,False,0->0,16,1316,1314,,
2933.0,False,False,0->0,16,1905,1904,,
2934.0,False,False,0->0,16,1711,1711,,
2939.0,False,False,0->0,16,2389,2387,,
2940.0,False,False,0->0,16,1518,1517,,
2942.0,False,False,0->0,16,1420,1420,,
2943.0,False,False,0->0,16,2470,2469,,
2944.0,False,False,0->0,16,2140,2138,,
2945.0,False,False,0->0,16,2011,2011,,
2946.0,False,False,0->0,16,1684,1683,,
2948.0,False,False,0->0,16,2269,2269,,
2949.0,False,False,0->0,10,1245,1245,,
2950.0,False,False,0->0,16,782,781,,
2952.0,False,False,0->0,16,1214,1213,,
2953.0,False,False,0->0,16,1849,1849,,
2955.0,False,False,0->0,16,1717,1713,,
2956.0,False,False,0->0,16,1187,1186,,
2957.0,False,False,0->0,16,1336,1335,,
2959.0,False,False,0->0,14,874,874,,
2963.0,False,False,0->0,16,1906,1906,,
2964.0,False,False,0->0,16,2165,2165,,
2965.0,False,False,0->0,16,2600,2597,,
2966.0,False,False,0->0,16,2208,2207,,
2968.0,False,False,0->0,16,1931,1930,,
2969.0,False,False,0->0,16,2193,2192,,
2970.0,False,False,0->0,16,2681,2679,,
2971.0,False,False,0->0,16,1247,1246,,
2973.0,False,False,0->0,16,1999,1998,,
2974.0,False,False,0->0,16,830,828,,
2976.0,False,False,0->0,16,1897,1895,,
2977.0,False,False,0->0,16,2031,2030,,
2980.0,False,False,0->0,16,1396,1395,,
2981.0,False,False,0->0,16,1425,1423,,
2982.0,False,False,0->0,16,2044,2041,,
2983.0,False,False,0->0,16,1120,1120,,
2984.0,False,False,0->0,10,1919,1919,,
2986.0,False,False,0->0,16,2423,2423,,
2987.0,False,False,0->0,16,1137,1134,,
2988.0,False,False,0->0,16,1277,1276,,
2989.0,False,False,0->0,16,1887,1886,,
2990.0,False,False,0->0,16,1831,1831,,
2991.0,False,False,0->0,16,1379,1379,,
2992.0,False,False,0->0,16,1589,1587,,
2994.0,False,False,0->0,16,1643,1642,,
2995.0,False,False,0->0,16,1192,1189,,
2996.0,False,False,0->0,16,2948,2946,,
2998.0,False,False,0->0,16,1938,1937,,
2999.0,False,False,0->0,16,2243,2241,,
3000.0,False,False,0->0,16,1825,1824,,
3002.0,False,False,0->0,14,2116,2116,,
3004.0,False,False,0->0,10,1842,1842,,
3005.0,False,False,0->0,16,2132,2130,,
3007.0,False,False,0->0,16,1081,1081,,
3008.0,False,False,0->0,12,586,586,,
3009.0,False,False,0->0,16,2465,2465,,
3010.0,False,False,0->0,16,1084,1082,,
3011.0,False,False,0->0,16,1736,1735,,
3012.0,False,False,0->0,16,1228,1227,,
3014.0,False,False,0->0,16,1996,1996,,
3015.0,False,False,0->0,16,1782,1781,,
3016.0,False,False,0->0,16,1424,1424,,
3017.0,False,False,0->0,16,1158,1156,,
3018.0,False,False,0->0,16,1690,1688,,
3019.0,False,False,0->0,16,1083,1082,,
3020.0,False,False,0->0,16,1151,1151,,
3021.0,False,False,0->0,16,1281,1281,,
3022.0,False,False,0->0,16,2015,2013,,
3024.0,False,False,0->0,16,1039,1037,,
3027.0,False,False,0->0,16,1810,1810,,
3028.0,False,False,0->0,16,2098,2096,,
3029.0,False,False,0->0,16,1596,1594,,
3031.0,False,False,0->0,16,1666,1664,,
3033.0,False,False,0->0,12,2535,2535,,
3034.0,False,False,0->0,16,2250,2249,,
3035.0,False,False,0->0,16,1687,1685,,
3036.0,False,False,0->0,16,2135,2135,,
3038.0,False,False,0->0,16,1946,1945,,
3039.0,False,False,0->0,16,849,849,,
3041.0,False,False,0->0,16,2012,2009,,
3043.0,False,False,0->0,16,1758,1756,,
3044.0,False,False,0->0,16,1356,1356,,
3045.0,False,False,0->0,16,612,610,,
3046.0,False,False,0->0,16,1147,1146,,
3048.0,False,False,0->0,16,1213,1210,,
3049.0,False,False,0->0,16,2351,2350,,
3050.0,False,False,0->0,16,2289,2288,,
3051.0,False,False,0->0,16,1240,1239,,
3052.0,False,False,0->0,16,2157,2154,,
3053.0,False,False,0->0,16,1150,1149,,
3054.0,False,False,0->0,16,1748,1746,,
3055.0,False,False,0->0,16,1771,1770,,
3056.0,False,False,0->0,16,2164,2164,,
3058.0,False,False,0->0,16,2148,2147,,
3059.0,False,False,0->0,16,1417,1416,,
3061.0,False,False,0->0,10,1725,1724,,
3062.0,False,False,0->0,16,1633,1633,,
3064.0,False,False,0->0,16,1123,1122,,
3065.0,False,False,0->0,16,705,705,,
3066.0,False,False,0->0,16,950,950,,
3067.0,False,False,0->0,16,2168,2168,,
3068.0,False,False,0->0,10,1794,1794,,
3071.0,False,False,0->0,16,1215,1214,,
3072.0,False,False,0->0,16,1477,1477,,
3073.0,False,False,0->0,16,2381,2381,,
3074.0,False,False,0->0,16,1319,1319,,
3075.0,False,False,0->0,16,1801,1799,,
3076.0,False,False,0->0,16,1777,1775,,
3077.0,False,False,0->0,16,1735,1732,,
3078.0,False,False,0->0,16,1324,1322,,
3079.0,False,False,0->0,16,1724,1722,,
3080.0,False,False,0->0,16,1964,1964,,
3081.0,False,False,0->0,16,1590,1589,,
3082.0,False,False,0->0,16,2508,2505,,
3083.0,False,False,0->0,12,1755,1755,,
3084.0,False,False,0->0,16,1434,1433,,
3085.0,False,False,0->0,16,1629,1628,,
3086.0,False,False,0->0,16,1656,1655,,
3087.0,False,False,0->0,16,1423,1422,,
3089.0,False,False,0->0,16,752,750,,
3090.0,False,False,0->0,16,1979,1977,,
3091.0,False,False,0->0,16,2187,2186,,
3092.0,False,False,0->0,16,2447,2446,,
3093.0,False,False,0->0,16,1352,1352,,
3094.0,False,False,0->0,16,1740,1739,,
3095.0,False,False,0->0,16,1447,1446,,
3097.0,False,False,0->0,12,1586,1586,,
3098.0,False,False,0->0,16,2526,2526,,
3099.0,False,False,0->0,16,1680,1678,,
3102.0,False,False,0->0,16,1350,1349,,
3103.0,False,False,0->0,16,1661,1661,,
3107.0,False,False,0->0,16,861,861,,
3108.0,False,False,0->0,16,1611,1610,,
3109.0,False,False,0->0,16,2310,2309,,
3110.0,False,False,0->0,12,1116,1116,,
3111.0,False,False,0->0,16,1770,1770,,
3112.0,False,False,0->0,16,2778,2777,,
3113.0,False,False,0->0,16,1458,1458,,
3114.0,False,False,0->0,16,2143,2140,,
3115.0,False,False,0->0,16,1646,1645,,
3117.0,False,False,0->0,16,1507,1506,,
3118.0,False,False,0->0,16,1367,1365,,
3119.0,False,False,0->0,16,1477,1475,,
3120.0,False,False,0->0,16,1474,1473,,
3122.0,False,False,0->0,16,1081,1081,,
3123.0,False,False,0->0,16,1901,1901,,
3124.0,False,False,0->0,16,1758,1758,,
3125.0,False,False,0->0,16,2124,2122,,
3126.0,False,False,0->0,8,1499,1499,,
3127.0,False,False,0->0,16,1622,1620,,
3128.0,False,False,0->0,16,1791,1791,,
3129.0,False,False,0->0,14,1828,1828,,
3131.0,False,False,0->0,16,1358,1356,,
3132.0,False,False,0->0,16,2152,2152,,
3133.0,False,False,0->0,16,1799,1799,,
3134.0,False,False,0->0,16,2600,2599,,
3135.0,False,False,0->0,16,1384,1383,,
3137.0,False,False,0->0,16,946,945,,
3138.0,False,False,0->0,16,1267,1265,,
3139.0,False,False,0->0,16,1841,1840,,
3140.0,False,False,0->0,16,1423,1421,,
3141.0,False,False,0->0,16,1595,1593,,
3142.0,False,False,0->0,10,1904,1904,,
3143.0,False,False,0->0,16,1387,1384,,
3146.0,False,False,0->0,16,898,897,,
3147.0,False,False,0->0,16,937,936,,
3149.0,False,False,0->0,16,1251,1249,,
3150.0,False,False,0->0,16,1689,1689,,
3151.0,False,False,0->0,16,1407,1406,,
3152.0,False,False,0->0,16,2160,2159,,
3153.0,False,False,0->0,16,1612,1612,,
3154.0,False,False,0->0,16,871,870,,
3155.0,False,False,0->0,16,1597,1594,,
3156.0,False,False,0->0,16,1292,1291,,
3158.0,False,False,0->0,16,2496,2494,,
3159.0,False,False,0->0,16,1958,1956,,
3160.0,False,False,0->0,16,2183,2183,,
3161.0,False,False,0->0,16,1390,1390,,
3162.0,False,False,0->0,16,2295,2294,,
3165.0,False,False,0->0,16,1585,1583,,
3166.0,False,False,0->0,16,2245,2242,,
3167.0,False,False,0->0,16,1542,1542,,
3168.0,False,False,0->0,16,1084,1082,,
3169.0,False,False,0->0,10,1250,1250,,
3170.0,False,False,0->0,16,1010,1008,,
3171.0,False,False,0->0,12,1167,1167,,
3172.0,False,False,0->0,16,1260,1257,,
3175.0,False,False,0->0,16,1305,1304,,
3176.0,False,False,0->0,16,2009,2008,,
3177.0,False,False,0->0,16,2181,2181,,
3179.0,False,False,0->0,16,1176,1176,,
3180.0,False,False,0->0,8,1620,1620,,
3181.0,False,False,0->0,16,1078,1076,,
3182.0,False,False,0->0,16,2084,2083,,
3184.0,False,False,0->0,16,1653,1651,,
3188.0,False,False,0->0,16,791,791,,
3189.0,False,False,0->0,16,1769,1769,,
3190.0,False,False,0->0,16,1596,1594,,
3191.0,False,False,0->0,16,1702,1701,,
3192.0,False,False,0->0,16,1429,1427,,
3193.0,False,False,0->0,16,1501,1500,,
3194.0,False,False,0->0,16,1216,1215,,
3196.0,False,False,0->0,16,2336,2335,,
3198.0,False,False,0->0,16,871,870,,
3199.0,False,False,0->0,16,988,987,,
3200.0,False,False,0->0,16,2384,2383,,
3201.0,False,False,0->0,10,1772,1772,,
3203.0,False,False,0->0,16,917,917,,
3204.0,False,False,0->0,16,1381,1381,,
3205.0,False,False,0->0,16,531,529,,
3207.0,False,False,0->0,16,1270,1270,,
3211.0,False,False,0->0,16,1392,1392,,
3212.0,False,False,0->0,16,1092,1091,,
3213.0,False,False,0->0,16,896,894,,
3214.0,False,False,0->0,16,1461,1461,,
3216.0,False,False,0->0,16,1208,1208,,
3218.0,False,False,0->0,16,1023,1021,,
3219.0,False,False,0->0,16,2066,2063,,
3220.0,False,False,0->0,10,1121,1121,,
3221.0,False,False,0->0,16,2703,2703,,
3223.0,False,False,0->0,16,1328,1326,,
3224.0,False,False,0->0,16,1324,1322,,
3225.0,False,False,0->0,16,1407,1407,,
3226.0,False,False,0->0,16,1194,1192,,
3227.0,False,False,0->0,16,2460,2458,,
3228.0,False,False,0->0,16,2308,2307,,
3229.0,False,False,0->0,16,1091,1089,,
3230.0,False,False,0->0,14,1222,1222,,
3232.0,False,False,0->0,16,1541,1539,,
3234.0,False,False,0->0,16,1465,1464,,
3237.0,False,False,0->0,16,1559,1556,,
3238.0,False,False,0->0,16,924,923,,
3240.0,False,False,0->0,16,3106,3105,,
3242.0,False,False,0->0,16,1092,1091,,
3244.0,False,False,0->0,16,2977,2977,,
3245.0,False,False,0->0,16,1826,1824,,
3246.0,False,False,0->0,16,1921,1919,,
3247.0,False,False,0->0,16,1957,1955,,
3248.0,False,False,0->0,16,2266,2265,,
3249.0,False,False,0->0,16,1316,1315,,
3250.0,False,False,0->0,16,2301,2299,,
3251.0,False,False,0->0,12,1090,1090,,
3252.0,False,False,0->0,16,1483,1481,,
3255.0,False,False,0->0,16,2267,2264,,
3256.0,False,False,0->0,8,899,899,,
3257.0,False,False,0->0,16,1702,1701,,
3258.0,False,False,0->0,16,1775,1774,,
3259.0,False,False,0->0,16,1377,1374,,
3262.0,False,False,0->0,16,1223,1220,,
3264.0,False,False,0->0,10,1248,1247,,
3265.0,False,False,0->0,16,2717,2716,,
3266.0,False,False,0->0,16,1405,1402,,
3267.0,False,False,0->0,12,2208,2208,,
3268.0,False,False,0->0,16,2070,2068,,
3269.0,False,False,0->0,16,1516,1514,,
3270.0,False,False,0->0,16,1237,1234,,
3271.0,False,False,0->0,16,1070,1069,,
3272.0,False,False,0->0,16,2214,2214,,
3273.0,False,False,0->0,8,1607,1607,,
3275.0,False,False,0->0,16,1563,1561,,
3277.0,False,False,0->0,16,1974,1973,,
3279.0,False,False,0->0,10,1475,1475,,
3280.0,False,False,0->0,16,1687,1686,,
3281.0,False,False,0->0,16,1223,1222,,
3282.0,False,False,0->0,10,1450,1450,,
3283.0,False,False,0->0,16,1792,1791,,
3284.0,False,False,0->0,16,1778,1777,,
3286.0,False,False,0->0,16,1820,1816,,
3287.0,False,False,0->0,16,859,859,,
3288.0,False,False,0->0,16,1524,1523,,
3289.0,False,False,0->0,16,1139,1139,,
3290.0,False,False,0->0,16,2329,2327,,
3293.0,False,False,0->0,8,1783,1783,,
3294.0,False,False,0->0,16,2165,2163,,
3295.0,False,False,0->0,16,2087,2087,,
3296.0,False,False,0->0,12,1427,1426,,
3297.0,False,False,0->0,16,1506,1506,,
3299.0,False,False,0->0,16,2085,2085,,
3300.0,False,False,0->0,16,1738,1738,,
3301.0,False,False,0->0,16,1630,1630,,
3302.0,False,False,0->0,16,2259,2258,,
3303.0,False,False,0->0,16,1565,1562,,
3304.0,False,False,0->0,16,1842,1840,,
3305.0,False,False,0->0,16,1214,1211,,
3306.0,False,False,0->0,16,1389,1389,,
3308.0,False,False,0->0,16,2060,2057,,
3309.0,False,False,0->0,16,1250,1250,,
3312.0,False,False,0->0,16,1190,1190,,
3313.0,False,False,0->0,16,1563,1562,,
3314.0,False,False,0->0,16,1474,1474,,
3316.0,False,False,0->0,16,1321,1319,,
3317.0,False,False,0->0,16,2165,2161,,
3318.0,False,False,0->0,16,989,988,,
3319.0,False,False,0->0,16,1009,1007,,
3320.0,False,False,0->0,16,1357,1356,,
3322.0,False,False,0->0,16,945,945,,
3323.0,False,False,0->0,16,2773,2770,,
3325.0,False,False,0->0,16,926,926,,
3326.0,False,False,0->0,16,2127,2127,,
3327.0,False,False,0->0,16,1063,1061,,
3328.0,False,False,0->0,16,1237,1237,,
3329.0,False,False,0->0,16,1305,1304,,
3330.0,False,False,0->0,16,1202,1202,,
3331.0,False,False,0->0,16,1762,1759,,
3332.0,False,False,0->0,10,2192,2191,,
3334.0,False,False,0->0,16,1314,1314,,
3335.0,False,False,0->0,16,906,903,,
3336.0,False,False,0->0,16,2159,2156,,
3337.0,False,False,0->0,16,2062,2060,,
3338.0,False,False,0->0,16,1147,1145,,
3339.0,False,False,0->0,12,1276,1276,,
3340.0,False,False,0->0,16,2019,2018,,
3341.0,False,False,0->0,16,1652,1652,,
3343.0,False,False,0->0,16,2745,2745,,
3344.0,False,False,0->0,16,884,883,,
3345.0,False,False,0->0,16,1622,1620,,
3346.0,False,False,0->0,10,1572,1572,,
3347.0,False,False,0->0,12,1632,1631,,
3349.0,False,False,0->0,16,1668,1667,,
3350.0,False,False,0->0,16,1036,1035,,
3353.0,False,False,0->0,16,1510,1509,,
3354.0,False,False,0->0,16,2687,2687,,
3355.0,False,False,0->0,16,911,909,,
3356.0,False,False,0->0,16,2188,2187,,
3357.0,False,False,0->0,16,1648,1647,,
3359.0,False,False,0->0,16,1191,1189,,
3360.0,False,False,0->0,16,2372,2370,,
3361.0,False,False,0->0,16,1045,1043,,
3362.0,False,False,0->0,16,1570,1570,,
3364.0,False,False,0->0,16,1909,1906,,
3365.0,False,False,0->0,16,1994,1993,,
3366.0,False,False,0->0,16,2075,2075,,
3367.0,False,False,0->0,16,1513,1513,,
3368.0,False,False,0->0,16,1955,1955,,
3370.0,False,False,0->0,16,2498,2497,,
3371.0,False,False,0->0,16,1219,1219,,
3372.0,False,False,0->0,16,902,900,,
3373.0,False,False,0->0,8,1777,1775,,
3374.0,False,False,0->0,16,2213,2210,,
3377.0,False,False,0->0,16,1351,1350,,
3378.0,False,False,0->0,14,1379,1379,,
3379.0,False,False,0->0,16,1248,1246,,
3381.0,False,False,0->0,14,1760,1760,,
3382.0,False,False,0->0,16,2291,2291,,
3387.0,False,False,0->0,16,1806,1804,,
3388.0,False,False,0->0,16,1855,1852,,
3390.0,False,False,0->0,16,1558,1558,,
3391.0,False,False,0->0,10,1383,1383,,
3392.0,False,False,0->0,16,2052,2050,,
3395.0,False,False,0->0,16,2576,2575,,
3396.0,False,False,0->0,16,1870,1868,,
3398.0,False,False,0->0,16,1428,1426,,
3401.0,False,False,0->0,16,1637,1637,,
3402.0,False,False,0->0,16,1028,1027,,
3404.0,False,False,0->0,16,1536,1534,,
3407.0,False,False,0->0,10,1365,1365,,
3408.0,False,False,0->0,16,2136,2136,,
3409.0,False,False,0->0,16,1045,1044,,
3410.0,False,False,0->0,16,1306,1305,,
3412.0,False,False,0->0,16,2123,2123,,
3413.0,False,False,0->0,16,1396,1393,,
3414.0,False,False,0->0,10,2116,2116,,
3415.0,False,False,0->0,16,2165,2164,,
3416.0,False,False,0->0,16,2309,2309,,
3420.0,False,False,0->0,16,1717,1716,,
3421.0,False,False,0->0,16,1766,1764,,
3422.0,False,False,0->0,16,2324,2323,,
3424.0,False,False,0->0,12,1506,1506,,
3425.0,False,False,0->0,16,2090,2088,,
3427.0,False,False,0->0,10,1595,1595,,
3428.0,False,False,0->0,16,2099,2099,,
3429.0,False,False,0->0,16,1609,1609,,
3431.0,False,False,0->0,16,1447,1445,,
3433.0,False,False,0->0,16,1746,1745,,
3434.0,False,False,0->0,16,997,996,,
3437.0,False,False,0->0,16,1877,1877,,
3438.0,False,False,0->0,16,2115,2114,,
3439.0,False,False,0->0,16,1290,1286,,
3441.0,False,False,0->0,8,982,982,,
3442.0,False,False,0->0,16,1172,1170,,
3443.0,False,False,0->0,12,1780,1780,,
3444.0,False,False,0->0,16,2283,2283,,
3446.0,False,False,0->0,16,980,978,,
3447.0,False,False,0->0,16,1283,1281,,
3448.0,False,False,0->0,10,1525,1525,,
3450.0,False,False,0->0,16,1499,1497,,
3451.0,False,False,0->0,16,1291,1291,,
3452.0,False,False,0->0,16,629,627,,
3453.0,False,False,0->0,16,1838,1835,,
3456.0,False,False,0->0,16,1115,1113,,
3457.0,False,False,0->0,16,1816,1815,,
3458.0,False,False,0->0,16,2524,2524,,
3460.0,False,False,0->0,16,1474,1473,,
3461.0,False,False,0->0,16,1718,1717,,
3464.0,False,False,0->0,16,1593,1592,,
3465.0,False,False,0->0,16,1532,1529,,
3466.0,False,False,0->0,10,2010,2010,,
3467.0,False,False,0->0,16,1586,1583,,
3470.0,False,False,0->0,16,1180,1180,,
3471.0,False,False,0->0,16,1270,1269,,
3472.0,False,False,0->0,16,2812,2810,,
3473.0,False,False,0->0,16,1323,1320,,
3475.0,False,False,0->0,16,1989,1989,,
3476.0,False,False,0->0,16,1835,1835,,
3478.0,False,False,0->0,16,2534,2533,,
3479.0,False,False,0->0,16,1342,1341,,
3482.0,False,False,0->0,16,1641,1640,,
3483.0,False,False,0->0,16,940,940,,
3484.0,False,False,0->0,16,1589,1587,,
3485.0,False,False,0->0,14,1738,1738,,
3486.0,False,False,0->0,16,2311,2311,,
3487.0,False,False,0->0,16,1870,1869,,
3488.0,False,False,0->0,16,2121,2119,,
3489.0,False,False,0->0,16,1063,1060,,
3492.0,False,False,0->0,16,1285,1283,,
3493.0,False,False,0->0,16,2299,2298,,
3496.0,False,False,0->0,16,739,737,,
3497.0,False,False,0->0,16,1623,1622,,
3498.0,False,False,0->0,16,1443,1442,,
3499.0,False,False,0->0,16,1379,1378,,
3500.0,False,False,0->0,16,1747,1747,,
3501.0,False,False,0->0,16,1217,1215,,
3502.0,False,False,0->0,16,1054,1054,,
3503.0,False,False,0->0,16,1272,1272,,
3504.0,False,False,0->0,16,1939,1938,,
3505.0,False,False,0->0,16,1063,1063,,
3506.0,False,False,0->0,16,1863,1862,,
3509.0,False,False,0->0,16,1537,1536,,
3510.0,False,False,0->0,16,1737,1737,,
3513.0,False,False,0->0,16,2338,2337,,
3514.0,False,False,0->0,16,1302,1301,,
3517.0,False,False,0->0,16,2191,2191,,
3519.0,False,False,0->0,16,2403,2403,,
3520.0,False,False,0->0,16,1495,1495,,
3521.0,False,False,0->0,16,1541,1540,,
3522.0,False,False,0->0,16,2592,2592,,
3523.0,False,False,0->0,16,2939,2938,,
3524.0,False,False,0->0,16,963,963,,
3525.0,False,False,0->0,16,1466,1465,,
3526.0,False,False,0->0,16,920,919,,
3527.0,False,False,0->0,16,1216,1215,,
3528.0,False,False,0->0,16,1186,1184,,
3530.0,False,False,0->0,16,1277,1275,,
3531.0,False,False,0->0,8,1705,1705,,
3532.0,False,False,0->0,12,756,756,,
3533.0,False,False,0->0,16,1424,1423,,
3535.0,False,False,0->0,16,1248,1247,,
3537.0,False,False,0->0,16,2344,2343,,
3538.0,False,False,0->0,16,2013,2011,,
3539.0,False,False,0->0,16,2019,2019,,
3540.0,True,False,1->0,16,1156,1154,,
3542.0,False,False,0->0,12,1826,1826,,
3543.0,False,False,0->0,12,1020,1020,,
3544.0,False,False,0->0,16,702,702,,
3546.0,False,False,0->0,16,1776,1776,,
3547.0,False,False,0->0,16,1711,1707,,
3548.0,False,False,0->0,16,1590,1589,,
3549.0,False,False,0->0,16,2334,2332,,
3551.0,False,False,0->0,16,2263,2261,,
3552.0,False,False,0->0,16,2044,2043,,
3553.0,False,False,0->0,10,1751,1751,,
3554.0,False,False,0->0,16,2110,2110,,
3555.0,False,False,0->0,16,1491,1491,,
3556.0,False,False,0->0,16,1252,1252,,
3557.0,False,False,0->0,14,1777,1777,,
3558.0,False,False,0->0,16,1546,1546,,
3559.0,False,False,0->0,16,1658,1657,,
3560.0,False,False,0->0,16,1521,1520,,
3564.0,False,False,0->0,16,675,674,,
3565.0,False,False,0->0,8,1667,1667,,
3566.0,False,False,0->0,16,2000,1999,,
3568.0,False,False,0->0,16,1571,1570,,
3569.0,False,False,0->0,16,1347,1345,,
3571.0,False,False,0->0,16,1975,1974,,
3573.0,False,False,0->0,16,1456,1455,,
3574.0,False,False,0->0,16,1542,1541,,
3576.0,False,False,0->0,16,979,977,,
3577.0,False,False,0->0,16,2439,2438,,
3578.0,False,False,0->0,16,1131,1130,,
3579.0,False,False,0->0,10,1847,1846,,
3580.0,False,False,0->0,16,1547,1547,,
3581.0,False,False,0->0,16,1991,1991,,
3582.0,False,False,0->0,16,1411,1410,,
3584.0,False,False,0->0,16,1918,1916,,
3585.0,False,False,0->0,16,1145,1145,,
3586.0,False,False,0->0,16,1753,1752,,
3587.0,False,False,0->0,16,2236,2235,,
3589.0,False,False,0->0,16,1304,1303,,
3590.0,False,False,0->0,16,1047,1047,,
3591.0,False,False,0->0,16,1269,1267,,
3592.0,False,False,0->0,16,1305,1304,,
3593.0,False,False,0->0,16,1718,1715,,
3597.0,False,False,0->0,16,1253,1250,,
3598.0,False,False,0->0,16,1347,1346,,
3600.0,False,False,0->0,16,1214,1213,,
3601.0,False,False,0->0,16,1986,1985,,
3603.0,False,False,0->0,16,911,909,,
3606.0,False,False,0->0,16,1348,1348,,
3607.0,False,False,0->0,16,1531,1530,,
3608.0,False,False,0->0,16,1502,1502,,
3609.0,False,False,0->0,16,2083,2082,,
3611.0,False,False,0->0,16,1312,1312,,
3612.0,False,False,0->0,16,1310,1310,,
3613.0,False,False,0->0,16,1646,1645,,
3615.0,False,False,0->0,16,2083,2081,,
3616.0,False,False,0->0,16,1753,1750,,
3617.0,False,False,0->0,16,1555,1554,,
3618.0,False,False,0->0,16,1008,1006,,
3620.0,False,False,0->0,16,2417,2416,,
3621.0,False,False,0->0,16,1682,1682,,
3623.0,False,False,0->0,16,1353,1352,,
3624.0,False,False,0->0,16,2067,2066,,
3625.0,False,False,0->0,16,1660,1660,,
3626.0,False,False,0->0,16,2078,2077,,
3627.0,False,False,0->0,16,1972,1972,,
3628.0,False,False,0->0,16,1239,1239,,
3630.0,False,False,0->0,16,1185,1181,,
3631.0,False,False,0->0,16,1669,1668,,
3632.0,False,False,0->0,8,955,955,,
3633.0,False,False,0->0,16,1815,1813,,
3634.0,False,False,0->0,10,1158,1158,,
3635.0,False,False,0->0,16,1923,1922,,
3636.0,False,False,0->0,16,796,794,,
3637.0,False,False,0->0,16,1921,1919,,
3638.0,False,False,0->0,16,1916,1914,,
3639.0,False,False,0->0,16,1997,1996,,
3640.0,False,False,0->0,8,2107,2106,,
3644.0,False,False,0->0,10,857,857,,
3645.0,False,False,0->0,16,1536,1534,,
3647.0,False,False,0->0,16,1380,1379,,
3649.0,False,False,0->0,16,2603,2603,,
3650.0,False,False,0->0,16,2048,2047,,
3651.0,False,False,0->0,16,1278,1277,,
3653.0,False,False,0->0,16,1075,1074,,
3656.0,False,False,0->0,16,2025,2025,,
3657.0,False,False,0->0,16,637,636,,
3658.0,False,False,0->0,16,1924,1923,,
3660.0,False,False,0->0,16,976,975,,
3661.0,False,False,0->0,16,1692,1692,,
3662.0,False,False,0->0,16,2781,2779,,
3663.0,False,False,0->0,16,1614,1612,,
3664.0,False,False,0->0,16,1062,1061,,
3665.0,False,False,0->0,16,1821,1820,,
3666.0,False,False,0->0,16,1742,1738,,
3667.0,False,False,0->0,14,2051,2051,,
3669.0,False,False,0->0,16,1158,1156,,
3670.0,False,False,0->0,16,1725,1725,,
3671.0,False,False,0->0,16,1752,1752,,
3672.0,False,False,0->0,14,1522,1522,,
3673.0,False,False,0->0,16,2326,2324,,
3674.0,False,False,0->0,16,2016,2016,,
3675.0,False,False,0->0,12,1429,1429,,
3677.0,False,False,0->0,12,1480,1480,,
3678.0,False,False,0->0,16,1008,1007,,
3682.0,False,False,0->0,16,1214,1211,,
3683.0,False,False,0->0,16,1079,1077,,
3685.0,False,False,0->0,16,2005,2004,,
3687.0,False,False,0->0,16,1185,1183,,
3688.0,False,False,0->0,16,1645,1645,,
3692.0,False,False,0->0,16,1497,1497,,
3693.0,False,False,0->0,16,1585,1584,,
3694.0,False,False,0->0,12,1693,1693,,
3695.0,False,False,0->0,12,1165,1165,,
3696.0,False,False,0->0,16,1271,1271,,
3697.0,False,False,0->0,16,1623,1621,,
3698.0,False,False,0->0,16,2393,2393,,
3699.0,False,False,0->0,16,1417,1414,,
3700.0,False,False,0->0,16,2075,2075,,
3701.0,False,False,0->0,16,1236,1236,,
3702.0,False,False,0->0,16,2124,2123,,
3703.0,False,False,0->0,14,1378,1378,,
3704.0,False,False,0->0,16,1661,1659,,
3705.0,False,False,0->0,16,920,919,,
3706.0,False,False,0->0,16,1863,1861,,
3707.0,False,False,0->0,16,2700,2698,,
3709.0,False,False,0->0,16,1912,1912,,
3711.0,False,False,0->0,16,1534,1534,,
3712.0,False,False,0->0,16,1732,1731,,
3713.0,False,False,0->0,16,1712,1711,,
3714.0,False,False,0->0,16,1985,1985,,
3715.0,False,False,0->0,16,1221,1218,,
3716.0,False,False,0->0,10,1476,1476,,
3718.0,False,False,0->0,16,2000,2000,,
3719.0,False,False,0->0,16,1366,1366,,
3721.0,False,False,0->0,16,1527,1527,,
3722.0,False,False,0->0,16,1625,1624,,
3723.0,False,False,0->0,16,1635,1635,,
3724.0,False,False,0->0,16,1253,1253,,
3725.0,False,False,0->0,16,1576,1575,,
3726.0,False,False,0->0,16,1652,1652,,
3727.0,False,False,0->0,16,1543,1543,,
3728.0,False,False,0->0,16,1782,1780,,
3729.0,False,False,0->0,16,1366,1364,,
3730.0,False,False,0->0,16,2296,2295,,
3733.0,False,False,0->0,12,2268,2268,,
3735.0,False,False,0->0,16,1806,1805,,
3736.0,False,False,0->0,16,2152,2149,,
3737.0,False,False,0->0,16,2486,2483,,
3738.0,False,False,0->0,16,1706,1706,,
3740.0,False,False,0->0,12,1542,1542,,
3742.0,False,False,0->0,16,1466,1464,,
3743.0,False,False,0->0,16,1941,1940,,
3744.0,False,False,0->0,16,1554,1553,,
3746.0,False,False,0->0,16,1796,1794,,
3747.0,False,False,0->0,16,1885,1885,,
3748.0,False,False,0->0,16,1578,1576,,
3749.0,False,False,0->0,16,1280,1278,,
3750.0,False,False,0->0,16,1822,1821,,
3751.0,False,False,0->0,16,1868,1867,,
3753.0,False,False,0->0,16,1937,1936,,
3754.0,False,False,0->0,16,2277,2275,,
3755.0,False,False,0->0,16,1436,1435,,
3756.0,False,False,0->0,16,1674,1672,,
3757.0,False,False,0->0,16,1530,1530,,
3758.0,False,False,0->0,16,852,852,,
3759.0,False,False,0->0,16,1604,1604,,
3760.0,False,False,0->0,16,1661,1659,,
3763.0,False,False,0->0,14,2281,2279,,
3764.0,False,False,0->0,8,1740,1740,,
3765.0,False,False,0->0,16,2302,2299,,
3766.0,False,False,0->0,16,2057,2057,,
3767.0,False,False,0->0,12,1840,1840,,
3768.0,False,False,0->0,16,978,978,,
3769.0,False,False,0->0,16,2135,2135,,
3773.0,False,False,0->0,16,1229,1228,,
3774.0,False,False,0->0,16,1971,1971,,
3776.0,False,False,0->0,16,1598,1595,,
3777.0,False,False,0->0,16,1348,1348,,
3780.0,False,False,0->0,16,2183,2181,,
3783.0,False,False,0->0,10,1643,1643,,
3784.0,False,False,0->0,16,2011,2011,,
3785.0,False,False,0->0,16,917,914,,
3786.0,False,False,0->0,16,1501,1498,,
3787.0,False,False,0->0,16,2646,2645,,
3788.0,False,False,0->0,16,1824,1821,,
3791.0,False,False,0->0,16,836,836,,
3792.0,False,False,0->0,16,1604,1603,,
3793.0,False,False,0->0,16,1529,1528,,
3794.0,False,False,0->0,16,1306,1305,,
3795.0,False,False,0->0,16,2228,2226,,
3796.0,False,False,0->0,16,1826,1823,,
3797.0,False,False,0->0,16,2184,2183,,
3798.0,False,False,0->0,16,1821,1820,,
3800.0,False,False,0->0,12,1081,1081,,
3801.0,False,False,0->0,16,2178,2178,,
3802.0,False,False,0->0,16,1215,1213,,
3803.0,False,False,0->0,16,1781,1780,,
3804.0,False,False,0->0,16,1097,1097,,
3806.0,False,False,0->0,16,2462,2460,,
3807.0,False,False,0->0,16,799,799,,
3808.0,False,False,0->0,16,1384,1382,,
3809.0,False,False,0->0,16,2136,2134,,
3810.0,False,False,0->0,16,1532,1532,,
3811.0,False,False,0->0,16,1321,1321,,
3812.0,False,False,0->0,16,966,965,,
3813.0,False,False,0->0,16,1959,1957,,
3814.0,False,False,0->0,16,1583,1582,,
3816.0,False,False,0->0,16,1592,1592,,
3819.0,False,False,0->0,10,2087,2087,,
3820.0,False,False,0->0,16,1196,1195,,
3823.0,False,False,0->0,16,1298,1296,,
3827.0,False,False,0->0,16,2520,2520,,
3828.0,False,False,0->0,16,1032,1030,,
3829.0,False,False,0->0,10,1401,1401,,
3830.0,False,False,0->0,16,1536,1536,,
3831.0,False,False,0->0,8,1258,1258,,
3832.0,False,False,0->0,16,2110,2107,,
3834.0,False,False,0->0,16,1474,1474,,
3836.0,False,False,0->0,16,2245,2242,,
3837.0,False,False,0->0,16,1810,1808,,
3838.0,False,False,0->0,12,1491,1491,,
3840.0,False,False,0->0,16,1700,1700,,
3842.0,False,False,0->0,16,1338,1338,,
3843.0,False,False,0->0,16,1084,1083,,
3845.0,False,False,0->0,16,1459,1458,,
3846.0,False,False,0->0,16,1856,1855,,
3847.0,False,False,0->0,16,2159,2158,,
3848.0,False,False,0->0,16,1574,1572,,
3849.0,False,False,0->0,16,1603,1603,,
3850.0,False,False,0->0,16,1166,1166,,
3851.0,False,False,0->0,16,1859,1858,,
3852.0,False,False,0->0,16,1834,1832,,
3853.0,False,False,0->0,10,2214,2214,,
3854.0,False,False,0->0,16,1162,1162,,
3856.0,False,False,0->0,16,1392,1390,,
3857.0,False,False,0->0,16,1303,1302,,
3859.0,False,False,0->0,16,1961,1961,,
3861.0,False,False,0->0,16,2102,2101,,
3862.0,False,False,0->0,16,1850,1850,,
3863.0,False,False,0->0,16,1150,1150,,
3865.0,False,False,0->0,16,1031,1030,,
3866.0,False,False,0->0,16,2483,2481,,
3867.0,False,False,0->0,16,1909,1908,,
3868.0,False,False,0->0,16,1288,1288,,
3869.0,False,False,0->0,16,1928,1927,,
3870.0,False,False,0->0,16,1297,1297,,
3871.0,False,False,0->0,14,1748,1748,,
3872.0,False,False,0->0,16,1517,1515,,
3873.0,False,False,0->0,16,1690,1690,,
3874.0,False,False,0->0,16,1815,1813,,
3875.0,False,False,0->0,16,1440,1440,,
3876.0,False,False,0->0,16,1364,1363,,
3877.0,False,False,0->0,16,956,955,,
3878.0,False,False,0->0,16,1685,1684,,
3879.0,False,False,0->0,16,1595,1594,,
3880.0,False,False,0->0,16,2136,2135,,
3881.0,False,False,0->0,16,1406,1405,,
3882.0,False,False,0->0,16,1495,1494,,
3883.0,False,False,0->0,16,2589,2586,,
3884.0,False,False,0->0,16,1697,1695,,
3885.0,False,False,0->0,16,1760,1760,,
3887.0,False,False,0->0,16,1203,1203,,
3888.0,False,False,0->0,12,747,747,,
3890.0,False,False,0->0,16,2538,2538,,
3891.0,False,False,0->0,16,1901,1898,,
3892.0,False,False,0->0,16,1817,1814,,
3895.0,False,False,0->0,16,1692,1688,,
3896.0,False,False,0->0,16,1415,1414,,
3897.0,False,False,0->0,16,1033,1033,,
3898.0,False,False,0->0,16,955,955,,
3900.0,False,False,0->0,16,989,987,,
3902.0,False,False,0->0,12,2211,2211,,
3904.0,False,False,0->0,16,1615,1614,,
3906.0,False,False,0->0,16,1671,1670,,
3907.0,False,False,0->0,16,2892,2892,,
3908.0,False,False,0->0,16,2237,2236,,
3909.0,False,False,0->0,14,1375,1375,,
3910.0,False,False,0->0,16,1047,1046,,
3912.0,False,False,0->0,16,2493,2492,,
3913.0,False,False,0->0,12,1336,1336,,
3914.0,False,False,0->0,16,830,830,,
3915.0,False,False,0->0,16,1188,1185,,
3916.0,False,False,0->0,12,1279,1279,,
3917.0,False,False,0->0,16,1115,1114,,
3918.0,False,False,0->0,16,1942,1942,,
3920.0,False,False,0->0,16,2104,2102,,
3921.0,False,False,0->0,16,2090,2087,,
3922.0,False,False,0->0,16,1227,1227,,
3925.0,False,False,0->0,16,1440,1438,,
3926.0,False,False,0->0,16,1713,1713,,
3927.0,False,False,0->0,16,1263,1262,,
3928.0,False,False,0->0,16,1257,1254,,
3929.0,False,False,0->0,16,1888,1888,,
3930.0,False,False,0->0,16,1156,1155,,
3931.0,False,False,0->0,8,2572,2572,,
3932.0,False,False,0->0,16,1949,1948,,
3934.0,False,False,0->0,14,1184,1184,,
3935.0,False,False,0->0,16,1433,1433,,
3936.0,False,False,0->0,16,1370,1367,,
3937.0,False,False,0->0,16,1169,1169,,
3938.0,False,False,0->0,16,662,661,,
3939.0,False,False,0->0,16,1945,1944,,
3940.0,False,False,0->0,16,1867,1864,,
3941.0,False,False,0->0,16,1132,1128,,
3942.0,False,False,0->0,14,1529,1529,,
3943.0,False,False,0->0,16,1174,1173,,
3944.0,False,False,0->0,16,1609,1607,,
3945.0,False,False,0->0,16,2601,2599,,
3946.0,False,False,0->0,16,1735,1735,,
3947.0,False,False,0->0,16,1682,1681,,
3948.0,False,False,0->0,16,1263,1262,,
3950.0,False,False,0->0,16,1128,1128,,
3951.0,False,False,0->0,16,2790,2789,,
3952.0,False,False,0->0,10,1257,1257,,
3953.0,False,False,0->0,16,2000,2000,,
3954.0,False,False,0->0,14,1501,1501,,
3955.0,False,False,0->0,16,2274,2272,,
3956.0,False,False,0->0,16,1564,1562,,
3958.0,False,False,0->0,16,1617,1617,,
3959.0,False,False,0->0,16,2233,2228,,
3960.0,False,False,0->0,16,1591,1591,,
3961.0,False,False,0->0,16,1764,1764,,
3963.0,False,False,0->0,16,1032,1030,,
3967.0,False,False,0->0,16,1274,1274,,
3968.0,False,False,0->0,16,2452,2450,,
3969.0,False,False,0->0,12,1901,1900,,
3970.0,False,False,0->0,16,1234,1234,,
3973.0,False,False,0->0,16,1292,1292,,
3974.0,False,False,0->0,16,1336,1336,,
3977.0,False,False,0->0,16,1318,1318,,
3978.0,False,False,0->0,16,2231,2229,,
3980.0,False,False,0->0,16,1441,1440,,
3981.0,False,False,0->0,16,1807,1806,,
3982.0,False,False,0->0,12,1581,1581,,
3983.0,False,False,0->0,16,2345,2345,,
3985.0,False,False,0->0,16,2103,2102,,
3986.0,False,False,0->0,12,1634,1633,,
3987.0,False,False,0->0,16,1290,1289,,
3988.0,False,False,0->0,16,2701,2701,,
3991.0,False,False,0->0,16,1653,1650,,
3992.0,False,False,0->0,16,2065,2063,,
3993.0,False,False,0->0,16,1777,1777,,
3994.0,False,False,0->0,16,2363,2362,,
3995.0,False,False,0->0,16,1239,1237,,
3996.0,False,False,0->0,16,2298,2296,,
3997.0,False,False,0->0,16,2651,2647,,
3999.0,False,False,0->0,16,2500,2497,,
4000.0,False,False,0->0,10,1176,1176,,
4001.0,False,False,0->0,16,2474,2473,,
4002.0,False,False,0->0,16,1694,1694,,
4004.0,False,False,0->0,16,1482,1479,,
4006.0,False,False,0->0,16,1547,1546,,
4007.0,False,False,0->0,10,1666,1666,,
4008.0,False,False,0->0,16,1499,1498,,
4009.0,False,False,0->0,16,937,934,,
4010.0,False,False,0->0,16,2021,2019,,
4011.0,False,False,0->0,16,2126,2123,,
4012.0,False,False,0->0,16,2000,1999,,
4015.0,False,False,0->0,16,2451,2448,,
4017.0,False,False,0->0,16,1634,1633,,
4018.0,False,False,0->0,16,2413,2411,,
4019.0,False,False,0->0,16,1307,1307,,
4020.0,False,False,0->0,16,2160,2160,,
4023.0,False,False,0->0,16,675,675,,
4024.0,False,False,0->0,16,1967,1965,,
4025.0,False,False,0->0,16,2630,2630,,
4027.0,False,False,0->0,16,1178,1177,,
4028.0,False,False,0->0,16,1479,1477,,
4030.0,False,False,0->0,16,1502,1502,,
4031.0,False,False,0->0,16,1922,1920,,
4032.0,False,False,0->0,8,1348,1348,,
4034.0,False,False,0->0,16,1918,1918,,
4035.0,False,False,0->0,16,1116,1114,,
4036.0,False,False,0->0,16,765,762,,
4037.0,False,False,0->0,16,1170,1170,,
4038.0,False,False,0->0,16,1992,1991,,
4040.0,False,False,0->0,16,1939,1937,,
4041.0,False,False,0->0,12,1300,1300,,
4042.0,False,False,0->0,8,1530,1530,,
4043.0,False,False,0->0,16,1081,1079,,
4044.0,False,False,0->0,16,1930,1929,,
4045.0,False,False,0->0,16,1821,1820,,
4047.0,False,False,0->0,16,2239,2235,,
4048.0,False,False,0->0,16,2079,2078,,
4049.0,False,False,0->0,10,2081,2081,,
4051.0,False,False,0->0,16,2635,2634,,
4052.0,False,False,0->0,16,1344,1343,,
4053.0,False,False,0->0,16,1359,1357,,
4054.0,False,False,0->0,16,1609,1609,,
4055.0,False,False,0->0,16,1361,1358,,
4059.0,False,False,0->0,16,1766,1766,,
4061.0,False,False,0->0,16,1254,1254,,
4063.0,False,False,0->0,16,2630,2630,,
4064.0,False,False,0->0,16,2399,2398,,
4065.0,False,False,0->0,16,1379,1376,,
4066.0,False,False,0->0,16,1301,1298,,
4067.0,False,False,0->0,16,914,914,,
4068.0,False,False,0->0,12,1557,1557,,
4069.0,False,False,0->0,16,1424,1421,,
4072.0,False,False,0->0,16,1433,1431,,
4073.0,False,False,0->0,16,1843,1842,,
4074.0,False,False,0->0,16,2056,2052,,
4075.0,False,False,0->0,16,1961,1960,,
4076.0,False,False,0->0,16,2103,2101,,
4078.0,False,False,0->0,8,1103,1103,,
4079.0,False,False,0->0,16,1565,1564,,
4080.0,False,False,0->0,16,1530,1529,,
4081.0,False,False,0->0,16,1534,1534,,
4084.0,False,False,0->0,16,712,711,,
4085.0,False,False,0->0,16,2367,2367,,
4087.0,False,False,0->0,16,1001,1000,,
4088.0,False,False,0->0,10,1367,1367,,
4089.0,False,False,0->0,16,1723,1721,,
4091.0,False,False,0->0,16,1788,1785,,
4092.0,False,False,0->0,16,1245,1244,,
4094.0,False,False,0->0,16,841,841,,
4095.0,False,False,0->0,16,1579,1577,,
4096.0,False,False,0->0,16,1496,1494,,
4097.0,False,False,0->0,10,2003,2003,,
4098.0,False,False,0->0,16,1311,1309,,
4099.0,False,False,0->0,16,890,890,,
4100.0,False,False,0->0,16,1998,1998,,
4103.0,False,False,0->0,16,1167,1165,,
4104.0,False,False,0->0,16,1835,1833,,
4105.0,False,False,0->0,16,1548,1547,,
4106.0,False,False,0->0,16,1781,1780,,
4107.0,False,False,0->0,16,951,950,,
4108.0,False,False,0->0,10,959,959,,
4110.0,False,False,0->0,16,1330,1329,,
4111.0,False,False,0->0,16,1375,1373,,
4112.0,False,False,0->0,16,1160,1158,,
4113.0,False,False,0->0,12,2034,2034,,
4114.0,False,False,0->0,16,2382,2381,,
4115.0,False,False,0->0,16,1327,1326,,
4116.0,False,False,0->0,16,1180,1180,,
4117.0,False,False,0->0,16,1598,1596,,
4119.0,False,False,0->0,16,2121,2121,,
4120.0,False,False,0->0,14,2407,2406,,
4121.0,False,False,0->0,10,1450,1450,,
4123.0,False,False,0->0,16,2278,2277,,
4127.0,False,False,0->0,16,1028,1028,,
4128.0,False,False,0->0,10,2668,2668,,
4130.0,False,False,0->0,16,1232,1232,,
4131.0,False,False,0->0,16,1353,1353,,
4132.0,False,False,0->0,16,1196,1196,,
4133.0,False,False,0->0,16,1492,1490,,
4134.0,False,False,0->0,16,1972,1970,,
4136.0,False,False,0->0,16,2159,2158,,
4137.0,False,False,0->0,16,1652,1650,,
4139.0,False,False,0->0,16,1581,1579,,
4140.0,False,False,0->0,16,1096,1096,,
4141.0,False,False,0->0,16,2146,2146,,
4142.0,False,False,0->0,16,1977,1973,,
4143.0,False,False,0->0,16,2197,2195,,
4144.0,False,False,0->0,16,1018,1017,,
4145.0,False,False,0->0,16,944,944,,
4146.0,False,False,0->0,16,2048,2047,,
4147.0,False,False,0->0,8,2184,2184,,
4148.0,False,False,0->0,16,1376,1373,,
4149.0,False,False,0->0,16,1607,1605,,
4150.0,False,False,0->0,16,971,969,,
4151.0,False,False,0->0,16,1757,1756,,
4152.0,False,False,0->0,16,1699,1699,,
4153.0,False,False,0->0,16,2768,2767,,
4155.0,False,False,0->0,16,1337,1337,,
4156.0,False,False,0->0,16,1274,1273,,
4157.0,False,False,0->0,16,1710,1708,,
4159.0,False,False,0->0,8,1542,1542,,
4160.0,False,False,0->0,16,1418,1417,,
4161.0,False,False,0->0,16,1410,1407,,
4162.0,False,False,0->0,16,1503,1503,,
4164.0,False,False,0->0,16,1793,1792,,
4167.0,False,False,0->0,16,1483,1481,,
4169.0,False,False,0->0,16,1929,1927,,
4170.0,False,False,0->0,16,2000,1995,,
4171.0,False,False,0->0,16,1901,1899,,
4173.0,False,False,0->0,12,1364,1362,,
4174.0,False,False,0->0,16,1626,1625,,
4175.0,False,False,0->0,8,1722,1722,,
4176.0,False,False,0->0,16,2194,2193,,
4179.0,False,False,0->0,16,1770,1769,,
4181.0,False,False,0->0,16,1387,1386,,
4182.0,False,False,0->0,16,1387,1387,,
4183.0,False,False,0->0,16,1095,1093,,
4184.0,False,False,0->0,16,2746,2742,,
4189.0,False,False,0->0,16,1463,1461,,
4190.0,False,False,0->0,16,1745,1743,,
4191.0,False,False,0->0,16,1084,1084,,
4194.0,False,False,0->0,16,1915,1915,,
4195.0,False,False,0->0,16,1840,1839,,
4196.0,False,False,0->0,16,1215,1215,,
4197.0,False,False,0->0,16,978,976,,
4198.0,False,False,0->0,16,937,935,,
4200.0,False,False,0->0,16,1785,1784,,
4201.0,False,False,0->0,16,939,939,,
4202.0,False,False,0->0,16,1686,1684,,
4204.0,False,False,0->0,16,2033,2032,,
4205.0,False,False,0->0,16,2076,2074,,
4207.0,False,False,0->0,16,1154,1154,,
4209.0,False,False,0->0,16,872,872,,
4210.0,False,False,0->0,14,1546,1546,,
4211.0,False,False,0->0,16,1548,1546,,
4212.0,False,False,0->0,12,2286,2285,,
4216.0,False,False,0->0,16,1689,1688,,
4217.0,False,False,0->0,16,1276,1274,,
4219.0,False,False,0->0,16,1625,1623,,
4220.0,False,False,0->0,16,1210,1208,,
4221.0,False,False,0->0,16,1262,1261,,
4222.0,False,False,0->0,16,1231,1228,,
4223.0,False,False,0->0,16,1585,1583,,
4224.0,False,False,0->0,16,1443,1442,,
4225.0,False,False,0->0,16,1145,1143,,
4226.0,False,False,0->0,16,1694,1692,,
4227.0,False,False,0->0,16,2661,2659,,
4229.0,False,False,0->0,16,1669,1668,,
4230.0,False,False,0->0,16,1752,1751,,
4232.0,False,False,0->0,8,1926,1926,,
4233.0,False,False,0->0,16,2385,2384,,
4234.0,False,False,0->0,16,596,594,,
4235.0,False,False,0->0,16,1207,1206,,
4236.0,False,False,0->0,16,1924,1922,,
4238.0,False,False,0->0,16,1237,1236,,
4239.0,False,False,0->0,16,1431,1431,,
4240.0,False,False,0->0,16,2403,2403,,
4241.0,False,False,0->0,16,1835,1835,,
4242.0,False,False,0->0,12,2341,2340,,
4244.0,False,False,0->0,14,1149,1149,,
4245.0,False,False,0->0,16,1295,1290,,
4246.0,False,False,0->0,16,1481,1480,,
4247.0,False,False,0->0,16,1298,1295,,
4248.0,False,False,0->0,16,1662,1660,,
4250.0,False,False,0->0,16,1347,1347,,
4251.0,False,False,0->0,16,1579,1576,,
4252.0,False,False,0->0,16,1912,1911,,
4254.0,False,False,0->0,16,1292,1291,,
4255.0,False,False,0->0,16,1819,1819,,
4256.0,False,False,0->0,12,1774,1773,,
4257.0,False,False,0->0,16,1240,1238,,
4258.0,False,False,0->0,16,1496,1495,,
4259.0,False,False,0->0,16,2242,2242,,
4260.0,False,False,0->0,16,1955,1954,,
4261.0,False,False,0->0,16,1506,1504,,
4266.0,False,False,0->0,16,1620,1618,,
4268.0,False,False,0->0,16,1417,1415,,
4269.0,False,False,0->0,16,1416,1415,,
4270.0,False,False,0->0,16,1225,1222,,
4272.0,False,False,0->0,16,1649,1648,,
4273.0,False,False,0->0,16,1562,1560,,
4274.0,False,False,0->0,16,1635,1633,,
4275.0,False,False,0->0,16,1976,1976,,
4276.0,False,False,0->0,16,1645,1644,,
4277.0,False,False,0->0,16,1563,1562,,
4278.0,False,False,0->0,10,1385,1385,,
4279.0,False,False,0->0,16,894,893,,
4280.0,False,False,0->0,16,1833,1829,,
4281.0,False,False,0->0,16,2004,2001,,
4282.0,False,False,0->0,16,1871,1869,,
4284.0,False,False,0->0,16,2680,2679,,
4285.0,False,False,0->0,16,1549,1547,,
4287.0,False,False,0->0,16,1192,1191,,
4289.0,False,False,0->0,16,1268,1266,,
4291.0,False,False,0->0,16,1299,1298,,
4292.0,False,False,0->0,16,1218,1217,,
4293.0,False,False,0->0,16,686,686,,
4295.0,False,False,0->0,16,985,983,,
4296.0,False,False,0->0,16,880,878,,
4297.0,False,False,0->0,16,1510,1509,,
4299.0,False,False,0->0,16,1820,1816,,
4300.0,False,False,0->0,10,1632,1632,,
4301.0,False,False,0->0,16,853,851,,
4302.0,False,False,0->0,16,1433,1430,,
4303.0,False,False,0->0,16,968,967,,
4304.0,False,False,0->0,16,1354,1354,,
4305.0,False,False,0->0,16,1098,1095,,
4306.0,False,False,0->0,16,1439,1438,,
4307.0,False,False,0->0,16,831,831,,
4309.0,False,False,0->0,16,1691,1690,,
4310.0,False,False,0->0,16,1903,1903,,
4311.0,False,False,0->0,16,1594,1594,,
4312.0,False,False,0->0,16,1050,1048,,
4313.0,False,False,0->0,8,1656,1656,,
4315.0,False,False,0->0,10,2011,2011,,
4316.0,False,False,0->0,16,1670,1667,,
4317.0,False,False,0->0,16,1403,1402,,
4318.0,False,False,0->0,16,1235,1233,,
4321.0,False,False,0->0,16,1884,1883,,
4322.0,False,False,0->0,10,1330,1330,,
4323.0,False,False,0->0,16,1066,1065,,
4325.0,False,False,0->0,16,1508,1507,,
4327.0,False,False,0->0,16,1594,1593,,
4331.0,False,False,0->0,14,2405,2405,,
4333.0,False,False,0->0,16,1239,1237,,
4334.0,False,False,0->0,16,2638,2637,,
4335.0,False,False,0->0,16,1274,1273,,
4336.0,False,False,0->0,12,2388,2388,,
4339.0,False,False,0->0,16,1048,1045,,
4340.0,False,False,0->0,16,1514,1511,,
4341.0,False,False,0->0,16,1929,1929,,
4342.0,False,False,0->0,16,1795,1794,,
4343.0,False,False,0->0,16,1339,1337,,
4346.0,False,False,0->0,16,1324,1322,,
4347.0,False,False,0->0,16,1866,1866,,
4348.0,False,False,0->0,16,1730,1730,,
4349.0,False,False,0->0,16,1964,1963,,
4350.0,False,False,0->0,16,1493,1491,,
4351.0,False,False,0->0,8,1140,1140,,
4352.0,False,False,0->0,16,841,840,,
4353.0,False,False,0->0,16,2158,2158,,
4354.0,False,False,0->0,16,1316,1314,,
4355.0,False,False,0->0,16,1736,1735,,
4357.0,False,False,0->0,16,1442,1440,,
4358.0,False,False,0->0,16,1443,1441,,
4361.0,False,False,0->0,16,2231,2229,,
4362.0,False,False,0->0,16,1705,1704,,
4363.0,False,False,0->0,16,1319,1319,,
4365.0,False,False,0->0,10,2322,2321,,
4366.0,False,False,0->0,16,1779,1777,,
4367.0,False,False,0->0,16,982,982,,
4368.0,False,False,0->0,16,1882,1881,,
4370.0,False,False,0->0,16,1365,1364,,
4371.0,False,False,0->0,16,1090,1087,,
4372.0,False,False,0->0,16,1673,1673,,
4374.0,False,False,0->0,16,1571,1570,,
4375.0,False,False,0->0,16,2444,2443,,
4376.0,False,False,0->0,16,1173,1173,,
4378.0,False,False,0->0,8,1784,1784,,
4380.0,False,False,0->0,16,1252,1251,,
4382.0,False,False,0->0,12,2716,2716,,
4383.0,False,False,0->0,16,1478,1475,,
4384.0,False,False,0->0,16,1895,1895,,
4385.0,False,False,0->0,16,1394,1394,,
4388.0,False,False,0->0,16,1674,1673,,
4389.0,False,False,0->0,16,850,850,,
4390.0,False,False,0->0,16,1654,1652,,
4391.0,False,False,0->0,16,1815,1815,,
4392.0,False,False,0->0,16,1975,1974,,
4393.0,False,False,0->0,16,1434,1434,,
4394.0,False,False,0->0,16,1066,1066,,
4397.0,False,False,0->0,16,2341,2339,,
4398.0,False,False,0->0,16,1713,1712,,
4401.0,False,False,0->0,16,1108,1108,,
4403.0,False,False,0->0,16,1695,1694,,
4404.0,False,False,0->0,16,771,771,,
4405.0,False,False,0->0,8,1532,1532,,
4406.0,False,False,0->0,16,1423,1423,,
4407.0,False,False,0->0,16,1580,1577,,
4410.0,False,False,0->0,16,1800,1800,,
4411.0,False,False,0->0,12,1820,1819,,
4412.0,False,False,0->0,16,2232,2231,,
4413.0,False,False,0->0,16,858,857,,
4414.0,False,False,0->0,16,1965,1962,,
4415.0,False,False,0->0,16,1677,1676,,
4416.0,False,False,0->0,16,1007,1006,,
4417.0,False,False,0->0,16,1321,1320,,
4418.0,False,False,0->0,16,2565,2564,,
4419.0,False,False,0->0,16,1533,1533,,
4421.0,False,False,0->0,16,1235,1234,,
4422.0,False,False,0->0,16,967,965,,
4423.0,False,False,0->0,14,1667,1667,,
4424.0,False,False,0->0,16,1516,1514,,
4426.0,False,False,0->0,16,1633,1631,,
4428.0,False,False,0->0,16,1407,1405,,
4429.0,False,False,0->0,16,2221,2220,,
4430.0,False,False,0->0,16,1797,1796,,
4431.0,False,False,0->0,16,1132,1132,,
4432.0,False,False,0->0,16,2326,2325,,
4433.0,False,False,0->0,16,3013,3013,,
4434.0,False,False,0->0,16,1906,1905,,
4435.0,False,False,0->0,16,2259,2257,,
4437.0,False,False,0->0,16,1375,1374,,
4439.0,False,False,0->0,16,1314,1314,,
4440.0,False,False,0->0,8,1215,1215,,
4441.0,False,False,0->0,16,2296,2294,,
4443.0,False,False,0->0,14,2082,2082,,
4445.0,False,False,0->0,16,2437,2436,,
4446.0,False,False,0->0,16,2133,2133,,
4447.0,False,False,0->0,16,1540,1537,,
4450.0,False,False,0->0,16,1590,1589,,
4452.0,False,False,0->0,16,1854,1853,,
4453.0,False,False,0->0,16,2478,2477,,
4454.0,False,False,0->0,16,1976,1974,,
4456.0,False,False,0->0,16,1700,1698,,
4457.0,False,False,0->0,16,2092,2092,,
4459.0,False,False,0->0,16,1363,1362,,
4460.0,False,False,0->0,14,1143,1143,,
4461.0,False,False,0->0,16,1617,1617,,
4463.0,False,False,0->0,16,2175,2172,,
4465.0,False,False,0->0,16,1584,1583,,
4466.0,False,False,0->0,16,2215,2212,,
4468.0,False,False,0->0,16,1290,1290,,
4469.0,False,False,0->0,16,815,815,,
4470.0,False,False,0->0,16,2022,2019,,
4472.0,False,False,0->0,16,1553,1553,,
4474.0,False,False,0->0,16,1960,1956,,
4475.0,False,False,0->0,16,2326,2324,,
4476.0,False,False,0->0,16,1616,1613,,
4478.0,False,False,0->0,16,2252,2250,,
4479.0,False,False,0->0,16,1369,1368,,
4482.0,False,False,0->0,16,1134,1132,,
4483.0,False,False,0->0,16,2052,2051,,
4484.0,False,False,0->0,16,2226,2226,,
4485.0,False,False,0->0,16,922,921,,
4487.0,False,False,0->0,16,2117,2116,,
4489.0,False,False,0->0,16,2203,2201,,
4490.0,False,False,0->0,16,851,850,,
4491.0,False,False,0->0,16,2868,2866,,
4492.0,False,False,0->0,16,2438,2437,,
4493.0,False,False,0->0,16,1651,1651,,
4497.0,False,False,0->0,16,2224,2222,,
4499.0,False,False,0->0,16,2254,2250,,
4500.0,False,False,0->0,16,1703,1700,,
4501.0,False,False,0->0,16,2551,2550,,
4502.0,False,False,0->0,16,1813,1812,,
4503.0,False,False,0->0,16,2125,2124,,
4504.0,False,False,0->0,16,1842,1839,,
4505.0,False,False,0->0,16,1495,1495,,
4506.0,False,False,0->0,16,1819,1816,,
4507.0,False,False,0->0,16,1451,1449,,
4508.0,False,False,0->0,10,1093,1093,,
4509.0,False,False,0->0,16,988,987,,
4510.0,False,False,0->0,16,1966,1964,,
4511.0,False,False,0->0,16,1257,1255,,
4512.0,False,False,0->0,16,1487,1486,,
4513.0,False,False,0->0,16,986,986,,
4514.0,False,False,0->0,16,1338,1337,,
4515.0,False,False,0->0,16,1657,1655,,
4516.0,False,False,0->0,8,1786,1786,,
4518.0,False,False,0->0,16,1202,1201,,
4521.0,False,False,0->0,16,1704,1701,,
4522.0,False,False,0->0,16,2297,2295,,
4523.0,False,False,0->0,16,2136,2136,,
4524.0,False,False,0->0,10,1769,1769,,
4525.0,False,False,0->0,16,1859,1859,,
4526.0,False,False,0->0,16,1566,1565,,
4527.0,False,False,0->0,16,1347,1346,,
4529.0,False,False,0->0,16,1649,1648,,
4533.0,False,False,0->0,16,2197,2196,,
4534.0,False,False,0->0,16,1238,1237,,
4536.0,False,False,0->0,16,1505,1505,,
4538.0,False,False,0->0,16,2163,2162,,
4539.0,False,False,0->0,16,2007,2005,,
4540.0,False,False,0->0,16,1664,1662,,
4541.0,False,False,0->0,16,1277,1276,,
4542.0,False,False,0->0,16,1137,1137,,
4543.0,False,False,0->0,16,1019,1018,,
4544.0,False,False,0->0,16,2002,2001,,
4545.0,False,False,0->0,16,2195,2195,,
4548.0,False,False,0->0,14,1084,1084,,
4549.0,False,False,0->0,16,2046,2044,,
4550.0,False,False,0->0,16,1938,1937,,
4551.0,False,False,0->0,16,1771,1769,,
4552.0,False,False,0->0,16,981,978,,
4553.0,False,False,0->0,16,1651,1650,,
4554.0,False,False,0->0,16,1283,1283,,
4555.0,False,False,0->0,16,1777,1775,,
4556.0,False,False,0->0,16,917,917,,
4558.0,False,False,0->0,16,2095,2095,,
4560.0,False,False,0->0,16,1227,1226,,
4561.0,False,False,0->0,16,1745,1743,,
4563.0,False,False,0->0,16,2231,2229,,
4564.0,False,False,0->0,16,2232,2232,,
4565.0,False,False,0->0,16,1612,1611,,
4566.0,False,False,0->0,16,1310,1308,,
4567.0,False,False,0->0,16,1044,1043,,
4568.0,False,False,0->0,16,1132,1130,,
4569.0,False,False,0->0,16,1198,1197,,
4570.0,False,False,0->0,16,1862,1862,,
4572.0,False,False,0->0,16,1988,1986,,
4573.0,False,False,0->0,16,1976,1975,,
4574.0,False,False,0->0,16,1188,1188,,
4575.0,False,False,0->0,16,3227,3226,,
4576.0,False,False,0->0,16,1801,1800,,
4577.0,False,False,0->0,14,1694,1693,,
4578.0,False,False,0->0,16,3325,3323,,
4579.0,False,False,0->0,16,2302,2301,,
4583.0,False,False,0->0,16,1386,1386,,
4585.0,False,False,0->0,16,1320,1319,,
4587.0,False,False,0->0,16,1704,1702,,
4588.0,False,False,0->0,16,1686,1684,,
4589.0,False,False,0->0,16,2447,2446,,
4590.0,False,False,0->0,16,2064,2063,,
4591.0,False,False,0->0,16,1601,1600,,
4592.0,False,False,0->0,16,1256,1255,,
4593.0,False,False,0->0,16,1863,1862,,
4594.0,False,False,0->0,16,1106,1105,,
4595.0,False,False,0->0,16,1471,1470,,
4596.0,False,False,0->0,16,2040,2037,,
4597.0,False,False,0->0,16,2515,2514,,
4598.0,False,False,0->0,16,3058,3055,,
4600.0,False,False,0->0,16,1208,1207,,
4602.0,False,False,0->0,16,1130,1128,,
4603.0,False,False,0->0,16,1341,1340,,
4606.0,False,False,0->0,16,1042,1041,,
4610.0,False,False,0->0,16,1683,1682,,
4611.0,False,False,0->0,16,1375,1372,,
4612.0,False,False,0->0,16,1970,1969,,
4614.0,False,False,0->0,16,1494,1494,,
4615.0,False,False,0->0,16,1604,1602,,
4617.0,False,False,0->0,16,974,972,,
4620.0,False,False,0->0,16,1802,1801,,
4621.0,False,False,0->0,16,1969,1968,,
4622.0,False,False,0->0,14,1402,1402,,
4623.0,False,False,0->0,16,1681,1679,,
4624.0,False,False,0->0,16,2094,2094,,
4625.0,False,False,0->0,16,1486,1485,,
4627.0,False,False,0->0,16,1038,1037,,
4628.0,False,False,0->0,16,1859,1858,,
4629.0,False,False,0->0,16,1344,1344,,
4630.0,False,False,0->0,16,2311,2309,,
4631.0,False,False,0->0,16,1777,1776,,
4632.0,False,False,0->0,16,2670,2667,,
4635.0,False,False,0->0,16,1655,1652,,
4637.0,False,False,0->0,16,1263,1262,,
4638.0,False,False,0->0,16,851,851,,
4640.0,False,False,0->0,16,1062,1061,,
4641.0,False,False,0->0,16,1618,1616,,
4643.0,False,False,0->0,16,1432,1432,,
4644.0,False,False,0->0,16,1429,1428,,
4645.0,False,False,0->0,16,2675,2672,,
4646.0,False,False,0->0,16,1122,1121,,
4647.0,False,False,0->0,16,1131,1129,,
4650.0,False,False,0->0,16,1853,1852,,
4652.0,False,False,0->0,16,2385,2383,,
4653.0,False,False,0->0,16,910,909,,
4654.0,False,False,0->0,16,2748,2748,,
4655.0,False,False,0->0,16,1577,1577,,
4656.0,False,False,0->0,16,2627,2626,,
4658.0,False,False,0->0,16,1724,1724,,
4659.0,False,False,0->0,16,1703,1700,,
4660.0,False,False,0->0,16,2086,2085,,
4661.0,False,False,0->0,16,1827,1827,,
4663.0,False,False,0->0,16,1137,1136,,
4664.0,False,False,0->0,10,1308,1308,,
4665.0,False,False,0->0,16,1613,1611,,
4666.0,False,False,0->0,16,1521,1521,,
4668.0,False,False,0->0,16,1073,1072,,
4669.0,False,False,0->0,16,1884,1882,,
4670.0,False,False,0->0,16,2092,2091,,
4672.0,False,False,0->0,16,1443,1442,,
4674.0,False,False,0->0,16,906,905,,
4675.0,False,False,0->0,16,1005,1003,,
4676.0,False,False,0->0,16,1084,1083,,
4677.0,False,False,0->0,16,2070,2069,,
4678.0,False,False,0->0,16,1890,1888,,
4679.0,False,False,0->0,16,1201,1199,,
4680.0,False,False,0->0,16,2009,2006,,
4681.0,False,False,0->0,16,1845,1843,,
4682.0,False,False,0->0,16,934,933,,
4683.0,False,False,0->0,16,1037,1036,,
4684.0,False,False,0->0,16,1576,1574,,
4685.0,False,False,0->0,16,1367,1366,,
4686.0,False,False,0->0,16,959,959,,
4687.0,False,False,0->0,16,1571,1569,,
4688.0,False,False,0->0,16,1564,1563,,
4691.0,False,False,0->0,16,1764,1763,,
4692.0,False,False,0->0,16,2159,2159,,
4694.0,False,False,0->0,10,1537,1536,,
4695.0,False,False,0->0,16,1159,1158,,
4696.0,False,False,0->0,16,2440,2440,,
4697.0,False,False,0->0,16,2387,2386,,
4698.0,False,False,0->0,16,1938,1936,,
4699.0,False,False,0->0,16,1696,1696,,
4700.0,False,False,0->0,16,2046,2044,,
4701.0,False,False,0->0,16,765,763,,
4702.0,False,False,0->0,16,1411,1407,,
4703.0,False,False,0->0,16,793,793,,
4704.0,False,False,0->0,16,946,945,,
4706.0,False,False,0->0,16,1769,1769,,
4708.0,False,False,0->0,16,2163,2161,,
4709.0,False,False,0->0,16,871,871,,
4710.0,False,False,0->0,14,1716,1716,,
4711.0,False,False,0->0,16,1016,1015,,
4712.0,False,False,0->0,16,2555,2554,,
4713.0,False,False,0->0,16,950,950,,
4715.0,False,False,0->0,16,2037,2036,,
4717.0,False,False,0->0,16,1126,1124,,
4718.0,False,False,0->0,10,1352,1352,,
4719.0,False,False,0->0,16,1713,1712,,
4720.0,False,False,0->0,16,1588,1585,,
4721.0,False,False,0->0,16,1572,1570,,
4722.0,False,False,0->0,14,1565,1565,,
4723.0,False,False,0->0,16,1241,1239,,
4725.0,False,False,0->0,16,1667,1666,,
4726.0,False,False,0->0,16,909,907,,
4727.0,True,False,1->0,16,1946,1943,,
4728.0,False,False,0->0,16,485,485,,
4731.0,False,False,0->0,16,1507,1506,,
4733.0,False,False,0->0,16,1947,1945,,
4734.0,False,False,0->0,16,1633,1633,,
4735.0,False,False,0->0,16,1243,1242,,
4736.0,False,False,0->0,12,1672,1672,,
4738.0,False,False,0->0,16,2515,2515,,
4739.0,False,False,0->0,16,1380,1377,,
4741.0,False,False,0->0,16,1469,1469,,
4742.0,False,False,0->0,16,1844,1843,,
4744.0,False,False,0->0,16,1223,1223,,
4745.0,False,False,0->0,16,1012,1010,,
4746.0,False,False,0->0,16,1523,1522,,
4747.0,False,False,0->0,16,1441,1439,,
4748.0,False,False,0->0,16,1156,1153,,
4750.0,False,False,0->0,16,871,871,,
4751.0,False,False,0->0,16,876,873,,
4754.0,False,False,0->0,16,928,925,,
4755.0,False,False,0->0,16,1680,1679,,
4757.0,False,False,0->0,16,1092,1090,,
4759.0,False,False,0->0,10,1915,1915,,
4760.0,False,False,0->0,16,1829,1828,,
4761.0,False,False,0->0,16,2271,2269,,
4763.0,False,False,0->0,10,581,581,,
4764.0,False,False,0->0,16,1995,1994,,
4765.0,False,False,0->0,16,1779,1776,,
4766.0,False,False,0->0,16,1509,1508,,
4767.0,False,False,0->0,16,993,992,,
4768.0,False,False,0->0,16,1868,1866,,
4770.0,False,False,0->0,16,1345,1345,,
4772.0,False,False,0->0,10,1155,1155,,
4774.0,False,False,0->0,16,1901,1899,,
4775.0,False,False,0->0,16,1961,1960,,
4776.0,False,False,0->0,16,787,786,,
4778.0,False,False,0->0,16,1688,1686,,
4779.0,False,False,0->0,16,1530,1530,,
4780.0,False,False,0->0,16,1421,1421,,
4782.0,False,False,0->0,16,1434,1433,,
4783.0,False,False,0->0,16,1910,1909,,
4784.0,False,False,0->0,16,1371,1371,,
4785.0,False,False,0->0,8,2113,2113,,
4786.0,False,False,0->0,16,1246,1244,,
4787.0,False,False,0->0,16,1514,1512,,
4788.0,False,False,0->0,16,1076,1074,,
4789.0,False,False,0->0,16,1635,1635,,
4790.0,False,False,0->0,16,1519,1516,,
4791.0,False,False,0->0,16,1382,1380,,
4794.0,False,False,0->0,16,1748,1745,,
4797.0,False,False,0->0,16,1360,1358,,
4799.0,False,False,0->0,16,1932,1932,,
4800.0,False,False,0->0,16,1696,1696,,
4801.0,False,False,0->0,16,944,944,,
4804.0,False,False,0->0,16,1851,1851,,
4805.0,False,False,0->0,16,1461,1459,,
4806.0,False,False,0->0,16,1859,1858,,
4808.0,False,False,0->0,8,1901,1901,,
4809.0,False,False,0->0,16,940,939,,
4810.0,False,False,0->0,16,1572,1571,,
4812.0,False,False,0->0,16,1268,1268,,
4813.0,False,False,0->0,16,1504,1504,,
4814.0,False,False,0->0,16,1923,1921,,
4815.0,False,False,0->0,16,1682,1682,,
4816.0,False,False,0->0,16,968,966,,
4817.0,False,False,0->0,12,1326,1326,,
4818.0,False,False,0->0,16,2035,2033,,
4819.0,False,False,0->0,16,2179,2177,,
4820.0,False,False,0->0,16,1883,1881,,
4822.0,False,False,0->0,10,2092,2092,,
4823.0,False,False,0->0,16,1622,1622,,
4824.0,False,False,0->0,10,1172,1172,,
4825.0,False,False,0->0,16,1257,1255,,
4826.0,False,False,0->0,16,1869,1867,,
4827.0,False,False,0->0,16,1683,1681,,
4828.0,False,False,0->0,10,1997,1997,,
4829.0,False,False,0->0,16,2657,2656,,
4830.0,False,False,0->0,16,1287,1286,,
4831.0,False,False,0->0,16,779,778,,
4832.0,False,False,0->0,16,2071,2069,,
4833.0,False,False,0->0,16,1960,1959,,
4834.0,False,False,0->0,16,1199,1199,,
4836.0,False,False,0->0,16,1865,1865,,
4837.0,False,False,0->0,16,2438,2438,,
4838.0,False,False,0->0,16,1542,1542,,
4840.0,False,False,0->0,16,1128,1128,,
4841.0,False,False,0->0,16,1592,1591,,
4844.0,False,False,0->0,16,1109,1108,,
4845.0,False,False,0->0,16,1269,1269,,
4846.0,False,False,0->0,8,1680,1680,,
4847.0,False,False,0->0,16,2062,2062,,
4848.0,False,False,0->0,16,2367,2364,,
4849.0,False,False,0->0,10,1002,1002,,
4850.0,False,False,0->0,16,1881,1880,,
4851.0,False,False,0->0,16,1457,1457,,
4852.0,False,False,0->0,16,1118,1117,,
4853.0,False,False,0->0,16,2142,2141,,
4854.0,False,False,0->0,16,2176,2174,,
4855.0,False,False,0->0,10,1115,1115,,
4856.0,False,False,0->0,16,1285,1284,,
4857.0,False,False,0->0,16,2181,2178,,
4858.0,False,False,0->0,16,1359,1357,,
4859.0,False,False,0->0,14,880,880,,
4860.0,False,False,0->0,16,1384,1384,,
4861.0,False,False,0->0,14,1024,1024,,
4863.0,False,False,0->0,16,2388,2387,,
4864.0,False,False,0->0,16,1261,1260,,
4865.0,False,False,0->0,16,1644,1643,,
4866.0,False,False,0->0,16,1651,1651,,
4867.0,False,False,0->0,16,2444,2444,,
4869.0,False,False,0->0,16,1083,1081,,
4870.0,False,False,0->0,16,1484,1483,,
4871.0,False,False,0->0,16,1859,1859,,
4872.0,False,False,0->0,16,1462,1461,,
4873.0,False,False,0->0,16,958,958,,
4875.0,False,False,0->0,16,698,695,,
4876.0,False,False,0->0,16,909,908,,
4877.0,False,False,0->0,16,1696,1696,,
4878.0,False,False,0->0,16,1782,1780,,
4880.0,False,False,0->0,16,2254,2251,,
4881.0,False,False,0->0,16,1673,1672,,
4882.0,False,False,0->0,16,961,960,,
4888.0,False,False,0->0,14,2169,2169,,
4889.0,False,False,0->0,16,1868,1865,,
4890.0,False,False,0->0,16,2916,2915,,
4891.0,False,False,0->0,16,1397,1395,,
4892.0,False,False,0->0,16,1454,1451,,
4894.0,False,False,0->0,16,616,613,,
4895.0,False,False,0->0,16,2083,2082,,
4896.0,False,False,0->0,16,2040,2039,,
4897.0,False,False,0->0,16,859,858,,
4898.0,False,False,0->0,16,1167,1167,,
4899.0,False,False,0->0,16,2249,2249,,
4900.0,False,False,0->0,16,1988,1986,,
4901.0,False,False,0->0,16,1512,1512,,
4903.0,False,False,0->0,16,1010,1008,,
4904.0,False,False,0->0,16,2331,2330,,
4905.0,False,False,0->0,16,2249,2248,,
4906.0,False,False,0->0,16,2669,2668,,
4907.0,False,False,0->0,16,2775,2775,,
4909.0,False,False,0->0,16,1411,1408,,
4910.0,False,False,0->0,16,1133,1132,,
4911.0,False,False,0->0,16,1721,1719,,
4912.0,False,False,0->0,16,1037,1036,,
4914.0,False,False,0->0,10,1477,1477,,
4915.0,False,False,0->0,16,2352,2351,,
4916.0,False,False,0->0,16,1098,1098,,
4917.0,False,False,0->0,16,1546,1545,,
4919.0,False,False,0->0,10,2086,2086,,
4920.0,False,False,0->0,16,1248,1246,,
4921.0,False,False,0->0,16,1475,1473,,
4922.0,False,False,0->0,16,1125,1122,,
4923.0,False,False,0->0,16,1848,1846,,
4924.0,False,False,0->0,16,2051,2049,,
4926.0,False,False,0->0,16,2409,2408,,
4927.0,False,False,0->0,10,1831,1831,,
4930.0,False,False,0->0,16,1315,1315,,
4931.0,False,False,0->0,16,1938,1938,,
4932.0,False,False,0->0,16,1452,1452,,
4933.0,False,False,0->0,16,1462,1462,,
4935.0,False,False,0->0,16,1366,1366,,
4936.0,False,False,0->0,16,1644,1641,,
4937.0,False,False,0->0,16,1582,1581,,
4939.0,False,False,0->0,16,1515,1515,,
4940.0,False,False,0->0,16,2570,2570,,
4941.0,False,False,0->0,16,2277,2276,,
4942.0,False,False,0->0,16,1660,1658,,
4944.0,False,False,0->0,16,1528,1526,,
4946.0,False,False,0->0,14,2287,2287,,
4947.0,False,False,0->0,10,1304,1304,,
4948.0,False,False,0->0,16,1478,1477,,
4949.0,False,False,0->0,16,1537,1534,,
4950.0,False,False,0->0,16,2204,2204,,
4951.0,False,False,0->0,16,1266,1264,,
4952.0,False,False,0->0,16,1839,1838,,
4953.0,False,False,0->0,16,1698,1696,,
4954.0,False,False,0->0,8,2197,2197,,
4955.0,False,False,0->0,10,1204,1204,,
4957.0,False,False,0->0,16,1069,1069,,
4958.0,False,False,0->0,16,2475,2475,,
4959.0,False,False,0->0,8,1227,1227,,
4961.0,False,False,0->0,16,2470,2468,,
4962.0,False,False,0->0,16,2860,2859,,
4965.0,False,False,0->0,16,1510,1507,,
4966.0,False,False,0->0,16,1848,1845,,
4967.0,False,False,0->0,16,2343,2343,,
4968.0,False,False,0->0,14,1141,1141,,
4970.0,False,False,0->0,16,703,703,,
4971.0,False,False,0->0,16,991,991,,
4972.0,False,False,0->0,16,1286,1285,,
4973.0,False,False,0->0,16,1697,1694,,
4974.0,False,False,0->0,16,1502,1501,,
4979.0,False,False,0->0,16,723,722,,
4980.0,False,False,0->0,16,1497,1496,,
4981.0,False,False,0->0,16,1368,1368,,
4982.0,False,False,0->0,16,1574,1573,,
4983.0,False,False,0->0,16,2083,2081,,
4984.0,False,False,0->0,16,2014,2012,,
4985.0,False,False,0->0,16,1884,1882,,
4986.0,False,False,0->0,16,2472,2470,,
4987.0,False,False,0->0,16,1644,1644,,
4990.0,False,False,0->0,16,1505,1502,,
4991.0,False,False,0->0,16,2777,2775,,
4992.0,False,False,0->0,16,2171,2169,,
4993.0,False,False,0->0,16,1234,1233,,
4994.0,False,False,0->0,16,2194,2193,,
4995.0,False,False,0->0,16,1566,1564,,
4996.0,False,False,0->0,16,913,911,,
4998.0,False,False,0->0,16,765,765,,
4999.0,False,False,0->0,16,1621,1621,,
5000.0,False,False,0->0,16,1308,1307,,
5001.0,False,False,0->0,16,1788,1786,,
5002.0,False,False,0->0,16,1062,1060,,
5006.0,False,False,0->0,16,1812,1812,,
5009.0,False,False,0->0,16,1470,1468,,
5010.0,False,False,0->0,16,2965,2965,,
5011.0,False,False,0->0,16,537,537,,
5012.0,False,False,0->0,16,1189,1188,,
5013.0,False,False,0->0,16,2439,2438,,
5014.0,False,False,0->0,16,1649,1648,,
5015.0,False,False,0->0,16,1760,1759,,
5016.0,False,False,0->0,16,1280,1278,,
5017.0,False,False,0->0,16,2690,2688,,
5018.0,False,False,0->0,16,2344,2341,,
5019.0,False,False,0->0,16,2218,2213,,
5020.0,False,False,0->0,16,1710,1710,,
5022.0,False,False,0->0,16,1779,1779,,
5025.0,False,False,0->0,16,1848,1847,,
5026.0,False,False,0->0,16,1506,1506,,
5027.0,False,False,0->0,16,1486,1486,,
5028.0,False,False,0->0,16,2559,2559,,
5029.0,False,False,0->0,16,1263,1263,,
5031.0,False,False,0->0,16,1883,1883,,
5032.0,False,False,0->0,16,1396,1395,,
5033.0,False,False,0->0,16,2148,2146,,
5034.0,False,False,0->0,16,1602,1602,,
5036.0,False,False,0->0,16,1177,1175,,
5037.0,False,False,0->0,16,1958,1958,,
5038.0,False,False,0->0,16,1326,1323,,
5039.0,False,False,0->0,16,1774,1772,,
5040.0,False,False,0->0,16,1603,1601,,
5041.0,False,False,0->0,16,1713,1711,,
5043.0,False,False,0->0,16,1356,1354,,
5044.0,False,False,0->0,16,1692,1689,,
5047.0,False,False,0->0,16,1991,1989,,
5048.0,False,False,0->0,16,1540,1539,,
5049.0,False,False,0->0,16,1773,1772,,
5050.0,False,False,0->0,16,1855,1854,,
5051.0,False,False,0->0,16,989,989,,
5053.0,False,False,0->0,16,2218,2215,,
5054.0,False,False,0->0,16,1921,1919,,
5055.0,False,False,0->0,16,2002,2000,,
5056.0,False,False,0->0,16,1521,1519,,
5059.0,False,False,0->0,16,2315,2315,,
5061.0,False,False,0->0,16,1208,1206,,
5062.0,False,False,0->0,16,1110,1108,,
5063.0,False,False,0->0,16,2378,2375,,
5064.0,False,False,0->0,16,1158,1156,,
5065.0,False,False,0->0,16,1812,1812,,
5066.0,False,False,0->0,16,2612,2608,,
5067.0,False,False,0->0,16,1195,1194,,
5068.0,False,False,0->0,16,1784,1783,,
5072.0,False,False,0->0,12,1324,1324,,
5073.0,False,False,0->0,16,1037,1037,,
5074.0,False,False,0->0,16,2008,2008,,
5075.0,False,False,0->0,16,1065,1064,,
5076.0,False,False,0->0,16,1417,1415,,
5077.0,False,False,0->0,10,2421,2421,,
5078.0,False,False,0->0,16,1852,1851,,
5079.0,False,False,0->0,16,1357,1356,,
5081.0,False,False,0->0,16,1591,1591,,
5083.0,False,False,0->0,16,1755,1753,,
5084.0,False,False,0->0,16,2780,2778,,
5086.0,False,False,0->0,16,2594,2593,,
5087.0,False,False,0->0,16,1016,1016,,
5088.0,False,False,0->0,16,2461,2460,,
5089.0,False,False,0->0,16,1075,1075,,
5091.0,False,False,0->0,16,1544,1544,,
5092.0,False,False,0->0,16,1567,1567,,
5093.0,False,False,0->0,16,1328,1328,,
5095.0,False,False,0->0,16,1036,1034,,
5096.0,False,False,0->0,16,1492,1491,,
5097.0,False,False,0->0,16,1708,1708,,
5098.0,False,False,0->0,16,1437,1437,,
5099.0,False,False,0->0,16,1019,1019,,
5100.0,False,False,0->0,16,1657,1655,,
5102.0,False,False,0->0,16,1803,1802,,
5103.0,False,False,0->0,16,1943,1942,,
5104.0,False,False,0->0,10,1618,1618,,
5107.0,False,False,0->0,16,1126,1125,,
5108.0,False,False,0->0,16,1636,1635,,
5109.0,False,False,0->0,16,2214,2214,,
5111.0,False,False,0->0,16,1590,1589,,
5115.0,False,False,0->0,8,1071,1071,,
5116.0,False,False,0->0,16,1574,1573,,
5117.0,False,False,0->0,12,860,860,,
5118.0,False,False,0->0,16,1423,1421,,
5119.0,False,False,0->0,16,1979,1979,,
5120.0,False,False,0->0,12,2646,2646,,
5121.0,False,False,0->0,16,1028,1027,,
5122.0,False,False,0->0,16,1441,1441,,
5123.0,False,False,0->0,16,1535,1535,,
5125.0,False,False,0->0,10,2122,2122,,
5126.0,False,False,0->0,16,1221,1220,,
5129.0,False,False,0->0,16,558,556,,
5130.0,False,False,0->0,16,1461,1461,,
5133.0,False,False,0->0,14,948,948,,
5134.0,False,False,0->0,16,1186,1186,,
5135.0,False,False,0->0,16,1896,1894,,
5138.0,False,False,0->0,8,1044,1044,,
5139.0,False,False,0->0,16,2171,2170,,
5140.0,False,False,0->0,16,1364,1363,,
5141.0,False,False,0->0,16,1245,1245,,
5142.0,False,False,0->0,16,1090,1089,,
5143.0,False,False,0->0,16,1235,1233,,
5144.0,False,False,0->0,16,2783,2783,,
5146.0,False,False,0->0,16,2142,2141,,
5147.0,False,False,0->0,10,1556,1555,,
5148.0,False,False,0->0,16,1586,1586,,
5149.0,False,False,0->0,16,1148,1148,,
5150.0,False,False,0->0,16,1139,1138,,
5154.0,False,False,0->0,16,2211,2210,,
5155.0,False,False,0->0,16,1297,1295,,
5156.0,False,False,0->0,16,1958,1957,,
5157.0,False,False,0->0,16,1707,1707,,
5158.0,False,False,0->0,16,2407,2406,,
5159.0,False,False,0->0,16,1769,1767,,
5161.0,False,False,0->0,16,1241,1240,,
5162.0,False,False,0->0,16,2248,2248,,
5163.0,False,False,0->0,16,1497,1496,,
5165.0,False,False,0->0,16,1052,1052,,
5166.0,False,False,0->0,16,1167,1166,,
5169.0,False,False,0->0,16,2133,2132,,
5170.0,False,False,0->0,16,1298,1298,,
5171.0,False,False,0->0,16,1993,1990,,
5172.0,False,False,0->0,16,1639,1638,,
5173.0,False,False,0->0,16,2971,2969,,
5174.0,False,False,0->0,16,1702,1702,,
5175.0,False,False,0->0,16,2137,2134,,
5176.0,False,False,0->0,16,1828,1827,,
5177.0,False,False,0->0,16,1615,1615,,
5179.0,False,False,0->0,16,2302,2300,,
5182.0,False,False,0->0,16,1348,1347,,
5183.0,False,False,0->0,16,2211,2209,,
5184.0,False,False,0->0,16,1788,1786,,
5189.0,False,False,0->0,16,1266,1266,,
5191.0,False,False,0->0,16,1625,1624,,
5193.0,False,False,0->0,16,1521,1520,,
5194.0,False,False,0->0,16,1177,1174,,
5195.0,False,False,0->0,16,893,892,,
5197.0,False,False,0->0,16,1504,1503,,
5199.0,False,False,0->0,16,1232,1231,,
5200.0,False,False,0->0,16,1486,1483,,
5201.0,False,False,0->0,16,2267,2266,,
5203.0,False,False,0->0,16,1862,1861,,
5204.0,False,False,0->0,16,1046,1045,,
5206.0,False,False,0->0,16,2049,2046,,
5207.0,False,False,0->0,16,1891,1889,,
5209.0,False,False,0->0,16,1371,1368,,
5211.0,False,False,0->0,16,2422,2421,,
5212.0,False,False,0->0,16,1335,1333,,
5213.0,False,False,0->0,16,2154,2151,,
5214.0,False,False,0->0,16,2303,2302,,
5215.0,False,False,0->0,16,1769,1769,,
5216.0,False,False,0->0,16,1721,1721,,
5217.0,False,False,0->0,12,1497,1497,,
5219.0,False,False,0->0,16,1903,1902,,
5221.0,False,False,0->0,16,2033,2031,,
5222.0,False,False,0->0,16,1388,1388,,
5223.0,False,False,0->0,16,2160,2159,,
5225.0,False,False,0->0,16,1682,1682,,
5226.0,False,False,0->0,16,2874,2873,,
5227.0,True,False,1->0,16,1689,1687,,
5228.0,False,False,0->0,12,818,818,,
5229.0,False,False,0->0,16,1435,1435,,
5230.0,False,False,0->0,16,1195,1195,,
5231.0,False,False,0->0,16,1328,1328,,
5232.0,False,False,0->0,16,2123,2122,,
5233.0,False,False,0->0,16,1723,1721,,
5235.0,False,False,0->0,16,1674,1673,,
5236.0,False,False,0->0,16,1545,1545,,
5238.0,False,False,0->0,16,2109,2109,,
5239.0,False,False,0->0,16,1936,1935,,
5240.0,False,False,0->0,16,939,937,,
5241.0,False,False,0->0,16,2096,2096,,
5243.0,False,False,0->0,16,1806,1803,,
5245.0,False,False,0->0,16,2263,2262,,
5246.0,False,False,0->0,16,1670,1670,,
5247.0,False,False,0->0,10,1923,1923,,
5248.0,False,False,0->0,16,1481,1480,,
5249.0,False,False,0->0,16,1305,1305,,
5250.0,False,False,0->0,16,1219,1217,,
5251.0,False,False,0->0,16,2115,2115,,
5252.0,False,False,0->0,10,1198,1198,,
5253.0,False,False,0->0,16,1182,1182,,
5255.0,False,False,0->0,10,1417,1417,,
5256.0,False,False,0->0,16,1007,1007,,
5258.0,False,False,0->0,16,1873,1872,,
5259.0,False,False,0->0,16,3153,3152,,
5260.0,False,False,0->0,16,1630,1628,,
5261.0,False,False,0->0,16,667,666,,
5263.0,False,False,0->0,16,2387,2385,,
5264.0,False,False,0->0,16,1720,1718,,
5265.0,False,False,0->0,16,1694,1693,,
5266.0,False,False,0->0,16,764,764,,
5267.0,False,False,0->0,10,1404,1404,,
5268.0,False,False,0->0,16,1285,1284,,
5270.0,False,False,0->0,16,1643,1641,,
5271.0,False,False,0->0,16,2155,2154,,
5272.0,False,False,0->0,16,1935,1935,,
5273.0,False,False,0->0,16,1498,1496,,
5274.0,False,False,0->0,16,1544,1543,,
5275.0,False,False,0->0,16,1128,1128,,
5276.0,False,False,0->0,16,1371,1370,,
5277.0,False,False,0->0,16,1740,1738,,
5278.0,False,False,0->0,16,1819,1818,,
5280.0,False,False,0->0,16,1664,1663,,
5281.0,False,False,0->0,16,1944,1944,,
5282.0,False,False,0->0,10,2195,2194,,
5283.0,False,False,0->0,16,1825,1822,,
5286.0,False,False,0->0,16,1898,1896,,
5288.0,False,False,0->0,16,1741,1740,,
5291.0,False,False,0->0,16,1043,1042,,
5296.0,False,False,0->0,16,1556,1556,,
5297.0,False,False,0->0,14,1714,1714,,
5298.0,False,False,0->0,16,2235,2234,,
5299.0,False,False,0->0,16,1927,1922,,
5300.0,False,False,0->0,16,1844,1844,,
5301.0,False,False,0->0,16,1316,1314,,
5302.0,False,False,0->0,16,1597,1597,,
5304.0,False,False,0->0,16,1165,1164,,
5305.0,False,False,0->0,16,2299,2297,,
5306.0,False,False,0->0,16,2205,2204,,
5308.0,False,False,0->0,16,1471,1470,,
5309.0,False,False,0->0,16,1739,1737,,
5310.0,False,False,0->0,16,1987,1985,,
5311.0,False,False,0->0,16,1401,1401,,
5312.0,False,False,0->0,16,1519,1518,,
5313.0,False,False,0->0,16,1056,1054,,
5314.0,False,False,0->0,16,1727,1725,,
5315.0,False,False,0->0,16,1724,1724,,
5317.0,False,False,0->0,10,1614,1614,,
5319.0,False,False,0->0,16,954,953,,
5320.0,False,False,0->0,16,1429,1427,,
5322.0,False,False,0->0,16,2043,2041,,
5323.0,False,False,0->0,16,1258,1256,,
5324.0,False,False,0->0,16,1573,1572,,
5327.0,False,False,0->0,16,2269,2268,,
5330.0,False,False,0->0,16,1875,1872,,
5332.0,False,False,0->0,16,2038,2038,,
5333.0,False,False,0->0,16,919,918,,
5335.0,False,False,0->0,16,1754,1750,,
5336.0,False,False,0->0,10,1048,1048,,
5337.0,False,False,0->0,16,1287,1284,,
5338.0,False,False,0->0,16,1824,1823,,
5339.0,False,False,0->0,16,1589,1589,,
5340.0,False,False,0->0,16,1430,1430,,
5341.0,False,False,0->0,16,1430,1427,,
5346.0,False,False,0->0,16,1536,1534,,
5347.0,False,False,0->0,16,1426,1424,,
5348.0,False,False,0->0,16,1928,1928,,
5349.0,False,False,0->0,16,2956,2955,,
5350.0,False,False,0->0,16,1105,1105,,
5354.0,False,False,0->0,16,1422,1422,,
5357.0,False,False,0->0,16,1767,1767,,
5358.0,False,False,0->0,16,1414,1414,,
5359.0,False,False,0->0,16,1392,1391,,
5360.0,False,False,0->0,16,503,502,,
5362.0,False,False,0->0,16,612,610,,
5363.0,False,False,0->0,16,1902,1899,,
5364.0,False,False,0->0,16,1112,1111,,
5366.0,False,False,0->0,16,1061,1059,,
5367.0,False,False,0->0,12,1774,1773,,
5368.0,False,False,0->0,16,2104,2104,,
5369.0,False,False,0->0,16,1832,1831,,
5372.0,False,False,0->0,14,1483,1483,,
5374.0,False,False,0->0,16,2253,2253,,
5375.0,False,False,0->0,16,1177,1177,,
5376.0,False,False,0->0,16,1290,1288,,
5379.0,False,False,0->0,16,1338,1336,,
5381.0,False,False,0->0,16,1003,1000,,
5382.0,False,False,0->0,10,756,756,,
5385.0,False,False,0->0,16,1042,1040,,
5387.0,False,False,0->0,16,1431,1429,,
5388.0,False,False,0->0,16,1974,1972,,
5389.0,False,False,0->0,16,1154,1151,,
5390.0,False,False,0->0,16,1766,1764,,
5392.0,False,False,0->0,16,1933,1932,,
5393.0,False,False,0->0,10,1937,1937,,
5394.0,False,False,0->0,16,2267,2266,,
5395.0,False,False,0->0,16,1234,1234,,
5396.0,False,False,0->0,16,1438,1437,,
5397.0,False,False,0->0,16,766,764,,
5401.0,False,False,0->0,16,868,868,,
5403.0,False,False,0->0,16,1464,1463,,
5404.0,False,False,0->0,16,1036,1035,,
5406.0,False,False,0->0,16,1633,1633,,
5407.0,False,False,0->0,16,1490,1489,,
5408.0,False,False,0->0,16,1766,1762,,
5409.0,False,False,0->0,16,2197,2195,,
5410.0,False,False,0->0,16,1814,1813,,
5411.0,False,False,0->0,16,2519,2516,,
5412.0,False,False,0->0,16,1060,1058,,
5416.0,False,False,0->0,16,1505,1503,,
5418.0,False,False,0->0,16,1294,1292,,
5421.0,False,False,0->0,16,994,994,,
5424.0,False,False,0->0,16,1958,1956,,
5425.0,False,False,0->0,16,2053,2052,,
5426.0,False,False,0->0,16,1332,1332,,
5427.0,False,False,0->0,16,1768,1764,,
5428.0,False,False,0->0,16,1892,1890,,
5430.0,False,False,0->0,16,1839,1838,,
5432.0,False,False,0->0,16,1226,1225,,
5433.0,False,False,0->0,16,1378,1377,,
5435.0,False,False,0->0,16,797,796,,
5436.0,False,False,0->0,16,1692,1692,,
5437.0,False,False,0->0,16,1159,1159,,
5438.0,False,False,0->0,16,1094,1094,,
5441.0,False,False,0->0,16,1113,1111,,
5442.0,False,False,0->0,16,1080,1079,,
5443.0,False,False,0->0,14,1929,1929,,
5445.0,False,False,0->0,16,1847,1846,,
5446.0,False,False,0->0,16,1413,1411,,
5447.0,False,False,0->0,16,1565,1565,,
5451.0,False,False,0->0,16,2066,2064,,
5456.0,False,False,0->0,16,1876,1875,,
5457.0,False,False,0->0,16,1518,1517,,
5458.0,False,False,0->0,8,1394,1394,,
5459.0,False,False,0->0,16,2336,2333,,
5460.0,False,False,0->0,16,2312,2310,,
5461.0,False,False,0->0,10,2657,2656,,
5462.0,False,False,0->0,16,1212,1211,,
5463.0,False,False,0->0,16,2047,2046,,
5464.0,False,False,0->0,16,2248,2247,,
5465.0,False,False,0->0,16,1481,1479,,
5466.0,False,False,0->0,16,1484,1484,,
5467.0,False,False,0->0,16,2591,2590,,
5468.0,False,False,0->0,16,1463,1462,,
5469.0,False,False,0->0,16,1806,1800,,
5470.0,False,False,0->0,16,937,937,,
5471.0,False,False,0->0,16,926,924,,
5473.0,False,False,0->0,16,1291,1290,,
5474.0,False,False,0->0,16,1605,1604,,
5476.0,False,False,0->0,16,2334,2331,,
5479.0,False,False,0->0,16,2327,2324,,
5480.0,False,False,0->0,16,1265,1264,,
5481.0,False,False,0->0,16,1491,1491,,
5482.0,False,False,0->0,16,2199,2199,,
5483.0,False,False,0->0,16,2209,2209,,
5484.0,False,False,0->0,16,1821,1820,,
5486.0,False,False,0->0,16,1520,1518,,
5487.0,False,False,0->0,16,1667,1667,,
5488.0,False,False,0->0,16,2068,2066,,
5490.0,True,False,1->0,16,1956,1950,,
5492.0,False,False,0->0,16,1902,1901,,
5493.0,False,False,0->0,16,2200,2200,,
5494.0,False,False,0->0,16,1559,1558,,
5495.0,False,False,0->0,16,1799,1795,,
5496.0,False,False,0->0,16,1130,1127,,
5498.0,False,False,0->0,16,688,687,,
5499.0,False,False,0->0,16,1716,1713,,
5500.0,False,False,0->0,16,1471,1469,,
5502.0,False,False,0->0,16,1004,1003,,
5505.0,False,False,0->0,16,1574,1574,,
5506.0,False,False,0->0,16,1594,1592,,
5507.0,False,False,0->0,16,1529,1528,,
5508.0,False,False,0->0,16,1618,1616,,
5509.0,False,False,0->0,16,2645,2641,,
5510.0,False,False,0->0,16,1331,1330,,
5511.0,False,False,0->0,16,2008,2006,,
5512.0,False,False,0->0,16,1182,1181,,
5513.0,False,False,0->0,16,1269,1269,,
5516.0,False,False,0->0,16,2295,2294,,
5517.0,False,False,0->0,16,2007,2007,,
5518.0,False,False,0->0,16,2082,2080,,
5520.0,False,False,0->0,16,883,883,,
5522.0,False,False,0->0,8,792,792,,
5523.0,False,False,0->0,10,644,644,,
5526.0,False,False,0->0,16,1112,1111,,
5527.0,False,False,0->0,16,1409,1408,,
5528.0,False,False,0->0,16,1821,1819,,
5529.0,False,False,0->0,16,1303,1303,,
5530.0,False,False,0->0,16,1140,1139,,
5531.0,False,False,0->0,16,2555,2555,,
5532.0,False,False,0->0,16,2189,2189,,
5533.0,False,False,0->0,16,1679,1677,,
5534.0,False,False,0->0,16,1448,1446,,
5535.0,False,False,0->0,10,2372,2372,,
5536.0,False,False,0->0,16,1787,1787,,
5537.0,False,False,0->0,16,1433,1431,,
5538.0,False,False,0->0,10,1418,1418,,
5539.0,False,False,0->0,16,2213,2209,,
5540.0,False,False,0->0,16,2603,2601,,
5541.0,False,False,0->0,16,1601,1598,,
5542.0,False,False,0->0,16,1109,1109,,
5543.0,False,False,0->0,16,1941,1941,,
5544.0,False,False,0->0,16,838,837,,
5546.0,False,False,0->0,16,1577,1575,,
5547.0,False,False,0->0,16,1988,1988,,
5548.0,False,False,0->0,16,2155,2155,,
5549.0,False,False,0->0,16,2350,2350,,
5550.0,False,False,0->0,16,1440,1438,,
5551.0,False,False,0->0,16,1708,1705,,
5553.0,False,False,0->0,12,1713,1713,,
5555.0,False,False,0->0,16,1215,1214,,
5556.0,False,False,0->0,16,1181,1181,,
5557.0,False,False,0->0,16,1417,1417,,
5558.0,False,False,0->0,16,2133,2130,,
5559.0,False,False,0->0,16,1294,1293,,
5560.0,False,False,0->0,10,1360,1360,,
5562.0,False,False,0->0,16,1079,1079,,
5563.0,False,False,0->0,16,1326,1326,,
5564.0,False,False,0->0,16,1624,1623,,
5565.0,False,False,0->0,16,1374,1373,,
5566.0,False,False,0->0,16,2065,2065,,
5567.0,False,False,0->0,16,1301,1301,,
5568.0,False,False,0->0,16,1169,1169,,
5570.0,False,False,0->0,16,1095,1092,,
5571.0,False,False,0->0,16,1429,1428,,
5572.0,False,False,0->0,16,1208,1208,,
5573.0,False,False,0->0,16,1699,1699,,
5574.0,False,False,0->0,16,2268,2265,,
5575.0,False,False,0->0,16,1146,1146,,
5576.0,False,False,0->0,16,2288,2288,,
5577.0,False,False,0->0,16,1407,1406,,
5578.0,False,False,0->0,16,1668,1668,,
5579.0,False,False,0->0,16,1446,1446,,
5580.0,False,False,0->0,16,800,800,,
5582.0,False,False,0->0,16,1404,1404,,
5583.0,False,False,0->0,16,1411,1408,,
5584.0,False,False,0->0,16,1596,1593,,
5585.0,False,False,0->0,12,1211,1211,,
5586.0,False,False,0->0,16,1433,1433,,
5590.0,False,False,0->0,16,1180,1180,,
5591.0,False,False,0->0,16,1853,1851,,
5592.0,False,False,0->0,16,1965,1965,,
5594.0,False,False,0->0,16,1438,1437,,
5595.0,False,False,0->0,16,1130,1130,,
5596.0,False,False,0->0,16,1743,1741,,
5597.0,False,False,0->0,16,1249,1248,,
5599.0,False,False,0->0,16,1245,1245,,
5600.0,False,False,0->0,16,850,850,,
5603.0,False,False,0->0,16,2316,2316,,
5604.0,False,False,0->0,16,730,728,,
5605.0,False,False,0->0,16,1180,1179,,
5607.0,False,False,0->0,16,1701,1701,,
5610.0,False,False,0->0,16,694,693,,
5612.0,False,False,0->0,16,2168,2166,,
5614.0,False,False,0->0,16,2269,2265,,
5615.0,False,False,0->0,16,2401,2399,,
5616.0,False,False,0->0,16,1952,1951,,
5618.0,False,False,0->0,16,1798,1797,,
5619.0,False,False,0->0,16,1621,1620,,
5620.0,False,False,0->0,16,1535,1534,,
5621.0,False,False,0->0,16,1238,1237,,
5623.0,False,False,0->0,16,1641,1641,,
5625.0,False,False,0->0,16,2345,2344,,
5627.0,False,False,0->0,16,1847,1845,,
5628.0,False,False,0->0,16,2282,2280,,
5629.0,False,False,0->0,16,1108,1108,,
5631.0,False,False,0->0,16,1738,1738,,
5632.0,False,False,0->0,10,1743,1743,,
5633.0,False,False,0->0,16,1568,1568,,
5634.0,False,False,0->0,10,2329,2329,,
5635.0,False,False,0->0,16,1090,1086,,
5636.0,False,False,0->0,16,649,648,,
5638.0,False,False,0->0,16,2242,2241,,
5640.0,False,False,0->0,16,1900,1898,,
5641.0,False,False,0->0,16,1914,1912,,
5642.0,False,False,0->0,16,2022,2021,,
5643.0,False,False,0->0,16,1213,1213,,
5644.0,False,False,0->0,16,1450,1449,,
5645.0,False,False,0->0,16,1527,1526,,
5647.0,False,False,0->0,16,966,965,,
5648.0,False,False,0->0,16,1959,1958,,
5649.0,False,False,0->0,16,1609,1607,,
5650.0,False,False,0->0,16,1211,1210,,
5651.0,False,False,0->0,16,1073,1072,,
5654.0,False,False,0->0,16,2024,2024,,
5655.0,False,False,0->0,16,734,731,,
5656.0,False,False,0->0,16,1383,1382,,
5658.0,False,False,0->0,16,585,584,,
5659.0,False,False,0->0,16,1593,1591,,
5660.0,False,False,0->0,16,1739,1739,,
5661.0,False,False,0->0,16,1751,1750,,
5662.0,False,False,0->0,10,1307,1307,,
5664.0,False,False,0->0,16,1691,1691,,
5666.0,False,False,0->0,16,1645,1644,,
5667.0,False,False,0->0,16,2552,2551,,
5668.0,False,False,0->0,16,2406,2405,,
5669.0,False,False,0->0,16,1705,1705,,
5670.0,False,False,0->0,16,2166,2164,,
5672.0,False,False,0->0,14,1014,1014,,
5673.0,False,False,0->0,16,1170,1169,,
5675.0,False,False,0->0,16,2256,2256,,
5676.0,False,False,0->0,16,2269,2268,,
5677.0,False,False,0->0,16,1088,1087,,
5680.0,False,False,0->0,16,1675,1673,,
5682.0,False,False,0->0,16,1870,1870,,
5683.0,False,False,0->0,16,1280,1279,,
5684.0,False,False,0->0,14,679,679,,
5685.0,False,False,0->0,16,1403,1403,,
5686.0,False,False,0->0,16,1122,1122,,
5687.0,False,False,0->0,16,1590,1588,,
5688.0,False,False,0->0,16,1016,1016,,
5689.0,False,False,0->0,16,2193,2191,,
5692.0,False,False,0->0,16,1458,1457,,
5693.0,False,False,0->0,16,1474,1472,,
5695.0,False,False,0->0,16,1193,1193,,
5696.0,False,False,0->0,16,1304,1304,,
5698.0,False,False,0->0,16,2916,2915,,
5703.0,False,False,0->0,16,1701,1700,,
5704.0,False,False,0->0,16,2020,2018,,
5707.0,False,False,0->0,16,913,911,,
5708.0,False,False,0->0,16,1960,1960,,
5709.0,False,False,0->0,16,2347,2346,,
5711.0,False,False,0->0,10,2149,2149,,
5712.0,False,False,0->0,16,2022,2022,,
5713.0,False,False,0->0,16,1357,1355,,
5715.0,False,False,0->0,16,1656,1656,,
5716.0,False,False,0->0,16,849,849,,
5717.0,False,False,0->0,16,1686,1683,,
5718.0,False,False,0->0,10,1909,1909,,
5719.0,False,False,0->0,16,1567,1565,,
5720.0,False,False,0->0,16,1977,1975,,
5722.0,False,False,0->0,8,1395,1395,,
5723.0,False,False,0->0,10,2770,2769,,
5724.0,False,False,0->0,16,2449,2445,,
5725.0,False,False,0->0,16,1030,1026,,
5726.0,False,False,0->0,16,2706,2704,,
5727.0,False,False,0->0,16,2135,2135,,
5728.0,False,False,0->0,16,2280,2280,,
5729.0,False,False,0->0,16,1311,1309,,
5730.0,False,False,0->0,16,2253,2253,,
5731.0,False,False,0->0,16,1460,1458,,
5732.0,False,False,0->0,16,850,850,,
5734.0,False,False,0->0,16,1321,1319,,
5736.0,False,False,0->0,16,1834,1834,,
5737.0,False,False,0->0,16,1652,1650,,
5738.0,False,False,0->0,16,2531,2529,,
5740.0,False,False,0->0,16,1813,1811,,
5745.0,False,False,0->0,16,1956,1954,,
5746.0,False,False,0->0,8,1574,1574,,
5748.0,False,False,0->0,16,2361,2359,,
5749.0,False,False,0->0,16,1095,1094,,
5752.0,False,False,0->0,16,783,783,,
5753.0,False,False,0->0,16,2546,2546,,
5754.0,False,False,0->0,16,1934,1933,,
5755.0,False,False,0->0,16,1825,1824,,
5756.0,False,False,0->0,16,1280,1280,,
5758.0,False,False,0->0,8,1912,1911,,
5759.0,False,False,0->0,16,2380,2378,,
5762.0,False,False,0->0,16,2165,2164,,
5763.0,False,False,0->0,16,2290,2290,,
5764.0,False,False,0->0,16,2386,2385,,
5765.0,False,False,0->0,16,1159,1157,,
5766.0,False,False,0->0,16,1395,1393,,
5767.0,False,False,0->0,16,1798,1798,,
5769.0,False,False,0->0,16,2402,2401,,
5770.0,False,False,0->0,16,1652,1650,,
5771.0,False,False,0->0,16,814,814,,
5772.0,False,False,0->0,16,2499,2499,,
5773.0,False,False,0->0,16,1369,1368,,
5774.0,False,False,0->0,16,2065,2064,,
5775.0,False,False,0->0,16,2203,2202,,
5776.0,False,False,0->0,16,2203,2202,,
5777.0,False,False,0->0,16,1494,1494,,
5779.0,False,False,0->0,16,978,978,,
5781.0,False,False,0->0,16,1698,1695,,
5782.0,False,False,0->0,16,1386,1383,,
5784.0,False,False,0->0,16,1549,1549,,
5785.0,False,False,0->0,16,2069,2067,,
5788.0,False,False,0->0,16,866,865,,
5789.0,False,False,0->0,16,833,830,,
5790.0,False,False,0->0,14,1322,1322,,
5792.0,False,False,0->0,16,2256,2255,,
5793.0,False,False,0->0,12,1020,1020,,
5794.0,False,False,0->0,16,1746,1745,,
5795.0,False,False,0->0,16,1991,1988,,
5796.0,False,False,0->0,16,1537,1534,,
5797.0,False,False,0->0,16,1816,1814,,
5798.0,False,False,0->0,16,1327,1325,,
5799.0,False,False,0->0,16,1436,1435,,
5800.0,False,False,0->0,16,2976,2973,,
5803.0,False,False,0->0,16,1635,1633,,
5805.0,False,False,0->0,16,1560,1559,,
5806.0,False,False,0->0,16,1435,1433,,
5807.0,False,False,0->0,16,1808,1807,,
5810.0,False,False,0->0,16,2480,2477,,
5811.0,False,False,0->0,16,1674,1673,,
5812.0,False,False,0->0,16,1529,1527,,
5813.0,False,False,0->0,16,1690,1688,,
5815.0,False,False,0->0,16,1585,1584,,
5816.0,False,False,0->0,10,1304,1304,,
5817.0,False,False,0->0,16,1804,1803,,
5819.0,False,False,0->0,16,1443,1442,,
5820.0,False,False,0->0,16,1448,1447,,
5821.0,False,False,0->0,16,1601,1600,,
5824.0,False,False,0->0,16,928,926,,
5826.0,False,False,0->0,16,1537,1536,,
5827.0,False,False,0->0,16,2305,2303,,
5828.0,False,False,0->0,16,1724,1722,,
5829.0,False,False,0->0,16,855,853,,
5831.0,False,False,0->0,16,1601,1600,,
5832.0,False,False,0->0,16,2106,2105,,
5833.0,False,False,0->0,16,1587,1584,,
5835.0,False,False,0->0,16,1425,1425,,
5836.0,False,False,0->0,16,1641,1640,,
5837.0,False,False,0->0,16,1170,1168,,
5838.0,False,False,0->0,16,1862,1860,,
5839.0,False,False,0->0,16,2623,2621,,
5841.0,False,False,0->0,16,1711,1710,,
5842.0,False,False,0->0,16,1818,1818,,
5843.0,False,False,0->0,16,1482,1480,,
5844.0,False,False,0->0,16,1053,1053,,
5845.0,False,False,0->0,16,1343,1342,,
5846.0,False,False,0->0,16,1078,1077,,
5848.0,False,False,0->0,16,1411,1411,,
5850.0,False,False,0->0,16,1587,1587,,
5851.0,False,False,0->0,16,1463,1461,,
5854.0,False,False,0->0,16,1933,1933,,
5855.0,False,False,0->0,16,1212,1211,,
5857.0,False,False,0->0,16,1403,1402,,
5859.0,False,False,0->0,16,1840,1838,,
5860.0,False,False,0->0,16,1221,1220,,
5861.0,False,False,0->0,16,1118,1116,,
5862.0,False,False,0->0,16,1764,1764,,
5863.0,False,False,0->0,16,2526,2524,,
5864.0,False,False,0->0,16,1917,1915,,
5865.0,False,False,0->0,16,1334,1332,,
5866.0,False,False,0->0,16,1431,1431,,
5867.0,False,False,0->0,16,1779,1779,,
5868.0,False,False,0->0,16,925,924,,
5870.0,False,False,0->0,16,2179,2178,,
5871.0,False,False,0->0,16,1606,1606,,
5873.0,False,False,0->0,16,1828,1828,,
5874.0,False,False,0->0,12,1561,1560,,
5875.0,False,False,0->0,16,1247,1245,,
5877.0,False,False,0->0,16,1194,1193,,
5879.0,False,False,0->0,16,1056,1055,,
5881.0,False,False,0->0,16,854,852,,
5883.0,False,False,0->0,16,2332,2331,,
5885.0,False,False,0->0,16,1370,1370,,
5886.0,False,False,0->0,16,592,590,,
5887.0,False,False,0->0,16,922,919,,
5889.0,False,False,0->0,16,1465,1465,,
5890.0,False,False,0->0,16,1500,1498,,
5891.0,False,False,0->0,16,1134,1133,,
5893.0,False,False,0->0,14,2489,2489,,
5894.0,False,False,0->0,16,1181,1178,,
5895.0,False,False,0->0,16,1188,1186,,
5896.0,False,False,0->0,16,2391,2390,,
5897.0,False,False,0->0,16,1526,1524,,
5898.0,False,False,0->0,16,723,721,,
5900.0,False,False,0->0,10,1569,1569,,
5901.0,False,False,0->0,16,997,995,,
5902.0,False,False,0->0,16,2320,2320,,
5903.0,False,False,0->0,16,1847,1846,,
5904.0,False,False,0->0,16,1977,1975,,
5905.0,False,False,0->0,16,1284,1281,,
5908.0,False,False,0->0,16,1508,1507,,
5909.0,False,False,0->0,16,2144,2144,,
5911.0,False,False,0->0,16,1787,1787,,
5913.0,False,False,0->0,16,2152,2150,,
5914.0,False,False,0->0,16,1658,1657,,
5915.0,False,False,0->0,16,1545,1542,,
5917.0,False,False,0->0,16,717,716,,
5919.0,False,False,0->0,16,1469,1468,,
5920.0,False,False,0->0,16,2693,2692,,
5921.0,False,False,0->0,16,2628,2628,,
5922.0,False,False,0->0,16,1346,1343,,
5923.0,False,False,0->0,16,882,881,,
5924.0,False,False,0->0,16,2213,2211,,
5927.0,False,False,0->0,16,1216,1215,,
5928.0,False,False,0->0,16,2742,2742,,
5929.0,False,False,0->0,16,1652,1651,,
5932.0,False,False,0->0,16,1621,1620,,
5933.0,False,False,0->0,16,817,816,,
5934.0,False,False,0->0,16,831,830,,
5935.0,False,False,0->0,10,1444,1444,,
5936.0,False,False,0->0,16,1251,1251,,
5937.0,False,False,0->0,16,2419,2417,,
5938.0,False,False,0->0,10,2123,2123,,
5939.0,False,False,0->0,16,1556,1555,,
5940.0,False,False,0->0,16,1798,1797,,
5941.0,False,False,0->0,12,1862,1862,,
5942.0,False,False,0->0,16,1440,1438,,
5944.0,False,False,0->0,16,2307,2306,,
5946.0,False,False,0->0,16,1944,1942,,
5948.0,False,False,0->0,16,1525,1525,,
5950.0,False,False,0->0,16,1662,1661,,
5951.0,False,False,0->0,16,1443,1443,,
5952.0,False,False,0->0,16,1622,1620,,
5954.0,False,False,0->0,16,2087,2086,,
5955.0,False,False,0->0,16,1951,1950,,
5956.0,False,False,0->0,14,1649,1649,,
5958.0,False,False,0->0,16,1845,1843,,
5959.0,False,False,0->0,16,933,931,,
5960.0,False,False,0->0,10,717,717,,
5961.0,False,False,0->0,16,1002,1000,,
5963.0,False,False,0->0,16,1381,1380,,
5964.0,False,False,0->0,16,1891,1888,,
5965.0,False,False,0->0,16,2261,2261,,
5966.0,False,False,0->0,16,1036,1034,,
5967.0,False,False,0->0,16,1148,1148,,
5968.0,False,False,0->0,8,1665,1665,,
5970.0,False,False,0->0,8,773,773,,
5971.0,False,False,0->0,14,1205,1205,,
5972.0,False,False,0->0,14,2953,2952,,
5973.0,False,False,0->0,16,2385,2384,,
5975.0,False,False,0->0,16,1226,1226,,
5976.0,False,False,0->0,16,1158,1157,,
5977.0,False,False,0->0,16,962,961,,
5978.0,False,False,0->0,16,1868,1868,,
5981.0,False,False,0->0,16,1548,1548,,
5982.0,False,False,0->0,16,1784,1784,,
5983.0,False,False,0->0,16,965,962,,
5984.0,False,False,0->0,16,1060,1058,,
5985.0,False,False,0->0,16,2875,2874,,
5986.0,False,False,0->0,16,1022,1021,,
5988.0,False,False,0->0,16,1477,1475,,
5989.0,False,False,0->0,16,1053,1053,,
5990.0,False,False,0->0,16,1349,1348,,
5992.0,False,False,0->0,16,1808,1808,,
5993.0,False,False,0->0,16,1776,1775,,
5994.0,False,False,0->0,16,1625,1624,,
5995.0,False,False,0->0,16,1666,1666,,
5997.0,False,False,0->0,16,1499,1497,,
6002.0,False,False,0->0,16,1427,1425,,
6004.0,False,False,0->0,16,1273,1271,,
6005.0,False,False,0->0,16,1662,1657,,
6006.0,False,False,0->0,8,1036,1036,,
6008.0,False,False,0->0,16,1594,1592,,
6010.0,False,False,0->0,16,1454,1453,,
6012.0,False,False,0->0,16,1731,1728,,
6013.0,False,False,0->0,16,1598,1596,,
6014.0,False,False,0->0,16,1852,1851,,
6015.0,False,False,0->0,16,2433,2433,,
6016.0,False,False,0->0,16,2090,2089,,
6017.0,False,False,0->0,16,2495,2494,,
6018.0,False,False,0->0,16,1759,1758,,
6019.0,False,False,0->0,16,1440,1438,,
6020.0,False,False,0->0,16,1132,1131,,
6022.0,False,False,0->0,16,2319,2318,,
6023.0,False,False,0->0,16,1762,1759,,
6024.0,False,False,0->0,16,1596,1596,,
6025.0,False,False,0->0,16,1804,1803,,
6026.0,False,False,0->0,16,2409,2407,,
6027.0,False,False,0->0,16,1313,1312,,
6029.0,False,False,0->0,16,1385,1383,,
6030.0,False,False,0->0,16,2007,2007,,
6034.0,False,False,0->0,16,1717,1715,,
6035.0,False,False,0->0,16,2045,2045,,
6036.0,False,False,0->0,16,1667,1666,,
6037.0,False,False,0->0,16,2133,2132,,
6039.0,False,False,0->0,16,2794,2793,,
6040.0,False,False,0->0,16,2616,2615,,
6041.0,False,False,0->0,16,1048,1046,,
6042.0,False,False,0->0,16,2010,2009,,
6043.0,False,False,0->0,10,2050,2050,,
6044.0,False,False,0->0,16,2492,2489,,
6045.0,False,False,0->0,16,1453,1453,,
6046.0,False,False,0->0,16,2044,2044,,
6047.0,False,False,0->0,16,1653,1653,,
6048.0,False,False,0->0,10,1773,1773,,
6050.0,False,False,0->0,10,1997,1997,,
6051.0,False,False,0->0,16,1583,1581,,
6053.0,False,False,0->0,16,1379,1379,,
6054.0,False,False,0->0,16,2035,2033,,
6055.0,False,False,0->0,16,1199,1198,,
6056.0,False,False,0->0,16,1840,1838,,
6057.0,False,False,0->0,16,1883,1880,,
6058.0,False,False,0->0,16,1791,1790,,
6059.0,False,False,0->0,16,2182,2179,,
6060.0,False,False,0->0,16,2024,2021,,
6061.0,False,False,0->0,10,1304,1304,,
6062.0,False,False,0->0,16,2806,2806,,
6064.0,False,False,0->0,16,2217,2216,,
6065.0,False,False,0->0,16,1577,1576,,
6067.0,False,False,0->0,16,2038,2036,,
6068.0,False,False,0->0,16,2159,2158,,
6069.0,False,False,0->0,16,1612,1612,,
6070.0,False,False,0->0,16,899,897,,
6072.0,False,False,0->0,16,1239,1239,,
6075.0,False,False,0->0,10,1142,1142,,
6076.0,False,False,0->0,16,1543,1541,,
6077.0,False,False,0->0,16,978,977,,
6078.0,False,False,0->0,16,1015,1013,,
6079.0,False,False,0->0,16,1040,1039,,
6080.0,False,False,0->0,16,1340,1339,,
6082.0,False,False,0->0,16,2021,2020,,
6083.0,False,False,0->0,16,995,994,,
6084.0,False,False,0->0,16,2635,2634,,
6085.0,False,False,0->0,16,1357,1355,,
6086.0,False,False,0->0,16,2626,2624,,
6087.0,False,False,0->0,16,1495,1494,,
6088.0,False,False,0->0,16,2349,2347,,
6089.0,False,False,0->0,16,1330,1328,,
6092.0,False,False,0->0,16,1541,1541,,
6095.0,False,False,0->0,16,1595,1595,,
6096.0,False,False,0->0,16,1731,1731,,
6097.0,False,False,0->0,16,2198,2198,,
6099.0,False,False,0->0,16,1514,1513,,
6101.0,False,False,0->0,16,1676,1674,,
6103.0,False,False,0->0,16,1275,1274,,
6105.0,False,False,0->0,10,1296,1296,,
6107.0,False,False,0->0,12,1023,1023,,
6108.0,False,False,0->0,16,1288,1287,,
6109.0,False,False,0->0,16,1376,1375,,
6111.0,False,False,0->0,10,1863,1863,,
6114.0,False,False,0->0,16,1031,1029,,
6116.0,False,False,0->0,16,1046,1044,,
6121.0,False,False,0->0,16,1419,1417,,
6122.0,False,False,0->0,10,1579,1579,,
6123.0,False,False,0->0,16,2073,2070,,
6124.0,False,False,0->0,16,1047,1047,,
6125.0,False,False,0->0,16,1758,1756,,
6126.0,False,False,0->0,16,2216,2216,,
6127.0,False,False,0->0,16,2481,2478,,
6130.0,False,False,0->0,16,1778,1777,,
6131.0,False,False,0->0,16,1115,1114,,
6132.0,False,False,0->0,16,1211,1211,,
6133.0,False,False,0->0,16,2658,2657,,
6135.0,False,False,0->0,16,2184,2182,,
6136.0,False,False,0->0,16,771,770,,
6137.0,False,False,0->0,16,910,909,,
6138.0,False,False,0->0,16,1991,1991,,
6142.0,False,False,0->0,16,3017,3015,,
6143.0,False,False,0->0,16,2911,2909,,
6144.0,False,False,0->0,16,2767,2766,,
6145.0,False,False,0->0,16,1345,1343,,
6146.0,False,False,0->0,16,1951,1951,,
6147.0,False,False,0->0,12,2478,2478,,
6148.0,False,False,0->0,16,1060,1060,,
6149.0,False,False,0->0,16,2386,2385,,
6151.0,False,False,0->0,16,1619,1618,,
6152.0,False,False,0->0,16,2273,2273,,
6153.0,False,False,0->0,16,1911,1909,,
6154.0,False,False,0->0,16,2107,2105,,
6155.0,False,False,0->0,16,2270,2266,,
6156.0,False,False,0->0,16,2501,2501,,
6157.0,False,False,0->0,16,1172,1171,,
6160.0,False,False,0->0,16,783,782,,
6161.0,False,False,0->0,16,1156,1156,,
6164.0,False,False,0->0,16,1178,1176,,
6166.0,False,False,0->0,16,2085,2083,,
6167.0,False,False,0->0,16,2187,2184,,
6169.0,False,False,0->0,16,1878,1878,,
6170.0,False,False,0->0,16,2989,2987,,
6171.0,False,False,0->0,16,1630,1629,,
6172.0,False,False,0->0,16,1388,1384,,
6174.0,False,False,0->0,16,1469,1468,,
6175.0,False,False,0->0,16,1123,1122,,
6176.0,False,False,0->0,16,1352,1352,,
6177.0,False,False,0->0,16,1886,1886,,
6178.0,False,False,0->0,16,1311,1310,,
6180.0,False,False,0->0,16,1783,1781,,
6181.0,False,False,0->0,16,1804,1801,,
6182.0,False,False,0->0,16,1339,1337,,
6183.0,False,False,0->0,16,1436,1435,,
6184.0,False,False,0->0,16,1567,1565,,
6185.0,False,False,0->0,16,1707,1707,,
6186.0,False,False,0->0,16,1733,1733,,
6188.0,False,False,0->0,16,1743,1742,,
6191.0,False,False,0->0,16,1980,1977,,
6192.0,False,False,0->0,16,1718,1717,,
6195.0,False,False,0->0,16,1800,1799,,
6196.0,False,False,0->0,16,1667,1666,,
6197.0,False,False,0->0,16,2498,2498,,
6198.0,False,False,0->0,16,1458,1458,,
6199.0,False,False,0->0,16,2912,2912,,
6200.0,False,False,0->0,16,1355,1354,,
6201.0,False,False,0->0,16,941,940,,
6202.0,False,False,0->0,12,1605,1605,,
6203.0,False,False,0->0,16,1723,1722,,
6205.0,False,False,0->0,16,2001,1999,,
6206.0,False,False,0->0,16,1252,1251,,
6208.0,False,False,0->0,16,1315,1313,,
6210.0,False,False,0->0,10,2184,2184,,
6211.0,False,False,0->0,16,1973,1972,,
6212.0,False,False,0->0,16,2580,2580,,
6214.0,False,False,0->0,16,1528,1526,,
6216.0,False,False,0->0,16,1813,1811,,
6217.0,False,False,0->0,16,1791,1791,,
6219.0,False,False,0->0,16,1491,1490,,
6221.0,False,False,0->0,16,1007,1005,,
6222.0,False,False,0->0,16,1490,1488,,
6224.0,False,False,0->0,16,1583,1580,,
6225.0,False,False,0->0,16,2882,2881,,
6226.0,False,False,0->0,16,1586,1585,,
6227.0,False,False,0->0,16,1687,1685,,
6228.0,False,False,0->0,16,1033,1031,,
6229.0,False,False,0->0,16,1804,1804,,
6230.0,False,False,0->0,16,2119,2115,,
6231.0,False,False,0->0,16,1329,1328,,
6233.0,False,False,0->0,12,1465,1465,,
6234.0,False,False,0->0,16,1754,1754,,
6235.0,False,False,0->0,16,2362,2361,,
6236.0,False,False,0->0,16,1587,1586,,
6237.0,False,False,0->0,16,1677,1677,,
6241.0,False,False,0->0,16,1264,1264,,
6242.0,False,False,0->0,16,1305,1304,,
6243.0,False,False,0->0,16,988,985,,
6244.0,False,False,0->0,16,1836,1835,,
6245.0,False,False,0->0,16,1279,1278,,
6246.0,False,False,0->0,16,1905,1903,,
6247.0,False,False,0->0,16,1384,1382,,
6249.0,False,False,0->0,8,1164,1164,,
6250.0,False,False,0->0,16,2238,2238,,
6251.0,False,False,0->0,16,1857,1855,,
6253.0,False,False,0->0,8,779,779,,
6254.0,False,False,0->0,16,1361,1359,,
6255.0,False,False,0->0,14,1300,1300,,
6256.0,False,False,0->0,8,1267,1267,,
6257.0,False,False,0->0,16,2560,2559,,
6258.0,False,False,0->0,16,2202,2202,,
6259.0,False,False,0->0,16,1781,1780,,
6260.0,False,False,0->0,16,1484,1484,,
6262.0,False,False,0->0,16,1933,1932,,
6264.0,False,False,0->0,16,1903,1901,,
6267.0,False,False,0->0,16,1631,1631,,
6269.0,False,False,0->0,16,1597,1596,,
6270.0,False,False,0->0,16,1909,1908,,
6272.0,False,False,0->0,16,1240,1238,,
6273.0,False,False,0->0,16,1767,1764,,
6274.0,False,False,0->0,16,862,862,,
6275.0,False,False,0->0,16,1777,1776,,
6278.0,False,False,0->0,16,1463,1462,,
6280.0,False,False,0->0,16,1558,1555,,
6281.0,False,False,0->0,16,1747,1745,,
6282.0,False,False,0->0,16,1763,1762,,
6284.0,False,False,0->0,16,2363,2362,,
6286.0,False,False,0->0,16,1680,1678,,
6290.0,False,False,0->0,16,1258,1258,,
6291.0,False,False,0->0,16,1527,1526,,
6293.0,False,False,0->0,16,1276,1275,,
6294.0,False,False,0->0,16,1123,1123,,
6295.0,False,False,0->0,16,1687,1686,,
6296.0,False,False,0->0,16,1666,1664,,
6297.0,False,False,0->0,16,1631,1629,,
6298.0,False,False,0->0,16,1794,1794,,
6299.0,False,False,0->0,16,1341,1340,,
6300.0,False,False,0->0,14,1412,1412,,
6301.0,False,False,0->0,16,1974,1972,,
6304.0,False,False,0->0,16,911,910,,
6305.0,False,False,0->0,16,1700,1699,,
6307.0,False,False,0->0,16,1376,1376,,
6308.0,False,False,0->0,16,1686,1684,,
6309.0,False,False,0->0,16,1300,1299,,
6310.0,False,False,0->0,16,2740,2740,,
6311.0,False,False,0->0,16,2277,2276,,
6312.0,False,False,0->0,10,1054,1054,,
6313.0,False,False,0->0,16,1438,1437,,
6314.0,False,False,0->0,16,1222,1221,,
6315.0,False,False,0->0,16,1636,1636,,
6316.0,False,False,0->0,16,1505,1503,,
6320.0,False,False,0->0,16,1113,1112,,
6321.0,False,False,0->0,16,1571,1571,,
6322.0,False,False,0->0,16,2632,2631,,
6323.0,False,False,0->0,16,1816,1814,,
6325.0,False,False,0->0,16,905,904,,
6327.0,False,False,0->0,16,1401,1401,,
6329.0,False,False,0->0,16,1757,1757,,
6330.0,False,False,0->0,16,1303,1302,,
6332.0,False,False,0->0,16,1359,1358,,
6336.0,False,False,0->0,16,2643,2641,,
6337.0,False,False,0->0,16,1462,1460,,
6338.0,False,False,0->0,16,2873,2873,,
6339.0,False,False,0->0,16,1114,1113,,
6340.0,False,False,0->0,10,1818,1818,,
6341.0,False,False,0->0,16,1639,1637,,
6342.0,False,False,0->0,16,1642,1641,,
6343.0,False,False,0->0,16,1163,1162,,
6344.0,False,False,0->0,16,2333,2330,,
6345.0,False,False,0->0,16,2365,2364,,
6346.0,False,False,0->0,16,1689,1686,,
6347.0,False,False,0->0,16,1062,1061,,
6348.0,False,False,0->0,16,1563,1563,,
6349.0,False,False,0->0,16,1313,1312,,
6351.0,False,False,0->0,16,892,891,,
6352.0,False,False,0->0,16,1686,1685,,
6353.0,False,False,0->0,16,1569,1568,,
6354.0,False,False,0->0,16,1313,1312,,
6355.0,False,False,0->0,10,1143,1143,,
6357.0,False,False,0->0,16,650,647,,
6358.0,False,False,0->0,16,2306,2306,,
6359.0,False,False,0->0,16,1010,1008,,
6360.0,False,False,0->0,16,1367,1367,,
6361.0,False,False,0->0,16,2135,2133,,
6362.0,False,False,0->0,16,1509,1507,,
6363.0,False,False,0->0,16,1543,1539,,
6364.0,False,False,0->0,8,1146,1146,,
6365.0,False,False,0->0,16,1356,1354,,
6366.0,False,False,0->0,16,969,969,,
6367.0,False,False,0->0,16,3138,3135,,
6368.0,False,False,0->0,16,2521,2519,,
6369.0,False,False,0->0,16,801,800,,
6371.0,False,False,0->0,16,1398,1397,,
6374.0,False,False,0->0,16,2833,2833,,
6375.0,False,False,0->0,16,2264,2263,,
6378.0,False,False,0->0,16,1476,1474,,
6379.0,False,False,0->0,10,1805,1805,,
6380.0,False,False,0->0,16,1774,1773,,
6381.0,False,False,0->0,16,2154,2152,,
6383.0,False,False,0->0,14,1680,1678,,
6384.0,False,False,0->0,16,1740,1739,,
6385.0,False,False,0->0,16,2082,2080,,
6386.0,False,False,0->0,8,1037,1037,,
6388.0,False,False,0->0,16,1264,1264,,
6389.0,False,False,0->0,16,1221,1219,,
6390.0,False,False,0->0,16,1540,1540,,
6392.0,False,False,0->0,16,1920,1918,,
6393.0,False,False,0->0,16,1663,1660,,
6394.0,False,False,0->0,16,1501,1500,,
6399.0,False,False,0->0,16,1155,1154,,
6400.0,False,False,0->0,16,1766,1766,,
6401.0,False,False,0->0,16,836,836,,
6402.0,False,False,0->0,16,1200,1197,,
6404.0,False,False,0->0,16,1667,1666,,
6405.0,False,False,0->0,16,1490,1489,,
6406.0,False,False,0->0,16,1790,1790,,
6407.0,False,False,0->0,16,3213,3213,,
6408.0,False,False,0->0,16,1429,1428,,
6409.0,False,False,0->0,16,1819,1818,,
6410.0,False,False,0->0,16,1549,1549,,
6411.0,False,False,0->0,16,1969,1969,,
6413.0,False,False,0->0,16,2012,2011,,
6414.0,False,False,0->0,16,1281,1281,,
6415.0,False,False,0->0,16,2993,2991,,
6416.0,False,False,0->0,12,977,977,,
6417.0,False,False,0->0,16,1024,1022,,
6418.0,False,False,0->0,16,1741,1737,,
6419.0,False,False,0->0,14,1542,1542,,
6420.0,False,False,0->0,16,2184,2182,,
6421.0,False,False,0->0,16,2273,2272,,
6422.0,False,False,0->0,16,1786,1784,,
6423.0,False,False,0->0,16,1924,1924,,
6424.0,False,False,0->0,16,1762,1759,,
6425.0,False,False,0->0,16,995,993,,
6427.0,False,False,0->0,16,3241,3240,,
6430.0,False,False,0->0,16,2752,2751,,
6433.0,False,False,0->0,16,2092,2091,,
6435.0,False,False,0->0,16,2679,2675,,
6437.0,False,False,0->0,16,1325,1324,,
6438.0,False,False,0->0,16,1105,1104,,
6439.0,False,False,0->0,8,1838,1838,,
6440.0,False,False,0->0,16,2191,2190,,
6442.0,False,False,0->0,16,1590,1587,,
6445.0,False,False,0->0,16,2451,2451,,
6446.0,False,False,0->0,16,1570,1567,,
6447.0,False,False,0->0,16,2729,2724,,
6448.0,False,False,0->0,16,1029,1027,,
6450.0,False,False,0->0,16,1790,1790,,
6451.0,False,False,0->0,16,1432,1432,,
6452.0,False,False,0->0,16,1749,1748,,
6453.0,False,False,0->0,16,1685,1684,,
6454.0,False,False,0->0,16,2524,2524,,
6455.0,False,False,0->0,16,1748,1748,,
6457.0,False,False,0->0,16,2345,2342,,
6458.0,False,False,0->0,16,1990,1989,,
6459.0,False,False,0->0,16,2032,2030,,
6460.0,False,False,0->0,14,1546,1546,,
6461.0,False,False,0->0,16,1181,1180,,
6462.0,False,False,0->0,16,1413,1413,,
6463.0,False,False,0->0,12,1675,1674,,
6464.0,False,False,0->0,16,1258,1256,,
6465.0,False,False,0->0,16,1700,1700,,
6466.0,False,False,0->0,12,1924,1924,,
6467.0,False,False,0->0,16,1612,1612,,
6468.0,False,False,0->0,16,1616,1616,,
6469.0,False,False,0->0,16,1962,1961,,
6470.0,False,False,0->0,16,937,937,,
6471.0,False,False,0->0,16,1131,1131,,
6472.0,False,False,0->0,16,1751,1751,,
6473.0,False,False,0->0,16,1883,1881,,
6474.0,False,False,0->0,16,1723,1721,,
6475.0,False,False,0->0,16,1815,1815,,
6476.0,False,False,0->0,16,2076,2075,,
6477.0,False,False,0->0,16,2158,2158,,
6478.0,False,False,0->0,14,1160,1159,,
6479.0,False,False,0->0,16,1364,1361,,
6482.0,False,False,0->0,16,1477,1477,,
6483.0,False,False,0->0,12,1831,1831,,
6484.0,False,False,0->0,16,1730,1728,,
6485.0,False,False,0->0,16,1856,1854,,
6486.0,False,False,0->0,16,2016,2015,,
6487.0,False,False,0->0,16,1369,1368,,
6488.0,False,False,0->0,16,1110,1110,,
6490.0,False,False,0->0,16,1436,1434,,
6491.0,False,False,0->0,16,1188,1187,,
6494.0,False,False,0->0,16,1124,1124,,
6495.0,False,False,0->0,16,1441,1441,,
6497.0,False,False,0->0,16,1150,1150,,
6498.0,False,False,0->0,16,2989,2988,,
6499.0,False,False,0->0,16,1198,1197,,
6500.0,False,False,0->0,16,1554,1553,,
6501.0,False,False,0->0,12,623,623,,
6502.0,False,False,0->0,16,1956,1956,,
6504.0,False,False,0->0,16,1929,1928,,
6507.0,False,False,0->0,16,2262,2260,,
6509.0,False,False,0->0,16,1647,1646,,
6510.0,False,False,0->0,16,2155,2154,,
6511.0,False,False,0->0,16,1302,1299,,
6512.0,False,False,0->0,16,1075,1074,,
6513.0,False,False,0->0,16,1152,1149,,
6514.0,False,False,0->0,16,1198,1198,,
6515.0,False,False,0->0,16,1663,1662,,
6517.0,False,False,0->0,16,2601,2599,,
6519.0,False,False,0->0,16,1565,1564,,
6521.0,False,False,0->0,16,1884,1883,,
6522.0,False,False,0->0,16,1897,1894,,
6523.0,False,False,0->0,16,1125,1125,,
6524.0,False,False,0->0,16,1261,1260,,
6525.0,False,False,0->0,16,1172,1170,,
6526.0,False,False,0->0,16,1957,1956,,
6528.0,False,False,0->0,16,1332,1329,,
6529.0,False,False,0->0,16,1669,1669,,
6530.0,False,False,0->0,16,1707,1707,,
6532.0,False,False,0->0,16,1626,1623,,
6533.0,False,False,0->0,16,1363,1362,,
6535.0,False,False,0->0,16,1541,1541,,
6536.0,False,False,0->0,16,2343,2343,,
6537.0,False,False,0->0,16,1409,1408,,
6538.0,False,False,0->0,16,1661,1660,,
6539.0,False,False,0->0,16,2304,2303,,
6540.0,False,False,0->0,16,2089,2086,,
6545.0,False,False,0->0,16,1496,1495,,
6546.0,False,False,0->0,16,1530,1528,,
6547.0,False,False,0->0,14,1428,1428,,
6548.0,False,False,0->0,16,1820,1818,,
6549.0,False,False,0->0,14,874,874,,
6551.0,False,False,0->0,16,1770,1769,,
6554.0,False,False,0->0,16,1210,1210,,
6555.0,False,False,0->0,16,1614,1613,,
6559.0,False,False,0->0,16,1658,1657,,
6561.0,False,False,0->0,16,1712,1712,,
6562.0,False,False,0->0,16,1679,1678,,
6563.0,False,False,0->0,16,1591,1589,,
6564.0,False,False,0->0,16,1034,1034,,
6566.0,False,False,0->0,16,1004,1003,,
6567.0,False,False,0->0,16,2910,2908,,
6568.0,False,False,0->0,16,1652,1652,,
6570.0,False,False,0->0,16,1020,1017,,
6571.0,False,False,0->0,16,1768,1768,,
6572.0,False,False,0->0,12,1261,1261,,
6574.0,False,False,0->0,16,2010,2009,,
6575.0,False,False,0->0,12,1681,1681,,
6576.0,False,False,0->0,16,1920,1919,,
6578.0,False,False,0->0,16,2767,2765,,
6579.0,False,False,0->0,16,874,872,,
6580.0,False,False,0->0,16,1409,1409,,
6581.0,False,False,0->0,16,1313,1310,,
6582.0,False,False,0->0,16,1490,1488,,
6583.0,False,False,0->0,16,1723,1721,,
6584.0,False,False,0->0,16,2217,2215,,
6585.0,False,False,0->0,16,2381,2381,,
6586.0,False,False,0->0,16,1411,1408,,
6587.0,False,False,0->0,16,1612,1610,,
6590.0,False,False,0->0,16,2064,2061,,
6591.0,False,False,0->0,16,1651,1649,,
6592.0,False,False,0->0,16,939,939,,
6593.0,False,False,0->0,12,2214,2214,,
6594.0,False,False,0->0,16,1281,1279,,
6595.0,False,False,0->0,16,1948,1947,,
6596.0,False,False,0->0,16,1511,1510,,
6597.0,False,False,0->0,16,1278,1277,,
6598.0,False,False,0->0,16,1537,1535,,
6599.0,False,False,0->0,16,2133,2131,,
6600.0,False,False,0->0,16,1431,1431,,
6601.0,False,False,0->0,16,1539,1536,,
6602.0,False,False,0->0,16,2274,2273,,
6603.0,False,False,0->0,16,1247,1246,,
6604.0,False,False,0->0,16,1676,1674,,
6605.0,False,False,0->0,16,1526,1524,,
6606.0,False,False,0->0,16,1351,1348,,
6607.0,False,False,0->0,16,1480,1480,,
6608.0,False,False,0->0,16,2045,2043,,
6609.0,False,False,0->0,16,1993,1992,,
6610.0,False,False,0->0,16,2194,2191,,
6611.0,False,False,0->0,16,2108,2106,,
6612.0,False,False,0->0,16,1748,1746,,
6613.0,False,False,0->0,10,963,963,,
6616.0,False,False,0->0,16,1056,1055,,
6617.0,False,False,0->0,16,1034,1033,,
6618.0,False,False,0->0,16,2050,2050,,
6619.0,False,False,0->0,16,1201,1201,,
6620.0,False,False,0->0,16,2703,2703,,
6621.0,False,False,0->0,16,1968,1967,,
6622.0,False,False,0->0,16,1782,1781,,
6624.0,False,False,0->0,16,1976,1975,,
6625.0,False,False,0->0,16,1749,1746,,
6628.0,False,False,0->0,16,1712,1710,,
6629.0,False,False,0->0,16,1430,1429,,
6630.0,False,False,0->0,14,1501,1501,,
6631.0,False,False,0->0,16,2619,2616,,
6632.0,False,False,0->0,16,1347,1347,,
6633.0,False,False,0->0,16,1574,1574,,
6634.0,False,False,0->0,16,1982,1982,,
6635.0,False,False,0->0,16,1247,1246,,
6637.0,False,False,0->0,16,1776,1774,,
6638.0,False,False,0->0,16,1199,1197,,
6639.0,False,False,0->0,16,1515,1514,,
6641.0,False,False,0->0,16,723,723,,
6642.0,False,False,0->0,16,757,756,,
6643.0,False,False,0->0,16,1947,1945,,
6646.0,False,False,0->0,16,1049,1049,,
6648.0,False,False,0->0,16,1594,1592,,
6653.0,False,False,0->0,16,2352,2350,,
6654.0,False,False,0->0,16,1094,1093,,
6655.0,False,False,0->0,14,2942,2942,,
6656.0,False,False,0->0,16,2734,2733,,
6657.0,False,False,0->0,16,1740,1738,,
6658.0,False,False,0->0,16,1682,1680,,
6661.0,False,False,0->0,16,1736,1736,,
6662.0,False,False,0->0,16,1427,1424,,
6663.0,False,False,0->0,16,2149,2148,,
6668.0,False,False,0->0,16,879,876,,
6669.0,False,False,0->0,16,1047,1046,,
6670.0,False,False,0->0,16,1083,1082,,
6671.0,False,False,0->0,10,1898,1898,,
6672.0,False,False,0->0,16,1195,1193,,
6675.0,False,False,0->0,16,1333,1333,,
6676.0,False,False,0->0,16,1936,1936,,
6677.0,False,False,0->0,16,1289,1288,,
6679.0,False,False,0->0,16,1974,1972,,
6681.0,False,False,0->0,16,1767,1766,,
6683.0,False,False,0->0,16,1273,1273,,
6684.0,False,False,0->0,16,2294,2292,,
6685.0,False,False,0->0,16,1233,1233,,
6686.0,False,False,0->0,16,1097,1096,,
6688.0,False,False,0->0,16,1679,1678,,
6689.0,False,False,0->0,16,995,992,,
6690.0,False,False,0->0,16,1459,1458,,
6692.0,False,False,0->0,16,1785,1785,,
6693.0,False,False,0->0,16,1625,1624,,
6695.0,False,False,0->0,16,1560,1559,,
6696.0,False,False,0->0,16,3098,3096,,
6698.0,False,False,0->0,14,906,906,,
6699.0,False,False,0->0,16,1473,1472,,
6701.0,False,False,0->0,16,1399,1398,,
6702.0,False,False,0->0,16,989,986,,
6704.0,False,False,0->0,10,1096,1096,,
6705.0,False,False,0->0,16,1685,1682,,
6706.0,False,False,0->0,16,1896,1895,,
6707.0,False,False,0->0,16,1452,1451,,
6708.0,False,False,0->0,16,1191,1191,,
6710.0,False,False,0->0,16,1343,1341,,
6712.0,False,False,0->0,16,1183,1183,,
6714.0,False,False,0->0,16,1851,1851,,
6715.0,False,False,0->0,16,1748,1747,,
6716.0,False,False,0->0,16,865,865,,
6717.0,False,False,0->0,16,1489,1489,,
6718.0,False,False,0->0,16,1829,1827,,
6720.0,False,False,0->0,16,1269,1267,,
6722.0,False,False,0->0,16,1359,1358,,
6724.0,False,False,0->0,16,1815,1814,,
6725.0,False,False,0->0,16,880,876,,
6727.0,False,False,0->0,16,1127,1126,,
6728.0,False,False,0->0,16,1482,1481,,
6729.0,False,False,0->0,16,1455,1454,,
6733.0,False,False,0->0,16,2160,2159,,
6736.0,False,False,0->0,16,2109,2107,,
6737.0,False,False,0->0,16,1104,1103,,
6738.0,False,False,0->0,16,1795,1791,,
6739.0,False,False,0->0,16,2627,2625,,
6743.0,False,False,0->0,16,1190,1189,,
6744.0,False,False,0->0,16,2161,2159,,
6746.0,False,False,0->0,16,1607,1607,,
6748.0,False,False,0->0,16,2122,2120,,
6749.0,False,False,0->0,16,1277,1277,,
6750.0,False,False,0->0,16,1208,1208,,
6751.0,False,False,0->0,16,2103,2101,,
6752.0,False,False,0->0,16,1062,1059,,
6753.0,False,False,0->0,16,1690,1689,,
6754.0,False,False,0->0,16,1691,1690,,
6755.0,False,False,0->0,16,1755,1755,,
6756.0,False,False,0->0,16,1148,1147,,
6757.0,False,False,0->0,16,1870,1870,,
6758.0,False,False,0->0,16,1706,1704,,
6761.0,False,False,0->0,12,1824,1824,,
6762.0,False,False,0->0,16,1298,1297,,
6763.0,False,False,0->0,16,1202,1201,,
6766.0,False,False,0->0,16,1039,1037,,
6767.0,False,False,0->0,16,1187,1186,,
6768.0,False,False,0->0,16,1382,1380,,
6769.0,False,False,0->0,12,1600,1600,,
6770.0,False,False,0->0,16,1321,1320,,
6772.0,False,False,0->0,16,1251,1250,,
6773.0,False,False,0->0,16,1831,1831,,
6775.0,False,False,0->0,16,1320,1320,,
6776.0,False,False,0->0,16,2021,2018,,
6777.0,False,False,0->0,16,1347,1347,,
6779.0,False,False,0->0,16,2071,2070,,
6780.0,False,False,0->0,12,2411,2411,,
6781.0,False,False,0->0,12,1135,1135,,
6784.0,False,False,0->0,16,1761,1759,,
6785.0,False,False,0->0,16,1652,1649,,
6786.0,False,False,0->0,10,2329,2329,,
6787.0,False,False,0->0,16,1640,1640,,
6788.0,False,False,0->0,16,1987,1984,,
6789.0,False,False,0->0,16,1328,1327,,
6790.0,False,False,0->0,16,2526,2524,,
6792.0,False,False,0->0,16,1587,1585,,
6794.0,False,False,0->0,16,1821,1821,,
6795.0,False,False,0->0,16,1871,1870,,
6796.0,False,False,0->0,16,1231,1230,,
6797.0,False,False,0->0,16,1405,1404,,
6798.0,False,False,0->0,16,1288,1288,,
6799.0,False,False,0->0,16,1032,1030,,
6800.0,False,False,0->0,16,1882,1882,,
6802.0,False,False,0->0,16,2457,2454,,
6803.0,False,False,0->0,16,1865,1864,,
6804.0,False,False,0->0,16,1730,1728,,
6805.0,False,False,0->0,16,1729,1727,,
6807.0,False,False,0->0,16,1536,1535,,
6808.0,False,False,0->0,16,1355,1354,,
6809.0,False,False,0->0,16,3193,3193,,
6810.0,False,False,0->0,16,2019,2017,,
6811.0,False,False,0->0,16,1857,1856,,
6813.0,False,False,0->0,16,2086,2085,,
6814.0,False,False,0->0,16,899,897,,
6815.0,False,False,0->0,16,1456,1455,,
6816.0,False,False,0->0,16,1414,1413,,
6818.0,False,False,0->0,16,1832,1829,,
6820.0,False,False,0->0,16,1537,1536,,
6821.0,False,False,0->0,16,1950,1949,,
6822.0,False,False,0->0,16,2367,2367,,
6823.0,False,False,0->0,16,2754,2754,,
6824.0,False,False,0->0,16,1803,1800,,
6825.0,False,False,0->0,16,1559,1557,,
6826.0,False,False,0->0,16,2335,2334,,
6829.0,False,False,0->0,16,1742,1741,,
6830.0,False,False,0->0,16,2399,2397,,
6831.0,False,False,0->0,16,1867,1865,,
6832.0,False,False,0->0,16,1510,1509,,
6833.0,False,False,0->0,16,1249,1246,,
6834.0,False,False,0->0,16,1189,1187,,
6835.0,False,False,0->0,16,1739,1739,,
6836.0,False,False,0->0,16,1224,1224,,
6839.0,False,False,0->0,16,2799,2797,,
6840.0,False,False,0->0,16,2362,2361,,
6841.0,True,False,1->0,16,989,987,,
6842.0,False,False,0->0,16,1445,1443,,
6843.0,False,False,0->0,16,1240,1239,,
6844.0,False,False,0->0,16,1952,1952,,
6845.0,False,False,0->0,16,1509,1509,,
6846.0,False,False,0->0,16,2030,2030,,
6848.0,False,False,0->0,16,1880,1880,,
6849.0,False,False,0->0,10,2130,2130,,
6850.0,False,False,0->0,16,1453,1453,,
6851.0,False,False,0->0,8,1408,1408,,
6852.0,False,False,0->0,16,933,932,,
6853.0,False,False,0->0,16,1578,1577,,
6854.0,False,False,0->0,16,1439,1436,,
6855.0,False,False,0->0,16,1202,1200,,
6856.0,False,False,0->0,16,657,655,,
6859.0,False,False,0->0,16,1477,1477,,
6860.0,False,False,0->0,16,1335,1334,,
6862.0,False,False,0->0,16,1724,1723,,
6864.0,False,False,0->0,16,1352,1348,,
6865.0,False,False,0->0,8,1733,1733,,
6867.0,False,False,0->0,16,1690,1688,,
6868.0,False,False,0->0,16,1539,1538,,
6870.0,False,False,0->0,16,1787,1786,,
6872.0,False,False,0->0,16,976,975,,
6873.0,False,False,0->0,16,1251,1251,,
6874.0,False,False,0->0,16,1736,1735,,
6875.0,False,False,0->0,16,1583,1582,,
6876.0,False,False,0->0,16,1766,1766,,
6877.0,False,False,0->0,8,1219,1219,,
6878.0,False,False,0->0,16,1477,1476,,
6879.0,False,False,0->0,16,1127,1124,,
6881.0,False,False,0->0,16,2145,2142,,
6884.0,False,False,0->0,16,1707,1707,,
6885.0,False,False,0->0,16,3400,3398,,
6886.0,False,False,0->0,14,1139,1138,,
6887.0,False,False,0->0,16,1452,1451,,
6890.0,False,False,0->0,10,770,770,,
6892.0,False,False,0->0,16,2137,2136,,
6893.0,False,False,0->0,16,2302,2302,,
6894.0,False,False,0->0,16,1695,1691,,
6895.0,False,False,0->0,12,2039,2038,,
6896.0,False,False,0->0,10,2023,2022,,
6897.0,False,False,0->0,16,1617,1616,,
6898.0,False,False,0->0,16,1155,1155,,
6900.0,False,False,0->0,12,1728,1728,,
6901.0,False,False,0->0,16,1342,1341,,
6903.0,False,False,0->0,16,918,915,,
6904.0,False,False,0->0,16,840,839,,
6906.0,False,False,0->0,16,1513,1510,,
6907.0,False,False,0->0,14,862,862,,
6908.0,False,False,0->0,8,814,814,,
6909.0,False,False,0->0,16,1551,1550,,
6911.0,False,False,0->0,10,1672,1672,,
6912.0,False,False,0->0,16,1375,1373,,
6913.0,False,False,0->0,16,923,922,,
6914.0,False,False,0->0,16,1368,1367,,
6915.0,False,False,0->0,16,1580,1580,,
6916.0,False,False,0->0,14,1393,1393,,
6919.0,False,False,0->0,16,2322,2320,,
6921.0,False,False,0->0,16,536,536,,
6922.0,False,False,0->0,16,2271,2269,,
6923.0,False,False,0->0,16,1320,1320,,
6925.0,False,False,0->0,16,2056,2055,,
6926.0,False,False,0->0,16,1217,1216,,
6927.0,False,False,0->0,16,1611,1611,,
6929.0,False,False,0->0,16,2310,2308,,
6930.0,False,False,0->0,16,1218,1218,,
6931.0,False,False,0->0,16,1689,1688,,
6932.0,False,False,0->0,16,1589,1588,,
6933.0,False,False,0->0,16,1650,1650,,
6936.0,False,False,0->0,16,1776,1772,,
6939.0,False,False,0->0,16,1526,1525,,
6941.0,False,False,0->0,14,1460,1460,,
6942.0,False,False,0->0,16,654,652,,
6943.0,False,False,0->0,16,1086,1086,,
6945.0,False,False,0->0,10,1542,1542,,
6946.0,False,False,0->0,16,1671,1669,,
6947.0,False,False,0->0,16,1868,1865,,
6948.0,False,False,0->0,16,1593,1593,,
6949.0,False,False,0->0,16,1986,1985,,
6950.0,False,False,0->0,16,2093,2092,,
6951.0,False,False,0->0,8,1663,1663,,
6954.0,False,False,0->0,16,924,921,,
6955.0,False,False,0->0,16,2172,2170,,
6957.0,False,False,0->0,16,1890,1888,,
6958.0,False,False,0->0,10,1631,1631,,
6959.0,False,False,0->0,16,1651,1650,,
6961.0,False,False,0->0,16,2289,2289,,
6963.0,False,False,0->0,16,1291,1291,,
6964.0,False,False,0->0,16,1063,1062,,
6966.0,False,False,0->0,16,1395,1395,,
6967.0,False,False,0->0,16,2331,2329,,
6968.0,False,False,0->0,16,1605,1604,,
6969.0,False,False,0->0,16,1960,1957,,
6970.0,False,False,0->0,16,1569,1567,,
6971.0,False,False,0->0,16,1616,1615,,
6972.0,False,False,0->0,10,1140,1140,,
6973.0,False,False,0->0,16,1362,1362,,
6974.0,False,False,0->0,16,1423,1420,,
6975.0,False,False,0->0,12,1294,1294,,
6976.0,False,False,0->0,16,1455,1453,,
6978.0,False,False,0->0,16,2358,2358,,
6979.0,False,False,0->0,16,1323,1323,,
6980.0,False,False,0->0,10,1519,1519,,
6982.0,False,False,0->0,16,1240,1240,,
6983.0,False,False,0->0,16,978,977,,
6985.0,False,False,0->0,16,2521,2519,,
6986.0,False,False,0->0,16,1841,1839,,
6987.0,False,False,0->0,16,1723,1720,,
6988.0,False,False,0->0,16,1580,1579,,
6989.0,False,False,0->0,8,1333,1333,,
6991.0,False,False,0->0,16,2409,2407,,
6992.0,False,False,0->0,16,1102,1101,,
6993.0,False,False,0->0,16,1787,1786,,
6994.0,False,False,0->0,10,2070,2070,,
6995.0,False,False,0->0,14,2033,2033,,
6996.0,False,False,0->0,16,2587,2585,,
6997.0,False,False,0->0,16,744,743,,
7002.0,False,False,0->0,16,1474,1474,,
7003.0,False,False,0->0,16,1701,1700,,
7004.0,False,False,0->0,16,1428,1426,,
7005.0,False,False,0->0,16,959,957,,
7006.0,False,False,0->0,16,1283,1281,,
7008.0,False,False,0->0,16,1981,1978,,
7012.0,False,False,0->0,16,1103,1101,,
7013.0,False,False,0->0,12,950,950,,
7014.0,False,False,0->0,16,791,790,,
7015.0,False,False,0->0,16,2489,2489,,
7018.0,False,False,0->0,16,1152,1151,,
7021.0,False,False,0->0,16,2029,2028,,
7022.0,False,False,0->0,16,1704,1703,,
7023.0,False,False,0->0,16,1418,1418,,
7024.0,False,False,0->0,16,1811,1811,,
7025.0,False,False,0->0,16,1531,1530,,
7026.0,False,False,0->0,16,1329,1327,,
7027.0,False,False,0->0,16,1285,1282,,
7028.0,False,False,0->0,16,2198,2193,,
7029.0,False,False,0->0,16,1722,1722,,
7030.0,False,False,0->0,16,1064,1064,,
7031.0,False,False,0->0,16,1061,1059,,
7033.0,False,False,0->0,16,1440,1438,,
7034.0,False,False,0->0,16,2012,2010,,
7035.0,False,False,0->0,16,1762,1762,,
7036.0,False,False,0->0,16,1704,1703,,
7037.0,False,False,0->0,16,967,967,,
7039.0,False,False,0->0,16,1096,1096,,
7042.0,False,False,0->0,16,1311,1310,,
7044.0,False,False,0->0,16,1726,1723,,
7045.0,False,False,0->0,16,2176,2175,,
7046.0,False,False,0->0,16,1575,1573,,
7047.0,False,False,0->0,14,1596,1594,,
7048.0,False,False,0->0,16,1389,1388,,
7049.0,False,False,0->0,16,1486,1484,,
7050.0,False,False,0->0,10,863,863,,
7051.0,False,False,0->0,16,2361,2360,,
7052.0,False,False,0->0,16,1525,1525,,
7054.0,False,False,0->0,16,2567,2566,,
7055.0,False,False,0->0,16,1885,1883,,
7056.0,False,False,0->0,16,1195,1195,,
7057.0,False,False,0->0,16,1715,1712,,
7059.0,False,False,0->0,16,1454,1454,,
7060.0,False,False,0->0,16,1317,1316,,
7061.0,False,False,0->0,16,1335,1332,,
7062.0,False,False,0->0,16,3016,3012,,
7063.0,False,False,0->0,16,1853,1850,,
7064.0,False,False,0->0,16,1131,1131,,
7065.0,False,False,0->0,16,1676,1676,,
7067.0,False,False,0->0,16,1075,1073,,
7068.0,False,False,0->0,16,1404,1400,,
7069.0,False,False,0->0,16,1620,1620,,
7070.0,False,False,0->0,12,1091,1091,,
7071.0,False,False,0->0,16,1804,1804,,
7072.0,False,False,0->0,16,1419,1418,,
7073.0,False,False,0->0,16,1672,1671,,
7075.0,False,False,0->0,16,1155,1155,,
7076.0,False,False,0->0,16,1725,1723,,
7077.0,False,False,0->0,16,1574,1574,,
7080.0,False,False,0->0,16,2226,2226,,
7081.0,False,False,0->0,16,2113,2111,,
7082.0,False,False,0->0,16,1831,1831,,
7083.0,False,False,0->0,16,1369,1369,,
7086.0,False,False,0->0,16,2255,2254,,
7087.0,False,False,0->0,16,2752,2750,,
7089.0,False,False,0->0,16,2146,2145,,
7090.0,False,False,0->0,16,1059,1059,,
7092.0,False,False,0->0,16,1212,1212,,
7093.0,False,False,0->0,16,2148,2145,,
7094.0,False,False,0->0,16,1433,1431,,
7099.0,False,False,0->0,16,2117,2114,,
7100.0,False,False,0->0,16,833,832,,
7101.0,False,False,0->0,12,1138,1138,,
7103.0,False,False,0->0,16,1775,1775,,
7104.0,False,False,0->0,16,1348,1347,,
7105.0,False,False,0->0,16,1730,1725,,
7106.0,False,False,0->0,16,1569,1567,,
7109.0,False,False,0->0,16,1608,1607,,
7110.0,False,False,0->0,14,2137,2137,,
7111.0,False,False,0->0,16,911,910,,
7113.0,False,False,0->0,16,1265,1264,,
7114.0,False,False,0->0,16,1996,1992,,
7115.0,False,False,0->0,16,1661,1659,,
7116.0,False,False,0->0,16,1247,1246,,
7117.0,False,False,0->0,16,1701,1701,,
7118.0,False,False,0->0,8,1587,1587,,
7119.0,False,False,0->0,16,2341,2339,,
7120.0,False,False,0->0,14,1683,1683,,
7121.0,False,False,0->0,16,1641,1636,,
7122.0,False,False,0->0,16,1425,1424,,
7123.0,False,False,0->0,16,2303,2301,,
7124.0,False,False,0->0,16,2027,2025,,
7125.0,False,False,0->0,8,1680,1680,,
7126.0,False,False,0->0,16,1984,1984,,
7127.0,False,False,0->0,16,1832,1829,,
7128.0,False,False,0->0,16,1213,1212,,
7129.0,False,False,0->0,16,2096,2094,,
7130.0,False,False,0->0,12,370,369,,
7131.0,False,False,0->0,10,1658,1658,,
7133.0,False,False,0->0,8,1705,1705,,
7134.0,False,False,0->0,10,1105,1105,,
7135.0,False,False,0->0,16,2621,2621,,
7137.0,False,False,0->0,16,2082,2080,,
7139.0,False,False,0->0,16,1869,1868,,
7141.0,False,False,0->0,16,896,893,,
7142.0,False,False,0->0,16,1463,1463,,
7143.0,False,False,0->0,16,1195,1195,,
7144.0,False,False,0->0,16,1062,1059,,
7145.0,False,False,0->0,16,2242,2242,,
7146.0,False,False,0->0,16,1099,1097,,
7147.0,False,False,0->0,16,1594,1592,,
7148.0,False,False,0->0,14,2039,2039,,
7149.0,False,False,0->0,16,1698,1696,,
7151.0,False,False,0->0,16,1796,1796,,
7152.0,False,False,0->0,16,2017,2016,,
7155.0,False,False,0->0,16,837,836,,
7156.0,False,False,0->0,16,1088,1087,,
7158.0,False,False,0->0,16,1353,1352,,
7159.0,False,False,0->0,16,1575,1574,,
7160.0,False,False,0->0,16,1168,1168,,
7161.0,False,False,0->0,16,1020,1020,,
7162.0,False,False,0->0,16,1418,1418,,
7163.0,False,False,0->0,16,1135,1135,,
7165.0,False,False,0->0,16,1253,1253,,
7166.0,False,False,0->0,12,1644,1643,,
7168.0,False,False,0->0,16,1956,1954,,
7169.0,False,False,0->0,16,984,984,,
7171.0,False,False,0->0,16,2305,2304,,
7172.0,False,False,0->0,16,1353,1353,,
7174.0,False,False,0->0,8,1276,1275,,
7175.0,False,False,0->0,16,2455,2455,,
7176.0,False,False,0->0,16,1594,1591,,
7178.0,False,False,0->0,16,1007,1007,,
7179.0,False,False,0->0,16,1560,1557,,
7180.0,False,False,0->0,16,1832,1829,,
7181.0,False,False,0->0,16,1292,1289,,
7186.0,False,False,0->0,16,2331,2329,,
7187.0,False,False,0->0,16,1486,1485,,
7189.0,False,False,0->0,16,1837,1835,,
7191.0,False,False,0->0,16,1143,1140,,
7193.0,False,False,0->0,16,1783,1783,,
7194.0,False,False,0->0,16,1847,1846,,
7195.0,False,False,0->0,16,1105,1105,,
7196.0,False,False,0->0,14,1162,1162,,
7197.0,False,False,0->0,16,2089,2086,,
7198.0,False,False,0->0,16,2012,2012,,
7199.0,False,False,0->0,16,1031,1027,,
7200.0,False,False,0->0,16,1572,1571,,
7201.0,False,False,0->0,16,817,815,,
7202.0,False,False,0->0,16,2117,2116,,
7205.0,False,False,0->0,10,1555,1555,,
7207.0,False,False,0->0,16,1370,1369,,
7208.0,False,False,0->0,16,1085,1085,,
7209.0,False,False,0->0,16,1133,1132,,
7211.0,False,False,0->0,16,1791,1791,,
7212.0,False,False,0->0,16,1169,1167,,
7213.0,False,False,0->0,16,495,495,,
7214.0,False,False,0->0,16,1058,1057,,
7215.0,False,False,0->0,16,1593,1592,,
7216.0,False,False,0->0,16,1374,1374,,
7217.0,False,False,0->0,16,2169,2167,,
7218.0,False,False,0->0,16,1447,1445,,
7220.0,False,False,0->0,16,1429,1428,,
7221.0,False,False,0->0,16,2068,2065,,
7222.0,False,False,0->0,16,2276,2276,,
7223.0,False,False,0->0,16,1186,1186,,
7224.0,False,False,0->0,16,1829,1826,,
7226.0,False,False,0->0,16,1541,1540,,
7228.0,False,False,0->0,16,1197,1196,,
7230.0,False,False,0->0,16,1468,1468,,
7232.0,False,False,0->0,16,1549,1547,,
7233.0,False,False,0->0,16,1915,1914,,
7234.0,False,False,0->0,16,1643,1643,,
7235.0,False,False,0->0,16,1221,1221,,
7236.0,False,False,0->0,16,1484,1482,,
7237.0,False,False,0->0,16,1270,1270,,
7239.0,False,False,0->0,16,2261,2258,,
7240.0,False,False,0->0,16,2206,2206,,
7241.0,False,False,0->0,16,1240,1240,,
7242.0,False,False,0->0,16,1930,1929,,
7243.0,False,False,0->0,12,1432,1432,,
7245.0,False,False,0->0,16,666,665,,
7246.0,False,False,0->0,16,2057,2055,,
7248.0,False,False,0->0,16,1675,1673,,
7250.0,False,False,0->0,16,1696,1695,,
7251.0,False,False,0->0,16,1888,1885,,
7253.0,False,False,0->0,16,1601,1597,,
7255.0,False,False,0->0,16,1755,1754,,
7257.0,False,False,0->0,10,2279,2279,,
7258.0,False,False,0->0,16,1241,1241,,
7259.0,False,False,0->0,16,667,665,,
7260.0,False,False,0->0,16,1687,1684,,
7261.0,False,False,0->0,16,1003,1001,,
7262.0,False,False,0->0,16,1756,1756,,
7263.0,False,False,0->0,16,1772,1770,,
7264.0,False,False,0->0,16,1218,1217,,
7265.0,False,False,0->0,16,1769,1769,,
7266.0,False,False,0->0,12,1454,1454,,
7268.0,False,False,0->0,16,2446,2444,,
7269.0,False,False,0->0,10,1510,1509,,
7270.0,False,False,0->0,16,2140,2140,,
7271.0,False,False,0->0,12,2344,2344,,
7273.0,False,False,0->0,16,1772,1769,,
7274.0,False,False,0->0,16,1507,1506,,
7275.0,False,False,0->0,16,889,887,,
7276.0,False,False,0->0,10,964,964,,
7277.0,False,False,0->0,16,1390,1390,,
7278.0,False,False,0->0,16,1654,1654,,
7279.0,False,False,0->0,16,1796,1794,,
7281.0,False,False,0->0,16,1698,1696,,
7282.0,False,False,0->0,16,1666,1665,,
7283.0,False,False,0->0,8,1960,1960,,
7285.0,False,False,0->0,16,893,892,,
7286.0,False,False,0->0,16,2200,2197,,
7287.0,False,False,0->0,16,1706,1705,,
7289.0,False,False,0->0,16,1825,1825,,
7291.0,False,False,0->0,16,1884,1883,,
7292.0,False,False,0->0,16,1756,1755,,
7293.0,False,False,0->0,16,927,926,,
7294.0,False,False,0->0,16,2370,2368,,
7295.0,False,False,0->0,16,1840,1838,,
7296.0,False,False,0->0,16,1725,1723,,
7297.0,False,False,0->0,16,699,698,,
7298.0,False,False,0->0,16,1043,1041,,
7299.0,False,False,0->0,16,1637,1635,,
7300.0,False,False,0->0,16,2187,2186,,
7302.0,False,False,0->0,16,1899,1899,,
7303.0,False,False,0->0,16,1320,1317,,
7305.0,False,False,0->0,16,1248,1246,,
7306.0,False,False,0->0,16,1718,1716,,
7307.0,False,False,0->0,16,2267,2265,,
7308.0,False,False,0->0,16,1675,1673,,
7310.0,False,False,0->0,16,1218,1217,,
7311.0,False,False,0->0,16,1182,1182,,
7312.0,False,False,0->0,16,2024,2023,,
7314.0,False,False,0->0,16,2304,2304,,
7315.0,False,False,0->0,16,1566,1566,,
7316.0,False,False,0->0,16,1637,1635,,
7318.0,False,False,0->0,16,765,765,,
7320.0,False,False,0->0,16,1735,1733,,
7321.0,False,False,0->0,16,1467,1466,,
7322.0,False,False,0->0,16,2128,2125,,
7323.0,False,False,0->0,16,1657,1656,,
7324.0,False,False,0->0,16,1369,1368,,
7325.0,False,False,0->0,16,3125,3122,,
7326.0,False,False,0->0,16,1789,1789,,
7328.0,False,False,0->0,16,1104,1103,,
7329.0,False,False,0->0,16,1104,1101,,
7331.0,False,False,0->0,16,1171,1171,,
7334.0,False,False,0->0,16,1484,1481,,
7335.0,False,False,0->0,16,2154,2151,,
7336.0,False,False,0->0,16,1936,1934,,
7337.0,False,False,0->0,16,3232,3231,,
7338.0,False,False,0->0,16,2388,2385,,
7339.0,False,False,0->0,16,1560,1559,,
7340.0,False,False,0->0,16,2040,2040,,
7343.0,False,False,0->0,16,1415,1415,,
7347.0,False,False,0->0,16,1808,1806,,
7350.0,False,False,0->0,16,2008,2007,,
7351.0,False,False,0->0,16,1435,1434,,
7352.0,False,False,0->0,16,2568,2566,,
7353.0,False,False,0->0,16,1307,1307,,
7355.0,False,False,0->0,16,1712,1711,,
7357.0,False,False,0->0,16,1945,1944,,
7360.0,False,False,0->0,16,2630,2629,,
7361.0,False,False,0->0,16,1190,1190,,
7363.0,False,False,0->0,16,990,989,,
7364.0,False,False,0->0,16,2773,2772,,
7365.0,False,False,0->0,16,1253,1251,,
7366.0,False,False,0->0,16,1884,1882,,
7367.0,False,False,0->0,16,1766,1765,,
7368.0,False,False,0->0,16,1307,1304,,
7369.0,False,False,0->0,14,2287,2287,,
7370.0,False,False,0->0,16,1471,1470,,
7371.0,False,False,0->0,16,1047,1045,,
7372.0,False,False,0->0,14,1528,1528,,
7373.0,False,False,0->0,14,1793,1793,,
7374.0,False,False,0->0,16,1179,1178,,
7376.0,False,False,0->0,16,1493,1492,,
7377.0,False,False,0->0,16,1276,1273,,
7378.0,False,False,0->0,16,1269,1267,,
7379.0,False,False,0->0,16,2381,2378,,
7380.0,False,False,0->0,16,1629,1628,,
7381.0,False,False,0->0,16,1780,1779,,
7384.0,False,False,0->0,16,1388,1387,,
7385.0,False,False,0->0,16,1408,1408,,
7386.0,False,False,0->0,16,2216,2216,,
7389.0,False,False,0->0,16,1085,1084,,
7391.0,False,False,0->0,16,1593,1590,,
7392.0,False,False,0->0,16,1838,1836,,
7393.0,False,False,0->0,16,1580,1578,,
7394.0,False,False,0->0,16,2673,2672,,
7395.0,False,False,0->0,16,1487,1487,,
7396.0,False,False,0->0,16,1849,1848,,
7398.0,False,False,0->0,16,1328,1327,,
7399.0,False,False,0->0,16,1196,1196,,
7400.0,False,False,0->0,16,2141,2140,,
7401.0,False,False,0->0,16,1742,1742,,
7402.0,False,False,0->0,16,1344,1343,,
7403.0,False,False,0->0,16,1560,1559,,
7405.0,False,False,0->0,16,1514,1513,,
7406.0,False,False,0->0,16,1772,1771,,
7407.0,False,False,0->0,16,1727,1727,,
7408.0,False,False,0->0,8,1747,1747,,
7410.0,False,False,0->0,16,2052,2049,,
7411.0,False,False,0->0,16,1247,1246,,
7412.0,False,False,0->0,16,1699,1698,,
7414.0,False,False,0->0,16,2742,2740,,
7415.0,False,False,0->0,16,1635,1634,,
7418.0,False,False,0->0,16,1125,1124,,
7419.0,False,False,0->0,16,1833,1831,,
7420.0,False,False,0->0,16,1240,1240,,
7421.0,False,False,0->0,16,2141,2140,,
7422.0,False,False,0->0,16,1684,1683,,
7423.0,False,False,0->0,16,1743,1741,,
7425.0,False,False,0->0,16,2383,2382,,
7426.0,False,False,0->0,16,2181,2181,,
7427.0,False,False,0->0,16,1540,1538,,
7429.0,False,False,0->0,16,1516,1515,,
7430.0,False,False,0->0,16,1145,1145,,
7431.0,False,False,0->0,16,1268,1268,,
7432.0,False,False,0->0,10,1925,1925,,
7433.0,False,False,0->0,16,2059,2057,,
7434.0,False,False,0->0,16,1298,1297,,
7435.0,False,False,0->0,16,1577,1577,,
7437.0,False,False,0->0,16,1515,1515,,
7438.0,False,False,0->0,16,1194,1194,,
7441.0,False,False,0->0,16,2259,2259,,
7443.0,False,False,0->0,16,1316,1314,,
7444.0,False,False,0->0,16,1093,1092,,
7445.0,False,False,0->0,16,1864,1863,,
7446.0,False,False,0->0,16,1336,1334,,
7447.0,False,False,0->0,16,2778,2776,,
7448.0,False,False,0->0,16,1991,1991,,
7449.0,False,False,0->0,16,1321,1320,,
7450.0,False,False,0->0,16,1121,1120,,
7451.0,False,False,0->0,16,2448,2446,,
7452.0,False,False,0->0,16,1330,1328,,
7453.0,False,False,0->0,16,1201,1198,,
7454.0,False,False,0->0,16,1746,1745,,
7455.0,False,False,0->0,16,1223,1223,,
7456.0,False,False,0->0,16,978,977,,
7457.0,False,False,0->0,16,2745,2745,,
7458.0,False,False,0->0,16,2035,2035,,
7459.0,False,False,0->0,16,1763,1761,,
7460.0,False,False,0->0,16,1117,1114,,
7461.0,False,False,0->0,16,901,900,,
7462.0,False,False,0->0,16,2588,2586,,
7464.0,False,False,0->0,16,1925,1923,,
7465.0,False,False,0->0,16,2021,2019,,
7466.0,False,False,0->0,16,1919,1918,,
7467.0,False,False,0->0,16,1660,1659,,
7468.0,False,False,0->0,16,1448,1445,,
7470.0,False,False,0->0,16,2407,2407,,
7471.0,False,False,0->0,16,1573,1572,,
7473.0,False,False,0->0,16,1729,1728,,
7474.0,False,False,0->0,16,1332,1330,,
7476.0,False,False,0->0,16,1413,1411,,
7477.0,False,False,0->0,16,1568,1567,,
7478.0,False,False,0->0,16,1580,1577,,
7480.0,False,False,0->0,16,1106,1103,,
7481.0,False,False,0->0,16,2874,2871,,
7482.0,False,False,0->0,16,1788,1787,,
7484.0,False,False,0->0,16,1891,1888,,
7485.0,False,False,0->0,16,2331,2330,,
7487.0,False,False,0->0,16,1546,1546,,
7488.0,False,False,0->0,16,1416,1415,,
7489.0,False,False,0->0,12,1307,1307,,
7490.0,False,False,0->0,16,1654,1653,,
7491.0,False,False,0->0,10,1257,1257,,
7492.0,False,False,0->0,16,1606,1605,,
7493.0,False,False,0->0,16,1618,1617,,
7494.0,False,False,0->0,16,1246,1246,,
7495.0,False,False,0->0,16,1053,1052,,
7497.0,False,False,0->0,16,3283,3282,,
7498.0,False,False,0->0,16,1551,1549,,
7501.0,False,False,0->0,16,1474,1471,,
7504.0,False,False,0->0,12,2386,2386,,
7505.0,False,False,0->0,16,1717,1716,,
7508.0,False,False,0->0,16,1653,1651,,
7509.0,False,False,0->0,16,1734,1733,,
7510.0,False,False,0->0,16,1241,1237,,
7511.0,False,False,0->0,16,1442,1440,,
7513.0,False,False,0->0,14,1515,1515,,
7514.0,False,False,0->0,16,1477,1477,,
7515.0,False,False,0->0,16,1649,1645,,
7516.0,False,False,0->0,16,1559,1559,,
7519.0,False,False,0->0,16,1496,1496,,
7522.0,False,False,0->0,16,2006,2004,,
7523.0,False,False,0->0,12,2367,2366,,
7524.0,False,False,0->0,16,1821,1820,,
7525.0,False,False,0->0,16,1563,1563,,
7526.0,False,False,0->0,16,1635,1634,,
7527.0,False,False,0->0,16,1340,1339,,
7528.0,False,False,0->0,16,1811,1808,,
7529.0,False,False,0->0,16,1575,1575,,
7530.0,False,False,0->0,16,1178,1178,,
7531.0,False,False,0->0,16,1872,1871,,
7532.0,False,False,0->0,16,1561,1561,,
7533.0,False,False,0->0,16,1450,1447,,
7534.0,False,False,0->0,16,1069,1069,,
7535.0,False,False,0->0,16,1543,1543,,
7536.0,False,False,0->0,16,2794,2792,,
7537.0,False,False,0->0,16,1504,1504,,
7538.0,False,False,0->0,12,1520,1520,,
7539.0,False,False,0->0,16,2197,2196,,
7541.0,False,False,0->0,16,1870,1868,,
7542.0,False,False,0->0,16,1586,1584,,
7543.0,False,False,0->0,10,862,862,,
7544.0,False,False,0->0,16,2934,2933,,
7545.0,False,False,0->0,16,2351,2350,,
7547.0,False,False,0->0,16,1401,1400,,
7549.0,False,False,0->0,16,1071,1071,,
7550.0,False,False,0->0,16,1181,1180,,
7551.0,False,False,0->0,16,1197,1194,,
7553.0,False,False,0->0,12,1368,1368,,
7554.0,False,False,0->0,16,1407,1406,,
7555.0,False,False,0->0,16,1320,1319,,
7559.0,False,False,0->0,8,1060,1060,,
7560.0,False,False,0->0,16,1053,1052,,
7561.0,False,False,0->0,16,1229,1227,,
7562.0,False,False,0->0,16,1429,1427,,
7563.0,False,False,0->0,16,2744,2743,,
7564.0,False,False,0->0,16,1970,1968,,
7565.0,False,False,0->0,16,1569,1569,,
7566.0,False,False,0->0,16,1446,1444,,
7568.0,False,False,0->0,16,1187,1186,,
7570.0,False,False,0->0,16,714,714,,
7571.0,False,False,0->0,16,1201,1200,,
7572.0,False,False,0->0,16,1818,1818,,
7573.0,False,False,0->0,16,1826,1825,,
7574.0,False,False,0->0,10,1762,1762,,
7575.0,False,False,0->0,8,1810,1810,,
7576.0,False,False,0->0,16,1704,1702,,
7577.0,False,False,0->0,16,2186,2185,,
7578.0,False,False,0->0,16,1518,1517,,
7579.0,False,False,0->0,16,1495,1494,,
7581.0,False,False,0->0,16,1836,1833,,
7582.0,False,False,0->0,16,810,807,,
7583.0,False,False,0->0,16,1953,1951,,
7584.0,False,False,0->0,16,1836,1836,,
7586.0,False,False,0->0,16,2238,2237,,
7587.0,False,False,0->0,10,969,969,,
7588.0,False,False,0->0,8,2057,2057,,
7589.0,False,False,0->0,8,1189,1189,,
7591.0,False,False,0->0,16,1580,1578,,
7592.0,False,False,0->0,16,2837,2835,,
7593.0,False,False,0->0,16,1875,1874,,
7594.0,False,False,0->0,16,1940,1939,,
7595.0,False,False,0->0,16,2223,2221,,
7596.0,False,False,0->0,16,1733,1733,,
7598.0,False,False,0->0,16,3630,3628,,
7599.0,False,False,0->0,16,1340,1339,,
7602.0,False,False,0->0,16,1633,1632,,
7603.0,False,False,0->0,16,1578,1577,,
7604.0,False,False,0->0,16,1668,1664,,
7605.0,False,False,0->0,16,987,986,,
7607.0,False,False,0->0,16,1362,1360,,
7608.0,False,False,0->0,8,2177,2177,,
7609.0,False,False,0->0,16,1546,1543,,
7610.0,False,False,0->0,16,2117,2117,,
7613.0,False,False,0->0,16,1383,1382,,
7614.0,False,False,0->0,16,1621,1620,,
7615.0,False,False,0->0,16,1649,1648,,
7617.0,False,False,0->0,16,1271,1271,,
7619.0,False,False,0->0,16,642,642,,
7621.0,False,False,0->0,10,2103,2103,,
7623.0,False,False,0->0,16,2201,2200,,
7624.0,False,False,0->0,16,1287,1285,,
7625.0,False,False,0->0,16,1878,1878,,
7626.0,False,False,0->0,16,1780,1780,,
7627.0,False,False,0->0,10,1255,1255,,
7628.0,False,False,0->0,16,913,913,,
7632.0,False,False,0->0,16,1710,1710,,
7633.0,False,False,0->0,16,1489,1488,,
7634.0,False,False,0->0,16,1214,1214,,
7635.0,False,False,0->0,16,1274,1272,,
7636.0,False,False,0->0,8,2521,2520,,
7637.0,False,False,0->0,16,1769,1768,,
7639.0,False,False,0->0,16,1281,1279,,
7640.0,False,False,0->0,16,1004,1003,,
7641.0,False,False,0->0,12,1880,1880,,
7642.0,False,False,0->0,16,1745,1745,,
7644.0,False,False,0->0,16,1059,1058,,
7645.0,False,False,0->0,16,1534,1533,,
7646.0,False,False,0->0,16,1811,1810,,
7647.0,False,False,0->0,16,1903,1901,,
7649.0,False,False,0->0,16,1619,1618,,
7650.0,False,False,0->0,16,1309,1308,,
7651.0,False,False,0->0,16,1703,1701,,
7652.0,False,False,0->0,16,1054,1054,,
7653.0,False,False,0->0,16,1033,1032,,
7655.0,False,False,0->0,8,1934,1934,,
7656.0,False,False,0->0,16,2297,2296,,
7657.0,False,False,0->0,16,2441,2439,,
7658.0,False,False,0->0,16,924,923,,
7661.0,False,False,0->0,16,1582,1581,,
7662.0,False,False,0->0,16,1950,1949,,
7663.0,False,False,0->0,16,1071,1070,,
7665.0,False,False,0->0,10,2259,2259,,
7666.0,False,False,0->0,16,2714,2713,,
7669.0,False,False,0->0,16,1330,1329,,
7671.0,False,False,0->0,10,1432,1432,,
7672.0,False,False,0->0,16,2007,2006,,
7673.0,False,False,0->0,16,1164,1161,,
7674.0,False,False,0->0,14,984,984,,
7675.0,False,False,0->0,16,2391,2389,,
7676.0,False,False,0->0,10,1417,1417,,
7677.0,False,False,0->0,16,1255,1253,,
7679.0,False,False,0->0,16,1540,1538,,
7680.0,False,False,0->0,16,1305,1305,,
7681.0,False,False,0->0,16,1895,1895,,
7682.0,False,False,0->0,16,1744,1742,,
7684.0,False,False,0->0,16,1032,1032,,
7686.0,False,False,0->0,16,1151,1150,,
7687.0,False,False,0->0,16,931,931,,
7688.0,False,False,0->0,16,1470,1469,,
7689.0,False,False,0->0,10,1369,1368,,
7690.0,False,False,0->0,14,1007,1007,,
7691.0,False,False,0->0,16,1395,1394,,
7693.0,False,False,0->0,16,1756,1756,,
7694.0,False,False,0->0,16,1727,1726,,
7697.0,False,False,0->0,16,1522,1521,,
7699.0,False,False,0->0,16,1179,1178,,
7700.0,False,False,0->0,12,2101,2101,,
7701.0,False,False,0->0,16,1519,1518,,
7702.0,False,False,0->0,16,1692,1692,,
7703.0,False,False,0->0,16,1591,1591,,
7704.0,False,False,0->0,16,1159,1158,,
7705.0,False,False,0->0,16,1788,1785,,
7706.0,False,False,0->0,10,1063,1063,,
7707.0,False,False,0->0,16,1008,1008,,
7708.0,False,False,0->0,16,1501,1499,,
7710.0,False,False,0->0,10,1644,1644,,
7711.0,False,False,0->0,16,685,684,,
7712.0,False,False,0->0,16,1704,1703,,
7713.0,False,False,0->0,16,1408,1407,,
7714.0,False,False,0->0,16,1531,1530,,
7715.0,False,False,0->0,16,2173,2172,,
7716.0,False,False,0->0,16,1471,1468,,
7717.0,False,False,0->0,16,1320,1318,,
7718.0,False,False,0->0,12,2232,2232,,
7719.0,False,False,0->0,16,1817,1817,,
7720.0,False,False,0->0,16,1123,1123,,
7722.0,False,False,0->0,16,1702,1701,,
7723.0,False,False,0->0,16,3054,3052,,
7725.0,False,False,0->0,12,1395,1395,,
7727.0,False,False,0->0,16,1070,1070,,
7728.0,False,False,0->0,16,1718,1718,,
7729.0,False,False,0->0,16,529,529,,
7730.0,False,False,0->0,16,2864,2863,,
7732.0,False,False,0->0,16,1790,1789,,
7733.0,False,False,0->0,16,2847,2845,,
7734.0,False,False,0->0,16,1415,1415,,
7737.0,False,False,0->0,16,1654,1653,,
7739.0,False,False,0->0,16,1561,1561,,
7741.0,False,False,0->0,14,1761,1761,,
7742.0,False,False,0->0,12,1512,1512,,
7743.0,False,False,0->0,12,1864,1864,,
7744.0,False,False,0->0,16,1582,1580,,
7745.0,False,False,0->0,16,2771,2768,,
7746.0,False,False,0->0,16,2320,2318,,
7747.0,False,False,0->0,16,708,707,,
7749.0,False,False,0->0,10,1174,1174,,
7750.0,False,False,0->0,16,1613,1613,,
7751.0,False,False,0->0,16,1660,1659,,
7753.0,False,False,0->0,10,1845,1844,,
7754.0,False,False,0->0,16,2004,2003,,
7756.0,False,False,0->0,16,1864,1864,,
7757.0,False,False,0->0,16,2487,2486,,
7761.0,False,False,0->0,16,1862,1862,,
7763.0,False,False,0->0,12,2049,2048,,
7764.0,False,False,0->0,16,1853,1852,,
7765.0,False,False,0->0,16,1164,1163,,
7767.0,False,False,0->0,16,1592,1589,,
7768.0,False,False,0->0,16,1784,1784,,
7769.0,False,False,0->0,16,1743,1742,,
7770.0,False,False,0->0,16,2348,2346,,
7771.0,False,False,0->0,16,1436,1434,,
7772.0,False,False,0->0,16,1789,1787,,
7777.0,False,False,0->0,16,1807,1807,,
7778.0,False,False,0->0,16,1927,1927,,
7779.0,False,False,0->0,16,1441,1440,,
7780.0,False,False,0->0,10,775,775,,
7784.0,False,False,0->0,16,1973,1972,,
7786.0,False,False,0->0,16,1377,1377,,
7787.0,False,False,0->0,16,1567,1565,,
7788.0,False,False,0->0,16,1214,1213,,
7790.0,False,False,0->0,16,2010,2009,,
7793.0,False,False,0->0,16,1391,1391,,
7796.0,False,False,0->0,16,1149,1148,,
7797.0,False,False,0->0,16,960,960,,
7799.0,False,False,0->0,16,1703,1702,,
7801.0,False,False,0->0,16,1116,1116,,
7802.0,False,False,0->0,8,1051,1051,,
7803.0,False,False,0->0,16,962,961,,
7804.0,False,False,0->0,16,1245,1243,,
7805.0,False,False,0->0,16,1287,1285,,
7806.0,False,False,0->0,16,1549,1545,,
7807.0,False,False,0->0,16,1228,1225,,
7810.0,False,False,0->0,16,1491,1491,,
7811.0,False,False,0->0,16,998,997,,
7812.0,False,False,0->0,16,1292,1291,,
7813.0,False,False,0->0,16,1362,1361,,
7814.0,False,False,0->0,16,1082,1078,,
7815.0,False,False,0->0,16,1869,1869,,
7816.0,False,False,0->0,16,1017,1015,,
7817.0,False,False,0->0,16,1040,1039,,
7818.0,False,False,0->0,16,2704,2701,,
7820.0,False,False,0->0,16,1122,1120,,
7822.0,False,False,0->0,16,1302,1300,,
7824.0,False,False,0->0,16,1099,1097,,
7825.0,False,False,0->0,16,1842,1841,,
7826.0,False,False,0->0,16,1740,1739,,
7827.0,False,False,0->0,16,1666,1665,,
7829.0,False,False,0->0,16,1263,1263,,
7830.0,False,False,0->0,16,1299,1298,,
7831.0,False,False,0->0,16,1208,1208,,
7836.0,False,False,0->0,16,2223,2221,,
7838.0,False,False,0->0,12,1282,1282,,
7840.0,False,False,0->0,16,2136,2135,,
7841.0,False,False,0->0,16,1799,1799,,
7842.0,False,False,0->0,16,1014,1013,,
7843.0,False,False,0->0,16,779,777,,
7844.0,False,False,0->0,16,1463,1462,,
7845.0,False,False,0->0,16,1685,1684,,
7847.0,False,False,0->0,16,2117,2115,,
7848.0,False,False,0->0,16,2264,2262,,
7850.0,False,False,0->0,16,1936,1936,,
7851.0,False,False,0->0,16,1643,1641,,
7853.0,False,False,0->0,12,1457,1457,,
7854.0,False,False,0->0,16,1269,1268,,
7855.0,False,False,0->0,10,2017,2017,,
7857.0,False,False,0->0,16,854,854,,
7858.0,False,False,0->0,16,1333,1331,,
7860.0,False,False,0->0,16,1007,1005,,
7861.0,False,False,0->0,16,1973,1972,,
7862.0,False,False,0->0,16,1423,1422,,
7863.0,False,False,0->0,16,1584,1582,,
7866.0,False,False,0->0,16,2431,2430,,
7868.0,False,False,0->0,16,1273,1272,,
7869.0,False,False,0->0,16,1794,1793,,
7870.0,False,False,0->0,10,2748,2748,,
7871.0,False,False,0->0,16,2046,2046,,
7872.0,False,False,0->0,16,1778,1774,,
7873.0,False,False,0->0,16,1421,1418,,
7874.0,False,False,0->0,16,947,947,,
7876.0,False,False,0->0,16,1587,1587,,
7877.0,False,False,0->0,16,1307,1305,,
7878.0,False,False,0->0,16,1627,1627,,
7879.0,False,False,0->0,16,1562,1562,,
7880.0,False,False,0->0,16,1870,1867,,
7881.0,False,False,0->0,16,1231,1228,,
7882.0,False,False,0->0,16,1133,1131,,
7883.0,False,False,0->0,16,1360,1357,,
7884.0,False,False,0->0,16,1352,1352,,
7885.0,False,False,0->0,16,965,964,,
7886.0,False,False,0->0,16,2670,2670,,
7887.0,False,False,0->0,16,1555,1553,,
7888.0,False,False,0->0,16,422,421,,
7889.0,False,False,0->0,16,1420,1420,,
7891.0,False,False,0->0,10,1606,1606,,
7892.0,False,False,0->0,16,3020,3017,,
7893.0,False,False,0->0,16,2133,2132,,
7894.0,False,False,0->0,16,2683,2683,,
7895.0,False,False,0->0,16,1016,1015,,
7896.0,False,False,0->0,16,1577,1576,,
7898.0,False,False,0->0,16,1404,1404,,
7899.0,False,False,0->0,16,1609,1608,,
7900.0,False,False,0->0,16,1794,1793,,
7901.0,False,False,0->0,16,1211,1211,,
7902.0,False,False,0->0,16,1498,1497,,
7904.0,False,False,0->0,16,1814,1812,,
7905.0,False,False,0->0,16,1516,1515,,
7907.0,False,False,0->0,16,1755,1754,,
7908.0,False,False,0->0,16,2385,2382,,
7909.0,False,False,0->0,16,1536,1533,,
7911.0,False,False,0->0,16,1901,1898,,
7913.0,False,False,0->0,16,2256,2255,,
7915.0,False,False,0->0,16,1476,1475,,
7917.0,False,False,0->0,16,1646,1645,,
7918.0,False,False,0->0,16,2208,2205,,
7921.0,False,False,0->0,16,2511,2510,,
7923.0,False,False,0->0,16,1357,1355,,
7924.0,False,False,0->0,16,1653,1650,,
7925.0,False,False,0->0,10,849,849,,
7926.0,False,False,0->0,16,1602,1600,,
7929.0,False,False,0->0,16,1652,1651,,
7931.0,False,False,0->0,10,1318,1318,,
7932.0,False,False,0->0,16,2410,2409,,
7933.0,False,False,0->0,16,2392,2389,,
7934.0,False,False,0->0,16,2445,2443,,
7935.0,False,False,0->0,16,1627,1625,,
7936.0,False,False,0->0,16,1977,1976,,
7937.0,False,False,0->0,16,2282,2279,,
7939.0,False,False,0->0,16,3077,3077,,
7941.0,False,False,0->0,10,2503,2502,,
7944.0,False,False,0->0,16,1256,1254,,
7945.0,False,False,0->0,10,1381,1381,,
7947.0,False,False,0->0,16,1889,1887,,
7949.0,False,False,0->0,16,1461,1460,,
7950.0,False,False,0->0,16,1183,1181,,
7951.0,False,False,0->0,16,1134,1134,,
7952.0,False,False,0->0,16,1190,1190,,
7953.0,False,False,0->0,16,1133,1133,,
7954.0,False,False,0->0,16,1212,1211,,
7956.0,False,False,0->0,16,1432,1429,,
7960.0,False,False,0->0,16,1938,1938,,
7961.0,False,False,0->0,16,1570,1569,,
7962.0,False,False,0->0,16,1779,1779,,
7963.0,False,False,0->0,16,1369,1367,,
7964.0,False,False,0->0,16,1093,1093,,
7967.0,False,False,0->0,16,2003,2002,,
7968.0,False,False,0->0,16,1307,1304,,
7969.0,False,False,0->0,16,982,982,,
7970.0,False,False,0->0,16,1153,1152,,
7971.0,False,False,0->0,16,1375,1373,,
7972.0,False,False,0->0,16,1398,1397,,
7973.0,False,False,0->0,16,1364,1364,,
7975.0,False,False,0->0,12,1793,1792,,
7977.0,False,False,0->0,16,2646,2645,,
7978.0,False,False,0->0,16,2416,2412,,
7979.0,False,False,0->0,16,882,882,,
7980.0,False,False,0->0,16,1782,1780,,
7981.0,False,False,0->0,16,1700,1700,,
7982.0,False,False,0->0,16,1184,1183,,
7986.0,False,False,0->0,16,1975,1974,,
7987.0,False,False,0->0,16,2071,2071,,
7988.0,False,False,0->0,16,1518,1516,,
7989.0,False,False,0->0,16,1227,1226,,
7990.0,False,False,0->0,16,1608,1608,,
7992.0,False,False,0->0,10,1465,1465,,
7993.0,False,False,0->0,16,1437,1435,,
7994.0,False,False,0->0,16,1184,1182,,
7995.0,False,False,0->0,16,1639,1636,,
7999.0,False,False,0->0,16,1538,1535,,
8000.0,False,False,0->0,16,2097,2095,,
8002.0,False,False,0->0,14,1327,1327,,
8003.0,False,False,0->0,10,2449,2449,,
8004.0,False,False,0->0,8,1214,1214,,
8005.0,False,False,0->0,16,1286,1283,,
8006.0,False,False,0->0,16,1921,1921,,
8007.0,False,False,0->0,16,1710,1709,,
8011.0,False,False,0->0,16,1433,1433,,
8012.0,False,False,0->0,16,1447,1446,,
8014.0,False,False,0->0,10,2050,2050,,
8017.0,False,False,0->0,16,774,773,,
8019.0,False,False,0->0,16,1202,1201,,
8020.0,False,False,0->0,16,1792,1789,,
8021.0,False,False,0->0,16,2497,2495,,
8023.0,False,False,0->0,16,1247,1246,,
8024.0,False,False,0->0,16,1602,1601,,
8025.0,False,False,0->0,16,1658,1657,,
8026.0,False,False,0->0,16,2691,2690,,
8027.0,False,False,0->0,16,1580,1579,,
8030.0,False,False,0->0,16,1592,1590,,
8031.0,False,False,0->0,16,1829,1829,,
8032.0,False,False,0->0,16,1332,1330,,
8033.0,False,False,0->0,16,1595,1593,,
8034.0,False,False,0->0,8,648,648,,
8035.0,False,False,0->0,16,1930,1930,,
8037.0,False,False,0->0,16,1002,1001,,
8038.0,False,False,0->0,16,1642,1641,,
8039.0,False,False,0->0,10,1245,1245,,
8040.0,False,False,0->0,16,1508,1506,,
8041.0,False,False,0->0,16,1393,1391,,
8042.0,False,False,0->0,16,1290,1290,,
8043.0,False,False,0->0,16,1820,1818,,
8044.0,False,False,0->0,16,975,974,,
8045.0,False,False,0->0,16,1094,1093,,
8046.0,False,False,0->0,16,1185,1184,,
8047.0,False,False,0->0,16,1231,1231,,
8050.0,False,False,0->0,16,645,645,,
8051.0,False,False,0->0,16,1327,1327,,
8052.0,False,False,0->0,16,1257,1256,,
8053.0,False,False,0->0,16,1420,1418,,
8054.0,False,False,0->0,16,1935,1934,,
8055.0,False,False,0->0,16,1462,1460,,
8057.0,False,False,0->0,16,1845,1845,,
8058.0,False,False,0->0,16,1218,1216,,
8059.0,False,False,0->0,16,2229,2228,,
8060.0,False,False,0->0,16,1786,1785,,
8061.0,False,False,0->0,16,1701,1700,,
8063.0,False,False,0->0,16,1266,1263,,
8064.0,False,False,0->0,16,1027,1027,,
8065.0,False,False,0->0,16,1765,1765,,
8066.0,False,False,0->0,16,745,743,,
8067.0,False,False,0->0,16,1880,1880,,
8068.0,False,False,0->0,16,1298,1296,,
8069.0,False,False,0->0,16,1118,1117,,
8070.0,False,False,0->0,16,1314,1312,,
8071.0,False,False,0->0,16,1852,1850,,
8072.0,False,False,0->0,16,2250,2249,,
8073.0,False,False,0->0,16,1310,1310,,
8074.0,False,False,0->0,16,2476,2476,,
8075.0,False,False,0->0,16,1670,1669,,
8076.0,False,False,0->0,16,811,810,,
8077.0,False,False,0->0,16,2570,2567,,
8078.0,False,False,0->0,16,2025,2023,,
8079.0,False,False,0->0,16,1376,1373,,
8081.0,False,False,0->0,16,2463,2463,,
8082.0,False,False,0->0,16,2097,2097,,
8083.0,False,False,0->0,10,1988,1988,,
8084.0,False,False,0->0,16,2843,2841,,
8086.0,False,False,0->0,16,1201,1199,,
8087.0,False,False,0->0,16,1648,1646,,
8089.0,False,False,0->0,16,1367,1366,,
8090.0,False,False,0->0,16,1551,1550,,
8091.0,False,False,0->0,16,737,736,,
8092.0,False,False,0->0,16,1087,1086,,
8093.0,False,False,0->0,16,769,769,,
8095.0,False,False,0->0,16,1830,1829,,
8096.0,False,False,0->0,16,1528,1527,,
8098.0,False,False,0->0,16,2181,2179,,
8099.0,False,False,0->0,12,1533,1533,,
8100.0,False,False,0->0,16,2129,2126,,
8101.0,False,False,0->0,16,1950,1948,,
8102.0,False,False,0->0,16,1304,1302,,
8103.0,False,False,0->0,16,1207,1205,,
8104.0,False,False,0->0,16,1540,1539,,
8105.0,False,False,0->0,16,1231,1230,,
8106.0,False,False,0->0,16,1611,1610,,
8107.0,False,False,0->0,16,1099,1099,,
8109.0,False,False,0->0,8,2425,2424,,
8110.0,False,False,0->0,16,1072,1072,,
8111.0,False,False,0->0,16,1728,1726,,
8112.0,False,False,0->0,16,1633,1631,,
8113.0,False,False,0->0,16,1259,1259,,
8114.0,False,False,0->0,16,1615,1612,,
8115.0,False,False,0->0,16,894,894,,
8116.0,False,False,0->0,16,1239,1238,,
8120.0,False,False,0->0,16,1781,1779,,
8121.0,False,False,0->0,16,1382,1382,,
8123.0,False,False,0->0,16,1488,1487,,
8125.0,False,False,0->0,16,2353,2352,,
8126.0,False,False,0->0,16,1779,1778,,
8127.0,False,False,0->0,16,1284,1282,,
8128.0,False,False,0->0,16,2044,2042,,
8129.0,False,False,0->0,16,1176,1175,,
8130.0,False,False,0->0,16,1122,1121,,
8131.0,False,False,0->0,16,678,678,,
8132.0,False,False,0->0,16,1807,1805,,
8134.0,False,False,0->0,16,873,871,,
8135.0,False,False,0->0,16,2502,2500,,
8136.0,False,False,0->0,16,3161,3158,,
8137.0,False,False,0->0,16,2110,2109,,
8138.0,False,False,0->0,16,1259,1257,,
8139.0,False,False,0->0,16,1221,1219,,
8140.0,False,False,0->0,16,1527,1526,,
8141.0,False,False,0->0,16,2225,2223,,
8142.0,False,False,0->0,16,1690,1689,,
8143.0,False,False,0->0,16,1892,1892,,
8144.0,False,False,0->0,16,1425,1423,,
8145.0,False,False,0->0,16,1483,1480,,
8146.0,False,False,0->0,16,1798,1795,,
8147.0,False,False,0->0,16,2562,2562,,
8148.0,False,False,0->0,16,3017,3014,,
8149.0,False,False,0->0,16,772,768,,
8150.0,False,False,0->0,16,2348,2347,,
8151.0,False,False,0->0,16,2284,2283,,
8153.0,False,False,0->0,16,1434,1434,,
8155.0,False,False,0->0,16,1630,1629,,
8156.0,False,False,0->0,16,1763,1762,,
8157.0,False,False,0->0,16,1628,1627,,
8158.0,False,False,0->0,16,787,785,,
8160.0,False,False,0->0,16,957,957,,
8161.0,False,False,0->0,8,1940,1940,,
8163.0,False,False,0->0,16,970,969,,
8164.0,False,False,0->0,16,2067,2065,,
8166.0,False,False,0->0,8,966,966,,
8167.0,False,False,0->0,14,2047,2047,,
8168.0,False,False,0->0,16,1316,1316,,
8169.0,False,False,0->0,16,2025,2024,,
8171.0,False,False,0->0,16,2308,2307,,
8173.0,False,False,0->0,16,1030,1030,,
8174.0,False,False,0->0,16,1213,1212,,
8175.0,False,False,0->0,16,1038,1036,,
8177.0,False,False,0->0,16,1615,1612,,
8178.0,False,False,0->0,16,2293,2292,,
8179.0,False,False,0->0,16,1477,1474,,
8180.0,False,False,0->0,8,1930,1930,,
8182.0,False,False,0->0,16,2111,2109,,
8183.0,False,False,0->0,14,1372,1371,,
8184.0,False,False,0->0,16,2919,2919,,
8185.0,False,False,0->0,16,1598,1597,,
8186.0,False,False,0->0,16,1748,1748,,
8187.0,False,False,0->0,16,2371,2371,,
8189.0,False,False,0->0,16,1535,1535,,
8191.0,False,False,0->0,16,1300,1300,,
8192.0,False,False,0->0,16,1936,1934,,
8193.0,False,False,0->0,16,2535,2534,,
8194.0,False,False,0->0,10,2042,2042,,
8196.0,False,False,0->0,16,903,901,,
8197.0,False,False,0->0,12,1084,1084,,
8201.0,False,False,0->0,16,2231,2230,,
8202.0,False,False,0->0,14,1601,1600,,
8203.0,False,False,0->0,16,1754,1753,,
8205.0,False,False,0->0,16,1731,1731,,
8206.0,False,False,0->0,16,1734,1732,,
8207.0,False,False,0->0,16,1501,1500,,
8208.0,False,False,0->0,16,1646,1646,,
8209.0,False,False,0->0,16,1294,1291,,
8210.0,False,False,0->0,16,2572,2571,,
8213.0,False,False,0->0,16,1450,1450,,
8214.0,False,False,0->0,16,1313,1311,,
8215.0,False,False,0->0,16,963,962,,
8217.0,False,False,0->0,16,2654,2653,,
8218.0,False,False,0->0,16,1127,1125,,
8219.0,False,False,0->0,16,1876,1875,,
8220.0,False,False,0->0,12,2992,2992,,
8223.0,False,False,0->0,16,2103,2101,,
8224.0,False,False,0->0,16,1948,1947,,
8225.0,False,False,0->0,10,2048,2048,,
8226.0,False,False,0->0,16,2256,2256,,
8227.0,False,False,0->0,16,1720,1719,,
8228.0,False,False,0->0,16,1179,1177,,
8229.0,False,False,0->0,16,1216,1216,,
8230.0,False,False,0->0,16,2254,2252,,
8231.0,False,False,0->0,16,2138,2138,,
8234.0,False,False,0->0,16,1389,1386,,
8235.0,False,False,0->0,16,1169,1167,,
8236.0,False,False,0->0,16,1699,1698,,
8237.0,False,False,0->0,16,849,847,,
8239.0,False,False,0->0,16,1190,1190,,
8240.0,False,False,0->0,16,1568,1567,,
8241.0,False,False,0->0,16,1651,1647,,
8242.0,False,False,0->0,16,1138,1136,,
8243.0,False,False,0->0,16,1114,1114,,
8244.0,False,False,0->0,16,1839,1839,,
8245.0,False,False,0->0,16,2042,2041,,
8246.0,False,False,0->0,16,1384,1384,,
8247.0,False,False,0->0,16,1969,1968,,
8248.0,False,False,0->0,8,1192,1192,,
8249.0,False,False,0->0,16,1551,1550,,
8250.0,False,False,0->0,16,1167,1166,,
8251.0,False,False,0->0,16,2064,2062,,
8252.0,False,False,0->0,16,1502,1499,,
8253.0,False,False,0->0,16,1640,1640,,
8254.0,False,False,0->0,16,1692,1692,,
8256.0,False,False,0->0,16,876,875,,
8257.0,False,False,0->0,16,1563,1562,,
8258.0,False,False,0->0,16,1225,1223,,
8259.0,False,False,0->0,16,1289,1288,,
8260.0,False,False,0->0,16,1764,1761,,
8262.0,False,False,0->0,16,1340,1340,,
8263.0,False,False,0->0,16,1163,1161,,
8264.0,False,False,0->0,16,2299,2298,,
8265.0,False,False,0->0,16,2459,2457,,
8266.0,False,False,0->0,16,1330,1328,,
8267.0,False,False,0->0,16,1397,1396,,
8268.0,False,False,0->0,16,2717,2716,,
8269.0,False,False,0->0,16,2972,2970,,
8271.0,False,False,0->0,16,819,819,,
8272.0,False,False,0->0,16,1481,1479,,
8273.0,False,False,0->0,16,1484,1484,,
8275.0,False,False,0->0,16,2020,2017,,
8276.0,False,False,0->0,16,1298,1297,,
8278.0,False,False,0->0,16,1793,1791,,
8279.0,False,False,0->0,16,1241,1240,,
8282.0,False,False,0->0,16,1579,1578,,
8283.0,False,False,0->0,16,1368,1366,,
8284.0,False,False,0->0,16,1354,1352,,
8285.0,False,False,0->0,16,2202,2202,,
8286.0,False,False,0->0,8,1035,1035,,
8287.0,False,False,0->0,16,1016,1013,,
8288.0,False,False,0->0,16,2163,2161,,
8289.0,False,False,0->0,16,2354,2354,,
8290.0,False,False,0->0,16,2121,2119,,
8291.0,False,False,0->0,8,1852,1852,,
8292.0,False,False,0->0,16,1845,1844,,
8293.0,False,False,0->0,16,1541,1540,,
8294.0,False,False,0->0,12,1296,1296,,
8296.0,False,False,0->0,16,1429,1427,,
8297.0,False,False,0->0,16,1655,1654,,
8299.0,False,False,0->0,16,1263,1261,,
8300.0,False,False,0->0,16,1761,1761,,
8301.0,False,False,0->0,14,2081,2080,,
8303.0,False,False,0->0,16,1908,1907,,
8304.0,False,False,0->0,16,1803,1803,,
8307.0,False,False,0->0,10,1979,1979,,
8308.0,False,False,0->0,16,931,931,,
8309.0,False,False,0->0,16,1314,1311,,
8310.0,False,False,0->0,16,1799,1799,,
8311.0,False,False,0->0,16,1862,1860,,
8312.0,False,False,0->0,16,1610,1607,,
8314.0,False,False,0->0,16,852,852,,
8315.0,False,False,0->0,16,1443,1442,,
8316.0,False,False,0->0,16,1664,1663,,
8317.0,False,False,0->0,16,1672,1671,,
8318.0,False,False,0->0,16,1331,1331,,
8321.0,False,False,0->0,16,1672,1670,,
8324.0,False,False,0->0,16,1220,1220,,
8325.0,False,False,0->0,16,1000,998,,
8326.0,False,False,0->0,12,1354,1354,,
8327.0,False,False,0->0,8,1415,1415,,
8328.0,False,False,0->0,14,2635,2635,,
8329.0,False,False,0->0,16,1361,1360,,
8330.0,False,False,0->0,16,2085,2084,,
8333.0,False,False,0->0,16,1255,1255,,
8334.0,False,False,0->0,16,1301,1301,,
8336.0,False,False,0->0,16,1786,1785,,
8339.0,False,False,0->0,16,1163,1161,,
8340.0,False,False,0->0,16,1428,1428,,
8343.0,False,False,0->0,16,1811,1810,,
8345.0,False,False,0->0,16,1960,1960,,
8346.0,False,False,0->0,16,1601,1599,,
8348.0,False,False,0->0,16,1760,1759,,
8349.0,False,False,0->0,16,823,822,,
8351.0,False,False,0->0,16,914,914,,
8353.0,False,False,0->0,16,2388,2385,,
8354.0,False,False,0->0,16,1478,1477,,
8358.0,False,False,0->0,16,2084,2081,,
8359.0,False,False,0->0,16,2616,2614,,
8361.0,False,False,0->0,12,1517,1517,,
8362.0,False,False,0->0,16,1873,1871,,
8363.0,False,False,0->0,16,1184,1183,,
8364.0,False,False,0->0,14,1940,1939,,
8365.0,False,False,0->0,16,1547,1547,,
8366.0,False,False,0->0,8,1228,1228,,
8367.0,False,False,0->0,16,1851,1851,,
8368.0,False,False,0->0,16,1176,1174,,
8371.0,False,False,0->0,10,1060,1060,,
8372.0,False,False,0->0,16,1818,1817,,
8373.0,False,False,0->0,16,1748,1748,,
8375.0,False,False,0->0,16,1939,1937,,
8376.0,False,False,0->0,16,1800,1799,,
8379.0,False,False,0->0,16,1447,1446,,
8380.0,False,False,0->0,16,1689,1688,,
8381.0,False,False,0->0,16,2004,2003,,
8382.0,False,False,0->0,16,957,956,,
8383.0,False,False,0->0,16,1777,1775,,
8384.0,False,False,0->0,16,2016,2015,,
8385.0,False,False,0->0,16,1628,1627,,
8387.0,False,False,0->0,16,1658,1657,,
8388.0,False,False,0->0,16,2133,2133,,
8389.0,False,False,0->0,16,1897,1897,,
8390.0,False,False,0->0,16,956,955,,
8391.0,False,False,0->0,16,1419,1418,,
8393.0,False,False,0->0,16,1367,1367,,
8394.0,False,False,0->0,16,1807,1806,,
8395.0,False,False,0->0,10,1075,1075,,
8396.0,False,False,0->0,10,3105,3105,,
8397.0,False,False,0->0,16,1885,1885,,
8398.0,False,False,0->0,16,1504,1503,,
8399.0,False,False,0->0,16,1790,1790,,
8400.0,False,False,0->0,12,769,769,,
8401.0,False,False,0->0,16,1180,1180,,
8403.0,False,False,0->0,16,1361,1361,,
8405.0,False,False,0->0,16,1622,1619,,
8407.0,False,False,0->0,16,1147,1147,,
8408.0,False,False,0->0,16,2341,2340,,
8409.0,False,False,0->0,10,1093,1093,,
8410.0,False,False,0->0,16,1445,1445,,
8411.0,False,False,0->0,16,2396,2392,,
8412.0,False,False,0->0,16,2536,2536,,
8413.0,False,False,0->0,16,1703,1701,,
8414.0,False,False,0->0,16,2990,2987,,
8416.0,False,False,0->0,16,1781,1781,,
8417.0,False,False,0->0,16,1780,1779,,
8418.0,False,False,0->0,16,1595,1593,,
8420.0,False,False,0->0,16,1400,1399,,
8421.0,False,False,0->0,16,1579,1577,,
8422.0,False,False,0->0,16,2038,2037,,
8424.0,False,False,0->0,16,1359,1357,,
8425.0,False,False,0->0,16,1760,1759,,
8426.0,False,False,0->0,16,1418,1416,,
8427.0,False,False,0->0,16,1417,1416,,
8428.0,False,False,0->0,16,1628,1628,,
8429.0,False,False,0->0,16,2179,2179,,
8430.0,False,False,0->0,16,980,980,,
8431.0,False,False,0->0,16,1616,1615,,
8432.0,False,False,0->0,16,1343,1343,,
8433.0,False,False,0->0,16,1467,1464,,
8434.0,False,False,0->0,16,1765,1764,,
8436.0,False,False,0->0,16,1723,1722,,
8437.0,False,False,0->0,16,2094,2093,,
8438.0,False,False,0->0,16,986,982,,
8439.0,False,False,0->0,16,1938,1936,,
8440.0,False,False,0->0,16,1794,1793,,
8442.0,False,False,0->0,16,1926,1926,,
8443.0,False,False,0->0,10,999,999,,
8444.0,False,False,0->0,16,1039,1038,,
8445.0,False,False,0->0,16,1446,1444,,
8446.0,False,False,0->0,16,1274,1272,,
8447.0,False,False,0->0,16,1783,1782,,
8448.0,False,False,0->0,14,1683,1682,,
8449.0,False,False,0->0,10,1749,1749,,
8451.0,False,False,0->0,16,1955,1955,,
8452.0,False,False,0->0,16,1202,1199,,
8453.0,False,False,0->0,16,1613,1612,,
8454.0,False,False,0->0,16,1639,1637,,
8455.0,False,False,0->0,16,980,980,,
8457.0,False,False,0->0,8,1692,1692,,
8458.0,False,False,0->0,16,1395,1394,,
8459.0,False,False,0->0,16,1552,1551,,
8460.0,False,False,0->0,16,1472,1471,,
8461.0,False,False,0->0,16,2069,2067,,
8465.0,False,False,0->0,16,1101,1101,,
8467.0,False,False,0->0,16,1534,1531,,
8468.0,False,False,0->0,16,1413,1412,,
8470.0,False,False,0->0,16,2273,2272,,
8472.0,False,False,0->0,16,1713,1712,,
8473.0,False,False,0->0,16,1439,1437,,
8474.0,False,False,0->0,16,1593,1592,,
8475.0,False,False,0->0,8,615,615,,
8476.0,False,False,0->0,16,1685,1684,,
8477.0,False,False,0->0,16,1474,1473,,
8479.0,False,False,0->0,16,1492,1492,,
8480.0,False,False,0->0,14,1192,1192,,
8482.0,False,False,0->0,16,1489,1486,,
8483.0,False,False,0->0,16,1236,1234,,
8484.0,False,False,0->0,16,716,714,,
8485.0,False,False,0->0,16,1640,1639,,
8486.0,False,False,0->0,16,2259,2257,,
8489.0,False,False,0->0,16,1674,1672,,
8491.0,False,False,0->0,14,2001,2000,,
8492.0,False,False,0->0,16,1098,1098,,
8493.0,False,False,0->0,16,765,763,,
8494.0,False,False,0->0,16,1002,1001,,
8497.0,False,False,0->0,16,1833,1833,,
8499.0,False,False,0->0,16,1616,1615,,
8500.0,False,False,0->0,16,2399,2395,,
8501.0,False,False,0->0,16,1262,1260,,
8502.0,False,False,0->0,10,2890,2889,,
8503.0,False,False,0->0,16,2111,2110,,
8504.0,False,False,0->0,16,2163,2162,,
8505.0,False,False,0->0,16,1681,1681,,
8506.0,False,False,0->0,16,1756,1755,,
8507.0,False,False,0->0,14,2871,2871,,
8508.0,False,False,0->0,16,1062,1062,,
8509.0,False,False,0->0,16,1080,1078,,
8510.0,False,False,0->0,16,1451,1450,,
8513.0,False,False,0->0,16,1655,1653,,
8516.0,False,False,0->0,16,1476,1476,,
8518.0,False,False,0->0,16,1338,1337,,
8522.0,False,False,0->0,16,1797,1797,,
8523.0,False,False,0->0,16,1835,1834,,
8525.0,False,False,0->0,16,1673,1669,,
8529.0,False,False,0->0,16,2125,2124,,
8530.0,False,False,0->0,16,1095,1094,,
8531.0,False,False,0->0,16,1469,1468,,
8533.0,False,False,0->0,16,1330,1328,,
8534.0,False,False,0->0,16,1342,1342,,
8535.0,False,False,0->0,12,2393,2393,,
8536.0,False,False,0->0,16,1771,1769,,
8538.0,False,False,0->0,16,1475,1473,,
8539.0,False,False,0->0,12,1230,1230,,
8540.0,False,False,0->0,16,1551,1551,,
8543.0,False,False,0->0,16,2699,2695,,
8544.0,False,False,0->0,16,2318,2316,,
8545.0,False,False,0->0,16,895,894,,
8546.0,False,False,0->0,16,804,804,,
8547.0,False,False,0->0,16,1918,1916,,
8549.0,False,False,0->0,16,1216,1216,,
8551.0,False,False,0->0,16,2149,2147,,
8553.0,False,False,0->0,16,1935,1935,,
8554.0,False,False,0->0,16,2193,2190,,
8556.0,False,False,0->0,16,1497,1496,,
8557.0,False,False,0->0,16,1483,1480,,
8561.0,False,False,0->0,16,1649,1649,,
8562.0,False,False,0->0,16,1124,1123,,
8563.0,False,False,0->0,16,1752,1750,,
8564.0,False,False,0->0,16,1473,1472,,
8565.0,False,False,0->0,16,1245,1245,,
8566.0,False,False,0->0,16,1399,1397,,
8567.0,False,False,0->0,8,2022,2022,,
8568.0,False,False,0->0,16,1985,1985,,
8569.0,False,False,0->0,14,681,681,,
8571.0,False,False,0->0,16,1421,1420,,
8572.0,False,False,0->0,14,1425,1425,,
8574.0,False,False,0->0,16,1147,1146,,
8575.0,False,False,0->0,16,1810,1809,,
8576.0,False,False,0->0,16,1362,1360,,
8577.0,False,False,0->0,16,2436,2436,,
8578.0,False,False,0->0,10,1814,1813,,
8579.0,False,False,0->0,16,1192,1192,,
8580.0,False,False,0->0,16,1349,1349,,
8581.0,False,False,0->0,16,2103,2100,,
8584.0,False,False,0->0,16,2475,2475,,
8585.0,False,False,0->0,16,2098,2095,,
8588.0,False,False,0->0,16,1161,1161,,
8589.0,False,False,0->0,16,1852,1850,,
8590.0,False,False,0->0,16,1882,1882,,
8591.0,False,False,0->0,10,1448,1448,,
8592.0,False,False,0->0,16,2684,2681,,
8593.0,False,False,0->0,16,1421,1421,,
8594.0,False,False,0->0,16,1733,1733,,
8595.0,False,False,0->0,16,997,996,,
8599.0,False,False,0->0,16,1119,1119,,
8601.0,False,False,0->0,16,2262,2260,,
8606.0,False,False,0->0,16,2203,2201,,
8608.0,False,False,0->0,16,1868,1867,,
8609.0,False,False,0->0,16,2025,2022,,
8610.0,False,False,0->0,16,1510,1508,,
8613.0,False,False,0->0,16,834,834,,
8614.0,False,False,0->0,16,2033,2032,,
8617.0,False,False,0->0,16,1137,1135,,
8619.0,False,False,0->0,16,1812,1812,,
8621.0,False,False,0->0,16,1785,1784,,
8622.0,False,False,0->0,16,1730,1729,,
8623.0,False,False,0->0,16,1691,1690,,
8624.0,False,False,0->0,16,1207,1206,,
8625.0,False,False,0->0,16,2436,2435,,
8627.0,False,False,0->0,12,870,870,,
8628.0,False,False,0->0,16,2149,2148,,
8629.0,False,False,0->0,16,1437,1435,,
8631.0,False,False,0->0,16,1598,1596,,
8632.0,False,False,0->0,16,1623,1622,,
8634.0,False,False,0->0,16,1024,1022,,
8635.0,False,False,0->0,16,2015,2014,,
8636.0,False,False,0->0,16,1513,1510,,
8637.0,False,False,0->0,12,2225,2225,,
8640.0,False,False,0->0,16,1917,1916,,
8641.0,False,False,0->0,16,2160,2158,,
8642.0,False,False,0->0,16,1503,1502,,
8643.0,False,False,0->0,16,801,800,,
8647.0,False,False,0->0,10,2208,2207,,
8648.0,False,False,0->0,12,1657,1657,,
8649.0,False,False,0->0,16,1387,1385,,
8651.0,False,False,0->0,16,1351,1349,,
8652.0,False,False,0->0,16,1583,1582,,
8653.0,False,False,0->0,16,693,693,,
8654.0,False,False,0->0,16,1661,1661,,
8655.0,False,False,0->0,16,1106,1105,,
8656.0,False,False,0->0,16,1160,1158,,
8657.0,False,False,0->0,16,2550,2549,,
8659.0,False,False,0->0,16,1359,1356,,
8660.0,False,False,0->0,16,1597,1597,,
8661.0,False,False,0->0,16,2070,2068,,
8662.0,False,False,0->0,16,1488,1488,,
8664.0,False,False,0->0,16,945,945,,
8665.0,False,False,0->0,16,1808,1806,,
8666.0,False,False,0->0,16,1495,1493,,
8667.0,False,False,0->0,16,1412,1410,,
8668.0,False,False,0->0,16,1591,1591,,
8669.0,False,False,0->0,16,1365,1365,,
8670.0,False,False,0->0,16,2139,2138,,
8673.0,False,False,0->0,16,1800,1800,,
8674.0,False,False,0->0,16,1669,1669,,
8675.0,False,False,0->0,16,1943,1941,,
8676.0,False,False,0->0,16,2239,2239,,
8677.0,False,False,0->0,16,2004,2002,,
8679.0,False,False,0->0,16,1556,1556,,
8680.0,False,False,0->0,16,1126,1126,,
8681.0,False,False,0->0,16,775,773,,
8682.0,False,False,0->0,14,1281,1281,,
8683.0,False,False,0->0,14,1827,1825,,
8684.0,False,False,0->0,16,2544,2542,,
8685.0,False,False,0->0,16,1887,1886,,
8686.0,False,False,0->0,16,1184,1183,,
8687.0,False,False,0->0,16,2479,2479,,
8688.0,False,False,0->0,16,892,891,,
8689.0,False,False,0->0,16,1771,1770,,
8690.0,False,False,0->0,16,1396,1394,,
8692.0,False,False,0->0,16,2006,2005,,
8693.0,False,False,0->0,16,1704,1703,,
8697.0,False,False,0->0,16,1696,1695,,
8700.0,False,False,0->0,16,1171,1169,,
8701.0,False,False,0->0,16,1993,1992,,
8703.0,False,False,0->0,16,1319,1318,,
8704.0,False,False,0->0,16,1168,1168,,
8705.0,False,False,0->0,14,1894,1893,,
8706.0,False,False,0->0,16,986,985,,
8707.0,False,False,0->0,16,1085,1083,,
8708.0,False,False,0->0,16,1177,1176,,
8709.0,False,False,0->0,16,1241,1240,,
8710.0,False,False,0->0,16,1625,1625,,
8711.0,False,False,0->0,16,973,973,,
8712.0,False,False,0->0,16,1324,1322,,
8716.0,False,False,0->0,16,1484,1484,,
8717.0,False,False,0->0,16,2487,2486,,
8719.0,False,False,0->0,16,1465,1465,,
8720.0,False,False,0->0,16,1134,1133,,
8721.0,False,False,0->0,16,2565,2565,,
8723.0,False,False,0->0,16,1368,1365,,
8725.0,False,False,0->0,16,1886,1884,,
8726.0,False,False,0->0,8,2141,2141,,
8728.0,False,False,0->0,16,1653,1652,,
8729.0,False,False,0->0,16,1643,1643,,
8730.0,False,False,0->0,16,1606,1605,,
8731.0,False,False,0->0,12,1428,1428,,
8732.0,False,False,0->0,16,1457,1456,,
8734.0,False,False,0->0,10,1941,1941,,
8735.0,False,False,0->0,16,1839,1838,,
8736.0,False,False,0->0,12,1900,1900,,
8738.0,False,False,0->0,16,952,952,,
8739.0,False,False,0->0,16,2288,2288,,
8740.0,False,False,0->0,8,1513,1513,,
8742.0,False,False,0->0,16,2190,2189,,
8745.0,False,False,0->0,16,1437,1434,,
8747.0,False,False,0->0,16,2438,2437,,
8748.0,False,False,0->0,16,2032,2030,,
8749.0,False,False,0->0,16,2222,2221,,
8750.0,False,False,0->0,16,2337,2334,,
8751.0,False,False,0->0,16,1029,1028,,
8752.0,False,False,0->0,16,742,741,,
8753.0,False,False,0->0,16,1794,1794,,
8754.0,False,False,0->0,16,1664,1663,,
8756.0,False,False,0->0,10,1621,1621,,
8757.0,False,False,0->0,16,2198,2197,,
8758.0,False,False,0->0,12,1894,1894,,
8759.0,False,False,0->0,16,2098,2098,,
8760.0,False,False,0->0,16,1285,1284,,
8761.0,False,False,0->0,16,1237,1235,,
8762.0,False,False,0->0,16,2381,2380,,
8763.0,False,False,0->0,16,975,974,,
8764.0,False,False,0->0,16,1209,1207,,
8765.0,False,False,0->0,16,855,853,,
8766.0,False,False,0->0,16,1201,1199,,
8767.0,False,False,0->0,16,2365,2361,,
8769.0,False,False,0->0,16,2264,2264,,
8770.0,False,False,0->0,16,2026,2023,,
8772.0,False,False,0->0,16,1493,1493,,
8773.0,False,False,0->0,16,1172,1171,,
8774.0,False,False,0->0,16,1579,1577,,
8775.0,False,False,0->0,16,763,763,,
8778.0,False,False,0->0,16,2029,2027,,
8780.0,False,False,0->0,16,1699,1697,,
8781.0,False,False,0->0,16,1410,1407,,
8782.0,False,False,0->0,16,1239,1239,,
8783.0,False,False,0->0,16,2093,2093,,
8784.0,False,False,0->0,16,1199,1199,,
8785.0,False,False,0->0,8,1371,1371,,
8786.0,False,False,0->0,16,1614,1611,,
8788.0,False,False,0->0,16,1988,1987,,
8789.0,False,False,0->0,16,2267,2267,,
8790.0,False,False,0->0,16,1126,1125,,
8791.0,False,False,0->0,16,1369,1368,,
8792.0,False,False,0->0,16,746,746,,
8794.0,False,False,0->0,16,1545,1542,,
8796.0,False,False,0->0,16,1460,1459,,
8798.0,False,False,0->0,16,1742,1741,,
8800.0,False,False,0->0,16,1331,1331,,
8801.0,False,False,0->0,16,1197,1196,,
8802.0,False,False,0->0,16,1296,1295,,
8803.0,False,False,0->0,16,1451,1450,,
8804.0,False,False,0->0,16,2049,2049,,
8805.0,False,False,0->0,16,2382,2381,,
8806.0,False,False,0->0,16,1725,1724,,
8807.0,False,False,0->0,16,2666,2665,,
8808.0,False,False,0->0,16,1002,1000,,
8809.0,False,False,0->0,16,2002,1999,,
8810.0,False,False,0->0,16,2095,2093,,
8811.0,False,False,0->0,16,1326,1324,,
8812.0,False,False,0->0,16,1798,1797,,
8813.0,False,False,0->0,16,1546,1544,,
8814.0,False,False,0->0,16,959,956,,
8815.0,False,False,0->0,16,1523,1519,,
8816.0,False,False,0->0,16,1737,1735,,
8820.0,False,False,0->0,8,1285,1285,,
8821.0,False,False,0->0,16,1550,1549,,
8822.0,False,False,0->0,10,746,746,,
8824.0,False,False,0->0,16,2436,2435,,
8826.0,False,False,0->0,16,1893,1892,,
8827.0,False,False,0->0,16,1642,1639,,
8828.0,False,False,0->0,10,1588,1588,,
8830.0,False,False,0->0,16,2776,2774,,
8831.0,False,False,0->0,16,1726,1724,,
8832.0,False,False,0->0,16,1769,1769,,
8833.0,False,False,0->0,16,2535,2534,,
8835.0,False,False,0->0,16,1045,1044,,
8836.0,False,False,0->0,16,1426,1424,,
8839.0,False,False,0->0,12,1112,1112,,
8840.0,False,False,0->0,16,1787,1786,,
8841.0,False,False,0->0,14,1601,1601,,
8842.0,False,False,0->0,16,1341,1340,,
8843.0,False,False,0->0,10,788,788,,
8844.0,False,False,0->0,16,2133,2130,,
8845.0,False,False,0->0,16,1227,1227,,
8847.0,False,False,0->0,16,1516,1515,,
8848.0,False,False,0->0,16,2088,2088,,
8850.0,False,False,0->0,16,1661,1661,,
8851.0,False,False,0->0,16,1553,1553,,
8852.0,False,False,0->0,16,1690,1689,,
8853.0,False,False,0->0,16,828,828,,
8855.0,False,False,0->0,16,2042,2041,,
8856.0,False,False,0->0,16,1496,1494,,
8857.0,False,False,0->0,16,1147,1147,,
8858.0,False,False,0->0,16,1915,1915,,
8859.0,False,False,0->0,8,2069,2069,,
8860.0,False,False,0->0,16,2749,2749,,
8861.0,False,False,0->0,16,1593,1590,,
8862.0,False,False,0->0,16,1381,1381,,
8863.0,False,False,0->0,16,1539,1538,,
8864.0,False,False,0->0,16,2071,2071,,
8866.0,False,False,0->0,14,2009,2009,,
8867.0,False,False,0->0,16,1514,1513,,
8868.0,False,False,0->0,16,1092,1091,,
8869.0,False,False,0->0,16,733,731,,
8870.0,False,False,0->0,16,933,930,,
8871.0,False,False,0->0,16,1677,1675,,
8872.0,False,False,0->0,16,1373,1373,,
8873.0,False,False,0->0,16,1808,1806,,
8875.0,False,False,0->0,16,1935,1933,,
8877.0,False,False,0->0,16,888,887,,
8881.0,False,False,0->0,16,1315,1314,,
8882.0,False,False,0->0,16,1951,1950,,
8884.0,False,False,0->0,16,2091,2087,,
8885.0,False,False,0->0,16,1004,1001,,
8886.0,False,False,0->0,16,1866,1866,,
8887.0,False,False,0->0,16,1627,1626,,
8888.0,False,False,0->0,16,1982,1982,,
8890.0,False,False,0->0,16,2573,2571,,
8891.0,False,False,0->0,16,2089,2088,,
8892.0,False,False,0->0,16,1964,1964,,
8893.0,False,False,0->0,14,2577,2577,,
8894.0,False,False,0->0,16,1665,1664,,
8895.0,False,False,0->0,16,1730,1727,,
8898.0,False,False,0->0,16,1969,1967,,
8899.0,False,False,0->0,16,1984,1982,,
8900.0,False,False,0->0,16,1474,1474,,
8901.0,False,False,0->0,16,1410,1410,,
8902.0,False,False,0->0,16,1103,1103,,
8905.0,False,False,0->0,16,1790,1789,,
8906.0,False,False,0->0,12,2824,2824,,
8907.0,False,False,0->0,16,1953,1951,,
8908.0,False,False,0->0,16,1475,1472,,
8909.0,False,False,0->0,16,1589,1586,,
8910.0,False,False,0->0,16,1317,1315,,
8911.0,False,False,0->0,16,1937,1935,,
8912.0,False,False,0->0,16,1045,1042,,
8913.0,False,False,0->0,16,2823,2821,,
8914.0,False,False,0->0,16,1713,1713,,
8916.0,False,False,0->0,16,1618,1617,,
8917.0,False,False,0->0,12,2383,2383,,
8919.0,False,False,0->0,16,1846,1845,,
8921.0,False,False,0->0,16,1701,1698,,
8924.0,False,False,0->0,16,1459,1458,,
8926.0,False,False,0->0,16,1455,1453,,
8927.0,False,False,0->0,16,1492,1489,,
8928.0,False,False,0->0,16,1229,1227,,
8929.0,False,False,0->0,16,970,970,,
8930.0,False,False,0->0,16,951,950,,
8931.0,False,False,0->0,16,1273,1271,,
8932.0,False,False,0->0,16,1634,1630,,
8934.0,False,False,0->0,16,1616,1616,,
8936.0,False,False,0->0,16,1797,1797,,
8937.0,False,False,0->0,16,1315,1314,,
8939.0,False,False,0->0,16,813,812,,
8940.0,False,False,0->0,16,1122,1121,,
8941.0,False,False,0->0,16,898,898,,
8942.0,False,False,0->0,16,1378,1378,,
8943.0,False,False,0->0,16,1938,1937,,
8944.0,False,False,0->0,16,1072,1072,,
8945.0,False,False,0->0,16,1657,1657,,
8946.0,False,False,0->0,16,1993,1992,,
8948.0,False,False,0->0,16,1879,1875,,
8949.0,False,False,0->0,10,1997,1997,,
8950.0,False,False,0->0,16,1706,1704,,
8951.0,False,False,0->0,16,1997,1996,,
8952.0,False,False,0->0,16,2319,2318,,
8953.0,False,False,0->0,16,1774,1771,,
8954.0,False,False,0->0,16,1411,1410,,
8957.0,False,False,0->0,16,2001,2000,,
8958.0,False,False,0->0,16,1381,1379,,
8959.0,False,False,0->0,16,2307,2305,,
8961.0,False,False,0->0,16,2539,2538,,
8963.0,False,False,0->0,16,1233,1232,,
8964.0,False,False,0->0,16,1339,1338,,
8966.0,False,False,0->0,16,755,753,,
8968.0,False,False,0->0,16,1231,1229,,
8969.0,False,False,0->0,16,2053,2053,,
8971.0,False,False,0->0,16,1656,1655,,
8972.0,False,False,0->0,16,563,562,,
8973.0,False,False,0->0,16,2206,2204,,
8974.0,False,False,0->0,14,1180,1180,,
8977.0,False,False,0->0,16,2025,2025,,
8979.0,False,False,0->0,16,1305,1303,,
8980.0,False,False,0->0,16,2037,2036,,
8981.0,False,False,0->0,16,1575,1574,,
8982.0,False,False,0->0,16,1961,1959,,
8984.0,False,False,0->0,16,1715,1712,,
8985.0,False,False,0->0,16,984,982,,
8986.0,False,False,0->0,16,1027,1027,,
8987.0,False,False,0->0,16,1117,1117,,
8988.0,False,False,0->0,16,1905,1901,,
8989.0,False,False,0->0,16,1801,1799,,
8990.0,False,False,0->0,16,1720,1716,,
8992.0,False,False,0->0,16,2062,2060,,
8993.0,False,False,0->0,16,1233,1233,,
8994.0,False,False,0->0,16,1742,1741,,
8995.0,False,False,0->0,14,1160,1160,,
8996.0,False,False,0->0,16,1683,1683,,
8997.0,False,False,0->0,16,1598,1598,,
9000.0,False,False,0->0,16,904,904,,
9001.0,False,False,0->0,16,2846,2845,,
9002.0,False,False,0->0,16,1886,1886,,
9003.0,False,False,0->0,16,1141,1138,,
9004.0,False,False,0->0,16,2766,2766,,
9005.0,False,False,0->0,16,1581,1580,,
9010.0,False,False,0->0,16,1451,1449,,
9011.0,False,False,0->0,16,1014,1013,,
9012.0,False,False,0->0,16,1454,1453,,
9013.0,False,False,0->0,16,1498,1497,,
9014.0,False,False,0->0,16,1432,1431,,
9015.0,False,False,0->0,16,1740,1740,,
9016.0,False,False,0->0,14,1851,1851,,
9017.0,False,False,0->0,16,1908,1908,,
9018.0,False,False,0->0,16,1767,1766,,
9019.0,False,False,0->0,16,1695,1695,,
9020.0,False,False,0->0,16,1106,1105,,
9021.0,False,False,0->0,16,1005,1003,,
9022.0,False,False,0->0,16,2161,2161,,
9023.0,False,False,0->0,16,1036,1034,,
9024.0,False,False,0->0,16,1668,1666,,
9025.0,False,False,0->0,16,786,785,,
9026.0,False,False,0->0,16,2125,2125,,
9027.0,False,False,0->0,16,1174,1173,,
9028.0,False,False,0->0,16,1386,1385,,
9029.0,False,False,0->0,12,1834,1834,,
9030.0,False,False,0->0,16,1782,1780,,
9031.0,False,False,0->0,16,1100,1100,,
9032.0,False,False,0->0,16,2086,2086,,
9035.0,False,False,0->0,16,1702,1700,,
9036.0,False,False,0->0,16,1508,1507,,
9038.0,False,False,0->0,16,2005,2004,,
9039.0,False,False,0->0,16,1701,1701,,
9040.0,False,False,0->0,16,1525,1524,,
9041.0,False,False,0->0,16,2047,2047,,
9042.0,False,False,0->0,16,2154,2152,,
9044.0,False,False,0->0,16,1077,1077,,
9045.0,False,False,0->0,16,2136,2134,,
9046.0,False,False,0->0,8,1477,1477,,
9048.0,False,False,0->0,16,1472,1471,,
9049.0,False,False,0->0,16,1076,1074,,
9050.0,False,False,0->0,12,1377,1377,,
9051.0,False,False,0->0,16,1871,1870,,
9052.0,False,False,0->0,16,1881,1878,,
9054.0,False,False,0->0,16,1289,1287,,
9055.0,False,False,0->0,16,1521,1520,,
9058.0,False,False,0->0,16,1251,1250,,
9060.0,False,False,0->0,16,1408,1407,,
9062.0,False,False,0->0,16,1520,1518,,
9063.0,False,False,0->0,16,1547,1544,,
9064.0,False,False,0->0,16,2175,2173,,
9065.0,False,False,0->0,16,1194,1192,,
9066.0,False,False,0->0,16,1061,1060,,
9067.0,False,False,0->0,16,1915,1915,,
9068.0,False,False,0->0,16,762,760,,
9069.0,False,False,0->0,16,2134,2129,,
9072.0,False,False,0->0,16,1785,1782,,
9073.0,False,False,0->0,16,1975,1974,,
9074.0,False,False,0->0,16,1688,1687,,
9075.0,False,False,0->0,16,980,980,,
9076.0,False,False,0->0,12,1756,1755,,
9077.0,False,False,0->0,8,1148,1148,,
9078.0,False,False,0->0,16,1199,1197,,
9079.0,False,False,0->0,16,2036,2035,,
9080.0,False,False,0->0,16,1887,1887,,
9081.0,False,False,0->0,16,1290,1287,,
9083.0,False,False,0->0,16,1018,1018,,
9084.0,False,False,0->0,16,857,856,,
9085.0,False,False,0->0,12,1284,1284,,
9087.0,False,False,0->0,16,2443,2441,,
9088.0,False,False,0->0,16,1203,1202,,
9089.0,False,False,0->0,16,1269,1268,,
9091.0,False,False,0->0,8,1820,1820,,
9092.0,False,False,0->0,16,1614,1611,,
9093.0,True,False,1->0,16,1298,1295,,
9094.0,False,False,0->0,16,2353,2353,,
9095.0,False,False,0->0,16,2061,2059,,
9096.0,False,False,0->0,16,2042,2040,,
9097.0,False,False,0->0,16,1460,1458,,
9098.0,False,False,0->0,16,2563,2561,,
9100.0,False,False,0->0,16,797,795,,
9101.0,False,False,0->0,16,1135,1134,,
9102.0,False,False,0->0,16,1386,1383,,
9103.0,False,False,0->0,16,1070,1070,,
9104.0,False,False,0->0,12,1333,1333,,
9105.0,False,False,0->0,16,2277,2277,,
9106.0,False,False,0->0,10,1031,1031,,
9107.0,False,False,0->0,16,2211,2210,,
9108.0,False,False,0->0,16,1114,1112,,
9109.0,False,False,0->0,16,1269,1269,,
9112.0,False,False,0->0,10,840,840,,
9113.0,False,False,0->0,16,2078,2076,,
9114.0,False,False,0->0,16,1162,1161,,
9115.0,False,False,0->0,12,1323,1323,,
9116.0,False,False,0->0,16,1565,1561,,
9118.0,False,False,0->0,16,1211,1211,,
9119.0,False,False,0->0,16,1343,1341,,
9120.0,False,False,0->0,16,1184,1183,,
9122.0,False,False,0->0,16,617,616,,
9123.0,False,False,0->0,16,1856,1854,,
9124.0,False,False,0->0,16,927,925,,
9125.0,False,False,0->0,16,1462,1462,,
9127.0,False,False,0->0,16,1402,1402,,
9129.0,False,False,0->0,16,1341,1340,,
9130.0,False,False,0->0,14,990,989,,
9131.0,False,False,0->0,16,1374,1374,,
9135.0,False,False,0->0,16,1889,1888,,
9138.0,False,False,0->0,16,1364,1362,,
9141.0,False,False,0->0,16,1111,1111,,
9142.0,False,False,0->0,16,1459,1457,,
9145.0,False,False,0->0,16,1193,1192,,
9147.0,False,False,0->0,16,2233,2233,,
9148.0,False,False,0->0,16,1663,1663,,
9149.0,False,False,0->0,16,1642,1641,,
9151.0,False,False,0->0,16,1863,1862,,
9152.0,False,False,0->0,16,1859,1859,,
9153.0,False,False,0->0,16,1829,1827,,
9154.0,False,False,0->0,16,1938,1937,,
9155.0,False,False,0->0,16,1133,1133,,
9156.0,False,False,0->0,16,2503,2501,,
9157.0,False,False,0->0,16,1624,1624,,
9159.0,False,False,0->0,16,1753,1752,,
9160.0,False,False,0->0,16,864,863,,
9161.0,False,False,0->0,16,2168,2167,,
9162.0,False,False,0->0,16,1522,1521,,
9163.0,False,False,0->0,16,2512,2510,,
9164.0,False,False,0->0,16,2295,2293,,
9165.0,False,False,0->0,12,2957,2957,,
9166.0,False,False,0->0,10,1835,1835,,
9167.0,False,False,0->0,16,1627,1626,,
9169.0,False,False,0->0,16,891,891,,
9170.0,False,False,0->0,12,1546,1546,,
9171.0,False,False,0->0,16,1567,1566,,
9172.0,False,False,0->0,16,1611,1610,,
9173.0,False,False,0->0,16,1637,1636,,
9174.0,False,False,0->0,16,1561,1561,,
9175.0,False,False,0->0,16,2519,2516,,
9179.0,False,False,0->0,16,1467,1465,,
9180.0,False,False,0->0,16,2084,2082,,
9181.0,False,False,0->0,14,1508,1508,,
9183.0,False,False,0->0,16,2100,2098,,
9184.0,False,False,0->0,8,2255,2254,,
9186.0,False,False,0->0,16,1715,1715,,
9187.0,False,False,0->0,16,1427,1426,,
9188.0,False,False,0->0,16,1342,1341,,
9189.0,False,False,0->0,16,1125,1123,,
9190.0,False,False,0->0,16,2110,2110,,
9191.0,False,False,0->0,16,2644,2643,,
9192.0,False,False,0->0,16,1181,1181,,
9193.0,False,False,0->0,16,2452,2450,,
9194.0,False,False,0->0,16,2066,2065,,
9195.0,False,False,0->0,10,2767,2766,,
9196.0,False,False,0->0,16,1460,1460,,
9197.0,False,False,0->0,16,1888,1885,,
9198.0,False,False,0->0,16,913,911,,
9199.0,False,False,0->0,8,2018,2018,,
9200.0,False,False,0->0,16,1384,1383,,
9201.0,False,False,0->0,16,1328,1328,,
9203.0,False,False,0->0,16,1445,1442,,
9204.0,False,False,0->0,12,1318,1318,,
9207.0,False,False,0->0,16,1633,1633,,
9209.0,False,False,0->0,16,2390,2389,,
9211.0,False,False,0->0,16,1319,1319,,
9213.0,False,False,0->0,16,2143,2143,,
9214.0,False,False,0->0,12,797,797,,
9215.0,False,False,0->0,16,2067,2066,,
9216.0,False,False,0->0,16,1461,1461,,
9217.0,False,False,0->0,16,1641,1640,,
9218.0,False,False,0->0,16,2168,2166,,
9219.0,False,False,0->0,16,1275,1274,,
9221.0,False,False,0->0,16,1197,1195,,
9222.0,False,False,0->0,16,1481,1480,,
9223.0,False,False,0->0,16,1136,1136,,
9224.0,False,False,0->0,16,1266,1265,,
9225.0,False,False,0->0,16,1522,1522,,
9227.0,False,False,0->0,16,1621,1621,,
9228.0,False,False,0->0,16,1210,1210,,
9229.0,False,False,0->0,16,1159,1158,,
9230.0,False,False,0->0,16,1571,1570,,
9232.0,False,False,0->0,16,1390,1390,,
9233.0,False,False,0->0,10,1416,1416,,
9234.0,False,False,0->0,16,2717,2716,,
9235.0,False,False,0->0,16,1642,1641,,
9236.0,False,False,0->0,16,2366,2363,,
9237.0,False,False,0->0,16,1370,1370,,
9238.0,False,False,0->0,16,1192,1190,,
9239.0,False,False,0->0,10,1713,1713,,
9240.0,False,False,0->0,16,1437,1436,,
9241.0,False,False,0->0,12,2018,2018,,
9242.0,False,False,0->0,16,2033,2032,,
9243.0,False,False,0->0,16,1235,1235,,
9245.0,False,False,0->0,16,1678,1677,,
9246.0,False,False,0->0,16,1393,1393,,
9247.0,False,False,0->0,16,1923,1920,,
9248.0,False,False,0->0,16,1315,1314,,
9249.0,False,False,0->0,12,1175,1175,,
9250.0,False,False,0->0,12,1527,1527,,
9251.0,False,False,0->0,16,1136,1135,,
9252.0,False,False,0->0,16,1870,1869,,
9253.0,False,False,0->0,16,1775,1774,,
9254.0,False,False,0->0,16,1850,1848,,
9255.0,False,False,0->0,16,1331,1331,,
9256.0,False,False,0->0,16,1921,1919,,
9257.0,False,False,0->0,16,1146,1145,,
9258.0,False,False,0->0,16,2185,2184,,
9259.0,False,False,0->0,16,1865,1865,,
9261.0,False,False,0->0,16,1902,1902,,
9262.0,False,False,0->0,16,1759,1756,,
9263.0,False,False,0->0,16,1499,1498,,
9264.0,False,False,0->0,16,1754,1750,,
9265.0,False,False,0->0,16,1637,1636,,
9266.0,False,False,0->0,16,1329,1327,,
9268.0,False,False,0->0,16,2157,2157,,
9270.0,False,False,0->0,16,1726,1723,,
9271.0,False,False,0->0,16,2760,2757,,
9272.0,False,False,0->0,16,1326,1325,,
9273.0,False,False,0->0,16,1015,1015,,
9275.0,False,False,0->0,16,1344,1344,,
9277.0,False,False,0->0,16,1487,1486,,
9280.0,False,False,0->0,16,1874,1873,,
9284.0,False,False,0->0,14,838,838,,
9285.0,False,False,0->0,16,978,977,,
9287.0,False,False,0->0,16,1773,1773,,
9288.0,False,False,0->0,16,2699,2698,,
9289.0,False,False,0->0,16,2140,2138,,
9290.0,False,False,0->0,16,1641,1640,,
9291.0,False,False,0->0,16,705,704,,
9292.0,False,False,0->0,16,1554,1553,,
9293.0,False,False,0->0,16,1394,1393,,
9295.0,False,False,0->0,16,1411,1409,,
9297.0,False,False,0->0,16,1403,1401,,
9298.0,False,False,0->0,16,1662,1662,,
9299.0,False,False,0->0,16,2522,2520,,
9300.0,False,False,0->0,16,1381,1381,,
9302.0,False,False,0->0,16,1346,1345,,
9303.0,False,False,0->0,10,1254,1254,,
9304.0,False,False,0->0,16,1044,1044,,
9306.0,False,False,0->0,16,2163,2162,,
9308.0,False,False,0->0,16,1436,1436,,
9309.0,False,False,0->0,16,970,966,,
9311.0,False,False,0->0,16,1214,1214,,
9312.0,False,False,0->0,16,2000,2000,,
9313.0,False,False,0->0,16,1662,1661,,
9315.0,False,False,0->0,16,1786,1785,,
9317.0,False,False,0->0,16,763,763,,
9319.0,False,False,0->0,16,1763,1762,,
9320.0,False,False,0->0,16,2255,2254,,
9321.0,False,False,0->0,16,2900,2897,,
9322.0,False,False,0->0,16,2072,2071,,
9323.0,False,False,0->0,16,1604,1602,,
9326.0,False,False,0->0,16,1040,1040,,
9327.0,False,False,0->0,16,1472,1471,,
9328.0,False,False,0->0,16,1721,1721,,
9329.0,False,False,0->0,16,1284,1283,,
9331.0,False,False,0->0,16,1116,1114,,
9332.0,False,False,0->0,16,1500,1499,,
9333.0,False,False,0->0,12,2813,2813,,
9334.0,False,False,0->0,10,2176,2176,,
9335.0,False,False,0->0,16,2161,2159,,
9336.0,False,False,0->0,16,1186,1185,,
9337.0,False,False,0->0,16,1176,1175,,
9338.0,False,False,0->0,16,738,737,,
9339.0,False,False,0->0,14,1414,1414,,
9340.0,False,False,0->0,16,1883,1882,,
9341.0,False,False,0->0,16,2193,2192,,
9342.0,False,False,0->0,16,1183,1183,,
9343.0,False,False,0->0,16,1011,1010,,
9345.0,False,False,0->0,16,2242,2239,,
9346.0,False,False,0->0,16,2200,2200,,
9347.0,False,False,0->0,16,2299,2299,,
9348.0,False,False,0->0,16,2725,2723,,
9349.0,False,False,0->0,16,834,831,,
9351.0,False,False,0->0,16,2003,2002,,
9353.0,False,False,0->0,16,2565,2564,,
9354.0,False,False,0->0,16,1074,1074,,
9355.0,False,False,0->0,16,1700,1699,,
9358.0,False,False,0->0,16,1437,1437,,
9359.0,False,False,0->0,16,725,723,,
9360.0,False,False,0->0,16,1236,1235,,
9361.0,False,False,0->0,16,2143,2140,,
9362.0,False,False,0->0,10,1116,1116,,
9363.0,False,False,0->0,16,1231,1231,,
9364.0,False,False,0->0,16,1566,1565,,
9366.0,False,False,0->0,16,1635,1633,,
9368.0,False,False,0->0,16,1733,1733,,
9372.0,False,False,0->0,16,1191,1190,,
9373.0,False,False,0->0,16,1165,1165,,
9375.0,False,False,0->0,16,1546,1545,,
9376.0,False,False,0->0,16,1784,1784,,
9377.0,False,False,0->0,16,1834,1834,,
9379.0,False,False,0->0,16,1745,1744,,
9380.0,False,False,0->0,16,1119,1118,,
9381.0,False,False,0->0,16,1590,1589,,
9383.0,False,False,0->0,16,1676,1675,,
9384.0,False,False,0->0,16,1046,1045,,
9386.0,False,False,0->0,16,1119,1116,,
9387.0,False,False,0->0,16,1025,1025,,
9388.0,False,False,0->0,16,691,688,,
9389.0,False,False,0->0,16,1457,1455,,
9390.0,False,False,0->0,16,1531,1531,,
9391.0,False,False,0->0,16,1236,1233,,
9392.0,False,False,0->0,16,1305,1304,,
9393.0,False,False,0->0,14,1927,1927,,
9394.0,False,False,0->0,16,1611,1610,,
9395.0,False,False,0->0,16,1059,1059,,
9396.0,False,False,0->0,16,1233,1231,,
9397.0,False,False,0->0,16,1253,1252,,
9398.0,False,False,0->0,8,1145,1145,,
9399.0,False,False,0->0,10,2656,2656,,
9400.0,False,False,0->0,16,1812,1810,,
9401.0,False,False,0->0,16,1121,1119,,
9402.0,False,False,0->0,12,1615,1615,,
9403.0,False,False,0->0,16,1422,1422,,
9404.0,False,False,0->0,16,2285,2282,,
9405.0,False,False,0->0,16,1625,1624,,
9408.0,False,False,0->0,16,3024,3021,,
9409.0,False,False,0->0,12,1209,1208,,
9410.0,False,False,0->0,16,749,748,,
9411.0,False,False,0->0,16,1219,1219,,
9412.0,False,False,0->0,16,1156,1155,,
9413.0,False,False,0->0,16,1699,1698,,
9414.0,False,False,0->0,16,870,870,,
9415.0,False,False,0->0,16,1878,1878,,
9416.0,False,False,0->0,16,1150,1149,,
9417.0,False,False,0->0,16,1765,1765,,
9418.0,False,False,0->0,12,1513,1513,,
9419.0,False,False,0->0,16,1201,1198,,
9420.0,False,False,0->0,16,1739,1739,,
9421.0,False,False,0->0,10,1995,1995,,
9422.0,False,False,0->0,10,1889,1889,,
9423.0,False,False,0->0,16,1584,1583,,
9424.0,False,False,0->0,16,1080,1079,,
9425.0,False,False,0->0,16,1523,1523,,
9426.0,False,False,0->0,16,1384,1383,,
9427.0,False,False,0->0,16,894,894,,
9428.0,False,False,0->0,16,1400,1399,,
9429.0,False,False,0->0,16,1345,1345,,
9430.0,False,False,0->0,16,1444,1444,,
9431.0,False,False,0->0,16,2458,2457,,
9432.0,False,False,0->0,8,1952,1952,,
9433.0,False,False,0->0,16,1646,1645,,
9434.0,False,False,0->0,16,1788,1787,,
9435.0,False,False,0->0,16,1824,1824,,
9436.0,False,False,0->0,16,2001,1999,,
9438.0,False,False,0->0,16,1308,1306,,
9439.0,False,False,0->0,16,1165,1162,,
9440.0,False,False,0->0,16,1337,1334,,
9441.0,False,False,0->0,16,1869,1869,,
9442.0,False,False,0->0,16,1034,1033,,
9443.0,False,False,0->0,16,773,771,,
9445.0,False,False,0->0,16,2015,2013,,
9446.0,False,False,0->0,16,1939,1935,,
9447.0,False,False,0->0,16,2286,2285,,
9448.0,False,False,0->0,12,1559,1559,,
9449.0,False,False,0->0,16,1276,1275,,
9450.0,False,False,0->0,8,1126,1126,,
9452.0,False,False,0->0,16,1958,1956,,
9453.0,False,False,0->0,16,864,862,,
9454.0,False,False,0->0,16,2070,2070,,
9455.0,False,False,0->0,16,1760,1758,,
9456.0,False,False,0->0,16,1205,1205,,
9457.0,False,False,0->0,16,1269,1269,,
9461.0,False,False,0->0,10,1955,1955,,
9462.0,False,False,0->0,16,1108,1106,,
9463.0,False,False,0->0,16,1537,1536,,
9464.0,False,False,0->0,16,1413,1413,,
9465.0,False,False,0->0,16,1009,1008,,
9466.0,False,False,0->0,16,1181,1181,,
9467.0,False,False,0->0,16,1296,1296,,
9468.0,False,False,0->0,16,1619,1618,,
9470.0,False,False,0->0,16,1348,1346,,
9471.0,False,False,0->0,16,1579,1578,,
9473.0,False,False,0->0,16,1120,1119,,
9476.0,False,False,0->0,10,2304,2304,,
9478.0,False,False,0->0,16,2089,2087,,
9479.0,False,False,0->0,16,1667,1666,,
9482.0,False,False,0->0,16,1465,1465,,
9483.0,False,False,0->0,10,1435,1435,,
9484.0,False,False,0->0,16,2269,2269,,
9486.0,False,False,0->0,16,1390,1389,,
9488.0,False,False,0->0,12,1537,1537,,
9490.0,False,False,0->0,16,1110,1110,,
9491.0,False,False,0->0,16,2070,2070,,
9493.0,False,False,0->0,16,2575,2575,,
9495.0,False,False,0->0,16,997,994,,
9498.0,False,False,0->0,16,1562,1558,,
9499.0,False,False,0->0,16,1708,1706,,
9500.0,False,False,0->0,14,1485,1485,,
9501.0,False,False,0->0,16,1694,1693,,
9502.0,False,False,0->0,16,2458,2458,,
9503.0,False,False,0->0,16,1153,1153,,
9504.0,False,False,0->0,16,1110,1110,,
9505.0,False,False,0->0,16,3131,3131,,
9507.0,False,False,0->0,16,2761,2758,,
9508.0,False,False,0->0,16,1255,1255,,
9509.0,False,False,0->0,16,821,820,,
9510.0,False,False,0->0,16,1301,1301,,
9511.0,False,False,0->0,16,1966,1964,,
9512.0,False,False,0->0,12,1284,1284,,
9513.0,False,False,0->0,12,1011,1011,,
9514.0,False,False,0->0,12,1132,1131,,
9515.0,False,False,0->0,16,1231,1231,,
9517.0,False,False,0->0,16,1725,1725,,
9518.0,False,False,0->0,16,1750,1747,,
9520.0,False,False,0->0,16,1899,1897,,
9521.0,False,False,0->0,8,2357,2357,,
9522.0,False,False,0->0,16,2123,2122,,
9525.0,False,False,0->0,16,1859,1858,,
9526.0,False,False,0->0,16,3516,3514,,
9527.0,False,False,0->0,16,2399,2395,,
9528.0,False,False,0->0,16,921,920,,
9529.0,False,False,0->0,16,1342,1342,,
9530.0,False,False,0->0,16,1217,1216,,
9533.0,False,False,0->0,16,1835,1835,,
9534.0,False,False,0->0,16,1323,1322,,
9535.0,False,False,0->0,16,1100,1100,,
9536.0,False,False,0->0,16,1619,1619,,
9537.0,False,False,0->0,16,1059,1058,,
9538.0,False,False,0->0,8,1375,1375,,
9539.0,False,False,0->0,16,2597,2594,,
9542.0,False,False,0->0,12,1408,1408,,
9543.0,False,False,0->0,16,1557,1554,,
9544.0,False,False,0->0,16,896,896,,
9545.0,False,False,0->0,16,1633,1632,,
9547.0,False,False,0->0,16,2202,2201,,
9549.0,False,False,0->0,10,1179,1179,,
9550.0,False,False,0->0,16,1182,1179,,
9551.0,False,False,0->0,16,1824,1823,,
9553.0,False,False,0->0,16,1193,1192,,
9554.0,False,False,0->0,16,1963,1962,,
9555.0,False,False,0->0,16,820,818,,
9556.0,False,False,0->0,16,1907,1907,,
9557.0,False,False,0->0,16,815,814,,
9558.0,False,False,0->0,16,948,947,,
9559.0,False,False,0->0,16,2172,2171,,
9560.0,False,False,0->0,16,1412,1411,,
9561.0,False,False,0->0,16,1805,1804,,
9562.0,False,False,0->0,16,1107,1106,,
9565.0,False,False,0->0,12,1249,1249,,
9566.0,False,False,0->0,16,1721,1721,,
9567.0,False,False,0->0,16,2349,2347,,
9568.0,False,False,0->0,16,2632,2631,,
9569.0,False,False,0->0,16,1156,1156,,
9570.0,False,False,0->0,16,1206,1205,,
9571.0,False,False,0->0,16,1728,1725,,
9572.0,False,False,0->0,16,1785,1783,,
9573.0,False,False,0->0,16,1546,1544,,
9574.0,False,False,0->0,16,1608,1605,,
9575.0,False,False,0->0,16,1834,1832,,
9576.0,False,False,0->0,16,2345,2344,,
9577.0,False,False,0->0,16,1155,1154,,
9579.0,False,False,0->0,16,1504,1503,,
9580.0,False,False,0->0,10,1763,1761,,
9581.0,False,False,0->0,16,1676,1674,,
9582.0,False,False,0->0,16,1515,1514,,
9586.0,False,False,0->0,16,1735,1735,,
9587.0,False,False,0->0,16,1749,1749,,
9589.0,False,False,0->0,16,1877,1876,,
9590.0,False,False,0->0,16,1791,1788,,
9592.0,False,False,0->0,16,1703,1702,,
9593.0,False,False,0->0,16,2223,2222,,
9594.0,False,False,0->0,16,1681,1679,,
9597.0,False,False,0->0,16,1271,1268,,
9599.0,False,False,0->0,16,1075,1073,,
9602.0,False,False,0->0,16,2411,2410,,
9603.0,False,False,0->0,16,1430,1428,,
9605.0,False,False,0->0,16,1569,1565,,
9606.0,False,False,0->0,16,803,802,,
9607.0,False,False,0->0,16,1308,1306,,
9609.0,False,False,0->0,16,1251,1248,,
9610.0,False,False,0->0,16,1932,1931,,
9611.0,False,False,0->0,16,2003,2003,,
9612.0,False,False,0->0,16,1081,1079,,
9613.0,False,False,0->0,16,1290,1290,,
9616.0,False,False,0->0,16,1007,1006,,
9618.0,False,False,0->0,16,1501,1499,,
9619.0,False,False,0->0,16,1409,1405,,
9620.0,False,False,0->0,16,1236,1235,,
9621.0,False,False,0->0,16,1350,1349,,
9622.0,False,False,0->0,16,2258,2257,,
9623.0,False,False,0->0,16,2325,2324,,
9625.0,False,False,0->0,16,2002,2002,,
9626.0,False,False,0->0,8,2096,2096,,
9627.0,False,False,0->0,16,2271,2271,,
9628.0,False,False,0->0,16,1987,1985,,
9629.0,False,False,0->0,12,1308,1308,,
9630.0,False,False,0->0,16,2087,2087,,
9631.0,False,False,0->0,16,1183,1183,,
9633.0,False,False,0->0,16,1296,1296,,
9634.0,False,False,0->0,16,1853,1853,,
9635.0,False,False,0->0,16,775,774,,
9636.0,False,False,0->0,16,1145,1145,,
9637.0,False,False,0->0,16,699,699,,
9638.0,False,False,0->0,16,1247,1246,,
9639.0,False,False,0->0,16,1308,1307,,
9640.0,False,False,0->0,16,2162,2161,,
9641.0,False,False,0->0,16,1784,1784,,
9642.0,False,False,0->0,12,1925,1925,,
9643.0,False,False,0->0,16,1221,1221,,
9644.0,False,False,0->0,16,2374,2373,,
9645.0,False,False,0->0,12,1482,1481,,
9647.0,False,False,0->0,16,1287,1286,,
9648.0,False,False,0->0,16,1535,1533,,
9649.0,False,False,0->0,16,1594,1594,,
9650.0,False,False,0->0,16,2454,2451,,
9651.0,False,False,0->0,16,1577,1576,,
9652.0,False,False,0->0,16,1379,1378,,
9655.0,False,False,0->0,16,2223,2221,,
9656.0,False,False,0->0,16,1200,1199,,
9657.0,False,False,0->0,16,1585,1585,,
9659.0,False,False,0->0,16,1141,1141,,
9660.0,False,False,0->0,16,1447,1446,,
9661.0,False,False,0->0,16,1543,1542,,
9662.0,False,False,0->0,16,2308,2308,,
9663.0,False,False,0->0,16,2180,2179,,
9664.0,False,False,0->0,16,1141,1140,,
9665.0,False,False,0->0,16,1483,1481,,
9667.0,False,False,0->0,12,1470,1469,,
9668.0,False,False,0->0,16,1377,1377,,
9669.0,False,False,0->0,16,2358,2357,,
9670.0,False,False,0->0,16,1451,1450,,
9671.0,False,False,0->0,16,1364,1364,,
9677.0,False,False,0->0,16,881,881,,
9678.0,False,False,0->0,16,1761,1760,,
9680.0,False,False,0->0,16,1142,1141,,
9681.0,False,False,0->0,10,1958,1958,,
9683.0,False,False,0->0,16,1186,1186,,
9684.0,False,False,0->0,16,1794,1792,,
9685.0,False,False,0->0,16,2350,2350,,
9686.0,False,False,0->0,16,1255,1254,,
9687.0,False,False,0->0,16,1642,1641,,
9688.0,False,False,0->0,16,1236,1236,,
9689.0,False,False,0->0,16,1061,1061,,
9690.0,False,False,0->0,16,1372,1369,,
9692.0,False,False,0->0,16,2117,2116,,
9693.0,False,False,0->0,16,1906,1906,,
9695.0,False,False,0->0,12,2469,2469,,
9699.0,False,False,0->0,16,2238,2236,,
9701.0,False,False,0->0,16,1460,1458,,
9702.0,False,False,0->0,10,1319,1318,,
9703.0,False,False,0->0,16,1665,1664,,
9704.0,False,False,0->0,16,1341,1340,,
9705.0,False,False,0->0,16,1487,1486,,
9706.0,False,False,0->0,16,1968,1967,,
9707.0,False,False,0->0,16,2352,2351,,
9708.0,False,False,0->0,16,1437,1434,,
9709.0,False,False,0->0,16,1303,1302,,
9711.0,False,False,0->0,16,2079,2077,,
9713.0,False,False,0->0,16,1650,1648,,
9715.0,False,False,0->0,16,1846,1844,,
9716.0,False,False,0->0,16,2268,2266,,
9717.0,False,False,0->0,16,865,865,,
9718.0,False,False,0->0,16,2017,2016,,
9720.0,False,False,0->0,16,1773,1770,,
9721.0,False,False,0->0,12,1283,1283,,
9722.0,False,False,0->0,16,1665,1663,,
9723.0,False,False,0->0,16,1811,1811,,
9724.0,False,False,0->0,16,836,836,,
9725.0,False,False,0->0,12,1786,1786,,
9726.0,False,False,0->0,16,1729,1728,,
9727.0,False,False,0->0,16,1133,1130,,
9728.0,False,False,0->0,16,2024,2022,,
9730.0,False,False,0->0,16,1302,1302,,
9731.0,False,False,0->0,14,1773,1773,,
9732.0,False,False,0->0,16,2115,2114,,
9733.0,False,False,0->0,16,963,962,,
9734.0,False,False,0->0,16,2351,2351,,
9735.0,False,False,0->0,16,2134,2133,,
9736.0,False,False,0->0,16,1513,1511,,
9737.0,False,False,0->0,16,1603,1603,,
9738.0,False,False,0->0,16,802,800,,
9739.0,False,False,0->0,14,2287,2287,,
9741.0,False,False,0->0,16,1389,1388,,
9744.0,False,False,0->0,16,1500,1499,,
9746.0,False,False,0->0,16,1393,1392,,
9749.0,False,False,0->0,16,1558,1557,,
9750.0,False,False,0->0,16,1707,1706,,
9751.0,False,False,0->0,16,1762,1762,,
9752.0,False,False,0->0,16,1661,1660,,
9753.0,False,False,0->0,16,1788,1785,,
9754.0,False,False,0->0,16,2155,2155,,
9755.0,False,False,0->0,16,1835,1835,,
9756.0,False,False,0->0,16,897,897,,
9757.0,False,False,0->0,16,1795,1794,,
9758.0,False,False,0->0,12,1428,1428,,
9759.0,False,False,0->0,16,2550,2549,,
9760.0,False,False,0->0,16,1461,1461,,
9761.0,False,False,0->0,16,1661,1659,,
9762.0,False,False,0->0,16,1042,1041,,
9763.0,False,False,0->0,16,1013,1013,,
9765.0,False,False,0->0,16,1574,1573,,
9767.0,False,False,0->0,16,1123,1122,,
9768.0,False,False,0->0,16,1763,1762,,
9769.0,False,False,0->0,16,1048,1047,,
9770.0,False,False,0->0,16,1236,1235,,
9772.0,False,False,0->0,16,863,860,,
9775.0,False,False,0->0,14,2032,2032,,
9776.0,False,False,0->0,10,1548,1548,,
9778.0,False,False,0->0,16,2122,2122,,
9779.0,False,False,0->0,16,1544,1542,,
9780.0,False,False,0->0,16,1590,1589,,
9782.0,False,False,0->0,16,1929,1928,,
9783.0,False,False,0->0,14,1227,1226,,
9785.0,False,False,0->0,16,1176,1175,,
9788.0,False,False,0->0,16,1795,1793,,
9789.0,False,False,0->0,16,2144,2143,,
9791.0,False,False,0->0,16,2214,2214,,
9792.0,False,False,0->0,16,1772,1772,,
9793.0,False,False,0->0,16,1113,1110,,
9794.0,False,False,0->0,16,994,993,,
9795.0,False,False,0->0,16,1018,1017,,
9796.0,False,False,0->0,16,1915,1914,,
9797.0,False,False,0->0,16,2155,2155,,
9798.0,False,False,0->0,16,2428,2426,,
9799.0,False,False,0->0,16,2538,2536,,
9800.0,False,False,0->0,16,2894,2892,,
9801.0,False,False,0->0,16,2101,2100,,
9802.0,False,False,0->0,16,2289,2289,,
9803.0,False,False,0->0,16,2093,2091,,
9804.0,False,False,0->0,14,2098,2097,,
9805.0,False,False,0->0,16,1095,1095,,
9806.0,False,False,0->0,16,1850,1850,,
9807.0,False,False,0->0,8,1465,1465,,
9808.0,False,False,0->0,16,1160,1158,,
9809.0,False,False,0->0,16,1399,1398,,
9810.0,False,False,0->0,16,1084,1083,,
9811.0,False,False,0->0,16,1243,1243,,
9813.0,False,False,0->0,16,804,802,,
9814.0,False,False,0->0,12,1207,1207,,
9816.0,False,False,0->0,16,2246,2245,,
9818.0,False,False,0->0,16,2393,2391,,
9821.0,False,False,0->0,16,1628,1628,,
9822.0,False,False,0->0,16,1590,1590,,
9823.0,False,False,0->0,16,1535,1533,,
9824.0,False,False,0->0,16,1368,1368,,
9825.0,False,False,0->0,12,1388,1388,,
9826.0,False,False,0->0,16,680,680,,
9830.0,False,False,0->0,12,1330,1330,,
9831.0,False,False,0->0,16,1174,1173,,
9832.0,False,False,0->0,16,2428,2428,,
9833.0,False,False,0->0,16,2185,2184,,
9834.0,False,False,0->0,16,861,861,,
9836.0,False,False,0->0,16,1497,1493,,
9837.0,False,False,0->0,16,2773,2772,,
9838.0,False,False,0->0,16,2151,2145,,
9839.0,False,False,0->0,16,1878,1875,,
9840.0,False,False,0->0,16,1280,1279,,
9844.0,False,False,0->0,16,2426,2423,,
9845.0,False,False,0->0,16,1970,1970,,
9846.0,False,False,0->0,16,1776,1776,,
9847.0,False,False,0->0,16,2280,2280,,
9848.0,False,False,0->0,16,1404,1403,,
9849.0,False,False,0->0,16,2184,2183,,
9850.0,False,False,0->0,12,2011,2011,,
9851.0,False,False,0->0,16,1102,1101,,
9852.0,False,False,0->0,16,990,989,,
9853.0,False,False,0->0,16,925,924,,
9854.0,False,False,0->0,16,1939,1938,,
9855.0,False,False,0->0,16,1466,1463,,
9856.0,False,False,0->0,16,949,948,,
9858.0,False,False,0->0,16,1666,1666,,
9860.0,False,False,0->0,16,2868,2868,,
9861.0,False,False,0->0,16,1355,1353,,
9862.0,False,False,0->0,16,1685,1685,,
9863.0,False,False,0->0,16,795,793,,
9864.0,False,False,0->0,16,1850,1850,,
9865.0,False,False,0->0,16,1878,1876,,
9866.0,False,False,0->0,16,1237,1237,,
9867.0,False,False,0->0,16,2041,2041,,
9869.0,False,False,0->0,16,863,861,,
9870.0,False,False,0->0,12,1497,1497,,
9872.0,False,False,0->0,16,3085,3085,,
9874.0,False,False,0->0,16,2220,2219,,
9875.0,False,False,0->0,16,1824,1822,,
9876.0,False,False,0->0,16,979,979,,
9877.0,False,False,0->0,16,2082,2081,,
9879.0,False,False,0->0,8,1584,1584,,
9880.0,False,False,0->0,16,1607,1606,,
9881.0,False,False,0->0,16,1983,1981,,
9883.0,False,False,0->0,16,2152,2152,,
9884.0,False,False,0->0,16,1040,1039,,
9887.0,False,False,0->0,16,1509,1507,,
9889.0,False,False,0->0,16,689,687,,
9890.0,False,False,0->0,16,1552,1552,,
9891.0,False,False,0->0,16,2119,2119,,
9892.0,False,False,0->0,16,2110,2108,,
9895.0,False,False,0->0,16,1081,1080,,
9896.0,False,False,0->0,16,2188,2185,,
9897.0,False,False,0->0,16,1225,1223,,
9899.0,False,False,0->0,16,1051,1049,,
9900.0,False,False,0->0,16,1755,1753,,
9901.0,False,False,0->0,16,1583,1580,,
9902.0,False,False,0->0,16,1926,1926,,
9903.0,False,False,0->0,16,2258,2257,,
9904.0,False,False,0->0,16,1393,1391,,
9905.0,False,False,0->0,16,1546,1545,,
9909.0,False,False,0->0,16,2787,2787,,
9910.0,False,False,0->0,16,962,961,,
9912.0,False,False,0->0,12,1060,1060,,
9914.0,False,False,0->0,10,1762,1761,,
9915.0,False,False,0->0,16,1279,1278,,
9916.0,False,False,0->0,16,1389,1387,,
9917.0,False,False,0->0,16,1344,1342,,
9918.0,False,False,0->0,16,2325,2323,,
9919.0,False,False,0->0,16,1000,1000,,
9920.0,False,False,0->0,10,1747,1746,,
9923.0,False,False,0->0,16,2092,2091,,
9924.0,False,False,0->0,14,863,863,,
9925.0,False,False,0->0,16,1357,1355,,
9926.0,False,False,0->0,16,1522,1521,,
9928.0,False,False,0->0,12,2273,2273,,
9929.0,False,False,0->0,16,1942,1942,,
9930.0,False,False,0->0,16,2524,2523,,
9931.0,False,False,0->0,16,1733,1732,,
9932.0,False,False,0->0,16,1638,1638,,
9933.0,False,False,0->0,16,1513,1513,,
9934.0,False,False,0->0,16,1944,1944,,
9936.0,False,False,0->0,16,922,921,,
9937.0,False,False,0->0,16,2880,2879,,
9938.0,False,False,0->0,16,1181,1179,,
9942.0,False,False,0->0,16,1630,1629,,
9943.0,False,False,0->0,16,1185,1183,,
9944.0,False,False,0->0,12,1860,1859,,
9946.0,False,False,0->0,16,2006,2004,,
9948.0,False,False,0->0,16,2109,2106,,
9949.0,False,False,0->0,16,2081,2079,,
9950.0,False,False,0->0,16,2410,2409,,
9951.0,False,False,0->0,12,1717,1717,,
9954.0,False,False,0->0,16,1555,1552,,
9955.0,False,False,0->0,16,1275,1273,,
9956.0,False,False,0->0,16,1477,1476,,
9960.0,False,False,0->0,16,1366,1365,,
9962.0,False,False,0->0,16,1956,1954,,
9963.0,False,False,0->0,16,1515,1513,,
9965.0,False,False,0->0,16,1409,1408,,
9966.0,False,False,0->0,16,1211,1211,,
9967.0,False,False,0->0,12,1370,1370,,
9968.0,False,False,0->0,14,1243,1243,,
9969.0,False,False,0->0,16,1594,1594,,
9970.0,False,False,0->0,16,1239,1236,,
9971.0,False,False,0->0,16,1194,1194,,
9972.0,False,False,0->0,16,1129,1129,,
9973.0,False,False,0->0,16,1603,1603,,
9974.0,False,False,0->0,16,1834,1832,,
9976.0,False,False,0->0,16,1571,1570,,
9977.0,False,False,0->0,16,1565,1563,,
9979.0,False,False,0->0,14,1749,1749,,
9980.0,False,False,0->0,16,1323,1323,,
9981.0,False,False,0->0,16,1094,1093,,
9982.0,False,False,0->0,16,1251,1251,,
9983.0,False,False,0->0,16,1284,1283,,
9984.0,False,False,0->0,16,1852,1852,,
9985.0,False,False,0->0,16,1677,1675,,
9986.0,False,False,0->0,16,1409,1407,,
9987.0,False,False,0->0,16,1865,1864,,
9988.0,False,False,0->0,16,1666,1666,,
9989.0,False,False,0->0,16,1979,1978,,
9990.0,False,False,0->0,16,1217,1215,,
9991.0,False,False,0->0,12,2124,2123,,
9995.0,False,False,0->0,16,1515,1514,,
9997.0,False,False,0->0,16,1198,1197,,
9998.0,False,False,0->0,16,629,629,,
10000.0,False,False,0->0,16,1858,1857,,
