source,source_event,layer_id,trajectory_step,x,y,z,r,phi,n_merged,hard_members,pileup_members
hard,-1,1,20,19.654840678854253,-26.81883177710872,76.75,33.25,-0.9383458646616543,2,2,0
pileup,-1,1,33,-30.85096405172886,12.400827273973832,-64.75,33.25,2.759398496240602,1,0,1
pileup,-1,1,33,-1.220747719745641,-33.22758304488511,-42.5,33.25,-1.607518796992481,1,0,1
pileup,-1,1,33,32.79614904134747,-5.474952790456148,-36.0,33.25,-0.16541353383458643,1,0,1
pileup,-1,1,34,4.366330296820738,-32.96206394840992,-64.0,33.25,-1.4390977443609025,1,0,1
pileup,-1,1,34,18.091089080963773,-27.8975804661378,-65.25,33.25,-0.9954887218045113,1,0,1
pileup,-1,1,34,31.212656422527758,-11.460042715855684,-31.25,33.25,-0.3518796992481203,1,0,1
pileup,-1,1,34,32.14400596661585,8.50443298628219,-44.75,33.25,0.25864661654135335,1,0,1
pileup,-1,1,34,-25.63408908054963,21.17677919350453,-44.75,33.25,2.4511278195488724,1,0,1
pileup,-1,1,35,12.69810459762129,30.72980051396151,-37.0,33.25,1.1789473684210527,1,0,1
pileup,-1,1,35,-18.377110482400816,-27.7100037949769,5.75,33.25,-2.156390977443609,1,0,1
pileup,-1,1,36,-32.471782225484525,-7.151633316991818,-55.25,33.25,-2.924812030075188,1,0,1
pileup,-1,1,36,13.57079690062182,30.35450496190101,-52.25,33.25,1.150375939849624,1,0,1
pileup,-1,1,36,-18.95636355207859,-27.31700534248633,-53.25,33.25,-2.1774436090225566,1,0,1
pileup,-1,1,36,-26.62305588519776,19.919221755220185,-39.75,33.25,2.499248120300752,1,0,1
pileup,-1,1,36,18.92180634623533,27.34095361532893,-52.75,33.25,0.9654135338345865,1,0,1
pileup,-1,1,36,24.69184104657338,-22.2682618479924,-40.0,33.25,-0.7338345864661655,1,0,1
pileup,-1,1,37,-27.881803222252582,18.115395360730748,-56.25,33.25,2.565413533834587,1,0,1
pileup,-1,1,37,32.23174384574497,-8.165610121863576,-53.75,33.25,-0.24812030075187969,1,0,1
pileup,-1,1,37,-18.66777123324318,27.515028932990397,-43.0,33.25,2.1669172932330825,1,0,1
pileup,-1,1,37,22.913144695357637,-24.09461143429386,2.25,33.25,-0.8105263157894737,1,0,1
pileup,-1,1,37,2.57639276408988,33.150033187391315,14.25,33.25,1.4932330827067668,1,0,1
pileup,-1,1,37,-31.57214304763084,10.428915733667422,0.0,33.25,2.8225563909774434,1,0,1
pileup,-1,1,38,29.7469825130195,-14.855286310607145,-82.5,33.25,-0.4631578947368421,1,0,1
pileup,-1,1,38,-18.626374158839205,-27.54306964909553,-32.0,33.25,-2.1654135338345863,1,0,1
pileup,-1,1,38,-13.151447184083242,-30.53853200408082,-56.75,33.25,-1.977443609022557,1,0,1
pileup,-1,1,38,29.47408867861622,-15.389626264632524,-20.5,33.25,-0.4812030075187969,1,0,1
pileup,-1,1,38,6.634152974575211,32.58144432510528,-54.75,33.25,1.3699248120300753,1,0,1
pileup,-1,1,38,-31.428112729294632,10.85523976127419,-20.5,33.25,2.8090225563909783,1,0,1
pileup,-1,1,38,-24.652989319479527,-22.311266607111943,-23.0,33.25,-2.406015037593985,1,0,1
pileup,-1,1,38,26.04809223983305,20.66541532767124,10.75,33.25,0.6706766917293233,1,0,1
pileup,-1,1,39,-30.85096405172885,12.400827273973851,-75.25,33.25,2.7593984962406015,1,0,1
pileup,-1,1,39,3.9694878039673687,33.01220481237438,-31.75,33.25,1.4511278195488722,1,0,1
pileup,-1,1,39,-14.694950024354895,29.826514107111343,-2.0,33.25,2.0285714285714285,1,0,1
pileup,-1,1,39,-26.25929632595537,20.39636870782804,4.0,33.25,2.481203007518797,1,0,1
pileup,-1,1,40,12.97484534307243,30.61398190897995,-86.25,33.25,1.1699248120300754,1,0,1
pileup,-1,1,40,19.89601180716645,-26.64040566825312,-45.5,33.25,-0.9293233082706769,1,0,1
pileup,-1,1,40,-13.882331524783904,30.213297923861127,-20.25,33.25,2.001503759398496,1,0,1
pileup,-1,1,41,29.634448854536625,-15.078525826083034,-88.0,33.25,-0.4706766917293233,1,0,1
pileup,-1,1,41,-10.82032319869405,-31.440151174506195,-58.0,33.25,-1.9022556390977443,1,0,1
pileup,-1,1,41,-0.6209860280916906,-33.24420064241153,-16.5,33.25,-1.5894736842105264,1,0,1
pileup,-1,1,42,33.203957998240874,-1.7491921709908984,-60.5,33.25,-0.052631578947368425,1,0,1
pileup,-1,1,42,-3.116441087861946,33.10362963401273,-54.0,33.25,1.6646616541353383,1,0,1
pileup,-1,1,42,2.027718892631038,-33.18811317463629,-57.75,33.25,-1.5097744360902257,1,0,1
pileup,-1,1,43,12.744300449481717,-30.71067088250174,-51.25,33.25,-1.1774436090225566,1,0,1
pileup,-1,1,43,18.34205679745812,-27.73321929453593,-15.0,33.25,-0.9864661654135339,1,0,1
pileup,-1,1,43,-8.766154702200817,32.07361893733045,-65.0,33.25,1.8375939849624061,1,0,1
pileup,-1,1,43,-15.8935081401332,-29.205460088817635,9.75,33.25,-2.0691729323308268,1,0,1
pileup,-1,1,44,-20.9159374104835,-25.847360837051365,-39.25,33.25,-2.2511278195488726,1,0,1
pileup,-1,1,44,-16.374409633472794,28.938576488058864,-68.75,33.25,2.085714285714286,1,0,1
pileup,-1,1,44,31.816214104251525,9.658727663229064,-57.25,33.25,0.29473684210526313,1,0,1
pileup,-1,1,44,-17.831934290150553,-28.063938060645604,-15.5,33.25,-2.136842105263158,1,0,1
pileup,-1,1,45,-18.25191636873292,27.79262580017907,-69.5,33.25,2.1518796992481204,1,0,1
pileup,-1,1,45,18.300331985638675,-27.76076996798558,-10.75,33.25,-0.9879699248120302,1,0,1
pileup,-1,1,46,11.721520185524268,-31.1154055821284,-7.75,33.25,-1.2105263157894737,1,0,1
pileup,-1,1,46,-30.176898727926748,13.961277991804792,-66.5,33.25,2.7082706766917295,1,0,1
pileup,-1,1,46,30.138134862372475,14.044761550750808,-65.75,33.25,0.4360902255639099,1,0,1
pileup,-1,1,47,8.725590957850862,32.08467800113118,-31.0,33.25,1.305263157894737,1,0,1
pileup,-1,1,47,-19.283609562117437,27.08698769254,-96.0,33.25,2.189473684210526,1,0,1
pileup,-1,1,47,19.57409376915171,26.877822700443144,27.5,33.25,0.9413533834586464,1,0,1
pileup,-1,1,48,-15.141790682219844,29.602173483307613,-37.5,33.25,2.043609022556391,1,0,1
pileup,-1,1,48,11.815047200086486,-31.080012221035695,-71.0,33.25,-1.2075187969924814,1,0,1
pileup,-1,1,48,28.948923336133696,-16.356110102302868,-28.25,33.25,-0.5142857142857143,1,0,1
pileup,-1,1,48,-9.199417691583976,-31.952045539147758,-45.5,33.25,-1.8511278195488723,1,0,1
pileup,-1,1,49,-5.791332992187176,-32.74176174511084,-30.5,33.25,-1.7458646616541358,1,0,1
pileup,-1,1,49,19.167718121046143,-27.169120008423523,-28.5,33.25,-0.9563909774436091,1,0,1
pileup,-1,1,50,-19.07940484851188,27.231210230663304,-41.5,33.25,2.1819548872180445,1,0,1
pileup,-1,1,51,-32.06386184018948,-8.801776178319964,-103.0,33.25,-2.8736842105263163,1,0,1
pileup,-1,1,51,30.48728747215181,13.269807933439562,-37.5,33.25,0.41052631578947363,1,0,1
pileup,-1,1,51,-33.13978989612665,-2.7049631495792448,-68.0,33.25,-3.0601503759398496,1,0,1
pileup,-1,1,51,20.13556328130698,26.459810871290877,-78.0,33.25,0.9203007518796991,1,0,1
pileup,-1,1,51,14.20678463831776,-30.06209856680765,-36.5,33.25,-1.1293233082706768,1,0,1
pileup,-1,1,52,19.614489401046004,26.84835759476274,37.25,33.25,0.9398496240601504,1,0,1
pileup,-1,1,53,-16.200047839898218,29.03654507659286,-77.25,33.25,2.079699248120301,1,0,1
pileup,-1,1,53,25.22042048845409,21.66778462108125,-5.25,33.25,0.7097744360902257,1,0,1
pileup,-1,1,54,-5.594286485123912,-32.7760043129476,-28.75,33.25,-1.7398496240601509,1,0,1
pileup,-1,1,54,33.071175559511026,3.4438128741267118,-82.25,33.25,0.10375939849624062,1,0,1
pileup,-1,1,54,26.23348435007808,-20.42955699113929,3.5,33.25,-0.661654135338346,1,0,1
pileup,-1,1,55,18.55005682163529,-27.594526484687176,4.25,33.25,-0.9789473684210529,1,0,1
pileup,-1,1,55,-30.44404258953325,13.36872360424455,4.75,33.25,2.7278195488721804,1,0,1
pileup,-1,1,56,-28.2832938120414,-17.481927557959406,-108.25,33.25,-2.5879699248120303,1,0,1
pileup,-1,1,57,-33.09051449402915,-3.2527450746172404,6.25,33.25,-3.043609022556391,1,0,1
pileup,-1,1,57,25.511350039482316,21.32448168568244,-86.0,33.25,0.6962406015037593,1,0,1
pileup,-1,1,57,-11.244825079191502,-31.29083586193226,35.0,33.25,-1.9157894736842107,1,0,1
pileup,-1,1,58,-18.66777123324317,-27.515028932990408,-81.25,33.25,-2.166917293233082,1,0,1
pileup,-1,1,58,-26.652979489583537,19.87916457821705,-85.25,33.25,2.5007518796992483,1,0,1
pileup,-1,1,58,-33.24807321701571,0.3579488175179602,34.5,33.25,3.130827067669174,1,0,1
pileup,-1,1,59,25.92331852191457,20.821720793713496,-86.5,33.25,0.6766917293233082,1,0,1
pileup,-1,1,59,3.422903113939616,33.073346281750545,-87.75,33.25,1.467669172932331,1,0,1
pileup,-1,1,60,7.902619487330643,32.297230612522526,-14.25,33.25,1.330827067669173,1,0,1
pileup,-1,1,60,20.8832369872354,25.87378814427766,-88.75,33.25,0.8917293233082706,1,0,1
pileup,-1,1,60,-9.583128256047727,31.83906645660547,-89.5,33.25,1.8631578947368421,1,0,1
pileup,-1,1,61,5.995995443005592,-32.70490083530993,-23.25,33.25,-1.3894736842105264,1,0,1
pileup,-1,1,62,-31.428112729294632,10.85523976127422,10.0,33.25,2.8090225563909774,1,0,1
pileup,-1,1,62,-22.79842396174428,24.20318914648572,13.5,33.25,2.3263157894736843,1,0,1
pileup,-1,1,62,-13.791401816371128,-30.25491259183201,-37.0,33.25,-1.9984962406015039,1,0,1
pileup,-1,1,63,-7.894891498586794,-32.299120548794235,-92.0,33.25,-1.8105263157894738,1,0,1
pileup,-1,1,63,13.020866718786936,30.59443625712993,-93.5,33.25,1.168421052631579,1,0,1
pileup,-1,1,63,23.379759088262333,23.64210999413579,51.0,33.25,0.7909774436090224,1,0,1
pileup,-1,1,64,-28.43987213469409,-17.226031840277383,13.0,33.25,-2.596992481203008,1,0,1
pileup,-1,1,64,0.6789306788347871,-33.24306774552157,-59.0,33.25,-1.5503759398496246,1,0,1
pileup,-1,1,64,-16.461368760415755,-28.88919934047339,14.75,33.25,-2.088721804511278,1,0,1
pileup,-1,1,64,29.334037108321,-15.65492787998866,-22.5,33.25,-0.49022556390977456,1,0,1
pileup,-1,1,65,-3.514445128536458,-33.06374412311023,-14.5,33.25,-1.6766917293233083,1,0,1
pileup,-1,1,65,-18.75043864869595,27.45876090579269,-49.25,33.25,2.169924812030075,1,0,1
pileup,-1,1,67,-15.541022671970303,29.3945422537808,-121.75,33.25,2.0571428571428574,1,0,1
pileup,-1,1,67,-17.15161574238681,-28.48481310146705,-85.5,33.25,-2.112781954887218,1,0,1
pileup,-1,1,67,33.195729055729515,-1.8989661551999817,19.25,33.25,-0.057142857142857155,1,0,1
pileup,-1,1,67,-8.331286087416997,-32.189317671078584,-95.25,33.25,-1.82406015037594,1,0,1
pileup,-1,1,68,-32.6996628171066,6.024495966264418,-123.25,33.25,2.9593984962406017,1,0,1
pileup,-1,1,71,26.687588955032247,-19.832677473484026,-1.5,33.25,-0.6390977443609023,1,0,1
pileup,-1,1,71,-8.862576922976398,32.047109546483696,-2.0,33.25,1.8406015037593986,1,0,1
pileup,-1,1,73,-29.721044135505167,-14.907113586987723,-129.0,33.25,-2.6766917293233083,1,0,1
pileup,-1,1,73,-10.346333416055195,-31.59930196766725,-0.75,33.25,-1.887218045112782,1,0,1
pileup,-1,1,73,-13.791401816371128,-30.25491259183201,-21.5,33.25,-1.9984962406015039,1,0,1
pileup,-1,1,73,-32.290331098344446,7.930763995939444,53.0,33.25,2.9007518796992486,1,0,1
pileup,-1,1,74,-30.906593510473854,-12.261524276301666,-130.75,33.25,-2.7639097744360903,1,0,1
pileup,-1,1,74,21.99135583055058,-24.938780417937625,2.0,33.25,-0.8481203007518798,1,0,1
pileup,-1,1,74,21.689756358377284,25.201527118693267,-105.25,33.25,0.8601503759398497,1,0,1
pileup,-1,1,75,-29.56248346814452,15.219135034412506,-131.5,33.25,2.6661654135338346,1,0,1
pileup,-1,1,75,6.976741673180666,-32.50980737601661,3.75,33.25,-1.3593984962406016,1,0,1
pileup,-1,1,75,-32.3947042908966,-7.493039030017481,-16.75,33.25,-2.9142857142857146,1,0,1
pileup,-1,1,76,27.214571908170107,19.10313000152169,29.25,33.25,0.6120300751879699,1,0,1
pileup,-1,1,77,-12.320123768808548,30.883281080889684,-134.0,33.25,1.9503759398496243,1,0,1
pileup,-1,1,77,-28.335743045023783,-17.39678608497519,-107.75,33.25,-2.590977443609023,1,0,1
pileup,-1,1,79,-28.04411330819725,17.86309628135598,-111.0,33.25,2.5744360902255643,1,0,1
pileup,-1,1,79,-33.2347233540468,1.007801359383944,49.75,33.25,3.111278195488722,1,0,1
pileup,-1,1,80,33.19854711023996,-1.8490456373974415,5.0,33.25,-0.05563909774436089,1,0,1
pileup,-1,1,80,11.111048173473776,-31.338588169966197,8.25,33.25,-1.230075187969925,1,0,1
pileup,-1,1,81,30.64471433402649,-12.902092209634503,-124.5,33.25,-0.39849624060150374,1,0,1
pileup,-1,1,81,-32.154734029931895,8.463780447550594,-138.25,33.25,2.8842105263157896,1,0,1
pileup,-1,1,81,-21.759437256673483,-25.14138799415996,35.5,33.25,-2.284210526315789,1,0,1
pileup,-1,1,82,10.211246943402148,-31.64321310898848,36.0,33.25,-1.2586466165413535,1,0,1
pileup,-1,1,82,-33.04899022448657,3.650581479955074,-114.75,33.25,3.0315789473684216,1,0,1
pileup,-1,1,82,-33.18633338409066,-2.0566420495531124,70.5,33.25,-3.079699248120301,1,0,1
pileup,-1,1,83,9.303110568579774,-31.922008610812373,11.0,33.25,-1.2872180451127821,1,0,1
pileup,-1,1,83,13.112821034273338,30.55513744893187,35.25,33.25,1.1654135338345866,1,0,1
pileup,-1,1,83,-33.247497356520675,0.4079454965435447,37.0,33.25,3.1293233082706777,1,0,1
pileup,-1,1,84,-27.79979619175654,-18.240993166404035,-138.5,33.25,-2.560902255639098,1,0,1
pileup,-1,1,84,-30.34266628582988,-13.597246142758562,133.75,33.25,-2.7203007518796993,1,0,1
pileup,-1,1,84,25.285472598350463,21.591835852425053,-114.5,33.25,0.706766917293233,1,0,1
pileup,-1,1,84,-33.20353851833817,1.757136836229125,38.75,33.25,3.088721804511278,1,0,1
pileup,-1,1,85,30.778825570492344,12.578807435572209,-81.5,33.25,0.38796992481203013,1,0,1
pileup,-1,1,88,-18.210102325772866,-27.820040856995192,-145.25,33.25,-2.1503759398496243,1,0,1
pileup,-1,1,88,23.20133968484368,23.817227731801573,70.0,33.25,0.7984962406015037,1,0,1
pileup,-1,1,88,-13.517867513840107,-30.37811313887461,74.0,33.25,-1.9894736842105265,1,0,1
pileup,-1,1,90,-27.82719481460352,18.199168353254585,-148.25,33.25,2.562406015037594,1,0,1
pileup,-1,1,90,-14.47027726500358,29.936158335262736,-120.5,33.25,2.0210526315789474,1,0,1
pileup,-1,1,90,-25.91833576403957,-20.827922873453016,43.5,33.25,-2.4646616541353383,1,0,1
pileup,-1,1,90,33.24939849805417,-0.1999987939796065,40.0,33.25,-0.006015037593984962,1,0,1
pileup,-1,1,91,29.38098686164132,15.566634544308538,19.75,33.25,0.487218045112782,1,0,1
pileup,-1,1,94,9.829847001634665,31.76376249634879,47.75,33.25,1.2706766917293233,1,0,1
pileup,-1,1,95,6.339919014486374,-32.6399743702374,24.5,33.25,-1.3789473684210527,1,0,1
pileup,-1,1,95,16.72822565287695,-28.735500108862364,24.0,33.25,-1.0436090225563912,1,0,1
pileup,-1,1,96,-22.72552941744962,-24.271646270836925,-101.5,33.25,-2.3233082706766917,1,0,1
pileup,-1,1,99,15.326634432570604,-29.506893719440228,27.75,33.25,-1.0917293233082708,1,0,1
pileup,-1,1,100,-33.2008586668557,-1.8070649638219851,-158.5,33.25,-3.087218045112782,1,0,1
pileup,-1,1,101,18.798271572233528,-27.42603664215004,56.75,33.25,-0.9699248120300752,1,0,1
pileup,-1,1,105,-24.17785007523757,22.825294428316464,30.0,33.25,2.384962406015038,1,0,1
pileup,-1,1,106,-15.761592902614318,-29.27686269346936,-92.25,33.25,-2.0646616541353384,1,0,1
pileup,-1,1,112,-22.43190230049043,-24.543273196158097,-49.0,33.25,-2.3112781954887214,1,0,1
pileup,-1,1,114,20.333938200980576,26.307669171530623,-52.5,33.25,0.9127819548872181,1,0,1
pileup,-1,1,116,24.422171930274985,-22.563688045354837,-96.75,33.25,-0.7458646616541355,1,0,1
pileup,-1,1,118,-13.56353358584261,30.357751179323536,47.75,33.25,1.9909774436090226,1,0,1
pileup,-1,1,137,12.92879462744522,-30.63345833368057,-107.5,33.25,-1.1714285714285715,1,0,1
pileup,-1,2,50,-46.6101993163341,19.435516964866363,-64.8,50.49999999999999,2.7465346534653468,1,0,1
pileup,-1,2,50,49.89882035876137,-7.769023542509227,-34.4,50.49999999999999,-0.15445544554455445,1,0,1
pileup,-1,2,51,-2.673535030667795,-50.429180148400114,-44.400000000000006,50.49999999999999,-1.6237623762376239,1,0,1
pileup,-1,2,51,-39.60445295283997,31.33268750532398,-47.6,50.49999999999999,2.4722772277227723,1,0,1
pileup,-1,2,52,8.287556080896527,-49.81532308643592,-64.0,50.49999999999999,-1.4059405940594059,1,0,1
pileup,-1,2,52,25.882523548578455,-43.362944719625325,-65.60000000000001,50.49999999999999,-1.0326732673267327,1,0,1
pileup,-1,2,52,47.13118074405939,-18.1356500206308,-27.200000000000003,50.49999999999999,-0.3673267326732673,1,0,1
pileup,-1,2,52,49.19624284791733,11.40086354837836,-48.0,50.49999999999999,0.22772277227722776,1,0,1
pileup,-1,2,53,21.24287036269354,45.81474062737664,-36.0,50.49999999999999,1.136633663366337,1,0,1
pileup,-1,2,53,-28.986978638538144,-41.35220755182164,10.4,50.49999999999999,-2.182178217821782,1,0,1
pileup,-1,2,54,28.12133308653585,41.94568661300114,-60.0,50.49999999999999,0.9801980198019803,1,0,1
pileup,-1,2,54,35.717806010138546,-35.6999766641676,-40.400000000000006,50.49999999999999,-0.7851485148514853,1,0,1
pileup,-1,2,55,-48.745561156271606,-13.19546390090873,-50.400000000000006,50.49999999999999,-2.877227722772277,1,0,1
pileup,-1,2,55,21.740573063277814,45.58067005738593,-59.2,50.49999999999999,1.1257425742574259,1,0,1
pileup,-1,2,55,-28.28687825783741,-41.83422663831956,-60.400000000000006,50.49999999999999,-2.165346534653465,1,0,1
pileup,-1,2,55,-42.098081425982514,27.89267897229212,-40.0,50.49999999999999,2.556435643564356,1,0,1
pileup,-1,2,56,48.53053512668632,-13.965570533188592,-61.2,50.49999999999999,-0.2801980198019802,1,0,1
pileup,-1,2,56,-25.83920866648323,43.38876923225569,-45.2,50.49999999999999,2.107920792079208,1,0,1
pileup,-1,2,56,33.38545812038337,-37.890119900735705,9.2,50.49999999999999,-0.8485148514851486,1,0,1
pileup,-1,2,57,44.94923212374159,-23.017743840046474,-92.0,50.49999999999999,-0.47326732673267324,1,0,1
pileup,-1,2,57,-42.77552799933666,26.84220937959405,-65.2,50.49999999999999,2.581188118811881,1,0,1
pileup,-1,2,57,3.2230224391172406,50.39704481769687,23.6,50.49999999999999,1.5069306930693072,1,0,1
pileup,-1,2,57,-47.79602306896162,16.303072679445687,1.6,50.49999999999999,2.812871287128713,1,0,1
pileup,-1,2,58,-27.45298614601944,-42.38612451813052,-28.4,50.49999999999999,-2.1455445544554457,1,0,1
pileup,-1,2,58,-18.949317465487997,-46.80997081383572,-66.0,50.49999999999999,-1.9554455445544554,1,0,1
pileup,-1,2,58,45.15255345566555,-22.61629758455759,-10.8,50.49999999999999,-0.46435643564356444,1,0,1
pileup,-1,2,58,11.960476065958904,49.06319406923711,-63.2,50.49999999999999,1.3316831683168318,1,0,1
pileup,-1,2,58,-48.07896731077409,15.448718468841216,-10.8,50.49999999999999,2.8306930693069314,1,0,1
pileup,-1,2,58,-35.50479286168581,-35.911832087054336,-28.8,50.49999999999999,-2.3504950495049504,1,0,1
pileup,-1,2,58,40.96094999626656,29.53727433944018,18.0,50.49999999999999,0.6247524752475246,1,0,1
pileup,-1,2,59,2.424282394826541,50.4417768805792,-28.0,50.49999999999999,1.5227722772277228,1,0,1
pileup,-1,2,60,-45.39599887923498,22.12359115868165,-80.80000000000001,50.49999999999999,2.6881188118811883,1,0,1
pileup,-1,2,60,-25.92507630511652,43.337517448209766,-1.2000000000000002,50.49999999999999,2.10990099009901,1,0,1
pileup,-1,2,60,-37.47389849528896,33.85198563695754,8.0,50.49999999999999,2.4069306930693073,1,0,1
pileup,-1,2,61,-18.810194560995654,46.866049338273534,-10.4,50.49999999999999,1.9524752475247527,1,0,1
pileup,-1,2,62,21.152106514725084,45.85671586572381,-97.6,50.49999999999999,1.1386138613861385,1,0,1
pileup,-1,2,62,-19.134554396557476,-46.73455710761773,-68.0,50.49999999999999,-1.9594059405940594,1,0,1
pileup,-1,2,62,-2.47379506059934,-50.43937289457666,-4.800000000000001,50.49999999999999,-1.6198019801980201,1,0,1
pileup,-1,2,62,26.693634392652136,-42.86840191692966,-48.8,50.49999999999999,-1.0138613861386139,1,0,1
pileup,-1,2,63,45.59151938026683,-21.717812058279584,-100.4,50.49999999999999,-0.44455445544554456,1,0,1
hard,-1,2,64,29.86095687794699,-40.72557709024442,116.8,50.49999999999999,-0.9381188118811883,2,2,0
pileup,-1,2,64,50.49977722788656,0.1499997794334862,-71.60000000000001,50.49999999999999,0.0029702970297029703,1,0,1
pileup,-1,2,64,-4.070365327905381,50.33569435398092,-61.6,50.49999999999999,1.6514851485148514,1,0,1
pileup,-1,2,64,6.556652380388631,-50.07255045993507,-67.2,50.49999999999999,-1.4405940594059405,1,0,1
pileup,-1,2,65,-11.668384818115475,49.13347937747105,-78.4,50.49999999999999,1.8039603960396038,1,0,1
pileup,-1,2,65,-26.9051631937259,-42.735959021870286,21.200000000000003,50.49999999999999,-2.1326732673267332,1,0,1
pileup,-1,2,66,30.12243567686976,-40.53256553553999,-2.4000000000000004,50.49999999999999,-0.9316831683168317,1,0,1
pileup,-1,2,67,-29.55737449388772,-40.94644811248072,-26.4,50.49999999999999,-2.196039603960396,1,0,1
pileup,-1,2,67,14.756702419488144,-48.29585627880173,-44.400000000000006,50.49999999999999,-1.2742574257425745,1,0,1
pileup,-1,2,67,-25.53787624738389,43.566809348095546,-84.0,50.49999999999999,2.100990099009901,1,0,1
pileup,-1,2,68,26.05405455415772,-43.26009987608643,4.0,50.49999999999999,-1.0287128712871287,1,0,1
pileup,-1,2,68,46.78169586541782,19.019015010129973,-66.8,50.49999999999999,0.38613861386138615,1,0,1
pileup,-1,2,68,-24.05707908866045,-44.40165476332989,-3.2,50.49999999999999,-2.0673267326732674,1,0,1
pileup,-1,2,69,-28.864022608788563,41.438124943575126,-85.2,50.49999999999999,2.1792079207920794,1,0,1
pileup,-1,2,69,16.94025299327277,-47.57391962539889,8.4,50.49999999999999,-1.2287128712871287,1,0,1
pileup,-1,2,70,-47.11304709306106,18.182705893430985,-80.80000000000001,50.49999999999999,2.773267326732674,1,0,1
pileup,-1,2,70,45.352289518861696,22.213055516910508,-79.60000000000001,50.49999999999999,0.4554455445544554,1,0,1
pileup,-1,2,71,12.59097435492065,48.90518750392162,-14.0,50.49999999999999,1.3188118811881189,1,0,1
pileup,-1,2,71,30.00190921491209,40.6218591827131,43.6,50.49999999999999,0.9346534653465347,1,0,1
pileup,-1,2,72,-30.9187634981352,39.92843678065024,-112.8,50.49999999999999,2.22970297029703,1,0,1
pileup,-1,2,73,-19.134554396557476,46.73455710761773,-23.6,50.49999999999999,1.9594059405940594,1,0,1
pileup,-1,2,73,-12.105738852518884,-49.027554363180464,-63.2,50.49999999999999,-1.812871287128713,1,0,1
pileup,-1,2,74,15.138776947764748,-48.17745772169621,-87.60000000000001,50.49999999999999,-1.2663366336633666,1,0,1
pileup,-1,2,74,27.579123618686925,-42.3041598477642,-22.8,50.49999999999999,-0.9930693069306934,1,0,1
pileup,-1,2,74,46.74394275437575,-19.111614682586158,-22.4,50.49999999999999,-0.3881188118811882,1,0,1
pileup,-1,2,75,-2.0242430363212462,-50.45941379098558,-25.6,50.49999999999999,-1.6108910891089108,1,0,1
pileup,-1,2,77,-48.62604408769591,-13.62930065635999,-123.2,50.49999999999999,-2.8683168316831678,1,0,1
pileup,-1,2,77,31.27366605663374,39.65107579093099,-98.0,50.49999999999999,0.9029702970297031,1,0,1
pileup,-1,2,77,-28.4936309255673,41.693680536474055,-61.6,50.49999999999999,2.17029702970297,1,0,1
pileup,-1,2,77,24.93191893757632,-43.91639122343869,-54.0,50.49999999999999,-1.0544554455445545,1,0,1
pileup,-1,2,78,48.19995191269704,15.067004865390247,-23.200000000000003,50.49999999999999,0.30297029702970296,1,0,1
pileup,-1,2,78,-50.49197276321184,0.9003812964928565,-83.2,50.49999999999999,3.123762376237624,1,0,1
pileup,-1,2,79,29.43596976264812,41.03381147459331,58.400000000000006,50.49999999999999,0.9485148514851486,1,0,1
pileup,-1,2,80,-24.23273810241863,44.30603123796565,-96.8,50.49999999999999,2.071287128712872,1,0,1
pileup,-1,2,81,35.18368882203185,36.22648259042591,12.4,50.49999999999999,0.8000000000000003,1,0,1
pileup,-1,2,82,-6.308263490844026,-50.1044490213203,-23.200000000000003,50.49999999999999,-1.6960396039603962,1,0,1
pileup,-1,2,83,50.31276432969887,4.344622596288561,-104.8,50.49999999999999,0.08613861386138613,1,0,1
pileup,-1,2,83,40.931685098038905,-29.57781525121455,25.6,50.49999999999999,-0.6257425742574257,1,0,1
pileup,-1,2,84,26.438501100188,-43.02622060529321,26.8,50.49999999999999,-1.0198019801980198,1,0,1
pileup,-1,2,84,-46.87511617062967,18.787588562398664,27.6,50.49999999999999,2.7603960396039606,1,0,1
pileup,-1,2,86,-44.10021221545585,-24.60531004786892,-131.20000000000002,50.49999999999999,-2.632673267326733,1,0,1
pileup,-1,2,87,-50.419576350336754,-2.8489156976931387,30.0,50.49999999999999,-3.0851485148514852,1,0,1
pileup,-1,2,87,39.48032033899285,31.48895530071628,-110.4,50.49999999999999,0.6732673267326733,1,0,1
pileup,-1,2,87,-18.205426718065883,-47.10427197201049,59.2,50.49999999999999,-1.9396039603960396,1,0,1
pileup,-1,2,88,-41.81985738739168,28.30811770673249,-109.2,50.49999999999999,2.5465346534653466,1,0,1
pileup,-1,2,88,-50.4167309291323,2.8988346657708237,58.400000000000006,50.49999999999999,3.0841584158415842,1,0,1
pileup,-1,2,89,3.871412387125992,50.35138693351761,-112.8,50.49999999999999,1.4940594059405938,1,0,1
pileup,-1,2,90,39.1350366285096,31.91706296145077,-111.2,50.49999999999999,0.684158415841584,1,0,1
pileup,-1,2,91,-35.29083000822425,-36.12211673380476,-90.8,50.49999999999999,-2.344554455445545,1,0,1
pileup,-1,2,91,32.9329327075122,38.28409517387702,-114.4,50.49999999999999,0.8603960396039605,1,0,1
pileup,-1,2,91,-13.556448866502295,48.64640474002071,-115.6,50.49999999999999,1.8425742574257429,1,0,1
pileup,-1,2,92,13.989799946448702,48.52355610894923,11.6,50.49999999999999,1.2900990099009901,1,0,1
pileup,-1,2,93,3.272918915382746,-50.39382900488243,-1.2000000000000002,50.49999999999999,-1.5059405940594062,1,0,1
pileup,-1,2,94,-35.18338107049102,36.22678148067552,40.8,50.49999999999999,2.3415841584158414,1,0,1
pileup,-1,2,95,-48.84854947472751,12.808950550888191,35.6,50.49999999999999,2.8851485148514855,1,0,1
pileup,-1,2,96,-12.68737631541659,-48.88026679787055,-119.6,50.49999999999999,-1.824752475247525,1,0,1
pileup,-1,2,97,-44.71893492117777,-23.462030166110253,40.400000000000006,50.49999999999999,-2.6584158415841586,1,0,1
pileup,-1,2,97,18.903359496685773,46.828548981780976,-121.6,50.49999999999999,1.1871287128712873,1,0,1
pileup,-1,2,97,-23.26198400304177,-44.823320941695385,42.8,50.49999999999999,-2.04950495049505,1,0,1
pileup,-1,2,97,36.13943318949888,35.273096954219184,79.2,50.49999999999999,0.7732673267326734,1,0,1
pileup,-1,2,97,-28.03786043152516,-42.00152833436321,-55.2,50.49999999999999,-2.1594059405940595,1,0,1
pileup,-1,2,99,-10.350902929283247,-49.42781411865748,12.0,50.49999999999999,-1.7772277227722773,1,0,1
pileup,-1,2,100,48.51668404424386,-14.013613714920696,-33.2,50.49999999999999,-0.2811881188118812,1,0,1
pileup,-1,2,101,-9.517522705060935,-49.5950275890502,-70.4,50.49999999999999,-1.7603960396039602,1,0,1
pileup,-1,2,101,-22.950771123558283,44.983464793566576,-74.0,50.49999999999999,2.0425742574257426,1,0,1
pileup,-1,2,102,-25.148648394054376,43.79264189281376,-152.0,50.49999999999999,2.0920792079207917,1,0,1
pileup,-1,2,102,-24.36423308330941,-44.23385746531916,-109.6,50.49999999999999,-2.074257425742574,1,0,1
pileup,-1,2,102,50.44763281544751,-2.29920493166304,49.6,50.49999999999999,-0.04554455445544555,1,0,1
pileup,-1,2,103,-49.47331216003111,10.13120841341834,-154.0,50.49999999999999,2.93960396039604,1,0,1
pileup,-1,2,103,-9.271887144707,-49.64153612425604,-124.8,50.49999999999999,-1.7554455445544555,1,0,1
pileup,-1,2,108,40.33799929101874,-30.382491885916316,30.8,50.49999999999999,-0.6455445544554458,1,0,1
pileup,-1,2,109,-15.899645547336558,47.931735535749816,30.4,50.49999999999999,1.8910891089108908,1,0,1
pileup,-1,2,110,-49.30661680485958,10.913640055395776,86.80000000000001,50.49999999999999,2.9237623762376237,1,0,1
pileup,-1,2,111,-16.420721064674538,-47.755731799608654,32.4,50.49999999999999,-1.9019801980198026,1,0,1
pileup,-1,2,111,-17.831756383404013,-47.24699423543184,-12.0,50.49999999999999,-1.9316831683168323,1,0,1
pileup,-1,2,112,34.3130097449832,-37.052224794750025,36.4,50.49999999999999,-0.8237623762376237,1,0,1
pileup,-1,2,112,-46.03301441534614,-20.765634684173147,-163.20000000000002,50.49999999999999,-2.717821782178218,1,0,1
pileup,-1,2,112,33.83327080958408,37.490796021495015,-139.6,50.49999999999999,0.8366336633663365,1,0,1
pileup,-1,2,113,-46.62941955339868,-19.389358733932426,-165.60000000000002,50.49999999999999,-2.7475247524752473,1,0,1
pileup,-1,2,114,11.37671656584368,-49.20183248803298,38.8,50.49999999999999,-1.3435643564356436,1,0,1
pileup,-1,2,115,-45.12994644334756,22.661375377954897,-166.4,50.49999999999999,2.676237623762377,1,0,1
pileup,-1,2,115,-48.745561156271606,-13.19546390090873,-23.6,50.49999999999999,-2.877227722772277,1,0,1
pileup,-1,2,116,41.98752387732788,28.058828176722223,64.8,50.49999999999999,0.589108910891089,1,0,1
pileup,-1,2,117,-18.06543293454981,47.15813962496063,-170.0,50.49999999999999,1.936633663366337,1,0,1
pileup,-1,2,117,-43.37564268854061,-25.86123781562001,-143.6,50.49999999999999,-2.6039603960396036,1,0,1
pileup,-1,2,120,-43.37564268854061,25.861237815619997,-148.4,50.49999999999999,2.603960396039604,1,0,1
pileup,-1,2,122,-50.17860988348679,-5.688331052324728,83.2,50.49999999999999,-3.028712871287129,1,0,1
pileup,-1,2,123,-48.59896005535616,13.725563068154845,-176.8,50.49999999999999,2.866336633663366,1,0,1
pileup,-1,2,123,49.921676512268704,-7.620775170833993,41.6,50.49999999999999,-0.15148514851485148,1,0,1
pileup,-1,2,124,47.395314492954405,-17.433707698419934,-156.0,50.49999999999999,-0.3524752475247525,1,0,1
pileup,-1,2,124,14.995609016492352,-48.22221179316119,75.2,50.49999999999999,-1.2693069306930695,1,0,1
pileup,-1,2,124,-32.66648140080452,-38.51169942875661,74.4,50.49999999999999,-2.2742574257425745,1,0,1
pileup,-1,2,125,-50.113683028745925,6.234482600375405,-154.0,50.49999999999999,3.0178217821782174,1,0,1
pileup,-1,2,126,14.517434174795431,-48.36831716093172,50.0,50.49999999999999,-1.2792079207920795,1,0,1
pileup,-1,2,126,-50.499775951790106,0.1504287838201329,109.2,50.49999999999999,3.1386138613861387,1,0,1
pileup,-1,2,127,-46.45479410744805,-19.804093123256347,174.0,50.49999999999999,-2.7386138613861393,1,0,1
pileup,-1,2,127,16.61012854118004,47.69018378917695,74.0,50.49999999999999,1.2356435643564359,1,0,1
pileup,-1,2,127,-50.425118911682354,2.749069432134144,76.80000000000001,50.49999999999999,3.087128712871287,1,0,1
pileup,-1,2,127,5.514197753477776,-50.19804401702861,36.0,50.49999999999999,-1.4613861386138611,1,0,1
pileup,-1,2,128,-41.56594985126559,-28.679641088445894,-177.20000000000002,50.49999999999999,-2.5376237623762377,1,0,1
pileup,-1,2,128,40.36806118964944,30.342538387365007,-154.0,50.49999999999999,0.6445544554455447,1,0,1
pileup,-1,2,128,-50.378731702113456,3.497626636230508,79.2,50.49999999999999,3.072277227722772,1,0,1
pileup,-1,2,129,46.155735710319206,20.491414325008492,-122.0,50.49999999999999,0.4178217821782178,1,0,1
pileup,-1,2,134,-25.58099917779784,-43.54150297205536,-187.6,50.49999999999999,-2.1019801980198025,1,0,1
pileup,-1,2,134,-16.0893490159739,-47.868390909264754,115.2,50.49999999999999,-1.8950495049504947,1,0,1
pileup,-1,2,135,33.83327080958408,37.490796021495015,112.8,50.49999999999999,0.8366336633663365,1,0,1
pileup,-1,2,137,-25.19199511178997,43.76772078013145,-163.20000000000002,50.49999999999999,2.093069306930693,1,0,1
pileup,-1,2,137,-40.96069907050495,-29.537622308769794,86.80000000000001,50.49999999999999,-2.516831683168317,1,0,1
pileup,-1,2,138,-41.36618335689487,28.967030819256458,-192.0,50.49999999999999,2.5306930693069307,1,0,1
pileup,-1,2,138,50.25267738774313,4.991834869405269,82.4,50.49999999999999,0.09900990099009901,1,0,1
pileup,-1,2,139,43.14369994562608,26.246355080311357,63.6,50.49999999999999,0.5465346534653464,1,0,1
pileup,-1,2,143,12.542547213664438,48.91762984234824,93.2,50.49999999999999,1.3198019801980199,1,0,1
pileup,-1,2,144,9.173990827332709,-49.6597210251932,70.8,50.49999999999999,-1.3881188118811882,1,0,1
pileup,-1,2,144,23.351077778161116,-44.7769713870676,70.0,50.49999999999999,-1.0900990099009902,1,0,1
pileup,-1,2,150,25.88252354857845,-43.36294471962532,76.0,50.49999999999999,-1.0326732673267327,1,0,1
pileup,-1,2,152,-50.3416330177979,-3.996246376458741,-207.6,50.49999999999999,-3.0623762376237624,1,0,1
pileup,-1,2,154,29.150872318316654,-41.23683599745742,106.4,50.49999999999999,-0.9554455445544555,1,0,1
pileup,-1,2,162,-17.175155472560448,-47.48962028162972,-127.6,50.49999999999999,-1.9178217821782182,1,0,1
pileup,-1,2,163,-41.10642240713168,29.334485454605517,80.80000000000001,50.49999999999999,2.521782178217822,1,0,1
pileup,-1,2,167,-14.8041027002778,-48.2813477777871,-142.4,50.49999999999999,-1.8683168316831684,1,0,1
pileup,-1,2,172,-31.78108843090213,-39.24554010517856,-54.0,50.49999999999999,-2.2514851485148517,1,0,1
pileup,-1,2,174,35.075930359795564,36.33082863622535,-74.4,50.49999999999999,0.8029702970297031,1,0,1
pileup,-1,2,177,38.43058474789785,-32.76187045842529,-141.20000000000002,50.49999999999999,-0.705940594059406,1,0,1
pileup,-1,2,193,-4.518733681755246,50.29742583784354,103.6,50.49999999999999,1.6603960396039605,1,0,1
pileup,-1,2,211,13.026257503825734,-48.79105056712783,-131.20000000000002,50.49999999999999,-1.3099009900990097,1,0,1
pileup,-1,3,89,-80.66051845579133,36.416078350681104,-65.60000000000001,88.50000000000001,2.7175141242937855,1,0,1
pileup,-1,3,89,-7.973697465728095,-88.14005984071625,-48.0,88.50000000000001,-1.6610169491525424,1,0,1
pileup,-1,3,89,87.7277359387426,-11.6659481853062,-30.4,88.50000000000001,-0.13220338983050853,1,0,1
pileup,-1,3,91,81.4553681618798,-34.60163287494705,-18.0,88.50000000000001,-0.4016949152542374,1,0,1
pileup,-1,3,91,-71.87630948834959,51.63376932139456,-54.0,88.50000000000001,2.51864406779661,1,0,1
pileup,-1,3,92,21.012859491117272,-85.96923714914868,-64.0,88.50000000000001,-1.3310734463276834,1,0,1
pileup,-1,3,92,39.02528044923889,-79.43096049940637,-66.8,88.50000000000001,-1.1141242937853109,1,0,1
pileup,-1,3,92,87.38707208854807,13.99105542090752,-54.400000000000006,88.50000000000001,0.15875706214689264,1,0,1
pileup,-1,3,93,-54.87062441939847,-69.43676674374544,20.8,88.50000000000001,-2.2395480225988704,1,0,1
pileup,-1,3,94,44.57607465260535,76.45406181861989,-33.6,88.50000000000001,1.042937853107345,1,0,1
pileup,-1,3,96,-47.453556801256354,-74.70214151488521,-76.4,88.50000000000001,-2.136723163841808,1,0,1
pileup,-1,3,96,46.80262421661247,75.11167929449161,-75.60000000000001,88.50000000000001,1.0135593220338983,1,0,1
pileup,-1,3,97,42.35496309098623,77.70654477945338,-74.4,88.50000000000001,1.0717514124293785,1,0,1
pileup,-1,3,97,54.93411439845639,-69.38654822987888,-41.6,88.50000000000001,-0.9011299435028248,1,0,1
pileup,-1,3,98,-82.51604979999665,-31.98986597978293,-40.400000000000006,88.50000000000001,-2.7717514124293787,1,0,1
pileup,-1,3,98,-79.35785327411307,39.17373002056789,-40.8,88.50000000000001,2.6830508474576273,1,0,1
pileup,-1,3,99,83.14305421507139,-30.32297043150126,-78.0,88.50000000000001,-0.3497175141242938,1,0,1
pileup,-1,3,99,-34.90928171037041,81.32399430958858,-49.6,88.50000000000001,1.9762711864406781,1,0,1
pileup,-1,3,100,-76.64701885549853,44.24346845088948,-84.80000000000001,88.50000000000001,2.618079096045198,1,0,1
pileup,-1,3,100,52.7518632375108,-71.0597700880812,25.200000000000003,88.50000000000001,-0.9322033898305084,1,0,1
pileup,-1,3,100,3.2147675150488464,88.44159242021927,43.6,88.50000000000001,1.5344632768361584,1,0,1
pileup,-1,3,100,-83.1324447111013,30.35204501109745,5.2,88.50000000000001,2.791525423728814,1,0,1
pileup,-1,3,101,77.88079327823327,-42.03370122119983,-113.2,88.50000000000001,-0.49491525423728816,1,0,1
pileup,-1,3,101,-28.94210708943218,-83.63375178254198,-86.4,88.50000000000001,-1.9039548022598867,1,0,1
pileup,-1,3,102,80.63208107195045,-36.47900083618529,10.8,88.50000000000001,-0.424858757062147,1,0,1
pileup,-1,3,102,28.166864697844577,83.89801984012088,-81.2,88.50000000000001,1.2468926553672317,1,0,1
pileup,-1,3,102,-85.45545641194911,23.013365017429877,10.8,88.50000000000001,2.878531073446328,1,0,1
pileup,-1,3,102,76.63749340715003,44.25996615756767,34.4,88.50000000000001,0.523728813559322,1,0,1
pileup,-1,3,103,-44.937585869964224,-76.24213648750664,-20.0,88.50000000000001,-2.103389830508475,1,0,1
pileup,-1,3,103,-53.80507673336915,-70.26566528338188,-42.400000000000006,88.50000000000001,-2.2242937853107345,1,0,1
pileup,-1,3,106,-10.162060567329824,87.91463203031633,-19.200000000000003,88.50000000000001,1.6858757062146894,1,0,1
pileup,-1,3,107,-54.87062441939847,69.43676674374544,17.2,88.50000000000001,2.2395480225988704,1,0,1
pileup,-1,3,108,-72.31129756013028,51.02280122817932,-94.0,88.50000000000001,2.5271186440677966,1,0,1
pileup,-1,3,108,42.4427400388831,77.65863646750302,-123.2,88.50000000000001,1.0706214689265536,1,0,1
pileup,-1,3,108,-23.83649270738828,85.22952314433434,11.6,88.50000000000001,1.8435028248587575,1,0,1
pileup,-1,3,108,-58.47913345568179,66.4262068032833,0.4,88.50000000000001,2.2926553672316383,1,0,1
pileup,-1,3,109,-10.013038191310525,-87.93172957573026,21.200000000000003,88.50000000000001,-1.684180790960452,1,0,1
pileup,-1,3,110,-43.5519282406942,-77.04206348818431,-90.0,88.50000000000001,-2.085310734463277,1,0,1
pileup,-1,3,111,81.9359506787608,-33.44772019686359,-128.0,88.50000000000001,-0.38757062146892657,1,0,1
pileup,-1,3,111,31.55542379193309,-82.6831617036474,-56.0,88.50000000000001,-1.2062146892655365,1,0,1
pileup,-1,3,112,-4.832120943600855,88.36798406202561,-78.4,88.50000000000001,1.6254237288135593,1,0,1
pileup,-1,3,113,87.78591998168825,11.219726064776705,-96.8,88.50000000000001,0.12711864406779658,1,0,1
pileup,-1,3,114,24.8277044967493,-84.94607165385632,-89.2,88.50000000000001,-1.286440677966102,1,0,1
pileup,-1,3,115,-13.877020771847576,87.40525324314159,-108.0,88.50000000000001,1.7282485875706213,1,0,1
pileup,-1,3,116,-57.38299423197723,-67.37538105994552,46.400000000000006,88.50000000000001,-2.2762711864406784,1,0,1
pileup,-1,3,117,61.118319051897046,-64.00625810239588,25.6,88.50000000000001,-0.8084745762711867,1,0,1
pileup,-1,3,118,-42.371688910742655,-77.69742581869264,2.8000000000000003,88.50000000000001,-2.0700564971751416,1,0,1
pileup,-1,3,119,-47.36911732607572,74.75571365286049,-118.0,88.50000000000001,2.135593220338983,1,0,1
pileup,-1,3,120,38.75579925311546,-79.56279296412498,37.2,88.50000000000001,-1.1175141242937854,1,0,1
pileup,-1,3,121,6.310116095155623,-88.27475536565173,-28.4,88.50000000000001,-1.4994350282485878,1,0,1
pileup,-1,3,121,-54.98823498377153,69.34366599314981,-120.0,88.50000000000001,2.241242937853108,1,0,1
pileup,-1,3,121,-29.555580143112117,-83.418928801586,24.8,88.50000000000001,-1.911299435028249,1,0,1
pileup,-1,3,122,26.21608170776774,-84.52790698870785,44.400000000000006,88.50000000000001,-1.2700564971751414,1,0,1
pileup,-1,3,122,77.80943788543263,42.16564212665332,-110.4,88.50000000000001,0.49661016949152553,1,0,1
pileup,-1,3,123,73.23925506393023,49.68160140012166,-88.80000000000001,88.50000000000001,0.596045197740113,1,0,1
pileup,-1,3,125,19.30890560469868,86.36791165906952,23.6,88.50000000000001,1.3508474576271188,1,0,1
pileup,-1,3,125,-86.34264385874948,19.421582105512087,-113.6,88.50000000000001,2.920338983050848,1,0,1
pileup,-1,3,125,53.6707591992504,70.36831394154672,78.80000000000001,88.50000000000001,0.9192090395480227,1,0,1
pileup,-1,3,127,-60.18552227059676,64.88414990593236,-150.0,88.50000000000001,2.3186440677966105,1,0,1
pileup,-1,3,130,-14.02514526542409,-87.38160733405945,-102.4,88.50000000000001,-1.7299435028248586,1,0,1
pileup,-1,3,131,-17.32197396283983,86.78824354733018,8.8,88.50000000000001,1.7677966101694917,1,0,1
pileup,-1,3,131,14.943537591979975,-87.22924213953186,-124.8,88.50000000000001,-1.4011299435028248,1,0,1
pileup,-1,3,131,42.135284376900216,-77.82588136653352,-10.4,88.50000000000001,-1.0745762711864408,1,0,1
pileup,-1,3,135,-47.87484321295029,74.43285153301214,-105.2,88.50000000000001,2.1423728813559326,1,0,1
pileup,-1,3,136,-84.95575082189754,-24.79456396647572,-167.60000000000002,88.50000000000001,-2.857627118644068,1,0,1
pileup,-1,3,136,57.44459763661391,67.32286537549878,-142.4,88.50000000000001,0.864406779661017,1,0,1
pileup,-1,3,136,88.20728015172445,-7.192060082841235,-8.0,88.50000000000001,-0.08135593220338984,1,0,1
pileup,-1,3,139,56.06353215743228,-68.47722513385422,-93.6,88.50000000000001,-0.8847457627118646,1,0,1
pileup,-1,3,140,50.1485497333469,72.92031925082358,105.2,88.50000000000001,0.968361581920904,1,0,1
pileup,-1,3,141,25.64241304887935,-84.70369916969779,-14.0,88.50000000000001,-1.2768361581920904,1,0,1
pileup,-1,3,141,-40.8714707037875,78.49696097626608,-140.4,88.50000000000001,2.0508474576271185,1,0,1
pileup,-1,3,141,-85.77196927768627,21.804111681690745,-118.8,88.50000000000001,2.8926553672316384,1,0,1
pileup,-1,3,142,88.38561786776506,4.498061152697607,10.0,88.50000000000001,0.05084745762711866,1,0,1
pileup,-1,3,145,88.40035768657754,4.198423619068595,-154.0,88.50000000000001,0.04745762711864407,1,0,1
pileup,-1,3,146,-2.3842365744601333,-88.46787787641911,-10.8,88.50000000000001,-1.5977401129943503,1,0,1
pileup,-1,3,146,47.22623477739474,74.84606034221436,54.0,88.50000000000001,1.007909604519774,1,0,1
pileup,-1,3,147,75.64375000408086,-45.93770875130929,74.8,88.50000000000001,-0.5457627118644067,1,0,1
pileup,-1,3,149,39.42866045748859,-79.23150089786307,77.2,88.50000000000001,-1.109039548022599,1,0,1
pileup,-1,3,149,-84.23688308493875,27.136645484185404,78.4,88.50000000000001,2.8299435028248587,1,0,1
pileup,-1,3,151,-81.28591080110829,-34.99786715264612,-182.4,88.50000000000001,-2.7350282485875708,1,0,1
pileup,-1,3,153,-88.44637687402015,3.080327557061953,82.4,88.50000000000001,3.106779661016949,1,0,1
pileup,-1,3,154,71.98173117975014,51.48670096603768,-164.4,88.50000000000001,0.6209039548022599,1,0,1
pileup,-1,3,154,-36.23696368042364,-80.74114479757927,112.8,88.50000000000001,-1.9926553672316383,1,0,1
pileup,-1,3,156,-78.03182198567214,41.75266168277628,-162.8,88.50000000000001,2.650282485875706,1,0,1
pileup,-1,3,156,-87.32603793385476,14.367083864687345,112.0,88.50000000000001,2.978531073446328,1,0,1
pileup,-1,3,157,1.8653367809179304,88.48033972976005,-168.4,88.50000000000001,1.5497175141242938,1,0,1
pileup,-1,3,158,67.65631188917347,57.051498328745815,-165.60000000000002,88.50000000000001,0.7005649717514124,1,0,1
hard,-1,3,160,52.26889344146407,-71.4157740167036,204.4,88.50000000000001,-0.9389830508474575,1,1,0
hard,-1,3,160,52.38986199089079,-71.32708013493485,204.4,88.50000000000001,-0.9372881355932203,1,1,0
pileup,-1,3,160,62.158759078940285,62.99633854253958,-171.60000000000002,88.50000000000001,0.7920903954802261,1,0,1
pileup,-1,3,161,-19.86384356974085,86.24197190832817,-173.20000000000002,88.50000000000001,1.797175141242938,1,0,1
pileup,-1,3,162,32.02205420131918,82.50356383046599,69.2,88.50000000000001,1.2005649717514124,1,0,1
pileup,-1,3,166,-63.78798413883497,61.34609261806116,101.2,88.50000000000001,2.3757062146892656,1,0,1
pileup,-1,3,169,-24.79799600110013,-84.95474909814884,-180.0,88.50000000000001,-1.8548022598870058,1,0,1
pileup,-1,3,170,29.537623032353004,83.42528888531709,-184.0,88.50000000000001,1.2305084745762713,1,0,1
pileup,-1,3,170,65.58324247492138,59.42296110491017,141.6,88.50000000000001,0.7361581920903956,1,0,1
pileup,-1,3,171,-18.74153970265203,-86.49280137429888,50.8,88.50000000000001,-1.7841807909604521,1,0,1
pileup,-1,3,171,-88.21687509631252,7.07339722068522,94.4,88.50000000000001,3.0615819209039548,1,0,1
pileup,-1,3,172,-33.57222885418398,-81.8850135846743,105.2,88.50000000000001,-1.959887005649718,1,0,1
pileup,-1,3,173,-83.31946664466041,-29.834819893026356,102.0,88.50000000000001,-2.7977401129943504,1,0,1
pileup,-1,3,179,88.48269830388756,-1.7498859572021217,116.4,88.50000000000001,-0.019774011299435033,1,0,1
pileup,-1,3,180,-50.04059765119753,72.99444216316037,-218.4,88.50000000000001,2.1717514124293786,1,0,1
pileup,-1,3,180,-37.509637448905096,-80.15782618342202,73.2,88.50000000000001,-2.0084745762711864,1,0,1
pileup,-1,3,180,-36.0087370715754,-80.8431868156504,-163.20000000000002,88.50000000000001,-1.9898305084745764,1,0,1
pileup,-1,3,181,-85.80880218133026,21.658704213441062,-221.6,88.50000000000001,2.8943502824858762,1,0,1
pileup,-1,3,181,-84.37377647872128,-26.70797339220593,-117.6,88.50000000000001,-2.835028248587571,1,0,1
pileup,-1,3,183,-2.53417863374817,-88.46370972693974,-191.2,88.50000000000001,-1.5994350282485876,1,0,1
pileup,-1,3,186,-14.41994578354542,87.31732453299064,-134.0,88.50000000000001,1.7344632768361585,1,0,1
pileup,-1,3,187,-74.99750432742144,-46.98536308956655,-103.6,88.50000000000001,-2.5819209039548023,1,0,1
pileup,-1,3,190,69.9510834281791,-54.213429399217375,102.4,88.50000000000001,-0.6593220338983051,1,0,1
pileup,-1,3,193,-37.10157214015176,80.34751610802361,103.2,88.50000000000001,2.0033898305084747,1,0,1
pileup,-1,3,194,-31.713305126823485,-82.62273463117154,104.8,88.50000000000001,-1.9372881355932206,1,0,1
pileup,-1,3,194,-87.28510458205714,14.61370993619851,160.8,88.50000000000001,2.9757062146892657,1,0,1
pileup,-1,3,197,-83.65125713713904,-28.891472433509573,-238.4,88.50000000000001,-2.809039548022599,1,0,1
pileup,-1,3,198,-80.53661092623068,-36.68929408583574,-241.6,88.50000000000001,-2.7141242937853107,1,0,1
pileup,-1,3,198,63.56641213157224,-61.57565467552177,112.0,88.50000000000001,-0.7694915254237289,1,0,1
pileup,-1,3,198,-18.49713530314611,-86.54539840787093,8.8,88.50000000000001,-1.7813559322033896,1,0,1
pileup,-1,3,198,62.549058872522586,62.60882712654584,-215.6,88.50000000000001,0.7858757062146894,1,0,1
pileup,-1,3,201,22.901843062168386,-85.48541152942887,116.8,88.50000000000001,-1.309039548022599,1,0,1
pileup,-1,3,202,-79.96759551206426,37.913502449904,-243.6,88.50000000000001,2.6988700564971757,1,0,1
pileup,-1,3,202,-83.21785314617088,-30.11708680703259,-38.8,88.50000000000001,-2.794350282485876,1,0,1
pileup,-1,3,203,76.00472913033383,45.33796587656515,143.6,88.50000000000001,0.5378531073446327,1,0,1
pileup,-1,3,205,-77.2642605771768,-43.15650631668558,-222.0,88.50000000000001,-2.632203389830509,1,0,1
pileup,-1,3,206,-29.131035852512696,83.56813238405906,-250.0,88.50000000000001,1.906214689265537,1,0,1
pileup,-1,3,212,-78.79665475666695,40.290658956619616,-231.2,88.50000000000001,2.668926553672317,1,0,1
pileup,-1,3,217,-84.1133715884197,27.51709868478924,-262.0,88.50000000000001,2.8254237288135595,1,0,1
pileup,-1,3,217,-55.69056927506469,-68.78088756201988,159.60000000000002,88.50000000000001,-2.251412429378531,1,0,1
pileup,-1,3,218,85.7301632349625,-21.96791095454187,-226.4,88.50000000000001,-0.25084745762711874,1,0,1
pileup,-1,3,219,24.39545622509199,-85.07121555243948,161.20000000000002,88.50000000000001,-1.2915254237288136,1,0,1
pileup,-1,3,220,-87.43694307570564,13.675927229106277,-240.4,88.50000000000001,2.986440677966102,1,0,1
pileup,-1,3,221,81.35729856658513,34.83159442155245,-69.2,88.50000000000001,0.40451977401129946,1,0,1
pileup,-1,3,222,27.02671001466504,-84.27221930021307,135.6,88.50000000000001,-1.26045197740113,1,0,1
pileup,-1,3,223,82.27185431055595,-32.612758060345875,126.8,88.50000000000001,-0.3774011299435029,1,0,1
pileup,-1,3,223,-82.78418404478072,-31.289437068120503,262.0,88.50000000000001,-2.780225988700565,1,0,1
pileup,-1,3,224,-70.23743089384182,-53.84192884205389,-262.40000000000003,88.50000000000001,-2.487570621468927,1,0,1
pileup,-1,3,224,-68.75166429719398,-55.72664224916071,-108.0,88.50000000000001,-2.4604519774011298,1,0,1
pileup,-1,3,224,-87.50535106620158,13.231157726397708,196.4,88.50000000000001,2.9915254237288136,1,0,1
pileup,-1,3,225,-87.5053510662016,13.231157726397749,165.20000000000002,88.50000000000001,2.991525423728813,1,0,1
pileup,-1,3,226,15.43611705423999,87.14342367779568,162.4,88.50000000000001,1.3954802259887005,1,0,1
pileup,-1,3,226,-87.99264138842108,9.462825238200653,168.4,88.50000000000001,3.034463276836158,1,0,1
pileup,-1,3,227,77.54589062141036,42.648386226588485,-242.8,88.50000000000001,0.5028248587570621,1,0,1
pileup,-1,3,227,78.37400516063002,41.1067551027996,-212.0,88.50000000000001,0.483050847457627,1,0,1
pileup,-1,3,229,-78.95537972320228,-39.97871949881508,166.8,88.50000000000001,-2.6728813559322036,1,0,1
pileup,-1,3,237,53.55141383665163,70.45918021163513,207.2,88.50000000000001,0.9209039548022597,1,0,1
pileup,-1,3,238,-36.555994728924965,-80.59720373175989,-282.0,88.50000000000001,-1.9966101694915257,1,0,1
pileup,-1,3,242,-77.31297565628775,-43.06917453551044,183.6,88.50000000000001,-2.633333333333333,1,0,1
pileup,-1,3,242,-9.317227022186747,-88.00817735084073,210.4,88.50000000000001,-1.6762711864406779,1,0,1
pileup,-1,3,243,-68.78313730166349,55.68779060925751,-289.2,88.50000000000001,2.4610169491525427,1,0,1
pileup,-1,3,244,-56.07827099304416,68.46515553499242,-260.40000000000003,88.50000000000001,2.2570621468926553,1,0,1
pileup,-1,3,247,68.77114857634201,55.70259530300802,162.4,88.50000000000001,0.6807909604519774,1,0,1
pileup,-1,3,251,83.19432963153683,30.182006513139456,181.6,88.50000000000001,0.3480225988700565,1,0,1
pileup,-1,3,252,12.424297620414372,87.62355179196608,194.4,88.50000000000001,1.429943502824859,1,0,1
pileup,-1,3,253,14.35181400028246,-87.32854879649207,172.0,88.50000000000001,-1.407909604519774,1,0,1
pileup,-1,3,255,32.81297217411232,-82.1922067905524,172.4,88.50000000000001,-1.1909604519774013,1,0,1
pileup,-1,3,267,55.0124821919538,-69.32443150203228,184.0,88.50000000000001,-0.9,1,0,1
pileup,-1,3,268,-87.71702854454567,-11.746186756363132,-316.40000000000003,88.50000000000001,-3.0084745762711864,1,0,1
pileup,-1,3,270,53.31226193735503,-70.64030525927,216.4,88.50000000000001,-0.9242937853107344,1,0,1
pileup,-1,3,304,-45.96721493200151,-75.62582331052785,-65.60000000000001,88.50000000000001,-2.116949152542373,1,0,1
pileup,-1,3,305,-85.01156674891222,24.602510418557777,206.8,88.50000000000001,2.8598870056497177,1,0,1
pileup,-1,3,312,72.18478745730795,-51.20162555762542,-239.6,88.50000000000001,-0.6169491525423728,1,0,1
pileup,-1,3,318,75.6696914379888,45.89496484016044,-125.6,88.50000000000001,0.5451977401129944,1,0,1
pileup,-1,3,348,25.738107053294787,-84.67467062417862,-293.6,88.50000000000001,-1.2757062146892657,1,0,1
pileup,-1,3,395,-7.176636235990587,-88.20853639153223,-189.6,88.50000000000001,-1.6519774011299437,1,0,1
pileup,-1,4,123,-110.29602571797746,53.30137625633373,-66.0,122.5,2.6914285714285717,1,0,1
pileup,-1,4,123,121.72351557724208,-13.77082987756741,-27.200000000000003,122.5,-0.1126530612244898,1,0,1
pileup,-1,4,124,-15.138649258603762,-121.56097769689488,-51.6,122.5,-1.6946938775510205,1,0,1
pileup,-1,4,126,-102.41452663047627,67.21245967122064,-60.0,122.5,2.5608163265306128,1,0,1
pileup,-1,4,127,111.23338438730056,-51.316509991883095,-10.0,122.5,-0.43224489795918375,1,0,1
pileup,-1,4,128,37.0815360994767,-116.75277161807854,-63.6,122.5,-1.263265306122449,1,0,1
pileup,-1,4,129,45.6907524084477,-113.66004198639877,-68.0,122.5,-1.1885714285714286,1,0,1
pileup,-1,4,129,121.92729374419264,11.831527383113295,-60.400000000000006,122.5,0.09673469387755104,1,0,1
pileup,-1,4,130,-80.79525733131187,-92.07809941982455,30.0,122.5,-2.2910204081632655,1,0,1
pileup,-1,4,131,70.5017448380053,100.17861036567037,-31.200000000000003,122.5,0.9575510204081633,1,0,1
pileup,-1,4,133,-63.0909398142556,-105.00372999733855,-90.8,122.5,-2.1118367346938776,1,0,1
pileup,-1,4,133,61.58026404411171,105.89674726004328,-89.60000000000001,122.5,1.0440816326530613,1,0,1
pileup,-1,4,134,63.72844870335564,104.61804254460016,-88.0,122.5,1.0236734693877552,1,0,1
pileup,-1,4,135,65.34336552650407,-103.61705738762166,-42.400000000000006,122.5,-1.0081632653061225,1,0,1
pileup,-1,4,137,-109.41113814173588,-55.09494396521327,-30.8,122.5,-2.675102040816327,1,0,1
pileup,-1,4,138,-115.4890804999928,40.847549317752055,-41.2,122.5,2.8016326530612248,1,0,1
pileup,-1,4,138,112.19729612227827,-49.17333365605591,-93.2,122.5,-0.41306122448979593,1,0,1
pileup,-1,4,139,-108.02920104306811,57.75761181001486,-102.4,122.5,2.6506122448979594,1,0,1
pileup,-1,4,139,65.30106740818117,-103.64371951716215,40.0,122.5,-1.0085714285714287,1,0,1
pileup,-1,4,139,1.3225243396377282,122.49286072817088,62.0,122.5,1.5600000000000003,1,0,1
pileup,-1,4,139,-114.23896859050548,44.22338810377947,8.8,122.5,2.772244897959184,1,0,1
pileup,-1,4,140,106.62932354276084,-60.30288020329737,-132.0,122.5,-0.5146938775510204,1,0,1
pileup,-1,4,140,-34.12012469105237,117.6523144314086,-54.0,122.5,1.853061224489796,1,0,1
pileup,-1,4,141,-34.69596935079149,-117.48378488459136,-104.8,122.5,-1.8579591836734697,1,0,1
pileup,-1,4,142,-58.09451322661938,-107.84840069728502,-12.8,122.5,-2.0648979591836736,1,0,1
pileup,-1,4,142,113.31086218337109,-46.54995715638295,30.4,122.5,-0.38979591836734695,1,0,1
pileup,-1,4,142,47.862628660710286,112.76266570850017,-97.6,122.5,1.1693877551020408,1,0,1
pileup,-1,4,142,-119.5266478691542,26.825928672894445,30.0,122.5,2.920816326530612,1,0,1
pileup,-1,4,142,111.27523834886269,51.22569014082489,49.2,122.5,0.4314285714285714,1,0,1
pileup,-1,4,144,-62.618860178869696,-105.28593614485824,-54.400000000000006,122.5,-2.1073469387755104,1,0,1
pileup,-1,4,150,-32.77332785301499,118.03456689224048,-10.8,122.5,1.8416326530612246,1,0,1
pileup,-1,4,151,65.25875841088009,103.67036437994412,-146.0,122.5,1.0089795918367348,1,0,1
pileup,-1,4,151,-21.07212082112441,120.6740060000493,31.6,122.5,1.7436734693877554,1,0,1
pileup,-1,4,152,-20.92434097156405,-120.69971812272688,44.8,122.5,-1.742448979591837,1,0,1
pileup,-1,4,152,-59.62922435047815,107.00750255641115,25.6,122.5,2.079183673469388,1,0,1
pileup,-1,4,153,-88.13867549887176,85.07540115276909,-106.8,122.5,2.373877551020408,1,0,1
pileup,-1,4,154,115.6696998002111,-40.33324370948909,-152.8,122.5,-0.3355102040816327,1,0,1
pileup,-1,4,154,-95.88132010236848,76.24317973056444,2.0,122.5,2.469795918367347,1,0,1
pileup,-1,4,155,-72.33371935850207,-98.8639623106694,-110.8,122.5,-2.202448979591837,1,0,1
pileup,-1,4,156,-3.826827260348317,122.44021150389874,-93.6,122.5,1.6020408163265305,1,0,1
pileup,-1,4,159,118.91723438487332,29.409885519211144,-120.0,122.5,0.24244897959183673,1,0,1
pileup,-1,4,159,21.51044612882254,-120.59664467695204,-63.6,122.5,-1.3942857142857144,1,0,1
pileup,-1,4,160,-10.813357550647623,122.02180665144182,-135.20000000000002,122.5,1.6591836734693877,1,0,1
pileup,-1,4,161,51.064446350706326,-111.34932563287413,-110.0,122.5,-1.1408163265306122,1,0,1
pileup,-1,4,164,94.14258818904544,-78.37999163732925,51.6,122.5,-0.6942857142857143,1,0,1
pileup,-1,4,164,-91.2371017390776,-81.74375368340509,70.4,122.5,-2.4110204081632656,1,0,1
pileup,-1,4,165,-68.7367958395544,101.39774601889046,-148.4,122.5,2.166530612244898,1,0,1
pileup,-1,4,166,-45.788065693517424,-113.62087413871684,29.6,122.5,-1.9538775510204083,1,0,1
pileup,-1,4,168,44.5285974736019,-114.12034878598092,67.2,122.5,-1.1987755102040816,1,0,1
pileup,-1,4,169,-81.35748299983021,91.5817119294695,-151.6,122.5,2.2971428571428576,1,0,1
pileup,-1,4,169,31.948799775678,-118.26040839137008,76.80000000000001,122.5,-1.3069387755102042,1,0,1
pileup,-1,4,170,105.5037961979304,62.25109627810232,-137.6,122.5,0.533061224489796,1,0,1
pileup,-1,4,171,-23.530296644537422,-120.2188634941292,51.2,122.5,-1.7640816326530615,1,0,1
pileup,-1,4,173,23.378262410743847,120.24852118281704,57.6,122.5,1.3787755102040817,1,0,1
pileup,-1,4,173,75.59765204396118,96.3911043895658,110.8,122.5,0.9057142857142856,1,0,1
pileup,-1,4,176,-19.09921211079034,-121.0019425329488,-12.4,122.5,-1.7273469387755105,1,0,1
pileup,-1,4,177,-90.33073015380256,82.74423961751599,-183.6,122.5,2.4,1,0,1
pileup,-1,4,177,-122.08014594930908,10.133507043240122,-144.0,122.5,3.058775510204082,1,0,1
pileup,-1,4,178,84.91513623116255,88.29308941725341,-110.4,122.5,0.8048979591836735,1,0,1
pileup,-1,4,181,-10.215572405796522,-122.07330617469952,-138.0,122.5,-1.6542857142857144,1,0,1
pileup,-1,4,183,50.19939408260223,-111.74198330860072,0.8,122.5,-1.1485714285714288,1,0,1
pileup,-1,4,184,5.420779333437758,-122.38000307002028,-159.60000000000002,122.5,-1.526530612244898,1,0,1
pileup,-1,4,187,-63.68992780975196,104.64149796131832,-144.4,122.5,2.1175510204081633,1,0,1
pileup,-1,4,188,-1.1274340504290212,122.49481169609568,40.0,122.5,1.58,1,0,1
pileup,-1,4,188,-117.23509343251015,-35.52721306084407,-207.2,122.5,-2.84734693877551,1,0,1
pileup,-1,4,189,82.65383060295869,90.41346297237712,-182.4,122.5,0.8302040816326531,1,0,1
pileup,-1,4,194,67.65280294124946,102.12418055579428,146.8,122.5,0.9857142857142858,1,0,1
pileup,-1,4,196,-54.5425904761668,109.68753723258244,-179.20000000000002,122.5,2.032244897959184,1,0,1
pileup,-1,4,197,91.96420220018764,-80.9248757409179,-131.6,122.5,-0.7216326530612245,1,0,1
pileup,-1,4,202,122.4901940083803,1.5499586411751716,-198.4,122.5,0.012653061224489798,1,0,1
pileup,-1,4,203,7.717435894111454,-122.25666109959111,0.4,122.5,-1.5077551020408164,1,0,1
pileup,-1,4,204,109.04677147056054,-55.81264759754141,119.6,122.5,-0.4730612244897959,1,0,1
pileup,-1,4,206,-108.40408727394669,57.05088835682186,-155.20000000000002,122.5,2.657142857142857,1,0,1
pileup,-1,4,207,-118.73615160852825,30.13264510786597,124.4,122.5,2.8930612244897964,1,0,1
pileup,-1,4,208,45.50512417978324,-113.73448761647676,122.8,122.5,-1.1902040816326531,1,0,1
pileup,-1,4,210,119.66625849985869,-26.19611758724945,45.2,122.5,-0.21551020408163268,1,0,1
pileup,-1,4,210,42.70642302877079,114.8146829986813,94.8,122.5,1.2146938775510205,1,0,1
pileup,-1,4,211,117.74309916842596,33.80551135856708,9.2,122.5,0.2795918367346939,1,0,1
pileup,-1,4,212,-116.54742783351765,-37.72197059262678,-229.2,122.5,-2.8285714285714287,1,0,1
pileup,-1,4,213,-55.43617167952873,-109.23864183299708,161.20000000000002,122.5,-2.0404081632653064,1,0,1
pileup,-1,4,214,-121.6493092113029,14.411646970863998,130.4,122.5,3.0236734693877554,1,0,1
pileup,-1,4,214,102.8757695554542,66.50433097455448,-212.8,122.5,0.5738775510204082,1,0,1
pileup,-1,4,218,-113.02563013644811,47.23829942174918,-212.0,122.5,2.745714285714286,1,0,1
pileup,-1,4,218,-118.39687413807826,31.439309698720415,161.20000000000002,122.5,2.8820408163265308,1,0,1
pileup,-1,4,219,92.45793392253547,80.36031641784436,-214.0,122.5,0.7155102040816327,1,0,1
pileup,-1,4,219,-3.626919862717932,122.44629619677936,-218.8,122.5,1.6004081632653062,1,0,1
pileup,-1,4,223,91.26719064553215,81.71015794668425,-222.8,122.5,0.730204081632653,1,0,1
pileup,-1,4,223,-22.597288864592294,120.39772645681552,-224.8,122.5,1.7563265306122449,1,0,1
pileup,-1,4,226,81.05433358959125,-91.85012251677873,1.2000000000000002,122.5,-0.8477551020408165,1,0,1
pileup,-1,4,227,53.46109192016195,110.21869918804155,121.6,122.5,1.1191836734693876,1,0,1
pileup,-1,4,230,-90.80207702358146,82.22671590306634,155.20000000000002,122.5,2.4057142857142857,1,0,1
pileup,-1,4,235,-37.46723642739618,-116.6295682684867,-234.0,122.5,-1.8816326530612244,1,0,1
pileup,-1,4,236,36.36603269067847,116.97761181670836,-240.0,122.5,1.2693877551020407,1,0,1
pileup,-1,4,236,93.46730963775336,79.18403897933182,197.6,122.5,0.7028571428571428,1,0,1
pileup,-1,4,239,-37.08620611896389,-116.75128828283536,162.0,122.5,-1.8783673469387756,1,0,1
pileup,-1,4,243,-119.6992875314081,-26.044779985119643,159.20000000000002,122.5,-2.92734693877551,1,0,1
pileup,-1,4,243,-122.00689352250794,-10.980343026855303,151.20000000000002,122.5,-3.051836734693878,1,0,1
hard,-1,4,245,72.28940495196358,-98.8963696588051,283.2,122.5,-0.9395918367346939,1,1,0
hard,-1,4,245,72.61194591687111,-98.6597958145332,283.2,122.5,-0.9363265306122449,1,1,0
pileup,-1,4,248,122.49934693935576,0.3999992891854407,176.4,122.5,0.0032653061224489797,1,0,1
pileup,-1,4,250,-76.34672609676626,95.79889046489708,-279.2,122.5,2.243673469387755,1,0,1
pileup,-1,4,251,-117.45040838735072,34.80878581112153,-282.40000000000003,122.5,2.8534693877551023,1,0,1
pileup,-1,4,251,-41.20781701825182,-115.36102381909704,-212.0,122.5,-1.9138775510204082,1,0,1
pileup,-1,4,257,-61.06509729703147,-106.19465095805948,108.8,122.5,-2.09265306122449,1,0,1
pileup,-1,4,260,14.48855620827172,-121.64017321181252,-254.4,122.5,-1.4522448979591838,1,0,1
pileup,-1,4,263,-76.54207491139915,-95.64288143012924,136.0,122.5,-2.245714285714286,1,0,1
pileup,-1,4,264,95.90938358194452,-76.20787453361648,166.4,122.5,-0.6714285714285714,1,0,1
pileup,-1,4,270,-62.532891621181264,105.33701849536844,169.60000000000002,122.5,2.106530612244898,1,0,1
pileup,-1,4,270,-47.45259386535623,-112.93582839581758,170.0,122.5,-1.9685714285714286,1,0,1
pileup,-1,4,270,-121.63157110208364,14.5605944672176,227.6,122.5,3.022448979591837,1,0,1
pileup,-1,4,274,92.0302326739395,-80.84977596741105,180.4,122.5,-0.7208163265306123,1,0,1
pileup,-1,4,274,90.49610530362644,82.56333886704772,-283.6,122.5,0.739591836734694,1,0,1
pileup,-1,4,275,-109.8793555759828,-54.15512180954572,-310.40000000000003,122.5,-2.683673469387755,1,0,1
pileup,-1,4,275,-118.68679722620932,-30.326459803027955,-306.8,122.5,-2.891428571428572,1,0,1
pileup,-1,4,279,-111.73274061571256,50.21996290820909,-312.8,122.5,2.719183673469388,1,0,1
pileup,-1,4,279,35.40991232681443,-117.2705764845015,186.4,122.5,-1.2775510204081633,1,0,1
pileup,-1,4,280,-8.321037689952453,-122.21706235940376,28.4,122.5,-1.6387755102040817,1,0,1
pileup,-1,4,281,-111.77369927051484,-50.12873578482212,-52.8,122.5,-2.72,1,0,1
pileup,-1,4,282,107.97970209571194,57.85009883588188,214.4,122.5,0.49183673469387756,1,0,1
pileup,-1,4,284,-108.4273643202691,-57.006637039555606,-292.40000000000003,122.5,-2.6575510204081634,1,0,1
pileup,-1,4,285,-37.22913904133474,116.70578908623584,-321.6,122.5,1.879591836734694,1,0,1
pileup,-1,4,288,24.702003747936537,119.98358642263086,-205.2,122.5,1.3677551020408165,1,0,1
pileup,-1,4,295,-112.15908772686625,49.26042062627077,-305.6,122.5,2.7277551020408164,1,0,1
pileup,-1,4,301,-114.96300297353214,42.305530930454445,-338.0,122.5,2.788979591836735,1,0,1
pileup,-1,4,301,-75.12849774209397,-96.75721589119946,236.0,122.5,-2.2310204081632654,1,0,1
pileup,-1,4,303,31.41751444498223,-118.4026595398065,238.0,122.5,-1.3114285714285714,1,0,1
pileup,-1,4,305,120.97491989391264,-19.26963301833789,-290.8,122.5,-0.1579591836734694,1,0,1
pileup,-1,4,305,-120.44037090364196,22.368885904156173,-318.0,122.5,2.9579591836734695,1,0,1
pileup,-1,4,307,39.36167454743466,-116.00391621329788,212.8,122.5,-1.2436734693877551,1,0,1
pileup,-1,4,310,-116.12464749972992,-39.004054187526094,341.20000000000005,122.5,-2.8175510204081635,1,0,1
pileup,-1,4,311,-93.7607119754418,-78.83640586593381,-339.20000000000005,122.5,-2.4424489795918367,1,0,1
pileup,-1,4,313,-121.28112673179754,17.23769992387804,248.4,122.5,3.0004081632653063,1,0,1
pileup,-1,4,314,-119.07276308571022,28.77372223286945,245.6,122.5,2.9044897959183675,1,0,1
pileup,-1,4,316,104.96634628038044,63.15311669701869,-292.8,122.5,0.5416326530612245,1,0,1
pileup,-1,4,316,-117.46460627117678,34.760843970729745,278.0,122.5,2.853877551020408,1,0,1
pileup,-1,4,319,114.21913784408952,44.27458130974114,-325.6,122.5,0.3697959183673469,1,0,1
pileup,-1,4,321,2.8722867829463503,122.46632177311652,246.4,122.5,1.5473469387755103,1,0,1
pileup,-1,4,324,100.6497460874765,-69.8274918103644,213.2,122.5,-0.6065306122448979,1,0,1
pileup,-1,4,331,66.3972622368482,102.94490549537268,292.8,122.5,0.9979591836734694,1,0,1
pileup,-1,4,332,-39.55565363883549,-115.9379155634794,-368.8,122.5,-1.899591836734694,1,0,1
pileup,-1,4,337,-90.19551718692452,82.891608015427,-376.8,122.5,2.3983673469387754,1,0,1
pileup,-1,4,340,-112.77338800068902,-47.83735944683869,272.40000000000003,122.5,-2.7404081632653066,1,0,1
pileup,-1,4,346,-91.33712770701176,81.63197352896121,-352.40000000000003,122.5,2.4122448979591837,1,0,1
pileup,-1,4,347,84.84303195455163,88.36237846934026,254.0,122.5,0.8057142857142857,1,0,1
pileup,-1,4,350,17.809210639218925,-121.19852316100196,262.8,122.5,-1.4248979591836735,1,0,1
pileup,-1,4,351,14.041618003718362,-121.69257563153823,306.0,122.5,-1.455918367346939,1,0,1
pileup,-1,4,353,4.821304448021033,122.40508577432344,287.2,122.5,1.5314285714285722,1,0,1
pileup,-1,4,356,34.691270033739535,-117.48517261104128,266.40000000000003,122.5,-1.2836734693877552,1,0,1
pileup,-1,4,370,100.47843833269096,70.07377134294698,285.6,122.5,0.6089795918367348,1,0,1
pileup,-1,4,371,-120.4857708466658,-22.123042817043533,-414.0,122.5,-2.96,1,0,1
pileup,-1,4,374,76.49920365061124,-95.67717512982033,314.8,122.5,-0.896326530612245,1,0,1
pileup,-1,4,375,87.40279584222968,-85.83123719812913,284.40000000000003,122.5,-0.7763265306122452,1,0,1
pileup,-1,4,382,-68.7367958395544,-101.39774601889046,285.6,122.5,-2.166530612244898,1,0,1
pileup,-1,4,428,-50.021364220482745,-111.82179180071212,-76.0,122.5,-1.9914285714285715,1,0,1
pileup,-1,4,434,105.35102830655836,-62.50928598816934,-329.20000000000005,122.5,-0.5355102040816327,1,0,1
pileup,-1,4,471,118.06860063209332,32.65050604170258,-180.4,122.5,0.26979591836734684,1,0,1
pileup,-1,4,490,-120.936122765665,-19.511642944867752,371.2000000000001,122.5,-2.9816326530612245,1,0,1
pileup,-1,4,640,-62.44688139226372,-105.38803065045173,-266.8,122.5,-2.1057142857142854,1,0,1
pileup,1,5,303,-248.8814322124858,165.7076724230409,-67.79620684107431,299.0,2.5541835673728968,1,0,1
pileup,3,5,303,298.9884194232477,-2.63154912325506,-9.352866121903746,299.0,-0.0088012812641488,1,0,1
pileup,3,5,307,-88.35113763673554,-285.6485191249809,-69.73355442739259,298.99999999999994,-1.870763404506637,1,0,1
pileup,3,5,313,247.5360641804156,-167.71075376990342,31.47528621810495,299.0,-0.595479190474913,1,0,1
pileup,3,5,314,-280.235934194375,104.2536387192599,-93.12634319787428,299.00000000000006,2.7854363069342982,1,0,1
pileup,5,5,327,-251.8420156539946,-161.17257568002424,81.19623542283698,299.0,-2.5722972497358207,1,0,1
pileup,3,5,328,-119.1540340252792,-274.232230373278,-166.44384627037192,299.0,-1.9806863624683209,1,0,1
pileup,3,5,329,289.7857437813823,-73.6561110911448,-95.13277966887084,299.0,-0.2489036139076993,1,0,1
pileup,3,5,329,107.45025521636768,279.0258816918915,-164.10772671058157,299.0,1.2032085482207304,1,0,1
pileup,1,5,330,190.04321559322415,-230.8345212635825,-63.49459707038239,299.0,-0.8820160027533758,1,0,1
pileup,3,5,337,215.98076860194809,206.76872972988872,-159.37677838573515,299.0,0.7636108372177871,1,0,1
pileup,1,5,338,-12.957794768707998,-298.71909137973097,-74.22081401004036,299.0,-1.6141470097932922,1,0,1
pileup,5,5,341,-266.5690563637434,135.43241188631086,27.67204890336033,298.99999999999994,2.6715198311881783,1,0,1
pileup,3,5,343,-283.9926685131924,93.53696718814456,-196.5717651720091,299.0,2.8234187242346964,1,0,1
pileup,5,5,343,-36.389662091895424,296.77734497908983,155.78998852136178,299.00000000000006,1.6928033506836175,1,0,1
pileup,1,5,344,243.8147735095221,-173.076157279102,-230.47218833243667,299.0,-0.6173177215459664,1,0,1
pileup,3,5,351,292.8337991824164,-60.40998308551521,132.18316433940612,299.0,-0.2034405100395251,1,0,1
pileup,3,5,353,-11.909682466209626,-298.76271431280384,-201.5767408300508,299.0,-1.6106385808590398,1,0,1
pileup,3,5,353,269.48670848213965,129.52958716626205,-19.138300470039606,299.0,0.4480505383705216,1,0,1
pileup,3,5,354,-85.72023025410142,-286.4490218611051,25.01098202980141,299.00000000000006,-1.8615660608784124,1,0,1
pileup,3,5,354,216.03844698069213,-206.7084648149917,-176.5227653157367,299.0,-0.7633318453936628,1,0,1
pileup,3,5,355,-298.99283416146375,-2.070053162454149,132.83635201697896,298.99999999999994,-3.134669343557727,1,0,1
pileup,4,5,366,36.22183835950658,-296.7978746990244,124.19056907421742,299.0,-1.449354770339294,1,0,1
pileup,3,5,375,224.64059867647376,197.32612960851247,-192.6724304184129,299.0,0.7207570143837302,1,0,1
pileup,3,5,383,27.687463875682152,297.71530754083307,-173.36088401145653,299.0,1.4780632618494285,1,0,1
pileup,1,5,385,-141.5767611740912,-263.35721120837826,28.189519979752333,299.0,-2.064057559894427,1,0,1
pileup,1,5,386,234.6571910512762,185.30246271413893,-274.8260283391519,299.0,0.6684122321630285,1,0,1
pileup,3,5,386,-141.50868822491472,-263.39379483363666,175.79443006661205,299.0,-2.0637990964154143,1,0,1
pileup,1,5,387,298.55461786967805,-16.31380239829161,-288.7954235230094,299.0,-0.0545883191437759,1,0,1
pileup,5,5,393,296.01646801773546,-42.13372357512451,142.53067161908112,299.0,-0.1413860443598761,1,0,1
pileup,3,5,399,-48.76088537175533,-294.997247542689,-49.503145766899074,299.0,-1.7346078543043346,1,0,1
pileup,3,5,407,-205.8811131011118,216.8270445960264,-309.0807226960242,299.0,2.330305503380415,1,0,1
pileup,3,5,414,88.01949822759109,285.75088439366743,-284.2769902770969,299.0,1.2719900461363671,1,0,1
pileup,3,5,421,20.69018901336759,-298.283281594177,248.27734177461343,298.99999999999994,-1.501543026804638,1,0,1
pileup,3,5,422,223.1095704390748,199.0555690717834,-283.3574521946965,299.0,0.7284819957780267,1,0,1
pileup,5,5,424,200.71496222473613,221.6179233255352,274.2633654340936,299.00000000000006,0.8348518490456281,1,0,1
pileup,1,5,427,12.961009813783994,298.71895190062344,234.27577819365425,299.0,1.527434881023316,1,0,1
pileup,3,5,428,-256.53014691323745,153.60105378763782,-324.39534844450026,299.0,2.6020823665587565,1,0,1
pileup,3,5,431,136.31645369590402,266.11806487304176,162.26221077076582,299.0,1.0974043289796849,1,0,1
pileup,3,5,447,-30.98991731082197,-297.3896854718879,245.08577131962244,299.0,-1.674628003159819,1,0,1
pileup,3,5,453,-247.8945279220271,-167.18045049082542,-45.25905194555605,299.0,-2.5482542395828784,1,0,1
pileup,1,5,460,-281.3200203264184,-101.29188597090864,-413.03828253900406,299.0,-2.7959845889444144,1,0,1
pileup,5,5,460,-121.10858896018571,273.37466905343075,-350.14873011789933,299.0,1.987824865058016,1,0,1
pileup,4,5,465,107.06533987188116,-279.17380428349395,-150.91746550206798,299.0,-1.2045876793565882,1,0,1
pileup,3,5,468,238.4339342763816,180.41690326986037,-396.0715116495181,299.0,0.6477591887177088,1,0,1
pileup,1,5,470,-288.5857368261751,78.22577900215285,-380.1842299383391,299.00000000000006,2.8768875246307117,1,0,1
pileup,4,5,474,103.06986452870794,-280.67348115921783,-342.53605452721865,299.0,-1.2188608842662898,1,0,1
pileup,5,5,475,141.56446085022867,263.3638233018805,364.2046306717392,299.00000000000006,1.0775817989645864,1,0,1
pileup,3,5,479,-0.0344255003725875,-298.9999980182022,65.61629709722698,299.0,-1.570911462247902,1,0,1
pileup,3,5,480,-106.98391800391668,279.2050165891208,-382.8097778000911,299.0,1.936713337572416,1,0,1
pileup,3,5,499,294.5529450814191,-51.37667314903225,-433.0268022116819,299.0,-0.1726853117780914,1,0,1
pileup,3,5,501,-298.84029855445664,-9.771180066053516,-269.57410555149136,299.0,-3.108907302104917,1,0,1
pileup,3,5,503,133.67972818685138,267.4522953199122,-295.7749447832933,299.0,1.1072875767876362,1,0,1
pileup,3,5,512,295.9431355496528,42.64575619026838,243.0567479012501,299.0,0.1431160018919753,1,0,1
pileup,3,5,530,-297.4307175870449,-30.59359795211291,378.4212191523936,299.0,-3.039093545166469,1,0,1
pileup,1,5,532,144.35359944765315,-261.8454474045835,235.333198655766,299.0,-1.0669608425803818,1,0,1
pileup,3,5,532,298.4554386852466,-18.037492042881286,373.3372947253592,299.0,-0.060362710500038,1,0,1
pileup,3,5,535,283.70663121323963,94.4009926093726,-472.67047306850606,298.99999999999994,0.3212178815125092,1,0,1
pileup,4,5,535,-198.7021658244905,-223.42437041794852,419.5418098499784,299.0,-2.297695449957116,1,0,1
pileup,3,5,536,210.1885992586697,212.65406824624432,-467.420528958127,299.0,0.791228797905359,1,0,1
pileup,3,5,551,-89.23964482566268,285.37218818831934,-490.9703573699167,298.99999999999994,1.873875398381762,1,0,1
pileup,3,5,553,-29.366105555730226,-297.55441829099044,390.6734440022919,299.0,-1.6691693131325729,1,0,1
pileup,3,5,556,171.59138311327357,-244.8619963188934,68.92965128568515,299.0,-0.9595552992461645,1,0,1
pileup,3,5,556,9.736928559407044,298.8414165108796,-500.6600720977801,299.0,1.5382255898473087,1,0,1
pileup,3,5,568,-250.6643489797796,162.99811088028983,442.0176755818663,299.0,2.565031561983897,1,0,1
pileup,3,5,571,276.8192497577005,113.01372909334437,-508.0851282546231,299.0,0.387605181944108,1,0,1
pileup,3,5,572,-244.83880747730177,171.62446898124043,414.1904082663483,299.0,2.530216499173145,1,0,1
pileup,3,5,578,-130.7366213051889,-268.90320907289976,-516.1455355101848,299.0,-2.023330723712115,1,0,1
pileup,5,5,583,258.55653139699393,150.1649761827148,494.2485673743653,299.0,0.5261687397464063,1,0,1
pileup,1,5,585,-288.4037907800368,78.89393806690585,-518.4690970673944,299.0,2.8745715076698435,1,0,1
pileup,3,5,586,28.31387131599379,297.6563869482752,-538.0129720511258,299.0,1.4759590059199947,1,0,1
pileup,1,5,604,240.27776484041848,177.95391460513747,431.0896917638872,299.0,0.6374692086035771,1,0,1
pileup,3,5,606,-293.10904332605173,-59.06004334985479,-520.0299254591557,299.0,-2.9427598876826653,1,0,1
pileup,3,5,609,296.70893456023003,36.94330997803465,488.9801279694881,299.00000000000006,0.123872771234942,1,0,1
pileup,4,5,611,-192.9416099927964,228.41745803109637,470.4353113105511,299.0,2.272198723467211,1,0,1
pileup,1,5,625,-261.8171932831959,144.4048382198798,-605.7797764902364,299.0,2.637561475552264,1,0,1
pileup,3,5,638,51.0091523332766,-294.6168127894954,495.440944559486,299.0,-1.399358603723374,1,0,1
pileup,1,5,645,221.8812637680661,-200.4238129282193,498.040773689659,298.99999999999994,-0.7346315136529896,1,0,1
pileup,1,5,652,-264.1587026230489,140.0756218208851,-624.1640832940429,299.0,2.654022757042791,1,0,1
pileup,3,5,660,29.396464874285435,-297.5514205190338,-495.6169883318082,299.0,-1.4723213104768405,1,0,1
pileup,1,5,666,-159.68567071064274,-252.7874335675968,511.4807316939966,299.0,-2.1341986910389927,1,0,1
pileup,4,5,676,-296.405437067978,-39.30415851460171,585.0192759916279,299.0,-3.0097590701360075,1,0,1
pileup,1,5,679,-243.6061206939588,-173.3697146575502,-670.4788980564593,299.0,-2.523070398769009,1,0,1
pileup,1,5,686,-284.16322716254984,93.01752699661012,-674.9432248919431,299.0,2.825247236622795,1,0,1
pileup,3,5,687,263.63078039806555,141.06669212364392,-650.4456233971619,299.0,0.4913254436724832,1,0,1
pileup,1,5,688,268.0467495192075,-132.4837351231737,547.9325824851394,299.0,-0.4590419219648557,1,0,1
pileup,1,5,689,132.1247447580609,-268.2238837661875,553.8533145979382,299.0,-1.1130932449201256,1,0,1
hard,405,5,690,175.5282111192272,-242.0554628618904,690.5261030322132,299.0,-0.9433852394100368,1,1,0
hard,405,5,690,178.14538510920025,-240.1358402327623,690.9637628271452,299.0,-0.9325300113154824,1,1,0
pileup,3,5,700,-280.7139456222176,-102.95960728949323,-661.9094846077899,299.0,-2.7900500137230813,1,0,1
pileup,1,5,703,-49.88669576517451,294.8089509930676,-698.5816053237243,299.0,1.7384254100673706,1,0,1
pileup,3,5,707,290.03615499293545,72.66380665031195,596.0670085280658,299.0,0.2454808267582175,1,0,1
pileup,1,5,736,-290.6256665011186,70.26892606821733,-711.6342871347507,299.0,2.9043605764964697,1,0,1
pileup,5,5,737,-197.34748503263228,-224.6218380997159,-133.1621652248338,299.0,-2.2916484099952275,1,0,1
pileup,3,5,739,-157.07876535669303,-254.41552915263836,636.430276138002,299.0,-2.12391924635827,1,0,1
pileup,3,5,743,46.11287180957605,-295.42275310726086,639.7162846357362,299.0,-1.4159546709179207,1,0,1
pileup,1,5,745,-255.490977593244,155.3234057328402,-744.1712743311846,299.0,2.595354732223093,1,0,1
pileup,3,5,750,-297.78147043189176,26.96656944107591,-717.0586973857738,299.0,3.051280740560226,1,0,1
pileup,3,5,751,-282.6328841189388,97.56870817332025,-726.2872534205039,299.0,2.809188257823451,1,0,1
pileup,1,5,753,120.1685615895775,-273.78918314186905,612.8660797090522,299.0,-1.1572037846854006,1,0,1
pileup,2,5,769,-296.6333592364531,-37.54530846986631,760.2358456446611,299.00000000000006,-3.015690705296139,1,0,1
pileup,3,5,774,-283.734595071999,94.31691025117787,672.4225020947823,299.0,2.82067112825898,1,0,1
pileup,1,5,778,-176.0898504090846,-241.6471903062525,-750.7652428688871,299.0,-2.200529663329213,1,0,1
pileup,1,5,779,-280.6013241710164,103.26614582462246,611.9835356586924,299.0,2.788957798630594,1,0,1
pileup,5,5,803,193.982993813124,227.53372961233129,-740.387735605692,299.0,0.8648259761935714,1,0,1
pileup,1,5,842,273.13835444122947,121.640615475002,-688.9052141976073,299.0,0.4189755233261621,1,0,1
pileup,3,5,849,-216.37418805295988,206.35699829281864,730.2532275653393,299.0,2.3798864149259016,1,0,1
pileup,1,5,858,16.771302274876312,-298.52926727542933,735.3575701904538,299.0,-1.5146755603738309,1,0,1
pileup,1,5,864,-137.31120167427676,265.60616313400203,-862.7296513652128,299.0,2.0479299138230127,1,0,1
pileup,4,5,871,38.03241888550143,296.57129853328314,787.6939118062753,299.0,1.4432520774849886,1,0,1
pileup,3,5,922,218.81885706422435,-203.76287147835976,832.4130100173114,299.0,-0.7497846506722544,1,0,1
pileup,1,5,932,84.4460491994044,-286.82723855068537,-918.0411950636206,299.0,-1.2844718455310271,1,0,1
pileup,1,5,932,-270.07390888863506,-128.30075501575683,-941.1521627181136,299.0,-2.6980970437531804,1,0,1
pileup,1,5,980,-84.22398580793443,-286.8925238039933,844.3213335433237,299.0,-1.8563466901184356,1,0,1
pileup,3,5,1003,-282.7809973933854,97.1385995019598,878.3965394138563,299.0,2.8107096516288093,1,0,1
pileup,3,5,1010,-174.59794145620737,242.72733434711216,892.5491944810764,299.0,2.19436953657138,1,0,1
pileup,4,5,1156,298.50243314569207,-17.242314406763523,-855.9228005374192,299.00000000000006,-0.0576986124008882,1,0,1
pileup,3,6,377,370.7856527799661,12.609508021110416,-0.5087929296924907,371.00000000000006,0.0339944393149975,1,0,1
pileup,1,6,378,-296.5617414526097,222.91732437519408,-71.32359813591701,371.0,2.4970219633834385,1,0,1
pileup,3,6,385,-135.6303808487998,-345.31927225512555,-78.62144069062667,371.0,-1.9450527686445476,1,0,1
pileup,3,6,392,292.13009267129047,-228.6941384379216,51.22376516088836,371.0,-0.6641959960582928,1,0,1
pileup,3,6,396,-358.6108442314172,95.07503562781488,-104.55807520936662,371.0,2.8824344654089544,1,0,1
pileup,3,6,409,-129.10643208357214,-347.8110538707043,-198.00284931744983,371.0,-1.92622872971725,1,0,1
pileup,3,6,411,109.9513590182388,354.3327513087696,-192.35093913465656,371.0,1.2699120749130204,1,0,1
pileup,5,6,416,-335.0539901032908,-159.3104632968717,103.93612426941924,371.0,-2.697755206642146,1,0,1
pileup,3,6,424,340.03696496447867,-148.37743244087324,-109.13688377429786,371.0,-0.4114504771480541,1,0,1
pileup,5,6,425,-323.45786568035305,181.70307958180203,31.890319242531,371.0,2.6297716434812544,1,0,1
pileup,3,6,426,295.6491748725885,224.126226482216,-194.2740003602501,371.0,0.6486533587101356,1,0,1
pileup,5,6,427,-65.3117599967025,365.205933695132,197.09886981138797,371.0,1.7477610138204414,1,0,1
pileup,1,6,428,293.15254517742096,-227.38202491841815,-272.6730909219909,371.0,-0.6597123116416124,1,0,1
pileup,3,6,429,-359.88939786255366,90.11448998983776,-233.00438403011773,371.0,2.896242301603916,1,0,1
pileup,1,6,430,284.8447465122248,-237.70668981832725,-64.81439772430141,371.0,-0.6954341640630632,1,0,1
pileup,3,6,440,368.1251341448019,-46.09648154546724,175.7065997662704,371.0,-0.1245712088951838,1,0,1
pileup,3,6,444,-75.29249986064694,-363.27956103355785,45.37100258838385,371.0,-1.775160640901528,1,0,1
pileup,3,6,445,25.252074954996612,-370.1396124578768,-245.21768695596103,371.0,-1.5026787693564945,1,0,1
pileup,1,6,446,-96.65957930480847,-358.1869982685265,-78.09802301725418,371.0,-1.8343756808944705,1,0,1
pileup,3,6,447,-368.93577342475794,-39.08190230113788,176.38341042220898,371.0,-3.0360547902641235,1,0,1
pileup,3,6,456,221.96564673309896,-297.2747074178312,-219.19183824540755,371.0,-0.9294308181807964,1,0,1
pileup,3,6,477,53.34864042503755,367.14428031061584,-205.42694276087323,371.0,1.4264992226629267,1,0,1
pileup,4,6,486,-41.372132763576246,-368.6859729235614,168.39777693680855,371.0,-1.682543939532943,1,0,1
pileup,3,6,488,367.3624229130573,51.825189159790455,-9.446945456167269,371.0,0.1401488803677441,1,0,1
pileup,1,6,492,370.0686543655469,26.271487511623263,-346.6435913753393,371.0,0.0708719495678099,1,0,1
pileup,3,6,494,-221.8391306199974,-297.36913109091154,234.8426578275217,371.0,-2.2117363164579897,1,0,1
pileup,1,6,496,324.0076753691583,180.7208518734741,-332.86432761282674,371.0,0.5087869429881818,1,0,1
pileup,3,6,499,328.9744248152619,171.51334588733206,-242.63314250847944,371.0,0.4805874079192943,1,0,1
pileup,3,6,508,-273.3017065548048,250.8927603463906,-375.6645601592746,371.0,2.3989177766225533,1,0,1
pileup,3,6,527,-5.091014785726905,-370.9650678547126,321.15353326308934,371.0,-1.5845191693182736,1,0,1
pileup,5,6,527,256.87812791188185,267.6838198331885,343.2526075559758,371.00000000000006,0.8059947086406378,1,0,1
pileup,3,6,529,255.4046335744585,269.09008370561816,-344.5497954658324,371.0,0.8114848810448317,1,0,1
pileup,1,6,533,-6.935641371827689,370.9351653304946,309.16628632095524,371.00000000000006,1.5894918670004454,1,0,1
pileup,3,6,539,174.40860883720856,327.448678671131,-360.4932153047173,371.00000000000006,1.0813876444264572,1,0,1
pileup,3,6,545,-341.5977622717192,144.74794924610856,-401.5034838502847,371.0,2.7407914252229277,1,0,1
pileup,1,6,572,-346.3164371345376,-133.06361399886865,-495.1950901943303,371.00000000000006,-2.7747584863030115,1,0,1
pileup,5,6,573,-131.81636437754915,346.7930882850539,-435.230175517552,371.0,1.93403150076446,1,0,1
pileup,5,6,582,311.6891523606461,-201.2234387458427,208.58353080031145,371.0,-0.5732688830429522,1,0,1
pileup,3,6,586,312.17756785797184,200.46487504368784,-481.7177575653122,371.0,0.5708370709146763,1,0,1
pileup,5,6,591,163.1263641352951,333.2128288706771,452.3363927838846,371.0,1.1155387127599743,1,0,1
pileup,3,6,597,-119.11066896130444,351.35971388249754,-465.08569536934186,371.0,1.8976374823527629,1,0,1
pileup,3,6,604,-134.67840344750408,-345.6916655703914,342.48090291085526,371.0,-1.9422974524927497,1,0,1
pileup,3,6,626,359.3611978563059,-92.19831601109068,-531.9749884920782,371.0,-0.2511447724652702,1,0,1
pileup,4,6,629,203.53467352016693,-310.1848427551531,-450.795221696632,371.0,-0.9900943491025972,1,0,1
pileup,3,6,631,-80.11263057662032,-362.2471068512404,97.74356939529022,371.0,-1.7884477053597312,1,0,1
pileup,1,6,636,-370.99643655056815,-1.6260586644566166,-494.0681010039913,371.0,-3.137209732105787,1,0,1
pileup,3,6,666,252.45562411957656,271.8587093517423,-571.2309307451887,371.0,0.8223878732651235,1,0,1
pileup,3,6,676,362.8018011441341,77.56193065268657,-587.2538932712212,371.0,0.2106154686467469,1,0,1
pileup,4,6,676,-276.3115077806599,-247.57413166156584,536.4791894859962,371.0,-2.4109938631067127,1,0,1
pileup,3,6,684,-357.6632089015692,-98.58006389850054,502.0028313581726,371.0,-2.872647707731052,1,0,1
pileup,3,6,698,-152.8024868381462,338.0715900753539,-609.4365771098311,371.0,1.995297786871651,1,0,1
pileup,3,6,699,46.766442256183055,368.0406225930762,-620.3067279105694,371.00000000000006,1.4444049829107517,1,0,1
pileup,3,6,699,366.8500121275199,55.335961200999535,503.5242882383701,371.0,0.1497121759935611,1,0,1
pileup,3,6,710,-323.8338807271283,181.0320902304562,559.0042155432426,371.0,2.6318448635237788,1,0,1
pileup,3,6,721,-181.56084207967592,-323.5377267388133,-636.7242588419667,371.00000000000006,-2.0821776507556438,1,0,1
pileup,5,6,729,333.8439006770185,161.83093023508502,615.3911530534193,371.0,0.4513735897404665,1,0,1
pileup,3,6,734,361.53297565473866,83.27609209268978,-643.0875596607704,371.0,0.2263928221287473,1,0,1
pileup,3,6,736,2.4272724704136204,370.99205968370046,-664.2026907219632,371.0,1.5642537667218406,1,0,1
pileup,3,6,748,-133.71648452558824,-346.064880862127,544.0244322872287,371.0,-1.9395163633743795,1,0,1
pileup,3,6,759,365.4225538561877,64.08866618382396,621.9080572269006,371.0,0.1736166306844707,1,0,1
pileup,3,6,781,-231.2027977497888,290.14869689983146,579.3080726942374,371.0,2.2436089643492525,1,0,1
pileup,1,6,785,-306.857503161482,208.5173200324161,-746.650115055596,371.0,2.544740931072642,1,0,1
pileup,3,6,795,308.75488037933326,-205.69740844732013,115.5347678440134,371.00000000000006,-0.5876904647587012,1,0,1
pileup,1,6,802,268.80484394640894,-255.7048217592832,636.2524630815855,371.00000000000006,-0.7604276048295721,1,0,1
pileup,1,6,819,346.6980253047122,132.0661926831131,605.3224796430875,371.0,0.3639556685508514,1,0,1
pileup,1,6,832,-219.42454899039785,-299.1552561803996,656.7900832574261,371.0,-2.203640860533,1,0,1
pileup,1,6,849,-287.1618238356862,-234.902292307594,-822.9588451123335,371.0,-2.4559638840338143,1,0,1
pileup,1,6,853,-357.2920169668769,99.91703864577327,-823.7589099578505,371.0,2.868907688383099,1,0,1
pileup,4,6,853,-360.2154345130908,-88.80225638206056,744.3415746028035,371.0,-2.899886860274452,1,0,1
pileup,1,6,856,-356.60017011137097,102.35877430167528,-796.0313195969045,371.0,2.862067086458673,1,0,1
pileup,1,6,861,186.5926475266752,-320.66210235852003,709.5299768850638,371.0,-1.0437934429018467,1,0,1
pileup,3,6,863,158.78903631492912,-335.30141954094995,685.657008493688,371.0,-1.1285145527612928,1,0,1
pileup,3,6,867,344.1689240004094,138.52347004172427,-809.4611257826241,371.00000000000006,0.3826483830891866,1,0,1
hard,405,6,871,217.29653611683116,-300.7045317111578,857.6710159753342,371.0,-0.9450467975550494,1,1,0
hard,405,6,871,221.479128799685,-297.63735569671445,858.8436332250169,371.0,-0.9310664139439984,1,1,0
pileup,1,6,871,349.3305475734976,-124.93665807920571,710.5666183763675,371.0,-0.3434700576201874,1,0,1
pileup,3,6,873,-354.8255594555235,-108.3504608069333,-816.5028827505237,371.0,-2.845223318807664,1,0,1
pileup,1,6,877,-40.31953998254957,368.8025687215256,-855.0845609228064,371.0,1.6796894082233782,1,0,1
pileup,3,6,877,120.94748503213492,-350.73167217176365,-642.0443924456827,371.0,-1.2387227701091594,1,0,1
pileup,1,6,879,-278.12679019203244,245.53307023184712,-748.1790191572189,371.0,2.418356457707601,1,0,1
pileup,3,6,892,367.4888742981614,50.92079405380613,759.1173296694087,371.0,0.1376874445567237,1,0,1
pileup,3,6,920,-180.769157893414,-323.9807271343559,801.7306213043553,371.0,-2.079732365105352,1,0,1
pileup,3,6,925,41.31354724872524,-368.6925423896276,806.3614074777026,371.0,-1.4592076162041496,1,0,1
pileup,1,6,934,-300.11969809066875,218.1035690170288,-916.768934204393,371.0,2.5131567066763063,1,0,1
pileup,1,6,937,161.1372811804692,-334.17925820398614,778.4478602060035,371.0,-1.1214994578869295,1,0,1
pileup,3,6,937,-342.4800540425701,142.64786217465124,-895.8486543491935,371.0,2.746931312890404,1,0,1
pileup,3,6,953,-276.38664895386114,-247.4902427976811,-792.5108223470813,371.0,-2.411297424326226,1,0,1
pileup,3,6,960,-370.3569035726428,-21.8349256028998,-905.9812435042448,371.0,-3.082704376835715,1,0,1
pileup,2,6,965,-370.6835504170664,-15.320099549224969,940.3272947145244,371.0,-3.1002868399342547,1,0,1
pileup,3,6,969,-342.1473552922907,143.4440213689333,849.583760928652,371.0,2.744605496469589,1,0,1
pileup,5,6,974,-177.4742115499793,-325.79733613814767,-174.5318501371148,371.0,-2.069590692776834,1,0,1
pileup,1,6,982,-185.6959381521012,-321.1822201707482,-930.187564966895,371.0,-2.0950050478054885,1,0,1
pileup,1,6,1001,-322.40533833102694,183.56415177167912,-945.2845455708036,371.0,2.6240086056509706,1,0,1
pileup,5,6,1028,195.9643271333004,315.0221936486267,-945.49675799576,371.0,1.0143102519910916,1,0,1
pileup,1,6,1067,7.122196879051785,-370.9316302388029,931.2753147914716,371.0,-1.5515978512796509,1,0,1
pileup,1,6,1113,-113.67703263915875,353.1551107521391,-1096.0695445746608,371.0,1.882212601576139,1,0,1
pileup,3,6,1151,286.4574915640323,-235.76069546648856,1049.3312904888544,371.0,-0.6886217040513,1,0,1
pileup,4,6,1158,-40.50326295236978,368.7824367973768,1053.7454500314338,371.0,1.6801875825752044,1,0,1
pileup,1,6,1179,-314.5847493529129,-196.66579640233567,-1172.5946561677265,371.0,-2.582878302917728,1,0,1
pileup,3,6,1185,-171.1420212356521,329.1677514085722,1037.3944194228106,371.0,2.050255332293881,1,0,1
pileup,1,6,1256,241.00745190285747,282.05745536555463,-997.088610732462,371.0,0.8637173859972423,1,0,1
pileup,1,6,1451,-243.7358491184245,-279.703120923812,1281.7647270185244,371.0,-2.287588928100199,1,0,1
pileup,4,6,1564,362.7006015725237,78.03379792711225,-1153.4091317880311,371.0,0.2119162698739301,1,0,1
pileup,3,7,451,441.68112006246776,34.15828128527445,3.9716054985970586,443.0,0.0771833405821256,1,0,1
pileup,1,7,454,-338.0565628419743,286.29837638287484,-70.8589634691338,443.0,2.438904028817635,1,0,1
pileup,3,7,464,-193.06017782198165,-398.7189081788633,-85.62195659490021,443.0,-2.021725209193101,1,0,1
pileup,3,7,472,328.8643858729808,-296.8117512909272,70.19335079702672,443.0,-0.7342141127083693,1,0,1
pileup,3,7,481,-437.5458919168519,69.30073929393932,-115.78032301356558,443.0,2.9845124009042454,1,0,1
pileup,3,7,492,-130.93887405718286,-423.2068185422315,-229.57616151605524,443.00000000000006,-1.870851671616055,1,0,1
pileup,3,7,495,102.18333734962852,431.0540169956569,-226.9368608828256,443.00000000000006,1.3380381869496518,1,0,1
pileup,5,7,509,-376.83043118494186,232.9116273030842,42.64977918542508,443.0,2.587984474438192,1,0,1
pileup,5,7,512,-422.3757504548415,-133.59537951482255,128.02911953296268,443.0,-2.835254074427379,1,0,1
pileup,1,7,513,338.1556013676408,-286.1813922387151,-313.1456578955923,443.00000000000006,-0.7023426264326299,1,0,1
pileup,5,7,513,-102.32104141012776,431.02135038156393,237.36611785553444,443.0,1.80387393768534,1,0,1
pileup,3,7,518,-436.58806454396455,75.0990139599385,-272.7837292519923,443.0,2.9712462656941923,1,0,1
pileup,3,7,522,383.2636553698134,222.166537697667,-229.4682655224641,443.0,0.5253370108576205,1,0,1
pileup,3,7,532,442.58961558030086,-19.06389730568055,221.8178450182525,443.0,-0.0430469215908423,1,0,1
pileup,3,7,535,364.9209886704944,-251.16064983939845,-127.8129374601084,443.0,-0.6028034793825803,1,0,1
pileup,3,7,538,-50.26540076546116,-440.1390569875475,59.308004293243386,443.0,-1.6845071339543591,1,0,1
pileup,3,7,544,80.73990540391294,-435.58015069028016,-291.34805969476946,443.0,-1.387514790166969,1,0,1
pileup,3,7,544,-433.3333532994242,-92.03914883502804,222.66331317400807,443.00000000000006,-2.9323048308581625,1,0,1
pileup,1,7,554,396.710729358436,-197.15374004034965,-62.16970281535757,443.0,-0.4612214988321219,1,0,1
pileup,3,7,573,86.3108363934127,434.5105746941834,-240.9213769168132,443.0,1.3747095626134584,1,0,1
pileup,3,7,577,190.5408416674979,-399.92897826569344,-265.35083259043927,443.0,-1.1261764269677497,1,0,1
pileup,1,7,603,-244.1026318360761,-369.6794626845006,-82.4517345006758,443.0,-2.1543844604206863,1,0,1
pileup,1,7,606,433.4733110587807,91.3777248553362,-414.992811459828,443.0,0.2077617065202182,1,0,1
pileup,3,7,613,-346.6302776125912,275.8558512017064,-445.2436465565637,443.0,2.469404733668377,1,0,1
pileup,3,7,617,-320.6921406722766,-305.62321723166383,304.4209546268252,443.0,-2.3802494916047583,1,0,1
pileup,1,7,625,420.1207454660751,140.52600908383255,-402.5128454857737,443.0,0.322790809580784,1,0,1
pileup,5,7,631,315.9172768235053,310.55639456372614,410.8858846492335,443.00000000000006,0.7768411375272414,1,0,1
pileup,3,7,638,-44.134747701147646,-440.796011830139,396.2308113369375,443.0,-1.670588845734352,1,0,1
pileup,3,7,640,276.1751798042685,346.375908602316,-408.496561598762,443.0,0.8976868318967677,1,0,1
pileup,1,7,641,-36.421680206019545,441.5002391969573,384.9362508435217,443.0,1.6531052147899572,1,0,1
pileup,3,7,677,-429.69742677403633,107.74563296844882,-490.46905643018624,443.0,2.895910415306445,1,0,1
pileup,4,7,677,-205.42182524184497,-392.4931511686655,238.3792696876108,443.0,-2.052970035651673,1,0,1
pileup,1,7,683,-410.1025524066401,-167.52580848800295,-584.4819909262378,443.0,-2.75378250050246,1,0,1
pileup,5,7,688,-134.54187866371686,422.07520998708,-524.1522075930155,443.0,1.8793765962315183,1,0,1
pileup,3,7,698,296.2192401152586,329.39818121164353,-456.9153388752871,443.0,0.8383824410636569,1,0,1
pileup,5,7,707,179.51135147053685,404.999598386494,544.7393583330414,443.0,1.153579603613585,1,0,1
pileup,3,7,708,390.58635948445175,209.0246296125952,-574.4453041085998,443.0,0.4913752749845296,1,0,1
pileup,3,7,712,441.8875413750173,31.375161793086445,-333.0365286785205,443.0,0.0708836370970499,1,0,1
pileup,3,7,715,-125.395767466825,424.8822207405319,-551.2932467590674,443.0000000000001,1.8577798657013656,1,0,1
pileup,3,7,756,418.7596617078337,-144.53146967474134,-636.2782041695262,443.0,-0.3323402760307704,1,0,1
pileup,3,7,796,291.21279563885764,333.8324544681073,-674.1487014937396,443.0,0.8534792991389006,1,0,1
pileup,3,7,827,441.1211260734147,40.757234102948864,-709.2578178226854,443.0,0.0921330757999118,1,0,1
pileup,4,7,828,-363.3054431075281,-253.4919229648997,655.7770009007432,443.0,-2.532386590999771,1,0,1
pileup,3,7,849,98.64284858482576,431.8779786271478,-744.6145473275169,443.0,1.3462438599731144,1,0,1
pileup,3,7,850,-223.66533904007093,-382.390920540865,146.3590437354293,443.0,-2.100048417572651,1,0,1
pileup,3,7,855,-400.538183968588,189.25687090075644,680.6366709717408,443.00000000000006,2.7001808045763296,1,0,1
pileup,3,7,858,-233.9988200754903,376.15628693839255,-744.9314775057981,443.0,2.1272921850801625,1,0,1
pileup,3,7,865,-395.7427907314541,-199.08953660119997,643.6632298346187,443.0,-2.675485586932305,1,0,1
pileup,4,7,865,355.3464530218391,-264.53335956887906,-616.2897285066551,443.0,-0.6399318367496999,1,0,1
pileup,3,7,867,-239.68147836364088,-372.5611210652818,-759.2491333272957,443.0,-2.1424716082187114,1,0,1
pileup,5,7,880,412.27192943880766,162.11371378388324,747.0481018435465,443.0,0.3746482257843434,1,0,1
pileup,3,7,892,-37.852290702988256,441.3798863660832,-796.9631385760824,443.0,1.656345992792423,1,0,1
pileup,3,7,911,431.9233544717518,98.44397321253064,750.9168202280241,443.0,0.224092001293053,1,0,1
pileup,3,7,925,442.68645071144965,16.664523890566336,-800.6908280597341,443.0,0.0376263129662435,1,0,1
pileup,3,7,929,401.0331843755645,188.20569871710708,681.8688066654822,443.0,0.4387890717472553,1,0,1
pileup,1,7,953,-340.5676417905876,283.30669135267186,-891.5834775698819,443.0,2.4477208839471367,1,0,1
pileup,1,7,959,312.9119106543868,-313.5843366155604,773.4506872019144,443.00000000000006,-0.786471475018855,1,0,1
pileup,1,7,1003,-286.7924081130776,-337.6375492280175,805.4131258453267,443.0,-2.274947245327931,1,0,1
pileup,1,7,1022,-322.73741045087286,-303.46262355595763,-978.3694742661964,443.0,-2.386965333459524,1,0,1
pileup,1,7,1023,-431.47922184038765,100.372711032499,-973.3854360853688,443.0,2.913032899559794,1,0,1
pileup,1,7,1038,249.39866379810115,-366.12744570124994,866.6310646921953,443.0,-0.9728132739301374,1,0,1
pileup,4,7,1043,-414.73428262716766,-155.70637370939127,911.6492995178514,443.0,-2.7824393824592573,1,0,1
pileup,3,7,1048,-430.2639878415491,-105.46042275037256,-971.1132104772933,443.0,-2.9012250836166475,1,0,1
hard,405,7,1053,258.8721888817574,-359.49157128306604,1023.181354885213,443.0,-0.9467031895695578,1,1,0
hard,405,7,1053,265.06246775444924,-354.95195194268416,1023.6306432486724,443.00000000000006,-0.9293746708818524,1,1,0
pileup,1,7,1054,-21.779144133591107,442.4643136805592,-1014.4313858811408,443.0,1.6199790062635575,1,0,1
pileup,3,7,1059,427.32166375982126,116.81265206105982,-982.3008910547034,443.0,0.2668408820610016,1,0,1
pileup,1,7,1068,432.3910421108173,-96.3690131853673,884.3099748152379,443.0,-0.2192906094635704,1,0,1
pileup,3,7,1089,442.8830299702871,10.17947760633562,936.6156887205324,443.00000000000006,0.022980527388486,1,0,1
pileup,3,7,1103,-198.29487612731305,-396.1415682576793,969.102643156488,443.0,-2.034896382711185,1,0,1
pileup,3,7,1109,30.16488860697818,-441.97180848480434,973.6275580173178,443.0,-1.5026512983461155,1,0,1
pileup,1,7,1121,206.577989910775,-391.8858686970273,944.3604251174733,443.0,-1.085674645587152,1,0,1
pileup,3,7,1128,-397.2863100107267,195.99129541400748,-1069.7896198643375,443.0,2.6832992356903964,1,0,1
pileup,1,7,1130,-334.90742152009534,289.97589384423185,-1093.8482242877965,443.0,2.4279748232706124,1,0,1
pileup,1,7,1133,-442.99608627891234,-1.862133605963281,-1035.099047294436,443.0,-3.137389179346659,1,0,1
pileup,2,7,1168,-442.5208188348364,20.59914798592124,1128.159753471643,443.0,3.095076675300712,1,0,1
pileup,3,7,1170,-393.95209216310695,202.60984448024945,1034.171686929177,443.0,2.6665700307168527,1,0,1
pileup,1,7,1198,-177.42526028959898,-405.9178205144092,-1120.890946418727,443.00000000000006,-1.9828680462296888,1,0,1
pileup,3,7,1200,-431.4296602686083,-100.58552699326695,-1120.6529102728132,443.0,-2.912539647118278,1,0,1
pileup,3,7,1223,287.0758599694668,-337.39657766905566,-881.0871623550598,443.0,-0.8658055934186262,1,0,1
pileup,1,7,1277,-8.026765344625641,-442.9272751119559,1126.7935417439653,443.0,-1.5889164274951182,1,0,1
pileup,5,7,1285,166.7512861510836,410.4180899606637,-1180.639245643256,443.0,1.1848740533461444,1,0,1
pileup,5,7,1322,-75.5937001746834,-436.502683260825,-233.22065103985588,443.0,-1.7422758985274651,1,0,1
pileup,3,7,1384,359.00050253901424,-259.55276761524857,1268.7946075644556,443.0,-0.6259876007963048,1,0,1
pileup,1,7,1408,-50.9866253847952,440.0560919154177,-1368.6345720104125,443.0,1.6861459170329125,1,0,1
pileup,1,7,1445,-343.6050353816963,-279.6150562118271,-1422.4768019558314,443.0,-2.4585123096740222,1,0,1
pileup,4,7,1632,-212.4200155652781,388.75022442083167,1489.8987542739778,443.0,2.0708850756236985,1,0,1
pileup,3,8,526,510.2877781804446,61.66346924772664,10.31013959563588,514.0,0.1202574873711581,1,0,1
pileup,1,8,531,-372.1927758283305,354.49758478895467,-72.2571790306922,514.0,2.380540065472564,1,0,1
pileup,3,8,546,-259.54926311548195,-443.6554744576137,-94.69720375749016,514.0,-2.100131550513549,1,0,1
pileup,3,8,554,356.0613579112286,-370.69705879924646,88.63929016599118,514.0,-0.8055337717627546,1,0,1
pileup,3,8,572,-513.3753834435431,25.332107575072257,-133.92505773663797,514.0,3.092288424368824,1,0,1
pileup,3,8,574,-124.31765681833537,-498.7395314221629,-264.763957408494,514.0,-1.8150818739404804,1,0,1
pileup,3,8,580,83.541024534048,507.1655520831453,-258.2859510877432,514.0,1.4075409271018795,1,0,1
pileup,5,8,593,-425.5782334307712,288.2345698037348,49.15036521400085,514.0,2.5462800062411577,1,0,1
pileup,1,8,598,377.91130855556537,-348.3949524115128,-353.9217564194299,514.0,-0.7447815188996649,1,0,1
pileup,5,8,599,-146.71044247179245,492.6175454343165,277.81800856449456,514.0,1.860250217292514,1,0,1
pileup,3,8,608,-511.7428467794311,48.11713592976757,-315.4434173426588,514.0,3.0478422782553616,1,0,1
pileup,5,8,621,-508.08785546196617,-77.73500583430972,156.83138809127868,514.0,-2.989774704612933,1,0,1
pileup,3,8,627,475.27444890624935,195.7299114005342,-265.4851010608468,514.0,0.3906586165091374,1,0,1
pileup,3,8,627,513.5729122132059,20.949077326859307,265.48790539248915,514.0,0.0407682519894824,1,0,1
pileup,3,8,636,-10.315114595234704,-513.8964860853665,79.17656844547544,514.0000000000001,-1.590865990415548,1,0,1
pileup,3,8,646,-488.0390075557904,-161.28833530035325,275.46371463400834,514.0,-2.822410069366964,1,0,1
pileup,3,8,651,155.50638562912553,-489.9119962080595,-340.25838782168705,514.0,-1.2634382251488918,1,0,1
pileup,3,8,669,126.366090047274,498.224458739396,-272.953604647783,513.9999999999999,1.3224014429700446,1,0,1
pileup,3,8,685,335.31801102855866,-389.56107541674567,-150.47773649184285,514.0,-0.8600894569599192,1,0,1
pileup,3,8,719,-424.0703180780246,290.4485588278982,-516.347820557668,514.0,2.541068477287856,1,0,1
pileup,5,8,733,376.81701642091735,349.57822606054594,478.6126484787258,514.0,0.7479171443700878,1,0,1
pileup,1,8,734,480.6574846421319,182.1109070250841,-487.81533808557634,514.0,0.362166874403181,1,0,1
pileup,3,8,745,88.51271076616125,-506.3215381877665,-329.6080221141931,514.0,-1.397729955851092,1,0,1
pileup,1,8,750,-74.91724722894374,508.5109694663798,461.5758519538956,514.0000000000001,1.7170707883696508,1,0,1
pileup,3,8,753,-96.38763730534836,-504.8815934203708,474.9777291978714,514.0,-1.759437743146327,1,0,1
pileup,3,8,755,283.3261499184839,428.8616242710098,-475.263144324693,514.0,0.9869727640170542,1,0,1
pileup,3,8,768,-436.9451732185512,-270.6933977787606,382.6229084349906,514.0,-2.5869484777867595,1,0,1
pileup,1,8,794,-471.7011640431087,-204.19111596829148,-666.8340686879817,514.0,-2.733064560191341,1,0,1
pileup,1,8,794,512.4411882856642,40.00035685311403,-493.88416400428906,514.0,0.0779004716576367,1,0,1
pileup,5,8,804,-128.90742491142868,497.57298540284944,-609.44537293573,513.9999999999999,1.8242953196167715,1,0,1
pileup,5,8,823,190.25663400752592,477.4917938730741,632.5033361842079,514.0,1.191626818403273,1,0,1
pileup,3,8,832,-512.9747727122073,32.44815188665404,-591.8385445067104,514.0,3.078421947618614,1,0,1
pileup,3,8,833,-125.94178884744444,498.33188320827486,-635.4603985668816,514.0,1.818339675876893,1,0,1
pileup,3,8,833,471.4303511461193,204.81558538901945,-667.6718717933053,514.0,0.4098523399524343,1,0,1
pileup,3,8,890,470.2220803155329,-207.5745533145441,-743.3657422654402,514.0,-0.4157121666542037,1,0,1
pileup,3,8,926,325.6749919609109,397.657892680707,-777.7009124432061,514.0000000000001,0.8845871817133346,1,0,1
pileup,3,8,991,513.6628280384056,-18.614486068311827,-843.7736089322162,514.0,-0.0362228742390996,1,0,1
pileup,4,8,993,-456.6549277664259,-235.9285420347448,792.9424569327064,514.0,-2.664717789274767,1,0,1
pileup,3,8,1002,-478.8492318647371,186.8138462281404,806.2236549423218,514.0,2.769623030624703,1,0,1
pileup,3,8,1007,165.46841700290975,486.637650592873,-874.9266841128716,514.0,1.2430364240530336,1,0,1
pileup,3,8,1014,-303.71141664405764,-414.6750238440454,-879.4820138851525,514.0,-2.2029433375680245,1,0,1
pileup,5,8,1035,491.630481415816,149.9848983826467,878.0382656328948,513.9999999999999,0.2961075870071307,1,0,1
pileup,3,8,1036,-332.5416252079151,391.9337539739063,-885.0697904794545,514.0,2.2743979054988386,1,0,1
pileup,3,8,1055,-92.62752920595356,505.5849491759028,-936.152725680165,514.0,1.7519954566666014,1,0,1
pileup,3,8,1063,494.7176259624759,139.4649438463007,884.7757477051388,514.0,0.2747772765646504,1,0,1
pileup,1,8,1114,353.597448577015,-373.0480456453636,906.5982041456958,514.0,-0.8121594296818888,1,0,1
pileup,3,8,1118,-379.4806835340374,-346.6848869283744,840.3657307666738,514.0,-2.4013267952599304,1,0,1
pileup,1,8,1130,-359.6704989107748,367.19631290806063,-1044.4470887837012,514.0,2.345841087109069,1,0,1
pileup,1,8,1177,-360.2721407813972,-366.6060345613382,955.7996918229512,514.0,-2.347480879453379,1,0,1
pileup,3,8,1179,502.3707434294134,-108.71815003107125,-1010.1134531412888,514.0,-0.2131236565604423,1,0,1
pileup,1,8,1192,-505.2858794277231,94.24531845642252,-1124.281585889404,514.0,2.957192743116839,1,0,1
pileup,1,8,1199,-348.9098521582657,-377.4359747916159,-1133.421516630009,514.0000000000001,-2.316941191213505,1,0,1
pileup,1,8,1217,319.27691366763094,-402.81292481606414,1025.938967124845,514.0,-0.900572629049312,1,0,1
pileup,3,8,1225,-505.3146979026238,-94.09068011009396,-1128.2121736743766,514.0,-2.9574987756851763,1,0,1
hard,405,8,1232,299.7137802225496,-417.57352639350745,1187.4108338187416,514.0,-0.9482560751449272,1,1,0
hard,405,8,1232,308.173651649106,-411.36966396327233,1188.2011112010011,514.0000000000001,-0.9278455625015308,1,1,0
pileup,1,8,1232,5.788813339942618,513.9674013399248,-1176.8537622437932,514.0,1.5595338059359671,1,0,1
pileup,4,8,1249,-454.4193053052583,-240.20635912874252,1095.6088490255056,514.0,-2.655327147980422,1,0,1
pileup,3,8,1267,508.83266890769295,72.7001722987925,-1167.768762226336,514.0,0.1419159118444245,1,0,1
pileup,1,8,1283,512.2309506879226,-42.6081348728976,1077.7775699801346,514.0,-0.0829904361261885,1,0,1
pileup,3,8,1285,-209.3801093922922,-469.4208876806312,1133.3703932343035,514.0,-1.9903515570744028,1,0,1
pileup,3,8,1292,12.698574633063409,-513.8431143863743,1141.445427174637,514.0,-1.5460884148013772,1,0,1
pileup,3,8,1302,511.41023024191855,-51.53228506390763,1128.7290571713295,514.0,-0.1004260850161822,1,0,1
pileup,1,8,1304,255.7782632599124,-445.8401956348743,1108.22099154824,514.0,-1.049940013969902,1,0,1
pileup,3,8,1320,-445.4457533040904,256.4645801340829,-1243.6626662449016,514.0,2.619196281170371,1,0,1
pileup,1,8,1333,-357.42214567255127,369.38517807680034,-1279.1007530129712,514.0,2.3397362737707987,1,0,1
pileup,3,8,1376,-436.8051758925753,270.91924684941887,1226.8788183409329,514.0,2.586431513036226,1,0,1
pileup,2,8,1378,-509.1538507259481,70.41559692950838,1321.3934028296487,514.0,3.0041651538998115,1,0,1
pileup,1,8,1430,-147.9251359637831,-492.2541560516237,-1325.5504217907685,514.0,-1.8627169200604892,1,0,1
pileup,1,8,1487,-28.279683253779137,-513.2214527034756,1322.587495572831,514.0,-1.6258429613597571,1,0,1
pileup,3,8,1495,-465.2271044819915,-218.54002209046783,-1390.544877994908,514.0,-2.702437275384351,1,0,1
pileup,5,8,1602,89.84664212471668,506.0865349907198,-1470.6722840511488,514.0,1.3950947919839056,1,0,1
pileup,3,8,1620,434.6854074297999,-274.3074854384927,1491.262069239444,514.0,-0.5629368333319551,1,0,1
pileup,1,8,1737,-350.9472118523301,-375.5423471368785,-1700.0002247494324,514.0,-2.322352647726704,1,0,1
pileup,1,8,1816,79.65183844761411,507.7908867160922,-1745.4618143819316,514.0,1.4152046393610695,1,0,1
