event,pT,eta,phi
1,13.48177314253139,1.832610521734328,-0.071997897948392
2,48.350277237637215,-0.6786196119498876,-0.0563373783126785
3,47.54800641016002,-0.3981481365948877,-3.042201415322448
4,16.483321659111457,1.4116986743751678,1.300822016178218
5,12.774309851914332,0.8792922504605745,0.3429345222241918
6,18.81935401801065,-2.1576823165621946,0.1725795508245155
7,23.021788705138967,1.613313879064955,-2.479058259245213
8,24.24634810176271,-1.4277164809343488,-1.7410165258272154
10,17.96214608728148,0.6753041762587589,0.2155569588920259
11,17.895757330169943,-1.9292876493287143,0.1659534865045338
12,44.00803498227809,2.1532805815019853,-1.7995837920724291
13,19.63702502724616,-0.4053402020708049,-1.3278792192422315
14,11.868590176714402,-1.2574387940415137,-0.0179455898128406
15,74.01545084851018,-0.0971353368460052,0.0739997737460226
16,21.862533243080527,-2.005306782268336,-2.5803160557451887
17,24.8603588185733,-1.373006163676034,1.852099360708666
18,16.761479079572354,0.8304290951262298,0.4109029657533311
19,18.42165394370655,0.5542650213913076,2.2612324234570256
20,17.37607845417396,-1.2647458399246172,2.6217343279422445
21,13.883915454200858,1.3654993511088065,-2.4203796748624344
22,12.42087794514057,-1.043984584321299,2.434448702460696
23,10.685475408214584,2.3630375824861463,-0.8629729308205598
24,22.46017710856511,1.36874864232008,-2.235677614093824
25,99.00311635652436,-2.0276321927898966,-2.803669189410687
26,18.34267034279568,-0.5087483886861377,-1.2580977588904712
27,14.171801602404685,1.554946606544802,2.8093372110846846
28,11.446201842001454,-1.5123332261861695,0.1051986750850146
29,47.94022684772855,-1.7371192072418933,2.6381071677465964
30,17.7273954126632,2.2069212943582515,-2.782459776377153
31,15.226291791717316,-0.6486493837788538,2.24351269161676
32,23.78242138601016,-0.2990483525547351,1.9855914627648463
33,10.103415163726345,-1.5457401281001637,-2.3419648570661007
34,30.938474815687428,1.5026139291839964,-0.4873950081287035
35,11.223013394601876,2.122887039306196,1.6271779180549202
36,13.245555596798075,1.1669807532331262,2.2079571059683047
37,21.5385333590844,0.5412015728062727,-2.8618099024896906
38,35.344448531932784,-1.4523168888150082,-1.9993327911557968
39,31.511907055228363,0.7063700842269521,1.415673233949383
40,8.69070266324446,-0.8164067155682287,-1.211176540980545
41,21.009505489922663,0.8572100669667349,2.869136020095213
42,48.44439472212098,-2.1627384498985074,-2.3075552367657504
43,26.975789555489765,-0.1560265193055912,2.5710985671949924
44,22.10071709711522,0.7107778701603469,-1.877325504634516
45,10.634668410159986,1.2989067540416688,1.598493473823111
46,15.289175770967644,-1.532781139081398,-2.868215718274933
47,14.492152811169912,-2.3846501745641286,2.869280355283414
48,272.0767448845086,1.620570083375097,-2.3754907285258
49,33.52600795280153,-0.0783480606362883,2.155871580343897
50,10.864751944521956,-0.8241128116345942,2.6566591972004203
51,87.92860955925605,-1.973216041715622,-3.138745341923694
52,11.375909361795577,-1.0602293374580831,-1.9425531561919505
53,10.891753407823098,2.30874443307332,2.211129950298629
54,91.74175339870742,-2.0163300982629035,-3.092662928140607
55,9.875264294930243,0.2499351048078685,-1.129172758693029
56,28.51161582641021,-0.1803717315131276,0.1694751133995121
57,20.65656275077251,0.4386115288066596,-3.067291486249248
58,17.743891481958638,1.8331542660939208,-0.3906275470434511
59,64.85839726973856,-0.5564596163934382,-2.760571115809571
60,38.86262621614621,0.6273702245923798,-2.9622571713774475
61,25.011756119244414,-1.839025445867688,1.3764351515019315
62,12.81839601665093,-1.083866283638041,1.8981457600431657
63,104.0752558631664,-1.3258344710701626,-0.1290093598467564
64,58.08918179955129,0.811656965476365,2.680073239918818
65,11.416936087142972,0.6966676636710757,2.0858918193596008
66,12.746765204304303,1.1764986400477444,0.0213889360203688
67,32.76134108777167,2.310032037621767,1.5211019099670626
68,89.6171498389019,-2.453728746719323,1.0015196037878176
69,29.605424052960867,-1.7288295545704353,2.925216398276218
70,82.84742645308187,1.3042974719467544,2.003600425798931
71,17.158210339641744,0.699034299809352,-1.0227196029677734
72,7.748710113667967,-0.0733797627338722,-2.3976321575214974
73,33.49982338614539,-2.0252663161600903,0.9065910735343145
74,15.033467853724344,-1.5993230354674963,-0.7736915473965261
75,33.617389937798315,-0.7697268780292785,-1.0799659432129332
76,12.75195992519278,2.401281052291187,-1.8900286871258336
77,85.87089665282231,1.745952831291737,2.456643815981936
78,12.015564287549784,0.5893026696223814,-1.974794543513868
79,24.22429561954877,0.0822311703281278,-2.976133397759829
81,13.600754411877572,-0.046907574968524,0.3260998070366463
82,56.88923213446456,-1.15591187138854,-0.973759348850194
83,11.984808472866904,-1.0977810484116244,2.349047565219289
84,11.203211316059395,-2.02509845383062,-0.3089182845976889
85,31.873923046811136,-0.1370355514139267,-1.8224922501791865
86,12.570050703932491,-2.17527618193815,2.465687634642373
87,9.388413613430291,-0.2391859909186289,-3.0184541836706176
88,9.923146992951285,-1.8703973415299733,-0.1000252371009956
89,137.16582178771185,0.0455443809237425,-2.719776023613649
90,10.69621733176885,0.5040194290318728,0.1963886938200316
91,26.360171235597427,-1.4257606078087743,-2.231297009063783
92,25.660563242102423,0.6427948959454327,-0.0849433232652783
93,8.663693070087058,-2.362844329870589,-3.108280409410174
94,19.475839143109628,0.2378969000360611,2.948711455433462
95,31.60519733041301,0.2516862465962579,1.1291440664978891
96,10.472915545345357,0.5562169935413641,-0.9657530493550488
97,24.283791690440424,0.809179817263504,1.1774315816539922
98,13.659717116962028,0.734802582099818,0.5524189823082943
99,23.45887001269771,-0.8416404745454878,-1.723805627589922
100,14.46618391419838,0.4904556509470369,-0.7726223106719216
101,27.27630945870615,-0.4688773254768023,-2.686655880024489
102,33.035112801062944,-2.282249085748163,1.216629510395418
103,11.273771569974752,-1.6083144998541303,-0.8661317773086845
104,17.348885494860127,2.2301345074184145,1.6777046192142089
105,69.59554009628177,-0.6631484135095356,-2.930670514605491
106,36.77141746746895,-2.42397009414461,0.7018816538835446
107,27.58513147016553,-1.9309406760103307,1.4331945793127814
108,8.194040091704718,-1.751471155302781,1.4487202197850222
109,59.32949296675228,1.7045963772803334,-1.2386867264257346
110,22.084947788998303,0.9826133540975076,1.4561815811917362
111,24.68332496047319,-1.5839234009525178,-0.4475459430943034
112,55.27510705304578,0.0689992291326483,-1.5656578395237946
113,35.42966275079432,1.906986327518505,0.5285210411427862
114,100.76955700103302,0.6296051584209585,-1.0206575723046531
115,46.70479595929276,1.4034406511009865,-0.0066454758042843
116,22.062469222880367,0.9414840861645696,-1.659975725594972
117,12.682051967217754,1.3842057011973328,-0.7014754193897736
118,8.897964040514681,0.2518062659211729,-0.8302276473673664
119,5.989654589405547,-1.6880445871645997,-2.2039525231393498
120,36.449903613231314,-1.686858448392096,0.7335694599715987
121,26.96651173942394,-1.2461794618261968,-2.5472393799198594
122,102.91747964663102,-2.0347284731074247,2.897754180153478
123,29.233350486802543,1.5753014582726603,2.4296078640788767
124,46.75463790856893,-2.202233938861443,0.7900736226011665
125,12.223985781690072,-0.9649966935568248,2.818161980276695
126,32.67301921211033,0.0741316246328025,1.822308004878892
127,23.374213903752928,-0.4603893250486968,-1.743924289687682
128,21.558627213209046,-1.2561916940824964,-0.441629277467669
129,15.5741603961581,-0.2072488675413862,0.7572553008046269
130,11.503839775822431,0.4566731211720224,0.3581066562393219
131,20.749893229069382,0.050909490844854,0.0498891251544301
132,50.66986100828035,1.2469975007655494,-1.6446153285660716
133,14.110365531382298,0.3563960898829085,-2.160932793359047
134,16.597431019371125,-2.4233350347430056,-3.015808959582067
135,61.76036339565649,1.196575328103059,1.0937939056895554
136,24.35404367595316,0.4760217474530978,-1.1306991201533751
137,34.44892825411985,2.1250428736533995,-0.0315859060743612
138,24.11625749434887,-0.1001725153478765,-0.7880550473655973
139,24.86695480959488,1.4238527714356952,-1.3515824688502516
141,17.232551611150974,-0.8309678227848355,1.5243550447880638
142,29.955366391039195,1.2247545552553545,-1.3258221967924395
143,12.812127305222525,-2.245398374103582,-0.6011611970244515
144,44.52918126933594,1.5653317925134822,0.0419252332408571
145,12.963233645429636,0.5582367759359145,1.154214180216401
146,26.23955883275768,1.2586387112122472,-2.7707149243961
147,25.24104109837477,-2.2596660831149453,1.2519282943159566
148,11.715450599876185,-1.7567945478818932,2.912077416221691
149,34.587464688460685,0.6689567323661669,2.587154274699801
151,34.721161337949816,0.972967444446696,-1.7519708860932786
152,11.747799047870844,-1.703656653171573,1.128590276222656
153,12.268578753219268,-1.154344953747797,-2.4731252245912865
154,20.684575067628284,1.554826063303748,1.546204815875743
155,84.49017941759182,1.6254928470010264,2.140800727411275
156,42.69064063377529,-1.3690656548934577,-0.2910833159230594
157,49.91316138499008,-0.8669824146550168,0.4898237312810784
159,13.669680267876076,1.425358899585908,-0.2955314830569565
160,36.37114239127449,-0.0973328291395076,-2.770385033909818
161,11.794480172423668,0.51344311368442,0.1773407603442521
162,10.97194952051422,1.9226930726244853,2.311788235963728
163,44.3538692836517,-0.9714729856596024,1.978096815785958
164,28.013335704304986,-0.1204833309597113,-0.7044184924026269
165,87.43432828111511,-1.6273529374889557,2.566089708900684
166,10.358672003108714,1.4604274333411442,-2.1212188268800225
167,25.59448139677482,-0.2436934270332252,-0.6834507560798957
168,35.21898551528016,2.227206055535784,1.4988295943595196
169,10.827763072541,0.1711255432302665,-3.1353039488922336
170,21.904786762932748,2.36309889448145,-1.6208035531282463
171,21.391216035262904,2.070513219930014,2.3452501702362785
172,25.25880158997148,-0.6120290257267134,1.3819167304956894
173,11.616671164526572,-0.1527515118191859,-1.7213193804299545
174,20.8872018600338,0.1792844113540281,-0.3695932457896535
175,65.75684727888414,2.391708707818222,1.5169260563005025
176,18.734906802218795,-2.422341559905006,2.895507739368561
177,11.48197602223872,0.8605044735338899,2.093519203947269
178,73.5381239325379,2.370090009568256,1.2943380463027965
179,58.89532496688017,-0.2590303847778957,2.561437137147946
180,17.992505093223777,1.600242141876809,2.766380100371232
181,18.933703437903954,-0.2889127859047534,1.2397617469360824
182,24.154334213390225,2.001675794511754,2.6413193646677304
183,34.80115333858375,1.6990019716723817,1.5924498237317557
184,33.05734583973264,2.2106101480946005,0.7614345720899801
185,17.98554504101128,0.3157241332606739,2.1287969819597805
186,29.488294276987567,2.361914275547575,-2.0991623673449915
187,44.40951630782219,2.2389485373380484,-2.5199004334820576
188,35.90411749804212,-1.114011314736002,2.736786345790989
189,21.8834253904651,1.5601745274624257,1.0870280594138373
190,33.39342057904048,-1.5687737895384164,1.009684346833889
191,10.16382669643914,-2.30655286754332,0.4739374435345502
192,12.05833973646802,0.1388605832188334,-0.6676800749067143
193,10.76545649362838,1.0326532348226434,-0.5895307207963059
194,20.070561811974763,0.2370570601588932,0.529891163745069
195,8.091633296036395,2.414769132361727,1.8758844078097303
197,29.2445668460513,-0.4830213800497714,-1.2599584279754452
198,13.534875764457055,1.5835293591494848,-0.6927189943509097
199,10.127249368043822,-1.2812528151334666,-0.1306949390604115
200,15.476649586158551,-1.7393710398835822,-0.6356832399627534
202,16.458468596974885,1.6671932392740956,-2.8498940377527653
203,27.791324362282708,-0.8018605665596887,2.813767032658279
204,123.16828297635624,-0.6706631004120815,-2.05989572792878
205,19.649992077619565,-2.088171739501768,-1.7156495401095508
206,8.653373419956498,1.8925099593883228,-1.3998969580880205
207,84.53824425845573,0.32322711114554,-1.5272596000875336
208,199.66700904138867,1.030175122863149,1.7576721950523964
209,11.863587677598812,-1.101686997406068,-0.7677020142163324
210,17.702318445743945,1.857340102410736,2.1780684049872026
211,11.548041181682429,-1.7897771678553218,0.5400987291508644
212,15.674982478859398,0.3746031340766331,1.098499961662543
213,38.35636621014468,-2.036598604583709,1.976750555662105
214,99.44902098279624,0.7280741627196576,-0.4225805707896057
215,16.23299331442152,-0.3608179293307253,-1.5358121594539065
216,30.42548106054947,0.4308122539453756,-0.7243099601849303
218,13.36657631238743,2.3552857000314265,-2.8080273123296204
219,10.00974312975063,-2.263686983464253,1.9066684655721264
221,10.01833422304286,0.1132134064552237,1.6129756429181723
222,13.650984120386322,1.0654253860227565,2.668713940061984
223,12.76009186856431,2.219939243861964,0.4077918023194516
224,138.6661327982324,-0.8292370978267618,0.0011476439120897
225,42.95063741591506,-1.0326352532864729,1.3254297547396212
226,14.72991022116169,-1.1164613523778646,-1.7301325863826762
227,14.38736866660626,1.3269422039681604,-2.716376992407714
228,79.35895726133229,-1.6890772272984855,-0.7846930977784451
229,22.693252530604084,0.6310197152961744,3.093692934729757
230,23.77080186109715,-0.6016597894726552,-0.6033334139811986
231,19.117723953228825,0.2506134165480596,0.816467380673302
233,12.89244380841112,1.099996679158018,2.2322892687075173
234,14.39539823472987,-1.105011213472331,2.623179137896193
235,20.17154283473768,1.8521970312204967,1.482033392003174
236,13.834530794756672,2.116652208935611,0.6671883297769164
237,16.99837750757192,1.1864229432046904,-0.5481620969065502
238,28.851418054007027,-0.6039869114437597,-0.0552905577899833
239,29.699315772560567,-1.6619476643637026,-1.3271838689688933
240,9.678244749947291,0.4939227856436474,-1.993460991647668
241,19.038413518830573,-0.5637289189785183,1.4088567710541045
242,73.76689047941471,0.3055538200839555,1.5531184537659954
243,13.200087679541758,-1.8750366756800647,-2.819664239485652
244,12.680100363573906,-1.63870924880606,3.0682773386335254
245,37.169650207745256,-1.450264553922163,-2.6246793418942644
246,12.554651634609764,1.8895109771703915,-1.8924518270006137
247,45.90560244251361,1.1673306856473389,0.950111013638967
249,72.12045768655848,-0.8586482161786445,-0.420033830249492
250,10.81544002640562,-2.1997062307344017,-0.8710576394690219
251,17.92911605450711,0.0603243704645784,-0.1153608089031536
252,10.156728941206342,0.2935769536850782,3.114941991316315
253,33.18263278163075,-1.0821547253970845,2.3380409939365148
254,10.72265226595853,0.6561549267894321,-1.4193849839906156
255,18.64245202780985,-0.5967306349710081,-2.8130811313302235
256,44.50233350603345,0.8765431837293691,-0.4043194351315113
257,17.378398193168746,0.0762903392031642,-1.268209379562366
258,54.5470786309076,0.6113866304934465,-0.3364589017657345
259,23.405467373805617,-1.978441377879542,3.141308904967763
260,27.37634212947189,0.8573101464085516,-1.2166288179735552
261,27.25134720629399,-1.3047644208843032,-2.392609481941217
262,15.245369072462662,2.087885103174764,-2.887317910409581
264,34.30157220215143,0.4097884613097959,0.2274789823459614
265,15.442667526469116,0.0088705024511514,-2.637175886478362
266,23.994820670839,1.1675645584729817,-1.3031616002861863
267,12.309669827752984,-1.841953018459335,1.3274665085653017
268,70.79133671239538,1.8073007330930035,-2.0334461678283247
269,28.55620760504208,-2.2089981792101505,0.3346058977301919
272,25.085451268739664,-1.8305601044451767,-1.2037682461091896
273,24.798386177733185,2.363642931564707,-1.0672333738775523
274,55.08367831311664,0.83214592923559,-2.246822225669639
275,55.67894729918893,-1.2366873357167678,1.208467383283052
276,60.5194992963204,2.403839506458603,-1.7127247608677647
277,45.72424869680213,1.4658887025247345,0.1504338647421731
278,10.934457483543788,-0.760966348970113,-0.908471246770612
279,9.64728832827296,-1.2449762268086688,2.925471993544256
280,63.787434376586766,2.21904853738154,-1.5771665296576929
281,6.558276641991742,1.93773868600941,0.2949718286300719
282,7.404590122614436,2.435986566946927,-0.9798622680178656
283,79.96285286281368,2.265469152425477,0.8012688729129911
284,15.560126406413929,0.5219089554640816,-2.963707091680197
285,12.840841358346164,2.08898809652436,0.4792615134456067
286,38.097109898924245,-1.9502683587318133,1.8491601318626127
287,18.99446044158429,-1.104625876975982,-0.5098231300536049
288,11.763534313443248,-1.7579481274374176,2.095977556243101
289,19.84509196399688,2.3480070729639144,0.2221970716836444
290,16.048435769669588,-0.2371939552792147,-0.4320866009026935
291,9.748492528502217,-1.984335102721657,2.4169358593154127
292,44.96189042911958,1.764271875500062,-0.0661256694133553
293,38.585302051298754,0.0571287091724171,2.0953146058125167
294,31.572991680455416,0.249802994606001,-0.9141851889638264
295,19.895414383329285,1.9858315911468047,-0.7223949042557458
296,12.385575350547487,-2.064158439571869,-0.8471618387272538
297,19.73677289087757,1.157978693361576,-2.075105331896579
298,57.21171856402124,1.8280443775145545,-1.9944760298414952
299,10.491590182341133,0.1936981039204477,-0.2232594573989385
301,12.160913464400288,0.0165267319507729,-0.8984046309194811
302,23.2606215213988,-0.510859394244551,-1.721519013923418
303,42.62988057700572,-1.503198570859768,1.3547600619095723
304,10.128545861079452,1.1647080847649556,2.16368977795668
305,31.86141409116461,-0.0336866715558109,-2.9489241338819823
306,28.81401932923569,-1.2174302075050578,0.4660435905948205
307,10.788692926672455,1.7357780765720308,-2.191020469781918
308,11.188286159296371,1.1408155751152849,-0.8709896396683418
310,14.795130041959847,1.7758689221684585,0.5864919713142008
311,46.78990574972693,0.2565389252933644,-1.13481725294209
312,12.096759586080962,0.4781454690473818,1.6623651775338868
313,30.904812902889464,0.7047100692191326,0.1374039855597015
314,47.914800598460914,-0.2936063506467317,2.3936840788566216
315,33.41941437599179,1.37682839159812,2.437608321350846
316,16.55247446216153,-1.9297838342868625,1.0983149493436044
318,11.599782517073209,-1.949033388875853,2.1130341949571902
319,41.957885286743405,-0.1090492568378405,1.5457589567705732
320,17.938641176261424,-1.6361336188870357,-1.9136377192036809
321,29.51812435976209,0.5199482060432846,-1.2067718223924224
322,23.72450357123342,-0.4821344636978165,0.1496971467097715
323,21.24799321322803,1.1171945586687966,-1.0888548126095527
324,10.933121249765186,-1.383577158322465,-1.8557059849547195
325,20.662558582635366,-1.3549347501918412,-0.1782827129875714
326,40.0525713262248,-1.868587541872732,0.4157119227963835
327,9.799152054000038,0.7236095058205336,0.0773627368523601
328,14.97876070570786,-1.0860431321741029,1.040472673131499
329,14.636256171178042,-0.9342303919652528,1.7963520001155464
330,12.624659414790775,-0.0787823826186429,0.6479127830748977
331,9.994025597371015,1.2575382518117069,0.5307483737517107
332,19.121474261558102,-1.4160199888787073,-0.4515584532444807
333,43.38458168069983,-0.7244775627411875,-0.9935994809575724
334,34.10470437631768,0.627659027725838,-1.485216301921728
335,12.754095538622687,0.7956487049720411,0.1016635372220602
336,85.42417922803413,-1.971283362746442,-0.414211859412098
337,22.507520891758748,0.3509241259635808,2.5047355782555307
338,13.012744411092232,-1.5473170230759798,2.3218623013186552
339,14.041010771156618,0.6485104741969401,2.992466913892556
340,15.387095450689404,0.344006414373413,-1.731895395982167
341,41.77895495878692,-1.2824803399297875,-0.8463975598064741
342,29.75648082706862,1.960329641489583,-0.855090447009064
343,35.043058917829875,-1.927159145997679,-2.035914114507094
344,14.581819739181537,1.3990473374097527,-1.0563869687109984
345,16.48762564516387,1.5845370290679497,-2.2497089207789003
346,22.336596298473264,-1.2182881243407324,0.3056236241781562
347,15.664315910332949,1.3289828229800968,2.9533197860780125
348,23.190049187140087,-0.4030707237287532,-1.851762093932731
349,37.05694136250951,-0.0687758564956562,2.465911846823716
350,22.273492874129737,1.5243536580784982,-2.2001371804174523
351,11.579143230046036,-1.1799591376435732,-1.6671960273404696
352,14.538325575249106,-1.2271413474039472,-0.1322844832972622
353,14.755762995122856,0.1641022999016424,0.766754965423706
354,18.28511896806563,1.6715904770776804,-1.0159704598273431
355,11.000944497158155,-1.017912459400191,1.280750659081599
356,50.38855409234995,-0.8289418192978035,-1.9235617969169303
357,28.11493558267886,-1.0935512874547546,-0.0214379487855113
358,22.55509613073708,-1.9240944130623323,0.4915113413908356
359,11.96331939362883,-1.8570968535017047,0.4039109762804241
360,20.67425482018992,-0.0682371990073162,2.660013442588421
361,16.84008888975406,-2.379421081433237,1.091759041639229
362,20.265893269021703,1.3162336762791085,-0.9974386553396002
363,20.413388071228603,0.4165389984032184,-2.8537282800788324
364,12.753751049901052,0.2228001114828615,-2.169820612264175
365,11.955673564311946,-2.0353915242465708,-1.5250596985548646
366,77.04372600907672,1.852251000165172,-0.7249729939798096
367,38.682061692433074,0.900610536857145,-2.07243606617536
368,17.863225829162356,-0.7612927096746942,-1.901569531599473
369,9.192003279724991,2.229148110098698,-2.112799980791662
370,46.4628947557263,-0.1831662053559186,-1.3748962541524752
371,24.36927175638192,-0.9845197996381828,0.2753383780693096
372,18.323381839853408,0.7587122471457438,-0.0903520000688664
373,29.612329368548647,2.391801813038317,1.5952952552107935
374,10.909024655331963,-0.2829125121479993,-0.5966064427887261
375,14.991712727040216,1.46463843466554,-1.7186030463562176
376,93.02206447036062,1.054733854315668,0.5132949695703833
377,10.496853933195723,0.3071141129889507,2.807929162447124
378,102.22759867366987,0.5699099781945212,2.136401703060861
379,11.47643412792188,-0.5385571833030206,-1.728383552796852
380,11.186129655617078,0.5733204954144362,0.5686190550641074
381,12.107754108599227,-1.299493336006034,1.315275743936632
382,22.574052217155163,1.3567845936036471,-1.4646716684797416
383,13.598142965053627,1.3796925507814213,0.8439593403058819
384,21.26757776618549,-1.2327882190546864,0.513979307213517
385,14.191971933695257,-0.495537994497959,0.8399272044493518
386,17.15058060945368,1.9621420103708755,-0.4183821134752734
387,17.54823918731004,0.4211723892754851,1.044271765673331
388,19.185706181562992,2.198199707899516,-0.7495422352371568
389,26.659872430739885,-1.7088028213880777,0.1318626265417396
390,17.741404450351066,-0.656647982044485,-0.2422809164345102
391,27.45232174178714,0.0100245631362943,-2.692593047778445
393,14.262145385663644,-1.7532701580259424,1.0128009659550128
394,51.70329916442612,1.1460371671517693,0.8390627754776164
395,10.2036200050353,2.362727952662293,-0.4474024165785776
396,16.26036538613259,2.4794570533378497,-1.0540945240140216
397,12.04151255092011,1.029034419742629,-2.567243737118525
398,13.285200819606615,0.7453585186001028,-2.7540710487489526
399,20.232485083023228,0.1903501447626242,3.035071497945232
400,13.405638550337994,-0.3404293876953976,-0.6330005052012305
401,59.76665606069919,-0.3371480116855434,-2.1807483653965654
402,14.998532565544668,-0.1176605144691701,-0.5854248822991134
403,12.031117923572715,0.3692960787990237,3.1283274188781456
404,31.62286838762609,1.493194491682824,-2.450032756573487
405,91.29749015898676,1.5749798246834432,-0.9380536866767754
406,26.51395963836516,-1.7117510307533277,-2.2948871910762008
407,16.62801034806289,-1.1040364829395193,-2.604777171025715
408,113.52775948817624,-2.405796249934624,2.154930788369464
409,31.769579609256606,2.14177784801114,-1.7729085279369174
410,12.491087007247677,0.7507938920923284,1.5262511905342449
411,20.4928729164716,-1.010395168777323,-2.4734389800179217
412,12.747834333016106,0.0795566401801936,-1.1089745852924795
413,157.24597953085572,-1.8291982676355496,-2.1462567315973744
414,0.9685678662308072,-2.06380650533872,1.8910824947668343
416,8.763391994040346,2.003390756344387,0.0337921743620054
417,24.56321584307364,-0.0287490202023319,2.5280771301777687
418,13.394463530004916,-1.222043676026365,2.921346414114764
419,18.13248891135143,-1.2922341706899367,2.577428604231542
420,19.877190312264247,0.1628140824062442,-2.6449100846400366
421,13.66067598310027,0.3501695034659683,2.443953262244366
422,28.71950911847805,1.2679233117962303,1.2830406046135712
423,46.13463558860827,0.2539668343826036,-3.052159858554235
424,5.988243900607253,1.241813497154474,0.9560574230292972
425,61.98111736254656,-1.5683500338529028,-2.311428370139701
426,16.36860870404365,-1.5790493541212107,2.5275905437639783
427,26.163861160221707,0.6933375435575134,-0.548203944070027
428,17.661308009374537,1.3755863204731134,-0.558543833779239
429,28.39142513357213,-1.2893713942787657,-1.1793381534761649
430,80.86877360001648,-0.7877995336026995,2.8167121901968546
431,55.63810254250141,-2.2576096998335142,-2.22212670357798
432,15.908926190651025,-1.1916277468182537,-0.9110997296195168
433,48.060276547060255,0.7753237084285305,2.3919066115178724
434,78.62370549005507,0.0368816998085465,0.4942407091655972
435,12.374234966627233,-1.380758828982355,-0.6752219402057152
436,15.30507519652442,-1.946647442711772,1.1765262701621069
437,34.84034170328614,-1.4048550540209217,-0.484490186054982
438,19.9752097829634,-1.9560316561292768,-2.759066382639917
439,32.69415621132011,1.3578634735784136,-0.3254766410523597
440,12.904487769537786,1.5994380102980803,1.2598325007697084
441,11.479850080806948,0.6135557403013825,-1.7035120111324953
442,99.5314765029243,-2.234183220996757,2.7477933873613645
443,11.055570442715853,-0.9689921959036616,0.1939779424119491
444,9.698259987008244,-1.6111312818238317,1.6779811056103533
445,11.181818770320362,-0.6138585396892332,2.6775691033301694
446,383.4556342518929,0.9747509761277862,1.0225624808610163
447,37.79663194405919,-0.0149534246537353,2.8243617772812226
448,52.160423971887816,2.1932783653873025,-1.502615465135077
449,17.763499400542557,-1.8426984458306024,0.8446037592370979
450,41.1645545279673,1.0223469800042917,-2.5989462633186924
451,26.68638924589129,-2.1538686275202665,2.01628867013199
452,12.0570732192711,-1.415774974122243,1.8994812119266136
453,22.09149070149037,-0.2938497970918539,-2.1786104180788954
454,26.273630152405683,0.9800930209796288,1.6396098102406809
455,22.76774603198647,1.3340249481534148,0.2370026917507289
456,31.073065662335967,1.986419924917484,-3.0659968580959704
457,19.763748586256177,0.7184310416459199,1.5072705701998348
458,55.72404713624773,-1.5338773509886332,1.9793947180672256
459,28.97051261555866,2.1471282548682225,0.3781578588472813
460,9.227501968935986,1.027268602052959,0.1385723304423154
461,61.67371866023308,0.8087555612369733,0.8886784579172721
462,16.275630497222632,-0.4835036484343032,-0.5263530778284831
463,154.60096570634525,2.149247906965821,-1.8498755030492309
464,73.36815277599996,1.571289502400408,0.6396942883922897
465,89.56317689304511,-2.190931695516555,0.360260279788567
466,28.808411075716784,1.686490541381961,-2.4198482765464795
467,9.79984023959998,-1.0215473668344188,2.845522095722689
468,105.46323394242384,-0.4443247388439489,2.177084151619842
469,15.221749209871188,-0.8412434462949208,-1.3210666536079223
470,48.490890487869805,-1.7354815123520204,-2.489661300773277
471,21.11473906453496,1.990366985858731,-0.827650893078982
472,23.19522689315088,0.7010646485224831,-2.344796783475202
473,12.886850257428218,-0.4102399060068503,-1.1661250852020983
474,13.40907292400575,0.5810931211224881,1.198003565024138
475,46.72817361092464,0.5512439175362109,2.0113732735706025
476,80.72053581150413,-1.083382251782125,-2.995349270022782
477,21.73721454364653,-0.4535163478511202,2.807067120073779
478,24.206952360230083,-1.4640711064215843,-2.747317290215828
479,20.27497020165615,-1.2176746954533888,-2.267026769571557
480,17.403460175500953,0.4038768983532108,1.527207174290855
481,9.757182244243184,1.7090098889670566,-1.3733535911293642
482,35.914757343276484,-2.183282065516796,-1.7059754094888837
483,67.62083536587643,0.3670403624366304,-2.331362598004584
484,8.896594784009817,-0.7612323382651734,2.071345895207248
485,154.06928496195974,0.8387251225144432,0.3095766700714384
486,13.563695940649191,-0.4629517298145926,-2.9774163056680445
487,14.36255398134596,-2.4568781791048915,1.4400983874511026
488,15.729144436052104,-1.7064847533150926,-1.0704962171658974
489,12.491844034396053,0.6628507751104974,-2.339583675591826
492,97.1365720831407,-1.361530574008324,-0.9826789473707412
493,59.87155042546015,0.0189423022488791,-0.0314684363572517
494,30.358915646703128,1.0764370410622317,-2.14056851156336
495,23.850419537119013,-0.3920540418954538,-0.2217327441376423
496,45.65362715879396,-0.9197192964763418,1.8673123516575665
497,42.00637898940883,-1.8850349406866016,-0.9803834036037004
498,16.141595239855707,-2.15947013950048,0.5441617831257549
499,53.445983995849375,0.9353488268085284,0.5228940142946608
500,9.079776477290077,-0.0371768088131685,-0.1456383208596913
501,11.709594862594416,-1.035146113306811,-2.6257952566160765
502,58.99622031049168,-0.858394673075435,-1.865031393061732
503,11.473937641870444,-2.006330802486291,0.4884386152295465
504,17.310836711369976,1.9034424666011147,-2.2375470098436305
505,16.050880293763313,-1.2987055102374487,-0.5979985586993072
506,28.38616226389941,0.864582150117124,-1.0713619324321526
507,14.356221294036034,0.4242041040939997,0.1557101188220363
508,10.001745451153289,2.3280682359079994,-1.5750589628866167
509,15.029118704730564,-2.1269166995579187,1.6289315348606552
510,31.67616652882948,-1.6308220709163872,-2.4546494723749186
511,47.116443180292656,0.4944229673896427,-0.5542933194754193
512,11.560243115255693,-1.679637489443649,2.782046161955048
513,15.979089150456586,0.6091627155633442,-0.1766417991849334
514,38.82332600362286,-0.0510794625587332,0.9000802312809632
515,34.60857069389381,2.211720777422927,1.271606500562561
516,32.056908147692305,-2.1887260767164687,2.994519478024852
517,16.298028228093568,-2.1464405158446622,0.9589245881882696
518,7.656171745104503,-0.6606321978730075,1.050170417004555
519,30.575359077992857,-1.5595977771461162,1.732808162780837
520,14.807337086073538,-0.3615640796645629,2.252436607752192
521,36.0399280588608,-0.8338138371925748,2.00883750812254
522,24.854652960206863,2.495726084121619,0.0742733405887299
523,7.009935270065913,1.7129808884305682,-2.387835299437389
524,67.12189044755894,0.5172443394472678,1.968599461810044
526,16.106565183463754,-0.6752025972549135,2.5211432514481174
527,10.527399406515356,-0.4255116547240482,2.890545188427555
528,32.01337710349973,-1.0603127653982312,-1.8875703529988128
529,10.937417889500116,2.389658470613703,-0.2295244618844273
530,108.90534577256412,0.7823915826710928,0.6747604011518399
531,114.52629672918688,1.07360180236143,-1.693057766262024
532,11.85034353178316,2.4116033882985626,3.094276320797139
533,4.925513950533856,-0.1078247673669481,1.73592881482668
534,60.413274850286825,-2.368246222973629,-1.192218628666007
535,12.36242759692546,1.7858073594228951,-0.006796250141098
536,5.2051496852342565,-0.5565043542301618,-2.8513338770243903
537,10.547911545468551,-1.0616865848171075,-1.3349137398007376
538,13.129119071006931,-2.18955131952864,-0.5307617212120199
539,52.41659144759369,2.2252188162275592,-0.1788538506263774
540,45.00186519550657,2.1945428869788346,-2.17586803198419
541,26.95284490980812,-2.290167727686484,-3.0257072494250083
542,36.53799292635044,-2.4946451144148343,1.4671173235238089
543,14.153109671579376,-1.1919338221978013,-1.3314594735067409
544,37.67875882709109,-1.0917203236556323,-1.1099051191366591
545,20.631085211851843,0.4926110880407161,-0.2629761350978152
546,15.734992547862635,1.4239484815399936,1.1809531299672005
547,28.28422980769415,-0.5071139896822001,-1.0241892575392364
548,20.007653706443524,-0.4556725028593992,-1.4841332550212014
549,15.189352208860068,-0.1603338435482537,-3.077838706934759
550,14.394337891557385,-0.9690028549681988,0.390432473951654
551,0.8768428132540715,-2.215368599109331,-2.5509513914160054
552,10.366161022338469,-1.1073111863014231,-2.4852582650860007
554,40.60350401021599,-0.882874331027342,0.6867273247092572
555,12.770935433313234,0.774127111311596,-2.04471606822455
556,58.50723571205487,2.189586356174427,-0.6177568384518859
557,23.17703030260249,1.6826959702943254,2.785790715977501
558,21.890481834859152,-1.0163390636117364,0.6170557821156428
559,17.77651989506322,1.316860051409932,2.1733441857801767
560,9.263887552714486,0.8069386615422216,1.32343162720087
561,15.28482248525768,-0.2425384024032522,1.6320087588975225
562,12.168295218139056,0.8177819222262046,-2.190054391499628
563,10.470173531157297,-0.9176437439189778,-0.7707552730679311
565,13.801934658132394,-1.5185072067672518,-1.2376517370025055
566,23.57749911781517,0.4633134199470061,-1.1670198297832344
567,62.91856629124857,-1.8529482479603323,-1.6270655982609086
568,39.34083952977318,2.1618780445994483,2.029366180463738
569,19.58336536759446,-1.729207003679876,-3.1221995586482207
570,24.150527689145783,0.0088155621332193,-2.01724110665185
571,38.86588509173551,-0.073804678317175,-0.9784633282522014
572,22.734027384326392,1.685582698211484,1.3552724733522172
573,37.90483984858852,-2.080899201007984,1.2054047138785355
574,15.684207644765587,1.8068127567358336,-1.0519585910962628
575,16.598907747087512,-0.0782543148962003,-0.052818000664813
576,38.66223647108468,-1.2273707231352382,-2.248375883127412
577,19.537387291586608,1.565112555969025,-3.1146033552622523
578,20.12372129948709,1.183647332939395,-1.037454175974065
579,69.25676681319969,-0.3681890188492656,2.222027289889372
580,12.376469155861264,0.1141565693545556,2.4447330724863314
581,81.50947956938452,2.189353829569165,2.9482071182424643
582,20.64892719058737,-0.0499952220921328,1.6783773079623168
583,34.80839497313172,1.506602791815163,3.0537220758046124
584,13.118662777749307,0.7127843162912674,0.5660869018067988
585,69.48490776205387,-2.281922993878153,0.7837161867278267
586,47.56592119862607,-2.107828772157342,0.47562932964458
587,22.45641023619113,-0.880438805591182,-2.6634252067254205
588,44.75943486990177,2.09238704350432,-0.3398837557503262
589,9.970805590091354,-0.8754507832057201,0.3758016417613936
590,46.56656786040529,0.2606716440502977,-1.629978845540847
591,13.11645196803735,0.6975748760607116,2.174154728157664
592,12.744498154029086,-0.1870602615499061,-2.347732293702507
593,9.839277382931275,0.5628673264273792,0.1952063637509644
594,10.327746176874973,-2.092962943416392,-0.991497874673102
595,16.834140122504365,2.069116871589664,-2.5903057123541844
596,33.698360678594945,-0.5654720389783766,0.9601349122590028
597,16.360722449988188,-0.9945145954961132,-1.4825812454684453
598,21.68463061512137,1.6158322986788596,1.4993233067651726
599,108.25637288950128,0.5289840704226596,-1.7020049676605102
600,10.209823202622765,0.7556758387889658,-1.1777599657846638
601,59.91655165749072,-0.8069470511824902,-2.4784899410264227
602,47.35139895421765,-0.6533965607334368,-1.5804533924627415
603,37.274789708984414,1.9602432258721008,1.925843779851196
604,60.51835371750272,-0.9758999117977628,1.864967995715869
605,73.97512022680885,-0.5472244437218647,1.3005112611875178
606,122.43382396954436,-0.6439282905560837,-0.7682198043312907
608,14.964187207187532,-1.6027165410404844,0.0761245362618852
609,16.817601538092944,0.146433040252698,-2.844741944684819
610,15.50640203571128,-0.3006355396908148,0.8280427027777991
612,16.88452641766633,0.9477324744052252,-1.092781735330817
613,30.469697988777824,-0.2975833000207309,2.06308018221957
614,21.650629996818303,0.3340565120674572,0.7188733479366372
615,17.784711082841838,0.0381573738824903,-2.9726668724560565
616,11.629310953293476,-1.8109962250567069,1.3550062657207975
617,16.967902540465694,-1.845607254176168,-1.0996735853584916
618,58.37183467471842,-0.8595766109866168,1.5902692873908344
619,19.931865721701097,1.0482443678128566,2.002181344395146
620,15.683406500967552,-1.2781495580463351,-1.8566125220250635
622,75.45083149442897,-2.1590292632368904,-1.7167533169417883
623,25.199242696904395,-0.1334329908965326,2.975254296068238
624,59.41871797813651,-2.0510522937407285,-0.9104983675264622
625,20.11567142732595,0.6098841770826886,0.2471235456199488
626,10.990250102777992,-1.7216603685845302,2.4097280721985443
627,64.06786731786849,2.1048075250724128,-0.8069751733988809
628,22.832373583215222,-1.933929582273317,2.745622134421993
629,39.97962437698354,-1.2514527359884418,0.1638451850305652
630,11.438456630745996,1.424739456508851,1.4696540729703167
631,49.53447808012445,0.9499958220008692,1.6501420601782295
632,30.578118277506046,0.5396731215178671,2.9239857678249086
633,15.048675984660129,-0.4802746509201209,-2.226985187946987
634,18.47189835620664,-0.9692659500460662,-0.6477766879356611
635,16.75478016313278,0.7201211913297899,-1.428303042986832
636,18.0557236179658,1.8666655268221013,-0.8269049086043446
637,8.560338459756352,-0.1047180588644177,-0.8874625429884084
638,15.862460640468166,1.8260214483509685,2.6178606737987127
639,14.355389269497538,-1.3738384310161196,2.374087518342164
640,20.20759490144882,-0.1745006521834666,2.492241506930016
641,29.68764453497933,-2.122415176240107,1.92026735655742
643,12.907881902584156,-2.306862619234404,-2.5578273154973115
644,14.638793854186982,1.3253161714224782,2.363142456884749
645,23.661785170566432,0.5566659177001196,-1.817875307697126
646,35.70241842354741,-1.7046766292900704,-1.7732742801759072
647,36.00200609344791,1.5147219361439512,2.2280394728177444
648,18.816812534195243,1.0277383157924609,1.169285268615496
649,14.96617970272241,-2.136901842822102,-0.0318046895933028
650,12.505493863663284,-2.015518138994006,2.4271182479760247
651,16.106924832995155,-0.2709727460811966,2.9214853878534
652,21.596418618399017,1.3728007948727812,-2.1577538042975704
653,18.697517234081698,0.2754108474031959,-2.4790504359294805
654,27.666920760383245,0.9585169240587428,0.2395690200032404
655,29.094993880383218,-0.249020833168669,2.375503527536988
656,10.60133325182824,-0.492849929475758,-0.9338454743160516
657,133.44393957783592,-1.5646214422304998,-0.5056543275707353
658,91.83304154253162,-0.6025121187398019,2.664133158365372
659,23.91138306098255,1.0454010948214052,0.0361001188750449
660,21.467177336748108,-1.5863076313146292,-1.0687237486816816
661,37.50594869276483,0.3034973405985461,0.70533313648314
662,20.734143107670768,1.9646947029257409,2.0914509999580027
663,29.527437229643507,-1.2782909030567948,1.6836154908239245
664,17.11251268557952,0.5711900874098381,0.3354179626900261
665,73.586012918993,0.8654787214555615,1.6121807472573817
666,16.30859989698779,0.8794446884507986,-0.193360699526511
667,26.98263847880288,-0.9961588458568764,2.617590306270064
668,14.177889072690474,2.238230720372776,-2.910272693270211
669,29.846958535624783,1.914479152874409,1.7311127835486273
670,17.50021544086799,1.7772979084951457,2.0155411794373523
671,16.69749538875134,2.2501501427206345,1.0261796877718627
672,35.23094177077027,-2.4160770190441725,-1.4948225350569582
673,18.166041865801112,0.2685853630073891,-1.683527481492989
674,29.63808784546956,0.6596310156415734,0.9154719115077092
675,18.95163177142593,0.1774229887082079,-2.9940399204036923
676,22.384504132241485,1.108403718382517,-3.0009981266857406
678,59.00079198849592,-0.7447755539152126,-2.454950845556817
679,86.42366761158476,0.3612528003406674,-1.4562092617521256
680,11.722616039437142,0.7707485399825769,-0.5873038281011043
681,12.773632975252728,0.5091623201938903,1.6366258047541502
682,24.499046777502297,-0.874258574629289,0.3463851497372582
683,27.02165786852261,1.928426342969252,-0.8693431125082537
684,173.18760858129156,-2.387617915214792,-2.075829172603006
685,20.72795633547813,-0.282882139902058,0.53259149388716
686,35.291496976047846,-2.12265708936971,2.683227305188084
687,35.1867101801532,0.3041781802921002,-2.736876783570096
688,23.10992142966577,1.5005918962889806,1.785672132473943
689,45.77999729285815,1.2342901315846688,1.4163608306814617
690,40.79006633018447,0.5967495014887707,-1.5110088260007148
691,13.326155155164477,1.894141247520592,-1.0858101478193334
692,29.680896318700945,1.133876851787199,3.007507968470005
693,35.63788769238803,-1.150750129468724,2.8474873671513623
694,83.20796294957707,-0.6626708635668022,-2.852586849368304
695,14.387330240193288,2.322494730842253,1.0675213183073828
696,12.034919024160176,1.3472854075180716,-0.4855901588221483
698,9.709594235016176,2.0113821887612024,-2.1168925373241514
699,25.732912413533345,-0.4850951502305977,2.480362826502037
700,10.331178251813313,0.1677159278337739,-0.4937973716561704
701,18.577181686162746,0.6414804388300495,-3.0666148143407463
703,34.60258208079256,1.090140500938925,2.952492602723388
704,19.53941994272845,-0.7147481913402699,0.7218472154044758
705,29.19881689185932,-0.2179348083128295,1.8446583715747524
706,10.702254601896266,-1.4772979877659806,-1.932126759554641
707,84.27544168014074,-2.210235726082201,0.2265877547480112
708,24.90225478364864,0.560311300415515,0.1201737729882572
709,12.775339562935232,-1.6279276989238969,1.931250623701223
710,12.653553114752238,-1.6744511837718516,1.824747891011092
711,10.905753611566308,-0.3017794179908396,-3.003566869860421
712,18.75952744743466,-2.1581745020597247,1.2885187349758809
713,31.80425078730776,0.2780645191731298,-1.9261856358871507
714,73.85065716445085,-1.1314490635320789,-1.112294325700003
715,32.68241628483617,1.1033965646286974,-1.5372277413266902
716,24.722814985966508,1.467515089191125,-0.8064905695008591
717,12.50901164207942,1.7456226839672369,-2.5195521827682583
718,11.283951078550649,-0.4576544858255379,-2.539160757956868
719,18.293089268992567,-2.243913872764644,1.8752173008033053
721,11.741604732611718,-0.7029757902929987,1.349343234093137
722,34.28927281188043,-1.6048449232890891,-1.8870567521703967
723,10.922556845906588,-0.2743195172777085,2.443165907985605
724,21.7529659711212,-0.5008879593660953,-3.036309548387978
725,27.682384642564365,-0.6921167950837133,1.407132096058109
726,67.1886966497419,-1.5672686157073026,-2.6497417960159075
727,13.723376349901976,1.2155337134305535,0.3017561372522716
728,10.654292390027132,-1.9369173893177336,2.3359628818540554
729,9.95052929482558,0.8218012645076168,2.480136942680942
730,29.690828308449024,-0.2362518979132171,-1.5574699280042572
731,18.514502811916827,-0.7637259294130915,-0.4103571140195785
732,8.700225575095796,0.6567466266720664,-1.418701436856777
733,82.16076028064252,-1.5064657756084117,-2.5479940028911483
734,28.909678115492788,-0.4528421077346997,2.4653396286709115
735,27.9253815547119,-0.8721327760834215,2.408949146124741
736,11.952842056935616,-2.2904212786210727,1.2064138707378484
737,7.51245694302001,1.0895373032767188,-2.0967913549669754
738,18.37377860655616,-1.5486546276197892,0.6961989133516303
739,46.544667723752816,1.844948063669328,-1.8095601707154216
740,51.75256775612007,-0.8120588531577542,-0.443698065140434
741,18.302438622684885,0.0619379722185941,-0.368682471681089
742,19.25409171797747,2.167611498775696,-1.96620928691409
743,21.834273827293323,-1.306354131509967,2.4996174379736043
744,9.460679062744855,0.5422013671914488,-2.956046252833927
745,22.094536181524354,-1.9089420937220785,2.1193016514043443
746,17.59435273786889,-1.2536375368329185,-2.16606914582538
747,66.59188896038899,-0.1364903257936609,1.975787064164377
748,10.91999567706259,-1.4232327912461995,-1.418050343906328
749,13.59755938413614,0.7269942573752397,-0.0330125951698515
750,72.011164846502,-0.5525255067269627,1.9814680409162344
751,13.770557666604578,1.7624298316400546,0.2596837100800352
752,68.8988736066141,-2.0551310848068605,-2.867962409249908
753,15.939866063532364,-2.0218462412482445,-0.5494623250192694
754,10.014307332957046,-0.5125103862245366,-3.071963926097689
755,18.749399214399403,0.89262584278811,2.704222260195276
756,41.977504914230735,0.6277218526197746,-2.525263713443949
757,22.067793122836424,1.321991601172706,-1.6923693232757768
758,17.231929559011615,1.9027961697911675,1.0484937073477218
759,15.131618434342046,-1.675319031228243,-0.98639829080559
760,9.356499989296603,-1.2466042028076634,-2.2699290478066976
761,14.868056974772784,1.9203279742765136,-0.8179531213304594
762,12.43702689932958,0.2030640792637175,2.035439638829043
763,20.739746282088404,-2.304504610623954,-0.6236109016222046
764,28.06598590902669,-1.9653231789690857,2.147731181224976
765,16.526011777076516,-0.9652199026109975,1.3622773829358823
766,39.12787185273164,1.9137667213960616,0.6772951653734659
767,9.39404526136945,0.7895742443206069,1.970425301864445
768,81.43016902350746,-1.970160077475356,-2.297990966118535
769,11.725743896394745,-1.618439528192363,-0.995930970567951
771,13.275757065488948,-0.9059879793594754,-2.7464418881530364
772,36.11552925429794,-2.4079087991682084,-1.94969129988594
773,16.547936331989604,1.1967253153857045,-1.2429190650030189
774,128.3109989716318,-1.2641924336830144,-1.7258779496769066
775,12.09501172618759,-1.0079315362296537,-2.3304449314042524
776,13.199054468899265,1.9044493535271148,-1.1453794852288326
777,63.509030500475056,0.4069605532740882,0.5515841063273664
778,22.33439770836272,1.1436941570977672,0.0632777722809132
779,10.377239070597431,0.7885674929934177,0.414453555711965
780,86.33921209249452,0.9229461609564438,0.3269139580951731
781,81.80625869803555,0.0571340411699792,2.271564670564981
782,22.988893712575933,-1.1264107377409551,3.091370397472524
783,32.38775586304841,-0.3677053040803851,-2.63436466802139
785,22.88422503536101,-1.491868400272679,0.9649731424934144
786,27.496266312366885,-1.61951083210419,0.1117522936391292
787,19.689393165808085,-1.5339905219843677,1.5426107928634585
788,11.228302401953371,1.5868511354755852,2.2726517778500708
789,16.495404042347797,1.8242544336146964,3.111934847768162
790,6.440225859312758,-2.475345842295923,2.1796809818194247
791,21.625888391146603,-0.454392048044825,-1.4242027344035688
792,24.61766779195059,0.8752545672626295,2.4966070452774125
793,35.53694151567535,1.98442751193928,2.439489683970016
794,22.865818958339283,-0.2802664690935588,0.7290678582651142
795,203.4384102515145,-2.0090762666018964,0.4218630859999389
796,15.936769251187703,-0.3745614565550999,2.499763312018874
797,14.851055300677189,0.5426464287577506,-2.933274668442833
798,15.397090763143604,0.3023604084534,-1.9554003685754453
799,13.192630633937998,2.410869835248172,2.94879830873621
800,6.621551276921402,0.4380538600168024,2.165771820076713
801,29.37949247510736,-0.1061011646213605,0.8673039167134761
803,7.875252817633403,-2.4284219191335192,0.7540814216683915
804,47.312536033784674,-1.4865650923368623,0.7951560529170256
805,19.1808173245959,-2.2886964613964453,-0.6850112604911353
806,16.274030848109135,1.771987675460192,-0.1615906150487866
807,17.092704286394763,-0.7271211260331378,1.60945051186717
808,393.7936759875057,-1.9932904189078176,-2.0066389386906898
809,21.37610335688892,1.4873004743941356,-2.435093091427526
810,41.80447440643897,-0.3800651375209316,-0.1026180361743877
811,18.704903587388348,1.596445333224413,-0.1363804856774118
813,11.563583178534817,-0.4605858916140256,-0.2834567295413923
814,17.538245069748193,2.08064853623822,-0.0139177328852156
815,13.678199675610664,0.0381597044188091,0.0645114942910635
816,51.67164566156764,2.19615527112737,0.9805742777654276
817,58.76142580585693,-2.091597882008019,2.206663853426541
818,22.679720556616697,0.6846608067433633,0.4703596016628412
819,24.001011596536035,-2.1529975293563086,0.1533143209849351
820,12.29306489975168,-2.01019998707819,-2.867163264519696
821,36.678536226121736,-1.8318023752370125,0.7271212299316318
822,9.61996251767484,0.3497706139528797,-2.13226708381769
823,5.937546326014884,0.8663181641127304,1.560935881510552
824,29.461980619725704,2.074558137370278,-2.9342766602746284
825,10.18905008168051,0.4585704441094603,2.0932285182523227
826,14.557208556916112,-1.3552017121418214,-2.2922043833078183
827,9.879293299615348,0.4209329665720933,-2.793125778093131
828,15.174351257525966,-1.0849720521438668,3.037790111109839
830,51.954953766988034,1.18855576404907,0.3500271250967366
832,85.7596590661315,-0.0998512374299937,0.7066435417923612
833,13.398350719919298,-1.513217312174865,-0.1211333807592067
834,18.842005121085165,1.7334792366217706,1.0987387932610064
835,41.57562054075672,0.1277440917540985,-2.2230998853239607
836,7.587266416714847,0.8120281252908746,-1.720420909898098
837,14.604573496127111,-1.7098573490075142,-0.2332733969647031
838,54.1070106674068,-0.5671812838837729,2.601011397610036
839,7.127879729960856,0.867396724904177,-2.2449495027929323
840,19.86477931784752,1.2854345585596725,-2.6014382447925146
841,46.375459532506085,2.083481817464438,1.2393938747860165
842,6.299858489984383,0.1610605656476284,0.5496037894819078
844,21.361570314144217,0.3769840359060397,-0.4806600767664672
845,71.90423713247384,-0.8641830378110155,1.1796033283363283
846,29.17084105946267,-0.3259804236259885,2.9801188085117936
847,35.572520139437486,-0.3288009198233397,2.2946611695519143
848,33.00654448136173,2.100726905496588,1.450590094841555
849,11.686788472677083,2.128793115763552,-1.8419118743977767
850,25.22699529131186,-1.97242710171493,2.7938829548011763
851,33.11293926137784,-1.942739146972736,-0.809732403139099
852,38.00422898355209,0.3844174524317635,-1.5084829819630616
853,20.230066550102,-1.4204142271982845,-2.0496146293579933
854,14.664370427930695,-1.8258928011270128,2.5569561450142406
855,10.888805990695005,-1.9779141671402003,-0.0107735704059967
856,10.86722669469632,-1.438234274774378,1.1381391747408909
858,51.99211298962501,0.7812753559624461,0.785448972602977
859,12.266681485899268,0.6248280561722858,1.5612340184217297
860,32.66121071792297,-1.132087736048444,-2.7681202669620766
861,27.99022779384701,0.5824790101169547,-1.803111429240967
862,29.730848345595323,-2.0730381406108265,-1.6652974980997883
863,19.028851562001453,1.332682001371493,2.572624103773395
864,62.162315973211726,-0.1658582154752899,0.6466665224790776
865,22.37975413314149,-0.615812091317,0.956280461107443
866,4.0140281287897785,-0.1025944006903136,0.6188257929865697
867,53.12609508644729,-1.8425826125440496,2.4358217883963
868,10.685193085725812,1.1147776028915122,1.6376806251501153
869,18.65819582201348,-2.4017967678091763,-0.1658848046478618
870,20.50214650151231,-0.8743730681356593,-2.6138932703648674
871,29.61611400251645,-1.91799259222972,1.277880708354186
872,25.476469595167817,-1.4419882127788208,-2.096369186261396
873,97.2104256827424,1.242750122536738,3.0815139542183085
875,18.119927383077467,-0.1359892955298441,-0.3865049195438883
876,25.98174653615349,1.2036055814971949,1.7518044547599705
877,19.027429660158973,0.7926555120717654,-1.2176698160819144
878,20.14874421239727,2.2650619045284066,3.1053629861359653
879,24.93498002228437,-0.4078087285292356,-1.6064765674899129
880,17.52645279672717,0.4101390239284886,-0.3996316358845687
881,42.35519418661946,2.144600051730805,2.9623404593360267
882,81.44037463000784,1.0339487202114714,1.0757347593338324
883,89.90356215753377,-2.252692613126782,-2.37105388190442
884,30.32873164444253,-2.25961127395431,0.1088469441903415
885,4.4401111226772345,-2.344421269054482,-2.678555615388256
886,25.270427109875367,-0.0013155379568557,-1.991642437252304
887,57.62567660863145,2.2526158620811594,-1.2994330003097887
889,21.493549282568782,-0.1061437308454884,0.1276578387500675
891,10.308186419554792,-2.0458092832707324,2.477377596843565
892,38.70924815116253,2.429584539911862,-1.2435522530134493
893,26.203323864305545,-1.5572058680341452,0.3173911217499566
894,33.52197461862724,1.0516747438703795,-2.059650023641117
895,14.024607678872403,0.985662533825284,0.5076217706384715
897,36.68259461289885,-0.3635310275225705,-2.578440815402049
898,56.82292238861688,0.480231188025164,2.1779321733705395
899,68.17777573012432,-0.7827099908217366,-2.8074975377547022
900,12.23386899846486,1.6851637478848749,-2.0753238916485373
901,20.992905170496,-0.2627219443612494,-3.0207228079736
902,13.878963685114377,1.6878740409021415,1.907012270322158
903,12.339725514524464,1.0078076822893938,-1.2428082223258956
904,12.3160785986607,-0.9950018137059522,1.58070627717354
905,9.964133760578092,-1.6266173739052767,2.365847562527931
907,19.036552331470386,0.1362582891024822,0.445754802404285
908,13.226888877509396,1.927703043045416,2.759538967189102
909,174.17722800478467,0.8556629493829144,-0.239521595983415
910,9.510325713019505,-0.0543077040827915,-1.389406582640477
911,22.65568641721621,1.9170744437963936,0.7242555666303863
912,23.527657679207984,1.931485410410332,-2.536456256114635
913,30.26912096571013,1.018691608883218,-0.1438370401994452
914,12.69867785651073,0.2593423597476129,-0.422442185836498
915,31.632414789474648,1.4152650149040156,-1.5527001096491326
916,36.35233157698863,-1.0012077767935816,2.349676037854527
917,13.115439921267782,-0.7319663508629767,0.6978826611536216
918,98.30062846345602,-1.8331761865986096,-1.2231609483841297
919,10.069823855508432,2.082225378979821,-2.9122611649730654
920,27.26058699938869,0.6684571857707616,-1.9316023447818205
921,26.35671445164268,1.6997548775177036,-0.7580474706623127
922,10.400123696516127,-0.4795422065992149,0.7106841863016897
923,7.281276661996028,-1.2498490520478598,0.785953883971449
924,11.00956243801968,0.339616549873655,-2.084783709236959
925,53.29241147445726,-0.2165139873728495,-1.7973366918263929
926,11.38110010353712,0.1861435649074127,0.0699726322874971
927,229.55430716338995,1.950650976010008,1.9622808412931976
928,39.399426414424674,-1.952372000572691,-1.6209788658415063
929,32.97906008554603,-2.309942922438283,-3.075058973560279
930,14.003748657513944,-1.183518811400754,-1.8495153363263503
931,25.047963902427423,-0.8728781257460395,-0.2317578480489572
932,22.85117095899934,0.2068293634249614,0.3885023340521289
933,18.715373480667303,0.560715565904629,0.7540539215378245
934,54.706625272153,1.6852349711355317,-0.1647424907517329
935,15.76629805775966,-2.219754887433554,1.600765208057769
936,24.068526532234632,-1.157060512059521,-1.336474775782725
937,14.553455323400591,2.0334374077406765,-0.5042708245909387
938,29.531879193876087,1.5776189472562625,-1.1471107718661264
939,46.28050088156714,2.105115363466971,1.495063751719952
940,18.60594025512272,1.8283438271958268,-0.2376294979338265
941,30.110460358255963,-0.1427280194513058,-1.938753742117864
942,29.140282209932543,-0.9045779548179462,-2.368171778470609
943,22.28061039922694,0.7350156447201943,0.8670931171261954
944,35.02370117263003,-1.421878698193871,-0.3334885635771604
945,13.989824458634,1.7618442024033574,-1.0211852568684383
946,23.51046437961725,2.193509530048732,-0.8813178055451907
947,28.60805459116043,-2.155600254092442,2.284273977097975
948,14.572437365963744,-1.9978057671704328,-2.218257367417045
949,22.07697140190785,-0.8274159928019165,0.9194900148904998
950,10.477248293707245,0.8641495133491741,2.7040375590629315
951,3.7826403985123465,0.1044752238090459,2.525690357735703
952,139.68479947095912,1.091723506320173,-1.7194612163487597
953,11.02800341685403,1.6826508698627096,-0.1449598771217551
954,19.70477095017111,-1.807714352125852,-2.2212665579229904
955,20.4984382553924,-2.2766238114773567,1.0602929035434072
956,46.50712437276256,-1.5320420981893426,1.2489970898619585
957,8.05261406373442,-0.5969398880623633,2.5622937650062143
958,22.5913695908474,-1.0404848397822009,-1.214131841286637
959,12.012392610182882,-2.1791611570348444,-2.240773159839629
960,11.964161156818044,-2.288670578404443,-1.5980684157579002
961,32.07817044614067,2.069409438106998,0.5412808187003039
962,13.115999784255932,-0.8862222280469694,1.270440475766093
963,20.349536010081177,1.2089987871659895,2.913991562163409
964,13.044600685299631,-0.8530103805069577,2.7353278398127445
965,28.99003713670651,-1.407995446534484,-0.9278964090280142
966,59.87218130637815,0.5348063861253932,0.2486699420734892
967,16.67269465714324,-0.7821860952098544,1.2089959827838204
968,60.08382254658904,0.9506641419645284,-1.4225800434407048
969,17.483612421720917,-0.7124950289699739,-1.6110534900504296
970,30.41267521981623,-0.1615386693445002,-0.3115305870086224
971,44.21753592356707,0.6097616278763813,1.2168732663487527
972,67.44482578419347,0.3995535684286511,1.881308484428849
973,13.641631711334414,1.4099898349782345,0.6285956955150098
974,9.086157653707538,-1.5423469149730151,-0.1986231756224464
975,27.161578537527934,-1.5386990588584104,0.4938031972490008
976,13.104680357125856,-1.1226036518304046,0.2735256922173555
977,37.63810610922568,-1.209936192901752,2.2895425427602083
978,10.75829114795937,1.7738217304565564,2.3829132626929668
979,31.197712084631924,1.4459490571051297,-2.1141786302239645
980,18.5480068701647,0.3097371471819525,0.0579217633036416
981,13.308617384502329,-2.021155602201885,-0.8786277495831235
982,16.098029005521678,-1.6343413105999427,0.8400607030405098
983,16.863855239850036,1.0742078562228077,-2.87459946797086
984,62.44935401777559,-2.336316727846385,-0.2585795364394231
985,11.017633090506836,-1.6878033607745604,2.7679427620875363
986,34.80308686929832,-0.6715974870311352,2.851022679716968
987,58.27912865301557,1.7583348186909074,2.361731191817287
988,15.126163483834985,-0.6082361473319963,-0.9595169286156412
989,56.96101161325697,2.1049776306614105,-0.8954729959004104
990,56.12373745729699,0.2613696973419055,-2.034597331695687
991,20.38568291048924,1.9583904508330536,3.079294394013527
992,13.680507506925904,1.3469632181353064,-1.7675382428171489
993,10.102947688424424,2.0630737851706584,1.4057209469351009
994,18.415234709266723,-1.522638496973587,-2.125601295126409
995,33.469776144234984,-0.6032758277616055,-1.31409863683865
996,26.811305241915804,-0.788489061730309,0.0243203012582411
997,16.383114362564253,0.865209543695585,2.048731172102248
998,10.543421774688705,1.2038549298165824,-2.501227053146018
999,14.215400010020428,0.1125023468562332,1.6116624525531018
1000,14.665401948511066,-0.2895622068689399,-1.3816620745302852
1001,19.43156052693704,1.50398381560649,-2.928185631524636
1002,100.06418907685428,-1.0796254181114957,-2.7553603825884108
1003,39.50864799297471,-0.406850913393861,-0.6109400706510072
1004,21.704040064913816,1.953716818377891,-1.5728112534535597
1005,12.406084207504469,0.1739043116343248,-0.5443400129401446
1006,21.47781200349996,0.6659740973954892,2.723274457773436
1007,31.87004288796847,2.131424522109421,2.7550544014978247
1008,49.23953377451763,-1.7711671322485452,2.891318013994497
1009,19.455268138984653,0.524584986722227,3.119716262579527
1010,81.71153556062363,-1.6908988447954123,-0.8059253700907528
1011,264.0261046216188,0.7503419660693922,1.3373740017914215
1012,19.44017238616247,0.5694810475138301,2.685254635940768
1013,52.676714575786406,-0.8450688410571995,-2.408615404532661
1014,17.967585978572444,-1.7856474889841083,-1.5574209097652558
1015,9.878824903918895,-1.802273409085248,-0.6727288479171382
1016,11.350259480912214,1.282055772869192,1.4737427685511135
1018,11.882517647093367,-2.07414309414534,1.9741488483637608
1019,13.695419847780908,1.0386263917820795,0.7281685702309245
1020,20.9883296670119,-1.482695158351215,1.5384911858210777
1021,18.267197843426075,-2.073954367138988,0.3463161565314284
1022,13.790394659636457,0.934389289737168,2.35367299041858
1023,41.9903228309035,-0.4857694949745732,0.2130190156645014
1024,58.10405534689554,0.6781936669176322,-1.0562167361268573
1025,28.74945129079004,0.9621323609223096,-2.937313491679003
1026,67.33507379247966,0.5251440878004456,-1.262966461353737
1027,5.141592909921998,1.5453129387749,1.9355162173266167
1028,12.411043116921874,1.20247832046305,0.0007892528960689
1029,74.95040341876698,-0.785548228653432,-2.378697140613076
1030,49.23880673519067,-1.7283657995043886,-3.012098438222128
1031,10.823723586212544,1.2058683256729117,-0.5614459086026744
1032,16.78565747397536,0.1827474822841112,-2.235592422502278
1033,112.8491742689841,0.5608317039766245,-1.5977012450785455
1034,128.21917841334906,0.6345302957318883,1.8286096061887984
1035,14.781468362941943,-2.263783322364389,1.884391298158188
1036,26.736997622210588,0.5577036518374616,-1.2668325885159804
1037,59.52212130953407,1.134619651062387,1.8231307342407617
1038,21.00763822035785,1.7000443442097943,2.2511581599514843
1039,19.49860797700932,1.100416400345495,0.1122705497425091
1040,13.939095852734829,1.810076118522976,0.4052283444861075
1041,19.50365718084185,-0.2450959792976738,-2.0545254760485303
1042,25.990828022226008,0.9966583723540604,-0.4189527276243005
1043,22.91779644602456,0.0924037902491052,1.3808562868540877
1044,17.964485460842724,-0.0469600431996054,-1.346987104567872
1046,196.62082330548705,-2.3722141532490446,1.9819943172918943
1047,12.67906828105058,1.9355443208601848,0.7820412528785929
1048,24.235995053063256,-1.782788514570747,0.95626520696225
1049,38.50229858062794,0.4324107707515499,-2.547246638458839
1050,21.264712384619163,-0.0374738892475398,0.1228958207947608
1051,25.09587551037641,-0.6187030533858615,3.0954787158366344
1052,20.18704434862065,-0.4191431111203046,-0.7675621901024264
1053,120.86496932248248,0.0426112985498273,-0.659035046863602
1054,10.42699558220064,1.0335214075253225,-1.990426687603338
1055,10.903674172205196,-1.6096615346556726,2.639066707063624
1056,61.30775709481917,0.7619048269917583,-2.210429309698494
1057,23.82409917848958,-0.4079561433613008,-1.3312246666269112
1058,22.570434422896483,-1.9741951282771464,-0.5481115191629471
1059,7.912154694676653,0.9376128730085214,1.6490611800656896
1060,32.1802806822794,0.3131704066432298,2.456186683260776
1061,91.97701578098972,-0.1060594798644371,2.65601863151422
1062,32.091903672070465,-1.2425711934393555,-0.6506628274751797
1063,10.467344589375024,1.099448861254697,1.7335136150401127
1064,11.721941313036682,2.212965341676838,1.9059291661100928
1065,16.496431370564867,1.7415348236453445,-0.3593155358728266
1066,69.22446248234775,-0.4584010111077134,2.60812836049218
1067,10.715595799240496,-1.7718755610471268,-2.273999878108607
1068,51.257289679804,1.3538620073177683,1.2538195739062912
1069,29.10487031906481,-0.4702676427714327,-2.195207255053221
1070,82.27559493399914,-0.8797207632482644,0.2261469333593011
1071,11.30928052624142,0.3962066651580432,-0.1104762664802359
1072,66.40933021872226,-1.4902372801538049,-0.4417413977982104
1073,13.696023350693986,0.7658607734346186,-1.415858391634898
1074,11.52130602810595,-1.5826218267432577,2.437075197170979
1075,13.549793213094576,-1.0595689929270675,0.4635901818868099
1076,13.442477606144331,1.7540696543695609,-0.1132354404614471
1077,76.35152020340345,-0.45075778321563,-1.8786898738294788
1078,45.506122078810456,1.2835856092779658,2.479666830877428
1079,56.668596815077365,1.28168437375859,1.6222427024764945
1080,25.09021387274789,1.18046708824111,1.4091782306712914
1081,65.29500940002374,-1.8430481936689072,-3.13458238421043
1082,19.74596124868697,-1.201485944664287,0.0755576246608211
1083,23.298947592405057,-0.519698308812829,-0.5516802661970897
1084,29.291748845125444,-0.5219472517826365,1.220814523570912
1085,5.206168510663793,0.3712048360897531,2.085706711527261
1086,20.24343952608672,0.2806052845563926,-1.8043486989188824
1087,26.694617750502665,-0.1080001025669671,-2.007531907757276
1088,10.592828360627871,-2.084830929747078,1.8462409245082465
1089,23.99382175222349,-1.4180836456909005,2.101518426064981
1090,14.70315301392665,-1.1603320321985349,-1.7565133662254488
1091,50.25346657727217,0.74485742339385,1.784732679654074
1092,32.452939455307096,1.3252882855624,1.1993553053121673
1093,42.87841696240453,1.6969169684373877,0.6533112570397934
1094,15.67362820035215,-1.8287402073208647,1.6712578648506329
1095,54.53757525657111,1.777212510728121,-1.6586385145171496
1096,43.55357544730841,0.8454650007129539,-0.3017682210886322
1097,16.008840131365943,-1.2784683240131696,2.202526908657114
1098,23.70582209953128,-2.062640936230168,2.371381679031479
1099,12.689055063322986,-1.6815548673543177,-0.2580348209883645
1100,86.03093450598305,0.5204280591674785,0.2826559107040935
1101,13.767674950544906,-2.2292443521891867,-0.2068866935001694
1102,16.99863923354414,-0.2628609287619225,1.9368673234074187
1103,18.11111101115756,1.846871942225164,-2.784356725078753
1104,10.366130633602356,-0.9425629131860443,-2.880890531137905
1105,23.84271959743733,-1.611020979958049,3.063805326327236
1106,22.070716544621,2.095128511799919,-1.3738594097448793
1107,62.70633674435109,-1.270315251647648,-0.2539244132994307
1108,10.568956676063406,1.0598704463635884,-2.636614631959934
1109,12.7248516260038,0.9481006646014484,2.517629808361438
1110,75.87330449060359,-2.445783924715839,2.877890668498279
1111,61.05614054988189,-0.0611467369506548,-3.0702287515843603
1112,9.90685695713633,-2.2768033768038585,0.2077294160862921
1113,19.545560634530226,-1.175431391412487,2.6648701035520066
1114,19.196241486722872,0.3763963511492237,1.270994525930083
1115,15.980734365099618,-0.2839183797653903,2.9472666963885232
1116,40.778033685466994,0.3807956814526688,0.4159814732611417
1117,14.288206168989632,-1.0247213191170883,1.8919641094157031
1118,11.456500092452542,1.567330518021586,-2.738284682966136
1119,11.602073286303828,2.487048197487547,-2.2777315631390507
1120,41.90410218592525,2.20966963447496,-0.1321741052133774
1121,12.42346415710956,0.9874219429903514,3.0258521854014115
1122,5.956902027319653,2.438498077459087,-0.2249800796792859
1123,14.58507711052381,-2.2738697585041665,-1.8613381483374367
1124,11.927496274859005,-2.399525995611428,-0.1719972607804294
1125,10.82282109677989,-1.4320451097952605,-2.735836605391276
1126,16.515358710495455,-1.6837729510255706,-1.1220142202655683
1127,9.691335122427123,1.275156348490748,0.2671262480188746
1128,10.213187306947992,0.5474923004935116,-0.8707293992044589
1129,276.0418436835864,1.6614124807346968,-0.4266451252315859
1130,17.756640517840786,-2.07611547240577,-0.139363550486216
1131,12.43569440107041,-1.142790518001938,-1.5950308349978553
1132,17.9216322947492,0.6358198740164246,-2.3448421622426934
1133,28.23338028029713,0.6735248503725701,2.317944885318365
1134,14.193743944748409,-2.400043970661923,2.0455389703052744
1135,11.968947599513784,-1.2811638894428747,-1.3191981235676578
1136,21.67308804353533,-1.2646999921543252,-2.094523865268968
1137,12.3682910492036,-0.6626351432131793,-1.2423810077367836
1138,12.23016129711013,1.0508266087275084,1.1695706669191634
1139,12.067398864751326,-1.234791248182656,1.9046895410555509
1140,12.50126072861642,-1.7796673500052382,2.452036442902677
1141,9.850728413667728,1.2536488011245022,-0.2135555948526176
1142,20.90057894615074,0.6343176313386364,-2.594508271968968
1143,15.596427681155832,-0.4660238862070178,2.9276903185545384
1144,15.751590234113811,0.7988593609172937,3.094829081009144
1145,46.77927697615532,1.1071856283791586,-0.3779465521695762
1146,12.732991073123983,1.2421616055615945,-1.6665095626648383
1147,12.611476535696127,0.1573264324854821,-2.186991260737845
1148,10.31215088068285,-0.042950599969245,-0.3961183110467799
1149,20.97393165429009,-2.006442031088589,-2.857695579599392
1150,183.07154275991445,-0.3593049386731001,-1.3516978588936517
1151,16.337562617228905,-0.2447239238626006,-1.775774574274778
1152,25.215717211344792,0.3094108781360756,0.3486973576096978
1153,43.774563242515065,1.0254765732651656,0.8118516072665244
1154,21.31959368964877,-1.2467673355279878,-2.691996194575158
1155,27.91506607240256,-2.487038191614513,-1.1967891868262346
1156,10.232515908006976,0.8278328418476469,-1.072450358509193
1157,51.19411212260855,1.5012940463938176,-0.5784724273979469
1158,11.54094403716356,-0.5571042116041973,0.902908288324464
1159,31.45887895481344,2.304460127108341,2.314449769374461
1160,42.03926686553906,-0.2518699375343236,0.0677108292879542
1161,18.701215555496585,-1.935647677165672,-0.3609772690999981
1162,77.26954085341615,-0.9957799869469728,-2.5129992422637497
1163,25.0265947072614,0.5817499759501921,3.091825951644505
1164,84.17827684497526,-0.9935800484060564,0.6439273500751881
1165,13.94629425486684,-1.0313341511506506,-0.8096297485897171
1166,25.086963150356485,-0.7587085053830804,1.701004317948982
1167,12.26326994363668,-0.2341686132793544,1.4971340823817096
1168,54.19982583905784,0.191503932166899,-2.381187776789224
1169,12.13617456399123,-0.5103329908567314,2.1667944223428703
1170,15.51052179324492,0.094232157464111,-0.6759885932232867
1171,12.047272957310003,1.8828132397591617,-1.98510134002365
1172,210.53330198342903,-1.2738767749721207,-2.654806569888523
1173,38.522053973651865,-0.2171015583965266,-3.061219085424278
1174,30.82330514106275,-0.491294249220908,2.7419751657045524
1175,43.947474491230246,1.4719159377366289,2.5423299592734456
1176,56.66001947585971,2.1372978148493664,0.402014775829637
1177,47.752345620887645,1.7778581997982292,0.5444066940646588
1178,34.50423515561052,0.179286937315892,2.358382903308869
1179,251.6658369679952,0.999959530323709,-2.25042200215342
1180,14.745957429065069,-2.027574994197562,1.0867197627777991
1181,93.428477212546,1.1643711784461013,0.6187564436685185
1182,59.07056324060601,-2.2324625681355244,0.9044851538120758
1183,62.146891584394616,0.1088437933896238,-1.8657049453034664
1184,25.583041969191715,-1.0876486606971745,2.0400337302362184
1185,25.309872967592074,-0.8666905075489318,-0.637278538731145
1186,17.06596899237895,0.3407630449264268,0.2254189369281855
1187,30.62678989283605,0.0204062948516864,2.5689750118203656
1188,11.79665418122276,1.1250450501085023,-0.2341728975084838
1189,85.65347328904268,1.4876654829421398,0.9371758787060164
1190,11.4466622557768,-2.08821444833571,-2.210511842182572
1191,21.12419316713614,0.1375186983999299,-3.0264264836699946
1192,111.2968610997133,-0.9059752344361616,1.8353358818185064
1193,10.588548105837402,1.84506546692457,1.0450164677474818
1194,60.28829296640093,-0.6306831387718271,-1.1093498874736425
1195,14.131006704718308,-0.0308927965142345,1.6365020836379582
1196,23.72592885097441,-0.8418924717934333,-1.0829610182578389
1197,10.236184740070332,0.0779717352450797,-0.864415529656506
1198,50.32381458174405,-0.4543660965734813,-0.5940714791504108
1199,128.16776618182416,-0.9059241208341624,-2.2801567756718177
1200,50.50237764068476,-1.038974333918216,-2.694242747448978
1201,2.477773953917182,-0.1014177570455269,-1.9856317715905831
1202,32.29605101849734,1.5214267467564784,2.4274099193808016
1203,27.952726099106936,-0.901806545302848,1.4082165246411502
1204,14.249686082158512,0.5612394516969621,-0.8362685574987938
1205,21.442359503870687,1.869412244840827,2.6340286313636034
1206,24.64297805572873,0.0579959762183956,-2.5582475402223626
1207,17.888714647817,1.7817390452327058,2.7824237273723265
1208,16.99987211775401,0.3726735039950198,3.1400798394339287
1209,33.74342358813098,1.5120948934313423,-0.445414491213206
1210,17.32277884784773,-0.4126220669999461,-0.8983019577462608
1211,20.63395651796172,-0.4672205123485076,1.3343704011005826
1212,32.331410516107674,-2.2540716058145343,-2.370800556851226
1213,19.242988962036407,0.7829716447014174,2.613321062055985
1214,13.294802209246152,2.1021654062951707,1.1402612833846024
1215,22.313389047908164,1.6941051308599666,-1.4911590412997917
1216,11.125527415418372,-1.220734477680867,0.2843167289606148
1217,65.77483150279903,-1.962886197364368,0.5340376399896262
1218,50.47084848526965,-0.9346655192044724,1.909529602673124
1219,20.28492784412607,1.3362492638416834,2.876012765138245
1220,9.50375555286427,-0.6284350892800868,2.794484187614206
1221,10.299605997037796,-2.27798080801834,-2.311172568091352
1222,21.635681771144192,-0.4133774074527334,-1.6649276898409635
1223,26.11480374583389,1.0271929900005354,-3.023957262025026
1224,53.0480964910478,-1.6685938187865037,0.470135595266147
1225,9.329440679796283,0.9828056749029036,-0.4087814256364782
1227,117.53541194409893,-1.9212616481201457,0.8370460851530416
1228,18.553182175753857,0.6008315509683723,3.028444369864381
1229,28.52363852532363,1.0811573356397857,1.3732621086695895
1230,12.169756170742833,1.8654326520761293,-1.9979278218004977
1231,24.23709026888682,1.1785708873758676,0.3672894828648993
1232,8.601182137218185,-0.0652492183530126,1.4798614099907617
1233,17.388795650017027,0.9245613331962677,-0.4707986570638459
1234,48.743141038200186,-0.352519976247896,-2.6220596983160926
1235,11.47795855612547,2.2851652836822174,1.6505820653150811
1236,13.596276082918514,-1.4504422963394907,1.4939253343883132
1237,8.744263326544777,-0.185678234317823,1.7015155457828934
1238,126.45893711487356,-0.1408401109109565,3.118839620269988
1239,13.711195973543576,-1.374271020765024,2.217511853819055
1240,40.28984237732588,1.4153198320907268,0.1256959354017986
1241,18.127009761018805,-1.0980948417609726,-1.226758060923485
1242,16.185175983018844,-0.1625049278718467,-2.3329903995957264
1243,17.149041808779504,1.3986844785172443,-2.3396340092901986
1244,17.64559507331941,0.6445608813555539,-2.477405920831528
1245,16.464347961922698,-0.4940058567620061,-1.7890391951817
1246,20.81259444286035,-0.5174690331480124,1.412267189771006
1247,14.45468358328482,-0.4614392387652869,-0.2069144991008513
1248,24.38654264713404,0.6778115439084196,-2.7769907628797066
1249,41.73126777245072,2.3405791487822745,-0.4786081165083035
1250,87.52433820635393,1.815047145261575,0.3297095940289551
1251,18.40362482429859,1.5949734021047073,-1.2191879146977354
1252,11.973977431817332,2.1768328787672853,-2.00166958751449
1253,17.197317667497828,-2.257879640760087,0.0676468960402534
1254,13.333033751706033,1.2743468695522602,-0.1148071894514018
1255,16.350196838863514,1.1266932085899912,2.719895484158976
1256,14.230332751355595,0.5003821005680997,-2.031702858816677
1257,32.504705710748055,0.9747897821081316,-2.2102644129370543
1258,129.0363127233939,-1.8372962111531987,-0.991155830918515
1259,57.80477393076003,1.6849317122711491,0.7528217188063103
1260,44.77100098619655,-1.6937512707691906,0.1133401841543255
1261,46.46326220756213,-0.9085031090953358,-2.6876707972808336
1262,11.200914162515106,2.00259613364365,-2.169758462810791
1263,29.660764746864363,0.0870142704704444,-1.0875515081262697
1264,31.36623547493247,0.1035277443093733,1.2678181007814746
1265,15.154195970202837,0.8940506968143239,2.738405543585285
1266,15.817316418264072,1.8678921811802744,2.6045164178582403
1268,8.211206666278112,0.0787221116023367,2.455294596917287
1269,20.251692066221725,-0.185340945502024,2.0618219097862185
1270,11.268762433629435,1.3657904794227704,-1.1670063593780071
1271,12.756765549311313,-1.980665876691408,0.6416223499248519
1272,1.3252383840490702,-1.859353078793447,2.353406033879114
1273,13.047206206651506,1.7457423144691837,0.5981074938969475
1274,32.27397365143978,1.475002289569228,-1.6150452972607892
1275,20.37725361480373,0.5442443276439562,0.3638256497291614
1276,15.64100065885497,-1.4860368928700234,1.625123446379522
1277,13.899131126980466,1.0094517754914023,-1.7522526727750647
1278,95.97739772701738,-0.0274897072345649,0.0876492625236149
1279,21.20339911734909,-1.0167623364759113,-1.7215224584910238
1281,54.65286797073029,-1.1416102548536744,-2.140898199070508
1282,95.43924207500112,1.298756565006389,-2.476598948783684
1283,22.814677150504487,-0.6874831819721171,0.285194208945189
1284,31.48563755127132,0.6466084657655035,0.0489728148397008
1285,17.915975114846017,1.2163747585174502,0.2267437697289448
1286,26.052193982285527,-1.5810205164982074,1.3265866501569077
1287,58.55879361323447,-0.1632429171182672,-1.1182008760273854
1288,15.194348158532788,1.5675710276395634,2.0590115138209115
1289,71.59416032149599,0.8427048683988142,2.7274679166197773
1290,39.67506552103044,2.121450835881368,0.206555982035294
1291,15.234552425275217,-1.6303389752078348,1.4905817337443923
1292,46.268856953899046,-1.4597812529041427,-2.224302544237746
1293,10.241943344148424,-0.7355284637927972,-1.6082510430991088
1294,26.955278799667084,1.5412209665853724,-1.09792054779013
1295,16.734509741758263,-1.547312834530422,2.526992106265253
1296,5.501222280701855,-2.431320778480451,-3.0824363583931547
1297,39.95492400882837,-1.3635043606108253,1.4120688812429716
1298,55.56764836466642,0.5055796746263669,2.435367081793136
1299,20.690060678329186,0.5594389423828944,-0.3414797371282089
1300,96.59906953583524,-0.8632457703197444,1.9461787087289084
1302,27.043132482969384,0.1689947202659237,1.4668749887177204
1303,14.957697450618562,-1.648845052351256,2.07563682444569
1304,18.50708684477941,-2.463757616379943,-2.43805006412806
1305,14.222781562625112,0.7806708613618688,-2.7338255804538063
1306,26.501903682994737,0.5112896029330596,-0.7472673556561593
1307,29.89187160804943,-1.4832278420335805,1.161505495853877
1308,16.370080430315653,-0.7108384988081324,1.047946605158111
1309,23.52547685157916,-0.9205882840546752,-0.8245079179593982
1310,52.47516263269213,-2.146349186554878,-1.617285057757251
1311,377.6726903254313,2.186771427408104,2.476984684461524
1312,11.4561783270076,-0.5336181572104034,2.2097440272889
1313,18.59046186210646,1.507146298295518,-2.0720163176501574
1315,26.96509100041661,2.225241827905642,-0.9678491414914968
1316,23.71132353821482,0.8062625315312328,-0.6203330605890288
1317,12.630969656297516,1.5240062694774057,-1.135118016352711
1318,20.126490744523498,-0.1904807431617988,-0.1834187430115157
1319,44.91876906584696,0.8960701135222148,-1.924839283277984
1320,23.922200233252056,-0.0922312483427687,-1.502048021195538
1321,23.31891580748853,0.4006178895936896,-2.7691966793181
1322,102.56668876664476,1.5022601874282644,1.3877467586854737
1323,12.05675003780678,-2.2281175627461565,-0.559821245923779
1324,88.96572340666008,-1.8035035362618144,3.027733692925034
1326,14.411768340464144,-0.0972577123543542,2.2488544990151755
1327,76.39139455027421,0.0758099291555696,-2.3429188522828377
1328,5.855595815053391,-0.2688801514994146,3.103621430138236
1329,29.28207202476117,-0.4365924514602541,3.070309623786774
1331,18.48962107050154,0.5661949026759853,-0.7649803554839549
1332,15.693240584366938,-0.8237081689521772,1.813756527678683
1333,9.607884657005068,-1.279811791769896,-0.4043125127577853
1334,13.887391933033042,-1.1087216615020723,2.671423897986127
1336,14.09242618252656,2.4263844830750867,0.1181627574368361
1337,8.85341383088977,-1.862237078213807,0.126414507033894
1338,12.607374742348703,-0.4605861836608331,-2.794876967449847
1339,17.455338625553274,0.6349983619364231,2.624052112274581
1340,29.42063779210085,-1.9854752887505644,2.960762883293356
1341,19.21077589718254,2.2782565337444205,-1.5870032840532875
1342,19.958145612517107,0.7273460700188856,-1.815614867823645
1343,12.922817962025878,-2.347234726025394,-1.399018350575775
1344,88.44705575330443,1.7412965744654407,2.1842913717845174
1345,22.71710375819905,-2.05065946555253,0.709298263429631
1346,3.6911434936237,0.2890924741357644,2.205847327030445
1347,14.709621297215396,2.0313981181750185,1.6268409044375909
1348,182.1142610654919,-2.1821041716405647,3.1124517681597776
1349,25.290938912264064,1.917747489200175,-1.0172190568988622
1350,21.65881705438982,2.263404914607917,1.8703594016102936
1351,19.689012727667983,-1.781929798642601,0.6525746836280795
1352,18.962253571126297,-1.239738469993848,-1.1958352477997567
1353,13.405726161719368,-1.027340330531432,0.3734651894717657
1354,11.636628366562638,1.0678924392695066,0.245752346423437
1355,14.099326149744735,-0.5001030613211362,1.1361172084576725
1356,36.39388429306605,0.6155489555228172,-2.631810336872304
1357,13.737137606998289,-0.6315434992825478,2.372119635463044
1358,13.521379503700958,0.3951321473929485,2.317752275085075
1359,8.869302047014148,-1.9182601442151268,0.2636437984007643
1360,15.646914646387955,-0.4278704460573829,1.3993114643852076
1361,28.72376095733292,-1.980574905904956,-2.790779491308644
1363,16.62113446366154,1.3296211201074597,-2.824298615853075
1364,15.02670452236653,-2.475805261267716,-2.8468001718808424
1365,80.41239306477047,-1.644855830716466,-1.9453463186729696
1366,21.35641254069841,-0.3249438501293074,0.136586475781446
1367,16.09789916760482,-1.619256080265694,-2.92028834685314
1368,28.149717294983244,-1.0230195222002254,1.1118223913663805
1369,39.04848253240629,1.1952438100336256,2.990525764120915
1370,21.64611486791464,1.8693630382893225,2.1701255019554395
1371,31.94805009799952,0.5295802975634134,3.1312494196499387
1372,22.32978986264016,1.8398514228007856,2.907254539865006
1373,84.51370964450689,0.0978421492229063,2.832531353595644
1374,21.090656689444323,-1.9960628322073128,-1.980328908346916
1375,11.819911083573537,-0.1203636102413285,-0.3773749521027793
1376,47.54233864741579,1.9643710182078429,0.150994323297182
1377,21.88449370995512,0.612887893130278,-1.503694076866213
1378,9.589780447383578,0.6909482542881255,-2.0322831769429417
1379,61.145437813845525,0.0750433469086333,0.6166750881739143
1380,57.78180070992331,0.0622782114890722,-1.942727333363685
1381,16.25526186151875,-0.8780512062155224,2.7547810927666814
1382,43.26609596703688,1.6850882880549385,0.4808454559175256
1383,34.56160719269873,-1.3767364066082266,2.6197161284601336
1384,12.505174030874189,1.8812108419186249,-0.9174771302312116
1385,19.37563763994816,0.5611934597333285,-1.849626348009964
1386,41.21724113717832,2.279055747215885,0.0439218381587031
1387,11.38798234224363,1.949728421440939,1.116430678394307
1388,14.83636104041939,-1.7290563706620683,-0.6066928787197718
1389,12.309716725053583,1.2968355444702102,1.4778549239761585
1390,29.93032052039938,-1.280690737540238,0.7885157790298056
1391,13.177721432359114,-0.8604754687957255,1.4972470364422548
1392,29.11494056215376,0.2453796702124297,-0.1072119598587895
1393,16.414002254323638,-1.83400011564818,1.133790996092634
1394,16.366402097461457,1.1285755631030026,-1.147295130242426
1395,14.493029856555212,-0.6431141444835657,-0.9005047116751685
1396,24.86572005835725,-0.1410532429196812,0.5242774647191399
1397,11.004387600131327,0.5263455683974068,-1.3278694994918612
1398,50.3934811001553,2.0184297460932714,2.587647403403811
1399,10.598559618110103,-0.0549095970561244,-2.413266167983249
1400,12.927067030631129,-1.609955330419552,-1.4044255614903864
1401,32.83734913329235,1.3752815097753102,1.4991867098153335
1402,15.854477818170247,-2.1048560380597627,2.923148882503478
1403,25.15122797219557,1.0479040414395275,-0.3367694412517186
1404,5.660457689949121,-0.2911594050421302,-0.2254742101232465
1406,12.248980806027252,-0.9060001861893318,0.4952937249280563
1407,87.11842771279856,-0.475446211396726,2.464751450320542
1408,25.78631747310819,-1.1857332281086284,-1.6067418967287466
1409,18.334184459421163,-1.7882746047597935,2.5181578559547098
1410,11.821491134748364,1.3765575296742931,-2.767152733132752
1411,32.75845702064614,1.223307122640121,-2.978428540324033
1412,11.662018474570996,-0.7950594420018954,-2.233317142197657
1413,17.456859240049013,-0.2223273476406086,-0.647913289321333
1414,44.834775984346,2.130016174137541,-2.016919101549022
1415,22.154048715970795,0.6586119183428607,1.066591090356654
1416,9.92938726292507,1.770489059874072,2.291660938832777
1417,36.93093873677936,1.337203517078591,-2.268309498299357
1418,20.29388087046031,0.0882923608273924,-1.8821909154252665
1419,13.798671859254798,0.0985108421582097,-3.0916866588483454
1420,30.21760880878664,-0.8593974806466393,2.232037998572099
1421,15.23079814679759,-1.929192946747764,-1.2232348946058005
1422,18.802756993476592,2.005616122041653,-1.169479921014702
1423,29.21469771415784,0.4526503235855716,-2.0693850518090326
1424,21.01728157007258,0.8023415098463542,-2.195617065604885
1425,54.56331041168275,-2.4478909315399533,-2.4593490713712054
1426,58.42437596803721,-1.8291133757622344,1.7105808720318845
1427,10.09313638220708,2.2065583544978087,-3.013765479272988
1428,42.25157726295759,-2.335823904965702,-2.434354341070324
1429,18.11331889533532,0.2888318723379646,0.8763316692152053
1430,5.269116525551861,-0.8609802605108248,-2.5218029758193867
1431,23.9068721605291,0.1772302224195421,1.561299423762615
1432,15.55780911573015,-1.7872043853046198,-2.5444068012539183
1433,21.7973579410032,0.839393373761426,2.876423319639304
1434,22.7252899593863,0.6264901083293529,-1.9092297122750312
1435,16.22801570085041,-0.3573831718737669,0.536711269587217
1436,10.173526473965252,0.6192356284546195,1.0970045500498469
1437,60.0479674419004,-0.1423135018792374,3.1122164682675746
1438,87.9893344845337,1.1925741007678663,-2.531856874372993
1439,11.844618409881718,-1.5973581731333433,-0.0987367748315216
1440,27.65703846118737,-0.9884778243280928,-2.7548542068465247
1441,16.409610782457396,2.0239401183754087,-0.3758343767769513
1443,19.125024551156454,-1.6454066099843596,-1.538960664531987
1444,24.423954854517174,1.084687641874711,2.086202499215557
1445,33.23186890069001,-1.834195176108392,-2.26765360118773
1446,22.501769814723463,-0.5407807492860239,2.097492367743126
1447,27.1197075764507,1.5936956781738256,-2.431235497876162
1448,20.348460663533075,2.217949988354268,-2.878702044640913
1449,19.985471049028632,0.5277501690141644,3.009016750954926
1450,18.043405194370337,1.030787260510547,-0.645094539977211
1451,12.624188912210204,-1.4249352425502728,1.3567281934217834
1452,18.56870983981988,1.6901140438418816,-1.2086782448659132
1453,15.216917070571837,-1.3749978054786889,2.7439938542380653
1454,20.81356870217872,-0.1018723315024024,-0.7639379196810799
1455,17.76747090674812,1.0593368697983574,-3.055406683642481
1456,118.07788489881275,0.3045940437498795,3.0645174241321302
1457,24.161311674092644,1.9848716566878264,-2.130194930918298
1458,10.953746366959942,-0.802820250232435,-2.747251034544636
1459,28.29312709625866,-1.4005904746953226,-0.5316401935546683
1460,29.56440996774682,1.4054848774873312,-1.6689600934506394
1461,123.17007054047276,-0.4103622992952694,0.499930845219295
1462,33.47258452957415,1.1390151563549056,1.880877608501664
1463,15.073722679498706,-0.0696231760469149,-2.114343041382484
1464,55.88160792248745,-2.443951906400271,1.570202893913408
1465,110.22889800406892,-1.1177201940900443,2.677430340126924
1466,21.419320830637545,-1.3469326801197392,-0.4640205238669226
1467,43.284971099842735,-0.0957860786774689,0.1203518807429409
1468,10.896631464896531,1.6222353204925597,0.7221083597097336
1470,11.440987825029962,0.2395839243080922,-0.6134139801631291
1471,12.620406313202,-2.2179675200915363,0.3987301695979575
1472,22.36805299646901,2.2179612925818595,1.446456407433227
1473,115.01899571750052,-0.3312996788175101,-1.182527204469903
1474,16.348071914952552,0.1745958845806214,1.0299606330789273
1475,38.14303406401529,-2.1972264563801835,1.0998035748472348
1476,155.95732104703308,0.2025585815538261,2.7594928273241965
1477,14.874692200371856,1.6658463908384566,-2.818661912029589
1478,27.84229830044928,1.5945428624077165,-1.598316247898344
1479,40.859317105757775,1.5513794238243277,1.8310009894431896
1480,46.15409643337232,-0.8512298073131046,0.055692477018134
1481,33.35659284746061,0.9283132684251602,2.7318099036077714
1483,47.78418198652555,-1.099071891885132,-2.3314796254536545
1484,371.1426326968579,-2.1649828725827915,-0.6343295641895504
1485,14.871770623385714,0.2351068753964099,1.6406909866243269
1486,13.890940664310484,0.722245345967234,-1.013157358664756
1487,15.167427488715145,1.3762489914532934,-0.2353523025878208
1488,69.82371349760588,0.8228060991644291,1.07996718275455
1489,10.358727308695068,-1.1593657243796067,-0.0873496209381545
1490,32.396189111030345,-0.0689214365250642,0.9258546202519364
1491,24.232199049047512,-2.0518580413719723,-0.6382505523883288
1492,67.21474335204451,-2.188165754851567,-1.0098681003044585
1493,15.393347052389032,-1.8129458203398088,-1.7516790462628484
1494,15.4118314658229,0.3422193863858128,-0.3564800330221425
1495,30.835298556913,-1.0058454478468275,1.1880893940744024
1496,15.348546618114822,2.022946358782646,2.466114326020997
1497,66.75112943888054,1.1703422202569236,-3.114669639536648
1498,15.9401415259985,1.2864021808318908,2.528198651484193
1500,17.69518820027483,-0.21629616713997,-2.24221566813235
1501,16.65440648754325,-1.19698057949088,1.047669567848078
1502,14.784158755298607,1.771636992949115,-0.0620762487325431
1503,12.293526240969898,1.123938114758904,-2.361181198579936
1504,15.075637078135932,1.6594761712462147,2.5270385953697865
1505,15.755397615018657,-2.199558840261632,1.17634077253608
1506,13.375649367042886,-1.351476819995472,-2.843671227789218
1507,49.80992366444456,1.2032210788680084,-0.7859266501530932
1508,20.30981259071392,-2.088460289184436,-1.605552066397995
1509,11.659917962563108,2.466083461180506,2.9033872095161604
1510,16.3475351114501,-0.9397061993274368,-1.326205547134092
1511,26.242388414955894,1.7737583414748714,1.288923314427617
1512,22.34637359395208,0.3563360568700009,-2.87545641853518
1513,11.428438283759876,-0.6061709454153759,1.2998642839427514
1514,14.58978508115049,0.5836866125496925,0.868427661742242
1515,22.68670138787064,-1.754145776891232,1.3239068170835848
1516,4.55941131429953,2.439283811884945,2.8465004265919487
1518,64.84381667032888,1.2089856401144468,-2.851374619184525
1519,12.465746435593331,0.3961165702371976,0.271887435316236
1520,16.05356718705818,1.5766513691759867,2.236013952951023
1522,31.51111879494901,-2.417485671354274,2.36951625494326
1523,9.28467309220072,0.2753261781005324,1.3474646803172652
1524,22.645433539362507,0.7483638639291652,-1.7343053775459476
1525,63.44159649775841,1.1309590714017574,2.4795484078077745
1526,16.612639949823325,2.2924500625148108,-1.992124490299269
1527,28.99141171690212,1.959137008023188,1.804199408838756
1528,17.901613796588293,-1.9553637225155864,0.8086769104805616
1529,21.900760910225177,-2.3299206425310253,0.5394938453544379
1530,2.1860972126873475,1.645158728243071,-1.591843261032878
1531,11.698330149964477,-1.055027215695166,-0.2308079124442919
1532,14.427696764750902,0.9694252881706044,2.729560128588433
1533,21.128004414586936,0.3163336099844545,2.323290652270788
1534,10.425310650870822,0.364410000418834,1.5512747690679016
1535,42.3897852677345,-0.977495273460093,-0.9321000357551076
1536,16.525527718547536,-0.1487811402317269,-1.2038649808645274
1537,14.634935729512176,1.4868554284880695,-0.6690165332471568
1538,20.84481972638144,-0.7704276042114029,0.5341483846629721
1539,194.29281856965423,-2.3188881539851827,-1.5121720102248788
1540,67.45754755273568,0.6079528019616255,0.7084393156380843
1541,44.20186789309992,-1.438519853997822,-2.589609592249361
1542,18.64369479468738,1.8150708412747216,0.7387223004468205
1543,11.008831958925546,-0.6897275034049823,-1.4560864558590387
1544,52.9878584379355,-1.8620957226302275,-0.7014731624381878
1545,27.47194068598085,-1.1166154017379082,-0.2406290972433736
1546,14.659078339267756,-1.6281672729584058,-2.686593931310921
1547,18.88256837328936,0.6270405938773391,2.60149017786936
1548,27.450215547880823,-0.6167791168983877,0.2771282908209609
1549,23.386320220150616,-1.6133447435251702,-0.8200739909406376
1550,18.07717329097177,-0.0326515471082938,-1.7796659094328438
1551,17.90025065110293,-1.6251401100779652,-2.5623592001783604
1552,13.615889954069935,-0.3094916954591547,0.2568481170026818
1553,11.795292305318606,-1.304960987775269,1.0166698913839796
1554,22.28073059050378,-1.7582138460238923,2.8263489794130137
1555,34.57166584596496,1.0071923032279804,1.8178822939812929
1556,47.42337602949553,-1.925991805024453,-0.6872383548547633
1557,26.66542849729408,1.7261452906459578,-2.5967293543106096
1558,12.336693064473767,-2.4695393935347782,1.7900074591180706
1559,27.579828619199844,-0.9432847936303926,-2.939117135647188
1560,25.293773182279622,0.6244340168845072,-0.1107395580746012
1561,18.36569561549947,-0.1476061344513718,-1.2708244565913382
1562,34.579615940455106,-1.4026755825036517,-2.095317975259427
1563,10.669026053379913,1.0348686651159202,0.5176230951485341
1564,20.01725166955633,0.6039062712079203,1.959444469382433
1565,13.631606395755782,-0.5606466400870713,1.8710834738461235
1566,59.39660106941921,2.247276221991437,0.4985663015270713
1567,15.009677393895394,1.343346497121721,-0.855699784505995
1568,22.752956842698293,-1.854207728543377,-2.3764428014684724
1569,10.863208343506257,-2.269156307458072,2.518753442669735
1570,18.295061307788185,-1.887980888628204,1.9943170047528795
1571,11.902442330368917,0.5636692319845481,2.7218547440891308
1572,74.56889906308244,0.1643894077338185,1.2349190492792963
1573,15.059331854456174,1.8877775486312955,-0.926487727589899
1574,16.02010399969007,-0.712663654249688,-2.8175922645658584
1575,20.59597519704612,-0.7040467338138552,2.886283828230912
1576,37.66922568288123,0.2116232727047249,2.847113230160596
1577,14.458918998512525,-1.7454305524284048,1.3273710766627786
1578,47.41411179813097,-0.5007588410733005,2.80624618316432
1579,13.28355877952383,-1.030071674441256,0.2887536333191247
1580,17.08918563023834,-2.016105378452718,-3.064963547614893
1581,11.734423342042753,-1.013904821319002,1.685650399874821
1582,15.738046630776466,0.5013305687563923,0.7035313509812046
1583,50.07187291647469,-2.407973960588615,-1.9858802010401824
1584,10.6488990829601,0.201377773322615,2.902935491262231
1585,26.786103022901177,0.8529396442756315,2.589278801437417
1586,39.72182718236724,0.669226034355473,-1.27726974445111
1587,35.25566957969741,-0.0075642792303717,0.172705661354226
1588,12.497313160770616,0.6840883268200147,-0.0467514268654949
1589,14.074005725850608,1.0821902597355757,-0.9588884580745378
1590,16.73135677731567,0.1916288123893303,1.1323597258549505
1591,11.16309177719445,-1.0954289154888026,0.63792362290862
1592,48.27855000412638,-0.3023054289962456,-0.3238357258420868
1593,13.546173919747758,0.7346052218630472,-2.6911077722685994
1594,104.62751396663882,0.0005927927799586,-2.613525335962504
1595,10.602518313552316,-1.056751726850481,0.9752258883222866
1596,47.434482165406365,-0.2149741035763971,-0.9891638591252124
1597,29.73076835633909,1.51953874105841,0.0208228376500447
1598,14.753720732684515,-1.9795070008049496,-2.5725466551981966
1599,66.66438206164247,-0.4980150483944632,0.1728212226453829
1600,24.993698888221825,-2.106780219083402,-0.1151426198555445
1601,11.16839153298932,0.6619897667411285,2.810171207787713
1602,76.3180600471871,-0.3091381991784626,0.9764043194217118
1603,48.87990106755476,-1.236921371560609,-0.8314953668095297
1604,15.376917437146895,2.10974075388915,-1.6192334867472815
1605,19.2422015719833,0.4171682106591735,-2.09357400841428
1606,20.08572675916149,0.6958623390542279,-2.4229179840390973
1607,14.390286303125809,0.3598174234064147,0.5888409988616466
1608,114.15435640465417,-2.0831667369257176,-0.5760630915640297
1609,15.98231636750727,-0.0165903038798898,1.869738042032595
1610,139.56991066346478,-0.9935427416172974,1.8165690168133408
1611,48.37802532646486,0.2813598624998397,1.3148830696988645
1612,11.411742091626737,1.440927081833998,-0.4083065811029783
1613,40.464566140927,-0.4171288188262161,0.5357001183049989
1614,41.45829775250208,0.7648334602221404,2.075652249829969
1615,11.361119375061552,-1.598802420583768,-2.933100133369884
1616,8.1377079091528,1.1999403772570671,2.138199088515256
1617,25.09452690846388,1.3566642758262064,-0.0030240060289567
1618,25.40346077034492,-1.0373902384835518,-3.0979944648968827
1619,24.2836385801644,1.9476615127643624,-2.5111260641943325
1620,34.55570941865187,-0.8599263512114707,1.5176744259165518
1621,118.0461513439302,0.3768314906111295,-2.226199707461645
1622,23.326763276926897,0.7215979323083386,1.928162637127316
1623,67.31393789691383,-0.380813074621818,-0.6869768081719382
1624,56.12085566254781,1.0357219467242942,-0.0086930840668678
1625,16.591766939083517,-0.4317662275794838,2.063850596371191
1626,9.28563273530815,-0.1999524588969978,1.0644321393247818
1627,18.086669376316014,-1.5808723003751437,-3.044727229856689
1628,121.53229917905418,-2.0250290364383714,-0.7974341734421386
1629,15.951020828605452,0.0167927921232796,-2.150068942229684
1630,18.70513559267584,-0.0426667481957878,-2.3970627513469065
1631,12.66679468619297,0.2687725578083904,0.3217864890347698
1632,38.28327634921375,1.9190933955367464,2.064237463644925
1633,13.77026229295448,1.2856600235416764,0.4969247215061889
1634,15.647176867700004,0.6856090774737,1.0635149106176898
1635,39.839502106958456,-0.8704762539039713,1.4201630603007274
1636,15.108448436573022,0.8897335375325497,0.450183136758857
1637,30.777447345550065,1.2987456950688516,0.8083908916385905
1638,19.92716417277144,-2.463365130805249,2.555795695900154
1639,35.98807430268957,-1.806072604421322,-2.1399922046212847
1640,17.674434421276732,-1.208805969090621,-1.644851380777163
1641,24.796648765177,0.9373919368053044,-0.3255817668962142
1642,19.85491466619301,-1.3000621691166223,2.2483309837123704
1643,24.58227595160281,2.208553644356148,-2.6042761141875586
1644,13.788666757044364,-2.264796984855112,-1.596394415134856
1645,35.14954288876674,-1.299377122657298,2.379892439417874
1646,23.712967363174943,1.4309378633052965,-0.9514839089014608
1647,42.14647219955181,1.387288621768426,-1.647358292317455
1648,42.50931924773551,-1.3288528108824629,2.900619577790608
1649,36.45658499596933,-2.004335722126995,-2.9183231427481715
1650,70.91975648077828,-0.3204326409516901,2.3374157773552864
1651,12.63775341031778,-0.8208185829021956,2.729865642103453
1652,17.56649107432451,-1.9103427136348825,-2.4482677624161937
1653,18.46537626860056,2.129048838581209,-2.384917701951269
1654,14.596141507266967,-0.90747996621771,-1.7295645601990084
1655,16.93032425080262,-0.9928399244758644,0.1934336745033222
1656,46.09039374862533,-0.5223892944145652,0.3065484157365581
1657,76.7167287291821,0.5080445458333538,-0.7948702789980551
1658,17.349463911169767,-1.14566508336646,0.8616999246833765
1659,11.197630807206425,-0.0019117033736141,-0.9680301642187964
1660,21.66994570994112,-1.2435766804416797,-1.1561338335706646
1663,13.03258069541541,-1.2951820915496504,3.1059420645637204
1664,28.8887713118021,-1.9130997205398368,2.2963150229178613
1665,22.9639595548274,-0.9176946624487936,1.7835474687807962
1666,73.73817484543358,1.9923355693120817,-0.7962456482263134
1667,12.13698438481985,0.820804752086402,-0.8743154041754437
1668,23.887854429626024,-0.9820719242456468,1.1786173782426723
1671,33.843404181070404,-1.4854837918823436,2.185033624675433
1672,29.503972456763503,0.8504731827540545,1.9952729782568712
1673,54.18120325343057,-0.1022710507659491,-0.929605722642792
1674,28.283019782745296,0.8878335393664484,3.035581818160696
1675,15.417864004787656,2.156734469446277,-1.4535817101603032
1676,72.75227085082066,-1.2163249525128446,0.3690303565679534
1677,22.80326524801324,0.2482278818616053,-0.3151122242058507
1678,13.60040763904705,1.91284153942363,-2.701705782258025
1679,56.082160282939626,0.6827436461042576,2.32146834130965
1680,41.24923301475666,0.5950313789209895,-2.106470940276268
1681,15.701086745189071,1.89767917872206,-2.0135749207921374
1682,46.10203841483174,0.0690838359476298,-3.013456072599926
1683,17.401195265369577,-2.0386551510723425,-0.1818828297310221
1684,26.29531193528581,1.8087436114341624,-1.808187744449124
1685,29.329103368760176,-0.1628706180670738,-2.573545532532714
1686,39.616527885786255,0.1641484870536282,1.809950975730023
1687,11.17219311621624,-0.9048312498004574,-0.8938215250007919
1688,26.549955225273667,-0.4769178024658626,-2.141273506274924
1689,16.994467804661696,0.4717670354869855,-2.9235597885477698
1690,31.34664903719937,0.562996386988065,1.7850112858213951
1691,14.90089581350643,-0.8119360927267579,-2.03318530304666
1692,14.865891778727974,-1.4006483504862428,1.673361362281257
1693,11.63990873087108,-1.3529004942353426,-2.7324442677880163
1694,11.078865186582895,1.0819823362599388,1.3300852924042164
1695,15.402302288461202,-1.4985248095236934,-2.57383997815663
1696,25.39816190973983,1.7032909452395957,0.1142020457094377
1697,21.54423769221589,1.831674834418248,0.6949896561434399
1698,38.12468553743542,-1.580995174144452,1.4751621188178266
1699,14.460516476696906,-2.1896528332071945,0.4023185692934134
1700,43.71898655277177,-0.4833323193940343,2.597897288581388
1701,28.67679296939672,-0.2381019996344943,-1.044895735714404
1702,12.279938604771369,-0.2793726776217599,-1.759980135984376
1703,62.45207207038482,1.1551570488828429,1.888830164751776
1704,18.60515103461584,-0.1150236154417559,0.201126486819663
1705,26.792875722141822,-0.4085710208576459,1.20038467389903
1706,103.9301422901432,-0.4441368791253176,2.604856902422424
1707,12.208537974012946,0.0234918817624878,-1.364325594075202
1708,21.04119719055289,-1.064151140868815,2.026668997289629
1709,37.70480732430679,0.4627004983207654,-0.0883235770029328
1710,28.4922024377916,-0.6532069383548388,-0.3720454907527556
1711,42.56949250261623,-1.67351086479854,-0.6434262898422329
1712,63.47143577000759,-0.1234059042525999,1.6116338499349283
1713,22.5044389353628,-0.9362313792228508,2.8830396169424577
1714,10.094181251189644,-0.1540639029733492,2.124771563651759
1715,44.718418919588935,-0.3848514433944284,1.7592398388745034
1716,6.06788614974173,-1.0821754418981948,-0.1673146975149661
1718,23.28606936809184,1.586290307601892,2.292450510820544
1719,43.07392795019646,2.133388918757162,-1.620323320123655
1720,53.06561759329527,0.0425584300794245,-1.0249626819777886
1721,60.32830208947415,0.3487575422101866,1.2302498392495755
1722,25.457810924722207,-1.3192055780999266,1.10349862599334
1723,21.0365396629136,0.029583601281589,-0.9374212439399062
1724,13.05137921965437,1.4880936199548962,1.1569882037966652
1725,24.34482989647325,2.410947155471189,-1.3456894628879552
1726,11.40139750529237,1.6728468099973386,-1.0628766481647838
1727,18.2993446823836,1.5373752126424505,-0.8740570928564186
1728,18.115397891564275,0.70538790806801,-2.928562734258421
1730,31.52617618163493,-0.3301213097920852,-2.6450797335892435
1731,54.79603835182609,-1.0472436810003294,-0.6255772768418065
1732,19.72184364479013,-0.0972158150765606,2.967908401447544
1733,13.93675447821532,-0.1525427626362754,-0.7769860982860679
1734,14.08899379982508,0.5773212634101085,2.333719859675286
1735,55.419743813690985,0.7959637507103133,3.0814399333809943
1736,12.570245312698612,-1.870974606014948,2.6722158711272788
1737,16.532670334759768,1.252592225769248,1.9070115229837696
1738,29.063066022578337,2.021007402409561,2.790252069239616
1739,10.385391401792187,-0.8542038206267563,2.143177681027057
1740,12.93560449759616,-0.6813283168431018,2.7285623775603494
1741,12.73520091233351,0.5565768811725068,0.7550038483355467
1742,0.8736906525823526,1.8256052270474696,-0.3272993713437386
1743,30.5041044333352,2.28925662219553,3.1403190280562674
1744,29.88455349978636,0.6995213447593986,-0.2035322006552123
1745,23.287936897190978,1.5414600114929748,-1.0382975977017224
1746,33.741840695579825,0.8794973531753293,-1.0343446795036386
1747,10.891905827714076,-0.1175647571269744,-2.2845053610449257
1748,16.578640952486378,-1.0475354513904156,-1.0700434011551614
1749,55.16299731996184,1.0693369291832209,-3.034899009969485
1750,11.25500483268067,-1.423609587255059,0.5864322546468321
1751,16.178994780149438,1.2152489950459262,-2.254941183737773
1752,80.10407541307323,1.2687141113679457,1.44423821504173
1753,20.04094640079619,1.7524748254983598,2.2387852619978754
1754,15.864619082765795,-1.959316966996632,-1.708416211390816
1755,11.217773206458116,1.0613743576782408,-2.8916186285417065
1756,9.870591504438638,-0.1052175631252406,-1.6777830162659408
1757,16.484591843689483,-1.7891372301773634,3.077232642509865
1758,29.373618901678466,0.7162493547757112,0.797357390390538
1759,17.4275504251648,1.472893735894171,0.5895375620765758
1760,16.779961274891082,-0.3647271609309269,-2.4715614090190177
1761,12.449311672929449,-1.5489448268668276,2.493175725111634
1762,12.15722430394377,-2.231423038121444,-0.851834389594436
1763,86.70772435129328,-0.2134355514736192,-1.992493306111888
1764,13.404123557356714,2.0826373252331902,-1.856395256036399
1765,80.15746195894904,0.827498703325344,-1.185865053534066
1766,13.06921342795162,-2.288608617512576,0.4694079986963334
1767,26.171804490991786,-0.9377665547147764,2.5917954511738754
1768,33.23787237237017,1.512576548463122,2.276898235581839
1769,46.31030881850721,-2.2203277428794768,1.9159160167104947
1770,13.786668722223965,-1.1390281706903105,2.084332745658719
1771,60.86283103033213,1.135537385475367,-1.802077111007543
1772,24.61521380166676,0.2395405908831563,0.3882777905081655
1773,19.555351698223348,-0.0733618643898509,1.4484640861177618
1774,39.26386329050117,1.637235173415437,-0.8109545077817317
1776,16.942946017505967,2.2742446025272547,2.5529059568507044
1777,13.37477062545066,0.8689844720836595,0.4889844721127438
1778,73.14946580950668,0.5498941861636897,0.7049945539864076
1779,67.7214674162716,-1.86834202315414,-1.4847044911503362
1780,15.361793793994256,1.3723032269945965,2.842582157346224
1781,14.385375533564783,0.0571901673299012,-0.8672526519248779
1782,65.89793122956567,0.1200618577384593,-0.6246414559539542
1783,23.032507435355427,0.4166677088699719,2.814464883534576
1784,35.81742100602615,0.735319333485304,-2.8792957040205547
1785,81.42871289975373,-1.0110760534171293,1.51546147379947
1786,84.11087775842464,-1.4871565949622303,-2.6519722376364463
1787,22.74160114383654,0.8510068952411084,0.1342408274549841
1788,16.304270673012383,1.2154584395033556,0.1001331678681163
1789,17.64675606110191,-0.3243595767067477,-2.582318502790005
1790,12.422155659126076,2.4880942774961032,-0.0322909077052417
1791,24.738952583499067,-0.4315216971398003,-1.7686586302181324
1792,12.63423158910996,0.416259901786024,-2.2220876841275903
1793,24.08046507009992,2.4786958625956124,-0.9317717508056396
1794,10.112027919057,-0.5363567678852404,-0.4219260536075562
1795,14.242619020979578,-0.2547784387545276,1.0016097145802187
1796,13.047384440104926,-2.002939748079412,0.1302522741973749
1797,59.5808455138322,0.7064973359252086,-2.411197258919175
1798,23.51408915521688,1.8799225748967423,1.892620057551597
1799,52.35702683002666,2.271799605015949,-0.0505893561420087
1800,9.063657499463678,0.2130654883802518,-1.2281531110489825
1801,31.4375084614764,-0.8268720433045819,-2.5960095444576874
1802,55.24661011880542,1.5900742800386722,2.240554245373639
1803,19.69826403266628,-1.9080667935249145,-2.313940088913419
1804,47.18220134979631,-1.449679065803251,3.0410370513593192
1805,24.989118780083,-1.2180422044166954,2.1229314427323382
1806,17.004058471836363,0.8175533986485185,1.873136206682284
1807,11.192063403002244,-1.0045743549723365,-1.499786887490602
1808,19.045395823134363,-0.4259924634278147,-2.1934110266864244
1809,15.959344671553518,0.3977654217906492,2.402035840809747
1810,26.39200846462621,-0.8879099382194193,-2.94956929407145
1811,21.24642372040096,1.7389587310056258,2.7553623826157128
1812,19.571711357397053,-0.3467703753381029,1.3445630245839877
1813,10.147145014868991,2.3053811467281946,1.4920389934998173
1814,27.000154399360152,2.070373752024284,-2.111834128680888
1815,31.80400848537723,0.7949653017597035,1.0177228106686165
1816,11.11177687094517,-1.7101051816120982,-0.5692621193055596
1817,10.771583806276643,1.4079196380017465,-2.9543129744647465
1818,14.307755254064254,1.3960567989222987,-0.8614055275532774
1819,24.906608478356965,2.1092428738701323,1.5267849111217735
1820,25.03019212925956,-1.471224521876537,-1.7538406584880932
1821,22.18449255653231,0.9634757827862112,-3.137525089284112
1822,29.68432212212912,0.7934513131505075,0.2801881582221702
1823,85.48964129795402,0.9027002562300468,1.1492517655479266
1824,30.637563052493988,-2.3304496814192346,2.2902540353528567
1825,22.094722011743848,-1.052046655672579,0.346887953871371
1827,19.107917386816343,-2.1607112010749083,-0.4486285865342184
1828,18.148117430765144,-0.4318601826947219,0.9260597064157112
1829,12.953282069583777,1.517796046181848,-0.4675131837128762
1830,40.175235911823165,-2.287408725131875,-1.4220343919379768
1831,11.359691022628208,1.324284468406748,-2.968506671632537
1833,15.216244226209197,-2.400353616848957,-1.4165638236004807
1834,34.37814461708321,-2.183673933403542,1.3294408476927804
1835,30.18197360159476,1.9349548759965367,-2.024773786199781
1836,24.074726942807946,-1.955378390964676,-1.1611295660201442
1837,14.284047515186348,-0.0516446313558287,-0.0246895891161413
1838,21.377438339147464,-0.5269619175849136,2.520906795763096
1839,17.025044662933183,0.0045368395267236,0.8957272728849841
1840,12.342431290286717,-0.1266809901309321,1.250654532593357
1841,11.445447105089992,-1.0126117646172317,1.4251135827915216
1842,10.315624663492914,1.607519944112015,0.8774901964299923
1843,34.764059123620555,-0.7568580441751255,2.962493411644497
1844,16.690110267064014,-2.2676448892723866,1.026027221088136
1845,42.06474720977669,1.4967764397671386,-1.2076188644750665
1846,26.004441871295583,1.739999437701431,-2.952243915134197
1848,32.973334280907444,1.4238383919003916,0.0160191121467552
1849,18.038397279258987,0.9765703708114176,-2.869272049098143
1850,19.391429788703377,-1.6190005552366649,-3.029552787480436
1851,30.436162874673265,-1.3211187571754377,0.6035157480814061
1852,9.859775753386698,0.0839925579243275,1.4588342341622045
1853,83.06459214632417,-0.8424230377704277,-2.063770221876993
1854,27.43021347486073,-0.4541029428830556,1.2554502410576664
1855,34.00348142799371,0.5999379679712535,-2.892109000683309
1856,28.37913248050318,1.7779767485594278,-2.731964081933137
1858,43.29935842542188,2.252395016784192,-2.987541653121086
1860,21.85679828246152,1.096934930157913,0.1843211089986816
1862,11.278541315050838,-0.4261411468444969,-2.44766755863061
1863,32.24504664033954,1.4541545320952105,-2.904377399025541
1864,19.288935473352023,-2.389588748545235,-1.104528954316076
1865,43.70902572989972,-1.9136638295537105,-0.231115082404737
1866,20.747056780440644,-0.7314036893936677,0.5578106447534651
1867,11.778181033659076,-1.627366197849314,2.991061989749926
1868,41.143618277827,0.6601347630782951,-2.477760693354269
1869,15.547783608103222,-1.640854040875795,3.091661050862702
1870,75.47136844205447,-1.9306584938332123,-1.9121076986386232
1871,11.81348245532805,-0.0421683280468083,-2.428775014722957
1872,11.960270385943108,-1.2222884220589725,-2.847891631024434
1873,14.444873796340469,1.994727794703708,2.905063281473282
1874,16.218446879694707,1.0185612392306505,0.9695275795019774
1875,21.004338665696515,-0.17720201864009,0.5724749467438734
1876,17.522256814053538,0.2869997366870985,1.537108887811914
1877,152.92390786552852,2.2412286460445503,-0.5737800096342879
1878,17.176913531651888,-1.6891861608789187,-0.8923962644713928
1879,28.69569706747124,-1.2917239823471,-1.4804939947155664
1880,29.794161385511927,1.3800114304070212,1.7395145037278508
1881,47.56645363007064,1.4495257748181043,-1.047549487627229
1882,42.15329957615872,-0.2840408789002962,2.0537435722444504
1883,17.366477239053744,2.031954074081555,0.9259103380322108
1884,13.65081752790773,1.8282016851395413,-0.2066649334512373
1885,24.07615777071252,-1.044967321541849,-2.334293636762604
1886,11.205067405538466,0.1453355621211777,0.4317910667761188
1887,63.11666157934104,0.0456152299321421,-2.5826203740192226
1888,27.71864949475496,1.645333858668799,1.4157126273836924
1889,17.943300085417192,-0.4142359700845379,-0.3498981906364236
1890,48.90459099241278,-0.8949631749001106,-2.3329104311936124
1891,44.679819463360026,-0.7229519901933804,-1.9589465910902109
1892,18.06236263904672,-0.0483081240436307,2.220075709837248
1893,10.856884342352938,-0.0858991170153838,2.418398652634534
1894,11.96748017178572,-1.2236809657288217,1.564205312560676
1895,30.747408296652868,-0.3342926851459109,0.0433643160235638
1896,13.55863103203616,-1.911444689632664,2.9268243417410846
1897,11.173765113607946,0.6093879116293969,1.3188321135820151
1898,13.21761889142836,-1.6275133078439783,-2.135722529646377
1899,15.694122720723536,-1.2400665870836047,2.039409320651645
1900,59.29923817526146,-0.4447850818467639,-1.1296096662020072
1901,19.48936916486831,1.0736472906304233,2.563662992693941
1902,83.13053706780069,0.7532532311785357,0.3614632691867974
1903,9.724602574711591,-1.1630569736637526,1.8813344651336927
1904,42.96504133152415,0.5882227644889065,-0.4229277069298561
1905,10.53214552887164,2.3058248126039262,0.057393524210711
1906,14.47971203770907,0.8676283526222699,2.955411088934812
1907,28.99993537297267,0.5698029475725542,-2.8723708221279907
1909,154.99204197352006,1.3953625292086749,0.7618463922410356
1910,37.22831384166028,-2.229331226729954,3.083303532954009
1911,115.91256508144984,-1.92160007082573,2.0681175326919323
1912,10.773001531460432,-1.7236581373870343,-0.9022005896244176
1913,11.381817596370013,-0.6647169333007426,1.8499290318371413
1914,45.84553107645325,0.152516327244372,2.670532000921137
1915,26.27136893926076,-0.9319602592092178,-2.303579352175569
1916,9.471424085490982,-0.0841403581816049,-2.0351290660752417
1917,21.26682491930857,-1.3153849367353765,2.7277143192432467
1918,47.71158133250084,-0.2253328287787781,0.2234456515337525
1919,41.90851043170681,-1.4277248612444675,2.621484029196892
1920,105.26298409769716,-0.4552123345434706,2.37543506675234
1921,27.20914089700246,1.452642799892626,2.2237089937931627
1922,15.277873992589267,-0.9812176070904252,-0.9418623333211936
1923,24.38847499113542,-0.4289781364936418,2.5597587447396952
1924,12.685153070372795,-0.4794021343962757,1.8535073432968845
1925,111.93524326504502,0.5199234608156192,-2.0533496884098006
1926,37.07595467878153,2.210040930473242,0.5240115607946116
1927,81.28754252231387,-1.5171706192757397,-1.140366426789208
1928,30.44375126986346,-0.0087841338256577,-2.6587504092862
1929,29.065910694300108,0.289808370526381,-0.0551365540810965
1930,34.47561465643354,-1.851103074999324,-2.674594116134474
1931,286.9577635860642,-2.0130106460806103,0.668176827844688
1933,21.65343891418336,1.7439307286882193,2.0185938651104904
1934,29.66846185677254,1.058582777133475,2.530274812644669
1935,33.49596148054238,-1.2452548091745168,0.3820187304614929
1936,46.366777521484096,-1.333115816062279,1.8243803063411053
1937,21.513583408100537,2.4259418650318465,-2.9151200828446915
1938,18.580415735533947,0.4963197453101693,-2.60501789924016
1939,14.573511156604384,0.4786365989697454,-2.5269437116468727
1940,31.32830570785834,0.5920452118766323,2.9749578782358204
1941,22.4843812543728,1.9344962191298505,2.9701121694670416
1942,41.20847723012653,-0.5451015988773644,-2.9872063410325422
1943,22.75842048577429,-0.8497995628508265,1.0179847585856971
1944,28.81693383851641,2.035331675874596,0.5816505466980267
1945,12.778424920212068,0.2907026432810077,3.012087082668122
1947,31.71341707786633,0.7312952867348301,-2.017510561432517
1948,18.2021112907215,0.3800386291546175,2.855549279480192
1949,11.267159565228502,-0.774610574685513,0.1060843037252549
1950,20.98568665065001,0.4279812468789543,-1.219868082964351
1951,25.278822126879444,-1.7370462052228928,-0.5342478085263754
1952,10.35383853161474,-0.0339039316528179,-0.0895414748256532
1953,20.83703977728446,-2.220255771744316,1.040258787792488
1954,26.525496192681228,1.255389547567243,-1.670249466952353
1955,25.83262877968648,1.439872239223999,-2.7182364354631083
1956,13.834675078234431,0.0196060968603046,-0.8542343110415959
1957,17.900281436226358,0.5241442776732765,0.1813272925215087
1958,14.578236329339074,0.6530618227832192,-2.855314933685813
1959,115.47009960080932,-2.2553174428931864,-2.153856696360901
1960,37.838250006627554,1.427891635828224,1.785481082813451
1961,10.546028131551845,-0.5995555631113677,1.1331460214206357
1962,23.835257019246608,-1.5440464084432222,-1.9606494827761147
1963,16.955840453452453,2.1987411318941112,0.1983767704063268
1965,13.505253340945195,1.3868927727895424,3.1019763608512285
1966,15.180068658707224,0.5981297799756561,1.457268260504484
1967,25.1492437532128,0.7271809213599729,0.4464911299637113
1968,51.92491898647312,1.0385310539559296,2.216030864005243
1969,26.389966426763785,-0.4997575449720439,-1.037738482670063
1970,10.021973628004076,-0.7911897759339442,-0.7357782757957696
1971,32.30620783026198,0.411284450546442,-1.850239454737927
1972,10.852514058064052,1.7430490019499814,-1.1028115899811877
1974,92.8141483329236,1.7408325007556145,1.3949846285937104
1975,11.936936560291873,-0.5016197545874875,-1.0099263899301851
1976,12.16373798738682,0.3702747790611006,-0.024974778017585
1977,43.89325272269272,-0.7760470898254109,1.4269464242359222
1978,20.69264812586861,0.1517708988963885,1.9164593414025928
1979,19.31035738590663,2.2294184145418363,-0.4315755456264564
1980,30.38831989152473,-0.4586898005676919,1.1259430216761803
1981,37.717460690874965,0.0531774961784896,-1.9235302223132973
1982,10.63900948505574,0.6117793459558112,-1.3532487510215905
1983,51.38883937068677,-1.0346255404554745,-1.0236423925556042
1984,15.942930311028505,1.8126105384477664,1.74833337887108
1985,19.50067013983607,-0.4425316717663952,0.8199310037258962
1986,67.87886645114774,0.5808945539280225,1.40612025151668
1987,116.91371255320183,2.465653277545365,-1.85900643709639
1988,66.45116858729324,2.078842757738385,-1.169653828401518
1989,12.409559178796616,1.8811701199357045,-2.214958846240196
1990,13.534871102195126,-0.9003274618928442,-0.1008168365560222
1991,22.45808470015523,1.8533571117483751,-1.4356514586021554
1992,15.428062256563,-1.415970578588242,2.7983627108208844
1993,6.597805399314368,-2.061190716291084,1.9497009274100028
1994,29.068038559585105,2.332630043857616,1.4450229578895553
1995,10.912433271833304,0.1076499787749558,-2.5788743008448933
1996,26.75307035598537,-1.2247680468903857,-1.4993010119992447
1997,11.184273151078267,-0.7471521172193394,2.0235239303649
1998,16.191296410228833,1.9766679780396628,-1.248755213410394
2000,25.84650026844422,1.4935077307794034,1.041759146748695
2001,25.9872635098849,-0.9804184574086824,2.2723865521715445
2002,16.78522610648217,1.7754790092676518,-0.702558687810265
2003,27.382431131239844,1.640199184953328,0.3985134778156439
2004,135.8188041527388,-0.1927679390785019,0.8745287062947228
2006,30.65994671389123,2.440863561989697,-3.1095842487012293
2007,13.354798968440434,-0.0601230560141148,-0.8921793186316243
2008,23.867955189594426,1.1089223382838838,0.3782277567819277
2009,17.03788352387025,1.1391272248916655,2.950824814642872
2010,16.608908780048928,1.6213231279596592,-2.9263434472939127
2011,13.896406650923376,1.7272211736756429,-1.2819046311299835
2012,6.021376118946711,0.8703584952539956,-1.3877567786428988
2013,39.66499900026699,1.5294430577129974,2.6333586952312165
2014,11.568961658147895,-1.3923828097838156,-0.3425559586140686
2015,14.037301039152856,-1.4971883703393154,2.5188488560695026
2016,2.1749874127058586,-0.3402436129713266,-1.5487132108944297
2017,22.054340006636075,-0.3924774101021493,-0.405065597711025
2018,14.879113455532204,-0.0955814806509756,1.0455570417505535
2019,21.94104143748321,0.8870624287305897,-2.0681667167923194
2020,15.312661919515314,-0.9912756494383944,-1.5033123399666604
2021,18.10840360227805,0.3848698977618273,-0.8178368061241783
2022,46.83103444178558,-0.1243375211328918,-1.3471567029759948
2023,19.87343572910177,-1.1334420456480492,0.3765394258966488
2024,41.86751777135613,-1.2210384863833397,-2.0769521891468425
2025,33.341396759626086,-2.33375537965812,2.1492260725955905
2026,53.32917607398116,-0.1077997145192981,1.7047520081849252
2027,12.268246358307785,-1.691534414750383,3.0552082159540657
2028,7.083378191706708,0.3503561327372029,1.2660846937750454
2029,19.3054541222001,1.5606010816294924,-0.0114676326639575
2030,36.14843941848245,-0.3519684111374274,-2.2355792211117445
2031,19.85854774991154,-2.420846231590752,1.2481754625863928
2032,6.816520752105592,0.3293139533546705,2.977972358013151
2033,24.31193676231653,-1.2666437900454512,-2.289325143393931
2034,13.473497500251751,-1.7253942194687857,1.3991304547259136
2035,41.63683723244432,-1.8793486837106483,-3.125264964565776
2036,13.968243037889224,1.3125682956560285,2.6038723713365
2037,42.07822276326397,-2.2165937440478976,2.465287992190251
2038,5.551817804580659,0.368372733492592,-2.1176765218527343
2039,27.57761472532881,-1.3635074851130982,-2.662102918289736
2040,16.97133597519234,0.878657484443157,1.123432397219941
2041,24.2466160078226,-1.82359038573488,-0.2803200539647058
2042,14.705951362698622,-0.6565054121244196,0.7089204060839474
2043,46.60676286275351,0.1206761518466972,-1.9390808026624269
2044,27.678000786520894,1.3679812796486877,0.4322708352926523
2045,128.8624763739806,-1.7814776167535515,0.2011031337457534
2047,28.895249629986065,-0.8800735825031579,-1.0169136510382717
2048,14.12982448299528,1.8903423016653256,0.4055285496124026
2049,31.57775825856551,0.2814736476660786,-1.495874116003466
2050,20.357129531986,0.6570797581613772,-2.9394311753661446
2051,21.368862537720727,0.9629272142274936,-2.8979954038844795
2052,70.22715236422118,-0.6527532849350532,1.787201403982465
2053,30.84650272590981,-1.4872430917148265,2.106708217005084
2054,31.115959399837298,0.2338767925741551,-0.9590150808553504
2055,16.66032235890798,-0.5925545928622172,-1.6853121909948774
2056,19.472059765763543,1.467204683806716,1.3873775068401786
2057,86.74194956250174,2.169609198363218,0.0713405443768595
2058,74.684439665083,2.008313504085557,-2.1661587612886226
2059,28.98735568368204,1.111389311662459,1.4466272865536447
2060,10.647691360973502,-0.1832566747763467,-0.7605379112590389
2061,47.49602015030384,-0.1280787734836006,-2.05035613754804
2062,24.30351561833997,-2.3541704613765067,-1.189658050975016
2063,18.842249418199,-1.7747715974758294,-1.8630282294459664
2064,11.345831391290986,-0.8368017053545719,1.37570030507747
2065,32.31300641868509,0.0509492965499216,1.4390736782809594
2066,13.679318430094837,-1.0015452173367283,-1.826035249988934
2067,90.78887305777788,-0.323018174955536,-0.1207720233326967
2068,17.678045156473104,0.7146244239549573,0.6368127637453799
2069,28.27663273801128,-0.9659240224435424,-2.179963729336896
2070,20.70194167709332,-0.9150609943243804,0.521088035836598
2071,38.245983184872095,-0.21638699186777,-2.958866352185381
2072,16.176355862701122,2.334535951249042,1.17143441198737
2073,19.10311551704708,1.579368590242852,-2.045063091089002
2074,8.572629917835375,1.7064627236562808,0.7912033959827203
2075,18.803490167186453,0.032375408499251,-3.0190347214518085
2076,18.119392074993,-1.3380586146677438,-0.8721358124251868
2077,13.759566670082735,1.3947737446544015,-1.6325108248852582
2078,27.470691598219656,-0.9979757088032124,1.8003626935924295
2079,18.313044607617528,1.3932748162025708,-1.7684908543742892
2080,11.85418080998601,1.1766746434231674,-1.849226848956742
2081,23.38085839053885,1.381697145524796,0.4303554315256279
2082,54.33102321487403,2.3170581846124305,1.4882348658070252
2083,7.687807259996373,-1.4213045751661788,-2.082690526273683
2084,152.88448285089964,-0.1871392074586186,-0.8212854287760146
2085,26.994133690258067,-2.1473662598248144,-0.4237804854107422
2086,15.641090636008112,1.1638448453539487,-0.5952498247508897
2088,35.165163187244474,-1.446742433100216,-2.6470943565286604
2089,27.00278537282511,0.478703161623581,-1.6399151081492511
2090,24.90597814639548,-1.0172887545639375,-1.4265189667357687
2091,26.67406712208496,-0.1947087869410511,-0.4672582774189698
2092,57.03316824560107,2.3306575006623618,1.5432924059115356
2093,15.665411333688448,-1.107131727037206,-2.671841690648088
2094,24.619540084678203,1.7837519577413166,0.803752348471307
2095,74.79502733755392,2.4285145490133404,1.180537017529867
2096,14.694923563257053,-0.8379810637390632,-0.5166236574076681
2097,21.738639989896864,-1.930769965927952,-1.6953512104889972
2098,14.92884956555876,-0.1358262206430648,0.5297518429107242
2099,39.47951292148832,-2.1263109336320687,-2.864906043337668
2100,35.039974641839734,0.0618909703533884,-2.103982940962508
2101,9.339935880663534,0.3543838894779187,0.2897643676838568
2102,21.3536422668879,-0.0647812158398504,0.9658209307679996
2103,10.222761163779388,-0.085555610306023,-2.7612494324327166
2104,17.62546733533691,0.5280137120930768,-2.561262014683359
2105,29.805994040898057,-2.2566006266079106,-1.3101427832691075
2106,13.355711243303135,-0.9477771286055072,-2.545033306065203
2107,19.42804329847852,-0.8554794258127824,-2.4268888918702487
2108,24.83128235905248,-1.955639534876426,1.850977951415847
2109,12.904585096414738,0.1156335079795286,1.5837152199195697
2110,71.51788874902194,1.1980792181461566,-1.122861332541015
2111,33.78520684675786,1.5638765426608363,-0.0514983748594593
2112,13.55367930614643,0.5229096322448876,0.9295916362067258
2113,13.458268995538722,-2.3211576461986585,1.2839092744254206
2114,13.67893712917702,0.7096498641784262,-2.028247546649749
2115,12.952199204816354,-0.6530409828555523,-2.1980760786864915
2116,125.68498802365356,1.807436860332591,-1.679052990208757
2117,13.788155287940546,-2.256024506579388,-2.061510350268665
2118,10.745398410783352,-2.11467370008061,-1.332838269859477
2119,11.076395616940353,-0.1583468395888392,-0.0639491551168225
2120,13.34911883283121,2.0408201144619667,-0.8834111721394152
2121,10.537825390976495,1.263622442828471,-1.48427823744581
2122,14.070648135443388,-1.8715337780240096,2.9738776665994155
2123,30.7893425090568,0.6904912704230308,1.3247867612620576
2124,20.822541573099898,1.1371165776206729,-1.6498823536647826
2125,9.678284095017162,-2.0174995055434515,-1.2191095701238446
2126,16.83136417631012,1.06398731634696,0.1289118259302118
2127,74.47438933319346,-0.2131525633444833,0.3959279755330549
2128,23.0774379678288,2.298031423012538,0.7460357961529275
2129,62.65615086940787,-1.3076964116577268,-1.070117794358514
2130,30.67225891123349,0.1221088892535575,-0.02588213356521
2131,20.10888886836983,-1.6108036810237545,2.945832704543156
2132,49.90647507575347,1.3343351853662844,-0.1658253776902588
2133,37.47050105121918,0.8172493393157918,0.8504626672255685
2134,40.13738826301779,-0.8402244237846113,2.222277102847137
2135,15.13461184966099,0.3222452404727345,-2.116766973162958
2136,44.71728361017091,0.342296617111649,-3.069385537999869
2137,57.19978647385744,0.1367885890378407,3.0748455812900417
2138,23.44033941006189,1.6594714850747347,-2.675843988348778
2139,69.4639233129331,1.2200091980579095,-1.385209370905382
2140,16.61120425519869,2.16256803250112,0.7129645949332929
2141,11.593704963173888,0.0880663952844721,2.297482537132596
2142,45.02622757755319,-0.488643207154839,-2.362667503662148
2143,12.288741799724816,1.0381017528156695,0.4287121906110615
2144,15.848584368219155,0.6769597397431089,-2.7109132362961046
2145,181.2509991072292,0.7097614980263292,0.4563121977974745
2146,10.527678920835449,-1.954071995387048,2.030608002970617
2147,33.258750762955586,-1.738068387879623,-1.6853264656386635
2148,24.67337204161991,0.8645788267519482,-1.9033047573220592
2149,10.384400010765058,0.7367692969754972,2.2076048144059013
2150,70.08794980629675,-2.0779599560729705,0.8627989397470085
2151,7.610430089670607,-1.4535986461535388,2.981008703145472
2152,15.015098567020162,-0.6460254393210543,2.977982703596328
2153,13.823842042664944,-0.2045690854896999,2.5168666342183967
2154,18.847735972085182,-1.4031042975698096,-0.2498130736262982
2155,17.849639644929965,1.358744471924446,-0.3963070690809091
2156,130.1519252503679,-2.398045349577584,3.045442367884413
2157,31.135139047546623,1.573028539473081,2.0647862828185795
2158,25.77161090839001,1.6716495378524716,1.7753721177581818
2159,32.81104862062375,-1.1106245804303552,-0.9203832097148968
2160,11.911886042563744,2.0975657924157725,-3.0337980014470025
2161,19.49291718909662,1.6311274058521958,-1.832743464099928
2162,13.844488851311208,-1.8827849269577888,0.1765424862525315
2163,35.45398674625213,0.4172190757760062,-1.2176509953737338
2164,28.341303630871096,1.4447529624627038,0.299990127428076
2165,170.10067350941142,0.9403455705305124,-0.7675508197569627
2166,14.434170135425694,-1.2256997987487908,0.0333730875834816
2167,88.92421860902274,2.034615730558212,0.1261756449662736
2168,146.202366391441,-1.6965700548084846,0.2251013112335676
2169,9.341226501645304,1.3854804615260066,0.4433078253967443
2170,280.8622137864769,2.076861823559179,-0.3987440931460213
2171,52.67536557691944,-0.9708356743200686,-2.014417103080255
2172,16.886188893285937,1.764388868404932,1.0412268316347049
2173,39.75513444481168,-2.1836928338199737,2.919830846150546
2174,140.01657593783412,1.088218803476651,-2.803328274233036
2175,9.941661169029777,-0.1773954713851346,2.3249999312046654
2176,18.50517787976282,0.9109098438768142,1.3506379023161694
2177,10.36530606224981,2.3539932303562248,3.0381394764484195
2178,21.32829553446382,0.7760066885027724,0.7009509493655958
2179,28.09092440746056,0.3835670959093565,-0.1594207162555602
2180,9.826846740294751,2.061313345654443,-2.7314408098932
2181,10.644484919580734,1.096187916800215,0.8094760757899441
2182,14.222099973890732,-0.3757185585738464,-2.914074522295302
2183,10.645192563223912,-1.2056563115325325,0.5592853058986014
2184,15.862866150281167,1.792475050363677,-0.4356002112450577
2185,38.601230906848734,0.4735477707823814,-0.4108314622897541
2186,28.45633438066969,-1.527187577260677,1.8995268149351645
2187,16.218000031032872,-2.377041250221103,1.9502877231027924
2188,50.830404087638215,2.2689725540532124,-3.0834125886115755
2189,18.11251612455672,-0.4284900001553348,-0.1841362034362501
2190,15.824150045267023,0.1606907370753059,-2.1603465956382624
2191,12.14734001425484,1.008180701346746,0.3711564989779652
2192,26.76019447461493,0.922245855899392,0.5453033745139156
2193,13.718078402667093,-1.94802181532346,1.3263928143990025
2194,109.62323445291662,1.8926917486695165,0.5800585657703791
2195,36.31696182487194,-1.095049331123984,-2.582699810387603
2196,31.815938325812915,2.316307827041375,-2.2848298595743968
2197,24.678701594506283,0.8487709749887175,-1.722411332635109
2198,16.8132118118558,-1.855283063051214,-0.8580805149786151
2199,31.199139005140832,1.890770601661572,-2.4188279796339773
2200,16.90801672135473,-0.2596311830497441,-0.9027236630516864
2201,13.446185329357824,1.299793697423733,-1.328005101210493
2202,26.21805422292599,-1.3732489664379592,-3.1134937757960275
2204,11.74026442427346,0.8122777245402364,-2.0500951097444955
2205,65.78934049190583,-1.6997264109813637,-1.440450583201259
2206,12.683360414910622,-0.1561312699370135,1.4170520224465182
2207,10.453889188308851,1.1874806812158507,0.7549492807206423
2208,28.509615257231,-0.0249853437740857,-0.7676745315483666
2209,19.05203521526565,1.1106293493510937,-0.8538791503465678
2210,49.02416625544535,1.1753850146891678,-0.7107789575886069
2211,25.117017277747784,-0.0931519662688825,2.571588840364151
2212,15.655521894903364,0.0099935562070265,1.2182540345625663
2213,93.80921239084014,-1.017079626497701,1.5421890509753051
2214,110.77452643781388,-0.5227576438908256,2.695518671295549
2215,9.640185915759332,0.5548436315821496,3.1071004480192124
2216,22.145372352788225,1.1143049162405083,-1.9602985372502653
2217,13.669922026181672,1.4841093304763542,2.7623255889917524
2218,42.552849566688856,-0.928255255543194,-0.2591668560449215
2219,22.181978837930032,1.8096984416147888,-2.305420159710904
2220,28.651603880671555,1.2905437819617134,1.143756918011818
2221,46.61946435447325,0.0247869629542075,-1.7783514176022293
2222,28.58637279045893,-1.0626931221283964,2.110426508394033
2223,18.391879336328664,2.432828099633097,-1.7076306807790127
2225,22.09953105073929,-1.814475673487004,2.905279142594056
2226,16.479714958552655,0.8084651950555714,0.9574227867867036
2227,29.41927826710441,0.0679925712965754,-1.4825953083628058
2228,7.47336180908162,0.090070813778581,-1.8848528394401045
2229,35.12795039438495,-1.3718043996404323,-2.334180297108776
2230,19.11587467790337,2.335696602207456,0.1280169471268692
2231,72.51302591892464,-0.5650027792345848,-1.5677844570126929
2232,16.019289608881504,-0.3661791982795484,-2.647282746684539
2233,14.071247714393316,0.4087130748005697,2.5077334535059914
2234,22.460894109927665,1.2934127699378288,2.937761599103277
2235,10.20782855343173,-1.3507062449911815,0.9150416961214072
2236,100.1030469126465,-1.9366057646765624,2.993650975563737
2237,30.540207070402708,-2.272586583595828,-0.7244111806489829
2238,14.322391251514246,-0.329648086140997,-2.973788346079892
2239,19.30817571556221,-2.220306531623521,3.1326267856693777
2240,23.03545001698554,1.30951253783781,-0.6155595145761105
2241,22.243299231365008,-0.3761138533292882,-2.5351604437996875
2242,59.86840534720793,0.5012642434403949,-0.6467772938992177
2243,12.390489131383353,-1.903101661951208,1.198812459819918
2244,17.3101153955071,0.8230096836606763,2.1785260770253387
2245,238.66880269521,2.475360263710432,1.667686916436427
2246,16.468224545353408,1.094552707131376,2.873310336659002
2247,24.133350954695707,-1.2480710403851965,-0.7916507748654263
2248,20.775459756240235,2.4990665535268946,-3.138652605676026
2249,45.93958512359959,-2.0149487628070744,0.8589630556448609
2250,12.2999191924818,-1.287877405399116,-0.7641128828081138
2251,12.5793603556466,1.075598213997073,0.0037238002352699
2252,18.23472750157074,-0.9459928275742674,-2.2165593000987
2253,12.928460283351482,2.2967802398528585,-0.003208179336474
2254,63.655170266725705,-1.21949868984155,2.214367355655376
2255,13.858031445150017,-0.1662357169244694,0.9304783228250862
2256,46.82838580159545,-1.2065546907747404,-2.284568582616473
2257,19.16654820691637,-0.4741586148949195,0.6212405228436485
2258,11.990355681406085,0.0011521957430924,0.9740176906872664
2259,28.300045497183163,1.0118903704068698,-2.82461796432285
2260,29.50296949040005,0.5733822209320013,-0.558800200894804
2261,15.940454781424366,0.5077713275918846,2.813186558315452
2262,32.639117189875535,-1.2599531178305607,-0.1298232240148247
2263,39.92868513574868,1.0516681772057104,-1.657428372107498
2264,11.94423489019352,-0.1323347739988335,-1.819229706155748
2265,87.61193816477497,-1.087799831494744,-2.8828338649872243
2266,64.27812134144938,0.9913462261190472,-0.5665786550507429
2267,9.827026488012685,0.2769363210843133,2.233220214284652
2268,44.248342695517,0.1026616745575579,0.4275962363326809
2269,31.4303202218653,-0.6820132251683889,-1.974071820076511
2270,1.992275310171328,-1.0841347974298683,0.5677565384525713
2271,63.254537802357575,1.5573595428901663,-0.8545345131417773
2272,16.31380887445402,-0.6010705849221767,0.5432342952488417
2273,12.825234915110435,0.0765004580573704,1.815768008909893
2274,54.78001183613837,-1.6110929322887222,-2.783547220454916
2276,22.852975888711427,-1.718098648808826,-2.430022542286152
2277,6.886519343211076,-2.418585414959624,-0.0349960988958849
2278,46.22412325344547,-0.3791090989703553,0.7262514121854107
2279,47.23356009290101,-2.2035759516496065,1.4603650908210466
2280,21.880244711113967,1.656418396137341,-1.4092428107241426
2281,10.655262487083832,-1.6398522025421625,0.4879416208660348
2282,32.80649978718934,-0.5283263479317496,-2.207074098881679
2283,43.60556995000102,-2.364186854436569,-0.2857519521178088
2284,22.404767578280502,0.5337422946818878,-0.4676483372825563
2285,16.00300376486138,1.3781196947236614,-1.8464906309498328
2286,32.52283976259367,-0.3795713937049912,0.0043352369383781
2287,50.63987090040001,0.6284263290420944,-0.9044761800720196
2289,11.021016301523884,1.841739726774123,-0.9280409922418004
2290,50.90272186082731,-1.9252095014256805,2.525702880965764
2291,41.915997357289655,-0.5055986826745942,-1.7384972454041128
2292,32.62361000045952,1.1307508733605216,1.1854080526747923
2294,11.81106780104822,-0.8595880653511226,-0.9297597395742836
2295,52.613400668794334,-0.4843225057073896,-2.924805002538508
2296,11.037846520944294,0.841335305948479,2.3322521375780614
2297,37.81273084328658,-0.2783677990251402,-0.250426538983458
2298,17.71667103895428,-0.6267999578626009,1.9452253594190625
2299,21.46416752580467,-0.1196977216519118,-2.022381284076174
2300,30.278054013936234,1.9752035044503191,-2.412306436790782
2301,37.40484950964961,-1.0911505255995455,-2.3488935617961264
2302,70.64820180347488,-1.4066457320477312,-2.588916787013547
2303,28.43348239008375,-0.7811856994483517,-0.7630298342567732
2304,11.49769245399516,0.8341659476310596,1.8768607627125369
2306,13.990546744555552,1.0545002441959384,0.7132809283776604
2307,10.483989438580792,-2.0112069468903897,-2.523469527151032
2308,18.303269820617384,-1.168092701206797,1.5773679974041053
2310,9.938356431966238,-0.7356389919677206,-0.8379552127785534
2311,17.404710439419507,1.215023846155952,1.9920644921204045
2312,9.272777793648997,-1.2939076342832925,2.600586886162954
2313,8.344362939381037,2.386091930521801,-2.188315552543912
2314,54.447201824928925,-1.467743919950718,2.07874082877303
2315,30.331801468177296,1.5746598172908446,-1.198544159121873
2316,17.668192022371557,-1.89975027159706,1.2982889245306877
2318,41.20709034590062,2.245268535834465,-2.443423066814401
2319,33.7593719540867,0.9450696800995168,0.5953023781037536
2320,15.33465743753113,-0.3641683017730961,2.0880753354348576
2321,42.09822415457618,0.0922363002630873,1.985408672196093
2322,14.385947257957612,-1.667601277869759,-2.0535809626120907
2323,29.08494843847327,0.9919587565192752,-1.965023374428149
2324,12.62723735905502,1.1105162775194364,0.7380077700131598
2325,17.04725898823527,0.9650057156788524,-0.6243317440997475
2326,59.03663317911684,-1.3330851184278938,1.0083161485677454
2327,85.70902704838706,0.5480359055009968,-1.0648283144323594
2328,15.074639627573308,-1.3939958942464297,3.067825573587908
2329,39.60814503185426,-0.2054148808269392,-0.9726626434207976
2330,182.11426479153184,-1.4893314678639091,-3.0796638272892745
2331,24.38583197021961,-0.0676580806508055,2.1258596165019323
2332,57.33437141786775,0.9643620460732047,0.7363395430673928
2333,12.59229029199557,-0.309019903401455,-1.1023178104678415
2334,15.778618001567006,-0.7433285057023687,1.8594408782597995
2335,37.32359152803895,1.3070797920589206,0.7505414898409539
2336,11.245517625667382,1.437066257635281,-2.9432288708884293
2337,53.89748488672907,-1.431761686479086,-0.7563593220607499
2338,9.925768000651656,1.8422800880059167,0.6564394747923138
2339,25.90179002141958,0.7064721808332272,-0.5151835400471352
2340,17.974256670084397,2.430787118928212,1.1823825618716357
2341,18.717589485225528,0.7831650931953706,3.0527812942862824
2342,13.01756157069532,0.7280092965573586,1.547683501176362
2343,20.030432948380103,0.955785580512953,-0.3328202456912346
2344,10.713107750211496,-0.9669380333197208,2.1541513005108595
2345,46.18099325379939,0.4228836666949073,1.8521370832531707
2346,10.846651648400927,0.3096347929616703,-0.5557862537268726
2347,17.21512990556246,-0.5478206845099891,2.194244312030515
2348,30.425134721115253,0.5698692319925611,-2.2916816958434376
2350,45.13387673733669,0.360068881955219,-1.0977525075531651
2351,28.482654409134096,0.0400728853692565,0.8905837160673591
2352,42.88214423642517,-1.91904578151792,-0.4585586109789291
2353,5.809219585500397,0.9501446470521052,-1.2591988981751738
2354,17.505062747035073,-0.8949987747150665,-1.6778389575810229
2355,15.983072805139438,0.2961130507240224,-1.2405325372841296
2356,30.03405562130032,0.1876039518232496,-0.2392139091539171
2357,6.071682427009358,0.2164366449677238,2.7894078263482203
2358,19.61682125194105,-0.410260536478072,0.4799157660498033
2359,13.22473744131014,1.3813174908025818,2.4995424597880525
2360,16.66796910753762,-2.0277922157012966,-2.962909263813453
2361,16.467645244089933,0.0909380575655635,1.5714251943988164
2362,14.448796993254552,-1.9444580873732096,3.0499143615688897
2363,52.59434169471744,-1.398842277902569,2.371071914621037
2364,18.67002564488884,-2.175970186974081,-1.3001544248509391
2365,17.353387398298132,-2.1249457877603604,3.062095497495629
2366,90.2022979736105,-0.9029796033705356,0.9299727382201556
2367,82.40693597655155,-0.0206593513840127,1.9247797814831529
2368,63.19691506516066,-1.6519170238538852,-2.6823847843065933
2369,10.429381566404324,-0.4520087672152054,2.143177549872843
2371,40.95340460028265,0.738106937665688,-1.290915525842254
2372,12.737163726322503,-1.806499409170066,-2.681337830125278
2373,41.52587676546168,0.8078579240013279,-2.496015876355101
2374,14.904880035487093,-0.6066171006369737,-2.451115556868225
2375,13.764157707376954,-1.204589619407869,-3.0259990552071883
2376,11.166569634069118,-0.2264272847927089,-2.2851753457964072
2377,10.76503702442922,-1.7098882591148905,-2.843250413998247
2378,13.84559462656324,2.4390152689599587,2.4743977831102217
2379,15.662052676107631,-2.17697249594465,-2.776337691371526
2380,35.03083438757713,-1.960002704416668,2.142702622384839
2381,83.82072332451321,-1.6358333179122302,0.5264285666020266
2382,17.985774680773144,-1.303438639768759,1.066317272497568
2383,14.84854263134397,-1.3662663953715202,-1.5779745357932502
2384,22.26764761133777,1.046223248119424,2.590265849008475
2385,13.466325277180294,0.1237670525989838,-0.2151990750622149
2386,18.17903514606726,2.009151508600008,0.1453958098967153
2388,33.30091272509544,1.9153318445958984,2.440954147019084
2389,14.915744190206084,-0.3653456898427608,-2.5812047660261284
2390,11.162210716001123,1.8383894381863253,1.8422961556786792
2391,11.673052996771808,2.1511992107813915,0.7370932728288357
2392,17.732035220755606,-0.8627239994732,1.4192629236639132
2393,17.43656139523034,-2.246081188147652,2.0557064378951884
2395,34.32061218381682,0.8654335686810332,-2.621882034982584
2396,29.734645458153874,-0.4763931495292345,1.351863144174828
2397,87.32699584981326,0.1481947930126342,-0.8568830517806566
2398,17.626807847073323,2.263936170852778,2.8875344417340814
2399,53.25770687476454,-0.6351575364696781,-1.93604945670242
2400,22.076002930051224,1.547736308661323,1.775486361778425
2401,27.054734310528985,0.4093578540250338,-1.469135090805726
2402,36.72551641907918,0.3454926570444337,-1.4408164974151951
2403,22.50692369783228,2.4206683330811902,-1.448972151265045
2404,60.16643631136274,0.2410639791897609,0.6728582640469478
2405,42.08299914439917,-1.9585561514620384,1.1724720888271218
2406,12.95688897391537,-1.328420696522367,-2.628839298771104
2407,23.43308386256293,0.9204277890639704,-0.0152338164583936
2408,37.6195376472073,0.1730065451918251,-2.7173764371276588
2409,74.89174954233555,-0.8407328067687718,0.0774278938758619
2410,38.88407695835111,-2.385379516231166,-0.2471078295919644
2411,12.345157057262888,2.099901050288304,1.7017384422632231
2412,30.47254502663638,1.2992832201193656,2.371980152731348
2413,59.705950324541845,-0.9574203278215628,-0.3150066694503738
2414,15.038386761884563,-2.2873472740835603,2.5301461289676244
2415,39.1792945888084,0.8965427657840888,0.7771308950456282
2416,59.386142869327145,-2.402507629916279,-2.1782747217971927
2417,120.0333953399848,0.2027457591383814,1.3835707554053291
2418,9.731928323813412,-2.354478517708148,0.9744484271392342
2419,137.95745780995728,0.2769132127600385,2.9064527257162
2420,45.366357423248175,-0.9976821633853408,0.2348551777554788
2421,13.273209721999764,-2.0534207944654552,-2.880064664454161
2422,195.1389601047472,1.1809481841703466,0.4386419116894257
2423,20.22605176871553,-1.3373757104473494,-2.0846646585896784
2424,35.82670952011159,1.1548600728168676,-1.618055013066304
2425,16.38075049048725,-1.333620437356437,-1.8917845982612207
2426,28.27138609244153,-0.3302134171485509,0.0185306142492636
2427,29.49707545345022,0.9224280286343032,-2.542546624376299
2428,34.08923563444451,1.7928096777385905,0.6631536203744377
2430,18.2237616865838,-1.72239569288809,0.0915772724773498
2431,11.269345461617318,-0.1531012801392809,2.771310055725416
2432,26.86713407540947,-0.4475515272807884,0.2435617288135769
2433,14.701880689465373,-1.9594571190791048,-0.7234687578679082
2434,20.94798867826246,-0.853591794641125,2.7674034335124253
2435,15.452490179009748,1.0126900303531694,3.104608798746123
2436,16.232684587530102,0.4527607214936655,1.6016663673465117
2437,10.678071238903437,2.215951296901831,1.854128356350221
2438,16.82385763864859,0.3024145434777863,2.681732766749859
2439,23.69328502479566,0.6340100732804624,-3.1358587063352243
2440,19.92357582409932,0.4837730582065854,0.2027222614283252
2442,29.625797430878688,2.273247085789872,-1.4443672136987995
2443,58.60182265167272,1.935103157032264,-1.4098745704075415
2444,17.910471387368716,1.849901498459817,2.376567018428553
2445,12.496901886656604,0.4116184474728879,1.6767541233948184
2446,79.76907169393776,-0.260549798637804,1.2370989130907823
2447,30.20350280041737,-2.198825109707922,2.895891095405034
2448,15.185395145809688,-0.745369085686112,-0.5589951005541066
2449,26.920419190299096,-0.0047198804244974,0.0050374140119759
2450,313.56976592821775,1.466967810312105,1.5174878114943842
2451,18.77225341421564,1.3874532515720286,-2.961074402003486
2452,50.156038659112745,-1.804500430609536,3.0565721979631983
2453,15.645051547573066,0.7597469110151729,0.4267167205773168
2454,44.36687626117615,1.9820010392145533,-0.3771117656333321
2456,38.37644608876624,1.015037812757138,1.455532859176189
2457,15.322260334576354,0.885311101466038,0.8543059602597202
2458,38.72378008670472,0.4312860401839199,0.1367519788023839
2459,10.805209749318758,-1.289752181468488,1.983580754846608
2460,10.978436436923262,-1.684860144314981,-0.1431207316068697
2461,29.84396545812861,-0.6298315033487822,-1.5624834578743363
2462,15.324104420314104,1.151256254426377,1.4461369126109025
2463,45.05522750240729,-0.5025623591637933,-2.7168899946201286
2464,15.638307566728866,2.231051587977019,-0.0491358316492345
2465,16.063647325318456,-0.8258311817643342,-0.4118750611054997
2466,13.956834774070884,1.960488516289885,-1.591734906448825
2467,14.087789652310237,-0.2725526846715208,2.36267337387343
2468,14.720076584828089,0.125838431813583,-0.3373984750985532
2469,16.307950634001923,-0.0716251201116248,-1.2135095867330052
2470,23.47174036123664,0.5189089630331529,-0.6162968478834465
2471,20.51919821587354,1.583158970120017,-0.2957524497971119
2472,52.08004020542686,-1.1116887981563377,-2.529726615297658
2473,25.14938252606996,-0.7530521894545541,0.4636933430400029
2474,13.311431778470943,2.152173041925261,2.33854972031204
2475,20.98174866652076,2.490713575977804,0.0467397632281504
2476,28.72204447624912,-0.8642239319149162,2.0109503606954373
2477,22.59487771794803,-0.862603047514808,-2.2999582876447624
2478,34.13758276648513,2.377248895961008,0.0573488150429203
2479,60.84465026922798,0.3841405945017804,1.072511023742072
2480,25.420288780523727,-0.8217541233818186,3.0696687906940694
2481,11.808481239804964,-2.1573676385052467,0.5470907084001454
2482,85.96125815136914,-1.5761635984865223,-1.534394158906433
2483,53.64153372502841,0.9739374001501174,2.13112614742985
2484,18.21740663379139,-1.017455071148343,2.074320017341794
2485,12.525025384136924,-1.959202787872556,-0.5343590612090952
2486,32.76298224485261,-0.2262454309365497,-0.9810747335170558
2487,73.05725369301582,-0.4785673746850915,-1.471963725744412
2489,22.03890003227304,-0.2196857911426534,1.6946563706776188
2490,163.70369540842833,0.5130195064341802,-0.3873618174673304
2492,18.67174437561287,-0.9680273453140924,2.0907020517579107
2493,12.400029064956078,-2.215943475933387,-0.8095739773034575
2494,12.865267945791595,0.8263257107685986,0.3878146430430554
2495,10.300314256308388,2.075644084492972,1.7008214330140463
2496,14.247381578472485,-1.8513149998133225,-1.9479239849152683
2497,28.95639833528236,1.778037663834722,2.366277202752964
2498,11.816311722859025,-1.212858458259643,-0.4820479269481718
2499,23.74347901162325,1.0815329767783932,2.787758226432548
2500,15.517987204553112,-1.5729499951129853,1.9239003477172496
2501,10.75413871217949,0.7680511065355068,-1.538329767024266
2502,38.38180062561421,1.4618126380884957,-0.0287987710600215
2503,46.85065004714103,0.308664724279338,-1.5227766741308646
2504,24.385406249144737,-0.3435476811452086,2.467854235579964
2505,73.98121906719656,-1.7988365051712611,1.69766437762929
2506,31.10126220536128,-0.90897301459461,0.6643990615009636
2507,18.12769668279711,0.1071461274931066,0.4479358578010553
2508,46.159928553657,0.7413335906800397,-1.0881968914586182
2509,78.43998862450192,0.9888486154769844,-1.835467740014147
2510,10.945537330642557,-2.3277053985429013,0.1168481465612112
2511,42.71399245215998,-0.3122705061601485,-0.5865495361137802
2512,50.90047586904134,-0.1604271652612977,-1.356695360196643
2513,40.91849219712897,-1.3037674976135172,-1.1396338209239405
2514,12.067249040641526,2.05973062340825,-2.283972018620684
2515,20.504789574763933,-1.1983313926431405,1.6050688437242735
2516,65.62363077121995,0.5015761211922382,-2.524353282906589
2517,10.307898296422318,-0.2444000316569395,0.3568633052261873
2518,10.458229980296238,-1.7516632311963838,-0.8443964603446297
2519,25.12134674788123,-0.0705493663425313,-2.669520559408905
2520,22.361456061567,1.6493683340690994,1.8291485615857568
2521,20.80203199345236,0.9828487529589875,-3.0282485192233954
2522,20.33327612633936,-1.4082920372349106,-0.5453392019986614
2523,11.599834235645256,0.905349897301505,-2.172772381644411
2524,27.48099111828808,0.4384477404655399,-2.407896542459562
2525,29.623163528665724,0.9408843229679792,-2.3843705423128867
2526,14.77392248719883,1.582875687437027,-0.7397459685445578
2527,13.629054397170856,-1.3155100956751289,-0.2302839744422027
2528,18.75377640458673,-0.1117304181442208,2.554006248158968
2529,22.4332213582307,1.3082342719275228,-0.725986884105572
2530,103.90530104541445,0.0422125865764883,-1.131375001883579
2531,49.46335998978783,2.332741576582662,2.395012721172166
2533,2.04790289904137,2.1701426549200127,2.387948950024277
2534,50.85812397366808,0.5219476404423387,3.0037831048636097
2535,25.25022674200468,-0.4146299796483844,2.1049634717530945
2536,45.28657347282151,-1.178815604709332,3.053591823085651
2537,17.901395207060904,0.0290985389903888,-2.681167172843945
2538,10.975508684077203,1.7192733519950945,0.4929348873844783
2539,21.073976979774475,0.3413566450819826,-2.1152724306340507
2540,22.62293102207665,-1.2514814971720516,-0.1919750500136896
2541,17.862593313826153,-0.2335116339030651,-0.5274827438235034
2542,12.446655014812425,1.8243124771617687,2.360016790342617
2543,11.433310167366276,1.9414271924783515,-0.0791673883335395
2544,14.417754775680349,0.9209945930036312,1.8595534643529128
2545,16.734079024309803,1.8707671670458783,-2.583252397893428
2546,15.28858430080867,2.2405007779026374,-3.0015230272143656
2547,1.292215586851154,2.324375681418287,0.9319397479662034
2548,101.85002714036318,0.7505121588304003,0.555945629697282
2549,26.52738775003982,-1.7200950440564895,-1.7361603597903863
2550,14.350695565762855,0.708724585544845,-2.528440049256893
2551,36.57485982427485,0.3304125398274696,-0.8558767053113537
2552,62.379920339975726,2.2875987194627787,-0.1633421443957324
2553,25.17604594955496,-0.8502615726001111,-1.3824782986817847
2554,21.48518154410393,1.167754978030138,2.8276048739560338
2555,44.0663684883933,1.341546738438823,-0.5093093613808137
2556,13.887045712790224,-1.2804570368600785,-1.5278289828852265
2557,14.50426498376008,0.8024368345198997,0.94251344579451
2558,14.67065111168588,1.1297080112526212,-0.8455077895455806
2559,30.24880722297088,1.943265993900873,1.021303739166045
2560,9.913759730800924,1.042945877951903,1.3551679644592496
2561,101.4279128215624,1.959431609141284,2.7755331528516125
2562,7.883545343381516,1.587525429265415,-1.8395718121858653
2563,70.69337404997566,-0.9718728188673184,-1.9866701675269105
2564,17.643715031660438,1.8041368222291456,-2.0337504585530364
2565,37.780513527507466,-0.3510777339799718,-0.0864830426321353
2566,28.381494105431745,-0.3278209800001325,1.7713648325247435
2567,90.56368063389496,-0.3888917318453748,0.1360629275259022
2568,20.31051461842104,-1.7735728349343058,-1.8651084332640808
2569,32.097943804201456,0.2862775814701293,-0.7932055016134133
2570,14.738026816695813,2.2621720128285703,2.9629087851677327
2571,37.93393427981354,0.4686208641852826,2.696917778402752
2572,18.092437132874466,-1.1128486997772775,1.0330537001875149
2573,12.50597982549974,1.4555395751149225,-0.7974243158026252
2574,11.553822613728626,-0.248477604098017,-1.884743516090668
2575,23.34279195645549,1.2924172817055073,0.2049721176290026
2576,35.89019277962704,-2.230199894223731,2.3513359043100155
2577,37.39566035776007,-0.2039649525235786,-2.3065497175571705
2578,93.5540452978974,-2.048082996297608,1.9828741473610945
2579,23.411661258119903,-1.2681318128595382,-2.9023849605294174
2580,11.138478965384843,2.0824613158249448,2.9667494167487787
2581,15.298741750662032,0.8971950689116982,-1.3471409993965806
2582,27.05952449825625,1.9121792452118327,1.7054460136856244
2583,12.156604841859616,-0.725249669202639,0.8068913939043426
2584,27.06955418961269,-2.068570989251788,-0.855193152977567
2585,9.260508486176516,-1.546606493998634,2.709424958959818
2586,49.507003746013176,-0.3455573949653426,2.819218066351965
2587,13.111507441155393,-1.6160887313197785,-1.6395487281853591
2588,24.060620729815284,-1.065231425072352,2.350310991082772
2589,18.5538145902698,-0.3442590068198949,2.4068991878812294
2590,51.01904192929753,-2.1866609548908893,-0.1531224283952519
2591,9.987584625033817,0.7139906473388218,-2.2365239226350178
2592,43.04012281800833,2.004429855942545,-1.8368295216397128
2593,51.672912579169605,0.5352171756180529,-2.02540551778366
2594,17.012118769369028,-1.2389748467008852,1.3836298635095927
2595,7.089206155008327,2.275107305213584,-1.0917903757630505
2596,21.26215575050984,-0.9413396756588271,2.2943156704814185
2597,9.182447107884949,0.9127253062561568,-1.276989712601628
2598,15.372763904905655,0.566186436255159,1.021271400992967
2599,14.595092393973284,0.7934480391216924,1.552036146232228
2600,10.987474914263602,2.2385944996967577,-0.2297292547390627
2601,14.780025856619716,1.4084875189824038,-2.676448747599033
2602,52.90275891935868,1.5107964330347337,-0.4099375263228613
2603,23.87144456302051,-1.1531052867287714,0.8946958504192288
2604,14.843285624291498,0.2930703385722601,2.042575987771607
2605,17.02088652403787,1.0254643454508707,-2.688544427334059
2606,12.128776671072474,2.2265618482504674,2.814059096902709
2607,15.583545530402448,2.2303413374998824,-2.01362310120763
2608,14.881616081888424,-1.7167424423501123,-0.5192791247937838
2609,36.88254408250914,0.161593574980501,1.6544156931165206
2610,12.91624729141677,-0.1128332182655612,-0.6061424672829601
2611,10.690993116777095,-1.8927161492767024,-1.4975381237461012
2612,18.036050289214856,-1.6816268212223096,0.4159445846901306
2613,71.4872610677472,-2.023923518480343,2.90444134079716
2614,10.12851849810314,-1.7394963026040635,-1.3254947811475666
2615,28.87784991387515,-1.2530666025170512,-0.8404619248113308
2616,28.125765104241584,-1.804887965493508,1.8224348898117435
2617,14.240913056139563,-0.2270161459183473,0.3023620998444657
2618,47.78130493267914,-1.64120875383122,-1.82775064393952
2619,21.48042221645388,-0.6895526555934253,-1.4280125870656502
2620,17.88580544352223,1.415581855721158,-0.0985723531237244
2621,24.13446183214737,-2.372403804027398,0.3353878935030067
2622,34.540601872031004,2.2838568918490423,1.869383774956621
2623,19.85305307084706,0.19117445740271,1.7744387378208148
2624,30.19616521846034,-0.0756664748402695,-0.8462315867111764
2625,14.963846936995324,-1.7057365170412455,0.1535911167955084
2626,22.96323143171659,-0.3427907134572836,-1.5174071387483634
2627,51.24759527373856,2.4578913703797665,0.8311115793573567
2629,16.497964594953615,-0.1849181662433836,-2.022214633178455
2630,47.71711948325832,0.1486818447357584,-2.8906313406541027
2631,6.058864397674151,0.2481883032357453,-2.09595277229866
2632,12.042488712066351,-0.9283213273812516,0.9978003539388658
2633,20.48452294570616,1.1668684051318825,-2.8331930908759864
2634,13.991962419897126,-1.870046980170032,1.464053192225615
2635,17.510874682791886,-2.191128762340397,-0.8467388167976385
2636,47.80378857579792,0.2855749270558914,-0.8454910790587555
2637,54.83053218176407,1.9594835382157376,0.9281970036784488
2638,15.401057227060669,1.083897526879717,0.919708448749377
2639,23.24619063173854,0.3587451413084177,1.3299531621366592
2640,82.05806511142605,-1.1579989278965055,-2.160543402180502
2642,23.338249829074595,0.1728743976215096,-0.3454892646421564
2643,97.088214230702,1.7589663731867065,-1.1604566827087102
2644,84.42407334635142,1.7502916282582053,-0.860762121705225
2645,20.935517808110724,-1.0393394134437175,2.5496509569066994
2646,11.213135036912846,-0.8719788279690744,2.2944167308344667
2647,16.144162321110848,-0.0707021435351016,0.8814884668028015
2648,17.806931587877955,1.6806556288123222,-1.1061883139125994
2649,39.40470397841164,-0.3753035690464794,1.56410383042695
2650,131.55418998334127,-2.2256191993811067,-0.5520967759151182
2651,10.937044022748172,1.6304049663427784,-1.7665334214278436
2652,12.387644985299175,-0.8125780101442318,-0.7810430008429248
2654,24.106612449663285,-1.1693632613291138,-2.99001374746134
2655,60.02837557230338,0.6426238174693878,3.113045008727972
2656,15.375049580397462,-0.4592116760130566,1.175368653819607
2657,15.46155390026468,-1.1726903380111682,-0.9441159330780408
2658,13.705961780506232,0.1884531528613446,0.2392272273098289
2659,14.67989019776036,-1.3453892383065875,1.3407469170803856
2660,33.29792893479767,0.4871160009335974,-1.1996759497799476
2661,33.26109252323556,-1.8954696389525127,0.0344024156616623
2662,30.025312298054725,-0.24130745856146,-1.170259992728832
2663,12.248716324777485,-0.430290899384203,0.823593601468121
2664,17.163368523767005,-2.028801901193349,-3.0718831459788123
2665,27.19640276653679,0.9608229633838612,-1.6727509565840166
2666,10.512233604745733,0.6814411208904158,1.4320319516087112
2667,25.41145270800111,-1.004272074261327,3.085076211521005
2668,20.79443119904964,0.2721956388608637,0.8382622476869532
2669,17.63862176197919,1.324039625293694,1.74077060887178
2670,55.058501186291615,0.3576979057882385,0.7534560841305747
2671,52.62136000467138,-0.4241819798503539,2.091180894466125
2672,13.997168461724556,2.060711089223681,1.885054427287188
2673,16.495134285557754,1.913373940932404,0.7467303250185862
2674,14.485148706252076,1.1542688690805771,-0.6664801389272466
2675,92.61667258613754,2.250275032575824,2.6432294608818188
2676,42.3052924552098,-0.8385201799600911,-0.2898504322500364
2677,14.386124315501638,0.744727501626617,2.666419011388871
2678,15.394949768645258,-0.8825901868043425,0.4469297652761385
2679,55.20254112938349,1.188197850750816,2.2000611303923883
2680,13.409024622182129,-1.8051079104610763,0.7848208816318438
2681,11.209593897688528,-1.8496852678143128,2.129540231949864
2682,25.61392748724029,-1.61434474345164,-2.878255437198406
2683,36.88914187643554,0.8488498087749906,1.2915422685741806
2684,48.83762694217965,-1.7771824200753428,0.7530749773993493
2685,14.494075697892198,0.2904944454419428,2.156918091602119
2686,131.0934881367611,-0.2715425079066377,-0.7268252473121586
2687,60.66904377962091,1.57990693909807,1.270827392657988
2688,15.572742305274785,-1.3407056569588358,0.2319686415251595
2689,35.9771166268418,-1.1655559212269762,1.1616866895502609
2690,14.420745413488676,-1.294713875443659,-1.9640467854067605
2691,12.44975157480746,-0.6361798166386705,1.0621940361539932
2692,21.55639537910296,0.927829051511746,-0.7055564589498787
2693,17.256468709756327,-0.5426009405831888,-2.864781225545132
2694,16.23227626762567,0.6014683259000604,-0.7308372316162023
2695,52.30331269823333,-0.2439411956791408,-2.5188247340384207
2696,15.128674240393533,-1.9019685529209875,0.0644136110281689
2697,34.6660800943538,-0.1550946573249852,2.418231945887722
2698,17.827319831116277,0.8242214253643402,-0.4866411801055507
2699,22.847188985266712,-1.91327385021397,-2.710521418510024
2700,14.910551103729825,1.6100516385225268,1.0078306516114035
2702,22.12492811534596,-0.3134899657545991,0.1090582134432995
2703,16.39136757131622,-2.362498279341735,1.6669939861539578
2704,14.031208641040037,-0.9711629687480544,-2.7405020367075936
2705,9.129556741961126,-1.3312623319779031,1.100334823107388
2706,37.342394537507786,1.2398740681039349,-0.5511831811579654
2707,21.74308849198481,-0.5861224966534883,0.6667927991799464
2708,15.302484969549594,-0.0654247255225688,-0.7834230359526329
2709,68.36968129635726,0.6957775587908063,-2.084331963620812
2710,7.924974663199396,0.3668455939197926,-2.0038404606132576
2711,10.23823338481358,-1.8708471819275143,2.719911168374356
2712,10.698317866174689,1.2287353720281662,-1.6119789258839106
2714,14.974764091818642,1.9522265805223744,-3.0782464732690187
2715,47.52872056421183,0.2200075487251843,0.6689155425041499
2716,88.2678242148806,-2.210282223043951,1.1076274505887085
2717,260.98049179586826,-0.4955768269794084,2.175190422337304
2719,17.57315082642997,-1.051351688488406,-2.14500156779982
2720,68.6824890095589,-1.2807242386053372,0.0940297756406343
2721,53.26909781757783,0.7049324855108301,-2.988294864472034
2722,9.912437964958558,-0.6007416274821112,0.4962459100289486
2723,17.5131976357438,0.1664281441596237,1.0246574174766212
2724,9.448580489017068,0.3470542569004952,-2.530070536819332
2725,116.15138037184174,-1.0416326022140343,-1.8707432801157704
2726,12.093808549015504,-1.8878703433900803,0.0432197611980236
2727,35.80527259166755,0.5091365904637104,-1.2499200287946377
2728,31.999658167891653,0.1290445173206552,0.0519902891590117
2729,123.03659835254626,-0.6883421501763486,-1.0339381499738518
2730,23.234870085225424,1.621215950432186,2.134435476443082
2731,12.106216047262304,1.4136552412385222,0.4356700106525567
2732,12.11003599380261,1.8959758098502943,-0.8678515858327812
2733,22.84042514966796,-0.8096589986738272,0.5437948905595015
2734,9.401884313587049,2.283325592835729,1.5490619178337868
2735,11.139952986683696,-1.316785172083831,-1.4902268247062058
2736,4.497889899903338,-2.3166332193426307,-1.9487740913377327
2737,9.14134312799968,-0.825156349772951,0.4672267424312499
2738,19.929114798047788,-0.1176262778414101,2.5228598960854973
2739,10.61189527049431,-1.2263095007760745,-2.512986384614108
2741,10.748230330532342,-1.014809560914084,-1.422651783830404
2742,47.060632391752144,-0.747605289551799,-0.746988917119587
2743,205.8539340974394,-0.0480614033997463,-2.436847267277303
2744,14.003650953053937,2.010055870887184,3.0494019642265515
2745,18.44321103372884,-1.345837525876258,-2.721240856248013
2746,7.917711886186657,-0.3918234883724748,2.151784133681089
2747,23.33664838933663,-2.128121754360891,2.873621293428342
2748,14.243544942466364,0.8892107996214973,-1.0053617197049327
2749,40.735947188516526,-1.2148114456713284,0.4124057404776677
2750,32.30090707996735,-1.0270664070902906,-2.9138813981405742
2751,17.53109939012585,-1.3898801391943656,-2.238059446691405
2752,93.00775420520884,-1.222984408001206,-1.26903562617341
2754,21.062227332222594,1.79842510912719,-0.916483961780338
2755,68.58643440217604,1.170085694125557,0.7633504657711462
2756,36.853347441907125,-2.033297528355903,2.7724600701246547
2757,14.661611696165073,1.796823492986266,-0.655988477705741
2758,12.632565082771356,-1.7017812868667408,1.6229111807209964
2759,0.94328121986132,-1.4663351356976322,1.946340176314852
2760,19.67610824897152,-0.1365390040368841,-2.805178672959671
2761,23.931648081640603,0.0875649661286439,0.4092519399345731
2762,41.16201415397447,1.9258032783714825,-1.5818766778548206
2763,30.159083933304725,-1.941470620980981,-2.178474565700604
2764,12.566670806588352,-1.2911627233942775,1.6417976547952975
2765,13.6534855430372,2.037008361386588,-1.6419095282149705
2766,15.573897438266084,-0.0192869999252952,-2.8457252560734188
2767,18.47585395331563,1.3132459643822385,-2.0713646961749395
2768,11.323180996373962,0.2313959744264472,-2.763805051256054
2769,54.0116358578854,0.7598313414550065,-0.4037338949353181
2770,13.290825028621208,0.4444496400509244,-2.301301550946553
2771,20.864336641039667,0.588381676666781,0.1978210833193605
2772,55.31657184899005,0.8480965688206445,0.6676757690481885
2773,22.80433099416473,-2.0297828517502463,0.7515653828691362
2774,19.66574902137536,-1.3528808071751028,2.286713278028289
2775,11.979530323376906,0.9621018501873608,-2.015892157152555
2776,11.938684659476316,0.1471101629241081,2.50461021572275
2777,84.00429944415089,-1.751622570349746,-2.5331949531635205
2779,48.749641353981225,-0.1544191025925361,-1.5793818107334348
2780,18.512008557372383,0.2565613101123215,1.6595843830874104
2781,31.160762272175145,-0.0081915583142246,1.3282305539597783
2782,20.33691409493072,2.369738754687907,1.6007837420153177
2783,15.504582317157556,-0.1987080079365483,0.3120369338678727
2784,25.1165918637334,1.6038515820967976,1.642546125893055
2785,37.69160598021347,0.5133300216926316,-2.37714453660316
2786,19.749484063113453,1.0799933877341443,-1.9756170684135408
2787,12.01001805482178,1.6153445771577724,1.3130095857956627
2788,13.01930347481453,-0.5987267278575121,0.208778877217279
2789,40.45095165299456,0.9847602730755848,0.4081106110464202
2790,18.732577065647465,2.151586444692656,-0.0148564408040644
2791,12.954746306100107,2.3386017603865525,2.378170553060849
2792,79.30377197577371,-1.4992628185493704,-0.4057843280801116
2793,15.14266607146508,1.1982834975590542,-0.3725264608047737
2794,16.328351239395083,1.716668415479119,-1.1293347820376884
2795,14.942729793339408,-0.6836040268155422,-2.379347930547214
2796,39.27003272608383,1.491581572437539,2.681096943295066
2797,16.32192109101034,1.374510358456257,2.3027525287916064
2798,23.78249672589221,-1.6813129379084213,1.70630547059744
2799,15.217468763665114,-1.00682854802011,3.0279416275386515
2800,44.92301681295154,-0.1985926352331372,-2.398142095182109
2801,102.8869059647376,1.000911559261234,-0.2186960833251073
2802,31.97649970931965,-0.3009057722539989,2.466173438496837
2803,32.17854925476969,1.5595013156723525,-2.279729982700207
2804,10.445922347103563,0.5062579616257239,-1.2093935481103195
2805,20.2000390909042,0.2502316566890253,-1.6346074041505207
2806,122.19113510728208,1.778651990507828,1.184982790815502
2807,9.876821407170514,0.1098987888277808,-0.0580506534742956
2808,21.95718905082399,-2.297530154498688,0.764807907500077
2809,48.00684438552262,0.0873023712206036,0.3579701793748417
2810,17.889051826803993,-2.214986499189084,3.0968896613794143
2811,13.635396905408268,0.4931313769647389,1.7492940579717549
2812,35.865543566430446,-1.5695784584920125,-2.138540812342213
2814,37.37154008575568,-1.058174677736265,2.11556378495411
2815,24.6822797563186,0.2965358277636432,-2.538266192568336
2816,9.347207886424515,1.0418405054062063,-1.5692007845551754
2817,14.040707564838907,1.741226911602136,0.9872864127559992
2818,96.35848643125932,1.2019871307019796,2.353325819179359
2819,108.4134076023562,-0.8034958042477849,0.2889258686386771
2820,71.86976052171822,0.7672674543341912,2.029480650048196
2821,8.871213841799511,0.9223930797706535,-1.5206234361218711
2822,48.11951319578122,0.0465798907397534,-0.7146923359696037
2823,13.90537240621068,-2.3184083774090927,-3.047722641339823
2824,22.29460161412108,1.3384205397951436,2.9481286296548284
2825,115.137431481937,0.7728258768503562,-0.6018619963454477
2826,36.37903816842857,-1.941507917278248,0.3848213172543417
2827,14.256276871899376,-2.1220050794486056,-2.590928187316506
2828,11.164468120911112,0.622599090208447,0.5426286574393767
2829,53.16058185561201,-1.4038203139847958,-2.457437052867147
2830,137.27134422432945,-0.42992155445904,-2.6170145675179803
2831,72.59342239600896,-1.0525651627275905,-1.0150178208860108
2832,29.49240235197457,0.8005282892647296,-0.2173755970380658
2833,14.830848888953575,2.0881554346756905,-2.636801321424143
2834,10.488293522692274,1.2080231631194005,1.4855457301371002
2835,18.15484278276831,-2.024663422078141,2.051549065483153
2836,17.587880255564034,-0.8106256216025992,-1.1960711234561532
2837,38.04062363619618,-0.6511847428472624,-1.137828217259936
2838,19.14116565336574,1.2264571791710783,0.7453332106210216
2839,23.122765317605047,1.6786795173541935,-2.645928091567832
2840,197.8818799739117,1.4671576816221867,1.6766403883011527
2841,37.716510437433385,-0.310163300538939,-1.132521570949973
2842,47.44173713030919,-2.229057927697485,0.2750945945976812
2843,16.713708503971585,-1.910036946198458,-1.92428837833082
2844,15.805204265545145,-1.5739465337987466,-2.939499274257828
2845,46.85041364998145,-2.3437488347666937,0.8831583582371081
2846,29.29394458031681,0.2713028459192829,2.384001329170331
2847,20.62509182224469,-2.2279175076778324,-2.245020083232107
2848,37.52727735794459,0.0614489098494634,0.1652116206259167
2849,37.59160061013801,-0.1949795294622116,2.467631664339005
2850,21.65108111443676,1.032415114511535,-0.0055187915557596
2851,14.11995827864916,1.828099476353472,-0.4724247175750341
2852,11.925895919994726,1.098813103206194,-0.1624981673206722
2853,34.63274122797884,1.1968599338843482,-2.7934850943315914
2854,16.804878377171217,-1.8095523086092529,-1.4770998441920768
2855,43.72393150330333,-0.1164218968438691,-1.9094677710873813
2856,34.39092191637486,-0.5526895626118086,-2.9277155805478188
2857,15.575808947526165,1.1499216675167625,-1.3011023544713634
2858,10.239544253587658,-1.3489228364247956,1.891578944141716
2859,57.77888562341028,-0.7908608244610361,-1.1466535855080051
2860,22.80831111940861,-1.3405313611777765,-0.8607582595559339
2861,21.83180948362408,1.2418472993875806,-1.64085058639855
2862,30.57955040972026,-2.031926735871586,-1.7871527085096912
2863,24.925343643864487,-2.2797887622979456,0.3458944087377371
2864,9.991434102393542,-1.3785662083285977,2.1151301107966685
2865,35.75350280521688,1.5287834610085522,1.8501362793451803
2867,8.834322523262044,0.4319554282432743,-0.1892589815883454
2869,36.341779693774,1.1905897576385462,0.1530965514577303
2870,16.04922907971747,-1.6664227103256988,-3.058265322260828
2872,28.71756736318772,1.0194265992746367,-2.5454958906708587
2873,10.26503340498752,2.15106919100517,-0.5628509535153684
2874,14.973834968542914,-1.5532264580479354,-2.231327181977807
2875,17.56191097411529,0.205190539564669,0.7063366882503574
2876,20.487425117631048,-0.6482955164568093,-0.4639418338331737
2877,18.10105710558437,-0.2808265177516788,-0.5031654484739628
2878,7.860330851040143,-1.7994030381372814,-0.5554899032343583
2879,22.86688203782967,1.0414264813111922,-0.6638469312072811
2880,30.01118864153701,0.4216695084119917,2.6760091894762
2881,44.23089064346752,-2.29653073983372,-1.4401931973369315
2882,92.7584626390762,1.9384682061253955,-1.009902928150818
2883,11.999095210225889,-1.8960126260345835,0.3160126537868618
2884,24.49796257101553,-1.2902856024665683,0.8194695061055987
2885,30.83830933876744,-0.0572174319060897,-1.9002567083305224
2886,9.540003624897922,1.6781457083237272,-2.400340642305003
2887,26.288969552549688,2.484148609903909,-2.97303556180847
2888,13.312473986288676,-0.242293603917715,2.441159423894568
2889,33.18719307025913,2.120213446907852,2.0642091219594443
2890,33.233955014653354,-2.301250437495957,-1.8988971217124948
2891,18.13838720483751,1.6369796739123053,2.35025045583429
2892,15.14089048329276,-1.3845551530880948,0.5801686381196274
2893,19.889230323454456,-0.7133991591986988,-0.2087595395998315
2894,27.62784914107672,-0.0441026951648584,-0.9884193469956064
2895,28.34284213994582,-0.4827713321663525,-2.6872813381657594
2896,12.676132310720526,0.123252077989581,1.0814962205044638
2897,18.27366732682571,-1.529911181238122,-0.9458008996398558
2898,15.769271786374704,-0.9605295094119616,-0.3835551533280754
2899,9.360904672244612,-2.224305731216456,2.031570022006813
2900,29.245251583247786,-1.963560473301461,0.8949898016696934
2901,23.47835726183194,-1.7766725629898636,-0.2581147488868844
2903,10.311468404719797,0.7598571499849215,1.3693851076984158
2904,18.310261692546923,-0.1984851667605211,2.160277191594018
2905,84.8237334758531,0.1649716592297845,3.119221984781732
2906,54.36812816276428,1.889824060313064,2.5709887065973795
2907,12.165958314708243,1.33658517816573,-1.6202496781051914
2908,14.062621887706328,-0.1414344011961905,0.9559576019044927
2909,101.6617469584227,1.2720010564911968,-1.8668735610193004
2910,16.391757449669264,1.622914802632354,-1.483117056476418
2911,8.806742189255777,1.8770068997427063,-2.6394112649949166
2912,19.720267755090862,0.8217944008304435,2.817639462680144
2913,18.880672046077937,0.1458021196805975,-1.891426647053369
2914,10.31590806731064,0.5902799305190477,2.4968582593489104
2915,79.0942118844979,1.5796726362743034,1.898938806618158
2916,43.44225476361851,1.7235003032420466,-0.9767679053727903
2917,23.39301632465912,-1.493923023362133,0.8336870005220548
2918,136.32310481286814,-0.6807375611749961,2.5547748792612306
2919,21.68166343921195,-1.0059876457856296,2.5274461404526334
2920,39.12277809402515,0.12942858920699,0.289991216516666
2921,29.095948231098223,-0.966933450488776,-2.481510125374576
2922,20.40357324427197,-2.155076947662314,1.3579360267262632
2923,23.90379418130368,1.6754085919623458,-0.1666216219931077
2924,15.307851649737596,2.353885579920165,1.538474728955052
2925,31.12425262338824,-1.7224301808600695,1.6864456424292644
2926,22.5168969482218,-2.046404824711811,0.2538556986130571
2927,18.585309806754328,0.5625321489692124,-2.03235451563486
2928,30.628907476301208,-0.5455745626980782,-2.468623251600393
2929,9.754477168838584,1.715903123999514,-2.553683894684337
2930,12.647831787760826,1.4409485177868389,1.371524149619433
2931,47.592043958186366,0.1606325121925907,-1.935447053405131
2932,18.202993992733965,0.8673134723231984,-3.022935419856371
2933,23.55927299684067,1.7477500330790847,0.8298780668521122
2934,17.60317914340265,-0.9176689453332744,-0.1315410227811155
2935,130.8445172414618,-1.830964978826494,-2.258667920005136
2936,31.8492078641588,-0.5555277394826647,2.814749135262556
2937,34.020443894673576,-1.8182137533450389,0.905488523096877
2939,17.981499802163775,-2.412156503391722,1.6283055183105508
2940,33.09385340625884,1.8930956562409995,1.6502328872837422
2941,14.625017921581035,-0.2323817118978257,-0.7851803401699717
2942,11.893679521011627,-0.8186173266917094,-1.0787084427246838
2944,53.43976342466159,-1.5052937770220174,1.469011771534494
2945,32.7879568474201,0.229544475851489,-1.3720273635441735
2946,63.98603956472399,-0.2486742083162557,-1.7525254983626275
2947,38.50437212357688,1.5943596137363083,-1.4969807025290631
2948,11.1565065460865,0.131855130319862,-1.560720167670823
2949,16.20517731302801,-1.846319614924959,1.0470960820688349
2950,10.275210188584506,-0.0306681683900476,-2.304217759908599
2951,32.42024921230862,1.8233627157329009,2.394177893020551
2952,20.53746305889061,1.6148789885561052,1.5891759982202582
2953,9.196864724601062,1.202957143451968,2.03328395097498
2954,16.750190899114372,1.2889913216250126,0.6055409236346476
2955,10.127656699820164,-1.288920557726087,-1.3922626678185126
2956,41.85528564121167,-0.6337872150695811,1.1561008376587063
2957,15.038964799090456,0.9895669906312796,2.577400735032274
2958,12.383099847399436,1.1702742123989127,2.301603155320082
2959,27.165483699922127,-0.4691588758645091,-3.0656691696999503
2960,18.877592408296813,-1.2488524281745903,-2.5439928670364056
2961,13.013821277289647,0.3233254684175795,-0.6606407900721435
2962,13.73321175160792,0.5162839874727743,0.9179479460240428
2963,12.289369559978374,1.996592328275182,-0.306192545408183
2964,13.227439819954736,-1.5739733069923771,-2.721811398618087
2965,138.46882605987997,-1.985773828539625,-2.4398801768964336
2966,16.976365461270678,-0.8906651871519587,-1.3612789271998464
2967,33.488867978916986,1.2084156174148306,3.1016493997434216
2968,133.7585903652821,1.443591935932817,1.2947919351021049
2969,56.77732483114099,2.2354647096750195,0.1831637755314259
2970,35.9005544140757,0.4273578634367344,1.5348136620751798
2971,12.73257637851339,1.411758607424146,2.393946724341107
2972,38.21423760826737,-0.1218794061253032,-1.2887280290114018
2973,63.6440896232801,2.221680967295661,-2.436709517118023
2974,40.28797068640066,-2.473692536593172,1.343546201796116
2975,78.72165891019851,-2.2232383495189123,-2.172167667948284
2976,32.62064523633486,-2.0285219766685354,-2.9680046143408263
2977,45.995459930491975,1.0599646156374185,2.523903068403708
2978,14.8107640289864,-0.6978975857203914,1.4261398863269203
2979,27.7879807908807,-1.8227315691281505,3.065417001128768
2980,21.816016839697348,1.3346903555200322,-2.8855103993817743
2981,16.256785696643465,1.302311649268973,0.9325938450723246
2982,14.281173096155122,1.988941840404368,-1.0133160115484496
2983,24.130166496053747,0.9971776408889786,0.7051668132921615
2984,9.912275754296507,1.8449977561076856,-3.0758834572861367
2985,7.132343387315978,-0.780113552831322,2.0623973029842224
2986,13.037528345293708,2.344416079594117,-2.2231043025671675
2987,9.797991394975464,2.11254054851104,-1.6611281238735272
2988,19.66565937842808,-0.0078264988063829,-0.332096791526761
2989,21.187052576568853,-0.8969439993698973,2.337780571039608
2991,9.916219713613229,1.7228231764225748,0.676550236815003
2992,9.01014854812359,-0.4710968742063305,-2.9750151472124378
2993,16.447512413898288,-1.7496555184835962,-2.006992472631789
2994,88.84224363269601,-0.7148184561411225,0.7949240389068223
2995,92.4247861503527,1.9831949530931328,-2.008496472420535
2996,20.75659959670735,1.249524943944748,-2.518003284639363
2997,23.3158246230097,0.8289740036403312,2.0141716977324537
2998,10.74749687508471,-1.316436999488166,2.6778765684706123
2999,31.103338872075103,-1.5071649647319354,-1.7243460593390354
3000,11.331399971217756,-0.8748347987165441,1.1516769408647685
3001,22.459640139348178,-1.3651546337277405,-3.02190245810731
3002,10.813096885160697,0.935614946994823,-1.2124139124120694
3003,11.359014181484593,-0.0163632834551156,-2.972972737540532
3004,10.155978500828612,-1.7600984588935067,-2.501995496996289
3005,23.440690014318545,0.8816835959990352,-2.1471529148946544
3006,24.23518361271568,-0.3693107807969057,-2.039506332925229
3007,57.07407473360886,-1.3249675557811174,-2.79140249816632
3008,9.900101475132388,-0.3871934889636341,1.7303795371255588
3009,45.68737970611897,0.5783407181769779,-2.908603625529935
3010,10.323015062173962,-0.3918902945135389,2.073466823346694
3011,17.636628300099773,-0.6475252605938228,0.5878936414715538
3012,20.766428137764024,-1.0167285031941633,2.5494383272556527
3013,33.398348132221805,2.3613135707503794,-1.735377252004061
3014,23.725370676273943,-1.321211546293361,-2.974980003547824
3015,64.87044539004445,-1.271683235046637,-0.0938385318091049
3016,55.05076971507943,-1.596053894417102,-3.064435185849981
3017,15.025651469697422,2.1330435107162486,0.8560496208880971
3018,10.373165346244638,1.4335033885502808,1.9660954979308287
3019,13.897021196036407,0.2477693006142941,0.4617190777351816
3020,86.31082587930486,-0.3995847041766987,-2.775283474336053
3021,37.91810063277303,-2.486234052217655,2.7652534861015634
3022,12.13206307568728,0.8810303038310118,0.8409617505005759
3023,124.06386317545766,0.7778179347863223,-1.5573166749834857
3024,20.273441000165622,-1.3045087909569402,-0.900844426128169
3025,100.32965389471146,-1.59324757082103,0.722383004947422
3026,70.19588066785126,0.2322808741910239,-0.4221863490795242
3027,17.900126065060793,-1.3371665430402175,0.5012929600153383
3028,13.586151435003,2.0967817119787293,-0.4289739861557942
3029,13.9716139139368,-0.5445737370107624,0.0712587888274651
3030,43.36788369990353,1.0021241947183557,1.814530492609146
3031,18.5695650741958,-0.0716217240989278,2.9367290256758425
3032,17.316085731754217,-0.2436230746421077,0.0757093243238765
3033,23.50887176036132,0.1986348530773934,-1.9812938448156223
3034,13.556940335588571,-0.0773693397763317,-2.507952041718521
3035,0.5364342514533562,-1.4910091776329035,-1.5283834067606985
3036,36.69041576995338,1.4609746477139172,1.2605842452643312
3037,36.432457039726906,-0.529105141363062,1.7829324780473246
3038,21.73654405076374,-0.598339390999832,1.923622939406676
3039,28.46476764349269,-0.4993516071043047,-0.1072787159947092
3040,25.73368574987128,1.7878916308680004,-1.5547866109186563
3041,14.976514269389352,1.0990087799325712,-0.6356874684262505
3042,10.008778551842347,1.2882138569229789,1.2727216876211749
3043,22.86878261175293,-0.3471466115432096,-2.2898333450478425
3044,10.62533894664896,2.040147971131588,2.033620407863376
3045,23.3595863775422,0.922984738498734,-3.129458791846446
3046,20.108877407960296,0.63040628003028,1.2411999588274327
3047,11.71284990165956,0.4753727132746574,1.9342263933901085
3048,48.49027109698748,-0.620316746774299,2.9682655198253887
3049,17.129813119532855,-0.915234868273882,-0.4838639027021706
3051,73.61562704371211,0.2509386629697506,1.8649347426978744
3052,185.61280514403043,-0.0261031533005989,-0.1480948860342638
3053,29.354502692263104,-2.1434946708493405,-0.1133601470096501
3054,31.90692366988261,1.727240966782659,1.3443099695601803
3055,28.80366258473797,0.2382498235131476,0.4241699988592901
3056,83.65197765768474,1.933487852582909,-0.0276782788580871
3057,51.07787256455935,-1.5844313346633587,-0.3988360962211682
3058,102.2736750117013,-2.3518896864498826,-0.6915288960205224
3059,355.8254115138564,-1.0625107578099309,0.3640896691098719
3060,57.91719483378712,-1.6094471166987152,0.1602962358319453
3061,27.12874668501149,1.6841651543561749,-2.100353191781899
3062,45.72483551502459,1.4731854180203836,-1.6507522145890652
3063,16.5092208895572,-1.4353221166213057,-2.034158241874388
3064,14.80966596744197,1.2556396655708697,1.498048358475364
3065,10.657614862083705,-0.7474421629578244,0.726065572267266
3066,42.88405046522903,-0.2684863949157071,2.171226432040246
3067,12.973450102971425,1.0941868288955443,2.999898555291004
3068,19.08220542620888,-1.1787896605468495,1.3284235110356388
3070,34.735621705025146,-1.9560633491119048,-0.0352178337081481
3071,21.001178565398035,0.0029892755804369,0.3061242302368808
3072,19.171412961614102,-0.4750703233794609,-0.4929829890936283
3073,43.50900577500289,-2.25456439193582,-1.6317663458480425
3074,10.488871130082137,0.1461677186211083,1.9904196539066503
3075,13.51117118391169,0.2962600772806732,-0.8022057697390096
3076,149.37334961868896,-0.5892789757938333,-0.7491469268094019
3077,12.961985829183805,-1.8339710915414893,-1.248690983062688
3078,24.60649169219854,-0.371634096409711,0.1695943262922374
3079,21.22323293574358,-1.6450428367751044,2.2852600654059336
3080,25.45993349715828,-0.2455168342981,3.1226886242087626
3081,35.8920788746935,1.5399876717981222,-2.686663022850618
3082,15.057689206156851,-1.246955303620561,-2.870110986232372
3083,21.220205861012754,0.2010093205109781,-1.746297722492296
3084,12.539641577872,-0.235928279268266,1.3600712320153858
3085,20.07334886911284,-1.4440920522939975,0.0931540627387605
3086,47.49583185973492,0.7774537841170125,-2.882453519979509
3087,25.467608886727284,-0.0201894702422479,3.125604336008048
3088,20.311927383131003,1.4017485181742355,1.6195335305515377
3089,13.076589915950656,0.858485452516269,1.5686175073786488
3090,12.287657352988376,0.7413919414985289,-0.0820280109637622
3091,34.230530532070674,-0.4768866198692525,0.2533458904550224
3092,10.110801128484232,0.0132966263131849,-2.8176710973417403
3093,14.716354840599658,-1.7026438068148222,-1.4391080456730014
3094,26.48022429700081,-0.2661917252566967,1.4725899931909263
3095,20.51283334655908,-2.0171359333344347,-2.4210630473400947
3096,70.36770448631536,-0.9181885989428692,2.5633271681087835
3097,11.1500098205862,-1.0824193550277657,-0.8681985331422938
3098,10.359248526944508,-1.7265198370159154,-2.8044759410161446
3099,26.908162227448795,0.4489912462668448,3.050980427599718
3100,22.123502516696345,-0.3845496100191492,-0.455617246566961
3101,24.12125106098549,-0.2217009105707915,-0.4841090544034345
3102,17.37727863035876,1.957438291032778,-2.775426199351371
3103,26.69832700588101,0.7217343316977602,2.3697655880888777
3104,12.671807815962117,-0.4150465861292826,1.3138902665669283
3105,11.79381249510793,1.6969774894855292,-2.3030255392545915
3106,32.23146568869403,-1.2432705611082235,1.258269430183626
3107,13.171958948551422,1.6852522046288645,-1.0805436840904337
3108,12.221225282034863,-0.9128526716123724,0.09293546454896
3109,43.43940769458284,-0.6032314376089094,-0.0652010968168209
3111,14.27475530614126,-0.7666387725543586,1.5294934152494122
3112,18.811796027722448,-1.6994036036179945,2.39890883879861
3113,13.853823914031942,-0.0151050397135888,-1.9575652660103748
3114,25.77964813086721,2.059367743986192,0.1703512279592339
3115,29.135355558106323,2.174075386474115,1.0691747205613076
3116,13.736573473536836,-2.365143595527188,2.8751562931866466
3117,12.165167209771967,1.9813026482813625,-0.1822467363172872
3118,22.98723563369353,-0.3709091233052813,0.8947435695492281
3119,12.686443362241448,1.5491300998040671,2.913361761671103
3120,41.57592707227912,0.3321894157765924,0.6426586355219931
3121,13.757704232182638,1.1442240376570905,3.038482492705341
3122,16.31854704780061,-0.1641166040185947,0.1039819282624589
3123,15.14236523996906,-0.6213185313699836,2.592003922596552
3124,13.3168644001926,-1.3121685127245548,0.2695429839758776
3125,26.73850275937042,-0.6801526839787572,0.6621840711701913
3126,21.66710281713973,2.275472484499028,0.9491348707926808
3127,7.136976062379349,1.0530329110122911,-0.9966525687035682
3128,10.848131133369913,-0.8123563963770589,1.3018714797875108
3129,122.58278147688983,-0.7834091761475509,-1.130566091470889
3130,18.88705602344736,1.30300477369502,0.5808259014776719
3131,6.265142244753063,-0.2013973352703043,1.3177943634003153
3132,12.10178461941466,1.5522724207367695,-1.891218499771776
3133,37.732242306667686,1.2765017738617026,2.4043880607836465
3135,10.109026081942666,2.350282275380392,-3.0913353836567565
3136,13.728419571980549,-2.0594101664167384,0.1195146974919905
3137,16.055390498697733,2.047998720571444,-2.131387142485844
3138,11.895992068320142,-1.6349189594965818,1.1582608641492254
3139,14.441184635313853,-1.071097012686529,0.5422249120600424
3141,10.397367033654517,2.180498483648382,-1.0083170326138249
3142,9.468325487582351,-0.0596438234376619,-0.255663283780031
3143,25.310937235219058,0.3189130789190781,2.677064831525346
3144,224.0642068575564,-2.3319938083752727,1.6893881527214585
3145,49.60242293634258,0.0716829594211988,-2.7205498842191864
3146,13.864063564409848,-0.3117722876712058,1.924533091462571
3147,20.32326386773539,1.100333219122051,-2.621751549075904
3148,40.49848998168336,-1.933270621059184,1.287860533852953
3149,15.09883885614993,-0.8457557729461769,1.4695090315611703
3150,46.17883388436916,-0.4815879674245393,-1.4717985558681994
3151,11.967103282825562,1.414783347302888,0.3616370696012531
3152,49.96520444478361,0.6966400704194782,-2.3906153401251693
3153,17.12870555343595,-2.445997501313136,-0.1481394539794329
3154,27.89936742293869,-1.3278504061317349,-2.1043030603767297
3155,30.062245834887584,1.4243029791072932,1.4081250230290958
3156,22.799661945056275,0.4832574109575812,-1.0921051551653194
3157,50.24574063183355,-0.2093209352573438,-0.0068733346021058
3158,24.82287936245373,0.0107088259606212,-2.3900337024649194
3159,58.9556737837366,1.1252924928591832,-1.3226026703387297
3160,30.92832735452712,1.0361182311770398,-0.454593045268187
3161,17.011874516300715,2.0404571931761684,0.5596055727684248
3162,22.18663317083826,-0.9927086572073738,-1.369106722948212
3163,37.77066524573937,1.0988486398005988,0.2294464942080827
3164,33.14589461692987,-0.3146533341378589,-2.565651435219804
3165,12.329783697595236,-0.213548519261694,-1.719615380775256
3166,16.85159785211945,0.4984647722139821,2.790630111189913
3167,10.503543811922276,0.6434446601783465,-2.994924087557224
3168,9.992721683783117,-1.9171606304151776,2.931582130099608
3169,15.57348549021377,1.5387288530996954,2.069899150008216
3170,16.445113368464963,-1.8195654053493069,1.2696154149684742
3171,23.01087159870152,2.297644540188976,-2.191119581356783
3172,34.96782970778002,-0.9079212121248867,3.053949367581922
3173,24.62331663942705,-1.4902340689973093,0.8686899028585201
3174,11.66234300979636,-0.3819236130013108,0.8443558120671787
3175,47.6571802596285,2.389360906303194,0.4800402590516591
3176,22.547753118356493,-2.039671951754688,-2.7022704198000755
3177,18.690287540213053,-2.067842855733158,-0.6680706379770409
3178,22.02496231922331,-2.3080089121514304,2.1462938337908177
3180,33.66446290091772,-2.2350749842094,-2.4824254016424483
3181,0.938758747384414,-2.1956295271682587,2.3358968468378976
3182,18.771471120904863,-0.8535501503643023,-2.8700434309357044
3183,74.61850073572326,-1.4787149831739883,-1.092373266938379
3184,48.649374743712464,-0.2020393017372859,-0.5623467697389641
3185,15.511904483455226,-1.966586769872567,1.216531221102042
3186,9.94985197021704,0.6880615021664473,-1.784865219774343
3187,12.986163531479049,0.0925093698602635,2.26039409004798
3188,11.452670656464624,-1.2236437264622797,1.6856730069171983
3189,17.438062768604674,-1.2884160431673362,-0.1848225735724739
3190,60.44481533103077,-2.4076612686677845,-0.0282831310448706
3191,10.92327926803883,-1.873795619193019,-1.904460978579824
3192,21.726674249118137,1.377165839437804,0.5694150713878913
3193,8.924413385829268,0.8830732909911456,0.1876242062347591
3194,33.238672105355285,-0.1063601990272681,0.0788114085092241
3195,25.177257315206724,-1.6166609769154512,0.6165756758657936
3197,18.69605841028475,2.2408051954675914,-0.2742001353302687
3198,28.412995258446696,0.8565251059655691,-2.8639406502146265
3200,24.72499018806049,1.7737945030016673,0.0080452264886284
3201,31.241566419026054,-0.8711944861502828,-2.038237703992048
3203,51.66566552137812,0.954086709198667,-2.0256822919344994
3204,27.2281849031978,0.4498107526852957,0.0328441445423125
3205,14.61530278008928,-1.3643293050190253,-2.479571601123441
3206,20.68307617836325,1.0934800665473023,2.009147742868977
3207,50.03730531868455,1.891853760996964,2.3726332044332694
3208,16.397094084768966,0.86452048226817,-2.050077806179376
3209,42.90247726488458,0.0463444457449946,0.654134558536269
3210,53.30172708202787,-0.0718460588234326,-2.1263123254878926
3211,101.99723154210103,-0.0404683110736511,-0.2019619916127334
3212,20.407299846067925,1.8235811078359987,-0.5524756827441889
3213,14.740376770333512,-2.23972400667784,-0.6373481843015862
3214,10.76209205764647,1.9980888136136028,-1.464833790007912
3215,25.541469688553462,0.9749111949643614,-2.499867381702768
3216,49.160298777413885,1.401572301829097,-1.9420985287272765
3217,41.747903964327726,-0.5934782034941686,-3.0136607461560465
3218,25.2856776858545,0.7333199907702659,0.0034082765679154
3219,26.048392206247552,2.015007192504032,1.8655159422896903
3220,26.806347955091628,2.428975482657232,3.1354123401413023
3221,41.523854135562175,-1.2915595303352694,-0.1931854824617824
3222,41.17783403998996,0.6026220346636493,1.544099036368187
3224,10.059581481825695,2.3240137984102054,0.5732594841915273
3225,15.733806098088667,-1.382312179954305,0.8536332338009391
3226,17.590958621974373,-1.2115637931449417,-1.6412650414542354
3227,24.333271281159742,-0.1704016053318261,-2.032583660689925
3228,25.262354857499368,-0.8758125983159054,0.814178218342379
3229,21.82728830516,0.5993922546499456,1.8845582642406151
3230,61.43695521859407,-0.0806295196102553,-2.346473386340965
3232,12.451166197080362,-0.1840665939910473,-1.025908132667494
3233,20.875450060952865,0.9013052355020982,0.435171837420486
3234,22.01291639660045,-1.673654631231127,2.0358821797541804
3235,10.7012654352726,-1.7919137275670698,-0.6328349149703186
3237,21.10258752090086,-2.190578773639143,-2.4125788176379817
3238,15.756293800197732,1.726163604723289,-0.163232620620665
3239,12.101399939789522,-0.1863490071646261,2.602147434403062
3240,24.023709867700777,-1.8652463764363807,-0.6169077089269149
3241,16.195325323019812,1.902839987991915,2.6648667153399725
3242,32.95830159278188,0.0389650325635766,2.74690492125337
3243,34.46026172787956,0.9891213906981906,-2.6106104268479005
3245,429.0344293371424,0.5191747282354446,-0.0376584098786272
3246,12.80873397156024,-1.0078744770077248,-2.893985897217512
3247,13.599165091549738,1.0850066033375716,-2.723637431401155
3248,8.77830135192357,-2.442608036242958,-1.53807604484603
3249,1.1882403925668874,-2.208777511036895,1.8313970256323464
3250,20.548553593098667,0.2379302763172327,2.175905971428323
3252,9.435950007000931,1.0660964769458432,1.5498569868068763
3253,29.94264022768102,0.8240895365175153,0.7821979331433159
3254,15.195679157391965,0.9046913078612782,2.3289437207974366
3255,81.67440144439392,-2.1450077565507564,2.439617166515192
3256,9.17017522202434,1.013810154331682,-0.1635033015951378
3257,9.951574315178105,-0.8910623753052904,1.0953481160476106
3258,15.914524908742262,-1.715043567889838,-2.061034858629319
3259,37.25415943379368,1.0852109557521046,2.310229303768172
3260,74.84770649265877,1.0513251857379249,-2.7705692853175816
3261,15.76213981111232,1.9942867057150968,-0.4283342563822881
3262,28.97996378226823,0.4553146805272626,1.0557077732775604
3263,31.26299423987565,-0.0477434234559124,0.4325654322514033
3265,60.187013774017295,-2.415844838034193,0.4454972785450992
3266,72.0716011083569,0.9088109987722656,1.679269681645592
3267,111.76273167839004,0.3877271184923781,1.4033019526221986
3269,35.284491134280614,-0.6203411127055654,0.003902898046701
3270,22.03547671302702,-1.2375383140087024,1.576530723521366
3271,18.218803766820947,-1.6089201958277894,-1.0572800347266458
3272,32.05469457356439,2.208454432491488,-2.6002112945421443
3273,35.504929991861616,-0.5152153642381092,-2.4009747870894858
3274,22.644019173327365,-1.0848621119328363,0.1795902942869613
3275,13.155908807002556,1.1707248683467384,0.1139830456367051
3276,20.25979919136957,-0.7815184777420326,-2.5007303393829816
3277,7.947443749301729,-1.3202066835191126,-2.4665419914963724
3278,32.87037126197818,1.08638352893717,1.5000116522332811
3279,34.42984862655255,0.1524321428314089,-1.100106379664164
3280,50.78989999269852,-2.1386245087594644,-1.250565298514292
3281,12.216131012301709,-0.6722634567048716,1.0509582197437868
3282,66.53285042998269,0.5920407953697147,0.4017401195271254
3283,14.422313527623894,-1.0436192142587937,-0.2035432073464194
3284,80.24103024180836,-0.4010018302733621,-1.4454650219898628
3285,5.271535931706103,-0.092186198346197,-2.794529376811859
3286,30.50405566703109,-0.6325708321704621,2.6318193879352094
3287,9.713709658953125,-1.227772439869788,2.786010730755393
3288,15.265544382593506,0.8072108373796302,-0.0518437438103205
3289,15.311893831016892,-2.416701712571589,2.48834874375916
3290,20.6667970184576,-1.3281336840928826,0.3282859464884249
3291,30.002214216010515,0.8875856415346564,1.0200100416044586
3292,14.896089299368311,-0.4870081937371638,1.6482725605393085
3293,16.726015606953226,1.1763097147496653,-2.066984005902899
3294,15.345347651781692,-1.6635226471339974,-0.9603825874200826
3295,11.148444158567264,0.6276127449648655,-1.137104107201982
3296,15.363157453282392,0.401985880061369,-2.761114731192005
3297,33.794741989872946,-0.1469481870219929,-0.7291199247627371
3298,11.033802080865367,2.263192566418592,2.5418765697043826
3299,29.12681515650936,-1.1184253242366875,2.231797249299984
3300,39.47025226372484,0.0808488461277455,-1.176803139557846
3301,15.199403937542517,1.2875620319801429,-1.028076272731052
3302,6.248408264082668,-1.754046444945376,-2.8395951455243806
3303,17.937620788881897,-1.205635400119675,1.6554504846087266
3304,19.24341616691266,1.9865362930631685,0.3921499626915006
3305,73.00434308924402,1.496515297361018,-1.2501458473015423
3306,23.248396622798204,-2.106164938655099,-1.615203412372321
3307,18.107092636994093,-2.1123535445961683,0.9202321085448462
3308,11.530685140310574,1.1507461039792803,-2.83656022212308
3309,39.16227583192729,1.52812497233554,-2.665197650821659
3310,41.52659209390213,0.8100045147001519,1.5461975975637208
3311,19.905020602648044,-1.5388941621711674,0.5365378796779887
3312,12.820382233046184,-1.8440942606369768,-0.1024583356923868
3313,17.40671694458587,-1.9191452930620776,2.5512816416184907
3314,41.83967103499073,1.0848889681535283,1.2707564040798531
3315,15.394628979005018,-0.881283778664439,-3.0525819866702832
3316,8.654212030147441,-1.9940877814620548,-2.293672527331076
3317,24.3744748621002,1.5178324560991527,-0.4465367219112791
3318,19.023444253182465,0.2757557792703977,-2.471940346852719
3319,18.74853643863598,1.0092981096507954,2.4415271899106044
3320,23.02641390047621,0.637337590307951,0.8245513327724533
3321,10.966586521520757,-2.4034392818271333,0.7744346549062676
3322,20.282842328224245,1.896307772641788,-0.9053235866780678
3323,25.92587337778408,1.9505226169935224,0.6582694238735193
3324,15.276737382376464,0.5896563838555651,-0.6479405812930276
3325,19.77801512443181,-1.2211088026148993,3.097207236628341
3327,24.30643516251798,-1.249290745334048,2.7896853130788863
3328,82.91034269310957,0.5335834857916133,-2.9846379836308485
3329,32.88100048210714,-1.526487097805838,-1.3162578892668162
3330,15.943866703469968,-1.7555144537069791,-0.5438436597229761
3331,61.29017578693782,1.8423469183438288,1.243509572923325
3332,48.26356030393362,-2.1752393821362226,-0.0198892081874031
3333,13.71997846357277,-0.4098192575696783,1.6552100084119716
3334,23.29287385178256,-0.2508958177441417,2.871544893756768
3335,24.94506925577972,0.6942761950972014,-0.1156290244113767
3336,23.219693804140217,-1.8134526447282795,2.8878427495358383
3337,21.846869188008498,2.347996955836744,-2.2430681132114487
3338,49.31029467455488,-1.6265639651552468,3.13870611060962
3339,39.90334668859104,-2.1684564677423266,3.0161344001614308
3340,13.33363841455582,2.4959859468827266,2.691000816106264
3341,12.746946645133738,1.0369987759580956,-3.0560331937932577
3342,35.38771744456566,-1.8221557392002177,-1.6802049169697386
3343,14.915489111294969,2.048790424183317,-0.5636089492291829
3344,11.416959324002136,0.7618277334041278,0.4462082826685731
3345,103.43179560536666,1.7816634803665266,-1.81179133722008
3346,15.809564869994542,2.4478688319747057,2.98532201363968
3347,30.781111948126263,1.3749214368038,-0.1800232555929787
3348,153.19472671449563,0.4342678067458382,2.2421618498842086
3349,19.60700739608204,2.309135529168955,0.2478763246098344
3350,26.887532769889383,-0.3697086018473292,0.6945173527536483
3351,20.15926199788813,1.983209886373673,-1.3932393503244118
3352,9.599066102925974,1.8480902465961324,-1.7491185230389696
3353,11.408147098938809,0.0559211817302879,1.6078321408710898
3354,10.92467013649481,0.1905387336837837,-0.5831554754254281
3355,50.11354928067182,-1.981147245121016,-0.9400285854207686
3356,56.18541059467608,-0.8652612290626155,1.742316911714211
3357,20.196812310119363,-1.3686178687920985,-1.139204217050907
3358,10.453402974275113,-0.0859773407673829,-2.7154664197323206
3359,22.0125406481652,-0.4770369523927275,2.806580209168397
3360,79.94510740864531,0.3618884541060701,0.0518166690568027
3361,60.49140757704684,-1.2854242086604213,0.962500177536422
3362,43.04309733116407,-1.0052127767575498,-1.5863698554042456
3363,23.374257227890585,-1.1125916155754694,1.9946974471488976
3364,16.932526796028515,-1.916865349274528,0.6818750922727502
3365,26.902547767711315,0.95345226229502,-1.1641144995234691
3366,13.082936757426136,0.1829312210597178,0.4868709563094975
3367,107.33454894790604,2.098091426546999,-1.7462760050217614
3368,10.736831164414632,2.0966834794287683,1.1822516327163524
3369,54.17215634415047,1.84955274769386,-2.845070998460471
3370,41.30281104932465,-2.1963413809466865,-3.0164544925812256
3371,188.7380377876728,0.5124949502359698,2.3041149563483154
3373,16.584108739133477,-1.4360864184505326,3.0029519737541466
3374,30.45935961623187,-2.0337073961058936,-3.0018172483958176
3375,36.7853763715152,1.462839513551496,-1.3564041170446035
3376,47.04552391411064,1.8313762563957896,-1.525563841597881
3377,57.74425110931256,0.4773128829402803,1.565520587266273
3378,36.51776524560262,-1.2326938639992409,1.5088788807363969
3379,22.714138499890023,1.8381394589304645,-2.21422509704629
3380,23.607352179512684,1.4759740181403236,0.3542064111586612
3381,27.31352753491476,1.167700494343705,3.112737404109546
3382,196.935192956593,-1.442813267986353,-2.7627168871636334
3383,49.82029626523042,-1.1363676433119467,-1.0550739205492
3384,51.70906504702791,-1.4036357785928055,1.382455554455061
3385,13.626560073049646,2.407316454045376,2.0057249898801923
3386,19.61312990451631,-0.4371149815952044,-1.3574861714812032
3387,15.72032714617469,-2.2608854355594605,1.550771946385585
3388,24.57535301399168,-0.556131189119203,-0.0311532054440685
3389,26.922932388491297,0.3037843866599807,1.5787495205335618
3390,13.94527856105301,-0.1568824823907756,0.308304213910126
3391,6.629493701155512,-0.6670283143985136,1.720134576517421
3392,39.76390149231341,-0.0622029657211511,-2.8818838304374523
3393,12.083947072795825,-2.1752633166935085,-0.7879847152013005
3394,20.615597561626924,-0.9807816018708724,-2.053067239424052
3395,26.07823009084456,-1.5183680812939973,-0.5958720911830647
3396,31.25919386226997,1.9876350386469133,-1.936025752753208
3398,26.05829161221267,0.382153990861789,0.8330773317174197
3399,22.4414221257292,1.375041005989108,-2.679728013848313
3400,43.45300335828264,0.2633067747928628,2.269945811764395
3401,11.255510467521896,-1.5580800084512063,2.4731569316813657
3402,16.45410004906284,-1.6952000969040053,-1.824099576105828
3403,349.5735048285621,-0.5131257087339975,-0.8878369382549544
3404,21.87710864148596,-0.7528758342030157,-1.815454855101808
3405,39.47279336861308,0.792120332384286,-0.6250479685607006
3406,10.02243422335383,1.075791609282207,-0.8784309799456428
3407,11.001549724042528,-1.2913395115460642,-1.267438017108684
3408,18.50789476939556,-0.5248290229786001,1.5659878893778094
3409,13.668484713526384,-1.5179548345750025,-2.9335604717669823
3410,28.22096598911901,2.375766906545756,-1.9818355977223705
3411,12.202683721306675,1.734986331465132,-0.0787042119496419
3412,12.27463331060532,-2.348203654199992,2.8741118471939315
3413,13.34545510063112,-2.0857090562958707,-2.9691060583697872
3414,23.140957950195933,1.4522616337505958,1.921034955866872
3415,24.05925523821932,1.1524184772926482,-1.2106298382800569
3416,9.92520135743081,0.9430040334583314,-1.6167394364806331
3417,26.456634300799056,1.3627623531565682,1.2535734271658432
3418,55.64934202541361,1.029077216512723,-0.2612561829814884
3419,17.247456472701195,0.7512718739063334,-0.969755956740586
3420,10.043716023512411,-1.535513474331356,-1.6757919110397723
3421,18.37873257465609,-1.4123219946507553,1.9025554210752
3422,22.7956720493778,0.9959091892404944,-3.1056838628893435
3423,21.1633015734266,0.5537060421969671,-1.4745420879144546
3424,86.09402704676936,0.5625213247196074,-0.5787390884256697
3425,10.972431754881368,-0.6843220417855094,2.2688901852782104
3426,32.3725683153204,1.1355112028379284,-1.6280420549495624
3427,15.56969434754504,0.4986768364648627,2.3776896247315915
3428,22.15494844929935,2.2180272263545744,-0.5075703410824024
3429,3.3486147287016923,-2.21396050956218,-0.9354962393606
3431,65.30939496396613,-1.110314319621075,0.2451038026894744
3432,31.306351497282524,-0.9155103376167326,1.190326635151593
3434,32.98161801446678,-0.7582285548659587,-0.6398575417990199
3435,10.91973746719966,2.0729368698370485,1.1912386524238423
3436,11.632264576019624,-1.4393344017869292,-1.5711768626975686
3437,12.884360360284568,-2.4723681519001324,-2.884212510346995
3438,20.231081207688167,-0.4209186021564136,-2.9310174048428403
3439,16.908343933577854,-0.9664802784869216,-2.901090946728653
3440,21.23982654227402,-1.813600889519749,0.5373967621555715
3441,11.98162777330502,-2.189896822402267,0.3349274798183048
3442,109.71519748283416,0.5945347954488898,-2.2406303229416533
3443,13.612489999857653,-1.635003796518695,-2.131258767307792
3444,13.86511160354048,1.4768501028033696,-1.945059125668981
3445,19.54916026915776,-0.573603433052521,-0.2336589170925111
3447,13.597797441698589,1.1301900065882995,-2.776830606713086
3448,15.15632330558302,2.214628756318127,-0.1012387353308424
3449,23.669021346525973,1.1630458344302417,1.9738102721805133
3450,55.95792464342458,-0.1033327934298637,-0.7407158219219855
3451,14.543019308312251,1.9677168515836003,-0.4638083302849007
3452,15.656379903179934,2.478216744490581,-2.827239585418963
3453,22.45917912509314,-1.1951147074019446,0.3427463898261655
3454,60.14192967317114,1.0473656154379964,2.970633740535638
3455,14.842217835678788,-0.504024387703722,-0.4618964907486938
3456,70.41336443491966,0.9268197015715542,2.509765270519676
3457,20.604449316430568,2.006343497338528,1.5202417138736477
3458,30.217016326207805,-1.0567746902851332,2.9353798855909456
3459,14.739518456211696,1.521660055779541,-2.082439907784736
3460,20.10722187577885,0.6563157164977331,-1.1989905168766977
3461,18.045913398454584,0.6183589066528729,-0.4374729065123098
3462,10.92606198220751,-1.4441358913849012,0.686218035959205
3463,17.415689960865524,-1.6549168153533445,-1.946723175816255
3464,15.27314365676184,0.0052739156431438,-0.1428730919206527
3465,16.42110540704101,0.7487738688593594,1.3113689945045868
3466,10.675507964694448,0.9630652997756668,-0.3556302469328313
3467,17.255827298994934,-0.9993495323611512,-0.6548975135980978
3468,64.96242568895141,-0.2986921244393031,2.408015612583593
3469,11.273214997698776,0.2347138167154905,2.114437397654091
3471,59.68541005965314,0.7481374185665723,-2.619390765335595
3472,7.81300516791799,-0.7100452896154664,1.2602060574668414
3473,23.86887015196308,2.32805982803025,-0.3554918702782931
3474,9.500627859825896,1.8032897520301547,1.1227337161591893
3475,23.31154669704818,-1.4203509556570135,2.532469345625176
3477,12.99396442863676,0.6754078655474904,-2.786588669475801
3478,16.355230917783437,-0.5312151953222074,0.5768824926217442
3479,63.578083289309895,-0.7198576280349722,-2.4397301468618977
3480,19.628961441633432,1.8012198070725722,-0.2812876535327965
3481,109.66504487505532,2.1686747725404145,2.6818974359635286
3482,23.3841393681821,0.1781000592976604,-0.0876437086357464
3483,10.736680140873668,-2.100365535284509,2.3209379373885577
3484,20.700444581679324,1.4786715430677773,1.5575388274958804
3485,102.01920190537744,1.7556333047791544,-0.8046530572277173
3486,11.87128825894757,-1.1113523541363783,2.179704477212308
3487,217.127618862944,-1.43135191378516,0.3172711213039501
3488,126.97385958134072,0.2657911732915759,-1.8966393489748947
3489,13.434157468412414,-1.562389490400545,-1.6987581256983055
3490,12.390848933311874,-0.4045329235857192,0.8941603128712368
3491,10.72973651245822,1.4764113689190714,-0.6017710005312241
3492,28.49471889765831,0.3719171972472417,1.818178280728614
3493,23.933439803571936,-0.0514513607489919,-2.967587512269793
3494,16.064127262778303,1.121812868503513,1.7838011412947834
3495,61.54829168030589,-0.5730304477248312,0.3564729702014432
3496,8.889052244956344,-2.3687354730177685,3.046930375251106
3497,17.878127534368346,1.5005292123587983,2.049562277020008
3498,16.986125048208045,-1.830574659478977,2.391590582351024
3499,18.469299230165472,1.383603436366044,2.552231169663525
3500,49.759559203292056,-1.1880032423525448,-0.5554767888560584
3501,42.20647902700711,1.6964751092188275,-0.1636246369035784
3502,17.652292171295784,1.625653917674824,-2.1008606122418416
3503,23.65157218339652,1.6282969052690592,1.7774832841123946
3504,14.7407015163878,-2.223442220192881,2.98326473701082
3505,26.09033899526848,1.822467510661424,-0.5831880657541643
3506,11.56129032529222,1.3012824838517845,-2.2192452529617617
3507,9.80629711803456,2.4217133748434465,0.7801649957695632
3508,19.575262367364584,-0.4802484387097973,1.260982165646104
3509,22.62753396462962,-1.3170675463276622,0.6699052726057243
3510,56.38043206244471,0.4518349925650406,-1.0508909484520033
3511,7.002802617638887,-0.7498575878104932,-2.422108807697857
3512,14.493812591269457,1.8905336377404065,0.1299608883929247
3513,12.13095177451074,0.8074520968670024,1.7542164792167934
3514,10.235669154055056,-1.0280177531402326,2.718455790400625
3515,38.0264477221112,0.0492051231259202,0.8553187216338825
3516,10.294042062796285,0.0369990944129095,2.764224041010332
3517,53.556153930424095,1.3888387266352336,0.0625976297484335
3518,23.33222701605132,0.0968337059511433,0.2090823421076171
3519,10.489587680740174,-1.258312829591815,-0.2292889667511586
3520,186.81755777419443,0.0029570251857214,2.2739391280916323
3521,17.64069595140662,-1.1954146684906553,3.139598099237236
3522,12.646714089496024,1.5124671565870582,1.2567972206981315
3523,17.955957849380727,-0.4559283031176706,-3.1380195449518165
3524,21.329444252513408,1.3624595941495603,2.7654708218762187
3525,17.75317906859796,-1.2595394756812328,-0.076825884359934
3526,32.74662341436867,0.8724602265307039,1.6215851059217947
3527,16.140184061456296,1.1253743216441112,0.2159199434656744
3528,12.078015192495268,-1.3219588654917362,-3.131686685570924
3529,25.998080757697373,-2.0289572676360303,-2.773881345873678
3530,16.213626623862112,0.4214859757226419,-2.343561738391471
3531,19.212424534801286,-1.6060332317907788,2.991041124936265
3532,56.27289404067468,-1.0258117112592635,-2.1545869060228595
3533,45.63163505940248,0.8684962475607823,0.6182575446900377
3534,34.136206675716615,1.3887978970833013,-0.8670953430589045
3535,12.727334250978949,1.413455431550999,3.093908748908095
3536,87.15106190851125,0.9814595986461712,2.297540910943157
3537,114.57213383916216,-2.142886793026943,2.342262489472648
3538,100.6665286431333,-1.969874948068987,-2.713514823370585
3539,34.22940783034804,-1.925168379740786,2.394018289924725
3540,10.913451640827962,-1.7343283716944962,-2.603883236396578
3541,15.367056616083584,-1.8600326855679004,1.111751767300851
3542,24.36603211743497,-2.164102961077504,-0.7631166111261612
3543,51.76134772467557,-1.7822054929058224,-0.5607531171337702
3544,12.408543995933954,2.158356736900289,-2.383710267207762
3545,47.382352948560666,0.3623458273846768,2.2058361111495586
3546,14.090181052786091,1.3478226657175936,-0.3682526464811325
3547,18.98915971633312,0.6189897820571038,0.2422870819417829
3548,51.5862156942167,0.2341333350698595,-0.9631139539843702
3549,18.43437068914731,0.7963193593030888,-0.9469243892703942
3550,17.872758642196327,-2.139881891147666,0.4537393580407395
3551,33.517747406631464,2.159080197225409,2.529792511917837
3553,14.630491865705098,0.0358219318118343,-2.92461396638283
3554,69.69898243905527,-0.8705679447425505,-2.563434874514611
3555,23.79992002575072,-0.042219612239644,-0.3407730603773988
3556,14.455926730363126,0.5475306305953546,-2.4011922140948943
3557,15.625740130341017,-0.2458455220681315,1.31481747150891
3558,11.807866985885234,0.4098378339414701,-2.9639630343798458
3560,50.470672420415,0.7813544510609387,-2.641898498603927
3561,49.74013828122917,1.2908199100997306,-0.8990318177675602
3562,119.24766632093576,-0.6582031370850026,1.7098542722263563
3563,27.343712230752946,-0.2513936805136095,-1.4918315927997083
3564,16.386735087265894,-1.8353990402928937,-2.6436868859115368
3565,13.093308594997284,1.2654762488030626,-0.5132270839676342
3566,20.974381547095216,-0.7092432325510731,0.3756863554081328
3567,15.186427583420238,-1.6006075030851332,2.031322714685889
3568,7.195401641022506,-0.2462149474415622,3.0738140043851856
3569,13.00025396420796,-1.6710069006619577,-0.5648479503875369
3570,26.492786182610896,-0.154976398162982,0.8437014485755369
3571,55.75271743048308,0.2192077044231559,0.3743843657458342
3572,14.217626374792337,0.9136706737875676,3.090229452066664
3573,13.88234872470406,0.2988454627701426,1.0477825312472615
3574,15.0490031544,1.7913301213010673,0.1811899918182752
3575,51.56975463410968,0.3048635927817848,-2.5681281934924884
3576,15.606083349550596,-1.7571204749845462,2.5047116085586456
3577,18.38739149109871,-0.2077221853382569,-0.2936951143003392
3578,260.4430855819501,1.7658269345241673,2.2046463546331467
3579,22.43076955534123,-2.1886994160250355,-0.9955159081168616
3580,56.23389711025517,2.140841415697262,2.644523245904401
3581,12.882193568596708,-0.0200363746163751,-3.1381335519363134
3582,54.59136383678558,-2.138147146659968,1.5378050717697926
3583,58.13230154330835,-2.313865417008708,0.448569425943572
3584,41.671139932799015,1.886826458697217,-1.8691370958602684
3585,56.32592312192645,1.7512018738970432,-0.2600866272516926
3586,8.73321852590416,1.5422914119439974,2.23994262412963
3587,68.25456214091595,-1.2354636872741112,1.132701784170265
3588,105.8292360102362,1.1278058381398584,1.7407242083712875
3589,16.616448285441308,-1.993758220873667,-1.8095546225489183
3590,26.607597860291843,-0.4278060238615132,1.795481771467526
3591,25.962840812352365,-2.152199301720497,2.6313207221222967
3592,19.086277595265624,0.7294997043370808,-0.8925025544029866
3593,33.21425111745478,-2.317761663274605,1.9602672182749104
3596,46.61926555853989,1.7853309912404958,-0.5566703833970889
3598,14.75673879540904,0.9617512115819152,0.3766753934375912
3599,15.711723616838658,1.455925918972244,-1.430310463249766
3600,134.48407685689793,2.3780377435847195,-2.9513989373934786
3603,44.77053593191592,-1.1447330807798006,0.115638322847284
3604,38.950593390014845,-1.7420101641196282,2.7358541509121426
3605,13.214470394729764,2.085293164628173,2.40714517667064
3606,29.16869579302865,0.187395728729046,-2.809890389534941
3607,50.092750904969634,1.646188335196539,0.6531847688273363
3609,17.577597025904254,-1.6159030475289853,0.6142068908072134
3610,36.077094119146935,1.6270642219343774,-0.7009406188458753
3611,19.82165540534037,0.8629605481051141,2.726189079961758
3613,16.239473629164344,1.9182723870471912,-0.4371053399666861
3614,20.518249455026044,2.10195883749735,0.0972958379103593
3615,16.063906470936896,-1.5801178065280348,1.4394101274200468
3616,20.098634067128025,-0.3542853747682505,1.3646004891003447
3617,42.38542636114935,2.3321336396050616,1.2748963753466245
3618,13.327525658047488,2.130582313080384,1.4535141310801625
3619,23.10598814335372,0.5089191395629836,-3.117082531709105
3620,12.988660387625124,0.1279781633181929,0.2333436657299963
3621,22.970313159987903,0.2919864499281232,-1.5399873033041516
3623,2.264464155856336,0.8827948328143728,-1.6188850006778912
3624,41.48576793446735,0.7246795994084361,-2.7115196144703253
3625,12.778749169227918,1.7211270239676608,2.7688713833423138
3626,20.15683498946601,0.6401221708491323,1.7853014541499657
3627,48.7568075207182,0.8800431534879224,0.6154734360590146
3628,10.352034140899422,-2.329145210393526,2.104946827951119
3629,31.40623683984997,1.2894531108979654,0.028667656275772
3630,16.614872884718956,0.4329408697845336,-0.3102223990242917
3631,21.40005808776959,-1.7973442758136131,1.2319248022832248
3632,32.534110358550514,-1.852102059260999,2.9819604498339016
3633,17.677147542878515,1.7938633837721685,0.6051674100403727
3634,12.254200955628018,-0.4991713570187804,2.337591087935041
3635,14.43565432566037,0.0873971935727632,-2.5132376607498457
3636,53.98958131102509,2.0216197078845486,-0.0214114619078767
3637,42.52687205978785,-1.017815154206131,2.5203689081355605
3638,23.50470642231448,-2.085602475403754,2.028523829165044
3639,33.22620446757509,0.3578501428933732,-1.3365927524041086
3640,27.90823151911648,-0.3155850661823182,-0.6212680152135898
3642,16.703790588203887,-1.0822540718295643,-0.4496874957701754
3643,12.89848296306557,0.7331759148903545,-1.6324775754422585
3644,65.44358695824589,1.427723212205188,-2.101088135813964
3646,133.08606759341987,2.358504711561072,-1.6432408385015076
3647,14.55730565624863,-0.5985993756878478,-2.254430672758006
3648,13.826294084284068,0.8722234572119556,-0.733781167660359
3649,12.930016138165008,0.66544037300501,-0.3259482718398661
3650,22.549348306849712,0.3737254582905431,-1.673180990897521
3651,28.52262873782767,-1.6764834767631704,0.6118602024493542
3652,10.513484736402908,2.200207186744923,-0.3887064550042964
3653,78.30507020960776,0.0150515315230136,-0.1922384284936666
3654,13.73206108733354,1.1640736727135612,2.135144011513616
3655,37.70855956838219,0.8804079812397815,-1.2307521932673242
3656,10.18430925299253,2.207006903250417,1.8442448632935973
3657,33.67697484776265,2.251318175422944,-2.552603298829271
3658,103.90009749074328,-0.5062836091734786,-2.718682408155513
3659,15.267948147079526,2.1667545308875487,1.520943224635009
3660,94.44583445421809,-2.157397386110543,-0.6807912682595811
3661,22.574460974564435,1.1206713381194549,-1.5000826254438973
3662,46.99191313836362,-0.733595568691558,-1.8692364322322896
3663,27.208665222373018,2.07458465736994,0.9746183208178036
3664,22.367309992707987,-0.7869340184325944,-2.263178392341978
3665,7.510769080421856,-2.1443067583195377,1.3963147617755676
3666,35.88428540475076,0.5725512996270753,-0.8170508004353538
3667,18.78099364536884,-0.711387318308264,0.6746065861451294
3668,24.863323498465807,0.4440887675588353,-0.0266046777668919
3669,19.23651788791142,0.1214363384849126,-2.46153378395667
3670,14.19737289665488,-0.7830259618827585,2.013195216652198
3671,38.92070268879952,0.080737175592597,2.4327251955293283
3672,76.50209247002068,-0.2422004321735443,-2.324919821814947
3673,22.577784807226823,-1.2523507334806283,1.3541858716566717
3674,8.798785715550698,-0.3298777595501326,-1.7507431598826888
3675,25.390369534130404,-1.835787848344294,-2.251130106581613
3676,10.65262509355068,-2.440018326587691,0.9910242817355244
3677,38.989477392937474,0.8776878985522664,-0.0437672953185934
3678,12.072287776423709,-0.993000304028669,2.244220778308865
3679,42.60082081557624,-1.178026053331353,2.888688469286881
3680,27.44114165953774,-1.5113746130051315,1.4263951088141638
3681,15.393469640923987,-0.8404711453840231,-1.6153397638969509
3682,9.049345492822772,1.0626065462469012,2.882145412976876
3683,77.40482347863376,1.7550386079904168,2.1995439447286684
3684,11.007410111485015,1.6657457187385498,1.8594417645434849
3686,13.51988119162341,-1.160196755280258,1.7190956644238151
3687,13.296235381684106,2.0683366803069303,-2.0817848871321707
3688,38.67608220413645,-1.475655096027269,-2.281311680772811
3689,61.53870756236098,1.0873525748565394,1.156065904003876
3690,82.42959519793776,-0.6318940835567939,-2.727184862756727
3691,12.218398544357948,1.069458692153394,-2.783797206655326
3692,22.79692991813544,1.4400017704630752,-0.1673801709189523
3693,9.7855878650804,-1.0245002456310308,1.502141373187193
3694,28.30227309134989,2.2511586542079804,1.647916146986064
3695,19.88404045737699,-0.0823162958412845,2.975343377930461
3696,25.383219039375863,-0.4964960648021515,1.1930410035009724
3697,18.65336157494044,-2.087375975659118,-2.6732893076354776
3698,12.411926110312876,-1.010406362569835,0.4363332467926448
3699,20.79111383619637,0.7001140843207434,2.3213367693070026
3700,10.1353066473078,1.9163738132359496,-1.7123467308396836
3701,9.34773165814016,1.0472273626250708,-1.357805745904028
3702,9.999995655033132,-1.5480265166337737,-0.407950322232061
3703,15.88394713933469,-0.8008691956003873,1.5582998304909683
3704,26.115019887280617,0.0595248944002038,-2.311593488091496
3705,17.562588980575125,0.0841399285169093,1.3189912763627123
3706,93.60187729788012,0.3653220647679651,-2.464945656680987
3707,18.090147860706868,2.252226909312886,3.0873973941017328
3708,25.501986896000595,-0.5243394445086378,1.4363654670827266
3709,14.569786294063142,-1.2978986339955605,-0.2634269574823025
3710,22.54538159105671,-2.4694443020321817,-1.540826350231674
3711,20.85162080472464,-0.4467714776323346,-1.49311763688556
3712,20.80809176684663,1.2047195745476598,0.5888764600610911
3713,25.04998161241273,0.8981286490456212,1.8989235697991853
3714,40.49625848085053,0.6643877612546877,-0.1858573118371036
3716,58.93085879354713,0.8867206932105481,1.9946946016341296
3717,21.418965433789825,-0.5071741944919311,-1.859958194822
3719,11.422637894949965,2.2948150764181463,2.576462842467878
3720,15.26383540469677,1.8028729026891583,1.404489335735554
3721,71.21568982923459,-0.1676861658507654,-1.322223092171259
3722,43.61110600112509,-1.5693279731369865,-2.418147262152021
3723,18.51268551153868,-2.016782048408236,-2.498799564785552
3724,85.30983415349112,1.00672823191752,2.3319167813294945
3725,11.495204588868786,0.8474457006619084,2.2740364080457183
3726,61.71979075487252,1.2817229377575057,-2.9628214401667057
3727,64.28805397903915,1.9778028479074297,2.92103574920953
3728,37.81040433856765,-0.7919892984820851,-2.324359665728963
3729,26.07449069396901,0.9025488849421832,0.6788199068760196
3730,22.81849785925838,0.5182866154039623,1.419652358707094
3731,23.846922196205966,0.8143197984445367,1.1350108328845054
3732,26.20289267747309,1.334900787055909,-2.1154995555608327
3733,8.70315833294449,-0.3691461995515812,0.4030374633884123
3734,27.874136788828743,1.272661334104295,-2.615030186452976
3735,10.59704053344511,-2.1320394765904656,-1.1499763991446426
3736,25.36115894429029,1.5905851870471397,2.5919141103809755
3737,7.912720972785625,-2.1530936505532865,0.2134696694780881
3738,26.935934162850057,-1.376513701153227,-1.856849668065402
3740,19.69105360005542,-1.1261927541494774,3.076196559285626
3741,119.94028027686473,0.5613174714329452,2.777015377140605
3742,8.741662089470532,0.2478015452230229,0.0691253330772421
3743,15.818759108427791,0.8066299021240624,2.73022127112628
3744,10.94490796977485,-1.293700244900016,-0.9476149322564198
3745,12.418243295869274,-0.8996474133804957,1.7629446435068872
3746,12.985236583341916,2.064185349592381,-1.4114027931381763
3747,15.053965377539203,-1.404337750671157,-1.8389201823686776
3748,8.936145512092525,-0.3951004337195507,0.7994036718071406
3749,18.37313045498136,-1.286197928327943,1.8014849675663889
3750,45.37799256690719,-0.9448483532454665,-2.727911343815202
3751,29.790436626250536,0.2859026945350661,-2.9108750627678988
3752,57.90779901222278,2.4618167943225013,0.6875762337590764
3754,22.232019543838376,-0.102588088654056,-2.38555988848632
3755,15.969927160525126,1.6131195316245708,-0.086946131194227
3756,16.710954750049922,-0.9549556539095851,0.41477235755566
3757,20.953406926096104,1.881999157260531,1.2423114312464618
3758,15.883448226306545,-2.089606319005028,0.3185811840471568
3759,21.635982487590613,2.0875392738067173,-2.5374048156245625
3760,29.42867170715989,0.5817858977514925,1.260243164457672
3761,44.32467959161053,-2.088793951822768,2.519824246030661
3762,25.20872780024565,0.7909796605936644,2.2313552553990776
3763,10.899390970673554,0.0167000953539277,1.54571673995518
3764,67.39836501243651,2.18612090195321,0.291224802343203
3765,29.45660954226916,-1.475781916811325,2.92713141471111
3766,42.85285781274359,0.8002112310993333,-2.359241275604153
3767,9.899278439131605,2.1671961275685274,-1.235109577486817
3768,36.16394645785592,0.6972533436535738,2.817071867813504
3769,29.40027653003232,1.3520578856301713,-0.7909785578437538
3770,41.60976798129474,-1.0644292476201054,0.4243506712534732
3771,22.272936091851296,1.8056000392546443,-1.2423211409396426
3772,9.732841330626348,1.2392953537182083,1.845419004618353
3773,78.43909695485135,-1.4037013530651767,0.6016350462264213
3774,14.778665970770634,1.9082367505239808,1.0743522922029898
3775,11.896638771331968,0.5347398991196312,-1.3154024344366229
3776,17.14429723909928,-1.7598191665675107,-0.9195101532030804
3777,16.690251435542383,-0.4084386004748767,-0.5401676018945641
3778,24.361978509846764,0.4904450195209044,1.887522650634392
3779,43.99555742870855,2.2819795921235264,-1.2801447307240887
3780,40.496259708382034,1.0306237400078415,0.5770105826474894
3781,50.93903617233895,0.4796288635082888,2.253823936702403
3782,9.588680324013012,1.5309387787532678,1.5391446173019454
3784,29.509071858878787,-0.0859863413011984,-1.6148659612379974
3785,12.650601286239684,2.3049516026482006,-0.5681884318685214
3786,16.361577075135212,1.5263925632132227,-0.6281985658242529
3787,13.723238003047005,-2.254369116210328,-1.8258086450525568
3788,55.98040315984076,-0.4597644604929232,-2.088205177848993
3789,14.47589164055702,1.497500099053979,-2.6787838273401188
3791,19.83861828709728,0.2849740270525404,2.343014623663519
3792,9.789011956747231,2.188874118642708,-0.0249442199494554
3793,30.554392547380505,1.1253232711104648,-2.463185748298831
3795,152.75328645371093,0.8941901939056808,3.1346687287050967
3796,40.160962705812295,1.6988470808939231,-1.800541676414193
3797,122.26931354027629,0.7601926287187821,-1.3114324215440765
3798,20.40801518824616,1.343697918710607,1.1756820260175072
3800,21.697297497416702,0.0523139925912798,0.9719124812586916
3801,61.4856291502606,0.9591945445901938,1.2149369059177153
3802,13.841247360763548,0.4405949911639303,2.660786246049568
3803,10.333573098658386,-1.1755415176393846,-0.9937723851415344
3804,15.217802350726064,-1.1791448037985666,-0.9921514622763792
3805,211.67821327407435,-0.0084198540847854,2.39331797646984
3806,28.41800611697844,-1.312834492632532,-0.1617043382778516
3807,15.550148506991636,0.2531901890314437,-2.0759293988172614
3808,47.71148090539121,-0.2203077786855703,1.0143090970460469
3809,24.69898177456457,-1.2374786802484616,2.651112699577965
3810,16.977672559535694,-1.544639440968007,1.6283203783111455
3811,27.367642701607743,-1.7161860961517588,2.297186704937234
3812,46.781664247482766,0.093225339726938,-2.932171807245425
3813,46.48024105983556,-1.4023385043051924,2.8732693777065483
3814,12.971203511521589,2.1451309093284543,2.0833378387199786
3815,15.550274225018848,0.189570700310867,1.553469062173302
3816,20.94848313690908,0.8376137464266254,-0.4033352684483713
3817,16.6715847817759,0.1508287901338389,-1.4695584214323834
3818,9.70769035255614,0.9049750454389832,1.6173152128712345
3819,134.3346621808302,1.97884452313342,1.474773177536927
3820,8.062329842167765,0.6037304467433533,-2.887922370416537
3821,16.452601422325845,-0.9088671590815858,2.0167988258849983
3822,34.46329852306192,-0.0794248183784454,0.036689628444631
3823,18.152361782038867,1.287089170606774,-1.8754097603429143
3824,16.73875105975738,1.5877838389274497,0.3931580845004729
3825,48.70211176497072,-0.890664370841361,0.1478645163586368
3826,8.323514019413325,-2.2802849470709257,-2.214851119253331
3827,52.372524300360986,1.4878871271676144,0.0181404972593657
3828,54.71301131561127,1.6431682241398826,-2.501346163515085
3829,14.438843229518238,-0.7241719037006651,-1.089249126269464
3830,21.86915944970936,2.022745923374732,2.9400108576539905
3832,51.48705497844432,-1.578528299133456,1.32968753985516
3834,15.407636471681604,-0.5610283295075275,-0.340680348686139
3835,16.218530033374453,2.3931970644844505,2.000016302804984
3836,16.602104975948134,-0.4955444510234333,0.3262975247699099
3837,13.759665465661062,1.6648695845649195,0.7564157050053611
3838,18.183040901417307,-1.832728368989488,-2.349369974276398
3839,15.607499038832843,0.9345722349974824,-0.1412402069137731
3840,30.52339316447862,-1.374668584562729,-2.5733252335411567
3841,16.168208895159616,-1.743442783586357,0.5801048655103284
3842,18.409793334417337,-0.4947535803183594,2.753075018969167
3843,18.297470933351228,-1.5528410788614155,0.1929358368527722
3844,10.111322970351518,-0.9799777060840597,-1.3728726088183718
3845,37.21997695286433,0.3284281723532518,-3.085754125322175
3846,8.489710307382325,-0.12330450795494,-2.5296473435529254
3847,18.00898031147564,-2.177544959046295,-1.0923672199397665
3848,14.696850053298666,-0.0922047869163159,0.3599086953492792
3850,19.731018778158063,-0.925232302056599,-2.7065486570338484
3851,60.57529742112563,-1.616727152143434,-2.580687764164141
3852,155.83227520039478,1.864953228043588,0.3059272448904153
3853,6.834681267466611,-1.3139024214490165,-2.853036320353687
3854,116.375290206906,2.366565979209568,-1.7445845129210995
3855,34.69194141494582,-2.2283470594528225,2.8488698560678243
3856,23.68130674488438,-1.1150707147553385,2.028335385540147
3857,6.205392514182858,0.1270160010583103,1.3487444017469647
3858,183.3799011373944,-2.34913037873714,2.0091604423180707
3859,37.10823490359428,0.6864456757949193,1.7531235213836365
3860,15.654123730069845,-0.6430736102650045,3.0072001979233107
3861,17.509261091223387,-0.5968451726861366,-2.170415191287673
3862,11.991316232587028,-1.2216601968604852,-0.9595457413356352
3863,44.27138901745934,1.8013807383403768,-1.9351327429614995
3864,6.26573826220136,-1.2922561328718327,-1.830874227017532
3865,55.965123882170005,-0.4162938166941172,-0.9173565756751316
3866,17.987076546221772,-2.1926016300680966,-2.018267626881016
3867,37.16880498684531,1.4357183797914934,0.5654991837715979
3868,25.466567330921723,2.0236881921766976,1.624823740389722
3869,93.11236174453292,1.4568448892715808,-0.3097308233728436
3870,40.409868643412935,1.1018833484791122,1.5784251023866704
3871,16.847737375311773,-1.849451262701284,1.2096222749493275
3872,11.416678034520215,-0.6660504333557372,1.42994521288586
3873,14.512419860922142,1.4400383533818006,1.917496114730123
3874,11.01914026428734,1.4712019045118516,1.998138655754923
3875,36.15199226108545,-2.373343965320771,2.4939788706609747
3876,9.1016343807383,1.3659602476900776,-1.0943644866734896
3877,77.12457373972931,-0.6785515162879556,0.6756973406905861
3878,29.19115198323937,-1.336775757127762,2.0486004435982874
3879,15.676870071638447,1.9078573445282632,-0.516685308030992
3880,17.022980048393975,-1.284617618873503,1.285366348726431
3881,26.31217388929094,1.3513617832403295,2.18049158600016
3882,13.044265588043388,1.7101520964188377,0.1857375620009343
3883,10.31142162161814,-0.3704571877589984,-0.4426081413666377
3884,33.80025809561504,0.3848301193677324,-2.6997609375017424
3885,35.76099387697657,1.479681014575923,-2.00043273582334
3886,12.900012204246147,1.028368030478382,-1.1661652273043084
3887,17.00068390214192,-0.0217956263138081,0.5657000715791871
3888,36.91214912230464,-2.0109161155592825,1.3864028721572623
3889,11.34323600980678,-1.405776774131034,-0.9291556830223632
3890,10.348143055522623,0.5598742163415683,-0.1103660141129717
3891,18.89530537937148,1.811554147035129,-2.348418679931888
3892,63.46773014831119,0.8391413265711131,0.470746760895455
3893,16.115286469083866,1.3800631288724696,-0.1260262028660362
3894,91.28460103644504,-1.810838263356356,-0.7346490774718986
3895,9.970501467530177,0.7453530216717369,2.104026476596668
3896,63.04037425647658,-1.8374428994100096,0.3717514042393431
3897,27.454230017317293,0.5030313814273235,1.3076180578707255
3898,12.367744842062882,2.474707184245553,-1.3638839433288634
3900,205.56063436374373,1.984348415519199,-0.1621131004661133
3901,36.56488672391958,2.063521915124321,2.5679999846488726
3902,21.420521064759026,1.1806632504465897,2.997216708081369
3903,11.397572938166736,1.9121774679809351,-1.4302621416408403
3904,12.777248223098743,1.284477069335932,-1.3979954279007314
3905,12.647789019512471,0.4146896633450133,-0.4159851985861474
3906,21.76213164203393,-2.0093948553531966,-0.0724762181536896
3907,31.00723800868389,-1.8650502326596208,0.201618431148167
3908,16.739360912196975,-0.3962444785831263,-2.028930568038596
3909,34.11679512882331,1.2045399890009283,2.0830004050610147
3910,11.452282813990566,-2.232765738157456,-1.2964058763289446
3911,82.38960963256739,-1.5961585429921548,-0.3270005071519933
3912,14.104412060495228,-1.3634529324198552,-2.7929003544844613
3914,92.49576658358215,1.2227527535586362,2.8709114813769485
3915,23.46915443613157,0.5340525713637804,1.1589946959172022
3916,19.174627729925646,-0.5782316847187248,0.0718429773627345
3917,11.574730895117476,-1.598059646028514,0.9449249163321564
3918,69.79455127770294,-1.0660453188362315,-1.3478577720849605
3919,13.263338817303657,1.391881867204149,-0.4511880108206084
3920,11.965740466131615,1.3390075580865617,-3.1265022723407974
3921,11.02240296238956,1.7732560723844133,2.1666485744456137
3922,66.97909491479155,-2.159290759763571,-1.450791069828356
3923,23.600691093208887,0.0478890603565825,1.234237107949926
3924,26.04704658782544,1.1951985882571168,-1.7738039132192451
3925,19.96733788254045,-0.9962804651943928,-1.9619856440566248
3926,214.57832694484932,-0.940012766431774,1.3654951031726907
3927,28.003825274283937,-1.4836017011456517,0.8189433745724298
3928,9.857094641684894,1.7525891971399787,-1.2256068577993569
3929,17.17841611558587,-1.9452523039922955,-0.4390842383011881
3930,11.21645630640291,-1.1383879409961086,-1.8688032811005035
3931,25.849341710076704,-1.4765162931951314,-1.0312837573993874
3933,16.04677838080463,1.518445799197479,2.635542984977952
3934,9.315148225601671,-1.2456344909428,-0.5175721412392373
3935,19.51549382999352,0.6741443525636851,0.9202761930494644
3936,121.26345211641002,-1.5982344294523387,2.3708705593139365
3937,14.7857421831856,0.4113599115758117,1.482591974683031
3938,8.920263479653794,0.3682088237326324,-0.3935675472554649
3939,40.54051937347682,-2.077482631836629,-1.3191008393294965
3940,61.47583523230198,0.2359665196885963,0.1789748599315959
3941,22.54826557443649,-0.0763400905175653,-0.0712905923356986
3942,120.4461563796117,-1.5325038137874507,-1.5996520125238765
3943,13.731716410028415,0.0934401174162973,0.4017234732433116
3944,43.00983572724452,-1.957495821573377,2.7646756073760024
3945,15.490192371335532,-0.5192745354806891,-1.5870058245085823
3946,30.837742400564416,1.4216417795836227,2.189105973999152
3947,12.811387773802558,2.227042098304273,-1.036449779099937
3948,12.1534178546671,-0.0380526967068726,2.7046786872074544
3949,27.286451239618334,-1.361313535254384,1.9372915410477047
3950,16.459817544594316,1.5490345218770982,1.00505996855395
3951,14.117022028432848,0.0646715453479109,0.3541143266646271
3952,61.65899489765944,-2.222783799172289,2.2564667745182625
3954,8.150690071505524,-1.1388550166444682,-1.625361778914875
3955,14.832426618664698,1.2690250803524927,-1.7107109497721442
3956,34.82085193537892,-1.6736661796108965,1.3029644974297308
3957,172.77579051255023,0.7585197580432735,1.3976636090982748
3958,26.53445066221474,1.8257046636042504,-2.831704998084972
3959,57.36319925120255,0.1470121660964845,2.2032467323955687
3960,14.063875572404887,0.9130730727490576,2.607361363218405
3961,51.71580855542962,0.4525635719456298,-1.5144319372131834
3962,13.214195692761008,-1.6058245756864995,-1.2416005036278428
3963,30.937303270203696,-1.9982440941313584,2.492997738374389
3964,17.72049616502454,-0.6192915563480792,2.3959907057740977
3965,24.65749659745345,0.8853538032376648,-1.4925586955404295
3966,12.609725410726858,-1.2831817798810483,0.1986424284308554
3967,65.11121564984887,0.1410958815321192,2.1980735109835288
3968,24.367716635820067,-0.965481682175696,1.5340043723943435
3969,16.09845199253258,-1.3467268303716362,1.5141703672946252
3970,11.039354902271318,-2.346396257101303,0.0833655715582366
3971,52.707052769789485,-1.1023164227013489,0.5658500805774876
3972,13.82180885939423,-1.500817234914252,1.0852238272448225
3973,11.150645907984172,2.3537679315720608,1.010835102061595
3974,12.704896581680924,0.3272424820108176,-1.4113401433686747
3975,23.87116794920308,-1.4753512895336498,-1.952906183028036
3976,18.540669857547307,0.2628254022712931,-0.304113883233659
3977,12.646648182585976,0.117110599738056,1.488933813011582
3978,10.3424423351778,-1.3818653805324506,2.9008130255725653
3979,32.55260141182875,1.107697076533419,1.3882244002005335
3980,23.649743887024417,-2.120787570559673,0.6158135416238557
3981,53.627983331715534,-0.4023002053174634,2.1345384963648764
3982,53.74289634573525,-1.8689996887728344,2.670239033948877
3983,12.20128904609548,2.144756879145885,-3.0166184008612067
3984,42.86022799133455,0.6060856217810376,-1.66511946180135
3985,21.41278345681885,0.320211640034123,-1.388197414212896
3986,62.96955835135344,-0.905311173624904,2.428723250677209
3987,32.62492827904673,-1.9284469218717435,2.575910274424696
3988,49.78505741065992,1.182265682086015,-2.49939188460605
3989,40.56405594303895,2.056534666474107,1.7670813083225698
3990,41.70626946598392,-0.6389439950085964,1.1793663898499338
3991,23.23768007433566,0.2972333807238977,1.4441482493390356
3992,24.02055546844286,-0.4294543660113822,1.1508385580218845
3993,16.726786249551264,-0.9526850331099304,1.9633647953810456
3994,8.466201275891931,-2.215181645870212,2.4863355322257323
3995,10.445234849303064,-0.3966136395640501,-0.4106093203798714
3996,58.26939234179624,-2.212550408501252,-2.309258726098721
3997,44.119364390641294,-0.4669382201157085,-0.1459400209361056
3998,9.80647292311178,0.673701939793317,0.7629133857622639
4000,20.62778841295595,0.1010123990766581,0.1220320740127012
4001,6.19827719598344,1.532611947619866,-2.939551018365368
4002,20.201363445462484,1.94807916570722,-0.4996278949100827
4003,18.64888394524796,2.291314821199524,-0.915050153867643
4004,34.85307925975937,-1.0348294514367944,0.005519858329667
4006,15.788507562775171,-1.399257153969892,-3.0070886147270457
4007,13.83764974323192,0.7026393832175191,-2.388612191268828
4008,109.82099874443382,0.9551090420265697,-2.0923776319269862
4009,10.473306180816875,1.0415752275544532,-2.995043066615898
4010,13.485446677833393,-1.599945004479267,-1.9773121735855173
4011,11.575727680165675,0.6155253175510589,1.8201959301718909
4012,70.29043652979142,2.349388301530868,3.048064388520233
4013,28.06110810438124,-1.7952591971347165,-2.794757451236253
4014,19.72069671714689,1.5724929285708356,0.2652063340076812
4015,50.59111938964181,-2.1975162440928893,-0.192281273625689
4016,27.74479360739916,-1.1916306139118336,-3.0745865920944144
4017,33.84210611647672,-1.029432544052542,1.4225030759406347
4018,61.44196453934728,1.3097912398347054,-3.127974754274109
4019,26.148728122121728,-0.0527085411966789,-3.1056321507202487
4020,16.87978251695726,1.0388516111009594,0.6098574374948297
4021,33.20570030950091,-1.6413179324553195,-3.109356233357087
4022,18.61818551964198,-0.6919700193942149,-2.7836505949758976
4023,21.600746026792983,0.4797638998323778,2.785467603387048
4024,23.547531317752213,2.2862300534409385,-2.017708088716728
4025,65.64340653364773,-0.8146908785020539,-1.7114877301367422
4026,25.957246525082503,2.4969519793709627,-0.4355202633915904
4027,19.072642114742766,-1.8615577514064467,1.478871927027794
4028,13.792381102228063,-1.925659826516232,2.6812313204609306
4029,19.709359106968083,1.934664966609396,-2.458798578109776
4031,13.60209655242308,-0.8616231937965869,1.801307693916388
4032,25.02624706560402,1.9552327631753403,0.322919887680175
4033,68.35144509878761,0.4178970544925905,-2.5497593855370444
4034,32.539269871976614,0.3519548209429178,2.045790206237384
4035,34.67397693917836,1.8896048747614875,-0.8904232079464323
4036,21.252045171909607,0.4954228165561704,-1.2006420550269463
4037,24.25234831054459,-1.341827923850644,-1.897347317157304
4038,23.954524142850527,1.1357148975556834,-0.7124535856885037
4039,38.17913910530102,1.1473448861534343,1.5257646937426437
4040,34.540324701315726,0.1005903055259932,-0.2390755429845952
4041,16.440330475452654,-1.7576857426280017,0.2130702466436993
4042,11.704076699619298,0.3075994662037237,-2.430915298089501
4043,18.91383660904686,-1.506600496903168,-0.7117080974657828
4044,30.984058519563288,-1.4812020224324445,-1.83154431414988
4045,14.887941230712102,-0.3640268853226106,0.1724328705974422
4046,22.03304716986624,-1.4680483675009233,0.6230228302891226
4047,11.120222280760949,1.3740418688763258,-0.5621739919756624
4048,9.645045797152813,-1.269644977929684,-1.529087423523938
4049,16.77866329225899,-0.763233734300032,-1.6650132777255755
4050,171.26541763479867,-1.7370714024565257,0.0238606339854184
4052,20.603648649321297,-0.0446355842867244,1.0257711860802283
4053,92.45335109980068,2.049906759462535,-0.4740481468353407
4055,46.91555660240858,0.3437528279961254,-2.5631707383778424
4056,37.88366451624436,-1.129908089709984,-0.5241310491879808
4057,14.748190363811466,-2.3596267486028943,-2.30967641822158
4058,16.0133871729334,-1.493877400746755,2.75163894764014
4059,37.33737382286681,-1.509079725154699,-1.45695759035117
4060,18.282552444412527,-1.2352387781163037,2.617915243130032
4061,7.337046419860785,-0.689230553691416,-0.9122617692703748
4062,12.455275493285978,0.992077274538608,1.6945649362057946
4063,19.085228555413213,1.5321843072868662,-1.682052348368987
4064,11.0762110247692,1.2562151599376064,2.8708959008484056
4065,9.8294320866095,-0.6802222912692635,-2.3299899435536924
4067,40.39559081551346,-1.2832943622162254,-1.2787771992018249
4068,8.989354303734286,1.911942267385462,1.802634536339484
4069,33.32189580191669,0.5663449713987052,1.5543874684216514
4070,12.535852587895707,-2.406864853177584,-0.6786268002158446
4071,12.646389006033145,1.6034720654197416,-0.1795453894989226
4072,13.57550026075881,-0.7498593846577104,-0.2054219378404297
4073,17.18435655685811,1.0773414320840298,-1.9078492192532888
4074,9.637146449693908,-2.3113408431878906,2.749527352571157
4075,12.32329814221406,2.314937881805198,-2.707964898514665
4076,31.00191951136648,-2.06989383390158,0.7560823869983365
4077,26.50816467250311,-1.9594880105389887,1.784072133821087
4078,16.522560546509037,0.4815029738245779,0.0700519458456515
4079,37.93937732668402,1.3780321938976348,1.8918992233440133
4080,60.97947618806615,0.4995344527907929,1.8145802987781248
4081,22.167244363816245,0.944755126653793,-2.863979985237133
4082,22.56736253477564,-0.0194743863826249,-1.9973008349709327
4083,33.738534239885134,-1.4110187977538398,-0.972040151708642
4085,35.74804186746594,1.8015981018344025,0.6206754055664133
4086,28.77445354740613,1.6320805284675646,-2.6524722864056707
4087,10.051884753440245,-0.3221312363311968,-2.844929878948609
4088,12.031167388147022,-1.0328020030454437,2.70786630457354
4089,11.861288109590175,1.3290596442703522,0.2756048184967488
4090,18.567375350708858,-0.8623907622277465,-0.6843790258939905
4091,10.529146925773713,-1.6239124621181011,1.2227489495275736
4092,16.06968530369278,-1.200098701762678,-0.1829183817144925
4093,13.111941368050978,-1.8684321389709573,-0.8260426962585539
4094,22.46025286205732,-1.1943924694029242,1.241643914583729
4095,17.599222952331342,0.21277477379429,-2.978515918592224
4096,13.230986975749818,-1.6600660422984583,-3.093349516207058
4097,19.705496089640484,-2.4865684503664194,-0.3844207883023209
4098,11.988208359468084,-0.1821710726476594,3.076501006097652
4099,25.641226512992823,-1.8964407877946248,2.6159700251933664
4100,16.635755054675304,0.8576104249506652,2.4511938406873064
4102,28.332469441624923,-0.4908163021064559,-0.8266686194115873
4103,39.43659482326253,-1.726985374195475,0.4069616377420905
4104,37.881613872348254,-1.7685241772249285,-2.797247287436537
4105,17.350566377323787,-0.7820700501510643,-1.3265849394728009
4106,14.394089806581542,0.3902998658559463,-0.9307050361767089
4107,46.30535302676646,1.7172335914839811,-3.0310745527694585
4108,27.805677914346926,-0.4135514849400134,2.5192472003264035
4109,13.777347806772871,-1.6606986215224402,0.5584640663942964
4110,29.438275338528705,-0.5215609319056491,-1.3373276886524967
4111,44.23401733150669,-2.381309925305858,-0.0336172505033176
4112,133.21776364622306,0.3041245147112938,-1.1399751700134328
4113,10.982443377409162,-0.31866110660726,0.8717421087600711
4114,17.74869153297831,0.6750563368457692,2.767758069451907
4115,49.06375266286332,0.1806777709243538,-1.0944851198267636
4116,14.45164085930449,-1.39314625733034,-1.5838218776158128
4117,36.4782691238465,-2.136259483221985,-2.848839322635859
4118,17.935290695036606,-1.2643111927194857,1.54639194730761
4119,15.055149468820762,1.1801853696301603,-2.1886290223341063
4120,78.2150169654601,0.0036733518332678,-1.878451332741481
4121,54.727664078404594,1.4484901862231996,3.05198602291241
4122,15.590529630732547,-1.0205881342971472,-0.3715643570240649
4123,13.33671948034335,2.434158238495685,-2.2476174542715386
4124,10.715052775705736,1.5378165137051722,2.082627487310737
4125,26.81693165406543,0.6886041458256259,0.9412250124418076
4126,12.369534779234202,-0.1242666926339999,-0.9364864382978084
4127,12.78153595548383,0.9435124739228044,-0.9108337963864556
4128,26.281859105924937,-1.0357261677070095,1.6815222221775912
4129,16.0202285230706,-0.1108375594308872,0.6207540229025612
4130,32.72555199972873,2.398903748649837,0.0103432239290479
4132,11.990717757715055,1.260198433757881,-1.2209214341526735
4133,38.447399031282416,0.2745262963846725,2.288725767751351
4134,12.989635471956612,0.2632103118459191,0.1690543288398091
4135,262.773171870234,-1.7236756509981035,-0.6217493814046778
4136,25.90696379126797,1.2745529946501046,-1.99617393756076
4137,36.24498987401672,2.09330760695328,0.765293061399317
4138,11.806817856705564,0.491867478411101,2.624977275280629
4139,11.950454513317595,-0.2739582161141912,-0.4384963401180605
4140,56.52948312307719,-1.9738930178543497,0.1974807650532807
4141,37.01125745316388,0.7458661302111549,-1.6690974571665311
4142,102.90469178296404,-0.769726815080778,-2.2438311987534267
4144,16.7788218565979,0.1198253069567353,-2.8340324059468176
4145,11.295927092470956,1.740797136051695,-0.95469465732791
4146,29.822454342713897,0.917526169253165,-2.3538672908238976
4147,42.24158230731145,1.790026731727347,0.2329428832437109
4148,11.636526970889834,1.388683074179794,-2.7915739521768432
4149,10.36796324396925,-0.8834905264077132,-2.543550587174365
4150,14.27403095900332,-0.3298586798509922,-1.790524054971966
4151,9.21161429482027,0.2623568788554519,-2.462859736500297
4153,13.039156735056986,2.355653033194269,2.5230315769147165
4154,10.871538103041528,2.21545750766678,2.2608255894623857
4155,17.733287126641798,1.3022270799238171,-0.381482437185572
4156,8.610018714127637,1.115348174250251,1.4803610318130431
4158,10.85595122943325,0.4622455033797612,-0.6601697390937653
4159,41.674133981585,-1.2443926542586072,0.3204586887631115
4160,30.95984857589741,1.2462947447070958,-2.1748616169954027
4161,20.62950480363848,0.862528356991874,0.407870370788039
4162,12.29010848647787,-2.4065781671192763,2.46032494820526
4163,41.86204837285448,1.254986737179106,2.221075740082338
4164,11.47698100678918,2.384325184796994,1.0774061270165554
4165,12.092529114461527,-1.852604011853848,0.4095723232434947
4166,35.737894731832405,0.7297177087461977,1.2441773228219004
4167,38.12972976869031,-1.0960163477565648,0.3492970805840978
4168,30.80854946457511,0.967959130187004,-2.5649063898744067
4169,25.963113884545912,-0.1121388489060139,-1.5241560528089682
4170,78.01468110467013,-1.295775406486848,3.0195425530716675
4171,111.30505600293732,0.5035182046803189,1.8958129206360783
4172,8.269172303423273,1.2116708386395283,-1.3222982179648963
4173,22.47408462800093,0.5019291046522945,1.7213288817100194
4174,77.71882485477629,0.4311727878776633,-1.6318546647492076
4175,17.32876483745034,-0.4239713836736353,0.1151800821014469
4176,15.393260875374787,1.9589225507734311,2.6341710584222904
4178,1.986837076865344,-0.3402464496158274,-0.0196808352417771
4179,67.21326244801337,0.1251244810108222,-2.720539886303173
4180,13.065725185893443,-1.7238035477902174,-0.0003709586409434
4181,56.51945635096981,-1.3558627899159412,1.342775634071828
4182,89.33378382628429,1.2472812441942218,2.8401135721930006
4183,44.84523840591133,1.862030273741044,-2.134012564341856
4184,62.25317330831903,-1.1327585612568642,1.3012752535878114
4186,43.60933482303787,0.0172970275993611,1.9491779020353337
4187,34.44634739219984,0.7486143698029086,2.141979634140656
4188,12.032013972531374,-1.2492551725369525,-0.9184881177324302
4189,37.27957717405912,-1.992397265013596,-0.6978256640945963
4190,45.94793505103949,0.2373758700094941,0.8794533401273956
4191,27.10959695620756,-0.0677919125225878,0.0432254843795448
4192,16.31270334632181,0.2934525550777637,1.331197783377673
4193,14.952202542901205,-1.1468349955583137,2.101669434757906
4194,13.348113187716065,-0.4356092218432386,-1.7391929507189452
4195,15.14947283452999,2.118659150228208,0.0061874196980877
4196,21.18714193515138,-0.1589534865280018,2.4446144334313176
4197,46.498233258600486,1.4792961399589444,-1.100105200287072
4198,14.389770228435845,1.1955934908260222,1.544408419795159
4199,10.440663100862984,-1.1313113449132726,-2.41581474708894
4200,27.39271010893661,-1.2654467717774371,-0.8119141061645208
4201,48.86928528881449,-1.7592103019400642,-1.7913222608402104
4202,26.005508931334763,-0.5668063734487488,0.9265806214642353
4203,11.0764455175828,-0.5275954306624673,-2.246286837811094
4204,7.557051518103902,1.456511716315982,2.189895813579349
4205,25.045449510534365,1.8672664991864107,-2.6076815517680574
4206,16.491879353253708,2.193952261671645,-1.1664787791256168
4207,88.33761280059976,1.3084736798952177,2.6376412985689304
4208,41.412702505084354,-1.158084205386564,2.654766761211912
4209,8.157805952399531,-0.4947385510862132,-1.1285322149431438
4211,26.910691352557983,-0.3301449139127052,0.2865397053830371
4212,16.858035542711388,0.566057529626382,-0.4718833362869731
4213,9.356671753647026,-0.0089853241125184,3.0425617967214555
4215,14.724640923948558,-1.5280514223397008,1.2726561509502117
4216,12.834331721367604,-1.0679291339327932,0.3343635117983661
4217,18.76886606237048,-1.2033191688245346,-3.134110319595873
4218,35.95511646209269,-0.5645391661990659,0.3149690962172624
4219,4.429352178565781,-2.041330029932915,-2.9965185699914327
4220,160.82881372361072,1.862569623973641,2.7240044822659684
4221,41.6811262367312,-0.1904760937124866,-2.731787664187926
4222,23.877800433042644,-0.8594193717918354,1.1535186850825367
4223,37.33065745488853,1.1682089210096809,-0.1145537974785633
4224,122.3772526151703,-0.5420741427811677,-0.7114540673097826
4225,41.14174667495114,0.0783750497962936,-1.0260081345893404
4226,12.961081293950624,-0.2894162459419101,0.9365214279684771
4227,6.259431255439986,0.2458554214803315,1.9545422986277023
4228,15.712646283148814,0.6709815182735508,-2.94336852213432
4229,60.2137063328519,2.000855423132516,-2.978572672199601
4230,22.3934420224722,-0.5330204703412001,0.386015039178817
4231,28.57207820279332,1.1409339651008708,-1.9886421022313008
4232,56.42720649526674,-1.3107834210568494,-0.2116923082889532
4233,22.23800593727471,1.1736381751679412,-1.0840163948288082
4234,6.29307013815401,-1.0511140600259932,2.3655852812751608
4235,47.360040637494166,1.7920503685540687,-3.0555983236006563
4236,20.97928898905573,0.7522843102031368,0.7701801486822786
4237,81.41829545315449,-0.0449090270303503,1.3451302411639643
4238,21.48707578759276,-2.143703674732876,2.036771833714139
4239,169.14374028881355,1.1282808825587225,-1.4829113931109776
4240,20.19594105096724,-1.8588108162093409,0.9978692265644412
4241,72.23544078474853,-1.8514350240782207,-2.4748547956948426
4242,52.35848646659728,0.2339485240166481,0.4801688687025596
4243,15.469853120111525,0.0695238173291607,-2.3380446830662795
4244,57.323084223749895,-0.4188533152945963,1.987954316008816
4245,44.07606529917578,1.854715167703184,-1.831871272102433
4246,51.20168735701892,-0.2674808449716618,-0.7392718722517319
4247,38.82100437860066,0.2198179991160435,-0.6066888906447706
4248,10.060647157434966,1.8097665151856104,2.407778237661296
4249,48.24162930790303,-0.8103635805646243,-0.633837749289235
4250,11.217328965859728,-0.8193945889067962,-0.6345541790825274
4251,34.59319385468583,1.8612491104899265,0.8583400548933102
4252,25.33164400256008,0.0324057645469486,-2.371457077948268
4253,12.534311986302672,2.330365663232268,0.7973141156853908
4254,44.72587484148191,-1.1451258223512562,1.0726070220354469
4255,18.59254850845945,-0.5667895750716386,2.6047073042194127
4256,9.527173472755711,-1.9777291209067085,2.366525662426039
4257,17.660994766403654,-2.334678988545235,0.3091728537484862
4258,10.99570550445488,1.4453188916214812,-3.1295057271621336
4259,12.194610237338413,0.3588799660027427,1.0050437753629822
4260,16.01307693949559,-0.8951787978696679,-0.4511635306662795
4261,28.5029785996052,-0.9022490655363736,2.67118428234455
4262,125.55873348302656,1.3102461124933844,0.379840758409886
4263,42.98492068938709,1.9214286152794628,0.7838885153639499
4264,28.122026090519025,-0.6557300747524613,-0.7064207956809048
4265,31.949028740702875,0.9234825641747508,-2.602747532579005
4266,14.785245319477976,-1.1812904723400812,-1.8010860821696892
4267,25.86485773866882,-0.5043019299239929,1.476992639290639
4268,14.000759617774897,0.3502085031449697,-0.7119269814926975
4269,15.390607822615006,2.205209747358208,-2.691412756066393
4270,11.728509242393224,2.019656686607155,1.1232130811191054
4271,15.633106984598482,-2.040801179891517,1.937318964418412
4272,13.392665331280824,-0.263778754308393,-1.7049694905190007
4273,23.12643389978944,1.1073413652922122,-2.737402549636141
4274,13.4786779380535,0.6542780001303421,-2.7870430545587634
4275,17.390217605927763,0.7260605251772347,2.661960598379854
4276,11.784470871880789,0.775482360105072,1.8145000984544348
4277,11.335444270789964,-1.081475225082251,3.0959148236349323
4278,44.957269854361805,1.2564987582574774,1.7850179220838671
4279,58.06572945556939,1.1692878275265115,3.1402706768952955
4280,21.302020546826256,0.5021173113300199,-1.083839244593169
4281,17.65492109601486,0.8096131829931246,-1.939427431663436
4282,15.094908287365968,-1.1281443282583827,-0.9062526435688562
4283,16.93465032262744,0.2746888000922607,2.344738284648153
4284,27.837067004480613,-2.279354052982002,-0.4907269018305453
4285,19.12805402810779,1.598828963758709,-2.626602261938271
4287,9.772926442965334,0.8547916855069028,-2.3872505082427145
4288,17.928443137489243,-2.356409582652184,1.1466166639639317
4289,27.6872964633178,0.3650216195515881,-1.417669849719532
4290,16.74025660138885,1.4620399895734677,0.1930452567292132
4292,11.017687427141498,1.9685190865760265,-1.7562707872149
4293,18.361808794106377,0.8579438799430043,1.7852843065369213
4294,27.9996590405655,-1.3555689458246456,-0.8668655130402944
4295,16.343817060573286,0.3865661732649687,-1.1114294372874316
4296,13.847386133727603,-1.4433103698279568,1.6811762158420476
4297,47.54296197777246,-0.0874627294091868,-1.924045933329188
4298,13.34148925174296,2.4896883531153247,-0.4186823018897208
4299,18.60648748684273,-2.325843451362218,-2.625694619905784
4300,9.955181451626324,-0.1716852059153848,0.6532321504932412
4301,10.65839154720974,-0.8331536705691839,-2.983956986255073
4302,4.518285068150498,-1.0794361868310962,1.191224019093944
4303,17.771560267788143,0.7970144347522529,-1.519098129474609
4304,10.600333922586904,-2.4971312100820025,-0.4831307877149527
4305,19.13842717900515,-2.285296769457976,-2.0443981084722505
4306,15.564377202132464,1.0266303389756533,2.7740774132919883
4307,11.757682619161528,-1.430438712041365,-0.4429297814696881
4308,11.116143480706036,0.7718008721758799,0.7307725239155847
4309,97.58624046118592,0.6953292673658752,-1.4458241875410884
4310,178.10662662531917,-1.89047351582232,2.896426336671522
4311,42.16206810454698,0.2189917811067738,-1.9955204610219703
4312,14.35706196421645,-0.4190204670713852,1.662780574926523
4313,65.47494289816268,0.4991200018621885,-0.766873315872189
4314,87.8511072968365,2.378788799997029,-2.674274930885754
4315,12.062162461617705,0.9015312004584632,-2.895579665335624
4316,15.117336690372708,1.858730285702724,1.723160941796582
4317,36.53453387913716,-0.0769754944068281,-0.3262449774366375
4318,13.26978177354106,-2.1559639306106697,-1.8963572709356509
4319,12.67047784072927,-1.981229903414741,-0.6241333884828036
4320,12.590532044780556,1.491319604188381,-2.35400553334413
4321,15.109872540999708,2.010743588297324,1.051830630609853
4322,29.73316424909212,-0.7468830212219377,-2.921728302751569
4323,34.15530554063085,1.9041666307038456,1.354166027238024
4325,10.713618752624336,0.1079414882612871,-1.6906590149042422
4326,11.18327001782926,-1.2548891600251162,0.3113408719071981
4327,13.113898527024608,-2.138331839239657,2.8744512721969406
4328,21.942230179679104,1.3501656239226365,0.3341957739044033
4329,17.246164034471924,1.66115084373753,0.0719306371295788
4330,13.07040035814214,-1.250223840774559,-2.615366949330597
4331,17.143389582985275,-1.1264852984500788,0.9046727530431796
4332,15.078654984959538,-0.0183393263311482,-1.3903009649248643
4333,18.539783588381432,1.9741238102129155,-2.055753705366437
4334,26.59863920451305,0.2367826173873758,2.869209179632371
4335,17.7269034052957,-0.0431600540298827,2.852201376199513
4336,36.789588626839176,-1.6596379331705615,-0.1048173509136063
4337,55.6596295538261,1.0379202343972886,2.8499606310335746
4338,33.641588373596434,-0.7394780557841634,-1.434918550826798
4339,18.04905155296716,-0.0973340779365886,-2.585510018171854
4340,5.558303867231592,0.2670355275134813,2.0575763684204067
4341,18.01011681206042,1.7555700106644698,1.4627438598853542
4342,15.793574290635258,1.1940619125716585,3.110214689157182
4343,12.803195463656408,0.6820064763649006,-1.027393679713849
4344,22.00773065923928,2.0362234516832003,1.251108642795809
4345,20.7787834004082,-0.8688342149643247,2.2798623700575704
4346,19.42778152003323,1.959505141859712,-3.083651703364053
4347,38.73690181289166,-1.8421684648822687,2.888395928399041
4348,22.07633377042458,0.320023597098663,-3.0913326400791035
4349,35.92391040222369,-1.278393925515925,2.863288833852573
4350,25.189813221958502,-1.7631446801987254,3.094301904444111
4351,19.38403967675104,0.3900187036114352,2.7084745771425416
4352,11.932913844425332,0.2880601573850067,2.077021856496194
4353,10.54151125891774,1.3480397910151962,-2.5052939704328248
4354,13.317723114846856,1.6249303094806329,-2.4071806504594098
4355,12.267952905982323,1.5974331497557992,-0.8725718330361188
4356,10.153887223453523,0.8628511365169242,2.913866459100543
4357,30.367528410654906,-0.7372277526012257,0.6506316036298081
4358,45.93944092406884,2.091207128476423,2.6314874205580607
4359,41.911735507503614,0.5273771830262761,0.5782476513365393
4360,41.41494404994776,0.8042188589142751,-0.0295397073060533
4361,13.370561916236817,-0.3502320087365276,1.5988904477244874
4362,26.186610231707064,-0.9233930338453012,-2.464929256852695
4363,27.424212487807186,1.1550362885870702,-1.471537290848673
4364,56.72243450462876,-2.3405831533183163,0.6763299178818204
4365,24.140111982477887,2.3906284064362824,-1.659860897818909
4366,17.75560375448199,-1.8522870048003075,-1.4784691311946765
4367,19.91683907915715,-1.6944534842846193,1.3933734115846257
4368,38.94424798431304,-2.3623876415680587,0.8309858863271238
4369,153.56050100402834,-0.7718851110814594,-1.0249941600202332
4370,34.27207045406779,-2.209927387890832,-0.3113635775542763
4371,16.088961978427772,2.1353920631748857,-0.7486694151919643
4372,9.923388145223996,-1.6834725841517997,-1.3176259717390844
4373,34.360989231975935,-2.4274581505200383,0.8365747570852499
4374,18.762449138159177,1.3056905235265852,-2.947510188646157
4375,13.894425713774726,-1.1753401459017772,-0.660416496281508
4376,53.346710447800426,2.2228156127794803,1.2210907240840865
4377,20.8408575783508,1.447544430736159,0.0980337145930401
4378,14.694989932272351,0.957742357215662,2.785604441245121
4379,22.1520867010369,0.9290726725762692,-2.4210783439841315
4380,65.35317591081913,-0.9322926320050016,1.0663932783731231
4381,10.137756854420996,2.093433507948805,0.2780458473920077
4382,10.574694625109323,1.276258341272591,-1.2701535839537128
4383,10.791467675664752,-2.1904841278443725,3.0376538815225733
4384,16.173682010981334,-0.4245185155904076,1.9718530350067904
4386,24.860032506980115,0.0322847649126066,-2.541717743813946
4387,33.804546684625834,-0.054806229589301,-0.9019756523242014
4388,22.327816053146066,-0.0140499916465034,2.496972535441566
4389,12.7337708505843,-2.295000535301312,-0.0286504890114877
4390,23.67470996426845,0.3075563576326386,-2.2705750657131847
4391,16.578916459279395,1.756653736110486,2.643565834843393
4392,37.161612713291824,1.7744122464547256,2.123568472959412
4393,27.388613310760103,2.116569220622916,1.7153328025028547
4394,8.57747454921726,-0.3729083547079434,2.8077565003931
4395,29.11303932241164,1.8823863890771733,1.4668005105054458
4396,52.507176183316005,-1.1236917897004282,-1.3750772191868934
4397,17.067306279183853,-1.5250027161931656,0.4109572079908795
4398,9.527932344169503,-0.1890409275777924,-2.1521954857218626
4399,14.707594041721563,0.1489450264457506,1.9958731978920448
4400,31.75535538723892,2.457736998813973,3.0774091347511234
4401,69.18063115940262,-1.3941584355158758,1.2920385184110703
4402,79.14195064489773,-1.735424983373845,1.7627442652032117
4405,23.27987703512424,-0.0032852403600184,-1.1289608231412167
4406,7.89344885540399,-1.173272657060854,-0.7450658458371079
4407,13.191823722862326,-2.1696490973820555,0.8395791973831273
4408,11.765732736672875,-1.5727179431568623,1.7486472952356071
4409,10.0129200746511,-1.853486101843709,2.776351080760341
4410,21.454189667825148,2.488853032636204,-0.7885933290126269
4411,26.340888002647905,0.0832192336653828,-0.6370511994523186
4412,21.25501930940271,0.5263647431638868,2.614148729775009
4413,12.920240012896077,0.8810005175250869,1.9327610917046725
4414,59.03048570755401,-2.297660946962456,0.4763428612026777
4415,28.99335703118554,-0.2338025617027061,-1.7841834509402157
4416,17.967826183161723,-1.8233301451166533,0.9518119671363467
4417,14.320113484151411,-0.3150867477177029,-1.1462934587345242
4418,39.68097829148995,-0.2096047604207011,0.2132350795634998
4419,70.08134460860106,2.3194370243466373,2.792017656266559
4420,15.35780220370547,-2.1180215691662747,-1.846120997856594
4421,8.617289741464274,2.021483226632573,3.034264700747804
4422,72.1134015116563,-2.053754193568116,-0.0619775984785896
4423,14.451493970816422,-0.3339158138041315,0.5258784779692622
4424,10.95154406790716,0.2859666916349629,-0.4827973169111565
4425,27.601527907949663,-1.103678405548106,-2.357598400566597
4426,64.90387115765307,2.4212477492654005,-1.6710930167880091
4427,34.76189188851051,1.1819107668790585,-2.61127226378075
4428,11.266270250211658,-0.2794310976996553,-2.173178003386864
4429,59.16724526135493,1.5749281556537562,1.9317688854336776
4430,99.85211512270013,-1.9101339500113288,-2.5559580337618617
4431,11.823889127567192,-2.2019617841539523,1.7390017183135436
4432,13.318162046199753,0.1489094054852557,1.0418110301115353
4433,10.526724392757274,-1.0452328090221077,-1.695911914250008
4434,17.700260647713634,-0.2972082523204374,-1.2073543012851264
4435,25.50704415145878,-1.8800653317353733,1.6779927759449138
4436,28.6159808691329,0.5385527495061417,1.2866190877351091
4437,35.291537222048355,-1.0726531131325177,1.33140631899962
4439,9.26440955771494,0.4058758289443248,-0.6715732888140615
4440,18.60761148391474,-1.685058504361484,-0.711503536585644
4441,14.953935604329695,-1.621343457253581,-0.0253918012323641
4443,22.3597561564052,0.1868647218775907,0.2575164245349822
4444,17.035816708628555,-2.288718860345304,1.1195068073344745
4445,15.232096094803742,-2.3989255005331467,-0.2781859776935398
4446,11.468084167728508,-1.8352899589588745,2.1035052114561545
4447,46.98386041243952,0.0274513950012506,1.0872224671039967
4448,18.420722932728708,1.7371265580009,2.4790396561189665
4449,10.279083985661256,0.2987433139314329,-2.7714819763796807
4450,38.5314969704981,-0.5772400189295394,1.7181269943629198
4451,12.060712377657737,-1.8639043533498745,2.1817296211364203
4452,30.112078638519737,2.0882722473140167,0.234799130137486
4453,15.014333747985654,1.1782534709056356,1.0497543883426632
4454,102.96130308161312,1.1414971282835993,-1.2938636043322478
4455,23.26500785567765,1.98759502475524,-2.210150877026423
4456,20.199648830530656,0.8483261366785984,0.2331478511064648
4457,14.271680301838169,1.7764600066621792,-0.2664119565937575
4458,406.9229748961852,-0.3773235200386054,-1.0772207268969192
4459,26.83042149060774,2.129105949269536,-0.2232664506686871
4460,36.52704406024806,-1.7063552031508464,2.648407015080976
4461,15.058213152610954,0.2315179837291648,-0.0062861550418714
4462,16.045502543112157,-1.9539842838464367,-1.4752049104913572
4463,22.24794980384836,2.256919679164135,0.4753820142624321
4464,73.54475442443888,0.9686749579980282,-2.8596255651483875
4465,12.804853573634915,-0.5149696961693061,-2.1154384248317406
4466,24.12328000594952,1.1742290122746784,1.2920943119937152
4467,24.56954221584072,-1.7865962778598328,2.279470691297025
4468,11.387532285076286,-2.253931266111738,1.2405322576104822
4469,20.51607544046988,-1.930158703392487,-1.6048931563824596
4470,1.2328420629956849,1.4051259439522763,-0.0784993475325377
4471,9.930211709554085,-2.2673383216157563,2.5411139615674783
4472,36.11237028841128,0.9312096431242648,-1.1665662247815438
4473,23.6551148540788,1.475824100237812,-1.2159413173100542
4474,11.727803202678247,0.4662576900463185,2.5567041816958955
4475,34.01993712019333,-2.2519779360082244,-2.509611169541273
4476,98.73048739258108,-0.0555116276728054,2.069456883173821
4477,12.168202870181652,2.0965797493334115,-0.7670374750519035
4478,27.15633145728071,1.5601154564457924,2.7603190373806386
4480,26.731216840018693,1.3024990648195869,-1.123009654461793
4481,18.025196881458296,-1.0303305485412042,-1.4167706661112711
4482,10.476071108221484,-0.8132165324632769,1.949544009949824
4483,34.26509537314942,-2.4048147780377693,-1.827367666040818
4484,17.523124410076345,-0.9316457671208086,2.2535884894428704
4485,35.794001285160164,-2.384682795249768,1.977223168917391
4486,16.08976431882339,-2.2752423129951937,-2.408177147478015
4487,20.848869985809788,-0.6693253850392494,0.4388066144243862
4488,59.98923284086389,0.2192480891425231,2.681758144518404
4489,39.84351743617805,0.4703979454589007,0.2572111301087786
4490,23.996584296544743,-0.6800912605943298,-0.6670373451010033
4491,20.92341109183469,-0.7219829622870102,-2.7154789001978976
4492,32.01276964559795,0.5268840375652869,-0.2706365944648252
4493,33.470871087557384,-1.8778557230342272,2.835369226770036
4494,24.351344540504748,-0.5657181384427366,-1.8199084109499903
4495,11.22064336261486,2.036682743748248,1.8881564562924864
4496,131.49101366429466,-0.1779515491755402,1.5332796016923873
4497,12.170144472989564,1.8100577219210392,-1.9998149775959924
4498,25.30983604902773,-0.5348022753920735,-1.6389459026362747
4499,13.787009035471517,1.7680311987300832,0.8099460760572665
4500,40.98491651342413,-1.7561137775445057,-0.4235370612652034
4501,19.807730245464384,-1.8643426439685788,1.2391311486725518
4502,9.77306951581199,-1.0909653570588154,0.2075968094272725
4503,19.181832206236187,-1.3210766835466554,-2.730669075599476
4504,14.198053591160908,-1.1628596932765238,0.0141201420358293
4505,17.07661818342106,-0.7856713249077851,-0.5820321094001357
4506,28.903382890763044,1.649371534882625,-2.015314331326902
4507,10.162943844177075,1.3976308676583276,0.5110477882705815
4508,14.56061904796736,0.9891029700802928,0.9971348988685296
4509,28.11328562503606,-1.823740103754579,2.667747273524472
4510,208.6139688090865,-1.350692992233281,1.8490964983498608
4511,12.97651615899638,-1.1567357033571866,1.2793600778841847
4512,24.366243933896843,-1.0492631469681055,-0.3234410097429824
4513,42.13574738309889,0.5024482380042216,-2.3833533200901256
4514,127.07728010267766,0.2339756465297532,-1.29421560765867
4515,30.77536749395689,1.0328704574759433,-1.9636409194141355
4516,21.761715331434186,0.7866549634243252,1.8224718631576275
4517,33.78452319310976,1.2765023893502512,-1.5894137008235911
4518,24.584066641630905,0.3530400768869791,-1.2616701344333574
4519,17.108415352275024,1.6236645021121694,-2.140083943578449
4520,41.114342667602486,-0.9973457992339292,-2.407848798060646
4521,13.43955447559236,-2.379632138936665,1.9389836770242312
4522,13.282524211388475,1.0083084769869346,2.0696214058719486
4523,36.59503868812432,-1.163932185878535,-1.7124644059576648
4524,13.43400232916532,2.0442702319036203,-3.0645802383899645
4525,24.70256521675565,1.1335641191323165,-2.731051309084486
4526,203.873300104086,0.1349062522806132,-2.898251394225656
4527,31.15014812340309,-0.4984635211927275,1.634424799811258
4528,76.18659152187026,0.4861978616967414,-1.5252028003895677
4529,24.14108000865413,-0.9516555911521796,2.736092043587745
4531,23.77502322838432,0.0260730890872041,-2.283468827623514
4532,37.63427616296483,1.165453554909764,-0.5661655176120143
4533,12.788277666115652,-1.5588866671849548,1.1218173900202062
4534,14.518129428342936,-1.4848301455726205,2.18547108249342
4535,29.361048420563552,-0.0579337049828848,0.8641712848640479
4536,42.36241564982269,-0.3756974120280338,1.1789456862423908
4537,54.03890886612204,2.1934335621077143,0.4418810676354749
4538,12.781840062799484,0.2187262811030489,-2.254615383684507
4539,4.174557806198372,-1.5809386013706657,-0.4062436163906295
4540,26.518569665007337,1.422028221792851,-0.7410723003261723
4541,16.826492766534955,1.0483886196244798,-1.2990181588380714
4542,8.8430075690715,0.1813044846594526,-0.6982069568758574
4543,54.03833455667523,0.7333615845371461,-0.3579490640117029
4544,11.769546546980902,-1.9778865336267544,-2.9442505519043025
4545,27.990211346597064,0.0815444869502902,-1.8676751421710784
4546,44.91955366073308,1.3085742306559025,-1.6615116178277636
4547,16.170353993769698,-2.4672817409381267,0.8740389613747336
4548,16.84474414137327,1.959228556114316,1.2778908452380957
4549,19.809351162230577,-2.0444001151665154,2.176768780467414
4550,26.113804890387424,-1.770634741849102,1.5727664270944453
4551,34.551623148578315,-1.7962691861424855,-1.1469053337484043
4554,13.655655344275514,1.850905603313966,-1.1509611279590672
4555,27.28101254999205,1.7462706872306175,0.924460861718842
4556,79.75867581070071,0.0648156779227624,-0.2110257851088795
4557,25.44229733527599,0.3576454525551077,1.0172808146697618
4558,32.0851221002434,0.8253186070002972,-0.447665102916466
4559,13.034971735974246,1.528969050905641,-1.5134989612924858
4560,76.84367843409011,-1.559145218158717,1.2663210375840412
4561,39.90750016791434,0.2900707749973859,-0.5500772130153097
4562,12.124098315292768,-1.1447125955186594,-1.351267269052261
4563,17.611151892606664,1.1405507007413518,1.50279885617441
4564,25.81785519950349,-1.9072577506586528,0.2154106593032308
4565,56.5698378362751,1.4514139208485548,0.083556942719414
4566,15.357795680892112,0.1294620418138046,1.2809637450701894
4567,24.47099990833482,-1.0931533671052922,1.1949092417409162
4568,55.47373072781194,1.7363969168293891,1.335411796403011
4569,18.38653975506044,-2.475961044637637,0.99099143075649
4570,39.79576996279449,-0.6885330467362691,1.978453371311388
4571,12.5644306738626,1.3599673334737978,-2.067215316904389
4572,69.58916357380869,1.3509520160750423,2.359443256061304
4573,193.3465342503013,-1.223026880792529,1.926580592560712
4574,27.837289504727725,-1.9501255683239231,2.7743956125667766
4575,33.36999593858368,-1.2635611507531177,1.7668346559178405
4576,5.783885129730007,0.6735829205643962,0.700632113480943
4577,16.202369322307014,-0.1827331974438622,-1.5397525129062133
4578,31.90359501592664,-0.6009964621406106,2.913827823096551
4579,11.067710461603214,1.7868301529037856,-3.045481908892694
4580,47.70332237155745,1.1469119905485712,-0.4650878431939905
4581,25.67212228303892,1.6597160620707674,1.4749641624302317
4582,37.24654219371983,-1.122545042259372,-0.4650538474300358
4583,18.096823686597364,0.5829262126607984,0.4263032172602903
4584,15.820524073772004,2.1256045717204475,0.3781118850494102
4585,21.69276006182329,0.7646709929970807,1.3275302981831252
4586,16.942605552881883,-1.2899787062119237,0.179060161361488
4588,9.417695184939893,1.814644819000952,-2.9716637959959566
4589,20.27545904424385,1.2945118961708146,-0.365828482563408
4590,14.762722695440964,-1.4335386024601424,-0.2460523031842734
4591,14.84598225747844,-0.9959810276399886,-3.117086157425193
4592,41.44819441088136,0.998521593218512,0.0423228578175369
4593,30.771977115110545,1.779894638490832,3.0811205119821024
4594,10.258392146403844,-1.2131798389404849,-2.930998241017498
4595,13.137814167710768,-1.1027752297211668,-2.6209264682621782
4596,30.220586893687088,-0.1898045625911922,-0.492042920459822
4597,88.35851312967834,-2.3943953036860948,1.7377860674747443
4598,65.7073165713136,-1.038940947343398,0.90718475066981
4599,113.89416126917966,-2.283633508542576,2.661490932582321
4601,19.23829274756017,1.1826219192670857,0.8581964249017824
4602,8.565661809355962,1.1071622667800851,0.2196024626568417
4603,36.59035868305713,1.3203005392385636,0.4884146767781417
4604,23.635005758947827,-0.4194582673454892,1.1559445062176847
4605,12.44426045765935,1.9021053331469813,-2.4867051546233334
4606,16.096148060833542,0.3666568233488732,2.4706744215266454
4607,18.05071148197033,-0.8116135132991611,-0.9374968144947288
4608,12.53482591243531,-1.3362944381732549,-0.8276041509571872
4609,12.349513626018148,-2.224562770948109,0.7392711381203474
4610,33.97868461395036,1.934454578814967,-2.227611571863178
4611,2.618440614911476,-0.4014324262034127,2.8264667389964915
4612,20.51869589853411,-1.885134121994128,0.6432573744129946
4613,11.622437135153609,1.8783308052780257,-2.786695219719385
4614,10.43308750661168,1.4892240769756735,-1.339533954142871
4615,12.450180495270583,-1.808173265600001,2.656678898604328
4616,58.68495510361397,1.9170196087042688,-0.6650299121477623
4617,14.412387543779555,0.5700650053837968,-2.80107971519087
4618,20.9996953343313,1.270253966653564,-1.7303864233639707
4619,25.06846287962928,-2.378915393157876,2.899966515443116
4620,16.15513722242249,-1.805179112793324,-2.0331088877316
4622,18.026119118903896,0.7573875745517159,1.2996312958189769
4623,11.719052038736308,1.1531697306223283,0.9832516184923816
4624,15.378407492940411,2.264030022518074,2.6249876699838444
4625,78.17450147360243,-0.5014989042682455,2.1066702898020906
4626,10.572767676282217,-0.9006870612200896,2.5497523458920024
4627,20.27681748221435,-0.8258461623515633,1.4122627811608457
4628,10.682601413734998,1.5667789628517077,-2.215477087668825
4629,7.883119617906075,1.8091965108610644,-1.585894218416722
4630,26.5164922761102,2.073632536814831,-3.026159396468646
4631,31.064370545771062,2.224888727858785,2.223048395623939
4632,52.72869338850103,-0.8375966593858157,1.6468461143342863
4633,75.06880306095398,1.991754064140212,-2.682119152573342
4634,11.663462526596687,0.9309072370983932,-1.2765857757888397
4635,32.59349348646392,-1.1903252569552265,0.7421933619830796
4636,21.57292612784165,0.5700525540223198,-2.47153937298034
4637,15.640900513490095,0.7712897293718209,-2.986477625059722
4638,38.82414585718024,2.234550801955347,-2.4195226032880304
4639,10.7725500267227,1.911690383991372,1.2230896633219752
4640,21.84906895316619,1.604715025314887,-1.3583407637032756
4641,14.55351821492471,-1.6171718669532789,1.8581200619838016
4642,10.88449973918218,1.9737441192913696,-1.327919366726494
4643,210.80056420326187,2.4700819053725143,1.4578932306548813
4644,13.191711721554988,1.3648426807146017,-1.3368915524107614
4645,38.54850396887353,0.061519496928233,-2.15951122425361
4646,79.6992566920071,2.1995661445506776,-2.931650520545818
4647,23.74341959176027,-0.0497266252147931,0.3741415093737861
4648,50.05109573081575,-0.0786168368493266,-1.849572966839216
4651,12.601513084353646,1.4146196899075738,0.9518986300910038
4652,26.39797930290964,-0.4424735853950715,1.3910310922193492
4653,46.47978678514649,1.5813005548892691,0.1764094577299619
4654,13.661843801471877,-1.6968601227239262,1.4804541185640223
4655,35.956428745675495,0.3520294376946203,2.5821901270486003
4656,25.623564252892,0.2052974613731248,2.695202422329252
4657,30.380448418295305,-1.3790015563595892,-0.8967662369262136
4658,51.26428806750932,1.0818277264601952,-1.0869910603885822
4659,13.978358110184022,0.2289176128034631,-2.4410793319282904
4660,12.98330632881252,0.2797381233366581,2.130627939369843
4661,27.525074305214243,-0.402272055508395,1.7113011091615444
4662,39.52457877671833,-1.5762623047738265,-1.466803701772838
4663,27.291076899460453,-2.2405902757134712,0.8337804038287928
4664,39.22042340164457,-1.3563569228559806,1.9087284390680488
4665,19.381537616870222,-0.6467848078998093,-0.479939370651836
4666,26.161340491314764,-0.0247515464611197,0.4016228350997468
4667,10.39683351266952,0.2809773805794437,-0.5345760331384348
4668,13.45644546423546,0.7071727500666548,-1.0147801113178625
4669,14.500093516833113,1.235129167232033,-0.6057141813881575
4670,13.431435915355925,-0.3935308420642828,-1.6172675394167395
4671,16.0638321545779,-1.97946445803364,0.2981584013653861
4672,17.147173708106177,-1.663843089386411,0.3247707803451461
4673,10.785647531660976,-0.8191619575388468,1.4887817586816363
4674,17.2942208071965,-1.535335874732862,-2.3133073989209776
4675,11.178362160317269,-1.2226796170013388,1.309359624066145
4676,24.93104923893197,0.3888035835682139,-2.803176364917406
4677,41.220809084118656,2.039357593113501,-0.5613785869774479
4678,11.56149118050045,2.161532948552939,-1.919438263347903
4679,27.114679865287403,0.5537970778462084,-2.3763917349921897
4680,35.99876257754381,-2.253948586030164,2.27937286672
4681,76.18688790919873,1.0120822403447622,2.162258519146992
4682,36.42809057467469,1.1037455417160948,-1.2783038993755202
4683,10.853891730124744,-1.2706674907527975,-1.592903540497974
4684,42.09102246422694,1.264553935376311,-1.7457925345159684
4685,36.497871860113015,-0.5891143117768491,-1.775221055514841
4686,37.44877913372565,0.4453225567239449,-2.4270612357252204
4687,84.4090313821496,-1.354011248343033,1.0517067260706257
4688,17.601309574475785,0.5887824879675932,-0.3758712849751849
4689,17.702777207711655,-1.9976319046598427,-2.1764621906023085
4690,16.476168916574395,2.3852257010149565,-0.6417035333168835
4691,18.121105124107263,0.4982833718668586,1.773789554881271
4692,26.12200610377164,0.7089176624602912,-1.9752053817615525
4693,29.89368411873232,-0.651930209864755,2.8708768754023946
4694,13.235615194181122,1.1334162356137734,-1.9522886784323543
4695,9.556293680959175,-1.8173640220399605,-1.2490111028949944
4696,42.31374484541073,1.6522054687740544,-0.8255992494872681
4697,8.456350083030923,-1.223371091411666,2.062273777550942
4698,45.91186355703827,-1.7461042702838363,2.640712826045644
4699,41.15975346053591,1.403168466116397,0.2029647553618491
4700,34.88537361178172,1.7306792136938218,-0.1088398338279961
4701,29.50589581947511,0.6303431247296123,-2.797368211926029
4702,28.45165596630628,0.5168177020703701,-1.654931041910094
4703,30.262265332150143,2.2447336025627345,2.120460734321392
4704,14.152079650733,0.9840834477458216,1.8775734785110416
4705,10.809258262000288,-2.0882186101130364,-1.4776544282634043
4706,19.84080149461809,1.5943158086664186,-1.244873512985945
4707,11.841269540737011,0.574134960886164,-1.6064956136770692
4708,7.181299495345676,1.1022348451030952,-0.7847382637991187
4709,46.844675867354766,-0.4892076989151894,0.900863809084187
4710,15.218422691028016,-0.7599509590262298,2.203634531569123
4711,17.26342753131522,-0.06810626274269,1.4861017136099184
4712,5.917611424988131,0.5492409751448122,1.3700149498324896
4713,20.01271902648504,-2.06229809790494,3.0813885080946086
4714,15.17214612070372,2.122281273443395,2.944467963782614
4715,11.940170757560686,0.4412621658706224,1.639533210111009
4716,38.66868463102008,-2.3021570802642133,-1.6727271835046622
4717,57.66466486151872,-1.1808369948248976,-3.0690623798046515
4718,23.83822630593232,0.9563306537634672,-1.627700667280033
4719,13.655595074844175,-0.5744656096510545,-1.71164204929402
4720,18.78780676670625,1.6938360963218917,-0.73466597028332
4721,47.679320848376825,1.2839408367228708,-2.4366895529399795
4722,11.006652032781178,0.8044725845956907,2.304509403906732
4723,11.243053652991536,-1.1181580384681986,-0.2878409664010748
4724,69.17752474007479,-0.0547771107418699,-0.7173977173044771
4725,22.793246398094457,2.2898318657893624,-3.099690105944469
4726,14.400106883289354,-1.3145814617116167,-2.3207456071329093
4727,11.33164711258665,-1.6100548617725858,2.735452172056412
4728,77.42087664787879,-1.987128808464444,0.8145344804059301
4729,146.76541211717029,1.3304993176913669,1.380167064925256
4730,66.43503489048915,1.2523605087433556,0.6995835125880889
4732,45.9020265538051,-1.5219332606497598,-0.3619659135254556
4733,26.603644534493903,1.1728639679461927,0.7251837078259089
4734,60.30314111666985,-0.8626922075587992,1.6409028584746663
4736,60.86829765089326,1.0310441398232866,2.041427153688465
4737,21.459020270023704,2.272041173512706,-2.31097143543643
4738,17.677780685449964,-1.797302513067918,2.4242470699523926
4739,15.906200532953788,0.9072437011002672,2.382830182049499
4740,14.68886345029902,-0.8534246146722514,1.6318757422398251
4741,18.3691509048384,-0.6320098325963461,2.224374967156279
4742,12.588526651619986,-0.528307641098262,0.1599281091137484
4743,109.605346671166,-0.3763582227295716,1.991743049323076
4744,16.19016539474343,1.5975260178232096,1.5926288761897598
4745,45.16224496592765,-2.4383554424964915,-0.1788444495166871
4746,18.005016442123907,2.229954063882803,1.9473991346602848
4747,38.72367013349994,-1.694377392752563,2.2159517176865604
4748,17.090184845838547,-1.7957584210254618,1.9368256307279643
4749,24.19142275890209,-1.846702427279948,3.0446016113755485
4750,31.56307187894621,0.0416110652964636,-0.4337406817466663
4751,98.244871374313,-0.2815392344509162,-1.1982603830058742
4752,77.54259965616606,-1.1666522587597383,1.486485132599149
4753,30.27959030727643,-1.9948241000918647,-2.323374260188086
4754,33.39414702847321,2.2154055014937133,-0.5346886565809092
4755,26.853656207157773,0.0250334821991669,-0.3799975317756047
4756,17.716219432591416,-1.75830124490288,2.936668034108785
4758,22.84699575048267,1.9098718911187555,1.3960936130893222
4759,21.248062434044687,-1.4736590391432038,1.107757322811563
4760,7.122759880010013,1.4662539303707698,2.813163031289063
4761,39.99611260340367,2.466138049172635,0.940813547022098
4762,20.63672672428956,1.406903299471567,0.9011475887602752
4764,12.336552899310972,-2.2517689154543064,2.9173027402865688
4765,11.26241289406339,-0.632617017824742,-2.2554256683097207
4766,70.02269729784983,2.0950346030927154,-0.6883799672964463
4767,11.897411605156533,2.0916574570329307,-2.2443547129215204
4768,64.09854747852336,0.7860530810505227,-0.3464807664222861
4769,23.55860634170396,0.7573364392653278,-0.6234972721229569
4770,37.6268676280853,1.7220448994083934,2.944799094896613
4771,16.059241465408537,1.0153943128819318,-0.7583649196644076
4772,12.118182638533703,-1.9955471511871483,-0.4897970787412956
4773,63.1191688653968,0.7382440921881026,1.7376382683874771
4774,10.239687236235056,0.1814672154839846,-2.98797275538082
4775,18.6172463825114,-1.2398037523808247,1.7023037782535413
4776,69.2639092731087,-0.2419181782750509,-2.6944456832428347
4777,13.233961317532431,0.9222006331504484,0.5809602366728811
4778,39.78687957781153,2.032928751764988,2.092351205855412
4779,22.702136715515763,-0.1367560205035805,3.122539981876077
4780,62.31669164959168,-1.9202524560110523,-1.5375845856967687
4781,49.01704650410058,-0.9328407484807162,-0.731048123296519
4782,20.106552865414752,-0.7668770237101274,0.5148945019979851
4783,20.79609496175506,1.945561992238418,2.475668266535392
4784,24.158410183974222,2.1301682301543274,-0.3392768305884685
4785,27.636826570868887,-0.3287436769984352,1.3711158899720917
4786,14.639945007462396,1.4767426671114658,2.280899600741688
4787,17.29109473463229,1.443109543370241,-0.7501996824196125
4788,33.80280310457501,0.0257483792523379,1.7510104197469658
4789,36.89516715609141,0.7852307675357941,-1.643037630645226
4790,66.81148740540397,0.5484935647000224,1.5951744024649102
4791,68.31971770692603,0.7119661266987342,-0.1799770807027539
4792,111.16106199207844,0.2483644450159791,3.0104051547898374
4793,41.978046890319824,1.7845352562060328,-1.580784607295205
4794,11.80232404838364,1.8840909494674043,-1.6734366591169
4795,9.862458289163357,-0.2097065887520021,-2.556817620422566
4796,36.21314680893292,-1.0518488384714566,-2.776374060233168
4797,27.53651381909604,-0.0075759056624373,1.333958848553606
4798,36.10032222821207,2.255355293390962,-2.2204660105927085
4799,10.7468672400541,-1.77891782615313,1.638398372210516
4800,98.36062874086784,1.521091898290278,2.5137146298856203
4801,16.58527787364418,-0.8395623563194466,0.7504600556625787
4802,30.845564306521347,-1.1453655946893595,-2.985663372941003
4803,21.834536896558934,-0.9118008361384358,0.0954689309565795
4804,11.804736119119664,-1.36842641169329,2.769504994720437
4805,64.3138047804888,-0.1348032479323116,-1.584362105347655
4806,58.96012060142076,1.5390576597104475,-1.1788870173671129
4808,12.137786748721622,1.9888949984760305,0.969702628280496
4809,24.92975952519157,-0.2633466301050455,-1.371809065822689
4810,28.7148794159329,2.315941212876904,2.087305126692545
4811,10.107423468079464,1.8762590044017111,2.453434829467897
4812,18.29594802464946,-1.3452285404845463,-2.4731368611889795
4813,93.07941880682172,0.749757981019999,-0.1306498502317673
4814,17.60505154631508,0.377281166051808,-2.0135505270300604
4815,112.70761335739616,1.955441886677482,-0.4439630277754205
4816,26.978240351249507,-0.0512787716663734,3.0752512957464737
4817,17.572562766390654,1.6030138889677832,0.0485552148323904
4818,12.829236150564286,-0.1970482031520391,-1.873327062770348
4819,22.03263098257868,-0.0773544573480437,0.7365833217885283
4820,53.65511388108921,-0.7043234080588044,1.5928336826643907
4821,9.940500690158906,-1.9510024191475333,0.5784124602443848
4822,12.89537535715008,-0.7887470121974145,-0.8977316591341615
4823,16.105544342392196,-0.9014961875497884,2.227650345326522
4824,23.046335149540223,0.2897971402885423,-1.9264911443218309
4825,12.823706769144614,-1.4570579848106286,1.3248143802983037
4826,26.75165871395188,1.2493562438545596,-2.023006788752737
4827,14.202625283943252,1.363544994332781,0.9339074857572964
4828,13.634361571981422,-2.4204512144686205,-2.185024448038031
4829,18.35358573314032,-2.1718965598149027,2.643179452096431
4830,28.034388259811628,2.0289670617428763,1.5942101006525693
4831,11.16838951839583,-1.564491167336327,1.735859207471167
4832,171.45570466605423,2.203846977150873,1.7663528193568283
4833,16.550249367513096,1.79147347087387,-1.240896671139704
4834,17.457773970528507,-0.4269364576266353,0.7754268675397172
4835,137.5323462962485,-1.1454418974817893,-1.0201969765167882
4836,30.98896183747984,-1.7299267654697392,1.5059181987028267
4837,15.279024099728067,-2.0575125395503773,2.274245305554272
4838,23.58062477484353,-0.881202454814944,2.16516259954626
4841,216.8171771051932,1.351815707878472,-1.7253321365730476
4842,38.96359823527516,0.4208813350894527,-2.3138366861331927
4843,63.02226605513885,-0.3539343825952155,1.3233573655839512
4844,19.27545809672919,-0.4740041083256578,-1.3133020634575676
4845,32.86453381242315,-0.0414224702462156,2.890317138718733
4846,41.90704142247486,-0.8435261855681834,-2.9539725444714167
4847,15.059358749783035,0.2352991338406851,-0.3889433694223777
4848,14.652449361639537,1.3049872751170448,0.815486914424373
4849,21.02461677156401,-0.3663007343383233,2.488974190724876
4850,24.6685618654827,-1.1701504501155575,-2.1573450495324784
4851,24.918604171592925,1.253736890922341,0.9104558195589696
4852,12.736558433931153,-1.0687658787736427,-1.337277577021139
4853,14.793555170389764,0.9779844020408692,2.326913764508971
4854,35.532957595582786,1.394299833137655,-1.5618608013124566
4855,30.824965493299807,0.0943577820863282,1.9990495271974908
4856,14.00009497677912,0.8476649189025306,2.205761468733379
4857,17.52329819474987,1.1938406423089214,1.855453847237461
4858,14.829720318527036,-1.304641787548788,-0.2919689093900449
4859,20.772257663306355,1.1554483608674504,0.2208701482764764
4860,18.03632735770266,-1.7595488645423003,0.6327529371036248
4861,23.53066935207385,0.1457636245273459,-1.6449056427815658
4862,12.17991871635258,1.0860636971434985,-2.044632983185416
4863,11.752747477312854,1.8775692491173648,2.025521227433918
4864,33.02428148879715,2.130919440247454,2.840063533409197
4865,19.96429332735559,-0.0593142212723118,-1.8580036746762705
4866,23.51277691033398,2.1918380805299646,-0.2741770582325125
4867,36.54959631274257,1.394535210589164,-0.7528540098613155
4868,29.876680267677628,1.5250468579480712,2.9596618910474315
4869,12.563615948798214,-1.4196247874719188,-1.582970000233491
4870,56.91701748206428,-2.2257170657149503,-0.6732900294153608
4871,12.8964323022149,-0.1317694592319566,3.080346514580678
4872,75.03240911534118,0.1120007725722498,0.4549130794136705
4873,13.493143170390224,-1.6609712260254343,0.396867947924676
4874,28.77824393506184,-2.2328431932026565,-2.067628874700856
4875,15.23897752286012,-2.292189188724442,1.6972386864371711
4876,32.33088475989182,-2.058841434388463,-0.4072812696684109
4877,15.246733823961266,0.2011376505831247,-0.9164017693679176
4878,17.68635944294153,-2.2163290352239096,-0.5876783608851697
4880,73.12862070219497,-2.1739561805456624,0.0098237891325206
4881,23.424024370087054,0.1234013096766147,-1.323512858742155
4882,15.13201662340528,0.1449322533574587,-1.9647796212609665
4883,18.344301071583697,0.2462741453135845,-1.6892634561588735
4884,83.72791263737133,2.284508365902675,-0.1834143741812963
4885,23.34139421762333,-2.039084521650833,2.726550823829053
4886,25.25117271760288,0.0846696729370717,-1.6725596737915198
4887,28.87188677514637,-0.950451343064379,1.707581172054098
4888,107.17817862663324,2.085698955392731,-3.025171918987432
4889,10.730820185901072,1.142357314242621,2.1730220620098604
4890,31.955484692861607,-1.3482026735409212,1.799409837232239
4892,20.88527550015477,0.6590327219676968,0.9510956852442084
4893,7.615441554478266,-0.8553317388111874,2.490884530002756
4894,38.56221680593147,-1.4228397257275416,0.4386640451514307
4895,18.58032186605516,-1.8123379612959265,0.9645198042788424
4896,20.63575404644698,0.2759256629557201,0.3997108178641297
4897,24.00327727696538,0.2422126887175872,0.4994745825024437
4898,19.11754263562491,-0.4734014444108007,-0.8921782918713436
4899,54.39080003097103,-2.251916374786326,1.0995801112963488
4900,211.10574599332892,-2.411880876176971,2.486071291457957
4901,7.665184275240936,0.2105528951844774,1.0942639133205498
4902,45.95135273789542,-2.490867548178547,-0.1965376181697444
4903,10.951448006767531,0.5737966528215238,-1.1350584099199528
4904,51.228263712368914,1.619713679079228,1.549846519741657
4905,18.10168799965525,2.357698350818124,0.1309533549508724
4906,53.78241777809324,0.0453367956014506,-0.7719797146448892
4907,35.33024745850136,-1.4374734989537266,0.872373101733256
4908,10.263253480756791,-0.0526778493131179,1.133887420874354
4909,10.094087445384964,1.524031413147309,-1.7701606264764589
4910,66.08705830051181,0.2149150827698157,-0.9657049507623692
4911,13.905006425603151,1.029828598100378,2.5499095661155216
4912,10.65964159507995,2.145584480036562,0.5524155967861664
4913,11.316141943869754,2.4204375813116874,0.63972323568445
4914,39.28439133896708,-0.382381764785773,0.6767647465384453
4915,29.83006621373149,-0.0412171129861431,-2.2460986907912046
4916,16.829691581227042,2.2422572640894387,-2.664523008711833
4917,44.49610795685547,1.0477395340789386,2.819632828640197
4918,15.448017939282986,0.1809001434232436,2.484978159752771
4919,13.450510435294776,-2.286257964159676,-0.4638027314573746
4920,51.245790371961874,-2.4481444824292,-0.4849063446343143
4921,11.405444934296284,-1.1354484125744522,1.334591669721363
4922,19.6433045835366,1.3487519848510103,-1.4206988667803575
4923,21.124287566824645,-2.387074765553787,0.1612688207203004
4924,34.42823161477779,-0.1322440270785049,-0.3630049018538302
4925,16.73170362698898,-1.926169310992684,0.1254349304683593
4926,36.80157590389008,0.0941229983587651,0.316583006715417
4927,12.207554180472265,-2.2760352923505955,-3.0191752818204582
4929,51.40318500577338,-0.7466742855902737,-0.2075040533984512
4930,13.020028391999018,-0.9180344346816812,0.3784238343752216
4931,30.23080491657087,2.423934092214779,1.717121382005398
4932,22.09871123167713,-1.2500225287701747,2.678589096495392
4933,11.34636440693618,1.618996025579353,-1.577336005836539
4934,19.82139686499769,-0.007895085345464,1.3332079965537709
4935,16.581375170530332,1.6602474373996687,2.177487037677888
4936,31.109368218784248,-0.2480097167465,1.458371309902194
4937,32.84572948539794,-1.372812965240505,0.951787441459878
4938,22.037950194473645,-1.751869346469178,-0.5635666899559739
4939,33.40169746586002,-1.5408202122857235,-0.99569221891573
4940,21.55900837366044,0.2449051039661409,-2.2087883498338745
4941,11.335032048470598,-0.1014068641480234,-0.2934464412630905
4942,37.95690799577185,1.777520725721843,2.9045166896391583
4943,16.496839908198876,-1.234302499776834,-2.149183659778372
4944,38.75172988446196,1.5494000419569691,-2.0700007927866526
4945,9.39202436350044,0.5766310142936469,1.8739543233650933
4946,37.19712946447622,1.1028768402528295,0.718954230036658
4947,11.706413761620412,0.1363193283869199,-1.861459480519432
4948,10.640638668218124,1.9261018762234083,0.4764105760700459
4949,109.42117483506564,1.7091658729414902,0.8737783325770172
4950,24.373368130637505,-0.4790581429759661,-0.9150495546083977
4951,41.20414081716534,-2.2483598579006,-2.076434304058786
4952,25.026731144294445,-2.239778517490601,0.6596176237492909
4953,16.340809814443208,1.8511390301683115,2.449692385633307
4954,29.37199878257754,-0.9250040184401253,-1.916176526360251
4955,26.54710927378576,-1.5788015998583722,1.6895395606484704
4956,14.872207839147777,1.9538362872494413,-2.643059518967244
4957,10.373631383806876,1.089355651044767,2.474038958880709
4958,18.89975752882529,0.0411988109552554,2.3355796404569777
4959,18.84411619688073,1.6937243858875173,-2.717990624831128
4960,67.21813404231287,1.3501560541569095,-0.3752815651176449
4961,14.833962073313112,-0.4819736164903201,1.98597870727058
4963,16.021806274863103,-2.2661135906758663,0.9888105740199762
4964,22.9208937192605,-1.9885268374403569,2.538043790081285
4965,8.641477912447343,-0.3734930005130314,0.4446952787977883
4966,40.80818491386975,0.6609476431062172,-0.7367501314697742
4967,14.393550257703788,1.419838442570455,2.3137347578230534
4968,52.190284865209385,1.1889673194490635,-0.2296958906980798
4969,11.226167840183168,-0.8224157324658581,-1.304873980588158
4970,22.4020163496896,2.458105495347364,2.7481764933383044
4971,20.59199020995673,0.4387350336284175,-1.0871378009346186
4972,13.533563349176683,-1.9827573465358328,2.826922123243004
4973,9.087186836026005,-0.438159575260043,1.144841838381348
4974,17.24311982534213,0.0931232220332079,1.6556282652540104
4975,14.695522069197803,-0.6212879039514522,0.7708935936106918
4976,36.2578986377264,-0.3251993259816741,-2.3696375151550337
4977,21.9633574864676,1.9862133881927369,1.2968413164044152
4978,10.309127299597392,-0.1700052050438532,-2.3589245823983807
4979,192.82932013317551,-2.2937834280601623,-0.9093451159422832
4980,10.768441894564749,0.6178463130289307,1.9616865274464448
4981,34.77496394619541,-1.41140091608508,2.045335709878132
4982,35.849811308163936,-1.7458742599850117,3.00316937294144
4983,32.53165846885685,-0.5844264004340304,-1.3813159791992171
4984,45.34287738539665,-0.0844937650007269,-2.2973729695368164
4985,24.43999980261021,-1.067152800517437,2.126508975582911
4986,11.088239689927477,0.0823069308678981,0.2790632613941111
4987,62.13820204970855,-2.3928603291832653,-2.740203059996708
4988,51.39784598582554,-2.0546054984040585,-0.4063733166873447
4989,17.670231919651886,-1.913418140381076,-0.2468390307608106
4990,12.042289634302064,-2.38458690514669,0.9138435316311004
4991,65.39735949816598,-0.0153337681613447,0.9932110706695314
4992,9.845013044576378,-1.378676059750339,-1.7883070316033938
4993,13.06841082722586,2.1100705520913925,-2.942637640730561
4994,13.831736501909864,0.2580782586306256,-0.7966277779366676
4995,18.68407195080584,2.1778860116943584,-3.0443132866042424
4996,14.64444781363776,0.531186677268655,-3.0351657237110152
4997,11.244703959692846,-0.7418778784389508,2.738174201787969
4998,50.58818537596444,0.7799968800762198,-0.443075331860253
5001,53.92297992970046,0.9405907674769832,2.1083373241955563
5002,41.4651445335018,1.2925102910143698,0.5580189780486476
5003,25.01780356995621,1.4989209746106822,-0.8596429037605904
5004,25.538529512147765,-2.0021974550120074,-0.3970129185748673
5005,24.85869484038724,-1.0654222259257002,1.6971209033847237
5006,89.12355197885937,-1.913542645582448,1.8780608115041688
5007,19.144267199894305,-0.6134365975073858,2.5193051005053864
5008,38.449475176670006,-0.2167833243079917,2.4209416581109364
5009,49.51582797071633,-1.8527653939053923,-1.215105462658176
5010,12.89558574174189,1.609081373687009,-1.7891341354505776
5011,44.57024510227407,-0.2536518903083022,-2.027344464409508
5012,14.326845886194892,-0.8064596978526817,-0.2231213613597172
5013,39.16100247705904,-1.396646390871649,-0.8066453156134056
5014,42.32697430450495,0.8615531928345465,2.453472334392873
5015,41.5460297728213,-2.237352511097328,-2.7460941049592127
5016,19.674057114279623,-0.7723048826109561,-1.1551160157670382
5017,9.448994683951796,1.232767041862712,-2.3782927989768154
5018,31.40918934578992,-2.204024537316435,-0.683814894534705
5019,20.89936212078153,-1.666378559206261,0.6957695425379901
5020,53.613979559294464,1.974108628949301,2.539440083081722
5021,31.99373685981624,0.2857910847986069,2.417400305603416
5022,50.61597986296655,-1.905493174860556,-1.6074099065277043
5023,38.38583108207611,-0.4557056064235051,-2.988192017279788
5024,59.62338314843979,-1.264305854772681,-2.818716116394914
5025,40.53592376637332,0.4387220401139098,0.1142534844663795
5026,8.787334324905073,0.0739309208385972,-2.9960115384554733
5027,33.71002085655347,1.35289824099067,1.79622110833474
5028,25.735496131589144,-0.4649125677588422,2.35941757913009
5029,44.441686157737934,-1.8462437673979584,1.579633881284234
5033,27.47798833911257,0.0579177967160609,-3.0216883004155792
5034,13.905783082585582,0.3857123239965607,-2.4608483346711827
5035,33.12451094232291,-1.1739626656979818,-1.4534916102221491
5036,9.624834547620445,1.830927600124597,0.1065416114520771
5037,12.158700655998611,-1.1783527956571311,0.1924624646831886
5038,15.469365415614014,0.4476986750125331,2.198627550465792
5040,15.972901036893717,-0.018183216639254,1.2311525353222157
5041,11.461094900912952,-0.9522807609384534,-3.0511426433767967
5042,31.54849885893448,-0.3525334663131864,2.7147202986600343
5043,19.60622193726731,1.5627769633976527,-0.99004058783358
5044,6.4370652085888,-1.625365099748185,-2.72981514913546
5045,19.488402278579404,2.339463620484218,-2.4860324098036006
5046,11.276529564221123,2.277942662948928,0.7213901702524603
5048,30.660904142804647,1.0965224234259494,1.0872674319794104
5049,56.30230436921159,-0.033749741246701,2.7307765674719864
5050,18.277694578752275,2.1100446947848384,1.838651802322272
5051,20.66267680010689,-2.007563479696276,0.8537890978090013
5052,59.92637658684009,1.161162754565834,-2.045791333665825
5053,34.56700074956889,-1.3122059230659509,-1.2670587978985874
5054,15.116877941568394,-2.489687132710114,0.7627225110710681
5055,29.17144093961791,1.027027013699247,-0.59322592815371
5056,19.70239627169386,-1.6678615379455537,2.8661229640700787
5057,40.781404392548055,-1.5288258763957745,-2.9425123775228665
5058,25.5994241664641,1.2459740376587602,-2.622940774969518
5059,21.751512953683505,0.0791336216025729,-2.5965641393810603
5060,14.283328849898783,-1.3450834349427048,-0.19588348539123
5061,125.3641811073373,2.333807786857722,-0.7725512527510965
5062,11.2631927899985,-1.8634541745074245,-2.1573956967901338
5064,98.25417569176024,1.668232142851278,-2.3013229824569503
5065,33.344840092229994,1.932370737893314,1.9603742679368423
5066,0.8246688780684338,-1.0539204860114122,2.5050338120021425
5067,137.20440681601846,1.4914313363330345,-2.1408093656015734
5068,12.438944018502536,-0.053269733434826,-2.6196280492933184
5069,8.682799224109669,-0.8084439296032903,-2.754168331027382
5070,15.184756755434702,-1.5663331881834337,1.748793407491152
5071,21.50809907306871,0.7244289031719751,1.03751659044578
5072,25.286183647492408,0.5783281082948291,3.021491458009748
5073,15.269248356766123,0.1361145017121336,1.0932454448436326
5074,15.014692134364356,1.0131049465942912,-2.9617242171358886
5075,21.804104438731635,1.1504244890153317,-2.7042254939030443
5076,65.44672340588272,-1.0688959372529478,-1.998569779996676
5077,16.39358689259325,0.1594834099946008,-0.0290907804419781
5078,39.327755234624085,0.7992300288655383,-2.0876769272449427
5079,15.597952752666124,-0.1180694391920658,1.6392980772973678
5081,23.826678423701992,-0.2307191687939966,-0.0665185988495525
5082,17.384141189204186,2.065709698971417,-0.3692351981530316
5083,12.4252942763448,1.8788064135526108,2.2754823378564373
5084,16.88471473895891,0.2469716600517958,1.0115521664283178
5085,32.66508829913066,0.2999570463611311,1.785739831910303
5086,9.058242192815506,-0.8476570109586791,1.4597748166611344
5087,17.707926113207048,-1.9674736627872924,2.891853736148756
5088,18.029725559135,-1.5757752972075432,-2.6693755938098227
5089,45.14780125867916,1.179633126703482,0.2484011114734108
5090,40.98481161144812,-0.7029251367822097,2.4872366093512848
5091,42.634852664444765,-0.2504492833928133,-3.0838186725351147
5092,12.799375880250189,-0.2086694291018624,-1.4897278212728762
5093,24.184103038253923,-0.2340451636192104,-1.5954070160522866
5094,12.747275806063552,-0.1555322044194407,-2.323210804878084
5095,20.22014068134747,0.6156323556412229,-0.6497550711714954
5096,6.801634064655315,-2.069444448119539,0.016813007610447
5097,12.18788892490052,1.142874404684827,1.509599189395927
5098,30.75356155159744,-0.3021128425066208,-2.407481479353043
5099,33.34505082624448,0.7452840152864368,-1.9605411171602616
5100,19.903547996227427,2.022609227574733,-2.013345024925811
5101,21.29274676993863,0.3246985730593192,-0.0132253505881972
5102,68.72148044410157,0.7058239816648871,-0.0495853080080316
5103,17.284718677867062,-0.5107191680093801,-1.4483464554908143
5104,30.529450258828213,1.835430191436214,1.2232537064779374
5105,21.82804487957607,1.0152097144838517,1.759007233321784
5106,27.50406084588884,0.913984537796402,2.360904327867258
5107,18.09358629097807,-0.8784949217531398,1.8168102388810792
5108,109.50223719293508,-0.7729494868157328,1.298539529262971
5109,20.97136992577943,1.1447403082407412,-0.1508128303554322
5110,17.563895165113443,-0.7828160569179722,-2.388119674940821
5111,32.70092931853982,2.413591406961068,0.2566868831827226
5112,14.695522759358514,-2.338629612149316,-0.6006387146637129
5113,16.483565646234982,-2.216031583217932,3.0556534609472763
5114,16.71674922668995,-0.4590964689004816,-1.635213050842015
5115,7.897946795461197,0.5679776027860283,-2.250074646266247
5117,26.106514383557705,-1.62037456411615,-2.160467639542114
5118,45.85185224280107,-2.216827329167588,-0.4798591806445798
5119,58.46896609224135,-2.262086774368507,-1.5341785969924555
5120,34.720921592808295,2.124448745469324,0.3116443768853565
5121,32.72525616631996,-0.0038866733912958,-2.4550021486543865
5122,13.634702731261855,-2.441912809405475,2.8499032673907565
5123,121.63685956933362,0.5172597852151332,0.1193132852103464
5124,39.505855987266976,-1.467664109840877,-2.47640116632948
5125,18.14182006713057,-2.2046913195893603,1.9418953009050377
5126,16.5120763857726,0.0739482031815721,-0.7361452364274683
5127,17.615070669292972,0.1198813992680231,2.935979307352401
5128,24.436153107792105,1.104729390863134,2.750986217102557
5129,84.90431346510863,0.0048273916066578,-2.644689897113243
5130,12.340724911332908,-2.193762933943236,2.417899613597781
5131,45.06615939803599,-0.3266765466098479,-1.8560631859715355
5132,25.669371036231777,0.2513306372123486,0.5640119117215292
5133,10.379442246501352,1.1716242883042025,-1.219421942009027
5134,13.052107766638663,-0.5629829480191353,1.406912454606117
5135,11.641252757378492,-1.6125184910090256,2.365809079510857
5137,14.40606706825717,1.6608447533394963,-1.716919188418032
5138,12.538411396254723,1.0372500149613972,0.1555130218128972
5139,67.79357385241423,0.9698537049308162,-0.3957360636746802
5140,42.96665332797495,-1.389245494471115,0.4199030146234967
5142,16.58756002861418,1.6945639679185371,0.1881230405265937
5143,17.794095417226174,0.7215753696283291,-1.5217296408761718
5144,14.379370907917714,0.142199494247226,-1.843244761120324
5145,25.371895664355392,-1.7252155798442244,2.004857680648119
5146,13.53751237825017,0.6742179233518931,1.5868723598881898
5147,14.209531131206845,-1.416784828185025,1.7529638013491822
5148,17.39943940627298,1.6180954958249454,0.9069381710372338
5149,58.79167835057208,-1.2436503548755924,3.012195939172214
5150,14.43758267511167,-0.0583569741844401,0.5408011324089242
5151,21.80998910419465,-1.0849910546618948,-1.629350755919974
5153,19.693458664103904,-0.9341590239874252,-3.07155802575741
5154,18.21771278765876,-0.8950052957248352,-2.516663925715648
5155,41.97011445785002,1.1400958133758712,1.3237700791971536
5157,73.24695698167096,1.7915181596581082,2.1047429882756084
5158,23.113390735751736,-0.2448431837762232,2.011817683129815
5160,26.96879294072816,1.5381975488957955,-1.574737160122421
5161,9.679723682700956,-0.9029311323397798,2.561432146211941
5162,17.668583650995846,1.4420592706755375,-2.2116654431938607
5163,9.651066031718846,1.7065323371627696,-2.473044268827859
5164,8.990238194393207,2.2929040733236783,0.687042746285367
5165,13.137473128224611,-0.0722369242905982,0.7443916390683906
5166,17.477488190259784,1.8314573690953289,0.7553188657919377
5167,43.606488735282646,-2.239473305449664,2.0956229732476213
5168,73.4684024168022,0.6619201615828573,-0.3203400361264196
5169,11.890289870986038,-1.8087610083800831,0.6562718110493173
5170,44.127576870381,-0.2171590469927921,2.756628829999466
5171,10.257268567687287,-1.47012773373842,3.0801502575586093
5172,90.00728523676086,-0.2496699501958479,2.998940650832997
5173,39.47146416554176,-2.231768996378931,-1.635723078062046
5174,25.54599062200532,0.8137627904129794,-3.068047227510458
5175,10.355708923627974,0.77207128918272,-1.7501646226744991
5176,28.677657382846384,-0.324275679590349,-2.12852463549619
5178,12.55021796996667,-2.1618415806121813,-2.928135092992195
5179,10.551923657044997,0.58987872311663,3.128059430248491
5181,9.62591346241236,1.3528881145048013,-1.3860425760587336
5182,51.75026727883348,1.461144948245715,2.664447523619168
5184,71.494212389639,2.161485504466748,-1.2329230434318783
5185,15.547686658570994,-0.8208333943367084,0.4921563461097136
5186,61.169232044337534,0.0941022251906476,1.5049371152017617
5187,7.860535976267316,1.8508645354324949,-2.3247120209344048
5188,26.086602899450536,-1.0252056576295554,-2.2334889041014567
5189,10.50628325073502,-0.5253206131609984,2.325719192159043
5190,58.491590842119,-0.2913487679022129,1.2233362397468242
5191,62.70304166478506,0.1130912706119068,-2.961681567416931
5192,14.560287838809971,1.4536906324565968,-0.554726319937999
5193,23.799846993967893,-0.3246671619157518,0.2561691666077162
5194,17.71792602996292,-1.74677449014231,-2.091875384640824
5195,17.240695211840954,-1.1933197490960148,2.15652905104425
5196,33.33150719875353,0.6391888204622735,1.7812770936714335
5197,47.67165338737149,-0.4175652545407763,-1.824167961576159
5198,18.49416983692221,-1.011466291999135,2.5840856857008005
5199,7.210153168103387,0.708136057961949,-0.5336704961998777
5200,11.293547665918622,2.2858358907688507,-3.107310532868084
5201,18.2201640790899,-1.9745439451683209,2.579190847522129
5203,31.93301084697068,1.7328508034300945,1.974272688991475
5204,36.27951863858201,-1.538548918048769,-2.94103942436463
5205,92.5360195408985,-0.9065789656951369,-0.3831518977731441
5206,23.428622423010086,-1.0248935855654615,-1.5761454982222918
5207,22.541291796292366,-0.5794813355761815,1.6876534428339205
5208,49.27439421121169,-2.097784157727304,-1.321957530898116
5209,14.86585340502142,0.3035368038551704,1.5445461924713932
5211,38.43739491899841,0.3468873036008038,2.334432286258972
5212,153.47492591888783,1.4018064610136385,-1.4886880279643118
5213,21.88415149131712,-1.5340817856561106,1.6069334758780836
5214,12.739967712609022,2.1979341324988013,0.0835284338890975
5215,72.28338867749414,1.1598803993812954,0.1789711645900917
5216,35.79550917857987,-1.3008934517833015,2.5255261907054023
5217,21.19752101826659,-1.0221090518315317,3.032798871187678
5218,16.2159904878157,0.6917996190673448,-0.4590461459508426
5219,5.294964650822069,0.2964030540185362,-0.8012267517286749
5220,10.665833853640754,0.1016541098324251,-1.0629891188237843
5221,15.359970408324669,0.3509015642164712,-1.0540016418521645
5222,10.443713370937266,1.841002379879424,2.811312399495964
5223,23.463984703751425,1.3106027194354104,-2.740527209148336
5224,24.568591618178367,1.3091649628136277,2.7301041268838966
5225,79.15278919956415,0.9671006304166097,-1.687489284728138
5226,25.68972527545441,0.8212290699259609,-1.8722820192317533
5227,17.38506155724088,-2.2861128458007007,-2.8964095689118388
5228,13.091940943677388,1.909823795660396,2.8400602758959983
5229,59.82928791172723,0.0654389640595089,-0.1200934407637685
5230,14.736256951151995,-0.4230864874329337,-0.1985093530897015
5231,14.154746473799074,-0.9517102515706842,-1.204674744901479
5232,23.0299062362785,-1.707890538732934,-1.625958494630941
5233,55.55067403336629,2.303981593090593,0.5929833045566668
5234,30.64123165275589,1.6395764947142208,0.7744363218288176
5235,13.340231514136072,1.642326743033581,1.79196367609655
5236,26.88082133706981,-2.081218563901455,0.8766392347155118
5237,26.52552996674747,-1.1307773203403018,1.3125464925165633
5238,39.2739338010417,-1.6855073140492407,-0.5112782587183871
5240,23.372151938936085,0.1572979020402132,-2.4806222261259343
5241,40.40157705987478,1.3979850775586384,2.152399506123998
5242,18.26611810074407,0.2168602598485391,1.3739620359612328
5244,30.16736010056464,1.3415876730704246,-1.4044762305541183
5245,30.710531830195308,2.0890020118349217,0.4093059823557215
5246,54.91350339762312,-1.156448643637009,-1.0744704705616313
5247,27.22338066871828,0.5921891865245834,-1.8395536461326425
5248,19.043920431906383,1.8433042115358496,1.5768872265512257
5249,119.0056793178024,1.0454914882475828,2.9387270718919782
5250,12.824744193392384,-1.2839106837882432,2.3100728637930805
5251,22.55435900040429,-1.5652941236693811,-1.751173249268145
5252,27.38397498420504,-0.5559918994282287,-2.896895383954366
5253,15.000696602587135,-2.304405304649852,0.7918878863876239
5254,10.08803620745155,-0.7836382476812056,-2.3987070171623133
5255,12.212833515483332,0.2264281568125034,-2.1945405423671382
5256,136.4733253536304,-0.8720542314559288,2.752381982087412
5257,56.384439028798205,1.1065885461185188,0.2460741186775163
5259,73.32845362379557,2.3717553824327533,1.577123799161953
5260,34.33057576559841,0.7042758412562391,-1.0180331384772303
5261,85.31422937415951,-0.0380895967787469,-0.8831315315861162
5262,24.90137935227593,-0.8248874508187932,1.1180373576135276
5263,34.532219025705025,0.6137951820109425,0.9637938438511396
5264,16.219606351493578,-0.8302044947745357,-3.0779030360310005
5266,26.414223757209324,1.0186110517596434,-0.2819124591834757
5267,53.379574006528685,1.2243502908474575,-0.0295453506369335
5268,12.332300264781264,-0.008272712457298,2.115404068508
5269,11.48555853549328,1.1595191000239644,-0.5547685254295894
5270,7.192162442071543,2.4609729688020354,-2.5180175955128994
5271,17.528193074391567,-1.2745090101658374,2.861306296447786
5272,17.304406784139854,-1.7467727530484842,-1.4774302549330152
5273,17.170392896579237,0.5415270499105285,1.3083621391389946
5274,14.47852073081756,-0.3059890703540174,-0.7664817159516731
5275,53.02183545403997,-0.2640866066034459,2.6508178352354337
5276,20.27854042471796,-1.0049162301962316,1.1618634619341626
5278,15.764243443393552,-2.020433781534203,-0.9625723620549886
5280,37.10063105634949,-0.1020571689375874,3.0661331302904027
5281,11.360910211630491,0.2929469806587989,1.2803582877385318
5282,8.891618217835887,-2.228000748247672,0.8734124233477284
5283,11.657598771887177,2.3439681447147924,-2.2459060176200225
5284,11.081956580768468,0.2838880135136763,1.2470179503054064
5285,26.03490449091458,-2.434622749120268,2.554096425763756
5286,17.745801486378266,1.8969033532930824,2.1873367030570257
5287,15.807797818430013,1.6847682576756935,-1.608395079504965
5288,44.08427599693138,2.1700992059610265,1.195850014299959
5289,11.580837026429815,-1.7094417579636236,-1.7631673551195002
5290,40.64434170846849,-1.6273700318702389,0.5000735180915842
5291,40.8175791173033,-0.5559530889409662,0.007297641363082
5292,18.009090865390284,1.89581694321636,-2.672223554314016
5293,19.88124422089914,0.8341318139071733,0.2071147589670745
5294,19.777241385430145,-1.9414465843628768,-2.405881463771869
5295,147.92550228375512,-0.0242702879140604,2.2001083037324607
5296,12.700987179839675,-2.406954273188027,-1.6692861791380127
5297,35.77235704635075,-0.3740299026497639,-1.292225055542405
5298,16.750070273528088,1.0983411515756614,1.5618418965449297
5299,21.28597833334403,-0.7105886818963997,-2.0533139482765663
5300,16.83301805074096,1.6745901149422722,2.726429056377158
5301,33.00412606339981,1.8258220106727985,-0.9554776802677584
5302,23.049527304839646,-0.2424867123304374,-2.331730109014045
5303,85.94380794296674,1.056477726245149,-1.4491450888941928
5304,12.166578608309411,2.1247495594644965,1.470173503908873
5306,21.277233987263635,-0.1040098277202752,0.4329313385428706
5307,22.24447794448121,-1.2038901776064,1.512297522412965
5308,37.30379827148016,0.6387621728398536,-0.399004753581123
5309,11.709125918779632,-1.1217589383135356,-1.2241984157785266
5310,13.767488425732717,1.0909190352868527,0.9722701256208478
5311,13.377040753343737,1.2888569547702708,-2.9803864831423152
5312,11.495872420519952,-2.1468134644891195,-0.0709905017163515
5313,71.82657036929596,0.6147364583667053,-1.7848190662557686
5315,49.20748271778279,-1.9803076722426995,-2.1679606115024144
5316,32.00173913849476,-0.7817885561894052,-0.8310955468260524
5317,16.358520025147378,1.41558198995119,-1.8620113854896048
5318,43.82607856359687,-0.8410570479667104,1.3109525287748818
5319,2.501859584304921,-1.110744013597582,-2.2339962822015584
5320,22.57862902443585,1.8562126142729312,-2.85881078568174
5321,15.630917442097369,0.6079247106290652,1.5233034495907418
5322,13.225900208246967,-2.3391706922206903,-2.6687446954572973
5323,13.439206315588883,1.605390607980811,-0.0861028156622697
5324,39.16735086691708,-1.1383908792541155,0.514472985307647
5325,13.504230416941624,-0.6582509295021737,-2.650795594619309
5326,14.323208321150885,-2.083734645471374,-1.15336360206616
5327,17.562284899807217,-1.2020054274466168,0.4749622677392838
5328,73.10857490605534,-1.9566353153084093,2.7975143133919875
5329,86.15684347116006,-1.0112449227069544,-0.0932700869376502
5330,11.222985295844188,1.8132205019183696,-2.382042456554088
5331,13.612778630648046,0.415464073501822,2.6528553246121582
5332,25.45472114878743,0.3624043816345454,2.3929889297568736
5333,97.53316462366782,1.879950748423465,1.9738660779261776
5334,14.429454117427776,1.869588671441296,-1.5007740968348715
5335,34.22467048045652,-0.9978864766980292,0.1477289835886591
5336,14.741536656772617,-0.1896914031831646,1.7719358231240612
5337,13.511307472379224,-1.853939434121897,2.919116134980848
5338,21.910323705553463,1.207301661107664,-1.4158497849181604
5339,10.94289317745909,-1.2757749540233263,-3.1268157257458067
5340,18.19440409023864,1.080792786608683,-2.911211196787673
5341,57.02503124542416,1.9637850221626023,0.1874483794784716
5342,13.163034027990893,0.2920172275247731,2.165873486942868
5343,15.810239623398507,-0.3532221773546172,-2.550200786456558
5344,28.801714280031952,1.5391020729503553,2.949586301568563
5345,9.006093522868383,-0.1139874576232802,-2.141133076325649
5346,24.171293484797943,0.6432085152351951,0.5919299709572452
5347,81.68358648853382,0.8687425254910026,1.5163111478040627
5348,71.38838366801394,-1.2390684694228051,-1.0186431454661071
5349,44.83779129748878,-2.3546590382977355,2.185684241738889
5350,93.4129950281969,-1.275135467301972,-0.6803535020819443
5351,27.15014730789164,-1.6162781395400871,2.9710654657971385
5352,22.12277379059993,-0.2072755521690019,-0.2007018409840116
5353,12.451873881926971,-1.3425489039549907,0.2951745524564462
5354,10.986814015482034,-0.0819770699571728,-0.0759096399516362
5355,13.55448054294858,-2.3872826608720628,-0.5619742150100895
5356,28.512249326576992,-0.4702516828951749,2.6845608244130883
5357,12.35884144000563,2.228106614521613,2.8895542666931906
5358,28.84465542422461,0.1737773920090294,-2.112756880364765
5359,22.04550036728714,-0.7442129226859507,-2.9944516609082745
5360,18.331841085358704,0.6002087412796835,-0.8348338533206079
5361,13.941793254851316,-2.1148315339433466,-1.0078524447178585
5362,27.13730583809756,-1.9808589454328347,1.877462115949632
5363,68.53595004531704,-1.9956492010433864,0.1115124821292858
5364,168.4842164135801,1.0111733993959189,-2.2945960297653114
5365,13.542592478098124,0.0704130021731722,2.4511533177509253
5366,10.82449252158742,2.021440737898843,-2.027953098238693
5367,45.119907686963465,0.8367078308241057,1.908872787858081
5368,10.00462647689927,1.295185867478066,1.2630698758734504
5369,12.189236162518815,0.6808232747308468,-2.609081077640112
5370,14.755745168186062,0.6274411880364974,-0.2395814677734393
5371,46.07496595121669,0.51365482106226,1.9221454855923104
5372,28.54722119353795,0.0439959581287045,0.1791088521852603
5373,16.153073624535008,1.7091851388705317,-0.2591225141755603
5374,10.420425694736274,2.3607246853625368,-2.1978879972815504
5375,30.331453057862543,-0.8207002195410473,0.599260379119308
5376,14.858838234196288,1.407362547771558,-0.608871156942395
5377,0.7076922822219424,-0.3928831173147812,1.1347121431674634
5378,99.72374048455416,1.8483009206826315,-2.5726716642894942
5379,40.5406150688577,-0.9456048062970308,2.0233745554900304
5380,17.250070119990493,0.7397513576231332,1.160655747242325
5381,39.23045062919514,-1.071040062912038,2.437339230634851
5382,17.13744125983438,1.5144999941649862,-1.752243452227598
5383,36.33637866612988,0.9567177718326808,-2.091218574157811
5384,39.23228851823392,0.6304326389962234,-1.5312802369279126
5385,10.906936711303576,0.5430526009772186,1.8593647037669887
5387,34.71186144100427,-0.8613241165192114,2.4946363630746267
5388,29.93544437772102,-2.040875722248707,-0.62250200312359
5389,15.406216110254697,-0.2076559866899537,-2.453439803744109
5390,33.4084819863357,2.2346954446070253,-1.7930530219895249
5391,71.84070227522243,-0.7903479367596289,1.896610710951834
5392,17.18015869105768,0.2802001682973485,2.147985385016624
5393,38.17779150542009,1.1022098401234408,-2.767169011004287
5394,20.32083033102604,1.3662047504612902,-2.733361581004807
5395,17.630349520480568,-2.192692561743204,-0.2938975837344536
5396,24.00032309011503,-0.819966197981142,-2.1055794522348754
5397,37.27198260328277,0.5002086512052055,-2.391253029534927
5398,25.86242659652393,-0.2726240896252004,-0.1304031083993298
5399,22.05311077199344,1.1629037336797532,-0.1825340966111941
5400,29.95770911629269,0.9306446922538508,2.329788652305061
5401,62.23092257691826,1.7715966732899466,0.0369805070764183
5402,9.446693282443826,0.1485484166852964,-1.569440351671624
5403,24.092972884126954,-0.4146730964126885,-1.6112345364295104
5404,10.90193996944388,2.220807550864176,2.1946463922168515
5405,27.36063771665984,0.6117806837710064,2.554411731773768
5406,12.927014520426034,-1.654613571040727,-2.2687331172717453
5407,11.692650037264809,-1.3527781947201218,1.694234878610675
5408,37.16756042404069,1.5800620950785051,-0.7718667742102006
5409,30.325739517529964,1.6637579063018757,-0.8651688540915922
5410,14.96037464974602,-0.3398313070467644,-0.7825161766369824
5411,14.525328432555693,-1.6819274340406016,-1.846641576477576
5412,49.51769301307476,2.2319106213159667,-1.4174198319532485
5413,223.3033691336112,-0.6108840355426994,3.116995999576563
5414,14.329320023322593,-0.3065019196716831,1.641789085435544
5415,23.003052668092973,0.6383980589388196,2.6795482459063376
5416,16.4763263497334,0.6844162947126314,-2.737263709177733
5417,33.606276865714364,1.5231076386279767,1.1909663579045144
5418,32.902533345519494,-1.1151192963334553,2.9445031325519904
5419,12.821833929271651,1.6810786387867211,-1.1134445741891097
5420,43.821152142689535,-1.163866554828812,-0.78614825669484
5421,12.313368432866906,0.9114605337233674,-2.897884981480251
5422,17.945459771667164,2.208917635914643,-0.2107745877771759
5423,32.79509283097238,1.4907891436496183,1.8736907406254872
5424,43.78642840940126,0.8714647535874684,-1.3019670416525528
5425,29.17912421858014,1.7121233203606123,2.7822708408799084
5426,17.685209168396632,0.3729364002946999,-1.0734485478102542
5427,54.96283208673768,2.376733226699882,1.1671174724955076
5428,204.9042111857977,-0.1263554485190094,0.0763584500476022
5429,14.88631382384949,-1.1459483267678428,2.2109476773473005
5430,14.2156430013835,-2.0805885521902203,-2.014837238201583
5431,12.10108165155298,1.4697247439615615,-2.485349995410039
5432,93.98036496242425,1.498929688367718,2.6426076750898795
5433,48.0225976884466,-0.757203144657613,1.8345584799817245
5434,32.73844406264208,0.7172461108652409,0.9368844084233828
5435,21.981528401956044,1.7852068235189555,-0.0337874943924948
5436,55.82763722890789,1.316427135880607,1.7010568913260395
5437,66.41215481110042,-0.2016177905087295,-2.458506144497992
5438,21.27128807683911,1.9328317812389029,-2.06358441853952
5440,10.960629585160683,-0.6149493100140735,-0.3157612809902916
5441,14.088512737280032,1.0964836351737342,2.324885094295575
5442,88.52889382981054,-2.147086554054113,2.561366713514292
5443,111.83000795974844,0.010792290673964,1.8829587887631485
5444,14.324317480237251,-1.9052494841930672,1.801938919286752
5445,13.562608823848718,-0.9336642595455474,-2.396189083909513
5446,63.24968979492843,-1.4830671087847005,-2.183525963082429
5447,15.468869195998764,-1.830190119450389,-0.4455302614292012
5448,10.636477243017202,-1.1365121315496254,-2.845922254843245
5449,22.562113307627488,-1.1582748048742029,-0.924120498785412
5450,33.10434424100319,2.153435680376937,0.1158898457589188
5451,6.552585985383718,0.97325414111947,1.1946778234847082
5452,32.50134277971259,-1.6431976207375552,-0.6127667717655774
5453,15.433606610026942,-1.8613974180919752,1.807268798933868
5454,10.43839920856536,1.4723501811363684,1.8929687327768143
5455,27.16296484764543,-0.5721985598809054,1.544024811929264
5456,17.936550489556975,1.7515294628581224,-2.827189126352713
5457,26.12597568969283,1.7495980886832907,0.3575923965480175
5458,110.46448597421838,2.412087925191386,2.818062287442554
5459,60.98378955782599,0.1409221620571236,-0.8901383136904908
5460,21.65995840620932,-0.47806576375913,-2.13663576470491
5461,18.617034386908937,1.7376080742845648,1.4156992125026404
5462,16.9737053938026,-1.1181643060860231,-0.1903227183501189
5463,27.779879754942524,-1.1426349131675215,-0.1181644307329099
5464,15.14647696887751,0.5395640768054695,-0.3094623692551867
5465,21.716457303646845,0.1772109432101778,-0.2021669777180685
5466,14.082878202303762,1.150506331324383,-2.300144469698321
5467,36.44971971205968,-0.5802461458320618,-0.943838623220349
5468,23.8750867182632,-1.646628433843826,-1.7553499805297827
5469,11.108361855658856,0.3191955229604559,1.0462784195190709
5470,9.903010807504764,-1.963003286489262,2.3314650480957297
5471,5.113170193821074,0.8487883773253191,2.720002852662006
5472,15.179450962021212,-0.2142496975159546,3.049794565757815
5473,29.924209477169367,-1.375909834132553,0.6609050975866775
5475,6.1335139680847455,-0.2781096011762751,-1.7032484024874364
5476,12.019701681650702,-2.003573169736241,0.6533034095481322
5478,13.675686603184625,0.4670577877088624,-0.6806522734678869
5479,13.175917243208696,-0.3378287244084312,2.130214856936532
5480,29.019394606496896,1.3144198275616388,-1.8472416766103423
5481,38.42840908131211,0.2819838595545162,-0.7391434465985152
5482,43.329193258041656,-1.3265858221198088,2.162255512813737
5483,28.85825211579687,0.1202437072925388,-2.81139468841156
5484,13.250154752324578,0.5961948856402092,-1.344313269708037
5485,15.649806409387503,-0.6709570450917306,-2.562302128132941
5486,25.66219910122425,0.4554769703723184,-1.7478873162722812
5487,22.80728361428979,1.6434382817711073,-2.9733371957805965
5488,35.04158642072417,-0.6825029164154447,-2.490105585187576
5489,13.71925902089073,0.2327705067461629,-2.930457217081171
5490,40.0583022813729,-2.0020106934705577,-2.2042253166346355
5491,28.038248540248933,-0.5165372881670744,-1.089761205316938
5492,21.77769658794344,-1.7862195641693246,-1.6557558419786609
5493,20.36702781204797,1.976350576446936,-0.4218386511637269
5494,25.12203771792136,0.0320956366008985,1.6189490526775678
5495,37.469899400196894,0.087286528979296,-0.2998153892258259
5496,18.21416600014508,2.263199092305538,-1.6946588867325378
5497,13.06796129338498,1.210564949622536,-1.545942059574861
5498,20.313784256272807,-2.271400382438401,1.561194303226294
5499,18.01463495147129,-1.256434295365784,0.4436293207727597
5500,82.78987008576331,-0.3096466120766618,2.579305847212356
5501,146.15230233923873,-1.148854927251366,2.4628734317196503
5502,43.618862859932655,-2.446953029486943,-2.929960097194932
5503,36.04053212612854,-0.1715284056621672,-2.0188735047690183
5504,38.04003268030595,0.912424642176522,2.5660330500199287
5505,42.53031154781026,2.0981216866889647,1.048764987379249
5506,102.89383187553987,1.6992389779312886,0.2953349796292487
5507,13.526245592744736,0.9989077219394452,1.873628803775628
5508,11.688587487048258,0.5824005689704148,-0.7068427488274462
5509,21.75116262925159,-2.1715252646284875,0.4783956143756149
5510,22.682019598008704,-0.2587958580388216,-2.5962301163064248
5511,24.385307442484294,-1.8946680756044487,-2.1176255312797654
5512,18.508241543760928,-1.3134330584043483,2.11138544668692
5513,34.05069100535006,1.5676408961810755,-1.9135097058032629
5514,28.64414291539268,-0.7974547519019665,-3.0899179828299457
5515,16.62512888065261,-0.1361649142245913,-2.7262786040838463
5516,23.06980645050672,1.1607364937553608,2.028104502606057
5517,62.20398239727396,1.5022269448802312,1.3526549806470576
5518,67.7362858132548,1.988043419364813,0.7068288145624861
5519,13.736077407808509,1.1915306063227982,-0.3040337360937287
5520,24.110551923481506,-0.5214847611749002,1.8265479729920948
5521,14.133754891546925,-0.0987373885450803,0.9559219323828402
5522,15.034097795178344,-0.8910338146487892,-1.1300633806820377
5523,49.4874904653857,-1.91432161393622,0.3927687666231896
5524,10.65134990830206,-2.08721581457439,0.0198442830966332
5525,23.856747635328347,-0.9376124551437064,0.6201189087208766
5526,17.939116232419078,-1.79413803985453,-1.1744415795445693
5527,129.8132126455576,1.93864258119529,0.5029247100589869
5528,18.45942173564238,0.192424243390017,0.2460649215591302
5529,12.935484218088185,-1.3965546797206023,1.9996256170571416
5530,9.31345737078511,0.0925439188290171,-0.697358670105975
5531,34.66099932493184,1.004773148690663,2.865452806385185
5532,32.07391151263026,-1.3500874265099334,-0.5988233714092475
5533,29.7278396645842,-2.0416725218644,-0.9129185903661394
5534,5.0112652102995865,1.206413191755325,2.990073356975416
5535,13.841692728725748,-2.0375554043523105,-0.6683407191776185
5536,12.598123791006946,2.124574754311161,1.5280216832454152
5537,9.26841425207229,-0.905157221354605,3.092212116832521
5538,27.844836847143355,1.9863099756576053,0.057694152466656
5539,19.490285052120463,0.7559186212835943,1.796547323244969
5540,26.78912454125205,0.0595597039490673,2.972553381221839
5541,20.560451077826272,1.5524338516590588,-0.4682203293346255
5542,11.691930707912215,2.0113443029834595,-1.1894843768848076
5543,26.01116883135542,0.5467199500365415,-3.032400427143433
5544,15.381974587092865,-0.6293149319257079,-1.4743708372614437
5545,13.39281302613004,0.7039264606720547,0.8856576375901128
5546,20.507524437339697,1.6914185781013635,-0.7585704743010644
5547,5.790228149491446,0.9854908684309452,2.2355695465177665
5548,25.35580346028564,0.6313304095543459,0.110049416487169
5549,25.95615549070211,1.671260911877264,-1.7792023201768654
5550,18.93096907244844,-1.5291172744857149,-0.3539184341524126
5551,12.07068560569732,-1.6693808788461382,-2.7205564656717
5552,44.39371282685072,-1.821019849059128,1.5660308294637797
5553,255.0650688826649,-0.9158662648128384,0.3652368386200292
5554,10.322553639246902,1.2352618159627102,-1.949223228920748
5555,47.742420733959584,-1.9506136111323988,-1.2203061692442176
5556,28.41064832044736,-2.021527678257581,-1.514086826259954
5557,12.19207390074284,-1.771889487340504,0.4549041827604868
5558,44.91443243611483,-1.9839047749936043,1.836305610876058
5560,34.800294309868065,0.8025419494364178,3.003441258239872
5561,17.13209113463838,-0.1116606268500386,-1.873514311968029
5562,10.673480087024712,0.6837892730866436,1.055493178074839
5563,11.352675971524834,1.3313158465971462,-1.8005564929591795
5564,60.384509018259614,-1.5250727058022129,-2.7594599633317287
5565,21.32889315808278,2.356887644280494,0.6771035679425293
5566,23.018717847800907,-0.4984224918013307,-3.044421764832658
5567,12.18440135100959,-2.048790469437248,2.179652895954272
5568,28.849039791114706,2.050819864482803,-0.5633191246334837
5569,93.45285936043422,-1.281912061648225,-2.0796365785446698
5570,18.957282548204727,-0.2294467022693718,0.2079770075366521
5571,58.051956855535714,0.3186094541324155,3.1068799444029827
5572,60.27111334444296,0.5671379700747226,-1.1206613834302086
5573,63.4126021457724,1.6084512435770018,-0.8588780297029922
5574,16.703326076306865,-0.2272104240714682,-2.525075605320731
5575,91.40231868950336,0.8674880718654978,-1.3449659754660506
5576,16.782771284401466,1.7190483860020656,-2.202330190602687
5577,10.564350892473149,2.127954365361377,0.8115622819146698
5578,12.979110613751432,0.8946586361495089,2.325946194028392
5579,9.94645645857555,-0.4688403205047627,-3.053890520126921
5580,38.89425270610595,0.1370761414312896,0.830757002988009
5581,63.011609010946806,-0.9223836999745016,2.8680806706309
5582,16.83376339620812,1.5752280837305257,1.8797299050080984
5583,20.5595278704912,-0.1608088027123463,-2.0050725020819185
5584,127.35083556715836,0.5363377391278614,-1.4939828426704744
5585,8.639690618349524,-0.7996095754439208,2.109032931508873
5586,14.277001889916882,-1.145698248912715,-3.035254393453956
5587,60.5663084564854,-2.3482828328293968,0.5408037891024744
5588,15.374728170090554,-0.412452839558688,0.1973654160890903
5589,38.73747032384092,-0.584212726232154,-1.3733002051627332
5590,25.075310043139368,0.6238587987019104,-1.4997543685914998
5591,11.008434337563871,1.2568642364411229,0.7919761601250449
5592,61.95781155665003,-0.0120961098980895,-2.129658667315346
5593,42.43636240240503,1.72232770083285,-2.7333548094818187
5594,10.523902487040257,-1.8835463793487413,1.9435483645962144
5595,15.183899078816614,-1.874382795896367,-1.0209546596787664
5596,20.68100663605569,1.2567347377465163,2.517971861515332
5597,11.288668796844837,1.1898037577189462,0.4798079271636999
5598,19.12599741651274,-0.4184859227434804,-0.4270854423771211
5599,16.444081920014607,1.4687018405285968,-2.907732112202178
5600,21.85637338772472,-1.6687001629053546,0.503041410509667
5601,46.509293963046446,0.549374274583588,-1.3116214953468743
5602,70.12442789222534,1.9677521644978329,-2.30237155471008
5603,10.372032375180371,-2.2704504108579573,1.9421473153913176
5604,45.31129882908901,-1.5018819413212396,-2.418949756669569
5605,16.50406358271524,0.5829139639911668,-1.6832560127235336
5606,13.936663649477527,0.193903687708976,2.517402354177994
5607,35.798670964124895,1.0986496148373053,2.8817396861206004
5608,38.45625439914939,-1.5050275175622714,-0.0092564701924575
5609,23.15411402524512,2.3257369837801325,1.7112556726748878
5610,33.94873403066708,1.6345737053632707,-0.2980849282173436
5611,15.6074541506582,0.8320746470929493,-1.4374920348978082
5612,34.64539506838224,-0.3928350114545159,2.849664474208552
5613,27.548712219159324,-1.2411514550108842,-0.7196560762932059
5614,51.14324354898408,1.5299097639305588,-0.2709158059968703
5616,31.94179534568889,0.7230843304605101,-0.0819006728105504
5617,44.6488225250268,1.6362339336501317,-0.7863385098977944
5618,11.258380402792616,-0.5783446137915661,0.8962320950339551
5619,60.42250773947746,1.460898804685881,2.2292456651368857
5620,18.409604144946407,-0.3021942802032287,-0.7374904242291282
5621,17.239452111701837,0.3705668988484151,-2.613912389166526
5622,80.72441484359669,-0.426366219375111,-0.6416723104683817
5623,13.166879528218484,0.0957220926239678,0.3234832782640892
5624,12.280822021210042,0.7462968567054465,0.8134897597620275
5625,30.850740911323925,2.009488527982378,1.6591726332623205
5626,31.87225561233169,-2.2249629607343486,0.3184776375880884
5627,27.23767889405785,-1.0870936859589353,2.556207861008843
5628,4.3690743492013,1.0010186039230715,1.34869929109089
5629,25.938996420949188,1.887753204436552,-2.4250123773881898
5630,58.85274984449112,-1.6656540972646496,1.387234490405802
5631,15.04994022747899,-0.3424522371500834,1.5882730772835834
5632,20.535782929177103,-2.3691372913433413,0.4130066815166194
5633,21.89084995658597,-0.6044577462960093,-0.8431513925766871
5634,10.436617823443576,-1.9465552584047543,2.373319311269115
5635,10.8021373869657,2.373996126160107,1.2185296830310888
5636,32.19318192768731,-2.0457806195623625,0.4641138436883556
5637,17.066120197636753,-1.99017022171474,-1.6869866812612666
5638,27.395922816620825,0.8448057273892204,1.9442784731582936
5639,18.908641532548515,-1.902192617689824,-0.094003432968477
5640,33.99451427916794,-1.4984502038211671,0.4437593009901667
5641,12.348141387466296,1.1432167655425192,-0.410727953570197
5642,24.264592868925924,0.9646772086239976,-2.821463329481988
5643,55.58502370595532,-1.8142360320496047,-0.0975606851992764
5644,28.70480891404081,-1.366868879991785,-0.8712717469404021
5645,11.688441863016692,-1.752695360584526,-2.4839217490763
5646,59.46584796340561,-1.9623674793656265,-0.7468998610170307
5647,10.125107039973305,1.0325054919350611,-2.4022831003746665
5648,63.97480029135539,-0.4854834229881753,0.3033564597980583
5649,16.634093076681538,-1.0421663805186314,1.0205553836625456
5650,17.292188119879054,-1.764303475906204,0.3506846403628642
5651,13.221532709372022,-0.6309212145401738,-3.0819070667215125
5652,29.27142755587216,-1.0554546225562322,2.065722682563746
5653,12.659750195564374,0.081517787232957,-2.2189502738517115
5654,11.950616552250825,0.0736117381493297,-1.195275200552377
5655,18.20196577150668,0.8253360302675323,-1.728590053582004
5656,10.499315086956408,-0.073415844876894,-1.812620698049752
5657,74.82815824219033,-0.8890613812074944,1.0436796724446504
5658,18.938645919359267,0.2297968596649471,-3.11850114510567
5659,9.974271956253054,-0.1606887776908665,-1.1916141410676586
5660,24.2172007156753,2.2571745174630387,0.005523266057954
5661,7.202162495803398,-0.8512289181295426,2.126114834074272
5662,11.973581014962583,0.3470177256931623,-0.4580137702175785
5663,12.448771882219225,0.7864851138258602,-3.064726864436908
5664,9.59030396163927,1.6152108650089092,1.6067485542193527
5665,17.689290339881925,0.3475634533110728,2.825010528239841
5666,19.52035495819301,0.4742724197864392,1.9023042031021349
5667,11.076108936606683,-1.0211714494607689,-1.7161451197734534
5668,18.549883509240708,-0.9773712470414984,-2.7764941571063733
5669,32.22513090202538,-0.8764914541456253,0.8323061051902765
5670,25.29085742911064,1.4796152577427275,-2.38123531749439
5671,15.926125780811075,-2.3472211608392217,-1.617033792922819
5672,16.3212068071265,1.532102946518346,-1.0243490123843195
5673,13.210504969712378,-0.2918307263593118,-0.927613544946243
5675,36.36857886517108,0.0098172528873505,-1.3164990244050656
5676,15.877794960181612,1.237164164400447,2.0467368145129887
5677,185.74353460727065,0.0685805771201665,-2.8941638311629503
5678,13.582690595398953,1.2029321755258409,-1.7471784819076968
5679,12.636553940000924,1.4628655813761615,0.0604443341396507
5680,10.737693542432842,2.3860676529385816,1.9712470336712304
5681,12.08226509102529,-1.006926853365804,0.2768394909474654
5682,11.947845357435863,-0.4567480115245179,-1.954145973635027
5683,14.037844670460482,-0.5031320546049862,0.7500848373983773
5684,10.690451320706226,0.9541635172008908,-1.803368783296064
5685,15.589826714049822,0.1784098849404944,-2.4551167687120654
5686,23.787237484221315,-0.528931145027289,2.255981445293566
5687,34.81141754168916,-0.7925114955054514,0.4581960893358005
5688,42.0194711528889,-1.496980596208747,2.2503342219978526
5689,13.342503702342446,1.5335664887557587,2.791154441841465
5690,13.489211322423632,0.2289651902494101,2.1455840916050666
5691,26.21570156197531,-0.6890295511161731,2.2166489307922985
5692,11.308764290893134,-1.6065238129581112,1.4228778073194854
5693,33.81682201753267,0.2085652669630252,1.81681350416468
5694,60.071214718281766,-0.2136808352125639,-2.44172973657216
5695,16.110307266884206,1.7129171134114254,2.0469295897972857
5696,16.304568769150993,2.37864473911403,2.61663243860418
5697,12.824364804097904,0.8724701036270407,1.505189171862296
5698,9.964340696606758,0.8108961153169171,-1.0603880233386351
5699,14.881430392213222,1.1119674503590855,1.7102629863008925
5700,19.572482522865627,-2.491722970564122,-2.9477827917159414
5701,14.588402875000506,-0.1968948241941014,-0.9206993895776828
5702,10.764050542463286,2.095645837600331,1.688105802907012
5703,29.116854952508533,2.1559189377379804,3.137027122777612
5704,13.599616825448017,-0.3009162009982336,-1.889571091955748
5705,112.81505756569813,-0.7084436551257519,-0.8092531291593554
5706,31.91243303095957,1.3776236911087567,-1.7104534234935929
5707,29.81833213350193,0.5491459123735388,0.3472866825455333
5708,28.46848190509284,1.0848353265783257,0.0321664697700785
5709,19.117911577314985,1.2246194126899508,-0.5423139130913326
5710,57.93015259807999,-2.390885821827027,-2.071008012062056
5711,19.94999704777072,-0.3849462893182295,-1.1243218353569926
5712,10.083199239199784,1.262024968065828,2.614314371605608
5713,10.61606728727634,-0.6257936696621879,0.6273595729507536
5714,11.994990868004733,2.1443847227098463,-1.0531808859487568
5715,27.40165852550607,0.3532114973796358,-1.8899314407529912
5716,12.873680631281225,1.6854375352977178,3.066668110052725
5717,6.1140374349545965,2.289114930913853,-1.3725726646811702
5718,60.47543129207455,0.1010184136108474,-0.6060450683647933
5720,7.458256157023894,0.2566415772838111,-1.0820192387149314
5721,12.008875745107895,-1.4506675482366045,-1.8187356115246265
5722,163.30766196345644,1.0553906108752595,2.884145198959601
5723,8.45661354825087,1.106232505507061,2.1827077953010745
5724,14.379952206392126,-0.9239087323367942,-3.109794376201501
5725,12.834022132159918,-0.3076223754981617,0.5315851828940246
5726,13.70363006886927,-1.7534488473524226,1.7288017669911515
5727,24.12605662680484,0.588647881336691,2.17845126233591
5728,39.085936461031245,2.40143167838183,-0.6192223244704117
5729,46.12345494830532,-1.1254209200023249,-1.2960983868313345
5730,50.46986285112393,1.6197597381553464,0.0027321812894724
5731,47.98502268910562,-1.2852691011766952,2.013515889356884
5732,61.478939089007945,1.343229948826088,-1.3016018894184105
5735,15.616915509695474,1.622669452746018,0.0073105725792238
5736,114.07881315839256,1.3146552768091877,-0.3074648586948805
5737,14.335186893279053,-2.3160777325652364,2.861227330572023
5738,20.515928264158948,-1.240255885261226,-1.2408371202765678
5739,13.938741555424157,0.812062555507921,1.813002507843311
5740,21.088249536854665,-0.7310086074931991,-2.658371395177379
5741,21.659962772794145,-0.8918003013895458,0.0284938528487147
5742,19.51314873688388,2.1557851641319665,-0.545032229185461
5743,39.79862506291413,-1.8830163036145784,-0.5820154940350492
5744,62.40617578818858,-0.326951433763314,-2.7344101207544536
5745,46.89044540589276,-1.818871276139272,2.1446548717500167
5746,222.48287381330783,-0.9162256088109074,-0.0097900169957075
5748,31.56818790067287,-1.1071253498582383,2.2746671269354763
5749,11.441710731852282,0.0330551939673362,-0.747683573432788
5750,5.0688932945364895,1.9711075308364328,-2.426902611796811
5751,51.74011394082149,-2.218887729596481,-2.056813351481381
5752,48.89959921778307,-2.443361413259669,0.0349232904268156
5753,10.27318660317024,0.2940758146335238,-2.881467346471037
5754,19.969646127511428,1.5883189247524014,3.0746819657061213
5755,74.02617237271396,-1.2090008701863215,-1.2851508553343922
5756,9.983613583885896,0.7165907602640987,0.3478887451769827
5757,36.28340233385811,0.5672945081550684,0.2836157656958374
5758,20.630099205003784,-2.2799951590032825,2.521757382253293
5759,41.98318484781529,0.270008703078661,-1.2085895955032704
5760,6.443715472426585,1.974575372372912,-2.8154294289959023
5761,208.31942741823056,1.922682646785715,-2.054310910716892
5762,19.73706051672591,1.1003893645791205,-0.5432820609898985
5763,13.829206792548533,-1.405316874880128,-0.5898394904856054
5764,34.032019985891694,-0.4668289657401838,-1.6047293099357218
5765,12.097724051892945,-2.244355536443489,-2.1783224342210588
5766,9.955649387570586,0.6602100379654039,0.4793292076354827
5767,40.35862954431513,-0.5045522195881599,-1.6509637905166006
5768,13.07134496819105,-1.2304101231637736,2.051718137667257
5769,11.351008599455165,-2.042730678730856,0.1896677707545356
5770,11.476301424816004,-0.4012428073291285,-0.2061563970496084
5771,14.11776695637041,-1.7406170035105752,2.2754082979927346
5772,45.97673398612229,-0.6698964411108782,2.585009712568993
5773,5.087791727484088,-2.436944338825239,-1.7854492190707776
5774,31.170198277063736,-0.3519939482323172,-1.5762625700515085
5775,20.810742547200856,1.378162803660098,-0.5244370140005542
5776,12.482722122407166,-1.2527449318391666,-0.9468262601581056
5777,12.25893967161358,-0.352497040045649,1.297275524754056
5778,30.982071202054776,2.291926847521612,0.5372454470399659
5779,15.768746214626605,-1.0751890088154166,-1.431512508096759
5780,18.61334817471841,-1.4194327024186657,2.8035727627985456
5781,59.2823659259644,-0.2507322238427437,-1.4623956076180225
5782,38.73870230029164,0.417046512996068,2.04508451296305
5783,30.18311073355799,-1.8768464176634296,0.0751605131197939
5784,93.45096885387754,-0.0048252858178069,1.5325747947113924
5785,12.375982999965338,-1.170076099723992,-1.6247197742692596
5786,46.51677429580442,0.0632132947153257,-2.3698046319781167
5787,12.35653248739964,1.821744957974695,2.377664017521604
5788,15.456513660491488,-1.937138129131834,-0.4828317933826632
5789,83.22813643024409,-0.175571223945954,-0.6017337341658079
5790,27.31529984502469,-1.1467464404879553,0.9066550943951972
5792,21.33734208516908,0.1189391310142814,-0.1703590868286586
5794,12.629996824537944,-1.9680193438825653,0.5402588918476945
5795,21.193225219102764,1.212414917929102,2.447267302716694
5796,13.683051355580762,0.2214487199799902,-1.250535317271411
5797,90.15691565103587,0.6047017013724161,0.1992627578213809
5799,10.501041172909302,-0.2107141749235869,-1.00678029945569
5800,11.050680615541651,0.0507098874594031,-0.9959653717433928
5801,12.339125482732532,0.5830223517413593,2.5320345511868902
5802,22.09578661901733,2.022307120365782,-1.8705972682927288
5803,33.37354938715804,-0.5414713587323915,0.2909248985622267
5804,10.233058933168136,-1.3686297450930116,-0.4159560694345326
5805,19.36456991911865,0.7547264843647635,-0.9529590443718048
5806,10.303168731699506,-0.1133505469596992,2.177008240802705
5807,24.88723027775725,-1.5512360625841417,-3.080057392635588
5808,19.060264204804632,1.4315789141352109,1.6598518299889653
5809,12.856807222879995,-0.8741581537052241,0.277836041521062
5810,46.53739663071323,-0.9905837896982894,1.7582274742784214
5811,16.26735814841495,-1.4977330378842866,0.6757946321030033
5812,24.25104757370504,-1.1642661717150131,2.48263020593935
5813,23.66591820925224,2.1841572977990387,-0.5195934275708985
5814,15.44902668249351,1.294990587035496,-1.8438321479023616
5815,13.433683130074789,-1.9377443236490075,2.543952129093209
5816,25.301740813170586,-0.5490475095666869,0.2916516608692132
5817,2.474086250701402,1.2570618065963095,2.6810173152449805
5818,12.655448028565552,0.0393340928847688,-3.053807163188444
5819,19.51190201424352,1.907191420869753,-0.5882209883626639
5820,31.95718499111076,-0.9419328278526348,1.2606120971452797
5821,15.484209023867862,-1.277102034258271,2.204954075584395
5822,12.567892039952174,-1.852819490103448,1.4535883792339432
5823,26.43213124326752,0.2761230871876855,2.324125293497962
5824,27.44843875600353,-1.2454182355231485,2.2658991121354584
5825,90.64291291426328,1.8187707088611385,1.9019722451788703
5826,13.997496642749736,0.022122660861505,-0.2382751841196107
5827,25.62665896923471,-0.2335927557546319,-1.1523710089742705
5828,29.03821029364561,0.665601821405609,0.2110836085812711
5829,34.09147502141776,-0.17646786516754,0.2657954046246256
5830,53.20178794483616,0.7588061779926413,-2.817803335452354
5831,41.55520002796965,-1.5496699850090874,-2.583244843253909
5832,16.358007048596775,1.932531894179258,0.9509726497571824
5833,76.37281281160529,-1.791607668226987,1.0004281189667985
5834,19.779851888974733,1.719126516105893,0.4976507284559433
5835,19.394187975283444,-1.171755898892898,0.1083926547727381
5836,10.249761277352142,-0.5035499776693726,-0.1073225598304979
5837,14.869453140728352,1.2983179739279864,-2.097110977962351
5838,112.93290598543535,1.867690477964053,2.1432995905064303
5839,22.483364191655948,-1.045984491545686,2.857767497780995
5840,15.694953812749391,1.0845197765695027,-2.2016406512128626
5842,15.68413258682569,-0.6228980713860409,-0.5543568821429569
5843,22.2947864434427,2.0267114375475668,-1.4091011385727126
5844,9.79357584169743,0.8493322162169012,1.4835229113255648
5845,15.644540620730265,1.0907556410163255,-1.2020729121912324
5846,12.76842266899442,-1.5266071287226524,2.119347120632294
5847,31.63887709612675,2.048396568763107,-1.0224598308951476
5848,15.85830394611866,0.9611269316056246,-0.211712876356295
5849,12.943603986191146,1.20513733785336,2.957143380024199
5850,60.980145284972274,-1.3699418146146514,-1.5211495602681533
5851,11.508773862268365,0.1206606804198135,-1.1770152440923822
5852,33.77131907538838,0.1214317348023232,0.0298449342108808
5853,58.63327060741078,2.388606648215816,-1.5344318559858072
5854,16.67282689829021,2.230559384198128,0.1669021955732471
5855,40.99289155730025,-0.2431029542326175,-1.7891540963248154
5856,12.41582853838285,1.2086777307121142,2.8833533156504068
5857,12.116927137741186,-1.7296383084472091,2.101196772313393
5858,11.129202988936337,-0.1185531806083809,-0.2402337988493327
5859,17.367970024845903,2.3553465963443663,1.1541727445869077
5860,35.784377971189286,-0.7683361016469368,-0.2445189605511721
5861,17.732349051592593,-0.7743640202679266,-1.3938528799637666
5862,74.46834270274995,-1.847962173680416,-1.2791819854546205
5863,10.46948137397714,1.7167289737200582,1.7473666164721335
5864,10.597348948914966,-0.428728134889855,2.7323879889896543
5865,30.16706900051937,-1.177414628032624,-1.108411058649856
5866,31.54915796327842,0.5540295204216359,-0.2177154702555955
5868,78.74289836040226,-1.2084233088935104,-2.2185059064384096
5869,19.75285437869067,0.930518894462568,-3.0808943206089423
5870,11.948437854948782,-1.6424218536782385,-2.621500792972751
5871,15.998728296437848,0.2116550960170334,0.3385514958982706
5873,51.58630122274253,-0.5189770487312899,-0.4429772747764666
5874,11.109284199202529,1.248043717575804,-1.430714157263291
5875,11.21615664086448,0.591506464910864,0.1655190202512836
5876,56.93407863089691,-1.619005875808903,-0.2836398345395928
5877,26.40855963285008,2.4201564658322794,0.2892769587770092
5878,14.94778328545226,-1.2614257148818842,2.6698194856454047
5879,10.940864989781884,-0.9731722131821928,0.8454141552488126
5880,11.428578839485365,-1.7434951020486935,-0.8878194143285546
5881,75.52328056121326,-1.8488495787556896,2.280925546599456
5882,105.08823671408032,0.4451613836536098,-0.4240770799365291
5883,12.170182812188788,0.4224471883050483,2.5539922843426432
5884,43.40072869021534,0.5219275159383294,-2.603585917453363
5885,14.699364147221267,1.9175334397185253,0.5124628243696345
5886,47.93108545801949,1.1918621989927711,-1.3687706873774472
5887,20.05045398745108,-1.1206648032923312,1.571238056611688
5888,17.688044557236758,-2.134222044025852,-2.783054140855502
5889,12.237280219757656,0.530451894891504,-0.3108332318358434
5890,37.28563125672746,1.0062537360967987,1.9302795355154487
5891,13.865943181476954,0.6434446885474835,1.5703659025139454
5892,49.34018375418538,-0.0312940016201918,1.8297154546943504
5893,21.81026639472428,-0.7150439203969862,1.988252470794296
5894,72.53418928544535,-0.1372045457310347,-2.322740643511235
5895,15.20613644940406,-0.2169355363420571,0.3295392076936062
5896,46.72580458528329,0.9461218078436844,-1.5909912285476464
5897,54.366228882319135,-1.2090501618664842,-1.2786811407900038
5898,70.41585243898359,0.8770425888969942,-2.6691089546182
5899,11.213052282799136,-1.87864321746258,-1.5951840563363784
5900,15.997033856240522,-1.2922593115667762,1.5634869968141385
5901,10.550529441958544,2.4215605446814386,1.014798319392984
5902,14.853747158963609,-2.0044570747823696,0.8187074071476871
5903,29.651135738077983,2.3164139493057383,-0.2155978793007671
5904,17.13351011761715,1.4389572942462905,-1.44943861139713
5905,28.115547987479687,0.258188244416271,-0.1912927933945729
5906,12.449379163368674,2.143335975488907,2.974031169178986
5907,10.652350977743618,-0.7054350964186827,-1.4451516523826775
5908,22.946811437186323,-0.9448624242498528,1.8010586348817292
5909,10.816545907330704,-0.66487033316462,-1.0152116782517258
5910,20.43910491754372,0.7451381868276993,-2.0793545564969254
5911,27.600173291858663,1.795459828948309,-0.7049726200273496
5912,105.4206913245464,0.4249704193891177,-2.493461769598172
5913,21.59272696059163,-1.800833395734665,1.4659908652767468
5914,10.237900078186048,-1.0937211680351184,1.8023097288710603
5915,19.25597278977872,1.2325116359235126,-0.5849443679007165
5916,76.74688631181529,-1.2920756933793016,2.557632932668207
5917,21.00357400295993,-1.0558119770606154,0.7224588637495958
5918,29.022124465375185,1.5300694776540038,2.31332887774054
5919,56.249850492296495,0.026906153142005,1.2757547499845
5920,21.71864452060267,0.2724836377935742,1.3702495150344844
5921,74.36637130428497,0.5539905248584032,-0.5329737122043223
5922,9.891044926247044,0.1293913185168115,-0.4826430609920688
5923,45.43648894784561,-0.1349268330622258,2.5938324218396174
5924,16.45555033428849,1.31328614208004,-1.4420390296763983
5925,43.34411521087648,0.9141495997613296,0.2750313649043264
5926,26.79777703934681,-0.8112358917062672,-2.7468114688366887
5927,12.557643933607656,-0.8218867015084321,0.8505537167745304
5928,18.59682746471509,-2.007356822345949,1.629990355452858
5929,30.54575950717521,-0.5014748276746462,0.527069150799541
5930,37.61483482009651,0.6427701062712329,1.4600444967435322
5931,9.167943884427608,-1.3872292798193475,-1.850787194372792
5932,8.888187670870435,-1.3990281135418732,-0.0198667250523335
5933,112.51024956918872,0.8730281328400231,1.519364768707437
5934,20.60687701974805,2.2347468258988967,-2.376921098840979
5935,26.81447259224883,0.4875653136594832,2.202542235639428
5936,18.547600702172574,-0.5978724914608075,-0.8361225038052323
5937,24.941866469172616,-1.3179648386230869,-2.3508438075201528
5938,9.763185559973865,0.2762357988260334,-1.1306844953473718
5939,65.74344810851844,-1.1571134664586862,2.016024866581768
5940,11.083028428449408,0.0319488643380772,-0.2448228209892529
5941,59.43586662188682,-2.473061127024102,0.6851711062956475
5942,54.28709574138288,0.676335234052262,1.8318907608537465
5943,129.03453347303596,1.2445409023587777,0.1222484042686605
5944,15.194445793117412,0.5237580845297832,-1.4420321685839204
5945,33.07256524377548,-1.5353929920586686,-1.1979535730185742
5946,16.388392031629017,-2.372037837895354,-2.518154563648112
5947,23.18180506190805,2.1257695098138387,2.678187620240448
5948,81.90320530193554,-1.9583424399108047,0.2732679350850897
5949,10.294733035523114,0.5872507748734644,0.6789276429303726
5950,10.714552957936895,-0.9475559426912342,0.7875380155576697
5951,13.35453125853055,0.6560428985432043,-1.3453544600503986
5952,30.85436737374714,1.3823319778870269,-1.1675383246186888
5953,16.034318463396218,-2.0783384759991,0.738457653329616
5954,12.30108116853216,-1.6773287271107384,0.8983623615216577
5955,10.849469632082462,0.7102027089298748,-0.6941622800005487
5956,243.08266539060315,-0.3780959537767281,-2.9867304464571425
5957,27.33743839537412,-0.1752466806718513,-1.4991497489106778
5958,24.064541238176744,1.0015357601911143,1.4613483712482105
5959,53.37390510656786,-0.036704542691809,-1.6718261304336128
5960,164.32584107945755,-0.0812858527655256,2.6061703217451773
5961,18.723547750558417,-1.542031014292945,-3.0673719748605253
5962,12.702250382358235,0.862595308873896,-1.648670489952302
5963,12.437404383948746,1.3881656572777217,-1.2965766987291083
5964,18.229617849301217,0.3257701298793348,-1.552535474985194
5965,10.108289557794938,1.27009894880722,1.5456985985577392
5966,10.607044371153371,0.9309622330164684,-0.7069676525255995
5967,12.450064620485511,1.9661612824228505,-0.0981890553699372
5968,41.244197327562055,0.0870311851557068,-1.1115001404235458
5969,24.52848384756365,-1.3854387644329895,-3.020714880203071
5970,24.239735789636395,-1.8163935110669565,-0.7454018779944716
5971,19.39687639363595,-0.9740413895440806,2.1303755789463144
5972,30.88746742292157,-1.283060244050589,2.037254960038396
5973,40.59620304999534,-0.541666763404143,-1.2080280298827013
5974,48.53123761273721,-0.7676925707573461,1.383317475030222
5975,30.68202113541613,1.7749389825708215,-1.1936495477854625
5976,40.25191324926962,-0.17539444605308,2.7498551626548404
5977,41.71564226595572,-1.92673204115446,-0.2263152953174092
5978,47.08890668857839,-0.2434410422016884,-1.3401819009310474
5979,12.924133547479457,0.20326907633609,1.5385651457924363
5980,12.50295378898728,-2.1205048687226062,3.1232756690891974
5981,10.886970454936302,-0.8604717087712377,-2.353733774462168
5982,12.3381318156072,2.3676709512963123,-0.7010387866290492
5983,29.43351710180909,-0.5610157525622419,0.3598132176873546
5984,18.59756282987876,0.220174836522735,-1.3117609806512662
5985,20.28028536061028,-2.171523323116723,0.9564613355454632
5986,91.07636612560586,0.0210307718380027,0.6401788892738547
5987,34.945918925676644,1.725315837952941,-1.7799917267734109
5988,40.77143747476477,2.499187417400067,-2.1097586273896014
5989,15.494724940866025,-2.2890639322463846,1.7263503052976532
5990,10.27348890947066,2.160659865771922,1.9674787284598287
5991,15.990182340206198,1.442426261723318,-1.996601851312988
5992,17.49332253631461,0.9065490041124972,-2.9451380935841955
5993,10.755792083793112,1.41896935393855,-2.0749985671292914
5994,45.76241615961197,1.4827348676595111,2.200553313779894
5995,9.176956799189096,1.5604705617052397,-0.7890802442416432
5996,10.961797708730646,0.4644040076935126,2.678725103370767
5997,56.092783760555,-0.6126602128186948,-1.9084241431026845
5998,21.73150045406933,-1.1834640979760442,2.8507393241839862
5999,12.508935361495366,0.5920719142200914,1.1440609120613554
6000,56.59277653620184,1.8403174423760795,-2.5211475186320698
6001,18.91112634184121,-1.7808506446163666,-2.5572748363027817
6002,15.2289882123002,2.380878879961005,3.053629760980697
6003,13.14176076831083,-1.2673076086257389,2.307187676697506
6004,32.374140796169264,-0.7516764064565723,2.767189854684488
6005,10.807778700225397,2.057971486616784,-0.7288679392112546
6006,15.8903490584189,0.2485346782838089,-3.12988737192859
6007,44.39390497406468,-1.333578276631466,-1.2030420422398465
6008,28.41648184556633,1.426143200645115,1.266183880944287
6009,11.77452475661551,-0.4190595364858421,-2.677005934701943
6010,14.43955167161297,-1.9930379487696843,-2.3026315643934163
6011,12.778895572281668,-1.5001539254907807,2.2559568690981955
6012,18.91137655619001,-1.5165545811228067,2.935150292724744
6013,31.51297149204704,-1.272347171416918,-1.3425914617019272
6015,11.327940581667372,2.295077512616236,-2.5946118624013104
6016,12.835309486289296,0.8366990743848992,2.39004269786458
6017,11.91943189298604,0.249533599891413,0.6227472889912128
6018,11.274054087493472,0.7020139669591017,0.5047789781935194
6019,51.15464850503137,-0.9960083789458076,-0.3813712854267709
6020,41.219874772680576,0.0015629790442841,-2.6554864184951232
6021,16.265062861675634,0.4126693107503666,-2.1329044659583665
6023,17.77454116827322,-0.991326132385998,2.3330837778163924
6024,12.681380576143496,0.3314998515969585,-1.8616210452537805
6025,19.88369774549027,0.037092292435451,-2.949262418003414
6026,21.915362470769765,1.3034654203893683,-3.00025656059255
6027,12.15700410333989,-2.241848668573622,-0.5237612286130089
6028,24.803743690932627,2.117918723215014,0.3074476018298656
6029,13.309038610367322,-1.491023959730045,1.0446362581485749
6030,14.958793378279118,1.7313274883062428,2.412595001991604
6031,13.372143059197658,-1.2653026252734632,-2.6520345562686467
6032,28.483175989342566,1.2988859557479338,1.1209275267486143
6033,8.925648593850832,-1.3826378538601338,-0.72013807288143
6034,22.22721461298945,1.168100702744727,-2.4351611805096574
6035,7.62657662017108,-1.1573652880620278,0.4910898953781671
6036,24.99674208538812,1.1024110866246717,-1.863757909822579
6037,9.67119822619394,-2.4913207691861903,2.968788931803352
6038,16.651920802960802,-0.2433329917277322,-0.4279487504891275
6039,16.685236279694394,-0.4201753915895181,1.0832081100448858
6040,91.35402552185089,-2.108077849494734,-2.490295385587208
6041,59.5113367756887,-0.0008814499613989,0.2027196039831475
6042,14.94191328968539,-0.3090135386862471,-1.43849924542026
6043,25.335872078789222,-2.043970800262652,0.9581540994549844
6044,20.748465040751817,2.00664460065696,0.0505702183944141
6045,32.411083147087474,-2.401411750193542,-1.693866240998474
6046,14.9741177981123,1.8855073994142344,1.6849348409589109
6047,30.106366463727024,-1.3331454800247469,-2.577932771891508
6048,30.1785421932928,-0.0833673259437283,-0.9303618929151536
6049,42.10435981888978,0.1353752072040883,-0.4359347673909237
6050,0.8343515491687018,-1.217029691592853,-1.5863151832482607
6051,18.437331172470948,1.176200682012268,0.4574004006747309
6052,55.17685351232609,-1.31739484019545,0.7112178722227527
6053,137.53536899061874,1.154087089147532,0.2774381555221672
6054,24.14127585580193,2.4114051816936657,1.7191001346272632
6056,80.31860061286993,1.0506658721843247,0.3829335423652563
6057,63.50953750927832,0.6415878641107023,-2.280162403008592
6058,46.61597035928323,1.479258547096174,-1.946825001366128
6059,21.315359610521448,2.050155777374877,2.578916618422564
6060,41.17210951282086,0.1625010876155291,-1.4103220507948089
6061,9.780784768254575,0.4207894291362979,2.7437232545020622
6062,12.081065188713843,-1.2096132683966936,-1.805934248303725
6063,40.42089340037929,-1.1341731030279734,2.515224933153676
6064,27.571627090054115,-1.696748866344923,-2.220781385182703
6065,19.504158524939136,1.2066762659240289,-0.4819335376970923
6066,16.752709542262732,-1.2574914442961012,3.004401858749468
6067,19.602006116736163,2.0794701295627367,1.2457505132610749
6068,44.931103554773976,2.23510811736186,0.5672576007071706
6069,37.72112355249739,1.0336054970410469,0.5752563903806824
6070,20.578225274181783,-2.0733687112260006,-2.817622392075412
6071,23.72645600356052,-1.1068808917570676,-1.0385335280418473
6072,18.20874319748464,-1.6782145558815145,0.373826630387479
6073,24.48643861443386,-1.3623727458394923,-0.6547854421325312
6074,37.14692044823615,-1.4192898113043035,-1.256589173561093
6075,17.249691518661848,2.2037607969576625,0.9004436534360434
6076,17.691849767402957,0.2027861169031228,-0.4309101673905283
6077,91.8762618973956,1.0598323609914937,0.3581336659061105
6079,13.889218232869018,-1.37100755495282,2.1509529835328087
6080,10.15057664016916,-1.989316581820158,-3.034060986646352
6081,16.177257438626917,-0.8723275957020983,-1.8348802289687336
6082,21.98205593848904,1.0281204163160171,-3.1362568486248645
6083,13.30307131350992,-0.7361426759414657,1.7118013888450103
6084,17.05575195084539,-0.2841909708472178,-2.095055912521952
6085,16.297548807534305,2.2538182634682937,1.9193661368607864
6086,24.595908885958565,-1.4874422659780084,-3.075846282330293
6087,19.70518708287164,0.5496967317596373,-1.6599320299237197
6088,19.56280172969496,-2.0796220601143287,-2.382274673030364
6089,45.02465407085717,0.4545709444052825,-0.7215063542540571
6090,13.355583488984836,1.752263751389174,-2.1900755799571594
6091,17.500654891658314,-1.6445841648742567,-1.7356997688764764
6092,21.3841564168652,-0.1164128527854904,1.4442311741491152
6093,13.35459442100507,-0.6460360255369909,-3.073436955087185
6094,19.57808889406488,-0.0527161060812168,1.5647820809438973
6095,87.98569006509692,-1.2398272846929237,1.3399588177258368
6096,11.282530373097943,1.6611636236733236,-1.072824335107206
6097,32.38596748190487,-1.419272878383016,-0.1820139009080849
6098,39.06179876541113,-0.1336231294164967,2.8910261436203104
6099,92.2122494163851,0.5711292163431732,-0.918392847794143
6100,16.342868569876178,-1.6686162485583964,-0.112994270887746
6101,13.934759802606363,0.7652161643326606,2.307351245215058
6102,14.472474262807946,1.4155706841778677,-2.9334666669227123
6103,26.257757874302527,-2.297653658717078,-2.7032305980719387
6105,10.032216587510602,-1.7267742585521868,0.6444794811575791
6106,52.68889414362551,-2.390152301991971,0.2416267641126728
6107,49.9331242896117,1.9906589357766449,2.5275135630669885
6108,15.663994922767351,-0.4780601424552133,0.6339745275074121
6109,9.81551859761558,-1.5075923745123214,-0.088997967854018
6110,12.56950761162441,-1.4615095657451576,-0.7031617221079371
6111,30.867053898523515,2.436592960871954,-0.0270987356655164
6112,42.716753800152986,-1.3648034616546327,2.44002242430744
6113,47.554239794160566,0.4943182154361049,0.5617485485520747
6114,225.1819339205536,-0.4497934055536282,2.237478941987077
6115,11.66130073529469,-0.7414948375250154,1.2335296085808904
6117,29.231621074920994,-1.8532444581897096,1.8626857841092208
6118,22.11694879938974,-0.3504470030704688,-1.2099470818548057
6120,11.193851258122278,2.0057030780392986,1.895568844490668
6121,53.67999406831284,1.433192279252066,-2.676748367391794
6122,14.312606027403604,2.094400552804376,-0.6232261279616068
6123,10.51185728666299,-0.4753095239814524,-0.7443059795697552
6124,19.77394962769305,-1.2798544731420405,1.9932027600539144
6125,26.907531944000613,2.303487951674806,-2.5414779976777866
6126,20.6800742314689,1.9495807670202023,1.8400207341274148
6127,10.03646425686112,0.5257226777690331,1.2172084506709877
6128,37.979195907019225,-2.2372041513677776,-2.4499855555175314
6129,146.49248590786286,1.004256264496191,1.297324392678287
6130,24.01486751485898,-0.5685695673244446,-0.9547410899393508
6131,17.453311177370743,1.9672243808442225,-0.4098081678889897
6132,100.31807734759852,0.060020988486345,2.218983994335773
6133,26.73246235618549,-0.2052842203124313,0.4265915440999184
6134,22.202761328332294,0.998770335323607,0.1318903230314936
6136,11.745353884927503,-1.0579377255145712,0.0759975096041809
6137,10.241162760912577,-0.3795173111039333,1.664748149156301
6138,11.471795042068518,-2.495068056212799,2.948030833210783
6139,9.908420003435571,-0.923858193895825,-2.3470224007985587
6140,39.2285176993612,0.0903421584249889,-0.2421877043791133
6141,13.267127111410511,0.0315261220963394,2.783670235970865
6142,17.258876196927865,0.4968547004100616,2.102640709370181
6143,87.16238026653137,-0.5359617937963043,1.7550084044005156
6144,75.12147822406178,-2.494715137854762,1.894191327063235
6145,37.29803336032477,0.602172731609399,0.4078876850838168
6146,35.705822697947504,-2.1225860731455906,1.693246364100937
6147,20.40680040234623,-2.3364553624707645,1.4149575082245578
6148,9.712135561079709,0.8687760379967467,-2.5045437096130025
6149,13.670223000962787,-0.1205303093630712,-2.117417705868477
6150,83.73475257547815,1.508090180223038,1.708578414194746
6151,20.766565025282745,1.669691699528398,-0.975413273060429
6152,30.34524420007332,-2.0235841292769847,-0.4510065935070179
6153,12.474570130126944,0.3498119167202669,-3.0515500935375046
6154,19.97837631219253,1.7479936271389236,-2.8837300132062755
6155,10.155073401190691,0.0434055457256924,2.348687671524973
6156,28.97298668427706,-1.2316966798550943,0.9747510429506576
6157,38.16213883546526,1.1326749895270805,-2.9973831878466983
6158,14.949404311610596,-0.2483551752839463,0.2814687822413088
6159,41.36671112159803,-2.153996163234124,-1.1921278757924003
6160,93.75192482029884,-0.4278909386822568,1.1529081444672682
6161,10.86122493538263,-1.388419729947029,-2.9264658879107444
6162,28.883335470677327,-1.796800070922026,1.4859957254720686
6163,108.96130320428888,2.459910176320132,-1.9261407035033984
6164,40.86774138331307,-0.2296882358786662,2.585138844693094
6165,115.90631949826704,-2.3498630099107345,-0.0248403424558891
6166,10.45332160911432,0.6802710916691665,1.3274423071327155
6167,49.95367257345074,1.852454564784659,1.4818562506771509
6168,223.7707037877477,2.083480301081782,0.2900457628956415
6169,37.43633503550609,-2.190970298068501,-0.4596661101103637
6170,81.12081672712915,-0.6215565016548047,-0.3595492688833159
6171,23.707330341755195,0.1845189727177896,0.1841798466813521
6172,11.907289005660708,-0.3690806871416425,0.914345827609946
6174,21.1758983378117,-0.627250177913417,2.138907086062088
6176,16.19227497984167,1.219598650599916,-2.314922883726972
6177,73.09973399394634,1.6262922025323416,0.9986741156660726
6178,37.09553810966741,1.712260514833777,1.2613257074371116
6179,36.6652749819654,-1.4472794850372912,-1.9460535120529752
6180,30.641441927694828,0.7410216807455403,-0.783498925609326
6181,63.13677671639667,1.4881888459238055,2.580646771267631
6182,92.67275006212462,1.590307793610647,-1.954936409771276
6183,32.05842697444509,0.2888784495145233,-1.9815590798286744
6184,23.811663396237744,-0.741615998599654,1.1418441579001422
6185,13.633965331809527,2.07774115219053,-2.533611079141275
6186,121.7777523063723,2.3575430637274843,-0.1360986535853346
6187,13.591589377288722,-1.733367998065564,0.6146865695468607
6188,8.271106011682717,-0.7753542494502887,0.7820862986831215
6189,19.53476613599809,1.8362938272072509,2.223555073895003
6190,12.648753074836252,0.3338228618004913,-3.011727490404147
6191,31.637618181248502,0.1857707998910313,-0.7215109304853341
6192,9.510634717164391,-0.7545363634198643,2.5757362297344044
6193,14.648597887808409,-0.8987166184128177,-1.03683048829028
6194,49.86818119064261,2.478321027878632,3.131630363047197
6195,11.84563118792335,-1.0885462041019027,-2.871633080699096
6196,13.471419112218166,1.689591495160256,-0.3147953550556996
6198,54.60102814037937,0.2072724595934731,-1.7361779740433985
6199,9.613972248593258,-0.5985494213589194,2.435296238406093
6200,15.746256115567734,-1.841087290739107,-2.083723131017944
6201,25.25271030636217,-1.7140891570530636,-0.5594429471633428
6202,10.3376738798078,1.669509760866866,-2.538543253979116
6203,13.00531234782738,-0.3006094607473796,-0.2043434024567473
6204,11.403284960302706,-0.1341834315870921,1.875239247788424
6205,16.914935345545395,-2.060152267472914,-0.8994792588182914
6206,3.0977774902906825,-1.2658467956552537,-1.6657790290185104
6208,21.455307145383063,2.3907675763139493,1.6309962907712183
6209,27.79862279761365,0.8459900966131155,1.4759495002473544
6210,12.70936533089622,0.3111275336820178,-1.7617481099111818
6211,25.9683624924252,0.5379877018343541,-3.007890068129913
6212,25.9135932131138,-0.5117873220452808,1.868416858279748
6213,95.59106093606424,0.0846372577275426,1.9501193115720128
6214,18.29851958253468,-0.2710168760238093,-2.979909018326584
6215,32.733157699181454,-1.156461883786155,-3.128341600607073
6216,12.096604261064073,-1.419369921379411,-0.6967225727820693
6217,15.356026437200024,0.5534421139516914,2.8596834836941984
6218,30.192756745779587,0.9102927945423954,-0.0062778308201283
6219,14.719722699563592,-1.436253176573533,-1.861091590933352
6220,17.24069918059296,0.1978421248091788,-0.0048542728506878
6221,20.623883686201232,-0.8675056628237592,-0.650451502850091
6222,12.504107870871524,-1.7022258585218055,-1.510609770339611
6223,12.35691998140918,0.9232367430268512,-1.3772221162362446
6224,33.60796663625217,2.21072003002736,-2.439697672236216
6225,12.869594192964003,0.001258254012163,-3.1307299346090884
6226,12.399630837406846,0.5295125859044543,2.5361194871352475
6227,17.76428138770742,1.1783713970704557,3.117804401640432
6228,15.38029106900078,1.1018077964037172,-2.751690145414083
6229,86.23406818466881,-0.9467419950836784,0.5020407780747465
6230,10.130655229608584,-1.912525952802419,-0.235102052746567
6231,13.263312658904123,0.6741452653101122,0.867216630352716
6232,10.203716048831495,1.6671315271290914,-1.3646581993665454
6233,11.709666855923675,0.6234436890048769,-0.3783710844955572
6234,10.918587267092668,-1.699061525308103,-1.1192530917312964
6235,10.962076636562122,-2.101950055070932,-2.7303612565709097
6236,13.826807908275963,0.1955212409164551,-1.4641262185009418
6237,14.619761154397615,-0.2796551048737024,-2.950318704167082
6238,21.5392461281878,1.8493472954070769,-2.189383225162504
6239,32.927782650732496,-1.6046400315671288,1.5965402584293402
6240,31.128917170413885,-0.124258766815215,3.133344506027721
6241,10.204872044292587,-1.8991261044939305,-2.1861331630155583
6242,78.04022607281419,0.905857220471469,-1.663098831862583
6243,10.606453358396315,0.5509446609029788,1.6366007050347935
6244,41.82789044597678,0.8952953836598597,-1.9357295088982904
6245,33.08418315691241,0.3291400365225712,-2.0262544442913897
6246,92.83011127829536,-0.0806481215391101,-2.015941883791273
6247,52.872737936461945,0.1569940721631416,-1.6826981964546726
6248,69.68328665266647,-1.41032454065124,2.7257606761535453
6249,114.08227917862328,2.02990199494926,-1.4044639882351673
6250,16.864849091399265,0.8799848997142838,-1.8132594821291808
6251,16.52947912971221,1.0676645467731285,-1.176125297296394
6252,48.04178684989741,0.1569031109908216,-0.1968993875754137
6253,23.26973136447542,2.1802811634620696,0.5318640761456377
6254,31.53327136250672,-1.053433470391339,-1.383286385238886
6255,17.43332616053606,2.4629607201830868,2.325839026696064
6256,93.5613636619427,-1.654289463768865,-2.575858831212369
6257,29.01219605724016,1.6012026235075976,-2.984105522218861
6258,15.900906074063853,0.4828338774090713,-0.928713079701083
6260,17.586112485064,1.997320562939116,-1.877578295054216
6261,15.87129756571067,0.6324390523384269,-2.078728929758935
6262,19.53053615066932,-0.6058765499175013,-1.1233408470495667
6263,10.680561204640426,1.2432858249617147,0.4807463785725921
6264,16.95248808166892,1.1157808257580315,1.635476931356911
6265,32.65034038403183,-0.8977330651286671,1.9760993354263343
6266,11.377598441316584,2.1170934451317343,1.3201326392857349
6267,20.544541176992347,1.15194838647447,-0.1843967137698665
6268,73.97280602983899,0.9870696280165584,2.5618796131268544
6269,31.79081263277345,0.3050741992865857,1.820081735086972
6270,27.292945412464075,0.7874295773614154,2.767231779695327
6271,44.84924639203298,0.288837395817092,-1.7772355531038306
6272,30.621592341790866,1.9772608881248857,3.015421424008662
6273,15.138890741787211,-0.1883394198161392,3.0905224813799244
6274,19.33407995598528,0.967108112305205,0.827164071593596
6275,15.570207245594275,1.1555249223915818,-1.945128206381768
6276,17.641800145188142,-1.9253628177739768,-1.420203795736985
6277,14.178007016740134,-0.0544815110069716,-3.0110282980782728
6278,13.831824511176988,1.002428849118664,2.8753004020464563
6279,13.125102225151284,1.9025559034491213,0.8361692041103382
6280,18.21081494914715,-0.7148857573305125,-0.3951145699630904
6281,14.387101772417695,-1.3044142305023367,1.7614095119050677
6282,37.68048098407488,-1.4718725527744208,0.5448097877664053
6283,55.07892601698404,1.902145661029168,1.989729417680212
6284,17.789659413417194,2.1377213503026,-0.1950849059727096
6285,41.8203783928193,0.2292734411596053,-1.3988750052708825
6286,30.90342130945827,-2.4696835530322456,1.2866510330444203
6287,14.35392248788927,-2.0846128177225154,-1.840342901751725
6288,92.48082827234911,-1.3140365569968644,1.6220027000842536
6289,33.54729914713969,1.712481862744368,0.8888290525568799
6290,10.260033713230786,1.609704308220333,-0.3707413301392669
6291,59.42074148578119,2.421888300808764,1.5917416518696597
6292,16.383891245633887,-0.7531438821630011,2.2509223399888487
6293,20.302816510263536,2.3954612994098734,2.4065673333169744
6294,21.95010751493751,1.3244687822980374,-2.546838340868784
6295,17.33619007958801,-1.844547482126588,0.9227403920507992
6296,57.62041378238085,0.9027245368961708,0.9919113839935072
6298,12.635555453620924,0.523459746376003,-2.5545778901508003
6299,6.803896898368186,-1.702742503035777,2.9648375533015874
6300,62.24225149028235,-1.4903603513777086,-2.0528631157918564
6301,12.578138163036222,-1.3543169584371164,-0.7306300912832439
6302,11.651841430331777,-0.1083914749378825,-2.2117320301228767
6303,20.177614306716915,-0.904490990554519,0.1263908204383184
6304,32.99730489393185,-2.312192527609508,2.370725457437926
6305,14.700013828515653,-0.8246158635881825,-0.8896085443161122
6306,19.288613831854363,-1.1656360085010675,2.0386138379932595
6307,11.5554446546404,0.9978390454842576,-1.7362654601855327
6308,150.5426909739016,0.6862143957735245,1.3334031379301832
6309,43.60702466275829,-1.7882820421529182,2.7886438022328064
6310,18.519561816556777,0.0182772152199422,2.504002940358368
6311,12.319666481206784,0.3052044410789239,-0.2335003108598778
6312,20.86190501829695,-1.336539413802636,-1.5219856425551008
6313,33.579207778059384,1.683784895181855,0.6540448889535526
6314,88.20339714182478,-0.7835790520791016,2.848931842007075
6315,27.99337812400928,2.162740922218896,-1.371612264290722
6316,47.2168517738957,-2.062549323985956,-2.747809046332584
6317,5.671558527853684,-1.9156035352993788,0.3983313046388416
6318,22.94778502740924,0.1144084925437781,-2.635717092964553
6319,13.104866161031444,-0.2523743672686133,-0.9366513278706706
6320,14.290943913193573,0.6117238498591936,2.225740893738868
6321,10.88904463679511,-1.3160693939162706,1.3667438008336024
6323,76.63010467361875,2.377011935040835,-2.8954941184873983
6325,10.57341412156764,0.8611766260573159,-2.502017898319289
6326,24.360611545900664,1.305046602424645,0.2494640904625379
6327,23.64777803176901,-0.3045537330315888,-2.827728037603414
6328,16.851583150795854,1.9587415204813523,-0.1508081960777781
6329,43.520856492117616,-0.8625274163560913,0.8339380573854557
6331,18.03565775103605,2.020573204330716,-2.4122664514973566
6332,45.77062556448325,0.062781227120631,1.4212673729374576
6333,19.36751457568337,0.6507263675085735,0.7899529395358876
6334,11.306415171114764,-1.043191095767798,-2.395663124825936
6335,22.81464150895996,1.1463795841115936,1.4785059070263773
6336,29.776826171798927,2.2624286268049536,1.575037777328287
6337,26.586525326579423,-0.539213379721518,3.10398016315257
6338,9.906104143686605,0.0120793564848038,2.162832195027551
6339,71.53203324982793,1.0646657482987854,0.11811467612051
6340,12.488075972960608,0.5440283974705187,-1.9179609274134903
6341,19.642568167612776,0.9745230761171414,1.81980105689264
6342,83.38712747682472,0.0849842031808114,-2.2906402651186
6343,10.34418441634064,-1.956326236186016,2.532213929359317
6344,46.83499017259773,0.1985741922822916,3.0194742230912928
6345,13.725346870101038,-1.71596114633869,-0.9626804335861788
6346,86.17902470117197,-0.8395369707918734,2.108218633319715
6347,23.20185614944021,-0.5749336622024004,1.4241767443162745
6348,22.972549188600112,-0.0834337388239069,-2.359175157143929
6349,26.824918120898825,-0.6284592232951413,-1.1161123360006835
6350,16.936046285403197,-0.9684174819508526,2.364124045669391
6351,16.54032005795911,0.3072043473952146,-0.5060465086565548
6352,24.46882331502896,-1.6803967380649805,-0.7239542454426455
6353,13.401758756103805,-0.6497112812660746,0.5365446806265745
6354,101.01800299991426,-1.967603316955475,-0.1243847733102907
6355,7.886331220662009,-0.6445000608397354,2.882655632252949
6356,9.367070737273009,1.349818805387227,0.3973037122091297
6357,14.693206522000136,1.4879785699840111,3.055061646794289
6359,19.74349223657956,1.481985335895186,-1.961840650589697
6360,18.07721708953255,2.1700183781499267,-1.6346322199840642
6361,31.21116614671238,1.7312718819303812,-2.973912728137005
6362,17.729919464790342,0.9956575745213452,-1.4057246954426117
6363,54.50191084543281,-1.3653068403535158,2.5185294662871245
6364,11.82885638216749,-1.1422039563732709,3.113114969818372
6365,64.71879139330792,0.7379213362145421,2.98436400315973
6366,29.054027342265428,0.551530916928275,-0.7592585889091165
6367,17.66651411031107,1.2526300654279543,-1.4576546793429703
6368,35.62394343867291,0.1705736734296465,2.9490019862242822
6369,17.327699356100535,-0.685560268136689,-0.9338443079099134
6370,43.4986118298943,-0.4516041787287658,-2.170556293198284
6371,95.01884247517587,1.714422178393163,0.932383243339452
6372,24.284843638961352,-0.3140135636484415,-0.849684124958453
6373,26.34860136282204,0.9923006346941038,-0.6489074411320197
6374,18.167493550631782,0.6602204770587872,-0.6560913280636751
6375,17.379889757173682,-0.9260425315405112,2.11177333406008
6376,28.525500061631163,-0.0658849473371672,0.296618707926631
6377,28.894533673793703,0.7812623683220429,-2.460146368972516
6378,18.62902342658196,2.0489254890403497,1.1083125966716458
6379,12.545285632051714,0.3921228011316512,-0.7349402149240621
6380,16.021945777989064,-0.5040750455140984,-0.708271636698852
6381,20.97156063569569,0.5089284586004088,0.4517224153284055
6382,16.24919195175946,0.7195095286824748,-0.1558006492743674
6383,45.42258923212102,-1.1507440684891137,-2.9548382120492094
6384,31.39162551639151,0.2343876672179291,-1.2479781957379477
6385,17.255775960810052,1.061124367170433,-2.1308502825689413
6386,25.584571288857827,0.4866628952684815,1.4115779140548368
6387,32.7928745663528,0.2105838226508161,-1.4267726535756615
6388,12.723770730244956,1.3086526205957862,2.735342202844085
6389,47.14682007026961,-1.1637589468841565,-0.5069652540615786
6390,19.913004648943847,2.098413941293556,-0.7582824024563484
6391,14.365970459151766,-0.9328797274568056,-1.1675279291127454
6392,24.276236816763355,-2.0352413375300644,2.956213375029832
6393,95.69602498247288,0.4099194623324587,1.726088184239686
6394,29.17508212520611,-1.1578518483061264,-1.6342251004692867
6395,18.50448624466166,0.3687719974663546,-0.8270621233091967
6396,20.84568572382982,0.3712059766217475,-2.6926406085605694
6397,14.396399523481277,-0.4196186155977604,-0.6440801846345854
6398,18.22563175279896,1.4640023329975431,-1.333982959523279
6399,53.47637250671526,-0.2902419322479312,2.2945940520256367
6400,14.305366787913634,-0.875942221232834,1.4167376193570935
6401,11.37299117515708,1.2087245258680666,-2.6347340092782363
6402,13.918873925414232,-0.3569619309035921,-2.0779422232827263
6403,25.57988985147008,0.5474161647322474,-3.0547465762231667
6404,129.9594196256168,1.824968839918044,-2.2309119913814706
6405,17.25105840883063,-0.8246388716321484,-0.8061400554513029
6406,16.6792885498369,-0.8861865955854317,2.1896688729695133
6407,29.45055438035185,0.3847845476271964,-1.8946603920651115
6408,75.5588256663129,-2.466222288735769,2.4937698933234578
6409,17.70195452253371,1.6055548989625703,-1.3141604840349037
6410,25.66684644857256,-0.5017730067889975,-2.5967342558511506
6411,32.71212863323956,-0.0505737851910445,2.893291876725846
6412,15.936672966680236,1.4641220660135277,-1.594951584316305
6413,33.214464533667446,-0.9886313498639124,-1.6983667008981085
6414,47.41260965759244,-1.4865250135023638,-0.941496734692217
6415,12.431615395353338,-2.2648080835846702,0.6476180163415748
6416,28.295491994254544,-1.220393380959175,3.079555661537875
6417,54.87620139805906,1.4977639307315986,-2.29980382703367
6418,13.02280225991204,-0.991691397868154,2.332027456888393
6419,23.00256107412271,1.9660599494731577,2.2540319272535867
6420,28.442763250781454,-1.2266769284461654,-0.7850499817866807
6421,30.339331973595502,-0.4456341988084783,-3.07737111369074
6422,13.014774806200576,1.599339910467113,0.9906039510569616
6423,10.905009381588048,-2.324017593786877,-0.3828050588001074
6424,8.117665522911064,0.3327587490851029,1.688081202176666
6425,20.940953459972484,1.2203760421060343,0.212685566210085
6426,72.66685490158149,1.3069379961243537,0.4451033430269747
6427,72.10779182110123,1.411578054898091,-1.6246717046172268
6428,12.49544652149758,-1.6550961749205644,2.7494941802164354
6429,64.43941562580216,-0.8220104351864636,-1.178996633031525
6431,18.925367876711004,1.1202145091557418,0.670578539211473
6432,98.13566091325094,1.654368966709125,-2.4189782859264817
6433,10.167471549676453,-1.0323772234883597,-0.1181636797567658
6434,28.656574680707408,-0.5254178202527221,2.149791355474364
6435,106.57181471596888,-1.5553748695323637,-0.0795070188453906
6436,30.24298624545801,-2.239374749806411,-2.90760998447756
6437,11.028285821622829,2.213984716653322,2.2073000266406426
6438,45.30775257804051,0.3863076624313032,-2.016829428490331
6440,11.935019727584695,0.3977144081849347,-0.8762482347091519
6441,9.608294436036836,0.3340556574743314,0.9951349898838202
6442,16.84814154996195,2.418727519033824,2.498798734171861
6443,34.622043535209485,-0.722768247449085,-1.913637424612893
6444,5.622055310622449,-2.075999469477763,2.181653923511941
6445,16.98512295365175,1.4783226757505494,0.9451968690635384
6446,57.256442987613184,0.507515609280317,2.389139302127084
6447,18.11365713014762,-0.6290151658304901,1.6976250498600474
6448,38.35767685061284,0.3049745086505621,0.1549318116750158
6449,27.32692931801582,-0.8347297868879183,1.2890031781356726
6450,30.097453830043136,1.911951420320736,2.2970729111792494
6451,11.43383174032686,1.4090979206655447,1.7069780143200914
6452,9.615997004451389,-2.498102760533836,-2.342309153375606
6453,22.62602692883,-1.1900054771290336,-0.7605228812524423
6454,23.584163961495825,-2.1899801544635107,-2.408272364109071
6455,42.06274079096623,0.5367829689258121,2.899145226868103
6456,13.299937620295395,-1.1249419630179682,-0.8124007194898539
6457,14.56708581660274,-1.5796861573744077,-0.9788422070679644
6458,15.266659538718024,-0.9859633492582208,-0.7293568220106356
6459,11.931756592109927,-1.1392414222277485,-1.6937914871749538
6460,15.57535392646759,-0.7239915678568939,-2.137653865884761
6461,21.796288868914,-0.2463107554034061,-0.2403604453494781
6462,18.05742138705154,0.6211697587682753,-0.945860091997024
6463,15.596115028658694,0.3109015989003522,0.5989688688076571
6464,20.263619994325406,-1.172285729152874,-0.4879179144211513
6465,13.469073135386004,-1.2985580304878364,-1.2744054070196045
6466,11.860339672336629,2.1778672901701706,1.513559557451618
6467,18.33681114858368,-1.5138771775743585,1.0353490085467547
6468,8.524939303032099,2.218476043142899,0.4025176234362995
6469,16.96994923770932,-1.1060094806164056,3.0128815158051303
6470,18.971992463157456,1.928103618625982,2.799673312914259
6471,11.410310005948508,1.6406275156485677,-2.965153517867844
6472,32.050716652341684,-1.7731465166185023,-2.434526176389814
6473,410.1475248636451,0.4611580352151488,-0.1956422746201009
6474,38.01588904378687,-1.442173899088499,1.61520608555253
6475,23.90944393841376,1.1264235978568884,-2.815537276901336
6476,18.007126163238347,1.7846988319671695,-2.08753619904555
6477,26.55780463954566,0.836603379392779,-0.5013683805346223
6478,20.28489856801954,-2.099161600914517,-2.877651959753188
6479,34.097176039804715,-0.5504977435687837,0.0632887445389564
6481,11.370143866981849,-0.7467036397116723,-2.2340219113207644
6482,12.891215430125982,-0.4747297245423367,-1.0500037490086584
6483,8.719765800621454,1.0229316808576827,2.475202069760401
6484,15.15462950369453,1.6916022520885805,-2.2697812295038307
6485,26.79955148487017,1.5186043855984734,1.94819708670476
6486,34.80643673431194,-2.364242404466156,1.4594160628396748
6487,26.925125804914703,0.6259502766599085,-2.5612838724460523
6488,53.879086640158015,-1.229012249310528,1.794900703657067
6489,9.924518162781162,0.6463890323534894,1.7891378839188934
6490,16.691151883114827,1.309698267697701,-0.7223565931842635
6491,34.61427319455912,1.4406630477718048,-2.768121690746425
6492,22.93707474705567,0.9746177499676376,-1.878486079069145
6493,13.675647707417204,-0.9414084003049792,-1.0638086903251116
6494,9.907927498463144,-1.7772783731059842,-2.5148940396918955
6495,4.912483897899923,-1.3112878775730494,-0.5834283082383842
6496,28.420895523078567,0.1812503449049737,2.995521495560894
6497,21.09662262775062,-1.107671267748326,-0.7983204564582497
6498,67.82351023996496,-1.0779779321173923,-2.9889269040184643
6499,18.74266020899812,-1.1917365823472144,-2.046573281977816
6500,16.909994987048314,2.011409804761092,-2.440511410443802
6501,23.108996188815663,1.5890277754265485,2.2320985181480766
6502,21.265133675977207,0.4090746917179754,-0.7066846251645433
6503,66.56257950348756,1.6112114755558782,2.18521102669838
6504,31.97139723403781,0.6490604939135111,0.3181352208363398
6505,32.39243490918906,-1.6465927827574496,2.309644074519161
6506,9.474317117851498,-0.3429722135667356,-2.409365331077437
6507,44.50955842865123,1.419950093656829,1.595757460580998
6508,33.86502507385106,-0.8539721539757537,-1.468226482579868
6510,47.5882192551381,2.1914169250460604,-0.1051227135835601
6511,10.99803849473436,1.3867623808051173,2.788436895481727
6512,9.758600587954357,-0.2700639241622249,-1.4442691219970931
6513,11.267942478586113,1.2835305201703369,0.9957156038981356
6514,17.852558866446575,0.0584966770381599,-1.0794810828763242
6515,26.85237701460029,1.2229088151463106,2.16801142145722
6516,38.53326751686997,-0.1038126600725841,0.7440030259686853
6517,44.86649048063069,-2.291749220577102,-1.9715769057778496
6518,10.956025615488718,-0.1578759296489736,-0.5464704712169988
6519,24.046306670808267,-0.6645099777883643,0.5866537181386758
6520,31.809816314787536,-1.1672965454050062,-2.2992358052911825
6521,49.08134333049598,-0.4397347672791139,-0.1436391941865943
6522,22.414628956736816,0.3731775876227522,-2.393243349478917
6523,10.242232811682433,-0.8839800571894924,1.595226854170983
6524,58.94012899830993,1.3688645493799956,-1.9233572005635915
6525,80.91305387262145,0.0876995798463971,1.3887336505566976
6526,140.5864766380259,0.8732283579130106,-0.8823031815250844
6527,20.01142648760097,-2.368585630062159,0.551595681417534
6528,11.503686563184283,-0.4664865311116546,1.2679287657098348
6529,16.92606145442597,1.356455995053889,2.73981897032158
6530,49.71397576118802,1.1656253069638094,1.7685028035861372
6531,58.82676019964297,0.701806456221975,-1.962104279415728
6532,37.31661450391714,2.108289579283694,-0.1359672215435852
6533,7.770825837161268,0.9374590635150564,0.826544718081557
6534,33.58017709274696,0.7979560918435599,-2.5861216126014406
6535,19.45813360409668,-1.838788755974505,-0.8090753051308579
6536,34.78757503061913,-1.130142944942236,2.583060612201088
6537,11.08337315153557,2.036993860938048,-0.2146021168631143
6538,21.84847489783364,1.6162596265452824,-2.90273232031704
6539,55.19331625353223,1.0602269687058952,-2.3935439866032846
6540,38.86294544127329,-1.892241221378168,2.449959477641425
6541,29.451186140546213,2.149482961648444,-0.772543003595409
6542,41.08105929227696,-2.290557968020172,0.1959619385748345
6543,28.50326637596236,-0.244471157822803,2.2960872233494936
6544,27.565562963069983,1.8703972844462968,-2.944825770180884
6545,20.32762527354864,1.083759692618521,2.8548475885258706
6546,9.309212505313614,-1.3943285200873452,-1.884632440362044
6547,152.5704769628976,0.0544708867351952,1.8744608256438864
6548,9.135955262612187,-1.1228888070660268,-1.6281766961979978
6549,15.094245122602844,-1.913062404568738,0.3024284590691599
6550,60.622332498194346,-1.2807019876436536,2.54396540973772
6551,33.50517564642705,-2.264247799129933,1.0600866667872588
6552,109.82793888085008,1.5955384116104174,-2.8998778108844965
6553,86.20033718375265,-2.0166952649179275,1.1393147297953323
6554,16.505302469165304,2.2410073639574275,-2.487688841489391
6555,18.39420395803856,0.6519363482765793,2.760718451548633
6556,10.725346606939931,-1.2142177263773006,-0.702473491167462
6557,43.27371085954053,0.2465887638093125,-2.6893456801124684
6558,12.846376526241746,-1.3735270809590112,2.0391766411933623
6559,16.17201049279358,2.377963723674865,1.1825803974473823
6560,5.391363134282661,1.2135857101039929,-2.5750501189814163
6561,29.014638700692505,-0.3722659931892692,-2.504559688702534
6562,13.029162923621293,0.8924454501330762,1.463137988391343
6563,40.13934387047946,1.2326144921131583,1.190359655490324
6564,52.56347255911165,1.447153239542869,-1.3888711011122568
6565,10.738901712434153,1.9194188849707567,0.5035420944572303
6566,18.03518254785215,-2.117319135291385,-1.7968591025161145
6568,10.232591991098753,0.6058870586009114,1.7011230621552016
6569,12.46690331574432,-2.275541550655111,-1.2754060634301032
6570,32.25199185394791,-0.1072153498881924,2.3867052853231563
6571,21.41478601597783,-0.8269093448215493,0.6343447839508889
6572,8.813040771006497,0.3340462722631226,0.7065793363815701
6573,24.201838472891232,0.2933920972354606,-0.4801612377379237
6574,28.464582927461457,1.244810321664004,2.2142884929535795
6575,11.885850407797625,1.7090630527924329,-1.931163645958536
6576,11.698512110772594,-1.803617395546188,0.5587616357519193
6577,40.13008373398837,-1.1337309396625217,0.0755628411762618
6578,162.92722357218958,0.210715402081572,-2.4346342928392257
6579,26.072372241068724,-0.2513995461052081,-2.629191116273052
6580,27.259139356436165,-1.3411735448419773,0.7358261671036235
6581,50.52680183323894,-0.6172813507403053,2.70299295308202
6582,24.38935906528438,1.0513765760934046,-1.328829104608699
6583,17.00636444044992,-2.0130926596834304,2.594861931074355
6584,133.924121596112,-1.939208995798144,-2.717077894178783
6585,24.51801072938272,2.127858388379663,-1.5166239870673723
6586,30.01583472372249,-0.7927751307644482,-0.3607203441873733
6587,22.116309569008845,0.6351116338675133,0.7081168311185823
6588,30.79926567496592,-0.5158589763975427,2.002696330489464
6589,59.74743449322192,2.372629124889494,-0.856487313256071
6590,14.69278246736823,0.3580888879502043,-0.8149833380692583
6591,13.112973665502444,-0.8407650173304906,-2.568935347981501
6592,12.224939008916431,-0.7206286008114391,0.6284366715162334
6594,14.267575470219018,2.080347994662655,1.635002854739596
6595,24.29958631716763,1.3309199472590054,-0.6575820315428731
6596,31.78049169085987,-2.2834711304463307,0.1936469962327562
6597,24.69169807254498,-1.9682574947436209,2.2550139068965582
6598,16.89278980204154,-0.5625344867525701,-2.2287814106420063
6599,17.074064646008313,1.8468528052683184,-2.78962881711802
6600,18.103144184009626,-0.9076282669819116,0.3652664446906314
6601,11.74897846538578,0.726519920290095,-2.440550993965229
6602,37.5021545778505,-0.8097221541937921,2.881139806262459
6603,24.296656640124688,-0.0388735628214116,0.0723523642517458
6604,14.562958266153396,-0.512138963454389,-2.444898441390209
6605,15.648695830685028,1.8450158569293813,-2.344642216276128
6606,63.45815426894688,-1.2053373240658158,-2.2354624566135395
6607,6.306739229700949,-0.1437590237516845,-2.5658209955098865
6608,75.98519935384518,-0.3034932174691757,0.2068570888411681
6609,24.005966060308555,0.3440027494674242,-1.1572841591658805
6610,23.564606424756224,-0.6453316863327652,0.1486620649491407
6612,29.11282174396949,-1.853402883461624,-0.5959513524547084
6613,37.80686598167909,0.0384189268526949,1.4375955032068506
6614,11.875070933815962,0.6087572870718195,0.2711182252055878
6615,65.43990655634663,1.2703890286806088,-2.4455627086325835
6616,26.61882271475705,2.2000726702860804,2.136175437499103
6617,31.550045664327737,1.4101191578999963,0.7330673467282074
6618,14.524947091634267,-0.6720882957117441,-2.4480478683368707
6619,17.86907784324659,2.089264005560105,1.8946267305248188
6620,16.990797084314984,1.550827154720374,-2.743486978452962
6621,8.76191058024739,1.3067920000098756,-2.773238524772481
6622,19.037231391141617,-2.3577163178483134,2.0883492301269992
6623,22.96517839874608,0.8392638275163095,-1.3587359598835067
6624,16.69676697806795,-1.227972041549488,2.701531120257956
6625,51.13374267903896,1.717996154551746,1.780127910487779
6626,46.54581035536491,0.7770585267214569,-2.7761600508987883
6627,71.35030925584302,-1.4358613161949645,-2.478851917654364
6628,53.95488292593748,2.375496805877245,-2.6839186122600243
6629,20.796920204778697,1.6780255011384608,1.2028020118696965
6630,23.145800958258285,0.6899359995821696,1.920444428881687
6631,30.98383764808959,-0.2152518791765287,-0.7340237495255069
6632,11.166670549088348,-0.5851888417496409,2.371662746573584
6633,23.21015763506244,0.8552364882033638,0.2023080525493472
6634,35.109636784455056,-0.6631755098485944,-3.0171408243126616
6636,15.75439173960278,-0.0804022160271635,-1.692301336103844
6637,32.05017561533985,-0.9918507012689898,2.576772117264544
6638,17.880316205627647,-0.9136878606130084,2.4411789580849965
6639,8.383984748560541,-0.525628854218786,-0.3857528603846545
6640,10.793942647555372,2.369439762295982,-2.4139854983274978
6641,14.611360532298304,0.7354704832474951,2.050655480609235
6643,18.313132548258142,1.9599592559899133,-2.805859325154019
6644,21.82465021290305,1.7113425807942466,2.6980027852834167
6645,41.52369653907095,0.7837818595075166,-1.8275818509512567
6646,12.01225723706143,-1.816216497342109,-0.2491264777452407
6647,23.715813603476704,0.6524656433177224,-1.6141396366627054
6648,9.42213098180982,-1.987216980579805,0.0443986612351741
6649,54.454280646121646,0.5641318455917088,1.8605447724925304
6650,21.283014846271147,1.8465456964175788,0.1083385553433045
6651,7.777110262082448,0.2361360128066979,0.8224348117358883
6652,21.411696934676105,-2.25613112309954,-3.040466619580821
6653,15.298919603664956,2.131632614032436,1.0724678910998648
6654,21.45887117725846,-1.197002923501392,1.635812497814216
6655,23.71063376087348,2.3187691925829093,-1.9617696125761588
6656,123.3627015338168,0.8580097298603692,-1.7050217814151625
6657,14.073787719734492,1.9274389301930064,-0.4011552090818099
6658,31.438863805371707,0.4199351672964095,0.5481473042755904
6659,13.063787529195514,-1.3538958473258014,-1.4271389702979995
6660,37.7422873125424,1.2054185014839247,-0.3270309296652414
6661,13.263665551360898,1.923310322682984,-1.7146447630305994
6662,34.44950665200012,0.7014900256687009,1.9886567661437544
6663,94.90117593774649,1.9856883623533828,0.2905985466220049
6664,27.351208349454414,-1.5992606519872317,-2.665720747463292
6665,246.904488316691,-0.1151499947373505,-0.2591162856543111
6666,67.84136697118868,-0.3637431354843041,-3.081257932114436
6667,40.86789259185976,-0.6394014846278138,-2.7359654016336856
6668,23.10358654970106,-0.3175528345838738,0.6505153890415958
6669,13.446603620535774,-0.6934165653650756,3.094110124084469
6670,31.56749370505842,-0.7584435059139698,-3.0007794932867093
6671,72.97157986986149,-1.0591694110909202,2.4942926508587684
6673,48.16698645159661,-0.6269588624787596,-0.5631826213537745
6674,29.75585238704956,1.4864547101501968,2.792572461094513
6675,26.45273499001817,-0.0631602243226036,1.807964894551417
6676,85.89531544766606,-1.566453515010831,-3.123053864336652
6677,28.09998698106248,-0.2747364641314298,-1.8158087819143465
6678,14.760709302456103,2.353919801462024,-1.6349685440487776
6679,17.795488199950523,1.8251261790140647,-1.9417853856186071
6680,87.03257875729149,0.6312864677805713,-0.3590902195004722
6681,58.86702637057911,0.4478771861481465,2.8137765078917525
6682,10.62243088459516,0.2771475673795037,0.8735829149159656
6683,14.08099265855791,1.473220247335672,2.426335531860792
6684,20.952182037160256,1.0860535846812645,1.4564965021231515
6685,10.604025750335328,-1.2431934363659063,-1.2309155997812105
6686,28.106065890723563,0.7256405483096043,-0.7477196288060713
6687,50.82902580941269,-1.636262942444754,0.320732562878554
6688,20.98396551311364,-0.1992069247861562,-1.1385920689220848
6689,12.613185139884768,-1.899210784461537,-1.6748640167117006
6690,76.3536216729961,-0.5347426999248257,1.0163096150433013
6691,18.17612482721228,-1.5317080196486106,2.3916426494257133
6692,14.038361100394344,0.6655825887505363,0.4037038129724459
6693,19.75724519467298,1.8417021661025648,-2.1401152006062216
6694,37.66679471080258,0.2549259444671718,-0.425716442807138
6695,174.3724824347973,1.939074448563556,1.3409758803032892
6696,45.46256862683623,0.120492477236014,-2.812322124101955
6697,19.839562516348224,1.7219497343808494,1.1009778002660746
6698,28.10517238301084,-2.12173777828327,0.6169660879650194
6699,45.82861377579442,-0.2901472675777901,-2.878463234141399
6700,12.360795856284607,1.759817436849866,2.253033370707212
6701,9.769025624442904,-1.947106374257029,0.9699848828784916
6702,24.60499252415261,1.7817241253226326,-0.970491622979746
6703,40.60261229778574,0.8638686564024234,-1.016484646583312
6704,11.533136739786348,-0.0779678451532601,-1.5163816724898174
6705,10.289854557190331,0.0681405843478469,-2.8939333157808096
6706,24.577959715726617,-1.6978781158970355,2.025106984008691
6707,17.467275913142057,-1.0218124254460392,-1.4310261519842078
6708,10.188972839718392,-1.9578939922513496,-0.7209084472665869
6709,14.07999506003464,-0.3516098747451682,-1.31188924079382
6710,46.31467012264785,-1.4084599693873765,-2.298899037490013
6711,78.69041223497423,0.192544956885096,-0.5832429947779835
6712,18.821885513227365,-1.8253747840469643,-0.2028517363816374
6713,21.54154966183146,1.736481332913684,1.952922295573364
6714,63.635406888478016,1.7396641597628102,2.544360008321021
6715,21.79604547619782,-1.7078428818190998,1.5191796067308998
6716,27.68008547170883,-0.1764073217300276,0.1508770870318285
6717,58.50377826993323,0.0936143754057955,-2.247592251905292
6718,50.22428555797311,0.4739550209221683,2.3713350333515084
6719,43.04182298488217,0.9617084040576768,0.8645066199778225
6720,17.121886362106068,1.493218195169916,-0.5470457419146655
6721,8.188938574920128,-0.4811382470099507,-0.1747491002764103
6722,37.32479239318208,-0.5465087308491334,-1.5035715292246468
6723,95.45104263590036,-0.2833093906687305,-1.6152938810036628
6724,13.22969809814728,2.117725873180061,0.8640382930810575
6725,25.158657389361053,0.3054248756531774,-1.7430703780367198
6726,19.02451487733021,0.1781677013641759,-1.9677146579956688
6727,11.880695808205806,-0.1011139728340169,-2.498666489049948
6728,23.83008032441928,0.742497788765356,-2.831184470034232
6729,39.890224589722216,-2.333850452565776,-2.965180537594847
6730,26.39869306912266,-0.0705473608469965,0.8463268089944269
6731,86.0105254919834,1.69210816573172,-0.7232680705513531
6732,49.47975230738392,-1.7693966220617066,2.7830171553053886
6733,10.280335553171716,1.82640482577526,1.6403968336582866
6734,12.761273222034076,0.3347016074009605,0.4360212092590824
6735,10.521236664840814,-1.9926802867077973,-2.8466766030476336
6736,11.552114867218767,-1.3987900646619598,2.463340820977284
6737,26.92429204538105,1.1815975615566452,-0.7656453772598335
6738,12.87227030951172,0.7871289525782975,0.5388234087163027
6739,31.669469216175937,-1.6208894903010178,-0.3310377769887374
6740,12.262526132224462,0.3869220075920785,-2.6535762128577747
6741,15.665762434307382,-1.114972828897976,-1.0592557074064386
6742,43.05098485368305,2.1992596825675426,-3.124854576463948
6743,13.337105655341045,2.0871096768385966,-2.006445732794948
6744,10.924850294526516,1.4172422133704925,2.10327556055024
6745,0.6322012446900185,-2.332528921202023,2.876346309715552
6746,11.118796524106102,-0.4102308233812912,1.8468174595342493
6747,14.528965409816294,2.349307673892913,1.781507788119309
6748,44.15494432464401,-1.7286004355961613,-0.3532534146694882
6749,14.960667323853585,-0.0382415138854227,-2.043035219424017
6750,11.159025774579558,-0.5882081949995763,-1.7631615334385335
6751,39.58189789874718,1.0166048912460337,0.1688233108687598
6752,14.330140405152289,-0.4890058172244819,-0.8238200221467049
6753,30.25520984014012,-0.9007451866005836,2.748565880555178
6754,43.46926613590642,0.2195952850743974,1.881909798455968
6755,56.46413014199037,0.1080484983053038,0.2884355626783128
6756,9.78491561605487,0.1786205402743575,0.8791417806256421
6757,14.269234065961484,0.8966425399855811,2.3459927512006926
6760,49.624971057340495,0.6894847019617824,-2.6728746718673606
6761,26.66503643257924,2.145111544325457,-1.8856008452431143
6762,24.01580463876468,0.9674386610988248,2.4322546529525764
6763,16.0349814271556,-0.4852295924672552,-2.593836605709816
6764,62.320556602295866,-0.0199141428498298,1.1353737321699398
6765,73.71633161274917,-2.354209649983781,1.3806649104985234
6766,10.942662628497636,-0.5638168752634111,1.4204052762242751
6767,41.01904774243206,1.759484769456748,-1.1208428286526309
6768,24.098663043985564,-1.2058273210565578,1.468598903872856
6769,23.82463767002157,1.6197905418872574,-0.7926212825972866
6770,31.906597858263083,-2.442118036406241,-0.4049217523953844
6771,12.240991772721012,0.1404917750227572,-0.1871737024934407
6772,174.53901648324938,0.1168601618249233,2.950609949875457
6773,21.2160618758844,-0.7620460659254973,-1.8741204863297456
6774,36.18568177857202,0.8004979811710156,1.0991518685231243
6775,24.6734868472147,-1.1569929282443738,-3.0453557137371985
6776,108.63744732445412,-0.4215738907742226,-2.068377861941581
6777,13.354279987949594,2.0128986611115827,-3.13164763878487
6778,30.324237750058728,-0.9195010185610664,1.4624272200412152
6779,39.2552000674145,2.148564984406095,-2.6100501947211274
6780,9.604390434098832,1.7074167898806798,0.7425511343580827
6781,25.879685918809944,2.0324339590229084,-1.0117479394070623
6782,71.20630623422271,-1.2433667602469434,-1.7451195792417709
6783,11.952668357622732,2.220658862768784,-2.1701444878590284
6784,54.55352128854533,0.6943251261849627,-1.2329256047797634
6785,10.253098188942966,1.8113248732285383,-1.519799328635462
6786,18.660523718965187,-0.95002422621544,-0.2562178796704424
6787,59.63844354796356,-1.872689042839614,1.6394805315132
6788,24.760626513669447,-0.0503996806115988,-0.2774775582722513
6789,23.93099920235406,-2.2108175218632127,3.129743259696261
6790,33.08276047489647,-0.8892955842440478,-1.5065799874034065
6791,75.9748530110858,-0.8766654730251633,-2.995129467573092
6792,16.974423559592,2.021576618117296,-1.680378083550127
6793,10.692235732904605,-0.0660573031334134,0.1397650587541667
6795,55.83888882183042,1.6918293078736495,-1.467397254608826
6796,15.812478611677966,1.549355675760774,-2.968516066702092
6797,15.003816268221389,0.0193356652396912,0.0187914975916395
6799,11.577083113965104,1.1832089411064126,-2.243956344783791
6800,14.111610629282197,-1.783850116221458,3.042881195059954
6802,99.37799144872612,-1.564472479300886,-1.7680361088233236
6803,45.785319591547925,0.824861500589476,-1.099252940869182
6804,19.72608378853733,-2.287836503457831,0.992576775651551
6805,140.52193754565897,0.0173645863997094,2.388805085247044
6806,9.183538876637805,-0.0810065505079402,-1.1236047350816698
6807,21.317411266651924,-1.792395928967908,-0.3494038907511034
6808,9.458381113004156,-0.930657573660282,2.88544348566723
6809,13.612934999714366,-0.2478189040317948,2.974881592342574
6810,5.620536761921238,2.286112380435389,1.0540213978390292
6811,61.92278039987655,-1.0596739735187548,0.687879804182833
6812,39.29391282703546,-1.4903798307955352,-0.7246985173842144
6813,23.5771918046516,-1.3334481414564403,1.2304724391846686
6814,15.735222263094808,-0.093924071993016,0.5628428748001659
6816,12.834384407902077,-1.2281402790061222,2.8683274005012573
6817,18.763411875143813,2.382806382568244,2.797036384924431
6818,16.673540131755953,1.0360651707088115,-0.2273674639254006
6819,23.855676864996568,-2.0054233468513467,1.423380987986879
6820,11.680552491852415,0.9034588778788816,1.8942695107838536
6821,9.827549998272456,1.2287017421634276,0.5547616135235404
6822,26.66908949422229,-0.0866142602516362,0.3447350021794327
6823,11.445536566404472,-2.234386200032506,0.3590569415106265
6824,15.922508832262093,0.2354722761698521,0.7780181645174951
6825,13.120579243015465,-0.1403556004098453,-0.9761222965167416
6826,19.3194165423341,-1.334444062392089,-2.2435068411341224
6827,26.44183545515088,1.0651793689072109,-2.801208327827461
6828,12.461428490626345,1.829849116616719,2.625956720327296
6829,17.24378896946659,1.3401628906579173,-2.2151254564828613
6830,46.17988415460743,-0.3113168291696356,-2.174128884817203
6831,223.59681171015043,2.429983665303102,-0.2684642501448776
6832,27.28599570788343,-0.725743269685081,1.4820768234477242
6833,25.524042962826226,1.214515021430134,1.2243970548376266
6834,11.761066451191388,1.457064233515203,1.7338417960244124
6835,17.15545979471162,0.5194822950786555,-2.777435517672993
6836,32.17541765449186,0.3025919022681471,-1.9307057089557589
6837,32.354393063513704,1.4401301429570064,0.6514785614583856
6838,55.37478278110434,-1.3718456369493863,-2.340365906081641
6839,72.79294033010386,-1.1633749662841502,1.6388726938076856
6840,11.950327274521577,-0.0811944137457906,2.0808480236557925
6841,15.278987395779213,-2.1844175632404315,1.2854334400075464
6842,32.47759628413442,-0.3569943182394307,1.1853403665971074
6843,25.925080221153515,-1.796628221698132,-3.0265209734382985
6844,13.73145432051709,-1.1011591285570763,-1.728801355500348
6845,17.337189090369478,-1.5167699150357308,-2.437271046661314
6846,16.600161360078086,1.060628894924153,0.8173580193688671
6847,24.60473063625299,1.1336312254254457,-0.7290993638256298
6848,47.20427571720788,1.615107872435826,1.0600368699546678
6849,33.29843094321412,2.2241432894245903,-2.537593234094131
6850,12.75390129432638,-2.368381306785315,-0.5565508504604472
6851,94.71864163841248,-0.024503967204379,1.816635962392035
6853,18.306862355742293,1.636270773272001,-2.733518020958037
6854,10.810376673883054,0.7378088815372129,0.8005365863539463
6855,60.26296629931632,-1.5301009612607483,-2.7584121312293925
6856,21.142565121063388,1.5021575917260488,-0.7355433535520483
6857,18.01582844706925,-2.2705968356529884,0.1248074422106457
6858,18.3951909044754,-1.956744879084168,1.4601417898241151
6859,12.524309341601969,-1.3502157451967012,2.4750956127619395
6860,25.89193281111024,-2.2711958625512283,-1.4375834370342016
6861,8.853189831226763,-0.0460275226466613,-2.863283328374326
6863,19.439741280249866,1.1210136921897047,-1.8051024353165768
6864,50.7801144855021,-0.3968149553834048,-0.7402232541708966
6865,51.98959456853299,1.4335090380347415,1.994130749860603
6866,14.839341298648865,-1.1577846481101697,1.1700196725541012
6867,34.29539755447766,1.5950666957623252,1.0446843725198682
6868,32.00647442202372,-0.8869568977677936,-2.1341524768737576
6869,55.92757178094466,-1.915797487687864,-1.0621524144397685
6870,60.778626858650455,0.5302414516559713,0.7402289252221941
6871,58.145489216612425,0.6895910875582695,-0.3353255327544308
6872,15.710284093464374,-0.1966839235723429,-0.6268476792116441
6873,142.61210660835474,0.9493371494199796,-1.7808559452301211
6874,14.286342222144128,1.3095613681570957,-2.376923039028349
6875,28.00078588358478,-2.0428309220749026,-1.7344763515994297
6876,24.97376635659599,-0.1287069179071497,-0.527947902809259
6877,9.605408182621645,0.6365017968951121,-1.4256310502313791
6878,7.468103188320623,-2.277548591724695,-0.1622773493108497
6880,87.95554610201211,-1.2233229611041012,-2.448198269760703
6881,19.99890905848557,-1.659808459687905,-1.0101697138333254
6882,27.39884591755788,-0.6512782070308893,1.0555537874881338
6883,18.37478110240549,2.3435779812089983,-1.6691114848265505
6884,11.021423555838922,-2.138246611610574,1.3288459894989482
6885,24.34986942543725,-0.9685506870590328,-0.0235935019398418
6886,15.829456304018368,-1.4086257558323387,1.305110601496825
6887,19.92223162335597,1.4971725901727535,0.9590410877353968
6888,113.61617979671053,-0.9584845732598812,2.12116426654978
6890,11.868184897771656,1.6143525499274851,-0.002418802410275
6891,22.16859975258865,-1.0418149351976127,-1.8388618471997784
6892,42.63384703110731,-0.7363747362606499,-1.99922930362848
6893,11.502610444757568,2.209305519568296,0.0970651929059085
6894,19.14485415692404,0.4909246930806034,3.0617706291436657
6895,0.9040628660665816,1.513700400378724,2.898601745672561
6896,16.166612754343696,-1.7813899191133478,-2.1906260887338087
6897,23.861322912234566,0.1547856751583101,-1.321661097877623
6898,46.34145921856251,0.2849285281098438,-1.6592507940984826
6899,58.168150543828105,1.7098440723792576,0.3572422463311674
6900,12.441715034542936,-2.345399668569104,-0.9216805415568428
6901,29.34069861863325,-0.1397409114909512,2.701273693234825
6902,13.294319664005984,-1.642102351704425,2.367849570669041
6903,13.717819762298902,0.6157437753692039,1.3957690584702396
6904,13.234714936718468,1.6105482713581354,2.285687247212012
6905,37.603825483799895,1.1733253746033758,-1.3866765688383718
6906,14.405332633192112,0.7806930236208304,-0.8462758078354867
6907,395.23613538075926,-0.3672969214017703,0.5816776183618366
6908,10.166875553342708,-1.479222737248853,-0.3509101152848876
6909,39.92657595766385,2.266127602912324,0.6266001765565881
6910,85.52010090938315,0.1198182459182458,-0.6209580461774128
6911,18.79261893985496,0.2523235156999052,-0.1557598138446914
6912,9.4130092308019,-0.8228150254957354,2.5672215529975904
6913,29.528734764910222,2.3197899670869244,-1.8899268201122423
6914,18.44521057092736,1.9991185604337047,0.921212914735766
6915,40.11476947484243,1.2912304144537003,-2.160739127901133
6916,40.004099946090776,1.753504257110752,1.3844288057597869
6917,12.29351804113406,-0.7051591823904264,1.9727588885111744
6918,22.505944000120472,1.3513428529375422,0.6589886370150521
6919,19.64936469700212,-0.5945114722051744,2.7245853054070768
6920,27.98998538465692,-1.3253442405445213,0.6324548170961327
6921,23.476326023192016,-0.5171400982274423,1.4596921444146929
6922,31.992825482168804,-0.7809729904964335,0.6303442031567856
6923,10.97614986303976,-1.6242461358794815,-0.6453936668813955
6924,10.710295542496784,0.9988861584802532,-1.6382141975914597
6925,24.54990111886168,-0.6270475458199124,2.1088046236782927
6926,20.636898774428943,0.1902511600235992,-2.1503819159301947
6927,21.305584672658952,-1.2587749071720409,1.3632208844033151
6928,75.88322786805759,-0.6724644716886571,1.376460007679251
6929,17.884136186709288,-2.0665509440523504,-1.686236770960158
6930,14.122618311814096,0.1230722808606534,-0.5019810377494801
6931,7.102878499685419,-0.8287835644804886,2.6556340219520904
6932,35.64798677572391,1.5126818401805675,2.6939016757404843
6933,12.788768869589113,2.2625469943900205,1.757743102714851
6934,27.58916926859483,-0.4644533969305395,2.1121729777348133
6935,26.697745771939623,1.2282621031374912,1.2211965312749942
6936,61.75704280710002,2.4063581459014807,0.1047108739956416
6937,17.53945522349624,0.4807690333162289,1.0451299446199669
6938,15.66320662825946,-0.1668078421731274,0.7713158666615475
6939,13.087886754595155,1.3816569504243998,-2.9130910143114472
6940,53.38152088172407,1.3045861529226803,-0.2079062545748983
6941,10.364427274343084,1.1238735636592243,0.3699956582463589
6942,31.647082612376256,0.5056671103945098,-2.01119793838357
6943,105.30844377171069,-0.2755663256510385,1.6725106866698165
6944,25.087424920651497,-0.1541267028719389,0.6590044273373608
6945,208.039364247598,2.062627357715651,-0.4038887913557994
6946,59.9660516707736,-1.570475763824626,2.0957338110252044
6947,26.709395920677,0.1060303389226315,-2.8942871885301864
6948,58.237238168951,-2.3202181985533605,-2.5467276858255232
6949,10.993686582788031,0.6659841854237373,1.1481393112918286
6950,114.8491582722936,1.6322494421432343,2.861837197608086
6951,15.016583400043793,0.5763807821859219,1.590692262831999
6952,16.18206839245884,-2.139296233013369,1.7754993228856557
6953,23.973621896895107,-0.8142415154756315,-0.8274553502078769
6954,9.95671259827382,1.0244925509803111,2.85701277510576
6955,18.147006014055144,1.7647009729582483,-1.4197295575258326
6956,6.202247702697466,-1.0437396834264503,2.3212355831294973
6957,12.61471883305915,-2.0301346903936244,-0.8582952103487448
6958,18.67947477186122,0.6298704704347271,1.8813607059756543
6959,39.020413714874486,0.7864677683598615,-0.7602742491523813
6960,14.863136091061556,0.1804433290809049,3.101870682148287
6961,17.417460272383007,1.0050424273201977,0.4287051036210529
6962,16.216329104327347,0.993908538450756,0.6012178182032802
6964,9.931953798417824,0.3217989049388349,-0.4948923298824064
6965,41.16411404011848,2.316214442758811,0.6932744487189704
6966,22.97502591758377,0.0003215426781556,0.6107071416744555
6967,60.2493042231471,-0.9638135522785234,1.8989585612960984
6968,12.185691674748108,1.6907717161937414,-0.8904325028572746
6969,15.869991833363407,-0.6674691033210655,-2.314579227969983
6970,25.21056796640385,-0.7721660839920715,2.1955847419500065
6971,21.188365515491327,2.393003112095616,-1.7572641213540086
6972,9.808458187506575,-0.7112018206823948,0.4454083651708108
6973,18.730880477320568,-1.5851904064178917,-1.2561190406445897
6974,11.38907721458536,2.3107011881653845,-2.542621434033502
6975,46.72668277144719,1.2850710502080962,2.2703593239174853
6976,21.21823607342563,0.5209828543226915,-2.332957396469041
6977,15.73251491214048,-2.4160307113462163,-2.9646941374295905
6978,14.662037352354982,-2.179958236553159,1.7223955855978477
6979,15.795156316142512,-0.9731042746640732,-1.338120110665966
6980,31.21757878587368,-0.8499268167423657,2.72078092108302
6981,13.801670473565473,-2.1232572213633585,-0.0015345663650962
6982,11.312227841588932,0.7161220309827724,-2.543467988876305
6983,14.328438722550088,1.7857037976893926,0.6604112317736073
6984,16.17547931459745,-2.2693651758401363,2.9872539625967938
6985,111.14920935004818,-0.7838396165128712,-2.310995608651916
6986,18.635249117938827,1.6835385705365726,0.1569926264268733
6987,52.91480862259496,0.7320868987528373,2.368619725144092
6988,54.46121745584334,-1.1782286943273128,2.412094716248756
6989,35.04353400697312,-0.2307921098220635,-0.0998564974935486
6990,13.500127989770148,1.3915757190614615,2.3369470466448505
6991,9.222564705858522,0.7346788495497718,1.630611118889635
6992,32.915942723587904,0.5143210206178995,0.9792172680191938
6993,48.43820619922475,0.5144251934975688,1.703013186017193
6994,16.599491297204658,-0.9363296166325146,2.88914236208719
6995,24.93436953584032,1.4816017731679083,-1.333087796336946
6996,398.2025845821008,0.2743056123756511,-2.725781430983011
6997,11.91746591881454,-0.5990584187626066,0.5577141645823053
6998,16.162920754779964,-1.1618648541355798,-1.5105640005549026
6999,17.18339373866425,0.9101160795668716,1.2945069277846712
7000,11.789894587136343,-1.056986778146765,-0.2601092277401888
7001,37.14590315762719,-2.0857199608302226,-1.506090396212479
7002,14.0263095464188,0.1631781423865173,1.1490160378566632
7003,17.36132662003114,1.5155145645856385,-1.6220088547522125
7004,20.19769064364372,-1.3281477658164724,-0.9348765685641162
7005,16.576162543023628,-1.5007981135029334,-0.5386564537397734
7006,17.512359113282386,-0.5581022265553667,1.179920432433986
7007,10.292063047455107,0.4659468265993867,-0.1874507168248355
7008,12.639861524516188,1.5287674956023265,0.3508422363737498
7009,110.34618824615572,-0.5905244133384923,-1.1671011026741334
7010,14.52203379677334,-1.7094532369730022,2.334205483709156
7011,92.8282254094212,-0.2987400030287861,2.1885810347982835
7012,68.7568052810375,-1.9556893921053369,2.718521305990515
7013,12.745644824795605,1.3706164752805337,0.2476899630105491
7014,32.6101426640032,-0.2799901445145876,2.7510448338818025
7015,10.547790534631968,-0.4099443651009273,-1.580213720126926
7016,12.447999844674696,-2.337884040475751,1.889769965932492
7017,12.221722892235674,2.055627361729075,1.4080955602965897
7018,25.71072995877144,-1.3920180442084191,0.5057700665086156
7019,40.13733475358399,1.7034364218291742,0.8914444700587248
7020,80.62580748500439,0.1485958016667738,1.9752037117360903
7021,14.3191886347039,-0.8378889091197986,-3.1015487980402154
7022,48.92727388994486,-1.5136808220490148,2.892774878749548
7023,16.521960388021878,1.1146093630142049,2.8624372723258835
7024,96.7834985268442,0.5840797956464862,-2.7020849810636607
7025,17.324964823364997,1.3094842643129485,1.442461378268762
7026,16.609574046609403,-0.314699514339518,-0.5695477767931362
7027,23.00038730367936,-1.5642162238275743,0.6572773880365417
7028,13.99521414806995,1.5692492318881244,2.804856903034452
7029,10.75829200255452,0.5635344888817276,-1.8169818617793096
7030,29.544736196400983,0.598651228025116,-0.9713051458263728
7031,83.46078801909812,1.7207883243818436,0.8604590850726319
7032,17.463151655851867,0.6920120320830727,1.7216527650833222
7033,13.848919255154804,1.3962045458148682,2.196789824228237
7034,16.46329196835198,0.6419346287959699,2.5877937665077337
7035,39.28176562021682,1.2907910460774397,2.344911844301336
7036,20.85063489789548,0.7543775178160816,-3.132795957340705
7037,23.394057122648857,-1.1536983800209553,0.6960135601017081
7038,15.86676388166015,2.058166529847398,-2.3263000889719865
7039,50.42293856821513,-0.7268101775432642,-0.6191892188902837
7040,58.9446570267442,2.0030328340648915,1.318481019513102
7041,15.672414294762934,1.5026988101665228,0.2130001400325366
7042,59.11275436978008,1.9761138516382668,0.8429255169857791
7043,33.64195216276644,-1.1284640949014382,2.3391587656399824
7045,29.82955775554665,1.582607202978274,-1.7911822449434576
7046,62.17469839600348,0.3821384920611442,-2.0307517385359835
7047,19.92544202064688,-0.5595928873335775,2.399020417888068
7049,19.25366487368116,0.2115983250553426,-3.0965260553468017
7050,17.176524195316116,2.4662380986822328,0.500028754439064
7051,51.24685351166574,0.7635831555347176,-0.2043271528526628
7052,22.706115758179635,-0.8633965957643391,1.2758147797268278
7053,11.670617108652472,0.7128616203420874,-2.44779959399511
7054,6.669086047194751,1.2177879941487963,2.6528723458572427
7055,14.876591500459398,0.1936007699188612,-2.017195754963735
7056,33.34143806857988,-1.40809310136402,0.7607155982545192
7057,15.159932328019876,1.1936037380126314,3.078400284434583
7059,11.201405297798331,1.4451256027515815,-2.7479285295593545
7060,14.7043995580678,0.406005696875324,1.4400978271899318
7061,59.63041183658318,-1.1006105893484524,-2.0784873204435224
7062,14.832258955098942,-1.961732918784872,-1.6061975755976166
7063,29.16043270168737,2.316466982024821,-2.766524538447859
7066,26.484236876929447,0.4011839951130695,1.6153041395520833
7067,95.19220533392246,1.1318912197177984,0.552137396083154
7068,17.345676524845988,1.8671785831743288,-1.7841227887737712
7069,49.44321989212283,2.035648405736677,-0.0420240247959725
7070,16.614282750734827,2.199279307068271,0.1905767412770323
7071,12.450133031386876,-0.4543786145904875,2.9520523616843466
7072,15.100977836097313,1.5449672898131828,2.7728292508857595
7073,50.57546731609416,2.236163282183499,-1.613187874572778
7074,67.2236050767191,-0.4478191627673615,1.9583678363241868
7075,10.083533511343786,1.2248627620874324,-1.0437643410610415
7077,30.848823950164302,-0.5572862869231285,1.2695738466499278
7078,12.785176475943253,1.8816369894975264,-0.1825069045807349
7079,47.138981290413824,-0.8369256867053272,-2.9346093553484214
7080,116.97366446992191,-0.0945540668196832,0.1171766983751593
7081,14.473926153388549,-1.0843259406540224,1.6440670878178612
7082,12.015624262126456,1.2550625117355627,1.5888204922142048
7083,15.582584986006882,0.4816297924603936,0.1896496434383398
7084,10.46511567032265,2.023447888822091,-2.6876452587445976
7085,41.41587664357549,1.2638566453048077,-3.0137182537985545
7086,27.13147103834694,0.5733720675476507,3.1360177625234376
7087,12.481899803581983,0.3670100713551843,-1.6477603742078042
7089,20.361189568640064,-1.8741912370987328,-0.9051562237189724
7090,22.85057270525557,-1.2106611206523477,1.3726920686749975
7091,35.853481274807336,-0.4237350817645109,-2.6639111492957936
7092,50.38288539838597,0.5645095180639295,1.5829220468339926
7093,58.84443348043487,2.3497352784959364,2.759441267094147
7094,15.795020608253406,0.7708559266202365,1.782745583249726
7095,17.74916744371602,-1.9977979360964395,-2.0179779503651303
7096,37.57811768092171,1.5742254590841165,2.128033067153237
7097,59.210283934327,-0.0803744543941077,-2.949901672192319
7098,10.912926279542033,0.8713705388912381,-1.4945595630763857
7099,10.303432628424046,-2.4880221463583525,-0.7032918401369765
7100,27.01405358199035,-1.275634052288787,1.756313106815881
7101,84.66829575492689,1.933000201196736,-2.063440903831148
7102,31.727958839500875,0.6946904787395011,-2.389699883497979
7103,32.07130645729347,2.1003757016753584,-1.1918013708790791
7104,24.695308456634145,-0.6401941226760466,-1.933259490509968
7105,19.284479205173373,0.804322594082304,2.311822245871891
7106,14.7384436703183,-0.927741976209768,2.2402746509009046
7107,49.15535487157572,2.135254015988283,-1.860037821655618
7108,107.58604806539404,2.3128045223386247,-1.024990788580506
7109,106.8002051479592,1.6735166530939285,1.3816926312255442
7110,23.171266576452545,0.2796077456856415,-0.1575308619799016
7111,14.87155490611815,1.554104354744551,1.3311587510555911
7113,9.648543463689244,2.303170574121183,-1.8104192608265344
7114,177.60307043547448,1.4125898124190206,0.5446155093302477
7115,19.723273558744683,-0.1019962503832094,3.082630850737639
7116,10.944125489193528,-0.9975315430717792,-0.5893232625404802
7117,148.93269932011998,1.138548391112256,-0.8538841763474274
7118,14.225578174544458,-1.7958588018606791,1.1876047125086862
7119,15.287207493358824,1.4460539618892403,1.6164364001613962
7120,11.04590801679798,1.6917262342263577,0.944306130645139
7121,82.55224929790786,1.6897971627633068,-0.2317729093772778
7122,22.257537740322505,-2.133357724376693,-0.9701313924729824
7123,15.294042453593091,-1.7326953213884415,-0.6532074807985656
7124,56.97515967637696,-1.1331068323253874,0.0671952221399418
7125,14.947068853594647,2.377059490136719,-2.990316556832784
7126,40.419442884909486,-1.3640782574382837,2.85021705372998
7128,20.29445310856443,1.1530494920961354,-1.3159890162794168
7129,27.752840382919818,-1.04054694526051,2.290075716976921
7130,11.581917888717962,-1.87726970751578,3.1260091383157604
7131,45.19307260145491,0.769453302024235,0.0099364458679366
7132,34.565709935662575,0.0944513453356459,-1.3964497046663062
7133,45.06024243497119,-1.5172612600524096,-0.2074167108149805
7134,71.31130410458711,-2.4767106100351057,-0.7974161845939826
7135,11.112632173833006,-1.903425890720628,0.721114983295249
7136,40.1142982540914,-1.3881481344647484,2.870673687913197
7137,29.627543054645063,1.2321100576055894,2.906910119944086
7138,50.195898391010665,-1.0128344775001552,-0.2858160901489837
7139,88.02217904986618,0.2692072012936462,-0.7362701306426437
7140,75.72219197495556,1.3282066258756162,2.159645660390937
7141,58.85365225662365,2.2293300190569605,-2.5488226345057945
7142,28.955354025262974,1.8778002743789268,-3.091398995889952
7143,45.71892926119628,0.0785933951229815,-0.7157658422657962
7144,16.470809064495082,-0.946857666037542,2.8417962588064216
7145,24.77906572105489,1.6508860924262,-0.2045192793788985
7146,14.956880690753575,-2.0650750818548125,-2.792534381054682
7147,7.37031749877797,1.6465868001926478,2.4941098659575247
7148,17.880227593669066,-1.7649245570326126,-1.8756767253707785
7149,11.39671057860524,-0.5663525508047489,2.441645706308486
7150,17.675242515126264,-0.6536244680833873,3.125669496715578
7151,20.243425727465898,0.8058579131509408,-2.692874960658125
7152,6.989365974522411,0.6487093817582258,3.048278386706614
7153,37.250681208816665,-0.7836478632786693,-1.9190501142123493
7154,23.29507956347348,0.91512443894522,1.528756449730733
7155,55.97892325966072,-1.510335890217679,-0.3876224575852342
7156,28.073405619409208,-1.8567443315461656,0.2471168903970032
7157,55.72090995787594,1.0684582452010922,0.9989725268752664
7158,14.56084841902324,2.086641745577788,2.637282949946376
7159,9.592312774245096,-1.105415270240678,1.099087249067897
7160,45.34185156140118,0.0121498291680514,-2.7874679619044542
7161,32.53673446624224,-0.6794330057981578,-0.3112509238332694
7162,36.438866990025886,0.8949522542601446,-1.0173156789112905
7163,10.102850352610906,-1.863905100083317,-0.2331114958778335
7164,21.099548128836823,0.0666528792273951,2.925703856918928
7165,19.41143175440145,-2.270512748477168,-3.0115814886009966
7166,55.26549266972568,0.0770055083878286,-0.3868202341473641
7167,41.350676416987824,-0.4906410712168857,-1.7788907919337924
7168,133.90691256226145,2.013388523283133,-0.4865618584967681
7169,11.948162109516543,2.2993800617529514,-2.2490885540201786
7170,12.099756597720678,2.172234222679108,-2.13243260339884
7171,40.55926997508207,-1.2566249537670195,-1.6319969277154187
7172,12.205277690029956,-0.3233524389044572,-2.340398888233641
7173,40.28887024064477,-1.361747868302252,-2.307813847282834
7175,15.138953277314592,0.553104625486411,-0.3488525579707715
7177,12.48919426197523,-0.925806745608424,2.6514302007388384
7178,18.21052236627446,-1.3095965959693552,2.865384484512487
7179,15.104151708333308,-1.314405208884908,-0.7189941756789906
7180,11.15811301853178,-0.4249916902658632,1.2036069346313405
7181,24.30388536241428,-1.9162797807909555,0.5396714515028075
7182,8.539402528992088,-1.3467261240778163,2.8503037418138857
7183,14.458827647526215,-2.0465129979855354,-2.693566112545428
7184,10.277045442727996,1.940680494717805,-0.3845462965468127
7185,13.31539017533906,0.7881039657981245,-1.051279443236747
7186,9.59840098509972,-1.6236862498605569,1.1848349203695854
7187,15.95519749174714,1.9790284711504889,1.183855721416689
7188,82.17114254515843,-0.1379316781244256,0.9861113194724208
7189,19.867578078930155,-1.189997790345627,2.587770377604126
7190,41.54434912998384,-2.0344523700669708,-1.7701366539939425
7191,17.192154036356303,-0.8422587914801187,-0.1986924670213954
7192,16.715776014795065,-1.8317039961348425,2.284196295639107
7193,12.565169755665965,-1.3218479502879106,-0.0775705548571952
7194,9.878078080977367,-2.175360721409375,2.5265391429612
7195,28.20848060713504,-0.5074988022193417,-1.9945721081846512
7196,51.116400940098046,0.3917056429802609,-0.8648697456852386
7197,16.942789738021546,-2.0250529990219506,-0.0069635543331806
7198,27.792221611300683,1.3652376042791308,-0.4703896963012408
7199,19.12712401667728,1.5860004128396428,1.934826289977548
7200,28.17405289869597,-0.3072181293557266,-2.536467521904474
7201,16.01246987408688,0.955595782901915,-2.250763711665823
7202,31.88770066421217,0.2661028401793203,2.6903824922762936
7203,12.214149439124965,1.9800850383298187,2.4278667361081165
7206,33.13863160574986,-0.3807011500706521,2.595921752844861
7207,19.52685809901465,-2.283767698757534,1.5518778036113403
7208,39.86404289375714,1.4881444364874554,-0.4538578486105813
7209,20.204650870373506,-0.4550323775109577,-1.1072220950373926
7210,10.700591964796546,-1.8351018322715933,2.0916104762206915
7211,17.718856678058668,-2.2338333550844696,2.579104563819
7212,28.726219186076044,-1.6303108827636834,2.2793714638309623
7213,26.14352659112325,0.3250495890557813,-3.101692482678565
7214,29.53437791165884,0.9743102457481806,1.365139918682435
7215,11.1181120595835,0.2025042119411529,2.913071919886139
7216,20.94843741817473,-1.6271471585058417,1.969270986931865
7217,78.37421064734815,-0.8743172408704722,-1.2881584106482125
7218,37.80399412738261,1.7448792527976664,-2.687258793943476
7219,25.45452685029248,1.9801241434614647,0.4975657258889774
7220,27.699884320125392,0.4477591439206205,-1.8173046646211632
7221,15.68804752737774,1.5718930257362385,1.2965969960193122
7222,25.96505294886357,0.5901558987593438,0.1456068357370822
7223,16.76577466790835,0.1375021325790278,2.1645096907360863
7224,10.01932753728018,-2.277950974072152,0.2932567625664761
7225,14.142837819443734,-0.1515146676553956,-0.5405368438613248
7226,32.996812622530925,-1.4500460537816633,-2.2109121459022703
7227,86.30792628660399,0.0053845101020465,0.5795819684878972
7228,28.949114042998488,-0.2073875532622498,-2.102826333821501
7229,11.334401199822487,-0.788139981665556,0.2212367597667014
7230,13.989234391556549,2.29679705934846,-2.999907061801153
7231,12.91392747996004,1.805398850504811,0.2208179425620496
7232,24.47722368801963,0.6907315248138726,0.6845075556556275
7233,40.68500923575756,2.416905126124684,-1.3460741838632455
7234,14.106680881295016,0.7344905930492804,0.7208156959831887
7235,22.20073843881041,1.9269600621117515,3.0130234247930248
7236,13.282609471753949,-0.8381505851115724,-2.9823602746949103
7237,12.29881125549905,1.6441710267678062,-0.6698420254841793
7238,25.441664479666915,-0.9953697590754212,1.4680927396035637
7239,8.087448819081668,1.453392645199296,3.10178252304238
7240,29.646526427391088,-0.3308709789124486,1.414880911441161
7241,10.60034806435409,0.8755740075405991,1.6044449098463656
7242,35.28342467581464,-0.7831226849954277,-1.697323991669457
7243,50.53120659774688,-0.5722977687703147,-0.3121546834843515
7244,17.54579794149726,1.8083033147011511,-2.9447269736187844
7245,17.34053661263468,-1.4535687177815917,1.161212053914484
7246,40.23612489906571,-0.1956380700896713,2.407343407853011
7247,24.78129785196728,-0.2956302436555713,-0.5626906838345966
7248,41.07678495455324,-1.1432551522455798,-0.0131330570867103
7249,23.33233230328419,0.6826070082906659,-1.7309624512198818
7250,16.486447591363497,-0.7163260551732504,-0.1454464806163073
7251,40.003014287426126,-2.214028552752467,-1.8848575236803256
7252,18.9598581073834,-0.980176199817468,2.1170234249512525
7253,19.107073577741343,-0.1614622061041672,0.4842817269458803
7254,13.114762921958135,0.4768231674295732,1.7759230812667652
7256,15.373095030353086,-0.9520377536195648,0.804445659288548
7257,10.258657263354095,-0.2975922854851857,0.7073135322770625
7258,212.87954899379235,-0.8396759862630356,-1.5538062973822913
7259,15.963092659616107,0.8375266667683721,-1.4437776663440811
7260,15.82905707983665,-2.2592173431325,0.4608777427324814
7261,16.05755499892883,-0.5301469872323834,1.5449726067152212
7262,29.815744715689146,0.888372841185904,0.9670150096165688
7263,28.810804383166968,-0.0873706966855799,-2.432600170077188
7264,15.637360602648403,2.197642882772708,-1.9383515668609448
7265,16.574883735125486,1.2083674533953193,-1.1079969145571416
7266,22.73630019326384,1.904102935967566,-2.446620871118712
7267,32.102367141445434,-2.230107702422781,2.8304884709340854
7268,38.12503990412015,1.6814539109979303,0.3210594674655085
7270,12.532495989547392,1.776026797490562,-0.8490885419754101
7271,36.5134388165912,0.4890095807739292,1.528044653178845
7272,22.68172548142389,-1.6038314867126646,0.4230317844905676
7273,28.833381680423297,-0.7434526946390758,0.3339813392228385
7274,30.93069997053377,-2.165908111281307,-1.063512978687806
7275,22.34129709515944,0.1163101513398068,-0.2759939141932266
7276,42.30781695774128,0.8406528268823866,-2.6654605119800188
7277,29.14317140820863,0.7167533395530219,-2.5468548153585138
7279,18.79695036979993,-0.5563208412636486,0.1740930669090682
7280,150.74987947736568,1.967183856356346,-1.588073800655499
7281,35.34416116152331,1.431911602113496,-0.8555982840904062
7283,49.898284737895125,2.383630213845331,-1.473533721995903
7284,80.9651620855585,-1.938673700411372,2.2461857062543924
7285,17.021162179174468,-2.3087450469358446,-1.2051350615064107
7286,45.192329757659,-0.6187086162187638,1.6686590281715912
7287,18.21071665775781,-1.2472512547290104,-2.666978436732254
7288,18.8757931205484,0.5885547731430614,-2.6768663194076714
7290,80.72695879067086,-0.1829207529145514,0.6575260572526256
7291,20.01066888436601,-0.1400952875866031,0.6061610380456254
7292,18.27587121075896,1.203827309707674,-2.3496039141927696
7293,14.726003921933106,-1.5289718612225496,-1.8143534327081337
7294,11.032305910493818,0.591207638242871,0.7339242973093558
7295,26.588451447948195,1.4586924241858223,1.7275792267403889
7296,18.20357391733372,0.0940477359282661,1.7149120354565095
7297,82.72187281631716,-1.628197699468083,2.674613138085208
7298,12.666403062358809,-0.9668225718331918,2.531641701598593
7299,32.55361826181961,-2.000734670587231,-1.7763602522177284
7300,49.3630145025781,-2.342529502339264,-2.4086923927642303
7301,14.63460029540036,0.5657427754448646,-1.1776163984792816
7302,35.315248077247,-0.7101711840084473,1.091646441534555
7303,29.52103640297935,-0.1582716792899687,-0.5399882174841025
7304,122.41032476021172,-0.7346286120730491,-0.5592677409211562
7305,14.101483001579624,-2.314136811635348,-2.719621280810952
7306,57.58625536717327,1.568343711499821,-2.691999843652624
7307,12.205989705166086,2.0191620424166863,-2.53651162265337
7308,52.028071969372505,-2.065250950273556,-0.1549600938511959
7309,18.01454279896675,1.3325513234349706,0.9195551672857848
7310,11.46297845033232,-0.295721040247471,1.4006822273935449
7311,11.503195597112706,-1.5271691264232088,-2.483212300522295
7312,13.595653641955396,1.915633475089947,1.0983453840429789
7313,30.739635864903903,-1.814050092720312,-2.5094613005928657
7314,13.61579171850275,-1.9253496086724289,-0.8053336816433998
7315,68.63785728534491,-1.2027377401239767,-0.3681468294439903
7316,11.04236945548432,-1.8393601017723424,3.106617517322627
7317,17.89898080773386,-2.229555476400603,1.3500297981863827
7318,55.13867016261903,2.2167634299747063,0.9132426221844788
7319,33.942754029762725,2.2041246190406243,1.8161180910176025
7320,15.38907331740582,0.8818921601372086,0.1461422202306675
7321,39.46559221524858,1.2914130177081988,2.936347923420039
7322,9.027740414397575,0.3645424644588221,-0.7088798851402276
7323,13.233239186325664,1.0044388953364023,2.7326391551170977
7324,37.85211143604659,0.9890371667723836,0.7469455725112868
7325,28.80986991321134,0.4454221386347261,0.3803764875607664
7326,35.364551994564515,0.2317256455736103,0.2739948772762406
7327,50.5704142232684,-0.5779897187624874,-1.780143286942956
7328,55.77418650946227,-0.3984177358331963,-1.059936699611132
7329,13.461038876403393,-1.1104663410930466,-2.321317335421552
7330,19.76431486846969,1.8615323257931644,-1.900074731533305
7331,286.17815905375886,0.377658996495706,1.9817369976267007
7332,9.244350808078972,2.0766551468411087,2.972917788231864
7333,12.191667402624766,2.207690432044448,-0.7093410115985693
7334,10.502430328825907,0.2229309031617311,1.9317426574351424
7335,14.669006057096167,-1.7843215891361162,0.3007826912080277
7336,31.604509249818115,2.3288138204801423,-2.665365198130172
7337,20.53665623308202,0.6495564862107828,3.032523009989193
7338,10.438397020709218,1.4643714071908212,-0.2618664574514688
7340,17.299551156501593,-2.2233128064378715,2.55724378296074
7341,21.765952585713737,-0.2621749144889908,-2.710457626272364
7342,40.4701527156234,0.0152759035220183,-0.1410061346696987
7343,19.979135273544376,-0.4621869354591171,1.3173084434473123
7344,21.72853026473276,2.0816386696066163,-1.7910371715923403
7345,11.804806739678828,0.2335613411407127,-0.3111362253926232
7347,11.303743242784016,1.2179483400682676,-2.558412433208788
7348,30.498189089816755,1.4954003270114795,-2.986019131915272
7349,71.78930765148321,1.8530677219841347,1.8373843960601648
7350,22.213091774961807,-0.4084152906541722,-1.146040157764468
7351,14.617278491572367,-1.3814395167264757,-1.1084161540391473
7352,25.92970832819585,-2.267302968449268,-2.6521254613758294
7354,367.0922629522536,0.7718354732077729,-2.948219502092308
7355,14.600416926273878,-0.0548369949837702,-1.149107586203537
7356,17.324400510666706,0.2768610362743189,0.0751302361849498
7357,28.52489040175352,1.4153313953074915,-2.476646499507175
7358,15.134612358449834,-0.2981441368200814,-1.9253072272043243
7359,10.84616709089426,2.0970167045367543,0.7972361253079339
7360,24.311216638372738,1.364553904837689,-0.1491498854953805
7361,20.73338593604113,-0.3600781910481008,-1.172175233326849
7362,23.29341366932175,0.6873211047009703,1.6875608229084538
7363,22.165427563747308,2.3621236827239915,1.3992971138820214
7364,43.17932652414419,0.8367995471826615,-1.5403275542544066
7365,12.37667098422308,-1.304013981921227,-0.9281253311832716
7366,41.61226869541462,-0.902459151306048,-1.7302050347845108
7367,15.4198277988033,0.6153652074183364,-2.2015176625333943
7368,30.0055359645333,-1.2805669233384245,-1.6482268258353108
7369,63.91699804748608,1.6484913308214455,-0.723759600604059
7370,15.16776603460688,-2.2844544017051187,2.190404153743902
7371,195.03060369628784,0.953237121839503,2.014243932901627
7372,16.637556224399752,-0.8743027277048571,-1.1494383288102292
7373,10.023855183611944,1.180056732674583,1.1012694455516687
7374,14.907651489786222,0.5474204824479555,1.6797603292056411
7375,95.2553131161862,0.4727937309614911,0.2268338253570313
7377,15.963033349586006,0.781726306552484,-0.949206416820597
7378,105.9331805023584,-1.2613844657211344,0.7467037352308002
7379,26.41135137398175,-0.823498191653981,2.069447682611436
7380,42.44889840081893,1.4940025377703996,1.7370759544135848
7381,11.627456333441453,1.4256162418099707,0.1960977555245696
7383,11.394891537585826,-2.0812777266501867,2.707125282588965
7384,109.38126178724738,-0.5013594963808773,-0.0688481523387321
7385,22.33556950963949,2.346922341273091,0.4075441298132619
7386,13.166529891647787,-0.8883884522592247,2.2098308999284986
7387,5.977478970883709,1.3151447756976824,3.1307431787432782
7388,9.99672389746831,1.8011552543906797,2.1361525160591395
7389,14.181008156751105,-1.8214603760053008,0.3353049489431222
7390,12.52965024545442,-0.7551812772202563,-0.8236508132148723
7391,42.636991418852894,2.1079641468801493,-1.9645158399866904
7392,16.779458101316692,-2.0677597824450955,-1.1463187722710682
7393,23.78051714176228,1.892993804753847,-1.876748310802196
7394,13.697545286402091,1.225263152610674,-1.4347516655471435
7395,65.91472643415455,0.7169497917206866,0.675342538886574
7396,11.744945359332329,0.318532907032613,-2.8734832487721675
7397,11.736261993411611,2.120800952966284,1.0204394893108952
7398,16.530330785779377,-1.5941344808841913,-1.0826289752116016
7399,32.780877880239395,-1.295773921137932,-2.548323264738356
7400,14.84036960351252,-0.0483675424969233,-2.348407289928536
7401,15.55388275282845,-1.6811006729597728,1.1416700266083648
7402,46.49839738023701,1.7365877409209194,-1.435417902990677
7403,24.47095580397524,-0.4370129436840944,1.4952545003186442
7404,48.33168891301539,2.251366273585551,-0.1546612983962454
7405,12.363131020659804,-1.0976617770382082,-2.141468432988181
7406,15.379596193597571,-0.8025822077832079,1.069331996430921
7407,25.569601020026926,1.6933869372736072,0.1523933858921337
7408,17.638262395820625,-2.4567753405320465,-0.0887275489516262
7409,12.340274727792718,2.183497976059871,0.8073323460666043
7410,11.803957397232107,-1.6194123160302036,2.293018995083243
7411,23.726842356262864,0.4865290639794861,-2.037749314364545
7413,13.168103717396022,-0.0117804765890351,2.106070834683759
7414,60.274735534502575,1.98218135718608,1.7936336078815085
7415,71.65684396009439,0.1913134327148027,1.4629339524242728
7416,20.27196561901737,-0.4187361038556849,2.6697851248610727
7417,35.16003810920341,-2.421038842124944,2.36740528398736
7418,15.267898346122507,0.2685416407161303,0.3397627977736965
7419,22.512272053429424,-0.5453207675796797,-1.7520392683002444
7420,136.17232404124314,2.369670601534228,-0.7698975739232072
7421,22.87805237571196,-2.3840743116835816,1.0669358246351413
7422,15.845026137184544,-0.6889408225499829,-0.6988864694960571
7423,16.432684742149004,0.2724142815868479,2.592253843174768
7424,75.1757883605407,0.9852834093627428,-3.114057357208313
7425,75.73020297999128,-1.3149207662451818,2.8006459608165097
7426,32.01852848322488,0.0996184607018919,2.571568964601181
7427,25.008860623040466,-1.176766895992378,-0.9508923181391128
7428,13.751089732237036,-0.4540728984850642,-1.7571701878642954
7429,46.73801996291856,1.9067185954571064,1.1181714020521365
7430,31.48910652295029,1.2023594399147022,1.756904051179204
7431,12.035857317887867,1.5535116435630536,1.8207474495858729
7432,27.16010072138341,2.3665090079778928,0.3819471943569566
7433,43.24861079841174,-2.199739354428538,-2.479596199887293
7434,20.603541639562696,-1.7311367808158984,2.5863180818914766
7435,14.501446510769192,0.8529688305534245,-1.6063020313865033
7436,11.823455528064477,0.0377612922729837,1.0012313880101782
7437,11.233617882839296,-1.934257856482183,0.3076817811134244
7438,18.759896739207488,0.465938300873831,2.853657404145188
7439,11.242058222696558,1.969371801997304,0.7106195061152716
7440,29.81594494203928,-0.4067047150825126,-3.06199088944193
7441,15.36213749986222,1.0545786553065328,-1.1907718233586255
7442,44.759509638470696,0.3193448718448899,-2.12330802852264
7443,23.53014957452285,0.2826291581911222,-1.7305144969093824
7444,18.907436295145263,-1.5182823485840975,-0.944214802416066
7445,12.214838199031789,-0.1206785582785595,-2.568973778020057
7446,18.73294179344337,1.223017614675448,-2.532723933124096
7447,13.977159897026628,1.839015078134493,2.0611723257899786
7448,31.909208506206003,-1.286587803996447,2.377454280172436
7449,30.921696460548567,1.6764135746156037,-0.3845629032258599
7450,12.979169731830671,0.3553500351026364,-1.3830752998817604
7451,9.185159130592847,-1.0999391196463988,-0.7190088793849786
7452,17.55226944654825,1.28010501645679,-2.52758880569522
7453,18.351682001017924,-1.968339067022784,0.8687096308770877
7454,11.566277702460296,-1.636864499497728,1.409000104774463
7455,21.227069232281675,-0.2061261651225956,2.621273422732944
7456,45.18341245021015,1.776674457832657,0.2264498732515392
7457,12.767767403650582,0.4490531190807798,-1.220482989428718
7458,10.85959837368899,0.3060293129318562,1.2625340145162305
7459,26.52949418929483,-0.1666689531911032,-0.6314092134427247
7460,98.44691080109428,-2.404135995289049,0.6089333777545144
7461,8.296334456772236,-0.0521379164998612,-2.873584039199688
7462,12.435178989850115,-1.2376359126623535,-2.3832997586747227
7463,29.31481038821168,1.0325020901587605,0.6219660432303762
7464,11.039601844137028,1.852708525544856,-2.63019470462183
7465,12.42583515859323,-1.195522338126164,2.65620122301881
7466,35.100004447771084,-1.0952575708605226,1.1068831067598364
7467,46.07343079313341,1.3571647652325725,-0.8504472470101976
7468,26.35288357664636,1.6948395194599684,1.8457968291962377
7469,21.492607660559383,0.282320576982517,-1.1005768897909216
7470,68.14907098117047,-1.1388909519493402,-1.359020686204429
7471,13.358457470322648,1.4743594567444986,0.2736065347318066
7472,11.668995167293136,0.1179109375595611,-0.7193173974150275
7473,41.83518136204985,-0.5053290151755971,-2.4808124498908226
7474,14.006074838789656,2.288303455261706,-1.4184733809850252
7475,10.274166895217489,0.7832407391298534,-0.5861605300283591
7476,51.93657652980102,-1.486412066093057,-0.4217807981013521
7477,14.929873592312788,1.145120277743136,1.801414377283208
7478,87.74451920444793,-2.013187601124484,-1.3568269459061335
7479,188.10952684377745,1.4782995962783307,2.94758550087346
7480,82.74981967554501,1.788098165918423,2.330526859623546
7481,30.98913345460292,0.5463817413351644,-2.846473004262452
7482,28.81753861637556,-1.6886236197184807,-2.883430557385331
7483,26.93942102783461,0.5978271873775802,0.0574949445514124
7484,18.192407890776536,2.04918627798751,-0.8706902758242168
7485,12.889835985883565,0.3931671914088999,0.0283167400003051
7486,109.93702240844456,1.666490105340607,0.5949774926577871
7487,33.91628117171205,-0.7742551318255086,0.3253219470166743
7488,12.638230581612296,-1.7262447685492963,1.967468066856912
7489,11.77533334437718,-0.3936520705328953,-2.425079738099253
7490,109.45945900098528,1.9102017175942028,1.8574032791583672
7491,32.47657096079351,1.748074648851484,1.5383259877836544
7492,15.31273660624514,2.3502451402703706,2.822531701123688
7493,14.101225465437162,1.5144321404278591,-1.5779118431693604
7494,11.04640031581795,2.04453268708513,-0.4344950099506898
7495,14.709109923535264,0.3708888097817698,2.426025536793924
7496,43.037593101599015,1.775867198295329,0.3563452123964413
7497,26.87184393253448,1.635843635396972,-2.3543823540151805
7498,35.44373814644819,-0.5329692303053244,1.8888375109454003
7499,21.143691592642543,-1.3703550311137174,-2.840870847154846
7500,10.763770358216966,-1.6244589357908026,1.903800690413794
7501,31.85261892333626,0.7451141048010784,-2.562096210168514
7502,12.33175069996556,-1.4918297336898294,1.264254042176235
7503,11.455058266849097,2.022830368792638,2.2095360874928747
7504,61.29414419178661,0.2921249345129575,-2.481827805075944
7505,45.46809520557792,1.986521980291344,2.843457872668965
7506,5.201365044722493,-0.4078030960085906,-0.9349942818882888
7507,9.065978270913847,2.35429288976306,2.2160379089145463
7508,46.60372776046002,-1.0063802805380506,-1.2141029007700344
7509,15.80947573485347,0.5222517568413781,2.966321695105199
7510,17.371228945853733,-1.4775589246100342,-2.7116602378988017
7511,12.162147962374652,1.4013210463896166,-1.7867465327972671
7512,18.19762665833943,-1.3731197397078052,-1.2622168306561168
7513,16.508062676669706,-1.3537862802638263,-0.0391911148651149
7514,18.588884356862973,-1.3048268214783612,2.214835887699246
7515,17.034079280951108,-1.6895271073287246,0.7240282141722718
7516,9.783011098061444,1.8153554133987744,-0.6716222243765885
7517,14.045595447142103,2.168157528350488,-1.1097452842244675
7519,74.5602593548568,-1.1467655723115011,-1.5309673897183698
7520,15.644069467229189,0.628492213646501,-2.973420251371773
7521,9.663757159302374,-1.3301169508531363,2.262804051983359
7522,10.695595809433028,0.0810189166977154,-1.4584118208080885
7523,21.59849625015884,-1.7336538616732908,2.0486181256990843
7524,13.995383806130674,1.7566885754556445,-2.508589015934193
7525,15.210603938711657,-2.4357866168844007,-2.640556169100289
7526,42.00846479401877,0.6230700189466547,-2.4801654702018525
7527,16.718877000847833,-1.3277698238295867,-0.488593390007631
7528,11.09077956590666,-0.8284761169485486,0.1444568952852712
7529,17.29350777491134,-0.5165108345198604,1.4571993265047023
7530,61.96687949696872,-1.5416528141954324,2.349458847013985
7531,11.492722039518794,-0.9301928660880736,1.4931544760263682
7532,22.56635100637268,1.6549373371845642,2.1106082571566875
7533,23.9112095692907,1.5820703477973703,2.844587546219856
7534,68.46344978022793,0.8011826228222303,1.959815497279925
7535,15.363987138552009,1.1576233564545022,0.852273918738858
7536,29.63313392644633,0.3334776273297729,-2.725517622473461
7537,7.3438532192917,-1.2529915122993431,-0.2590531197586228
7538,22.50315692573492,0.2808408711068565,-2.073936094668801
7539,13.62510224232727,0.1695928450013448,-0.8207662976948588
7540,56.40415208590802,-0.945903665394384,1.749857097046683
7541,74.05737539694623,0.0928779889559739,0.0591614091859182
7542,35.9695917895748,2.406725270450707,2.018800114015283
7543,11.237971260164471,1.1546417564124083,-2.012560418006679
7544,22.41343951737781,-0.2751886566609111,-0.2646855651264376
7545,11.419167032679802,0.8957600731483631,-1.6084396715965077
7546,23.01164067031982,1.2489921302219695,0.7310374201327918
7547,12.063545436897364,-1.5741414442313455,0.1095006068025805
7548,19.62516171015772,-1.3567463711573786,-1.893410759480898
7549,29.42181542363146,-1.238997425577724,2.358392857149948
7550,21.35951583547156,1.872912870647314,2.826457045462329
7552,13.99018550211441,-0.3200325603944679,-0.8915668111600686
7553,17.366003548271696,-2.154464651647696,2.155767990039585
7554,16.56353655909911,-0.3281992024907467,-0.992274119422822
7555,26.974656533738887,2.1373364798514944,2.5677895090002263
7556,37.89457053951238,1.3404590018834528,-1.5719967000390995
7557,19.79632816700838,0.2721920093895231,-1.3042518668470322
7558,21.23981377946041,0.129464597845142,-0.6602279861150192
7559,54.97177647368759,2.028976491063,2.096453373265041
7560,22.93929499416492,1.3738188753699148,1.295156101813015
7561,13.453617990133887,1.618579399262001,-1.969964215663153
7562,11.386996510963112,1.0600373264278589,-2.248027930607376
7563,147.02061258698328,0.6459072762389583,0.5634826038819258
7564,37.68071702472668,1.219086489412088,0.912833943216881
7565,61.089346496949695,1.908394080797716,0.340022543283394
7566,19.94001405918124,1.1699587098616449,2.388933650414012
7567,13.69252338623757,-0.6901626408633097,1.3027098644523385
7568,19.35019847641709,1.7885263821897506,1.3907835053868598
7569,13.068425504683995,-1.2496157845740767,1.5364913360429329
7570,71.20610748025761,0.0177424299476878,2.0667355875059243
7571,101.78640273074184,1.4182940590645543,-2.069871809244429
7572,10.07740229009979,-1.4817481679134734,-1.659663727302065
7573,11.871073090974743,1.90689511419234,-0.2761879901604563
7574,12.155057131573054,0.8293947753823718,2.2164198555796384
7575,24.46462803624295,-1.6447693790775455,-2.150441903495025
7576,2.3065392101633315,0.1010818298683569,1.865526601915864
7577,19.591265853868894,-2.3763157145893907,-1.1284494564820842
7578,57.2700023401564,-0.6154908690021452,-1.027967490385107
7579,24.93073785218225,0.9372529631249964,2.1871839842547005
7580,15.145493576137602,-0.4679542272539198,-0.2095149734239629
7581,72.60833447960661,2.0340327296197587,-0.1375129784980082
7582,23.79565080042484,2.43552529315772,2.785732880745723
7583,32.42800353593243,-1.391673788940638,-2.9312205139771703
7584,15.56358252647006,-2.0051911591674925,-1.6826347382265456
7585,30.385353557032,1.8519198601911973,-2.736826915597188
7586,25.78359863101981,-0.7281330817639484,-0.8246059226446175
7587,20.94362459047193,-1.6199727360713063,2.6229424978523594
7588,31.21604948636064,0.1605016828172459,-0.8992519246399551
7589,33.66520540570719,0.7725149119076521,-0.959976336384417
7590,68.9295362798465,-1.033810944652587,-3.089786820685879
7591,16.557946398909028,2.402303217408758,-1.0693629583985955
7592,18.32113124355025,-1.3524132316647657,-0.9086448514833152
7593,10.531589325081162,0.063762173424208,-2.612684325262028
7594,14.561668083753254,-1.2259066088185002,-1.9640871308828685
7595,13.311766232830523,-0.1601309978912665,2.999882008547312
7596,26.978092264327863,1.0781840169055974,2.616263651659477
7597,12.83336121490501,-1.6494590752216556,1.635621039048763
7598,68.44120148740014,0.4953274220490052,2.4874690546761924
7599,47.37164315135052,-0.264060932075149,-2.291139264768846
7600,14.016845554148263,-0.0328933843417701,-0.9152821616724266
7601,1.3133161956310997,-0.1495497621707553,-0.265043873451322
7602,10.934755343065342,0.02331483805317,1.2462397073552425
7603,37.21037952867162,-2.32469630564735,0.593099429534353
7604,16.04644261467572,-2.384966305283806,-1.348847010726412
7605,49.32791915730479,0.8549520834593575,2.948035968408268
7606,16.02062296777088,1.8612578423348671,-2.657299915032696
7607,22.07862817500287,-2.3927217121657045,0.3143701479165956
7608,111.4819344407788,1.1379394428716674,1.1148963264369858
7609,38.80656066653701,0.3251386785549096,0.7856459044954641
7610,21.210245790655325,0.6708562384486855,0.5720460434499492
7611,16.73506845473184,-0.7387645910691676,-0.0033329209230285
7612,33.20584561714521,-1.508251437306992,-0.1317932472797407
7613,45.63631165355714,1.5308782551404478,0.5123026180419868
7616,42.90943212624924,1.6998431792884237,1.1031311583011554
7617,4.474247703192783,1.012300953895658,-2.66771787927568
7618,24.8980875778612,1.034288326225946,-0.9144350961955892
7619,24.77757490510497,-2.2199901553595085,2.409562805625752
7620,28.52902636306891,1.7792202308941474,0.8342029456438074
7621,37.03682015796888,-0.1229928707553021,1.9444683250410864
7622,52.85083023445191,-1.0286527670556778,-2.153696977476955
7623,12.527841602408142,-2.08211928641373,1.2847400115088738
7624,21.04924388113828,-2.070767999696916,-2.5232911116517416
7625,33.963855532273975,0.4320557171973058,-3.134841957501575
7626,29.6613327699097,1.4509074634477024,-2.025902885968075
7627,17.434648010949495,-0.4627503674938943,-1.3345469580861422
7628,25.52069404655828,-0.5663167433340682,-1.169412894405433
7629,28.324612369002384,0.8091001281056159,1.6143723871640248
7630,16.169449265593844,1.914327269492655,-0.3590211136340137
7631,53.1953887583102,-1.6512373231290396,-0.0016865543664584
7632,10.205445860423886,2.2538841074200486,-1.5976213337306429
7633,16.02176497552201,1.6479205072233285,2.777926172496965
7634,11.591292853466449,1.9613111114405848,2.074412683502066
7635,25.644017203155123,1.5905569335057033,2.269614988782913
7636,10.478455577459012,1.471325838418451,-2.7827070945900507
7637,15.268935163825724,-0.7264463422862409,2.5398311364122166
7638,19.014149288791863,-0.5484088760329381,-2.7189406340038
7639,18.0309936711527,-0.6756189865719512,-1.6837014994491304
7640,40.29683149490332,-1.1329060352769476,-0.7242287161788613
7641,17.556637474305845,-1.9727754745098625,-2.5225162362059304
7642,7.336515192263581,-2.290691009457768,0.6860689003503829
7643,14.93358088838029,-2.2459088366670024,2.473891955215908
7644,57.77148950038916,0.5235772713301473,-2.1181924389479314
7645,10.98814039979965,-1.389491836159204,-2.8580814197464828
7646,16.93278355301641,-1.4796030201020345,-1.965040968215673
7647,108.79060851526174,-0.0331333024575873,2.375899639394566
7649,10.413583391973102,1.6141292599942532,-0.072758101810965
7650,27.298544965461325,-2.1473743484395733,-2.641330191674164
7651,19.48485296084461,1.5181383256970182,-0.781479437639329
7652,20.556725558750493,2.224419764208517,-0.9380427695065268
7653,23.63034204888694,-0.7104159488141751,-1.2088716153279526
7654,58.76962125954223,-1.5767408640367913,2.765925784506463
7655,70.25388401962753,-1.2710058540510492,1.8822428550295145
7656,16.941770434502835,-0.1780522958814915,-0.5215945063393189
7657,27.5373794182121,-1.4385535007900936,1.4412468546687045
7658,58.97910496625923,2.382791138329493,-1.2099362958508777
7659,10.717442501098596,-0.0061159056325004,1.8497024379189104
7660,14.643728405007485,2.3703454555316026,-2.271221148008665
7661,27.60465920606508,-0.0262986456331418,2.405067026710056
7662,23.80435991118089,-2.0414661121114004,2.64901584238956
7663,23.360203068577743,-1.5899526583288477,-1.7470763855223723
7665,49.98582922277034,-1.3950367896393152,-2.579906029060831
7666,69.80175978516978,-0.2261630604495778,2.6600443535966427
7667,16.074496189909855,1.91643831910884,-0.5491043458710605
7668,11.800818116003065,-1.733570518260869,1.4520946341347116
7669,11.015086643743295,-2.15496889589059,1.5682064532524156
7670,13.172459722060951,1.3331190209781407,1.92869344121926
7671,21.107302264281447,-0.9278584664159244,-0.7040959822177694
7673,15.339110328207058,-1.651150301533276,-2.9849350162682007
7674,11.3476870513369,0.1211072344693874,3.046252390249633
7675,13.634826682233282,-0.0346006138904463,0.0660458119431743
7676,14.879248018686331,0.3358735434575229,1.9455756811792364
7677,154.20060714796685,-1.9173193876321364,2.331199903623932
7678,13.265545683027,1.611971075329215,-1.7297743491151871
7679,12.300524150937584,0.9204262476794176,3.1195975533052627
7680,11.334185322374164,0.2994054249503172,-0.1834402830126812
7681,67.92912961693798,0.6229113645712977,-1.547505869794654
7682,13.96362290887922,-1.264108276634588,1.8834664573783635
7683,24.841942659861,1.909580539074924,-2.606932937499718
7684,13.747567540920182,1.7488758108410205,2.030734265565205
7685,19.969930601029663,-1.7381380058540408,-0.5219334294047069
7686,58.47712231368354,-1.192364548073812,2.567770882347733
7687,6.14539625501347,-2.093521088217823,-0.9190052043672404
7688,15.282280572785792,0.7802624394132249,-1.4247435288750814
7689,38.47093553871756,2.2518105298313547,-2.7365504129120457
7690,16.69670042310247,1.9600052979909703,-3.0841895457837243
7691,103.56074113820377,-1.7872055941603924,2.448756268304773
7692,17.01402111005649,-0.6037692537714773,0.854677181338168
7693,11.768443803849138,2.003613649217933,-0.0941294059600611
7694,15.163200681137926,-1.801353577569898,0.9504667396123846
7695,17.695175356058858,1.4913453200494535,-2.964628936500337
7696,10.214656679018258,-2.454126378356638,2.5918758482079247
7697,49.6397279878577,0.7361801006286015,-1.1175123562207454
7698,21.110636522557165,-1.832121956789745,-0.3011096697563524
7699,42.28281913239367,2.323476841740543,-2.569684063722109
7700,11.990372218858704,0.0249788193064065,-2.547523493793383
7701,13.515768438507248,0.1777443130448217,2.306457246699628
7702,30.74530495868389,1.86329651577289,-0.9370053096728028
7703,77.27606288677688,-0.265638982408648,-2.415111068667105
7704,25.75942886882911,-2.0172565665794897,-2.312838528267068
7705,17.884464292045152,-1.981343116642481,0.0277830805170878
7706,25.8066008787812,0.4489647043083373,0.1985302420602905
7707,15.202134478389098,-0.4608155492406882,-0.0929242296968687
7708,13.728880651370767,-0.6558268874589777,1.22963353645718
7709,13.370638781518954,-2.034875084291592,-1.601456064071398
7710,26.78478611885088,1.9415544989479887,1.1899392285485997
7712,44.956611213189454,-0.6149470547181816,1.3541560874585172
7713,17.39837122094352,2.213224428829482,2.3253988808633843
7714,12.443607223206495,1.9783085157353333,-2.2240307700047794
7715,58.51097831144521,1.5431308774881538,-1.0843204946955125
7716,22.47466165150508,-1.7221798569498326,2.794689442559227
7717,41.80165827094811,-2.0759089363729943,-2.7694329149818624
7718,10.150710645976098,2.317422172489379,1.786254036644415
7719,52.549392748951696,-0.2942922991472858,0.9335967344854528
7720,65.04336140330238,1.595291359013919,2.953206453484227
7721,10.07529190307013,0.2938218332420794,-0.956613343976344
7722,48.1311286180519,2.3669015349240907,1.5528781593913985
7723,54.42465173903971,1.5540143899866066,1.6865077806261266
7724,10.855343735727596,-1.5741332266153911,1.0553603114551315
7725,13.39942065329006,-1.6090937449729752,1.0319700372668648
7726,160.617445932833,-2.3216860739798646,0.6684078669117096
7727,12.842526878364016,0.1497067753167825,-0.1882254350076344
7728,31.87908026223072,1.9114915179915213,0.5614353691370367
7730,12.705764154026438,-1.799242688813938,-0.6698366272678388
7731,5.618073370156862,-0.4081940475356395,1.6121131453806048
7732,42.71121967441656,0.7579299236871125,-0.6472998855486588
7733,19.772835898426607,-1.1727439124459185,-1.6720216415873803
7734,12.009416019029462,-0.0920042603327099,1.0885526958863607
7735,55.74935972534742,-0.7440194696678438,-2.0627814667494007
7736,14.22672843666745,1.9338524356142024,-1.4699185791966285
7737,118.2621079866654,-0.7327606831453023,0.3680285145290571
7738,15.776917427442816,-1.4801039551483866,-0.3492683834478337
7739,45.51831199522172,2.454757851787906,2.1555551798132604
7740,13.769778839993975,1.2396853077540764,0.5688967377547687
7741,14.340383698514415,-0.9386390983964478,1.5628690270149526
7742,16.035251180987384,-0.7084891784049591,-1.788860362439584
7743,31.187630017094545,0.0619229991782368,-2.886546409877538
7744,10.11945525117486,2.288933924843408,2.7296995075144284
7745,28.29454113465919,-0.4919547360436317,-0.4214701893511566
7746,83.16864360426287,-0.8700508397126097,-2.3968975627336304
7747,13.288443226191289,0.2301385693934876,-1.132643740471406
7748,16.79593590181356,1.5126706011764586,2.696987239968493
7749,27.46911799448361,-1.0383871928573951,1.5576425694094842
7750,17.455528901351496,-1.8718034882575847,0.7939904997210161
7751,54.36910596333789,-1.0916468850970686,-0.4068654091852763
7752,58.585834483069846,-1.6745541549555671,0.8919997803633111
7753,11.6591301396183,-0.999788576488116,-0.1930121175299282
7754,22.045662357875724,-0.1334859711275234,-0.5823856455398094
7755,72.58812178075885,0.6579081509506907,-0.6603460196812473
7756,15.293303321931232,2.4940158048414336,-1.028193000747172
7757,74.66395889925386,-1.198107920132285,1.407302154760701
7758,38.53851881359268,-1.005701895043394,1.6100883096315384
7759,64.90967548496583,-1.0218501180330544,0.1051404248400819
7760,10.760616482516529,-1.0622011350680305,0.1009888825622419
7761,12.11994733824728,-1.9899212558427688,-2.735925217800506
7762,56.28660339620736,-0.1518051010601394,-1.400657042249598
7763,20.57201805460317,1.1314295943623482,2.7739922402652115
7764,16.390254853620156,0.6540451661017608,-1.0026375501755171
7765,12.744542205820723,2.132560556119916,1.1799103322974758
7766,19.56967107617728,2.0719342512490333,-1.6627086717534298
7767,35.9753552159948,-1.632666860839227,-0.8805615200972694
7768,64.51204207993784,2.231824996359119,0.0516505092548792
7769,13.124644137400296,-0.5762414797444143,2.544335697786688
7770,14.981862692064182,-1.3723235481043103,-2.5595864366611423
7771,25.78187105917665,-1.9049108829528991,-1.600578311668832
7772,20.87668010975236,-2.0670521468663043,1.9340391293849608
7773,8.033214410569123,2.178945083565335,0.1508984745288383
7774,51.18567444595308,0.9723597685923776,-2.7138523301922963
7775,24.51200770402109,-0.9618303684936332,2.915197953061597
7776,15.55672865551473,2.315459164159455,-1.6591117172823646
7777,18.55816966015148,2.328811587475554,-2.2452143609571595
7779,9.891636024655698,2.4272546009023124,-1.98233519923356
7780,17.12890548555679,-1.0297587041880014,-1.7874594978950482
7781,19.83050811562206,-0.4421993312848511,-2.0927299714852805
7782,80.30805454339091,-0.6254768487449031,-0.5957573760294617
7783,14.671019134833584,1.4521524302986943,2.0078222191632795
7784,16.535376407410226,1.953990264614852,-1.1966944898474607
7785,46.12698081235778,-1.757537104548546,1.8268875621605467
7786,45.532094258482985,2.1632579347221843,3.038587271069611
7787,20.98266667441106,1.648644468255223,1.2604373618620055
7788,51.676457036624704,0.725546024787971,1.6347389335424771
7789,68.91606611642058,-0.265818533746474,-2.260823414295628
7790,10.225651369378433,-0.6363457314349271,-0.2694343477656972
7791,12.57107714423737,-2.0576993009232343,1.7071793719776016
7792,30.640731315066336,-1.3671851722770072,-2.0204086831427976
7793,58.32920537835257,0.3995674049146954,-0.6130523750397712
7794,71.48750502320016,-2.473736891063444,-2.897697674253258
7795,27.414809855359216,2.0484858386737907,-2.025181895480383
7796,14.052026575629537,-0.2747502151711323,-2.6743935703726107
7797,9.201569702293996,1.8888447477181225,1.0878736527092772
7798,20.65066424312405,-1.143280416475281,-2.8061293966148915
7799,9.2003464330605,-1.4288970850506146,-0.6455750207142229
7800,164.16660412855632,-0.4534846481411601,0.9194530279038396
7801,88.4868745473632,-1.6725616885937296,-0.4516217067495207
7802,16.984146286061446,-0.7159746340946299,3.0341380282906782
7803,15.75765476023834,-2.038073219497701,-0.8183570611957459
7804,25.364293625705272,-2.243342629903053,0.046361234789516
7805,14.789546753998856,0.2510080677937841,-2.153798959078421
7806,30.45305752828044,-0.6089307023940339,2.2030193416657315
7807,11.194103697934557,-1.7902661207612702,-0.7925565535758906
7808,30.887920835425085,0.654137217217947,1.8290246418237912
7809,64.54888983147279,-1.8180822351051409,2.734793969328421
7810,10.98893291425158,-1.903640073801394,-0.1325125638034673
7811,22.39709723654945,-2.372952934230142,-0.4253962288141624
7812,80.30965153889808,1.514392434326884,-2.921866684257073
7813,10.5366068133309,-0.7577515125858555,-1.5530142626432066
7814,13.054230689758654,1.330817788203687,1.8456788930634185
7815,11.36003254507336,-0.3744902035496781,-2.697746263138935
7816,11.2516787435055,2.120003001064892,-1.2534377815878237
7818,50.9477518047947,-1.1408196491205016,1.684563695616981
7819,63.57437458428432,0.9081280422503228,0.403096553585302
7820,11.971388763029069,-0.1213080223153048,1.851354022029504
7822,7.546566499201161,-0.2656546126769668,-2.24140485218094
7824,13.097117868268358,-0.6079062719596742,-1.4739839691258338
7825,21.541125000924342,-0.3801541613919291,-1.6221396811517388
7826,18.899333737574043,2.183533809656634,-1.7555038982586362
7827,23.257978604375083,-2.153590296574913,1.9277595807640644
7828,14.169053727020234,-1.0503029838417792,-1.2896145145871625
7829,90.27596307586803,2.2379881690394634,-0.7901419320487514
7830,26.383178630935525,-0.5641928294441177,-1.952107131352788
7831,13.29961492835102,-1.1563382737474737,-0.0150741055908022
7832,21.77726405352057,-1.1970944558106604,-0.6630640906587647
7834,19.88635288249377,2.27472302503947,-2.095642950636812
7835,26.46202683739424,-0.6292447084223709,-2.8079892125450474
7836,11.990107272361442,0.8578138513933125,-1.2940772116178358
7837,12.352775780187525,-2.0965036354663305,-1.4405459271110663
7838,16.868692110382835,-0.1781577545915087,3.062341552283226
7839,28.760480092839163,-1.2823444531112589,2.8764845903979395
7840,10.093881513238978,-0.453244396383982,-2.7148325633295083
7841,53.05752495176896,0.7449366440701689,0.5466485259776427
7842,98.42174754975618,-0.0781116869837245,-2.7611203506470035
7843,34.084192937105975,1.0790350793991543,1.956621769347341
7844,59.2877099190358,1.109973398387761,-1.838898320642599
7845,40.43872850472532,2.23266998429155,-2.637418357115615
7846,12.47884930254421,1.4739637948857645,-2.233943586031303
7847,32.745419200022525,1.2487871502155932,-2.849676546368861
7848,21.95723419906755,2.4422424317246034,1.9293397308948244
7851,15.890663149771516,-0.2277845610246926,-1.8565129627667336
7852,15.418682788247024,-0.4880912139584137,1.07664158228206
7853,18.38390399548689,1.721000151458742,2.323421265744116
7854,166.4558080621651,-2.093804344422784,2.8578162834262777
7855,282.7342003242099,1.7381282821223003,-0.0075716807956107
7856,54.59035216991292,-0.6754761970301936,2.4555567393009268
7857,17.92306682519826,-0.1205534711844057,-3.083679192184796
7858,10.457555656448047,0.428901775157252,-1.7705311884281976
7859,13.36997339683705,-0.2481577083743763,-0.0300170516407427
7860,25.040926979016565,2.3965700909746905,2.7163668016454623
7861,152.19302983133932,1.88975210974566,1.622625150282797
7862,48.91728093614574,2.026779467767277,-1.5496648793270895
7863,16.48292966643203,0.6356982629622725,-2.7901885980278704
7864,10.933369042722983,1.299502158567684,0.4593078616679864
7865,17.025793701325565,1.1478159824851644,1.2253244161911658
7866,39.86061180544805,-0.5937703516131609,1.7914645283394623
7867,25.47824294146022,-2.387358691075728,1.4573942739764374
7868,17.553050397183622,-1.82993511201078,-2.135924742552297
7869,27.24833482487566,1.4984053299688789,2.1523389858519897
7870,42.40932428691168,0.7839700270611655,-0.2853548421716718
7871,19.58506900755257,-0.6780235683505793,2.3162756617445264
7872,15.118353619191163,-1.6713567821777322,0.6622201366905643
7873,21.016456010359903,1.661898513981438,-2.247178870860932
7874,25.639171280923875,-1.1492019491428151,-0.3293749119103851
7875,12.294639640251823,0.4274261143450291,2.4544181214833114
7876,12.698503593425686,-1.4168265040006207,-2.4392194124801136
7877,20.671861613496603,0.2561343010263271,3.075846631753813
7878,20.42450759370892,0.1256156017613404,-2.729761145646957
7879,26.43478571272201,-0.4515612313360656,-0.298334740720364
7880,35.028591946629554,-1.7661732292098429,1.000242604715049
7881,231.4430898951188,-1.8816394515388848,-2.9915359445244074
7882,16.19662052313631,0.0755918645259771,2.7277941058029205
7883,44.67515813000499,0.7239398516871876,0.4699111208925086
7885,38.11725317837444,0.5869285196004731,-0.7040617136323022
7886,118.04955702229029,-0.7956909674381721,1.7899713679066016
7887,38.37275969949064,0.7517663516958774,0.1706167442872328
7888,35.20001550785215,2.3457912722589964,2.045861652304563
7890,21.899580004128712,-0.0258642453971906,-1.3725413459644311
7891,37.40041813852108,2.28738874693132,-0.3075346256874663
7892,16.576653502261635,1.839997278138631,0.7640699274908572
7893,141.4169504540704,-0.8386448226842713,-1.479975334504274
7894,15.45378306735157,-1.460982589758779,1.9089812159789383
7895,38.38605291933463,2.352378687872009,-0.9063353396236872
7896,11.190519331414396,-2.0023116724024987,1.353798161475335
7897,16.74641295697628,1.9053777402585543,-2.4172752766083203
7898,10.904017147381422,-0.0916152642438446,-2.959380137569299
7899,37.358475142394,-1.4150718622464813,-0.0780321152913222
7900,11.74677954943992,1.3260841573060045,-0.2500843253543979
7901,10.233789051939029,2.2849999006051736,2.7456742851913263
7902,29.788859570230706,-0.4322106924914729,-1.6588150137925903
7903,34.176722578843595,1.0069726728862691,0.60235832585429
7904,27.301831221028905,-0.4129222414083611,-1.4474044502221028
7905,16.812832823679706,1.054879145520993,1.5925405927162917
7907,55.794272030912616,-1.2206348663868667,1.4142965526045042
7908,20.131303375552847,-1.440872226556137,-2.068019874595526
7909,119.07394160709684,0.0212701842267786,-2.8846894795398668
7910,10.567847351066735,-1.5990819357366255,2.613113682193663
7911,19.56769266156048,-0.9357691262197276,1.3794064738096017
7912,30.22107507544763,-0.3154008697888619,1.4526975256326462
7913,125.19983568709344,2.027959036408017,-1.7708225387879055
7914,67.9140611542778,-1.1260455174218724,1.7283774882034375
7915,22.469485213371303,2.436190923122949,0.4005833288602893
7916,14.630617045226558,-1.9371476179340013,-0.7161825060836993
7917,11.235879474795908,-1.0123556498938948,1.7342011009497382
7918,21.57012003767468,0.5048999739205786,-2.424202906784272
7919,16.091206315789496,-0.0274560773861963,-1.0290067632456068
7921,69.79885436230273,-1.5279547621675562,-0.5025783551784958
7922,11.964491511100348,-2.0170482749852545,-2.912972260322783
7923,57.34466193306223,0.6286353253159845,1.5831102603680265
7924,18.6936811769182,-1.6084876515028406,-1.0483213040977613
7925,53.50807203827582,1.9914991474063968,3.1393861669911414
7926,53.84819702807159,-0.1517651137833496,-1.707854432886286
7927,47.89619653521094,-1.0141361022224378,-0.1357648030580432
7928,118.8998533985105,0.657339578151392,0.6956012857389291
7929,25.86942440006725,0.5082512985516862,-2.060881958742483
7930,16.41902217308492,-0.0064836275752444,0.2453938872686278
7931,52.0893463514788,0.8432529471889059,-2.903953376286613
7932,13.22250017438978,2.1966617138554296,0.9583382797788812
7933,23.283914904316127,1.7728710935800134,0.1711680477837127
7934,11.764946772793795,-1.927632103890233,-1.4556152570773586
7935,15.413787496873448,1.7984627456842406,-2.155319472439422
7936,20.81980780588603,-0.3894240629275438,1.3942814928692382
7937,10.002533551814766,0.9661110753244222,3.001294256180012
7938,19.774908012253107,0.4316597304150464,2.2505535672465817
7939,33.243968239373565,0.9440640544522028,-2.831318328546175
7940,14.836590608102204,0.7963606254605792,1.8078643592989505
7941,13.805367686352747,2.391838109116485,2.5422724721552696
7942,25.139450317819843,0.5547858766043559,-1.8544504357313147
7943,10.6739307573224,-0.5040963951543757,0.7801429523448887
7944,13.678340340837696,2.3188308824095114,-2.089725859566681
7945,116.16637596427223,2.252633305791509,-0.1237179802850889
7946,14.661572724315304,-0.6888484389661397,-2.4671003240258704
7947,26.270474461526373,-0.701534576987206,-2.535725411254102
7948,11.642681090722364,0.3018341305073281,2.3674009263053524
7949,43.37221652525042,1.7701347177586784,1.6532346560060318
7950,46.66418885735663,-1.1131941567039043,2.81949633841364
7952,19.508544927032624,-2.3261636692117924,2.051324183737288
7953,71.27268474045962,2.444830721731415,2.260195331251738
7954,18.82816198506385,-2.034931263933731,0.6217695708821546
7955,41.05749170648738,0.8404476532154994,3.02917445387374
7956,39.92315902334344,-1.2211534342265924,0.9964541219649504
7957,22.58438436678423,-0.772805285369163,-2.295133369995961
7958,42.04323802927989,1.0586317205921985,1.3098053251579822
7959,16.86879136658945,-1.8077938948537824,2.7381302020250065
7960,10.803345743683195,0.220993930907505,2.343947933793459
7961,24.900990719713302,-1.579887860478136,-2.8065306381447512
7963,12.276302370246732,-0.9160562123141376,0.1218845560388908
7964,14.343497994504382,-1.3503013277818432,-2.864036029369466
7965,12.414717434063087,-1.1567193223442935,-1.1666104642740756
7966,14.922062297290804,-1.616116104168661,0.2729537253305275
7967,17.029990481997636,-1.5627125647695734,2.05383149733727
7968,54.22607701437587,-1.2561711948032075,0.5453417439265577
7969,10.960889859385205,1.0396460529827178,2.508783363782547
7970,14.574733223837317,-1.3045141530940425,-0.763437601623142
7971,37.0012960227869,1.3543514660351,1.7321653895188818
7972,16.92064357241748,1.6200260522864802,2.3837919377477483
7973,12.059405732667129,0.0861866127741002,0.504853158446947
7974,36.52116327108129,0.5844944605968493,1.576075799417708
7975,15.704791120847592,-0.2228666474022473,-0.0540118848873464
7976,10.809891103690546,1.2784719792829504,-0.0738406157861237
7977,21.57432696017472,1.1509368532703244,-2.7471010550900736
7978,13.35551155152022,1.7143863155868482,-0.1925589953257509
7979,19.29489068578566,-0.5814828231049912,2.641065676256802
7980,17.167022977420395,2.1193950296018897,0.4297335628227214
7981,14.068147732055902,0.1968866021913288,1.3707462669286812
7982,36.89846249902532,0.1287780577108192,0.2491385098782405
7983,26.300513534810072,-2.098988048112902,-1.785906169547495
7984,23.9947901671244,2.2559760771739765,-1.9789962938197712
7985,10.98729203097147,-0.2256520942031725,-2.994449582623321
7986,67.20744414942546,-1.516859397803579,0.4772663838304093
7987,11.592130709945511,0.8388351461779285,-0.9938378941653212
7988,19.75171086487569,-1.7593171533101255,-3.087055702916793
7989,58.57126341301974,0.4933502310547449,-0.4944259101629026
7990,18.10260986489056,-1.092462812232509,2.4708958533413306
7991,24.52031118175495,-0.4181796626497948,-2.334348348025078
7992,9.826150367628443,2.0326331340826367,-0.8943733842099465
7993,20.434282611512185,-1.0160529669723892,-2.8980047987102897
7994,17.977451876724142,1.298416333209444,0.4855167299784337
7995,22.74979015299004,1.2114915317118835,2.714043841211929
7996,21.74019376842201,1.6293348513736343,0.8580982337137627
7997,24.53326704637988,0.1183152402946466,-0.3821497036330057
7998,10.380759098359729,2.114224534441435,-0.8080774739278752
7999,50.55994759962692,-2.4579770072876084,0.8228232748996744
8000,3.2646256946055816,2.48813985268222,1.7681237910802048
8001,11.71812126532456,2.159274864280268,0.7341355081294361
8002,152.23061270798064,-0.7362895692372394,0.4799965377464536
8003,42.72471438378201,-1.6792303270702962,-0.2443477307139293
8004,13.256521274261416,1.2219672836704356,-0.0196826798862281
8005,13.273374818169648,-1.4360618624906754,2.17062854584814
8006,16.00259846379896,1.1028020466057276,-2.299162477492216
8007,28.47380833876364,-1.2639950190086064,-2.2256380243453404
8008,23.25982347520397,1.5252486594234955,0.5211285272890067
8009,15.399555324220763,-1.147267632890668,-2.833715157771022
8010,19.441542872853624,1.3151741232189245,-0.9542300973236286
8011,14.080545439742496,1.2276137536272045,-0.7883285631441441
8012,14.331647761826758,1.917434029404247,-2.1415964921602813
8013,11.959302425311195,-2.0690391581780085,1.2397589046138815
8014,23.53669295056672,0.8472422753238986,0.6956052833313763
8015,31.0380801050999,0.4702955248316885,-0.5556533740245896
8016,126.21021551081805,-0.1647984601192514,2.71912569545607
8017,46.78591677910661,0.3710148747214868,0.1700076125213371
8018,13.219338283366946,-1.4082592377550482,-2.845649108717176
8019,23.07706164762428,-0.0562203673085963,-1.033181833703404
8020,23.48405044255589,2.100611014464906,-1.358821059521933
8021,10.278651666845713,0.0698905419650646,2.1793431021486547
8022,15.844836178377966,-1.5110152675400008,2.53997749468468
8023,16.51685188560688,0.7140963486618072,1.8910024997505253
8024,15.184776415680618,0.6087796147010316,-1.8103731831708845
8025,16.41945718043265,-0.4552730289631654,1.841743943737511
8026,14.202461332246358,-2.227733084509613,-2.5266872331268297
8027,62.145145424171226,2.0146544192699563,0.4220461700634552
8028,15.526015625419854,-2.220016258818689,-1.524607668660074
8029,19.518704667930567,1.531158735363676,-1.271976298491907
8030,22.612088109757032,0.2715197024401912,3.1109146630020144
8031,32.228394993973595,-0.2881221244510469,-1.4851325468676393
8032,32.027930574630005,0.5254802289846947,2.313578042013149
8033,24.481670776173058,0.4482259905554932,0.0536741689487694
8035,26.90398142102712,-2.2983624360802555,1.8492224956202008
8036,33.92316369691689,2.117796938692191,-2.915409683348121
8037,22.385177402308496,0.0329988925701857,1.0038003023621689
8038,20.12876228022576,0.3142022579230029,0.5186535641685242
8039,57.79677676550325,-1.4268136347963745,-0.2696898105561204
8040,13.451967423453224,0.1273676549702623,0.0673422069195671
8042,13.821919465471227,-0.9945212137650142,-2.919333328535205
8043,13.338747735610175,0.9568020129363138,-2.2841090296262574
8044,12.748297165091351,-0.6029507876592792,-2.111486663500601
8045,14.540772290268404,1.7398619187218407,0.2672153493591432
8047,18.215895173059724,1.4426577474840478,-2.996400125571048
8048,12.725906510492017,1.4913247044971043,-1.476070910223212
8049,20.91596478035217,1.1466160081291836,-0.7287795272834084
8050,18.312702698769684,-0.3543663056373677,-3.0544678368521665
8051,26.026270321032328,0.390722651009928,-1.3433007680553444
8052,19.89414930480513,0.6988832292371718,0.3561279983931498
8053,55.78528015416144,1.7526992020383898,0.6283545449849125
8054,17.130585996004864,0.4174657512569844,-0.2811436997418455
8055,28.79162886633051,0.1873946921975969,0.2626756649469082
8057,16.92669461384309,-2.2268298309797294,0.8722210368207228
8058,20.72994774547455,-1.0880363144097809,1.713955071675764
8059,69.15239139694366,-1.133248797781088,-2.896833045942646
8060,20.12205679854285,2.2705804040681428,1.855800471008398
8061,33.0681070761274,0.9400336489921064,-2.187428062661579
8062,25.42732494074201,1.5911075931876968,-0.3240617709389864
8063,24.36026863420621,-0.4180501190236473,-2.740664210315213
8064,19.11233435003293,1.719384378862865,0.806455247201907
8065,26.25152243479184,-1.6964696986678147,-0.4046551117749533
8066,14.74192452659978,-0.0144824836776272,1.4138891053959215
8067,67.9700119030334,0.0481648349345341,-1.3373417322467904
8068,35.292408740411894,0.7054431221821592,-1.114308469068951
8069,30.748193160770423,-1.1139527860288767,0.0605478701543305
8070,40.04637645507235,0.0345674616286325,0.2134611411315913
8071,17.21760265034011,-0.6221700740569176,-0.724395526808344
8072,15.547563139714232,1.6250898377307288,-1.81994463783046
8073,16.24233422984177,-0.4499390059246783,-1.4567665758306472
8074,22.307548106933627,-1.9593926793199965,0.0031663779153297
8075,11.422797116431358,1.5364286244373275,-1.4591095373470282
8076,36.78144558343725,2.253229361276352,-1.951985708142817
8078,12.68312171708166,-2.254896899355701,2.325923674602976
8080,11.113151686374236,0.9184895557788274,-2.120330388379528
8081,17.05864539500237,2.0951926549086024,-1.7947486432276445
8082,39.615070129111466,-0.6552188052529766,2.1311060603485235
8083,34.07638832479436,-2.315068778797337,1.1405741938654346
8084,28.234182230100007,0.582870370426579,2.699251587044757
8085,19.009050316871274,0.2888301106314961,-2.636261123125594
8087,13.375102214255357,1.8398422047137808,0.927278908551594
8088,36.75127894526622,1.1117273444964797,0.9214174504736132
8089,15.140785337795077,0.3467600193051914,1.7764725081465793
8090,94.521598130046,-0.4590166160675531,0.8287394743965941
8091,31.81512599788277,-1.7429890445854297,-0.4000246249842665
8092,348.43387145924913,-0.9490036357000444,1.7189887410868705
8093,45.90017750778578,1.045558389794657,-1.0802170216735112
8094,35.1597017827756,-0.5884010685137308,0.905381004049489
8095,55.11577867365411,-0.2252393728483103,3.006408621381253
8096,61.65117798946523,-1.5439454916386766,-2.937813239719314
8097,31.019307079163585,-0.515990746047565,0.3325096187164239
8098,18.167638310880232,-0.6664569145874506,2.0977684952038103
8099,13.926264076941148,1.5861284498171564,2.093902125209398
8100,18.179821246283115,-2.262694712726883,1.3211208628382518
8101,117.46453603969957,1.9846984944355528,-0.3934550287531166
8102,23.07103758024352,1.3062702045500088,-1.0734146981071389
8103,24.570519110135084,0.1793650681875487,-3.0562234181149086
8104,19.33688760054813,1.4426358316692036,0.6422943416235418
8105,17.72545068992891,-1.3357771920876065,-2.558363547523756
8106,15.541834258074532,-1.4492224778460976,1.9038969470593967
8107,54.70758706945757,1.3936312544570923,-1.440760412583605
8108,11.857161697720892,-0.1494806165142086,2.852678291242388
8109,26.525886080341884,2.2647631785180464,-3.04156878844506
8110,15.370185338243752,-0.276891476815889,1.134407999828754
8111,16.48092701839242,2.2551163462985384,1.1203510606823448
8112,51.09013014051566,-1.4286110039824738,2.502029353471344
8113,26.841738766356936,1.5090717486939331,1.6960386940084693
8114,37.00022523649645,-1.2444742036811356,-1.025845714653747
8115,14.948485959718331,-2.0442120554635017,-0.1816350150596429
8116,11.727617593047672,-1.2007395701574093,0.9300573569553896
8117,16.181918083363726,1.2313985061662285,2.4713097972449707
8118,23.138629123907048,1.1890777029615094,-0.4367049569063523
8119,33.89427080455233,-1.3976680032244466,2.861142614808533
8120,23.81059732742436,-0.8522870193525894,2.1917357095986647
8121,31.83080115157466,2.0451450711855066,1.235244627639983
8122,9.425373608647895,-1.2716595507558297,-0.8598675774475293
8123,14.963357772451284,-1.6954536207715245,-0.8181226113556037
8124,29.854529692448978,-2.275270307116636,1.725317559178468
8125,71.37832448112086,0.5236889040497009,-1.4111483263996816
8126,31.90024534265373,-1.037991644675098,0.5370563466874572
8127,18.260390674524714,-0.3737036993114503,2.5860229940116013
8128,36.31970393453703,-2.381788396002284,2.5023195598323067
8129,20.524897185243187,0.0062323325170012,0.8354945210729294
8130,61.6397120016354,-2.20952176849613,0.3550952203115211
8131,73.64548072817476,0.8241894781204792,2.44014379800845
8132,27.0055892272978,0.9765345737003682,-3.064596544641456
8133,21.593734077975945,-1.6320364304578552,0.3940815632037769
8134,20.210220838819733,-0.4099129548579405,1.830478041640193
8135,11.346487853855113,-1.083785646681931,3.022437300264115
8136,101.02919443737191,-1.842153656699023,-1.7948671347819076
8137,10.65322793460954,-0.3924031975968968,0.3765236285171583
8138,10.45564115656174,-1.607048333508666,-1.7516219626772265
8139,26.418070409440983,0.3083597215956078,2.2767446481713507
8140,13.678321377509794,0.5846536585818982,-0.5613489068486188
8141,17.413526988068597,-1.6840042138946008,2.5271400674899267
8142,32.486613994268886,1.6686751910538549,1.5894414339058152
8143,60.34704497578927,-0.5918991390264623,2.0488299751974166
8144,14.18121670093374,-1.8954386275623647,0.9728175513745688
8145,24.878885888397672,-0.1971170891189871,1.3170074227999873
8146,16.005176450969092,1.8654000419916807,2.8364709657725378
8147,11.857589452464756,-1.6617288259582923,-1.8078777234907288
8148,10.548262234157423,-0.4600274627052666,-2.747513366642765
8150,20.06066042467964,-0.5107328710089271,-1.2269063313547324
8151,19.80217674659862,1.045821920426911,-0.3645918623182343
8152,64.18414085528741,-2.255863125512623,0.3502327522845403
8153,12.000221468697688,-0.5593215199611871,-2.3469843876030523
8154,48.01291548784325,2.0252763272247525,2.2888367058117103
8155,105.04105516953211,-0.9243727407816597,-0.0124224853674984
8156,16.747392352634957,-0.6526133613370044,-0.2444340385484088
8158,77.04841602343956,1.0183347303724766,-0.4229037217459578
8159,82.81856552292503,-1.5567977306186938,0.3520143817629004
8160,60.794939882200325,1.97629245439599,-0.7526696744008294
8161,16.077939984161212,0.8776792019383526,1.7869462733095065
8162,18.513600552060808,1.2062898967594171,3.021522580091341
8163,27.126589909057024,-1.8428922970064363,1.6749856452254606
8165,23.235697431701663,1.0012340259386483,2.43553381221109
8166,30.50413966695025,-0.1122765733998588,-2.9835352832230675
8167,39.37355119834118,1.6153841282540409,1.0680351139944435
8168,184.52704219725487,-2.425786490260177,-0.8231579854710372
8169,15.812334517177405,1.8000797405741058,2.7384911193832613
8170,15.05311785006304,0.2770508263092762,0.2453851648821609
8171,62.41355089183179,0.6058018159304139,-2.307677129293242
8172,27.19632874392861,-0.9082551942949396,-2.250133397303837
8173,36.68888194656982,0.3627595588722163,-1.971255022872204
8174,21.02175696650632,-0.6193375031536666,-1.990766148999472
8175,45.17185838987663,-0.4432051768931379,-2.3168434561511786
8177,19.77532678558816,2.229548364327792,-1.0630307800624024
8178,11.90697407516035,0.6550495156450771,-2.168483770533633
8179,16.98413611116509,1.6719184296208265,-0.8902572952955646
8180,30.68394211894283,0.8465578570944678,2.3339894321314207
8181,9.007323136290582,-0.0978429113689181,2.1151669573983813
8182,9.669747343704064,1.7511737157774947,-2.160694756550324
8183,7.617122866723321,-1.333382262453496,0.8720078376889686
8184,13.666290154476426,-0.3479816056833512,0.573243011051316
8185,23.537650356836505,0.6842374020208429,1.7349984413602322
8186,26.59201383072764,0.3100596441105637,2.599654621766605
8187,36.86766502360635,2.183395993323272,-1.2092371253313248
8188,16.407988206654498,-0.4663099691889018,1.495688443957676
8189,17.670700265889504,0.8396842700791981,-1.06770437556531
8190,54.72153377544184,-1.179130377502969,2.193299198136903
8191,10.891907782194,-0.0728893828570752,-0.6652040188719172
8192,12.62184902895326,0.1375110582454625,-0.5838342333785231
8193,14.742030003998371,-0.3629435362805174,-1.8119467407517973
8194,25.9358274451123,0.1323446810901691,3.089782456024459
8195,219.3206539635356,-0.2808970950955843,-0.5995899639170429
8196,17.7629599443869,-0.0157796402407162,-1.8450883029614944
8197,131.76253866237434,-2.1374379112892194,0.2411334807632445
8198,41.83405742906894,0.530623103931659,-1.7102138023466824
8199,71.69315277095787,1.8280404926430256,0.0459152566774527
8200,127.39338774605292,-0.2098456045872977,2.397593765367453
8201,33.902831165776256,1.7034396037936097,-2.141620953374688
8202,47.020776105770594,-1.0975314517618608,0.6268666283128179
8203,12.643245929008554,-2.3246498321031126,-1.6182612465584612
8204,12.345111936922194,-1.4196449924833414,2.671891651703913
8205,12.524685874956669,-2.071849616939576,1.628883446819032
8206,68.25085621433688,0.7976524982983535,-0.0849392807167767
8207,15.754940149752986,2.03895348892011,0.170014446242618
8208,11.17316656894744,-1.7093037965340816,-2.262335533955997
8209,33.38871415749624,0.3244389888386712,2.8086196673528945
8210,20.280260616297188,-1.0117385285298592,0.2333579634388881
8211,12.057588365557828,2.3872624633359654,0.4483825606375992
8212,51.94930912111701,-0.8943153914266151,-3.135042872684315
8213,34.625687096953136,2.311141605323888,-3.0870237883552107
8214,13.254839757057544,2.084124493245353,3.0419312165379067
8215,51.43709502369446,-0.7517112393110864,-0.219823690049579
8216,58.33859013148725,1.39449692506136,1.5241720769913458
8217,39.55302523490369,0.137999234931283,1.8581440872117143
8218,22.526696678814066,2.1059851791027544,-0.037484703319285
8219,17.843707732371282,0.4118095546348581,-0.6574283493827722
8220,37.94790033950236,-2.30725956603947,2.84995933736138
8221,95.6723135999337,-0.7886178190697,-1.224119107644797
8222,11.053117724090642,-2.3029318351542067,2.7802778841243323
8223,15.77813983829074,1.0260921242741947,-0.5588752948632228
8224,9.926215675061318,0.96516794889489,1.4980710203260317
8225,14.730665528663083,-1.042939671818688,1.5641543157916995
8226,64.70061758968616,-0.2868545673780035,0.2765099132022852
8227,14.04522402621954,-0.5043247286455181,-2.877492318148632
8228,19.12545163750783,-2.056161008320188,-0.4678497619816479
8229,43.05879453924598,-1.008043253716735,0.8950702022100485
8230,31.239219331946764,2.252557729383111,-2.158947754961434
8231,10.838181446842038,0.354458836529364,-0.2193248850671264
8232,20.3693854074339,1.0722847604726466,2.7760472894037576
8233,21.426854166877632,2.350047547304618,0.0276849533496505
8234,45.99786245504489,-0.5446545660638695,-0.3243009325149956
8235,12.061168914081575,2.119824579119093,-1.2695662897177578
8236,21.372128757870986,2.2677865695686634,-0.8394137907858611
8237,31.47014363591678,-0.3435952985908274,-0.9922216890074572
8238,12.555483882624133,1.2266725326842165,-0.5346886455774694
8239,13.119955428160964,1.1891853426720782,-1.7563040891912869
8240,9.998232164904024,-0.955681130887415,1.4283726352734722
8241,67.30372367904434,-0.9907719859011056,2.057861522879712
8242,71.799734152325,-2.136629573094763,-1.619264607068614
8243,92.98538299041886,0.819643632395725,0.5751647100436071
8244,11.12444322617198,0.0356975220995796,-2.8859087191105126
8245,7.260676864776682,-1.479766267861207,1.8872587221514328
8246,43.11411683901817,-0.0268143371378059,2.9662935327657056
8247,11.679547083965128,1.2251325243475937,-2.8179924188066
8248,63.535760163910346,1.434075414464221,1.617865200250459
8249,11.420188553628364,0.7328600831205649,0.6515065864105465
8250,46.58049828069315,1.418139178062856,1.8236728891437315
8251,19.617402894774223,-1.6581710088166464,-1.820328837151544
8252,17.8390432030986,-1.4549499165349775,0.9861701491675156
8253,29.74173225847009,1.7282992168523166,-0.8310061022686877
8254,23.11592254559671,-0.0319967583828721,0.939808005771082
8255,20.00554727290772,2.323933881390613,0.0773784771394947
8256,13.184228189114435,-0.7558827935512737,1.557330976577492
8257,11.595893183413407,-1.8418072132979104,1.9066898313452207
8258,14.47677351126858,-0.4621480024349208,-0.9366469064722313
8259,28.46844272506757,-0.3437859072083924,-0.1753704697574247
8260,35.837746565160984,1.8632349288404944,-2.9148303806525235
8261,17.429364211452988,-2.268849241105679,-0.583714780960469
8263,21.530497469641187,-1.2098416112416686,-0.198130889346747
8264,18.322838174017274,0.7787730233086672,-0.0869618933347446
8265,11.454622656030471,1.9442185054933725,-2.2925901562167423
8266,55.949872901080624,-1.7380729093476528,-1.4265438122156977
8267,16.727756892767143,1.0018148740155894,-0.5939673594742105
8268,45.94639466744667,-0.1207887159602756,-2.356418220071951
8269,34.564794803263645,0.7416978866953532,0.6976267623424751
8270,28.77700664571857,-2.464012020657876,0.4494139662931368
8271,6.876889997502889,1.8579134746695425,-2.1642854194778995
8272,21.80582230518018,1.3937844523517076,0.7178643838120556
8273,17.39181572240134,-1.2773886317643235,3.138128945668472
8274,80.33122244099506,1.2893850188750624,0.584608338716141
8275,11.20985411303286,-0.4653792566812507,-0.0067186385917618
8276,66.43093541749688,-1.710292229131516,-3.035384591766587
8277,41.45233459666298,1.2890219554999849,2.263184796465689
8278,35.18930146167127,0.5995984840999036,-0.7076048521437466
8280,9.86487011493558,-1.1543055449225812,0.3019766963878984
8281,23.310644416269646,-0.6959153132698509,-2.9521875354387013
8282,17.499174895112414,-1.427021916021299,2.050314087125474
8283,15.381916220859209,2.076191243063604,-1.6514573454918395
8284,13.827923460626016,-0.327678050631252,2.897432463163313
8285,43.41723402878796,0.3424910630245505,-0.94692803585897
8286,61.37237118328478,-0.6574859630804706,-0.2534137257205254
8287,26.42513986594913,-1.3772114122075607,-0.5122011436562772
8289,49.25273648916727,1.860068978411528,3.04413091544538
8290,10.46162481587397,1.0070637104085127,-0.9880695587548306
8291,29.81321461745481,-0.869691800852716,-0.1138253103932504
8292,8.71983269131345,1.055140995402254,2.3656772869346114
8293,46.64511807599899,-0.0523192894550373,1.7534166371345152
8294,72.78417153248388,-1.552828803114389,1.159616984155733
8295,10.038445532975825,2.034311886410254,-0.4204095195204843
8296,13.614971238355832,-2.264771450546528,-3.08085287265986
8297,12.87820385755506,0.937646106011459,-2.508914969672865
8298,16.962366716839384,-0.0967935647357214,2.553005165087105
8299,15.479024106815867,2.0156083580613844,-1.6142430342385274
8300,7.957978372851957,0.7849336221809746,-2.037149964562756
8301,94.16089892893712,-0.6473115820413324,0.2512109684063791
8302,37.826784985417824,1.0782330522281076,-1.060617105821582
8303,45.046075653573766,-0.7199472129043187,1.5058010912397275
8304,15.496113185872032,0.1886800946831559,0.1819566378584718
8305,54.22102087278212,-1.599815265125967,1.7962236708663897
8306,12.843184981677032,1.4268608910544331,-0.417664907713884
8307,150.20187951640207,1.3699217837819122,0.9706325815546056
8308,16.543147907390995,-1.5836588237532556,-2.1709269899459422
8309,14.174328656357227,2.433424402607781,-0.7490294976610554
8310,33.788945693896764,-2.123879738730708,-1.0021176037143638
8311,34.99835774949038,1.552126578682929,-2.7229853745536228
8312,13.258361421998432,-1.552076339064265,3.106493737403324
8313,41.73184415043061,0.4741443722404382,-0.1225701353197757
8314,11.811177280819678,-1.851014466000066,-2.088442659754321
8315,32.76665387916578,0.9893145557103986,-1.6388176889353965
8316,10.115134746592194,-0.6388383926128882,1.124671444581154
8317,8.908390049767057,1.1672246426758504,2.6138168306609493
8318,26.79636793445896,-2.109689106807192,-2.970742828662793
8319,11.176141696901928,-1.1407933568276964,1.012531998804427
8320,57.714748846052,1.294987461046415,-3.033668999081297
8321,23.567220400544144,1.3922617065254173,-1.241650993914562
8322,61.51999138673857,-1.3816726877743628,2.342292858746504
8323,41.256352019711926,0.7507286559392041,-0.2420451793610892
8324,48.37422607560203,0.4039206170201375,-0.7393634893581934
8325,127.62481161222618,0.2077499417037495,-1.5138465871477524
8326,33.13158996335031,2.356764624644927,-2.2674598509607864
8327,71.9250246751306,-0.3329007705770497,0.7778451928322705
8328,18.292209388658293,1.778319500589417,1.373590922401075
8329,10.247401504353853,2.0321690430232584,-3.087034040658425
8330,32.22698520511862,1.2116754075369625,-2.40519792089445
8331,88.96163868533124,-0.9794241634618196,0.5511461687808505
8332,11.533218153795094,-0.4648695019843848,-0.1482527823559558
8333,18.26520702021308,1.6116268639059144,-2.6014456536369672
8334,13.415794744263511,-2.242594126823793,-2.239294447863872
8335,46.36083493422736,-0.1853646112749823,-1.5772693332195378
8336,33.27084025281013,1.2841647598379735,-3.0336786967160263
8337,15.792117905650723,1.0152350693715433,3.036815756774957
8338,20.285025255199404,1.8570091439872016,1.2538057840446502
8339,29.52524471012936,1.917138083930081,-0.0124098061377094
8340,30.72103909894727,0.9923348311258176,1.9735745301147392
8341,15.851242538955216,-0.5681003569398994,1.6491598619579722
8342,13.006879978218214,1.1240867626501336,-2.402726319011039
8343,49.88136955286678,1.892244023799098,-2.448260019454785
8344,16.667393981888768,-1.109331999568297,-1.744448458342072
8346,37.47800745833004,-0.6362684594593178,-1.4224808517917968
8347,65.78983425736399,-0.1019867581379021,3.065358462219787
8348,12.694640217149136,-0.7061353274573284,-0.591672036013641
8349,26.443586624657968,1.7170861813644025,-0.8986443225774015
8350,36.17737388853914,-1.3174959975590486,2.4963094384770814
8351,52.31556914160509,0.9141927463872028,0.869600631622421
8352,22.63751241999249,0.4210756521480936,-1.0512844472352951
8353,22.910316468367807,-0.094598786328942,0.0079795801182919
8354,13.805640488623602,-0.635103460716969,-1.2170609666027312
8355,22.386621271141667,-1.2645992526750334,-2.7014509439881293
8356,20.60838875163395,-0.0657951281655746,-0.2011572820915565
8357,25.726626330599267,2.2930827546755004,-1.3891575856704703
8358,25.01409302160084,1.3596021610999347,-1.0043460025165611
8359,111.85140407067507,0.5275871806023598,-3.076634611996957
8360,20.257822473340685,1.0872887297429954,2.21571416669281
8361,14.24862486720266,2.095893969594409,1.0820433360657224
8362,36.76863629826696,1.798780687137164,-0.4424933052721172
8363,36.05816318463737,-0.9164025931937808,-2.452654505413648
8364,15.652351114887413,1.3209894038061252,2.665290667653977
8365,19.012194798285705,0.1828081215186726,2.733038326542766
8367,10.049802264916156,0.6454102429241653,-1.9422049378919368
8368,27.57674914230536,-0.4482149531755868,-1.0586758940802772
8369,112.4062103257892,0.1106161086728783,-2.403798065231943
8370,12.631750983741368,-0.4303389433438825,-1.3877872844908643
8371,34.77099858476248,-1.430076423299817,-2.970620487052164
8373,13.4070229008681,2.2894041829658764,-2.037897838348217
8374,34.53293588111094,-0.1740008923255113,2.000311080667742
8375,27.09039175039829,-1.053782641722378,3.046237061762021
8376,55.575547713461006,-0.8612361177926982,-3.098574096555287
8377,12.82171052554453,0.7168447094979402,0.3609526262671055
8378,8.697953625361688,0.5364838139246136,1.81964731699977
8379,14.313109580371034,1.774695487408945,-2.0784061322959846
8380,10.27553965713672,-0.2136556337191411,2.2095987924898672
8381,10.128586860603034,1.47212847107137,-1.901960286789812
8382,11.51264525526198,1.694535565459846,2.545960310190792
8383,48.89759199174532,2.472179949469009,2.178473343374389
8386,12.88298265825031,0.4607875506735893,-2.362167844591309
8388,21.11336421215776,1.305477360935635,-2.549638322670081
8389,10.894928078796312,1.4345739097668777,3.1160121564211067
8390,124.26126447081823,-1.097165567190744,1.8923068448209528
8391,47.57671643255119,1.3578644425362227,0.2621603036862534
8392,14.752566780347394,-2.228126350600001,2.3104416254881945
8393,37.96878566510505,0.1722939486931522,0.7733909992755073
8394,32.83171016111421,-0.547625408902123,2.531124513147548
8395,12.171988637291044,-1.4966965566525494,1.400764767604879
8396,54.289765986889286,-1.0387446560472229,-2.7803925644266743
8397,148.4062902755658,2.1564158937303883,-0.4874537913448494
8398,18.85872937055084,-0.9390657747360804,-2.4141888484470444
8399,20.511815609926337,1.4334761547183028,-0.0327218369198692
8400,16.156525421138603,0.2399782174819378,1.4510167873877942
8401,29.90383624015569,-0.6377283917637376,0.6780681241060421
8402,10.91741376058496,2.3945033321353133,0.938138588122136
8403,73.88175125447638,0.1761966278367859,-0.626406316260425
8404,22.900970342686428,-2.3768313345190646,1.2112772194341923
8405,11.767987952628904,-0.1521205681777361,-1.2573599746606403
8406,36.96337452351563,1.2052919416502723,1.2780399672895633
8407,23.933146176421705,-1.505817245526091,0.3135576953650522
8408,24.32876884018745,-1.3808169694176664,-0.8071113063661463
8409,16.590729894628055,0.8973311932987943,0.4051421864234405
8410,11.97912354943042,0.2341311986388564,3.0296949692570387
8411,39.848140920000375,2.0015900021734314,-0.5416769257983832
8412,20.23971571354828,1.3618702993330765,-0.0450940006734038
8413,23.583275073560856,-2.0395420859500333,2.06927967095686
8414,5.502464993035043,0.1896007140539051,1.666149927783169
8415,17.738644577828353,1.274657248521984,-0.9327729642483352
8416,86.22693288833187,-0.3072491733014078,2.95805523857826
8417,17.301329870958185,2.267291690760336,1.0566467065006468
8418,16.155628473716746,-0.9941362998347888,-2.737895640472036
8419,18.59526259270981,-0.6328293574232037,2.6508295555778454
8420,45.41571196613492,-1.1491873429794597,2.013665386262636
8421,13.060868591796025,0.3237465494863314,-2.028501064454325
8422,34.8865596048014,-1.1202819342410129,-2.4456874900853305
8423,40.508776717132335,-0.9877438374380442,-1.3614810305325262
8424,13.94080868861029,0.6523148833507995,1.547849788096436
8425,16.259773928933782,1.8513509318929944,2.9239606203400155
8426,12.015556367134254,-1.297303990791681,-2.7592771700670577
8427,29.847835239306185,0.5286738328563668,-2.3065337641378214
8428,100.08366137891836,0.1625847200597426,0.6598567556424301
8429,27.26311478766436,-0.8072705414701182,-0.4909895660216648
8430,11.957234217804253,0.7853852557729083,1.072523948301646
8431,18.278849124594693,-0.6269663636839679,-0.9478382964028848
8432,21.721188236801044,-1.5425447466416804,0.5825100978425898
8433,18.36259484372928,2.287167927542645,-0.2755543356398762
8434,20.15469319320788,-1.1397435004777672,-1.736493511857082
8435,13.558425747062548,0.0622850744149994,-1.2078350370555069
8436,14.96198452623417,2.285433214596642,1.8838605613424235
8437,14.905159472564884,2.204753258396488,-0.0170860001291424
8438,14.12053969297343,-2.404808793461356,1.2340362557969045
8439,11.120695381634194,-0.0233243297647868,1.9816239698705544
8440,88.63319421447065,1.6691300791636126,2.448583626292178
8441,72.53503447499935,2.119270787283585,3.121166927584568
8442,15.836120860039648,-1.3442581528388469,-2.503496792437741
8443,16.888596004812765,0.7323808155300217,-0.7038069054004076
8444,19.395032389095928,0.8895196781702933,-1.6644035323305264
8445,43.89598725356288,2.0685017985184744,-1.4846757682997522
8446,59.66231742586347,0.2140122194857873,1.767514165527354
8447,26.64167753093767,0.5857284534692687,-1.5711618259870097
8448,81.7415082548944,1.7211840427021792,-2.3016284255216983
8449,14.385302619994416,-1.8726542939304909,-0.6349546367483372
8450,10.0432064448333,2.0000004221065986,0.4864422351557453
8451,18.61247155366944,2.111631353141856,-2.590208525629979
8452,11.063946096452865,1.8662777263258803,-2.053458873678972
8453,21.30643119757012,-0.1991641780801006,1.107042835702563
8454,18.38184471284894,-0.0197358872010177,0.5824374862552032
8455,11.195187715530713,0.0797894483785829,2.7231660395662662
8456,32.99031567616012,-0.4451545650148741,2.1193714757093685
8457,40.50231589499786,1.6452974718611753,-0.1710607015294485
8458,9.666005076203712,-2.3852512487694124,-1.9003929203989405
8459,177.38930187338528,0.4264555284943625,1.0807660494640934
8460,10.033932990753236,-1.2833392105518386,1.7519895137301371
8461,21.882968869546147,-1.411535510628535,-1.859269216143543
8462,40.63644171188006,1.0484429602177603,0.119935968066567
8463,21.90049662550101,2.0100446647157493,-2.5399911150341774
8464,9.528741602377684,0.7153431281909342,1.8878227476203628
8465,17.0404165983512,-2.15073585100124,-1.3509049315823995
8466,14.923041630862192,1.7907745427563575,0.1406470768285961
8467,28.72586487578892,0.5023433365490435,0.2659599688593475
8468,18.72151013950519,-1.3037676013439532,1.276679310850858
8469,30.77413687211858,1.3451844444862089,-0.1113611108021811
8470,231.3916872415585,-1.0321756959226531,0.8186115896190755
8471,12.505672085541418,1.0439533473501557,-1.497694967522657
8472,14.3672641974103,1.4715611055705475,-2.853104358074017
8474,25.82087792486097,0.6110503420208051,-2.4851431760054417
8475,70.97104031284616,2.425583480498587,1.372391972758123
8476,106.39105290349254,1.663599305674932,0.3810473908674298
8477,18.47000005508493,0.6101170122458268,-2.418882124533107
8478,19.777095895697087,2.2434954558996028,0.7593210194292471
8479,17.663266561442747,-0.981440500471568,1.532670704235611
8480,69.92603561943281,-0.5718370466261602,-0.9634545229788758
8481,9.421931345417628,-2.3702801368884248,-2.997593608527578
8482,24.14394767544769,0.2791392621266939,-1.02327882027271
8483,61.4491022769256,-1.0857124771404203,2.15625055977936
8484,19.158148392515777,-1.9804840738242129,3.1064891890840864
8485,18.26842046876415,1.4794040247710072,-2.142493002358019
8486,40.68166486489845,-0.8919507375042063,-0.2388545705713689
8487,12.358612287173331,1.2484196151825735,-0.6519281473576763
8488,126.03337695685072,1.0517068825980065,1.079869768588256
8489,55.80792436493454,-1.9363844989037973,0.6175803064634773
8490,14.523076390740634,1.6705807919369404,-3.136792062417136
8491,13.403702169231106,-0.7206408140228846,-1.988679203681463
8492,78.7502145164135,0.2293537832298528,0.5839899531133609
8493,13.797685776127077,1.9702509144158984,3.0769203245230887
8494,39.16857048631988,0.7465581464125556,-0.7339594454032706
8495,145.96929903664895,2.161414084430833,-1.5295289521940714
8496,19.07241192679783,-0.3519205759070529,1.771212457220469
8497,8.751362450571749,-1.3485404597966222,-1.7705102604948415
8498,71.10677668854485,1.7155039749034022,-0.8231946589045755
8499,23.17346543968021,1.165423443274401,-2.981404354609277
8500,41.26568483363345,-1.841729193139132,0.0757008543747856
8501,16.842951597346342,0.4005799262596616,-2.177704285906775
8502,17.885361794417495,0.2006540635710683,0.9849882770581512
8503,95.52204571908916,1.4407001744954877,-2.68307779318116
8504,13.981472801401289,-1.5653800152113462,1.550899589709945
8505,11.417029998214804,-0.9043150653333162,-1.9939273198316592
8506,17.41318025649074,2.2510060720195764,0.6480833212080381
8507,37.3012905501075,1.3172539280551043,-0.6777863516362049
8508,12.530890451722993,-0.8953675128432919,-0.278907583900299
8509,9.507170719842785,-0.1310963806400831,0.5437587424925677
8510,40.06874032325326,-0.0127142242169544,0.6775547584876452
8511,29.791008912883168,2.097901938854487,0.6747088432788402
8512,24.539986838396445,0.2697139800171214,-0.4865627153495646
8513,36.936737789292856,0.2037847081056596,2.828197777387147
8514,15.181538279230196,-1.7640228145705312,-2.844636361217596
8515,42.90553094729609,-0.2273232522574957,-0.8600457326555391
8516,17.701958432001508,1.2164473953371586,-2.6789146870202014
8518,14.201187313090305,-2.3053523397657374,0.2227230131552674
8519,65.00846372141557,0.2085361840752002,-2.446449293162809
8521,15.436870608581046,0.3785704384013003,-2.718963705956268
8522,60.79544492729257,0.6778172042074184,-2.642225296951985
8523,15.505234154846049,-0.7999339958030597,1.3266623119387428
8524,7.940736556404969,-2.24431526504948,-0.159716361710657
8525,16.61192969727916,0.1772725859700833,-3.001669588036413
8526,18.06890042854677,-2.4536549071644385,1.280038326149139
8527,16.964230013377406,-1.9423319092647424,2.2467416071281776
8528,12.423448599804592,1.0523175349943452,1.2573842509949105
8529,37.55731184606464,-2.2685542347326275,1.8021810338427773
8531,22.84829501340144,-1.2191338881686753,2.764270585443354
8532,16.85743174000898,2.0926662211987788,3.044981420678822
8533,16.77891307550646,1.4750161401479165,-1.6170529140201289
8534,15.821597408235798,0.99819310451015,2.844440592613405
8535,22.68682715698242,0.2652727329268435,-2.86254036547446
8536,30.6482157161558,1.900244017590124,2.022367384698112
8537,12.833928126185032,-0.1349952421943973,-2.373051878207725
8538,169.04631679831883,1.0894081838230187,2.24914243311292
8539,17.705926304394126,1.8866042773685416,2.2357734825485984
8540,12.791171605101084,-1.6053961733770548,-0.5389953462619461
8541,34.39222085091195,1.258721406351372,1.803452340576652
8542,24.12445772225503,-2.12193416771203,0.3576418313910127
8543,11.319560369758523,2.429691009476532,-1.6740693711536985
8544,34.20217171349477,-1.973159223972749,1.6667163486173917
8545,33.748589839942944,-0.7569591446780842,-2.9147081196647844
8546,20.506302840843546,1.7498918029299086,-2.8553297860559392
8547,128.12233850917173,0.6631883903597383,-1.3747298295711523
8548,10.79496542177112,-2.2477031831138348,-2.026196587805736
8549,11.264469824719162,-2.4351660565895323,0.4899007759094825
8550,18.047515858122537,-0.5916730815718754,-1.1205562121478168
8551,36.987042990707856,-2.090667915618293,1.5814619496989146
8552,11.775400603705174,-1.1003885379202931,2.9999724496641145
8553,17.532643587249105,2.4064454522744207,-0.6556384937408566
8554,10.351981710683104,0.9561406151902756,3.0457629497280867
8555,18.55346150205204,-1.2203883098583534,0.5314334647322435
8556,11.660219971834774,-1.2539175183420903,1.859937531511992
8558,14.074247348666692,2.1167400798456555,-1.935980653640747
8559,17.22059626311366,-1.1955403575588288,2.9340335200486494
8560,30.03192947624458,-0.2937287265426841,-2.76498667580836
8561,15.75769328309193,-0.2646590494901282,2.171751926587092
8562,54.23919722087823,1.366713739936063,1.7125445767782386
8563,16.333832115226983,1.1864188184314104,-2.935200862571574
8564,7.790585590770064,1.2532761546575772,-0.3247274421585128
8565,97.6415212408341,1.9346159004072336,1.7969114052589024
8566,8.640244901336633,-1.875583046559096,0.3271965773325641
8567,47.61190300336387,-1.391729192056104,-2.858139515879764
8568,12.782215027404824,2.0212897826408205,-0.2010359921210334
8569,30.958452985175235,1.781825164547339,-0.5696693017305368
8570,15.3385894895035,-2.064312603476082,-0.893685133207257
8571,9.614513318803342,0.0235220754400301,3.078534466224404
8572,16.07704318632765,-0.9465020717638644,-1.744733780936243
8573,9.460526241002642,0.8949102479932184,1.94590910841372
8574,6.865436676336148,-1.714627486402294,-2.1154849116296224
8575,48.569958762299294,-0.4456534000912198,-1.3083422426758171
8576,11.64971809518918,-0.8836148183418098,3.136242769644404
8577,44.77660214783051,0.6026234084866844,-1.6831401294252817
8578,10.83978302599884,-0.0532350435938656,-0.863186411001376
8579,29.99644917072364,-1.1642015536565178,-2.8371843507323846
8580,52.573791802577176,-1.904409649841809,1.3284179927094992
8581,64.08639603760966,0.912036134334341,-2.742299633901133
8582,16.384678396983595,-1.2504649659642368,1.150237204374846
8583,17.217457500598414,2.3264330470539543,1.6562742430351272
8584,14.070245267987756,1.6718653212414725,-1.918114762876682
8585,19.49529718436368,-1.667350632698761,1.9103291537830889
8586,24.63416921601927,-0.7678086307263694,0.9856717575956816
8587,10.204566386363265,0.0878124870460252,3.016764380367445
8588,49.33370964451206,0.5791619334860398,-0.1614870051396504
8589,34.41492815242834,0.7061625856180918,0.743246485824483
8590,46.20858549787258,1.3939480242425022,0.1860393538008234
8591,10.517993516240384,1.2996015785293669,0.4693889110638138
8592,11.845210661299774,-0.4558084192526149,1.4731833741601688
8593,26.951821722490468,0.1339180881922488,-0.9137321071499228
8594,11.427798579984604,1.0024944157660016,-0.9044672151366162
8595,16.584960599904647,2.32792827317745,-2.070440173653468
8596,16.925180356860388,-0.5571466489234825,-2.139960626021597
8597,17.8858321210189,-0.5885855974365928,2.599226955602485
8598,54.6730657869074,-0.4369833618346883,-0.3046631843322185
8599,15.86692697909822,-0.5400102999030073,-1.7388966287665415
8600,17.637701176287518,2.075481382638116,3.0876539113268584
8601,19.310480734356744,2.050728508432113,-1.0512072078474484
8602,39.49374224997102,-0.3207682190557703,-1.700220099989027
8603,14.993025360865795,1.110637377727833,2.627183962595307
8604,49.27244383825201,0.535797963807829,-1.4896191627218949
8605,16.012656938437026,-1.7313001776389128,2.2671904015751125
8606,12.301334891289544,0.3412793829649743,-2.7951927793214604
8607,23.772981946666736,1.0540737246356375,1.4742535529162937
8608,26.85943268246097,0.1832366957615617,-1.4013700148160098
8609,10.455941553532972,-0.8117346553053074,2.919037722980309
8610,42.58823003664257,-1.0436864005630078,-0.400628597998816
8611,54.83739911382805,-2.0492068327483883,0.1659581380410048
8612,13.888007109149063,0.4112959802060361,-2.868274299186216
8613,10.06514564206576,-1.4985087319095118,-2.332370352039392
8614,24.061610758366577,1.3019196183119814,1.224637478133896
8615,36.26282265216102,0.7801474646668158,-0.2789147329741375
8617,28.43422195666357,-0.8449547485137293,-1.0323780708380133
8618,22.2032577672664,-0.0790915307447101,-0.0370996505294037
8619,11.856661703228042,-1.6728470049536937,2.8274785888467227
8620,17.850246328670355,2.015055545811543,0.3116395290827332
8621,23.06899450775033,-2.2074196175081924,-1.7148813135454446
8622,29.632280229985533,1.472170898127564,2.9490801599216705
8623,17.60674289453473,1.898103473907068,-1.7224615287780596
8624,42.446714433186,-0.304111792890365,1.1337148989512829
8625,13.146283884917038,1.653261280898831,1.177341778447554
8626,9.898220007127598,-0.97820381684159,2.466376212880708
8627,90.19574793503148,1.2978514586601049,-0.4813523868715306
8628,27.222761434353604,-0.2439516805596876,-0.0103075015619182
8629,9.737420358104565,-1.8613727348665745,-2.6955850697229105
8630,12.89961781078618,-2.090375824987295,2.572082703198778
8631,151.17008483737874,1.9343987198168195,2.4570552286676373
8632,4.665354428638279,-0.4645566402678069,-1.6163118599308026
8633,8.453076935810602,1.9681836102305224,-1.996091156307804
8634,29.59535193845123,2.051478597836065,-1.6346460504292748
8635,9.90798939178234,-2.003222038859675,-2.3701568261778587
8636,25.274177880935163,-2.4613386805554134,-0.0214327607090005
8637,29.54603199972753,-0.2032073974013837,2.556245746900985
8638,38.86169696221396,2.1589223340156667,-0.4575283547923042
8639,13.276070727583823,1.7613929578775351,-0.211412668395109
8640,66.70465729087665,-1.0763169067477254,0.0785699586856568
8641,13.054905145334589,-0.0974036311869963,-1.954022619009513
8642,13.673353584675525,-0.0726811134455538,-2.274467436397839
8643,51.76861117075988,0.4510582493967204,2.397568054666066
8644,11.337350560854407,-1.6090881490523714,2.7121687946409
8645,13.394518805074968,-0.1707876795238884,-1.7191096614008952
8646,46.88323767786718,-1.0565159818178118,1.4232670546232746
8647,15.643976399649551,-0.075111301852278,1.326570091946702
8648,24.384737752329368,-0.7939966019158324,0.3955036169222856
8649,28.94994225934029,-0.6016452616623599,-0.9285182147057724
8650,16.267415765948414,0.0356400823745845,0.9873906423476198
8651,27.00464795823673,1.1612088915049417,-1.0495595558405113
8652,29.07509952511398,1.1353088531297324,2.0928278584814723
8653,6.788438551516479,-0.6470997489551287,0.7021746800270128
8654,16.989917728013708,-0.9292374370143712,0.5296161852098324
8655,26.773263901800643,-0.1456394132431574,2.329635416534331
8656,12.685336634069298,-2.147748614252183,2.121866512527013
8657,114.94905161423908,1.7519111502662934,2.4881286313409032
8658,13.69722019920946,1.7926477936906338,1.2430602489907474
8659,17.197220938011185,2.2429644734028704,2.750141106551847
8660,19.435132059323724,1.2734221386556674,-1.6443271704238167
8661,61.9552153754743,0.3977379829819108,-2.8726903494101217
8662,9.820047713834814,-0.874972465687786,2.416448441634923
8663,25.859472156866737,-1.4267350258160445,2.0889099623603005
8664,10.23366336929686,-1.750201748571351,-1.0229913560852426
8665,33.30261098041831,1.911358549833852,-0.9531626413762918
8666,13.146680087927573,-0.7113701791272037,-1.575436400530678
8667,29.82693103940114,0.0686126101836743,-1.2028467742983044
8668,44.64546168415137,-1.828072591035559,-1.6330117801804236
8669,38.3043101456221,-1.0896513838610615,1.1486309507209145
8670,32.04954998167842,0.7508770076688096,2.0038052109447686
8671,82.80452427474735,-0.7422596055160123,1.7974812849394548
8672,28.5315850894788,-0.9819892085231902,-3.1258435215603573
8673,10.311177385345522,-0.665166448678626,-1.2570885797325946
8674,32.877429766406365,-1.9271230673672013,1.953303360686221
8675,46.00995836720512,0.3431821488966442,1.693222695269121
8676,29.21820153209384,2.297842312881708,-2.038040944665031
8677,10.994401258472967,-0.1326417123659967,1.3048630170869275
8678,30.89962382105057,2.2537389825658294,-3.056941500562362
8679,52.933094942747736,-0.7292643166462367,2.891394334768876
8680,56.81203738898108,0.5027354859137487,2.685056178784129
8681,107.2100164679949,-0.5072960325353668,1.1734096590846943
8682,47.9391060289929,-1.2387763847724158,-3.056875598931098
8683,19.02857345347371,0.5466144689364923,-2.0716019127097667
8684,19.44293142031024,-1.4028707175582704,2.349869606410345
8685,23.172554844576307,-2.1389037442749017,0.2550271135157426
8686,110.5904474882254,-2.456022922676385,-0.2845534361103967
8687,13.740890851166911,-0.7347694209433508,2.65843649210234
8688,15.777373886988192,0.1155634912581164,1.851997774465535
8689,25.275804822025474,-1.365961764734554,-0.0441184601036267
8690,36.678974800792254,1.5120050365002284,-0.8602525158102046
8691,9.723446425420052,0.3374917204500998,2.728421305989888
8692,9.814654568288622,2.333462738441268,0.6653656749455273
8693,12.74683380579012,-2.269657261301828,-1.5766097454360912
8694,22.53557905434612,0.952738295040252,-2.194584143640561
8695,26.742457587211817,2.451719215152772,1.930357394646849
8696,16.66837604500575,1.2806536463372864,0.0987788731572976
8697,15.807123302786268,-1.5643441254847894,-0.371008890548252
8698,38.57544047595225,1.252635819020799,1.3742233811943043
8699,19.14128416929956,-0.141808758476557,1.3028203264162623
8700,13.9901630097897,0.9043718610929112,2.991854246686241
8701,23.901709533974056,0.6550204848209615,-0.2920751492770109
8702,17.910378954034666,-2.340180917477959,-2.0722699261168422
8703,13.108010388751454,1.4023888731400136,-1.4392717191360478
8704,51.089068258362914,-1.360742227666217,2.581038554920578
8705,11.706599127254504,1.4600999569052735,0.5751998596563711
8706,16.15102347283863,0.6846319062179931,-0.0042979689650048
8707,15.268092168675253,-0.3873418588989161,-1.388452220336729
8708,9.946563882487306,-1.1751012967738583,-0.0537039214396498
8709,48.50229088275281,1.851153101846763,-0.8745347583517403
8710,28.98932968758999,1.3477288492368629,0.1024911467897843
8711,11.199524506145451,-1.961973809795451,3.083524933935463
8712,31.535992294959847,1.2052474221284362,-0.9222841939931066
8713,36.66269279208421,1.8370208285469911,-0.0383680679411056
8714,36.68834825707287,0.0209274319339035,0.2530732828469169
8715,22.354613698363146,-2.16527458060502,-0.0105226411166385
8716,58.59041597901064,0.2017512705215378,-2.784271248420585
8717,13.475620984527328,-1.8800116477903104,2.6589661830000213
8718,58.735062901907504,0.6995033854896368,-0.7650191805173805
8719,14.42395279403167,0.6923485662002052,0.8884693795608781
8720,61.09303451855336,1.54636468846219,2.739102063117379
8721,19.037081017231927,-1.1539438342949089,-3.0410749990295547
8722,95.20159908004892,-2.3324609662502103,0.1420757388980048
8723,17.121933782336978,-0.2979744077314352,-1.463137891992941
8724,5.960499084420183,-1.711743592899555,-1.1661777433346885
8725,41.865903985875626,-0.1019016822106898,0.9453719490647108
8726,17.32642374235881,-2.1324611670098914,-2.275057586962575
8727,10.728402408291998,-1.5100396188737362,0.1249251350919305
8728,120.91491371838596,0.8316996029656721,2.4698549857277774
8729,66.436364389186,-0.6785547383603682,-1.900606335740485
8730,19.93239809351388,-2.2758908306706105,-2.9763170813578306
8732,11.554379605841602,-2.0279370277405744,-1.3498058993848638
8733,14.678547304473891,-1.802817344346611,-0.6050554031508995
8735,14.255971082491692,-2.371312105211402,1.5337040453641029
8736,10.621090059351763,-1.2442125028651718,1.6157449583458685
8738,28.767708244676022,-1.2498789191640107,-0.202220557091367
8739,23.006961116747306,-0.3096687821895136,2.006262661141
8740,14.850267170517844,-1.9116919194978623,0.3446262563003952
8741,13.086455312473536,1.18136585371947,2.928980659479448
8742,9.426267169021845,2.1530933743539005,-1.1914979024045986
8743,8.229844164815123,1.5204281973043152,-0.6955745508464415
8744,35.9321699376772,-0.969157716359788,-1.9816117046301804
8745,41.97622167173558,-0.5722417018445974,1.77671044460726
8746,23.64503578277388,-1.1459433942016493,1.5269007881415313
8747,20.07115262095496,-1.6362291527640669,-0.6556805454948192
8748,63.86326792464661,2.438044898968791,3.0660451631030026
8750,19.43981711822191,-1.455749543386157,0.822382140508724
8751,11.057713620385035,0.4086606479000917,-1.5513789574460903
8752,29.02511962061747,-1.1419028490344372,-0.9613295541161528
8753,11.037479996194543,-0.0979891758532969,2.772650537226179
8754,20.68826054696191,-0.8069726835039892,1.9144113657286268
8755,214.67112041792444,1.311898689666373,-1.3932924160430389
8756,78.83833453652035,-0.817374688353061,0.944899773562012
8757,33.02342244486529,1.729747731013896,-0.697970311859889
8758,56.51347280805979,1.2962742403213512,-1.1068181825430332
8759,58.27722177907371,-1.1880216613543824,2.992017098593304
8760,11.576199956047969,-1.4897268624203446,-0.0270144479548302
8761,68.81157144673571,1.3619717098084632,1.4757983096655416
8762,15.135597364861251,0.8377056793970689,2.1954392847257336
8763,14.968556122574926,-2.3063021260520657,-1.3812585776543924
8764,12.502234075905342,1.8206809385577465,2.669699709423585
8765,274.3531636706893,0.813723625352764,1.1800817611110772
8766,25.68462815066099,1.0617117147179125,0.5819222686009974
8767,17.869352118332863,2.2320051545187463,-0.8718364741414034
8769,40.24139072333569,0.3885762901302806,2.1735758858861867
8770,13.84587518924948,2.0646088676829284,1.3975352562574272
8771,14.095177849866086,-2.201211812819216,-2.2746777308346697
8772,13.661184059298064,0.5993759078996168,-2.846267610674897
8773,15.221814578964542,-2.209845779924239,2.532861460054168
8774,15.3745067556125,0.0589653682543718,-0.0286060070694192
8775,11.100607128387114,-0.6239780996847142,-0.525132231216982
8776,15.05430866589971,0.4941414508612503,0.5202647152875864
8779,23.638677071389413,-1.83740193577911,-1.0985398387060852
8780,31.20928444051814,-0.5377124982626237,-1.0484622597183273
8781,11.739229575363511,1.05557252949602,3.0302887335660302
8782,10.664710759548305,-0.8632778553432333,-0.4560007228415347
8783,14.363249384026217,-0.2438302659189133,-1.4797194973992498
8784,25.37856068338799,0.9150981842597098,-1.5134365571655155
8785,11.379147052274366,1.640181409986177,0.6278599440772559
8786,6.244695333552108,0.6254431275076963,1.558619989001154
8787,10.837980574029055,1.4102969076240917,-1.3255550713140432
8788,50.31156016843162,-2.2079049005082987,1.9364073759919105
8789,12.168258331475876,-1.454549256315139,-2.756468080274059
8790,19.32415916524632,0.5723762793133069,-2.390457391637009
8791,43.49006474316651,-1.8717003591801609,0.2202100451811364
8792,31.143159773160544,0.4323903125381447,2.841089817709698
8793,70.76418456194138,0.2069659115054801,-0.7639910185602115
8794,27.91634697860089,1.3802808291938944,0.7608927596723182
8795,33.67303250869016,1.3258771171658943,2.5564662607264124
8796,45.504206388092456,1.6751322165584637,1.4948586396672294
8797,22.004597384039204,1.0676136726471763,-3.0792775910134527
8798,48.6447073515803,-1.8233092922422367,-2.518746747936203
8799,24.66922475808917,-1.128463796865704,-1.555254095186473
8800,24.915284317376123,-1.268548375587936,1.2123604910512529
8801,29.95640460740912,-0.5684716377348527,-1.4366085214872215
8802,23.873348115275583,0.2140822824992673,-2.972536152164773
8803,46.11362683762835,0.6222146808381231,1.0507333134002657
8804,27.68112032379452,0.4643156959196619,-1.874458802131709
8805,24.454678274583344,-1.2769477804565246,2.98665249829478
8806,16.945037649476003,1.3489914249379489,2.699675620068733
8807,14.18194506089583,-0.8803405989870363,0.977096798250798
8808,28.20667997639908,-0.4638933003196236,1.4323135042440494
8809,8.348387124134781,1.1722214908584336,-2.482890724804521
8810,16.448817050640184,0.3359498525929159,-2.808005021329385
8811,138.46127449192858,1.933321896266927,-0.5288899926879951
8812,124.19747874996985,-1.396619203494,0.0653643290529523
8813,12.990023594397968,-2.3590070466567417,-2.2596439988156645
8814,12.794679572077138,-0.3089428827240058,-2.969101596087208
8815,25.485674366685227,-0.9773458631814682,-1.713393470140705
8816,14.5337898011858,2.09374188104537,-1.974106437407786
8817,42.774734756317976,1.810414524353428,1.1370293147543042
8818,37.98733516660461,-1.104860194602257,2.851982421926629
8819,12.620193694138694,1.6418485487794312,0.4725737476932772
8820,32.65821055610781,1.4091635348033784,-0.4674244502975899
8821,49.96445359757574,-1.1584286880331296,3.016532889851305
8822,61.633019864907816,-0.4145189277597815,-1.3314897125169032
8823,20.85572183967726,-0.5586291329905456,0.0002843220383782
8824,47.448609281064606,-0.9655509597403376,2.079592978874322
8825,20.91937136105184,-2.312537903405252,-0.3655951515341595
8826,24.3440584512815,-1.0722693150613365,-2.6374825311677577
8828,21.41259862703784,-0.8692931953057991,-1.0198113984167425
8829,16.1538962113591,0.1716487910651949,-1.7053098548248578
8831,35.72389213804021,2.4973681791007163,1.7853484993296975
8832,13.609155890470776,-2.2544660753463046,-1.0879858758676917
8833,21.86472543951379,0.475257271708935,-0.3560252434625515
8834,19.108224069068243,-2.2514162348657845,0.2289805265012867
8835,10.229319538036098,0.8359291789872204,-0.6285404018160345
8836,9.273714615085762,-1.0241455744883092,2.1144074811560283
8837,44.459375497180034,1.2070357524260924,-2.365962371433797
8838,13.64669457087899,1.5003825597773597,-2.101339968816701
8839,17.729858193683874,1.3577412997131797,-1.5744790196400775
8840,26.930821696921743,1.688452954857524,1.3734780409607603
8841,57.86638064348016,-0.0436584909029784,-1.3162233696119516
8842,12.647651423444051,-0.9922675529093256,0.1020111205181326
8843,14.075805315986782,2.398537467539769,0.3266501664605816
8844,27.294481863331445,-0.5121999230927965,-0.9172820955961588
8845,116.36046398609204,0.986882948995396,-2.784295484480173
8846,20.90882150307841,-1.4796128173893934,0.6886690418114964
8847,11.498039612733242,1.5197407670061185,2.740359749159474
8848,13.041336611067852,-0.1692939933019502,-2.1237695878690817
8849,24.208998665987583,0.4773215257905185,0.6397842889501685
8850,30.578944990415323,-1.9486070538145883,-1.973392886439828
8851,17.072172420183616,-0.9316689630397348,-0.3946671369521695
8852,209.64043195398423,-0.4490092429454471,-0.5877115783433072
8853,14.391730381731447,2.451910903870577,-2.919717811956419
8854,22.048479191197032,1.1119672613206275,-1.00555536350049
8855,12.54462384490544,0.7380472452940398,-0.3201200632684687
8856,18.96431123559245,0.2895848850351722,-2.120867056052522
8858,8.167411903849613,-0.6447122578997798,-0.2200164928293843
8859,13.931968698828522,0.0346540447476924,0.7609998961056066
8860,15.003903461310571,1.8528241244189376,0.8143648412615936
8861,15.820966080075165,-2.056318854929044,-1.721208086787217
8862,30.23160877886728,-0.3714206137725327,2.116855055886988
8863,11.461591081621169,1.4224210590715722,2.24943549839836
8864,63.71130143330892,-0.5444635208856679,0.2759978460861935
8865,103.350177305284,1.610330751848506,-0.7814948898339742
8866,26.161723776650195,-1.7070782461095526,-1.6301912152793996
8867,21.141492019249725,1.2799585708961234,2.4178571615554585
8868,28.19377969810548,1.2792347512759066,-0.2789141960485469
8869,89.24755539321788,1.3659543803584706,-0.0763198185034838
8870,18.43215041328048,-1.865227510608341,0.6363483373350042
8871,33.82085635315829,-1.3060765637375695,-1.450376770765594
8872,7.974427096709714,-0.5543524329928303,-2.6903671683176773
8873,15.426109620131175,0.7095494025993194,0.1271448662338498
8874,13.666843617756092,-1.2776568775748716,-0.5927935105847245
8875,17.389232900593896,-0.3056040454344204,1.8132770563859908
8876,18.00886671499115,2.447982617753271,-0.6712700791204568
8877,33.284343776924544,2.379475492607228,-0.9325222810814948
8878,74.35178314148285,0.031873770138373,-3.0993085975721093
8879,35.58442004418323,-0.533235578945675,0.3733563766225317
8880,10.945972823727349,-1.8538359560015687,-0.7438134913866116
8881,36.58874207120879,1.175833090095869,3.1076439416690818
8882,20.43192830793504,1.2648241989964455,-3.080601671123565
8883,40.57040876164563,-2.3565976520500174,-2.470647854868233
8884,26.26919263755056,0.1343356848519594,1.8560338091275743
8885,60.40171992260132,1.9038539506315604,-0.769797199971887
8886,33.99938128608626,-1.2935202241293655,0.7797143822268837
8887,25.348349863716148,-1.6524004828416514,-2.964587366590422
8888,18.02740820892024,-0.2439512107138183,-0.0288671685326258
8889,27.131528872152227,-1.2421053863633411,-0.0719679170960096
8890,47.70614370140635,-0.1709994173108746,-0.2494847598072292
8891,20.026398723812164,1.2484400872777115,-1.0808056459170887
8892,37.92082276463776,-1.5465579633725297,-1.0602536613516411
8894,55.07858674823213,-0.3178568913625267,-1.7738212722182725
8895,22.24579545465836,2.460102454585124,-1.7000866706013351
8896,15.934014257502874,-1.8691083596975528,-1.5096529048563807
8897,80.7281099328008,-0.4507664611964757,-1.0268592322404673
8898,18.747526383828063,-0.2242547425895797,0.4308895148698707
8899,36.48838192192368,-0.722692962170739,0.4429768841496347
8900,42.20092415952283,0.3195903694253332,-1.161375068494184
8901,63.64481117333379,0.7472376276183961,1.666826072408495
8902,13.644808443609136,-1.8349980851115493,-2.094547409351515
8903,15.9928632065786,-2.0958538825835977,-2.8046986832482195
8905,15.635447574733243,-1.5373728592978058,0.752857270562688
8906,15.787472398084024,0.0138223033431794,-0.6193023589015172
8907,10.990571982655856,-1.5462412424081151,1.5415253044399058
8908,10.692031051482,-1.7121956904726596,2.892763168397376
8909,9.274926011201774,-0.0236284456281028,0.5209925558677945
8910,66.5914094647455,-0.0128389535699827,0.1801166779373483
8911,17.067206803861666,-0.7462327306266118,-0.9781527211532408
8912,12.400454117444436,0.3275952384502699,1.7523882303290732
8913,22.749019148127807,-1.504965637301643,1.7603719922326968
8914,34.98726617107802,2.038781661883549,0.0795393943371895
8915,12.368133235042846,2.349409142063302,-0.1789166136104472
8916,11.0258623909825,-1.1283965467765378,2.936763405291684
8917,59.2710153200072,-0.5769765249097566,-2.740280603426178
8918,103.81298202430813,1.9276962204787589,-2.593735594397814
8919,15.129092620166992,2.194741410300669,-2.9260008101345747
8920,142.85272925849742,1.3326222895080555,-0.6244907182184443
8921,19.698718258960053,2.2544736950052315,-1.2924212752899311
8922,9.728660038075285,-0.0554660912219217,0.6336390010602523
8923,14.978921696548875,0.2934463010926167,-0.3453825511862229
8924,11.083413263094071,0.5938153523063125,-0.4955180297692744
8925,13.098983223158692,0.8175181044525169,3.126866246059625
8926,12.21297011738895,-0.7959845847372022,1.004710693288796
8927,82.14829099089593,0.2523960365480551,2.437668629270087
8928,28.309943052316648,0.3891231894495193,1.4199871103093358
8929,33.121256051348034,-1.4460231470191034,-2.2132211447768264
8931,18.02472084389812,-1.9046002150001564,-0.7754782047662563
8932,11.402258266006484,1.2070475908052023,-1.2946850635486091
8933,38.71482324621986,-0.5534739504036759,0.0497141938665783
8934,81.33045655688205,-0.1123717519830572,-1.687970611690635
8935,60.598081183581925,-0.692403401763399,0.3540330436354104
8936,29.856396666356417,0.7215194641734951,-2.185053469959917
8937,12.10908162875209,0.5287181844005636,-1.1770901740966182
8938,146.04939677151307,-0.7581213787484526,-0.7314082956518893
8939,18.891131208195343,2.3861652016112886,1.4528562436107118
8940,25.17222977047001,0.2101552431037384,-3.0322987331724
8941,47.5400170247067,-0.1247588178265737,0.2081350830591951
8942,51.60464896074107,1.2385357709980611,-0.9638179471744004
8943,10.657671846645313,1.9953652638003487,0.8107864901643422
8945,22.34343015444864,-2.416389959336781,2.3548714849621746
8946,41.2302470680935,-0.0874893986750066,2.20525060949846
8947,30.846886619802977,-0.9081195077963758,-2.0486905059842178
8948,23.055158422901386,0.6645540588622249,0.3468357344232886
8949,33.494505941854264,-1.0404372600346086,1.909981723334476
8950,54.45631658093208,2.236154403909468,-1.4291721654898248
8951,18.00156597044571,2.357122491395036,2.5740619603722665
8952,34.78276799460555,-1.093836370595661,-2.3112071519612782
8954,2.3364934259897936,-0.7010010564444468,-1.2560579569339465
8955,17.555489105721186,0.3597320110708978,-2.538160628200365
8956,20.45178105584474,1.9047160718811085,-2.094762368529727
8958,29.146186455715533,1.0609164079222757,2.4784122645262983
8959,36.19280450865416,-2.32225120642222,0.9692693431060888
8960,9.629406394131314,-0.4486287722336178,-1.614549517930238
8961,25.29618823506044,1.88379034903818,2.222198175455254
8962,19.59133456410464,-1.1419829625868834,-2.982535401318538
8963,13.855886402369624,2.1484729319140694,-2.176597208229039
8964,16.190018671206975,1.1029324646525072,0.6450509479381356
8965,39.03486424679555,-0.5168081504309928,1.5542857287723104
8966,143.73029469611086,-2.2373985437026045,0.9926063136994168
8967,374.0196321404792,-0.3544187463359154,1.8979773616834643
8968,48.40723218610011,0.965825279810267,-0.3662505043950954
8969,59.21080029750938,-0.3421913662010504,2.2541304244902176
8970,20.637829391360984,-1.769058151233087,-0.8595061245792455
8972,33.768104647572166,0.8137459173727016,-2.75987571317828
8973,32.729482896534925,-1.8600757494369229,-1.5115730347643954
8974,28.506572456515908,1.0173990222138267,0.0382872500481394
8975,21.423923173353497,-0.7105666241211387,-1.730087667138308
8976,17.199566456856065,-0.5276140430468759,-0.8420428261375271
8977,15.170887880984855,0.1711030151070911,-2.655927556377976
8978,30.64812198529356,-0.5853495663952016,-0.3359549008897354
8979,41.53009796260208,2.4055226178873594,0.8980956360746581
8980,77.5783343176058,-0.2644051837069816,-2.573846680917274
8981,61.70119282884711,-1.348035777631725,-2.448156663955856
8982,26.28088477607647,0.1175922799325344,-2.3721964013908727
8983,17.125839687528618,0.6093749626877998,-0.547449262086995
8984,13.68966690039455,-1.4682326314799627,0.516691610127607
8985,15.828489394809418,1.9062387192858228,2.6737903810972967
8986,30.30916419888272,1.8529275856982976,-1.9759917792677768
8987,17.917586929066527,-0.8573020991996635,2.915101883626399
8988,32.96900800645235,1.381107679970993,0.129749551469264
8989,30.369929061532044,1.043445812795043,-0.2434340797211198
8990,11.178346088878587,-0.0756189317431174,-3.1310970949349524
8991,16.35395493638924,1.5142984924133918,0.7386442324248924
8992,20.58945334461038,-0.840145663802939,2.0401791486438587
8993,12.111965020925544,0.6735189596808692,2.4349610433800786
8995,125.1544165984199,2.2329955631076643,-0.7206601351078272
8996,13.528525487367114,2.031690505994239,-1.396453789170815
8997,15.257142352241187,-0.7212972094940774,2.300702796606458
8999,20.593159969714623,0.0889401069656109,0.833190822627609
9000,34.307260190991215,1.6924196115368793,-2.62972462806713
9001,4.95037592004438,1.1560088382589295,1.3492222811565282
9002,30.79365332711472,-0.0285191742415013,0.3631003800804933
9003,11.380791711270923,-2.242401148025121,-1.9831864672394803
9004,36.570341256234826,1.128955278240062,-2.360075779612421
9005,19.85676117881681,0.1574597247985725,2.563494986032085
9006,10.166499389113962,1.777906372498287,-2.694725200077932
9007,9.97117232261148,0.067967644283835,-1.0729080369009698
9008,16.375567158667767,-1.3178076101350191,1.4012728214606638
9009,25.34339553504688,-1.1216299659948936,1.1771784349848329
9010,19.706273481060883,-2.313404706228884,-1.5160840034933958
9012,53.17055805719429,-0.6920488399650896,0.6799075503990223
9013,28.043814185961363,0.3940974723790129,-1.0383388678450165
9014,20.29413966589813,-1.8405524832628173,2.221154753453748
9015,6.129459976987976,-0.4918403147718844,-2.247310153606501
9016,16.572447909220536,-0.2780807108393717,-0.707306128472253
9017,58.7077258385856,0.5803043344230274,-1.8732314691773355
9019,10.776278520845963,0.7239656681591822,-2.212745437066721
9020,14.608628398837086,1.8197583516001945,1.132578843973275
9021,79.93243834854715,-2.438693279426926,1.3289512819265674
9022,9.034716738778476,0.0428956159015596,-3.0845911520012548
9023,44.74495652728489,-0.4499896671162594,2.4557578089911223
9024,10.50347300101456,-1.0446662197670964,-2.6895623258047707
9025,19.448958005791685,1.85330474938698,1.9172664528953351
9026,23.252639039630505,-0.0996610305985109,0.3536626020903325
9027,24.48067530480065,1.507408343577807,-2.6365797642484687
9028,47.713506755748725,-0.932726363002819,-1.4757731922989423
9029,24.03889938651476,-1.1544408422954977,-1.0893884996217311
9030,15.127626658557125,1.6240352764299075,-0.7875839633557176
9031,13.447544368780656,0.1975312897479303,1.379886252595428
9032,13.523144605026788,-0.1781612113541305,-2.1750239743332966
9033,41.66173336143149,-0.3913051893167878,-2.640109532690321
9034,44.10728575670537,2.008279819247352,-0.4615146506886137
9035,23.13080137306317,-1.7749258423174696,-3.0916097066666
9036,20.013521759736577,-2.08690615896758,-2.758807322802506
9037,11.661568205367914,0.8888574594369281,-0.1192852512110584
9038,138.4694457449391,0.4514526147208417,1.4685299361281436
9039,98.09509760070064,-0.1541466110359659,1.9952652031683489
9040,48.524536987106885,-1.6105358626898767,0.5913640710489619
9041,8.858804099959075,-1.2464146145413455,1.9135832029328983
9042,10.455140113195164,0.4728160670931186,2.829605743732942
9044,48.12390945846582,1.087497717813471,-0.4230978528229987
9045,76.25804678034268,1.3404661642662132,2.0728029700742376
9046,12.270446566681532,0.4195088930330591,-1.4251487640487512
9047,12.390567644690943,-1.7371038846492002,1.1115294938188949
9048,14.838298375781802,0.3303658005025774,0.3164306308829614
9049,57.22241701115418,-1.332314149642335,-0.0780692773723982
9050,18.925458167134423,-1.7803905719812525,-1.3389936801697269
9051,50.182667781830666,-0.8977577564136306,1.6720344058679752
9052,16.887382792560803,-0.1160680906452641,0.274400854092519
9053,40.082446462761375,0.5349678125972182,-1.8570050447475144
9054,15.877544712506404,0.327489059121942,2.35367935084102
9055,19.49251439853892,-0.8659318125441857,-1.5958306691156825
9056,30.810112141466096,-1.8641186777363137,-2.3093735653043765
9057,73.96728353258086,-0.5797418405596462,0.4374270407165196
9058,34.395498530993,-1.5208234366967155,-0.2644083671923701
9059,18.61400420355019,2.070208073817416,0.9209416505955788
9060,19.462834296723727,-1.1216222924057615,1.4719588886403687
9061,53.01643477984181,2.153711862777297,-2.051703203426591
9062,40.10422188791275,-0.8362598032962651,-0.3624301484928257
9063,32.7654227311218,-1.741734379188217,-2.617904024092571
9064,34.083573551253366,0.6672897908301426,2.995392802938266
9065,45.33551987507407,-2.338434870837679,-1.6411563967688556
9066,34.8773187742505,-0.5889540039072271,1.7776891098105434
9067,74.47787721141641,-0.6011933295044013,-0.330347827840284
9068,34.890585283690264,-1.8121065817132544,0.9734769007448844
9069,42.59517203580083,-1.232265480934214,1.924789293682294
9070,33.82674309672812,1.0527329095470452,-2.1349092381219448
9071,10.591991436784175,1.2391468988464478,2.604561584392313
9072,18.17319257928498,-0.1699871661999083,-0.7072751504948515
9073,16.403350363097637,-1.1911176509737067,-0.55900834496045
9074,31.808188678858933,0.230939096025632,1.0594085192814586
9075,53.72249962994668,1.8246656433134425,-0.3501727498898784
9076,21.62023894867498,1.6161364213889882,0.4816265585042172
9077,10.383462622087592,2.131723786181787,-3.03470924537965
9078,13.266987471481764,2.026211974835926,2.5086955873347643
9081,14.923230113061388,1.8579096299733413,3.020849924366116
9082,19.11837712876991,0.2274566487513395,-0.7732953196330509
9083,47.723854049486256,0.8323200684034364,1.5737742835145694
9084,13.401767522204004,0.9960976226844404,2.3580666748656824
9085,39.97780252768637,-0.7809613226294878,-0.3943590644674797
9087,13.341929729668824,0.2790188668880767,1.8328742024232096
9088,33.687567390380586,-0.7699497235895731,0.8616111987845747
9089,141.2600504143478,-0.3503677477663873,0.4878713824731731
9090,29.361997016762302,0.5409144039260595,-1.577583411288972
9091,73.0475087933173,-0.3058943551326917,-2.95628567727797
9092,17.882662502410906,-0.4251761263939945,-0.3835292800618127
9093,14.453151442498582,2.038799670792779,0.8358550882297762
9094,11.917002390483916,-1.2580183959441038,1.9868918561859903
9095,24.128157478801867,0.6553999273423804,1.9964514829825435
9096,23.899604093699267,1.371471845278872,1.4506545781412865
9097,28.010410698612034,-1.29469760371113,0.7373985923289063
9098,18.24435206809749,-1.6447950241349534,-1.9101566958163407
9099,13.1154216517612,-2.10929871626414,-1.5315450609577774
9100,27.835132041174617,-0.2412005076743056,1.6745214813704894
9101,62.59204831563574,2.45252906560941,-1.5607309725637908
9102,14.423478538496925,0.3854246693046891,-0.8571511528473352
9103,15.87160701000996,-2.200017391461048,0.7355189624694294
9104,13.010781095077146,1.795210349229319,2.5348922407406445
9105,14.048482851642197,0.4024824773395394,-1.9844611867085464
9106,15.046970663507322,-0.5746973387767536,2.619541658344972
9107,17.338766822294357,-0.1035282819932874,1.698255674113246
9108,17.06792633914478,1.7793340982808377,-2.1151844754327525
9109,15.082886320216172,1.781396346255674,0.0719015347065482
9111,9.755875955847223,2.101455502091729,-1.1977561267758567
9112,34.45659649656017,0.839705397341394,-0.0847744310061307
9113,20.800564749306563,-0.3299420416104309,-0.832147396112668
9114,14.776473962442042,0.3265283815861257,-1.5769401642087135
9115,41.092941617492144,-2.276612362914683,-0.8957677774546812
9116,32.868235516610014,0.4627701451550344,0.9202237775352136
9117,26.42636038508697,-2.0967187520693003,2.211727630004745
9118,58.46469623422891,-0.8443467380458488,-1.8944502665055
9119,51.91882578574694,0.3615175756239022,-2.048271913378955
9120,14.78216219396303,1.9605735516974776,-1.2302563441234045
9121,56.47229372714949,1.911826151656496,-2.9762908491951543
9122,12.338120998731506,-0.744698627785141,2.3289506127486272
9123,11.95874218508366,1.4458624879250512,0.8682882448431388
9124,52.09613768325817,0.3464017724748222,-1.7095583674552903
9125,13.78127948589326,0.0669598243357058,-0.2207762017084464
9126,13.194685877896507,0.1421379649013796,-2.6518317633846
9127,12.655868562315838,1.5109699572761854,0.8997770235766462
9128,18.80612471838695,1.3512067991040366,0.5457050465149769
9129,77.36638968131582,-0.5500743493241392,0.7829890212898888
9130,48.55294448663796,0.7417232851044502,0.053567348603497
9131,25.897413516583025,0.3652226340945913,-1.9816090246520424
9132,16.160744730660856,-2.305244897523041,1.583778929310519
9133,17.915933660446946,-1.1776491394289328,-2.0865037114116203
9134,16.6717111988541,0.5716546584132615,0.2064298439626531
9135,13.839037687116472,1.6641385719777295,1.1145161964625945
9137,86.50921100545436,1.1858315004557645,-2.810009518042768
9138,25.067553366827923,1.7178703592008675,-1.246075760002389
9139,33.22148812423799,1.8335711647819035,1.8945710763098875
9140,33.014924406529595,-2.1677965577316214,0.3030709503211045
9141,12.770031317166808,-0.4929662668487974,2.283245734897958
9142,14.038131857176037,-2.471835904673596,-2.3574333168230632
9143,100.95797458207537,-1.866322460668872,-0.4185891647206015
9144,11.670402535059605,1.5610603458840095,2.078935264497193
9145,6.024595857981121,1.540531380105223,-0.8181228121263369
9146,41.2498045007415,-1.703241187831855,-0.4026788236545873
9147,17.191438119558164,-0.7916010742652498,0.0130856754947028
9148,38.09366723273547,0.0555681690305638,3.055572541592248
9149,25.80188347555932,-0.6370059417737383,0.3114298570347061
9150,41.91674946307687,0.715663892982809,-0.6928813465586264
9151,14.26173980563848,0.4856156282917817,-2.682701624994901
9152,19.73652631598424,-1.2329669950066935,-0.8210939943662837
9153,12.479081261247764,0.1733627886412659,-3.0548765504740234
9154,18.43261554037309,2.368390459730683,-2.734904191910288
9155,86.86805818380239,-0.0434770729382431,0.3931964026822223
9156,13.354006427393164,-1.6734832412490497,0.4449128602651933
9157,19.060760247802225,1.9162067208621365,-0.4552343679825721
9158,183.1259813983717,0.9294663315144044,1.121051635847431
9159,10.96983584059829,-2.0034896711237,-2.685136464059372
9160,12.10328249961872,1.640881577631924,1.8267045604852847
9161,118.9829358055266,1.7872489016252642,-2.285135867325147
9162,23.628662340403302,0.2229579897027992,-0.1520030832150234
9164,11.023202971187809,2.343679268951795,-0.5075214959766522
9166,10.697393221087546,-0.3474468849844568,-1.09381802837676
9167,22.353301117809284,2.2156198157577065,-2.0165099762137
9168,10.038180673036118,-0.2086717980273043,-2.093304992731912
9169,31.12747423706285,-1.9162521577559204,0.7576419438487034
9170,20.06968014083644,1.8789936992435448,0.1398570597473886
9171,6.977053965636485,-0.7961685618066594,2.0505613069550885
9172,83.96997347088727,1.8282250746368345,-0.7240641329307752
9174,118.32401037995194,1.976007187424751,0.6044367550149412
9175,22.35182606547743,-2.10669410526246,2.387122985725579
9176,29.089737587540448,-0.6731114390896725,-1.2602493618025958
9177,15.423916133790526,1.4073530589802623,0.9482943343260049
9178,18.77000466306956,2.3768339412938992,2.383066200447433
9179,17.801935238349724,0.5568394965880994,2.65120910170428
9180,12.770646596611424,-1.325851532787012,-2.8701358035793816
9181,67.2358778094903,2.2648194346963773,-0.949010780534043
9182,17.294297845487836,-1.7486463565893735,-2.711356048902554
9183,15.509810064436252,0.9497518515101044,1.8389388073980533
9184,56.0368687774565,0.565523406968352,1.1369250500395458
9185,25.417630089563183,1.3327135090447249,2.9317844409010454
9186,80.67174679182126,0.3511333964041468,0.4592553566416945
9187,14.101556860819633,-2.401040553872261,-1.1999332325971823
9188,13.115508427375726,-0.4026470898045832,2.784835481124767
9189,25.9606637831361,0.6232912163304627,-0.5624095569945083
9190,18.169659885136443,2.080558220082932,0.5720660432633589
9191,27.64758968002616,1.1155278551236834,2.186020802465511
9192,30.45686304425483,2.1365070630480942,0.7023203427771115
9193,11.360227705561782,0.7300811334506352,-1.3403018881918338
9194,21.91462649582363,1.1797359640848446,3.129875367259391
9195,16.949588946685374,1.6781707900942295,-0.5995143445276792
9196,25.48622070844221,2.458909047540961,-1.85410058660304
9197,26.208479426602423,-1.7445073509755706,-2.8828327960044984
9198,32.436682788826104,-0.1099249163096338,0.1524362311573227
9199,67.58629058737344,-1.741965329711429,2.269587919301607
9200,20.15252859271303,-0.6224544765890203,-0.4793791348255311
9201,18.345091114583923,1.4415385822429885,-0.2014227334458654
9202,14.02498835126032,1.5481284306260157,-1.857893844831297
9203,16.97296092607918,-0.5452082350722562,-1.0456188993129645
9204,65.26563629593906,-0.2483741749836179,-0.9528636718188356
9205,14.48488559261266,0.0465165106619772,1.9737513964855125
9206,34.438302380088395,1.696311510418944,-2.8032647410182507
9207,14.547933258786315,-1.779121610166167,0.3943583621650225
9208,24.68816238309812,-0.9522900877642348,-2.454700994890609
9209,108.65667577518592,0.5865498518302545,1.2725689334900645
9210,21.51203630168508,0.9901854206893062,0.0802762769723571
9211,11.390005855611122,2.195515789331149,3.001834773011405
9212,18.07147994723614,-2.078031105036653,-0.7407207471799218
9214,16.9420919057612,-1.065770631870252,-2.0098987343753527
9215,12.840634547115975,-0.5368243862005853,0.6268534026428281
9216,11.683445545672392,-1.4539816804987729,2.648465798713329
9217,24.201454593990327,-2.169801667008154,1.606943228406579
9218,36.63929146200665,-0.9467879651545604,1.28200265288846
9219,36.11397617404288,0.9357160035217268,0.4514461010331758
9220,107.31454084910496,0.0042004076976777,2.816213892503156
9221,43.0414897101925,0.919251697209646,0.2856767896917664
9222,17.470043677460023,-0.4859773428567209,2.807812609938169
9223,11.86302225307172,-0.2628095477541136,-2.437879407032653
9224,27.147685606769763,1.6727113119162833,-1.383926871577728
9225,19.647349927632504,-2.373521299611044,0.8850763677127446
9226,14.511207537554691,1.801256198174328,-0.0935724826408568
9227,25.734149029757173,1.955474066644836,1.7633188558888189
9228,9.077456733802148,-1.1639525454239903,-3.130084173281596
9229,25.6102547344342,-0.1989070909247767,-2.588075512665674
9230,15.149675406428711,-0.599767413685956,-0.3012670190243472
9231,60.385231335375565,0.114733390707574,0.4069766401987317
9232,13.062500495196405,0.0050584012559229,2.636268262494426
9233,30.60683585918672,-1.2848864642069762,1.584869747912573
9234,25.33099275962876,0.3564992735188099,2.687049823345492
9235,10.183778197666037,0.5234373839363382,-1.2922796870702813
9236,24.93382396988435,-0.9956157716961715,-2.9745991531574387
9237,56.22828162153586,-0.1563481680181991,0.5714162004090997
9238,36.11538128814776,-0.5632497747505747,-0.2851177048029352
9239,13.03884149570566,2.313650315846925,-1.9043040875467787
9240,13.182126416829227,-1.2737991511059903,1.4373038558169726
9241,11.241200250346555,0.7330404357476634,0.2369094553346748
9242,12.15383998354358,-0.0786713359803069,-1.872741737316529
9243,50.5884953782282,-0.703296032166481,0.1582545051772501
9246,10.655364107687152,-0.487753556825686,2.147784216275299
9247,11.414194791003478,0.1092861089913735,-3.065542305482796
9248,38.21451422366724,1.44933228080902,2.222275917780596
9249,11.713746186112337,-0.8315395897495144,-2.3130133241667568
9250,14.759286543360709,1.7373856850804923,-2.416383432268652
9251,33.92587734389214,-1.0197502849109064,2.222307492605452
9252,11.55805731500787,0.266428315325564,2.192204473015144
9253,19.67187269749988,0.7656291359705591,2.4392817838710776
9254,18.56991146139485,-0.3012313844314717,0.2473480362508709
9255,55.9693126042196,-0.3613663820904735,-1.4314823360802948
9256,13.471568165697487,0.9284009170313292,-1.6574955339890978
9257,33.00089673841138,1.1910205017611208,-1.3932525154034363
9258,11.767264296220954,0.7746374538855507,-1.7376861133913832
9259,13.132705763563871,0.1813392847710476,0.2304152310344602
9260,16.872118966555572,-0.5374331451498587,2.446347940139814
9261,30.99048754109896,-2.022210463985123,0.2118833899917413
9262,28.651026985719728,-0.2409167640613226,-0.7853344822713793
9263,15.93006213307,-0.2440989693390335,2.128950377728628
9264,29.971120533412325,-0.5820209833493758,0.520472654234963
9265,99.9335513474082,1.2502402188239643,-2.3549573193462185
9266,32.54476369587675,0.6736587885790382,2.302191739016155
9267,6.733408578201188,0.3015561080994283,-1.830202033874817
9268,8.664949938932992,2.2072575601885247,-2.4229429252889454
9269,26.702713454652383,0.3919164486590294,-0.4862209113886416
9270,12.380582298753737,-1.3642901783532713,0.0894225493573421
9271,25.922818122355736,-0.2613177525443858,-1.3781198242054755
9272,14.789952760595805,0.2426929954707389,-1.5180014057476148
9273,19.02165934481241,0.4695393363361284,0.0236652032695425
9274,8.723223919095764,-1.6852459734839822,-0.3144096936807929
9275,106.5083861906951,0.904518357846759,0.1943342564495302
9276,14.483194064802037,-1.6610339902294562,-1.3532901581702594
9277,11.644097308607565,-0.5415223420432321,0.1415699710852131
9278,72.28660547321934,1.050261518191175,-0.004796520342284
9279,12.62529327194256,0.1992898409189394,-2.6987528047121243
9280,30.80536303407526,2.461370833848746,-2.627540288060372
9281,10.64697609789694,-2.2080912997145425,-1.7723805774786814
9282,37.92413326012427,-0.8551741808667077,-0.5970997764435183
9283,16.509930230459794,-1.8742595006545577,-0.722840756273468
9284,13.242598037141455,0.4788338099114244,-1.6585521951572595
9285,60.518168518185874,-2.3044688852021573,-2.365787456834206
9286,22.2849083691958,1.674285252831054,-1.2117171962323137
9288,69.7380563292255,1.2165427941519456,-0.2892851341598164
9289,22.15816170110003,0.6890133172020697,-1.7394289854826734
9290,29.27705976003013,1.5252566524956723,-2.005245730817565
9291,27.158945356961187,-0.5632524967674721,-3.121880653800146
9292,13.24132830959424,-0.7685768956305089,-1.844677746154248
9293,13.381210474844636,1.2519071327252465,1.0176231849951085
9294,17.125852568412878,-0.8329579866138835,2.720446270174321
9295,36.81390281631122,0.1083571577243008,-0.6264949758470713
9296,24.31889040459956,-0.2240877826855341,2.5920636265312686
9297,36.79679226818001,0.98788122986545,-1.5516415697289458
9298,13.495496603005286,-2.4089960709451246,0.7616523141848669
9299,15.878272044162346,0.1789978691212237,2.2025213094011864
9300,19.59329095743182,1.339180814314176,-1.909382889567784
9301,41.71596311277963,-1.0526868355022772,-1.917917329003508
9302,21.984869578835617,0.026597241310456,-1.1927205149721587
9303,27.43145649477703,1.579794668887372,-2.8518320344959225
9304,27.35212185415665,0.5771269954277732,-2.9390458824711296
9305,32.04459714719753,-0.7586624892051581,-0.1222208841612604
9306,11.59364750151592,0.1438842539369364,-1.311042237253544
9307,36.18941331078291,0.1079138098950776,0.6026660178006258
9308,38.71927629146592,2.045122952474126,0.9202584399391422
9309,19.92960289403581,0.9052558412132752,1.903478763482639
9310,19.605273720033967,-0.628772445995743,-2.916757494876117
9311,13.8632793748683,-1.7878472588864551,-2.984131319330166
9312,31.661907968810628,-1.3304784005899244,0.2659738411602229
9313,160.02810330329544,0.0279317722769248,2.48615271891627
9314,36.98600098675114,1.1182035442994116,-0.0024365970664736
9315,12.7825943110573,0.3920850302184883,-2.028846294538037
9316,10.04973101357704,-0.8905543368160537,-2.3876654075032864
9317,12.413766491820525,-0.2427614859373301,0.8176302166069824
9318,62.72237381138944,0.7589342928257534,0.1298725458788793
9319,35.795658271423385,0.4837121798166349,-3.0342188916685817
9320,15.042100417746807,2.1851001936893555,1.3215349251561783
9321,13.887604760765145,-1.5604885477559942,0.1943916071849112
9322,19.63822202518036,-1.125018165935067,0.9285398995867424
9323,18.60885275182125,0.7956920165639152,0.9602371349954965
9324,36.26353352841095,-1.192157243623737,0.543577261190913
9325,30.01029476175217,1.0667701471086295,-2.772370064935534
9326,12.853760097782738,1.9016155830913173,2.369239784822237
9327,157.45584516938058,1.531186556555688,-2.864207267060284
9328,17.352792932562622,-0.1864122050134505,0.017157155687927
9329,12.438709016703772,-0.2011414171925879,-2.3510020363745845
9331,9.83465282908208,1.125097239600503,-0.6440524525480691
9332,10.853828033140964,2.0281791391714514,-2.157822900355869
9333,30.27481558513496,-0.5506355861158649,-1.632138289331219
9334,81.32294698746796,-0.5717672221359887,2.383784241682991
9335,32.60595215731535,-1.2304791857989543,-2.8377279294352906
9336,29.34991213546524,1.2811185508542198,1.4465407860985997
9338,66.71306859324787,-1.469979919983315,-0.7004071983371208
9339,10.47942364244798,1.0901504312695391,-0.6378266610235824
9340,26.00026211792049,-0.2380970103440118,-1.4470462361996357
9341,31.31414940237586,-2.293021861091457,-2.36257800306785
9342,13.256658682555482,2.2541753756597,2.9373342447458275
9343,12.591856582611696,0.2544129406945545,1.003438578666103
9344,11.907783491741672,-0.3802065776253225,-2.591857672231524
9345,38.12620714370728,-1.0153158635394688,-2.17073440136384
9346,15.42667714194406,1.6832557080597796,0.8198248489924428
9347,15.139959129646348,1.7018968985620355,-1.3030239865621005
9348,36.327207449957,0.2729329688105209,-1.2132772317096248
9349,38.56781729518145,2.4240327225199003,3.121745498543296
9350,31.796947426909025,1.2239465359956945,0.3804062141438725
9351,74.00881144204114,-0.9253601478894262,-0.395570708440173
9352,7.379328934298541,0.3411702735674771,0.1855082228705855
9353,43.38846809700254,-0.8809550048548147,2.7179225714341566
9354,29.40950015942568,0.7355223080916982,1.7294281057196432
9355,12.453842680346812,-0.7714536358105596,1.4784392770032044
9356,16.484310707159203,0.1934240999007588,2.959569276868171
9357,17.638725162057035,1.3776866014193128,2.4755126233760487
9358,22.18338838225637,-0.7756910036558166,-2.760498907985776
9359,64.12265522959338,2.013175757417741,2.6621448248648623
9360,24.91368057093477,-0.9467518830089928,-0.9894939612049202
9361,19.76540366945589,1.6584332349386486,1.91668867047644
9362,13.590320164780842,-0.2891765529194181,2.70515134266353
9363,15.981697545205623,0.222377543985301,0.7447061409250152
9364,17.776993403549223,1.215150947965063,0.4584465525979124
9365,39.49345437893307,-1.0139117335826695,1.3695691520500954
9366,16.118455068981547,-1.1830051541247704,1.1784475588031929
9367,15.42831698141876,-0.3437544213946161,-1.296283070450705
9368,20.24956441700552,1.6058697614369248,-1.3166293213655529
9369,15.469554833600178,1.4188731919269564,-1.5552056178287943
9370,31.685587715897952,0.995296960174466,0.6541187309489861
9371,158.1701318198731,0.0056044321199727,1.395537849521748
9372,24.860336850679086,-1.1945406245760988,0.4448033351370744
9373,35.06717430976499,0.0072392031231582,-2.8502554483781264
9374,60.05345684754052,0.489895047261193,-0.3365224067993535
9375,17.039545182487522,2.046440058037432,-0.3857650406719289
9376,117.2589440509958,0.603369715021273,1.941029444276069
9377,56.0488607461442,-0.3580137431925016,-2.8642737713075506
9378,16.351599270121888,0.1864158008955654,-2.554068457022411
9379,24.87494558608121,-0.3663480356997244,0.0402348026203155
9380,6.880816715840637,-1.308667747688767,2.617176091275124
9381,9.17227309001444,1.1367480165930088,0.7259498746323267
9383,38.67106488514403,-2.4918636429315253,1.2968073065270986
9384,17.631480427449734,0.5150119993733092,3.080886838720493
9385,14.957690027094715,-2.063700946704488,-0.3348233168476445
9386,11.126041318720056,-1.2381948360857893,0.0165666217013655
9387,30.20803964550987,2.098540704741776,2.579125722917269
9388,14.260983636843768,0.1588784473328289,-0.8967250632916292
9389,21.53427677565765,-2.2515271606453315,1.940279422270142
9390,21.2668443243394,0.5635309805721245,-0.4241848783132196
9391,20.488633581580025,-0.1650327632401081,-0.0946134828574685
9392,41.753870452675486,-0.7130690854509452,-2.435689759726936
9393,38.94255997915482,-0.2184867538287,-0.9614484956187496
9394,11.36310795708405,2.374528405570376,2.3168865882361978
9395,10.215918793217352,1.391640956191293,1.826138243629076
9396,12.482013957301314,1.202078261512062,2.615839702070007
9397,9.872647815700995,-1.12189095443613,0.1848637011129443
9398,53.01764238426396,2.16798414612179,-1.9569470558247464
9399,14.23894293561927,-2.144016774320153,1.8369186003477151
9400,24.81860943564625,1.4229394916526314,-0.7478120629855967
9401,13.92693074455347,2.3482822585042293,2.231471172638408
9403,26.11017984168721,1.022027534925174,-0.2629529841230742
9404,34.771723755243926,-2.1794932558598235,2.659359867953168
9405,13.408868010215876,-1.8524380147035708,-2.962960266226424
9406,10.64186104603908,0.0696759430587795,-0.1118469157962861
9407,15.401452548738469,-0.597904210010593,0.3327536585307331
9408,19.136417774288947,-1.1204812457818554,-0.969233779690826
9409,17.859075224639447,-1.931046928316664,2.247817444771796
9410,17.40039755992733,1.1318533828536783,-1.310870663249948
9411,17.950516560487003,0.2149907285580026,-0.6920041594794094
9412,24.40614003129273,-1.2638793177137826,-2.369275605372748
9413,0.6371799863759608,-1.7543679504390066,1.5984452660090638
9414,16.548322513625635,-1.0683106522963726,2.8797583677613696
9415,21.18845604588832,-0.541352746489403,0.7106417649122174
9416,18.455757132426,0.4418439174243655,-1.685319065921499
9417,26.295668045609084,-1.1193796599477244,1.061864260442485
9418,12.34632182787073,-1.177489187077572,2.839834325686309
9419,27.191393572021084,0.941467832973645,2.8635204734833155
9420,21.6334337420877,1.948020854247892,-2.674130086190712
9421,17.4363894604456,-1.684148056031321,-0.8419102712485301
9422,14.740046722625394,0.0028572389248546,-0.267848129898395
9423,26.780711848475782,-1.0820102036809267,-0.6189603453739708
9424,6.321810099749063,0.7951573762687254,-0.642437192481084
9425,13.721117480345118,0.1032307440223726,-0.7665568359730931
9426,39.075837261595794,2.198012642176823,-3.0876860947254112
9427,15.50102279937165,-2.29883289339437,-2.155380139478196
9428,40.62182434681177,-0.726562633827854,2.53753458796025
9429,6.095584414463025,0.9864998238984304,0.8228911207125882
9430,36.92449988968408,-1.2542245413328623,0.0216221600325413
9431,49.502875272205806,-0.5231359533622233,-0.139190506926877
9432,33.70776049373315,-1.8533988257614789,1.0173334594514647
9433,55.39999496605648,1.8353452771632133,1.581230044109036
9434,6.635802931890663,1.555427177985632,0.6959480007344285
9435,40.21320197590887,0.2894051051070294,3.11231207754366
9436,16.939504472034166,-2.019422088520132,0.3359930232218349
9437,34.57674225104952,-0.7906531991358081,-2.106798219349181
9438,18.250377818514096,0.4181405706936516,-0.7117363312185017
9439,29.12075768180299,0.0501055336506482,1.4557668157656884
9441,18.6947227751212,1.574973965178879,-2.8124564637617326
9442,16.968936193138575,-1.2885669168260032,2.0685816990399832
9443,20.64401055366111,0.5630128452755845,1.1527588918285487
9445,42.51862572808957,2.44058503036365,1.659344896723178
9446,14.852240214652593,0.131430657469572,0.4260103368377579
9447,16.50372083189432,-0.1772546490021259,-2.617375356210711
9448,20.529749098582347,-1.3987761712206983,0.3845894493960142
9449,20.540529294278468,-1.2685546912445829,-1.956065374435089
9450,20.37115078695264,-1.0617612423184306,-2.8032129688280207
9451,10.737114556976747,-0.5324951037520286,-1.9067210639473964
9452,12.033600257371347,1.7813610212798818,-2.6489156394644446
9453,23.632286954002904,-0.4143899568493935,1.8592624068909271
9454,35.29328631299105,-0.7480524299560382,-2.493884037404632
9455,27.359624010077667,2.2405767948834114,-1.327650622827209
9456,31.64064572062289,0.8612160571000351,2.590485543848484
9457,10.807119861341253,0.1592046967737478,-3.103959111489893
9458,82.74408265050108,-2.466107365813472,-0.9581823069193276
9459,14.48800768768292,-1.6509657004879608,2.024294977877156
9460,41.5248969256848,-0.791465816019695,-1.0231680788772055
9461,22.286971318321147,-1.294909547989989,-1.188828955044462
9462,38.19754226483721,-0.2802710999315563,-1.3019885108208142
9463,26.315464337930795,0.6562547514027853,-0.6564900538936035
9464,14.25537400525586,0.4672511028810671,-1.8709638296038296
9465,29.52993796070248,-2.0394938551175423,-0.157386450550694
9466,11.970849586786542,1.8350565812964863,-1.190093132593059
9467,10.606508103564137,-0.4348163030035001,-2.413316831851406
9468,53.067986554837134,0.7058387752962121,1.791518668435092
9469,10.634476081707334,-1.4906677977974747,-1.1328361178413848
9470,81.86897651987935,-2.4163347734650675,1.3224279557649148
9472,27.73120726739795,-1.2776907791198482,-0.8790105580772284
9474,10.70865634254001,1.0405033519223377,-2.757066744600261
9475,30.722238996149915,1.0101922294530985,-0.1927385028765365
9476,33.70031123894898,-0.2901336448127145,-0.8822972396094122
9477,14.638622313043603,1.5826780998435277,1.8862754864389304
9478,29.06166758812972,2.081655201913227,-2.19475844806534
9479,35.624043621385404,0.9968632301049174,2.19077067693196
9480,35.7026422788324,-2.266671159325061,-1.2741146220505963
9481,25.850970818632497,-0.9890758550788928,-2.57342817611158
9483,11.989897380649536,1.7089054101569003,-2.152576056335082
9484,20.7999185934376,1.0415238095077597,0.3444770251115591
9485,13.203140618994995,1.604234984760966,0.0659462269945103
9486,40.83851142059861,-1.8980668167931567,-0.2438782046486815
9487,18.70289538830185,-1.0102199568121064,1.561752765709498
9488,30.382548693953133,0.878603805292728,-2.982828833678108
9489,16.181553540000003,0.4540261941334261,0.0048877898638337
9490,39.11399563175501,-1.203419636159518,-3.106162692126728
9491,53.25477272394273,-2.163960463280697,0.7540140983435542
9492,25.84561586503617,-2.2722703822831214,-0.8082456327778735
9494,13.249564968047268,-1.2319548192098078,1.262421670207302
9495,15.660546437491549,0.402037121899967,-1.20154532976416
9496,28.45954498830245,-2.027524426337853,-1.027733683894459
9497,55.02531034423265,-0.5178387251434141,-2.735837234440996
9498,97.16560418573648,-0.4866105860994029,-2.0086140568937583
9499,63.30490635101916,-0.0142067376177244,0.905106007358421
9500,8.07759297548957,1.014531057603488,2.3371046589587485
9501,88.2545279675377,0.7808843858294775,-0.801988702756412
9502,31.96201942557549,-1.061300748471902,-1.0638879775311114
9503,19.11326022520889,-1.1394194057791074,3.105702213971286
9504,133.91073520641888,-0.9780896625072965,0.8839268085646408
9505,55.01821433049434,0.7850096973378647,-0.0839502739296617
9506,41.44438403343515,1.1860544852213684,-2.734198174622492
9507,16.13260894913541,-1.377655145296539,1.2981157359649735
9508,15.93568136103381,-0.378777534376778,-0.2725121570767341
9509,10.493003176914698,-0.4019917552965066,-0.94961441070174
9510,39.67757186079953,-0.4652525612919829,-0.4737766459848425
9511,24.67102216171435,0.1079927107102971,2.564551089433712
9512,17.241481170935643,-1.657961479459363,-0.3881910540191131
9513,30.012812000682622,-0.7305119093863381,-2.201741852839018
9514,16.59269195390839,1.5762310229952283,1.786547090130544
9515,25.57979648658812,1.873622573879685,0.1693167498390567
9516,13.709018389422438,-0.6218939210666155,0.0258301255103388
9517,19.933377275037664,-0.4307478521351701,0.0728781233663287
9518,18.63902081798169,2.256672509715241,-2.9767104188025018
9519,24.52819951268425,-0.3295623658930959,-2.1620631309757927
9520,57.950262011083815,-0.8442866059553615,-1.3584827456591295
9521,26.01734445766274,-1.476008773079348,0.7134979610467579
9522,37.10527248370734,1.973268960683008,-3.127542180738266
9523,19.491503845003976,1.5571649172956152,-2.200163420225468
9524,39.32927693809014,0.4695488974320785,-0.0428534022053035
9525,45.45471749986574,-1.3421895168977638,2.5119653544608487
9526,95.27042651356,1.3838058013857342,-0.9169260778049726
9527,66.98426265488948,0.0115882731606305,-1.2092136650674643
9528,20.045727750128783,-0.0628350413670169,-2.7745899220800165
9529,11.42032360432369,-0.353637099431344,2.74563797287078
9530,18.215520514722662,-0.340990138134439,-2.987786214593341
9531,9.757360706705937,2.232159853875676,1.1407066855568964
9532,46.389039320557664,-0.1415864718875519,-2.702797708572578
9533,31.15513574071644,0.5889783534609929,1.4694518795171734
9534,20.05003369364217,-1.7519044415576144,2.592721720274414
9535,47.3366112985108,-1.374059460306979,2.592478563205298
9536,14.48826092396351,0.2947417569694864,2.3801718722491203
9537,134.4785870910168,0.4823212155441464,1.6435448160257278
9539,23.63248866839416,-0.4415231030674415,-0.4650566324097432
9540,14.939150753542377,-0.5927694013841391,-1.0348924053548902
9542,15.95482574100955,-1.1152003430513746,1.9158565677504464
9543,18.3265005283186,1.4946947331759557,-0.8419881741889735
9544,9.39753329821106,0.6371742355845252,1.4705602941193514
9545,10.310002528415504,-0.9849836373297872,-1.0729331073902628
9547,12.006923189581006,2.2236910752297425,1.299710649772626
9548,19.685077797317813,-0.0906823520392768,-2.130949807113273
9549,77.9296360710776,1.802591583399904,-0.8709725992027553
9550,20.697073864441453,0.0045633941532839,0.0062930182207363
9551,22.301716752783086,0.1125329510779184,1.0840083112876298
9552,159.28527893317138,1.4988833363626886,-2.2845518127832376
9553,18.789166522823173,2.359054765165161,-1.02183629176713
9554,13.467446347392432,-2.48221982513143,-1.9550408830677963
9555,11.327015950271486,1.1539869699284082,-1.950558504614105
9556,26.72119685755897,-1.3271595922284574,2.770499703866449
9558,20.20226516598849,1.1684595766103465,2.849733667442159
9559,29.783454392441115,-1.1477135404978789,1.4403405229076425
9560,47.81689667310768,1.874865687702009,-0.6538479724585662
9561,25.446197396944303,1.8235597238846848,-0.7681014315597217
9562,9.353280969628788,-0.3505374510298264,2.650446865356228
9563,11.8162166834891,0.8185461271174552,-0.8817000013533324
9564,24.59921820196513,0.4740397733180217,-0.8729152858402515
9565,28.493632310443072,-1.3998679248769328,2.2438586577837047
9566,24.9126738945118,-0.3887980014159836,2.3944219404267564
9567,8.897193211573224,-1.697825181151915,-2.9946437132607966
9568,34.97795741636535,1.6515450457390732,0.1322994229319094
9569,26.566643759496632,-0.8940017026799815,-0.978533074625561
9570,10.236935411278472,-0.616434522188161,-1.7217843882849326
9572,17.500532058406474,0.0379302011200434,-0.6249104712045745
9573,18.17616004339472,-0.1578663440469093,2.301785745225491
9574,15.422760551411306,1.648938716198307,-1.258088982344634
9575,11.059355879032704,-1.521371948578927,1.0174575597158155
9576,14.4221979677823,2.078090982623808,-0.2551076282939169
9577,4.504182887335246,-1.3067001453081435,3.021857338957661
9578,27.43830320254208,-0.2013239173048893,2.344393380328152
9579,12.905111934172233,-0.1089961940090627,-2.1788415777847723
9580,12.634843267044696,0.822666708457833,-2.571389208795203
9581,18.778673965166767,-0.7083517433641916,1.320187068796734
9582,25.048014145076888,1.609710545514761,0.947442152195756
9583,46.86416817344734,-0.02887476088486,1.158011767126763
9584,35.5220731092174,1.1041238046333652,-0.5610183100914067
9585,11.313995364914115,0.1858435000899767,-0.0762709927506207
9586,16.29939096248617,1.2723874205417978,0.3325725528966728
9587,21.54461492587029,-1.0422225566793717,-2.527361507995195
9588,24.72001371739844,-2.2942382520965903,1.2550666906114127
9589,52.38490295690905,1.5940135612533477,0.0932149775256309
9590,18.378033446358764,0.6154188928648635,-0.1637154117162048
9591,85.67302198260634,-1.487768637561014,0.9540543237133944
9592,13.535967460168347,0.7659018102590618,1.8166158551863607
9593,11.340544755571472,-2.2220388134491413,-1.252833835537202
9594,19.33707917856447,1.711224858717144,-2.1855423470411868
9595,33.26618780570256,-1.0396565399555335,-1.5101561569881443
9596,15.740976641383538,0.1951874731849242,-0.5408319663299508
9597,16.74942472350352,-1.9711393452971904,0.3535789391216156
9598,11.218991976667455,2.099646547148163,1.2424423803863425
9599,13.859004734069217,1.26188448940612,0.7099763091559316
9600,12.123157118083554,0.1214265725769828,1.9451369438728925
9601,20.63541478822901,0.8791112243733357,0.2008723524514003
9602,34.47238316120884,0.0785709199157662,1.4215426735865777
9603,73.07513516124638,1.4653792769838998,-1.8769784897861408
9605,35.742875524524,1.390130630741101,2.6925750390278265
9606,19.09375529410847,0.5270266054042378,-2.3842717580019435
9608,17.43970116529777,-1.5043276575910118,-2.373331761179211
9609,13.482118924855383,-1.663681948259206,-0.3995689002090149
9610,6.053651057595778,-2.0517281840984567,1.8992221627185568
9611,69.4276086213843,1.7997345129662798,-0.7611801059110611
9612,22.487298825292463,2.0284747792203155,-2.465161930604257
9613,24.75359966479484,-0.3019906794695024,-2.9958184866655704
9614,38.65475822161804,-2.035183289378377,-2.709237311318811
9615,14.340701107522506,1.7362793376128325,-1.821946254203284
9616,15.974796499506414,-1.64413210312947,0.0880647899382756
9617,38.32955995896646,-2.1691568829816226,-0.7379448919569912
9618,10.534028508148795,1.9135366080816336,2.528956649405844
9619,210.58762270105777,0.7380528677246343,3.014924441467441
9621,18.18521319417687,2.0271823435793683,-0.2649981736169651
9622,11.512442710434671,2.391532708124464,1.301163433059721
9623,48.5530333362756,1.3207015896023984,2.3260320820847924
9624,169.33850866247477,1.954150292945257,-0.582671537524439
9625,26.72561808016512,-1.6474058491422412,-0.1590725680358536
9626,8.519086511312242,-1.4963335403435962,2.0099236835134424
9627,53.63659550640843,-2.393777865342282,-1.480177552850299
9628,19.68582431246333,0.5517769341562072,1.9367287475742088
9629,12.992627551402,0.4140189178276227,-2.1422824815225323
9630,20.19358040496503,-1.1348526444013127,-0.4873865013872351
9631,47.377548295506855,2.209562076560649,1.4138942524820115
9632,35.933780831189566,-0.7450543470651751,-1.8874963315405164
9633,10.897105655585747,-1.3669713800239816,0.1373417784627555
9634,48.11654796250649,0.6237033671807914,-0.4590142181290508
9635,10.46497681316718,0.807660047257813,2.767170352571676
9637,15.830703775031058,1.0221698633488523,-3.067228375132413
9638,60.355645047261646,-1.2486173640050937,2.214464065205324
9639,56.99653125129472,1.443324380997964,-1.835912590236402
9640,18.929399761325428,0.844077877285962,-1.1471549355630852
9641,19.33319154033538,0.6864817133803721,1.5997020075234794
9642,19.853600998756487,-1.060169235474307,2.7074369201267245
9643,19.815519353038223,1.2542599799144478,-2.277427388824828
9644,12.21284824160553,-0.8704731886659023,1.9968627785437696
9645,35.91564382634631,0.4351051878768708,-2.1886996146532005
9647,21.33815960337776,-0.7523042124950706,1.4880943901521109
9648,27.13517058908502,-1.7938962778878842,-2.852129564670807
9649,46.329519988974766,0.2768467681238329,-0.6820028089155351
9650,10.097896033385076,-1.6062908240661815,-1.0389143315505387
9651,18.61150365926995,0.2406350834181395,-3.0792773881835047
9652,119.31639461372497,0.847385187813753,2.222261503512514
9653,23.398012948375644,1.173555062238555,-2.126276875417095
9654,15.251392080228976,-2.0777446791927336,0.0924634301440043
9655,33.82568187923056,1.5734096120897911,1.376818406948341
9656,10.006506215149937,0.3334231907617822,0.2001656357748599
9657,34.686229248537,-0.7080806313310503,1.819169014101148
9658,23.87763873403032,0.0794766310696111,2.4746424344171447
9659,21.105315800518127,-1.1140877704138292,2.008167493154136
9660,30.10342566359197,1.39806640987151,-0.7579723550907719
9661,17.052005141588364,-1.7449986490457752,-1.8306234968752737
9662,180.69660314849284,-2.403694348701704,2.074971390721009
9663,26.33461712333808,-0.7541282413595954,2.8131082734958097
9664,114.9469935138395,-1.012535203262791,-1.1881033026419257
9665,51.02438133078208,-1.512510140522769,2.427767340712619
9666,12.76578786237234,-1.4461987040073103,-0.9753981770664428
9667,31.0604887563993,0.6018095717279087,-0.5026664375191774
9668,12.302123090684445,-0.300069957866089,-0.5267697278017122
9669,31.892681972697545,-1.2127683279609751,2.4027986752179555
9670,27.362961102188635,1.5787783808241171,0.9449883677001132
9671,13.674638906144493,-0.7154448472503255,1.9856104271470352
9672,19.492560140146384,-2.3229382490295367,0.8717182059554557
9673,11.22168313278248,1.9912724148488967,-2.7509259381790883
9674,17.9117313205372,0.5330473813068217,-1.2996662561514856
9675,13.588825430308455,0.930498113870717,1.3463883129968024
9676,26.33920065313768,0.6244393747039617,2.298361412891842
9677,3.4398820558134866,-1.957004249430468,-0.5121888508395922
9678,22.124033235868644,-1.7082535142791104,1.6948552670122063
9679,13.877271200275072,0.52388526049764,-2.5075065851565177
9680,20.0182104518036,0.548584507333199,-1.925415331313028
9681,10.032655506417749,2.272844640577013,1.7414773106016963
9682,44.45504992706896,0.5715835243743476,0.0297386105260361
9683,14.66916904932672,0.2234021388710558,0.455053232944122
9684,65.4785708804172,0.4125083883165046,2.015892048711456
9685,11.722897740029596,0.8261965294656152,1.6404365831521994
9687,70.43748171586446,-0.2075678850013059,2.4226788410237727
9688,26.950210076459893,-0.7013562201743293,0.5563908865149667
9689,20.58611105741611,1.8229906262708475,0.9586142984204064
9690,38.73463353706079,-0.4825354404095168,2.634188590966209
9691,44.43020996466202,0.5254722358714272,-2.239670222253308
9692,5.900253922185848,-1.1799103117587335,0.0411512533289432
9693,16.08640935119642,0.8925536150769241,2.1600683700701024
9694,42.00206711878114,-1.3051601308246283,-2.4562887720994624
9695,20.192181534569464,1.589831217038749,-0.5146990490111935
9696,25.671792833010954,2.0167497522227325,1.3328031964434872
9697,9.493035260326034,0.7996625723123428,1.3666470778083588
9698,16.138440097101352,1.1014124599809552,-1.5799268463228366
9699,16.844328161882483,1.5848636999043315,-2.676110498018696
9700,22.52295481224643,0.3784826501084949,-1.0445746321711051
9701,13.54908700449634,-2.0320016706359745,-1.346328567608542
9702,44.77601399267602,0.2894703072524008,-0.919474543766237
9703,23.106662771778936,2.096024579302281,2.454258922516197
9704,12.075161561126318,-0.0944919329325218,1.4562254464162825
9705,154.5992394803127,-1.27574141113635,-3.0133510026578865
9706,12.248952561167371,-1.7113381319411078,-0.0955144150142918
9707,10.30557794485936,1.4328225818620814,0.7196937054718145
9708,34.70300180142107,-1.4601372624154498,1.3921996142182076
9709,16.169374240303988,-0.4157931195661854,1.709996779856215
9710,11.648257450911672,0.1578296618872404,0.5866750889582907
9711,23.868014672725824,-0.1163774677337256,-2.9756028834430133
9712,25.960775009721026,-1.802724931727372,1.9879759543289075
9713,14.054153556773748,0.6353947638861179,2.668362444744418
9715,12.026356762381536,-1.3142711471728117,-2.440753316801697
9716,50.07257320590936,-1.8502238761082024,1.8153502329315765
9717,20.243845675785845,-0.93688557478407,1.290724096957652
9718,33.56607051420018,-0.0188080573628901,-0.7749414492639916
9719,19.954248552549128,1.7115713258727034,1.1325339861048296
9720,37.551110287809294,0.4871511090952702,-1.367304885376759
9721,19.64482752933793,0.5028696789334907,2.07382711064692
9722,34.81909751911039,-0.1850130731244585,-0.676157561102605
9723,8.582900809785615,-0.9209549829635206,0.2573677728179571
9724,23.34688749999985,-1.2823082581421337,1.5771851068841976
9725,12.255246284930104,-1.2781239556858126,-0.3999408167911574
9726,100.63168119581844,-2.1573469224667896,1.838194643679208
9727,28.882801406466108,-1.3462258693431906,1.1487338294803766
9728,33.92000346026899,0.3788792735372213,-1.5134139027906377
9729,15.032209376938107,0.9675232226987888,1.290477211026155
9730,0.8349305130927165,1.5580775125428787,-1.2081215836904269
9731,80.47939743035164,-0.5194619379455084,-1.3888098660476436
9732,22.036928514788304,1.7542427752414589,-0.8828804526024375
9733,25.2002915916679,2.395193661213204,-2.223517778623876
9734,13.535405225958089,-1.2272437729405974,0.4158658001666783
9735,46.436224450543925,-1.720234212360227,-2.6544017162814955
9736,21.68743178949683,1.0373990391458494,1.4301446634779842
9737,55.15548027425936,0.582569748879677,-1.396816911772014
9738,22.536788200194948,-2.225858934896729,3.0608905716368304
9739,49.49743878490988,1.226914166157785,-1.8525267771041327
9740,12.38781334961534,0.3384003998873793,2.9012553769807146
9741,15.588973829598787,2.29690040725096,-1.4998414127464603
9742,35.92005341244769,2.2881087443426344,-3.018401191582746
9743,20.85067596806865,0.219581926796168,-0.0560453821451154
9744,14.034158948694389,-1.3736527460597197,1.6649505382160428
9745,34.72960903565169,-0.3183645983472816,-2.337436863577213
9746,17.79031772563604,-2.129380551437772,2.056144031754543
9747,11.653195742547362,-1.0135695147530053,2.108333964484689
9748,12.387399374737855,1.1416902111090643,-1.5761684371919154
9749,14.165253042969637,-0.5930117806852652,-0.6553181429157832
9750,22.5240270770295,-1.5453291701349543,2.3329147479550203
9751,18.31755323113685,-2.1796237936068428,0.7109885936070213
9752,20.3702648087617,-1.4747275854174031,2.5955930162996568
9753,42.629645928924646,0.677435135190644,2.9522317591534266
9754,13.981332129028711,2.403624106877832,1.6116836561135446
9755,19.73669484958461,-1.9190830453366443,0.902346335551298
9756,56.06436278465304,1.8145772388449564,-0.9465323481761664
9757,13.36641880126645,-0.7416228035498714,0.617886144565077
9758,32.392971135384336,-1.3751454114963164,2.053254666158464
9759,24.679094711219456,-0.1330827597624549,-2.7882651016427284
9760,17.80708377327614,-0.8087162334654464,1.7153637717034675
9761,27.37090630620184,-0.8378813338145351,0.8499792608394798
9762,22.209772252015853,0.7994344023640121,-2.476695906951324
9763,96.01163427554935,2.332245144827412,0.3011493034684931
9764,22.451692512117003,1.231798665477118,-2.8831847751446
9765,13.891321284369536,1.938391322023248,2.621075205360681
9766,17.11989832551306,-0.4989163060114459,-2.0488176764675163
9767,21.361771389217783,0.0207564137922142,-2.538345739068891
9768,72.86380127482414,-0.5313033028649052,2.955338877312152
9769,12.37340464841781,-0.6125917037846584,-0.979479972434146
9771,20.3237220093454,-0.366187654664907,-0.3684970115881048
9772,21.433098077353733,-2.3730260919884545,-1.7157885514569753
9773,20.6427251470982,0.4584706708814805,-2.445494660935141
9774,14.627337411041752,-2.372720650557856,-2.71182403749532
9775,24.999192542645,1.575901987044786,1.443322903399363
9776,13.404503578127516,-2.3357433666150573,0.1199853885883397
9777,34.586547993817774,0.0514011170050715,2.6402802968252423
9778,17.158112102094744,-0.218434934961196,1.3751373870310568
9779,37.94616070241268,-1.444375145026521,-0.0051740221712814
9780,64.60055252602204,0.784844288867914,-2.6150864347492515
9781,25.07629932393571,-0.8331775868490274,-0.1821559421262457
9782,25.85197768626761,0.8502961144405756,1.422328572208624
9783,46.50814976309348,-1.947534202548765,0.8816421068635841
9784,6.616044479393769,-1.245262216340516,2.6687357334295325
9785,6.905131003794562,-0.067987218270447,0.8983500584741066
9786,34.3737576856571,-1.5169010811790673,2.6013348001942576
9787,78.48006788711913,-1.4083741763942867,-2.683133901388985
9788,9.486461261245932,-0.5672713219269482,-2.3881565917874643
9789,36.84304242934228,0.7678708373129891,-0.0798257489789431
9790,21.93990799328101,-1.1333967395216376,1.0511261853218137
9791,473.1804634717832,-1.478469683988074,2.2791289670470816
9793,14.01295395053418,-1.8652638747845705,2.557419568717776
9794,201.3378903620516,0.017671564668854,-3.0673752843410096
9795,11.026487750459022,0.7357791822066941,-0.5578837761764089
9796,36.12638271473154,-0.6176736160341885,-3.04504064707177
9797,9.575483105545873,-0.7012931791465525,1.674846268015184
9798,42.87959452598563,-2.1467921568395942,-1.589037457798361
9799,12.81726154724054,2.362060750365488,-1.3282683839282567
9800,36.38368937599071,-1.8473254150311416,1.7564699875709295
9801,17.44829034229835,2.2903312266009954,-2.213267834597544
9802,25.504483393414965,0.6138879138254262,2.910066389823092
9803,16.68167777533435,1.9253758062415849,-0.076690646321132
9804,9.303080080973498,-1.3072595967618916,2.2367395377952444
9805,19.71695405102153,-1.0356271436486082,2.333093204668252
9806,89.02810324030672,-1.315507481009421,1.347052861406994
9807,43.326563791120094,2.183368970713816,-1.5963590664930876
9808,23.064794077153948,0.8041569273348627,2.763806866901536
9809,41.634723792016906,0.6846028221192706,1.2057239202740362
9810,12.3607509537441,-0.3761643995616633,-1.256749353148364
9812,12.996156093165396,-1.2747788414964734,1.9885838663641315
9813,9.91217230830071,1.2978598106055432,-2.2442838398929035
9814,15.501560820540089,-0.2368731502533499,-1.3115416140868157
9815,12.906692294655372,-0.9684178427854376,0.2757558204799789
9816,14.779819189731892,-2.368327128656773,-1.9335547491030376
9817,12.070943000110775,1.8977489138236223,-0.6152460091580219
9818,13.03034244247367,1.181592725292803,2.2849070942340504
9819,62.89103536566118,1.6678868044870907,1.7722565406000266
9820,45.212545441583,1.8267281529612007,-1.3071149768854335
9821,24.65393356295157,-1.242826507883743,-2.324779420663079
9822,11.193365164836289,-0.3767869297049291,2.864805476228423
9823,33.553747359794365,-1.5570840761247422,0.1519852814119937
9824,41.19623949317664,1.103147650992967,-0.8324221910217904
9825,31.27788267899372,-1.3755782475838676,2.603378190940492
9826,38.0575804745852,0.7916138927286882,-3.0385025040112144
9828,17.986227287864597,2.063732960691984,-2.185428587730724
9829,22.785830112803392,2.057430325017315,2.2419996639781807
9830,30.1456731390209,-1.4911203015396166,-2.3038491617887003
9831,57.47167615762752,1.3828816563348276,0.4518434561858452
9832,17.64627214982675,-0.4715065710958981,-1.54566804658849
9833,48.44082945822183,1.12176264153889,2.467939348476209
9834,16.274088287835077,-2.2469551880612704,-0.9846056312926186
9835,24.577593855466507,-0.2571994867816837,0.5616994310513914
9836,10.726164503837888,-2.088024114584524,1.198905571420196
9837,15.130111569198416,1.075596184409554,1.9190041005242373
9838,15.064678523995546,1.2690030584786351,-1.4867370881150488
9839,11.3296548080413,-0.2199197576424032,-2.150612854959087
9840,24.79648929781785,-0.5837900069006091,-2.023740852968109
9841,21.7391447682964,0.3414518634901239,-0.1834309007065837
9842,34.808744726692495,-0.0348666036180987,-1.5137026490597043
9843,24.61666601213271,1.6841207437110222,0.183859124564249
9844,24.52796934013358,1.306290509871555,2.617797204998275
9845,30.91662872885769,-1.2705746390325667,-0.9509506581742204
9846,18.67823888070292,2.178156186048374,2.6166456436886394
9848,64.94598165144814,1.830297533357728,-2.3010943276031126
9850,18.454400868000548,-2.0620359914853967,2.0605441844688483
9851,11.454461811645574,2.2541494080439453,-2.0563902993131014
9852,14.939934843182924,1.8377935301140025,1.105295004152313
9853,68.5055914723932,2.15709065499953,0.5935652843260094
9854,47.414138440890405,-1.3497175785842412,1.2109515888706046
9855,22.81850543631173,0.6634048895869797,2.02069488973407
9856,25.482257107278915,1.5667580062834416,1.5510092400415727
9857,19.76270733211195,0.5892185411240599,-0.3801223143856131
9858,44.56392033069002,-0.8305364178200356,-1.446506403818496
9859,20.00599350810725,-1.4055744170943527,-2.4298928032095057
9860,11.899183663661551,-2.455377597346891,-0.2165990608060563
9861,11.786981712866416,-0.0200358584532228,0.7688269133679028
9862,16.458986241638623,0.1956038093193352,2.7713332429424367
9863,82.01799061248795,-2.118544837605485,2.352119773413096
9864,44.80526811979841,-1.1768575598645263,-1.2462419066700774
9865,78.95131663206185,-0.5210791146070659,0.3646001158602518
9866,21.337541999986687,0.796606797274609,1.785618883598117
9867,13.401606804474918,1.2336140606319972,-2.16308788074932
9868,63.704455512305735,0.3943334136388324,-0.4497277934603934
9869,23.30346742276152,1.2425914110514744,-2.198188653368976
9870,33.20521122800196,0.975740615991344,-0.4223257506166701
9871,15.775461849114148,-2.199647292454648,-0.557117717780727
9872,13.41289341189955,-0.0515589676279198,-1.5129322235774028
9873,57.82489211465735,0.6196123309781363,-2.8656791647818105
9874,31.70045892844001,-1.950348989798029,-2.627309504479394
9875,18.872921514272225,1.2221071387699562,2.296023222972646
9876,8.63024480672926,1.0908699057083022,-2.320008463742296
9877,12.871857904274794,-0.0275041987875775,1.579127720382277
9878,35.64196340434665,-1.5198592996444742,-2.931105463874128
9879,10.94673953896883,2.1698269631761056,-1.4176386853116838
9880,13.312302894319831,-1.2767928824402146,-1.5912193451222243
9881,17.461385855494413,-0.8810454841127554,-1.034224830226495
9882,16.620909073118664,1.0813642599349127,1.515427751796851
9883,13.087287339064414,0.550341449158904,-1.291442497564066
9884,16.123959829503033,1.4664909713680858,2.847375024608695
9885,19.628683092353363,0.356600683678706,-2.430959588385676
9886,43.44416378190884,-1.1771295245497868,-1.8835617230482875
9887,53.80706100149565,-0.5164139593660315,-2.2151372211124767
9888,26.111160720900298,-0.1153775047616721,-2.473623059115745
9889,19.364255475733543,-1.9471755400816613,2.499156998666444
9890,23.146192152818955,1.167695854066897,0.5066349156284242
9891,10.1718321569898,-0.0305078591315475,3.0381058917908788
9892,34.37819101753547,1.9081996988019545,-0.3880624998867944
9893,25.023700292631126,-0.210796581305278,-0.8589861585929356
9894,11.55625456053007,0.2152929625537538,-1.7351263169364537
9895,23.317188353795608,-0.9994962916286124,-2.5121583312204048
9896,13.335389203219478,0.5614648814448445,-0.0070421903885146
9897,11.358830064135152,2.092742581223564,-1.0384018150968428
9898,13.399508968982362,-0.0679393832458435,0.8228872909357123
9899,72.78288029575208,-1.3870984004936409,1.3538116668678126
9900,42.026502945331146,1.2100588640189358,2.8541485373429167
9901,11.28680149329941,-1.9661805205193608,-2.100549729140769
9902,19.002316220646254,-2.076307069734728,1.2040746736719905
9903,41.790536840697,-0.6631392118133286,-3.1196934509447733
9904,10.3066178258499,0.3417732640183951,1.559357969596667
9905,28.8056956822487,-1.6271176904269744,-0.5533320884800185
9907,45.88736834599659,-2.0921179040819298,0.2451813479492943
9908,29.135813252050667,-2.449477655968959,2.625222919907616
9909,18.78394466932894,1.2880543075434532,2.695458535041109
9911,17.38002052040966,-0.8450493491082836,-2.217601721296297
9912,19.843798746377885,-0.6952902320095936,-0.3687233317325065
9913,20.02348402450145,-1.6829999711288568,-0.5467028021460039
9914,34.21994310808881,1.9050500907212025,-1.6576247579057577
9915,12.993083507497692,0.5741650942627299,2.844200642452423
9916,152.41092891868016,2.0983498346191616,2.067431390933208
9917,11.38828285915506,0.3973850595918113,1.5195639234482363
9918,33.87328418828546,0.0930667179581699,1.8280466389068408
9919,24.069964494617736,-1.1834382596171291,-0.971697858952294
9920,38.07882050502257,-0.2851193188570412,1.2935374306951466
9921,54.29421746366638,-0.0061883152865043,-1.4284391292820957
9922,36.839283593811615,2.059005292396773,-2.62979540890856
9923,17.552533494073685,1.548176245713754,-1.7977169662220511
9925,37.103387285163095,1.034015281106469,-2.10461935918668
9926,32.79339143185509,-0.3224114741564297,-0.562685431993125
9928,15.09596517693398,1.4898214771274574,-0.7571028832007355
9929,55.34078117596674,0.2233246327543153,2.775683653961293
9930,12.591756265904548,2.1074959275662946,2.261127882691809
9931,11.746003566263568,-0.8311761126271587,-0.2628836195232437
9932,16.81718495113715,1.6622087678500947,1.0730975434105046
9933,50.21771171705894,1.6956095362350805,-1.3195524987684333
9934,105.41660720727212,0.249011221568685,1.147111285007043
9935,46.136510211918015,-0.8315254856128337,3.1083529935352776
9936,58.81535517980442,-2.083981617772839,2.7356950507795634
9937,11.78746013972065,0.0525392004950537,2.931168689291114
9938,9.72496525230964,0.3476100269271375,-2.6959126986709108
9939,55.66053073444922,-2.3604759753438955,2.9028956262305785
9940,19.85557225773061,0.8438927428491948,-2.146902656155259
9941,9.8380336970746,-0.1026769834790814,-1.4315238866416529
9942,21.40464677788332,0.8270999132109261,-2.3631359774772447
9943,34.189563590100846,0.8635555200293371,0.2858123209353391
9945,22.06875038038311,-1.7050433530409193,-0.5679423633631289
9946,11.294485569334752,-2.1695683564193446,2.422218834940584
9947,17.583887847269864,-1.9089668682948824,2.4242622854746125
9948,11.875600686986449,-2.215545613085257,2.0041880410579824
9949,86.29237984243689,-0.9058880988679708,2.651723260887472
9950,15.678917114326657,0.0923477353899359,2.0107472042000585
9951,10.315836259714205,1.8948667566362,1.8174049790777624
9952,62.54933660193071,2.093267710195803,-2.0535571328471645
9953,34.0183693498026,1.5648180156637137,-0.1973878885123428
9954,27.17800472085997,0.4637298325095669,2.601404024121784
9955,11.744342613096109,-1.0891927649895223,-2.1768755730594247
9956,11.191157815789424,-1.0584620764917274,-1.6984338311281062
9957,22.9286486011246,-0.7326363460343026,1.606190293961386
9958,31.368079773841824,-0.0669086668369064,0.755064762965608
9959,20.77085804369589,-0.9983370020135104,2.155904355038728
9960,8.528229178630573,-1.161137087161157,1.7603628287135478
9961,32.35535786706276,0.9066549866298932,-2.0399666614466363
9962,12.460644230009969,0.847727488139454,-1.246045778650134
9963,77.41784524361583,1.8242441991019256,-1.5440635378811678
9964,19.717535943326244,-1.0634363528610555,1.5600142010080664
9965,42.11583036529788,0.9637380029831534,1.2077066770642009
9966,13.948022885906648,1.377941995110583,1.950161665260003
9967,14.679477769924434,-0.1777215488625617,-0.5688395694227015
9968,11.502299480407691,-1.1743429091224633,-1.7820843892596063
9969,102.6871354463608,-1.9808968167342087,-1.7533830057729392
9970,12.41284477679743,-2.282432906244026,2.616034090978678
9971,24.96314497513404,0.4198528423703616,-1.3005645417811258
9972,21.748157810031,-2.068313789786991,-1.7270125280708095
9973,31.38232294034645,1.101204608870994,1.4561419997298846
9974,12.830023476738964,1.3076459006167624,-1.7273003644844538
9975,33.00891510645268,2.256087672916633,-1.8623389825740968
9976,15.203089277007017,-2.2614499151057035,0.012604430016147
9977,14.562020838303686,1.1147332056891552,0.8846913625896554
9978,12.933172183239272,-2.016286023929508,-0.674928854549315
9979,85.71540936144127,1.280825208381463,0.4093713193655249
9980,30.52533598528436,-1.743399728281709,2.3486938362899945
9981,10.282963666624816,-1.659668777772152,-0.514465111354777
9982,35.058768835647705,-0.2426683499248143,-1.469775075691809
9984,14.66292097139973,0.6514624911381623,-1.386942299909043
9985,11.853043073574309,-0.2970715795644329,-1.0345977167570926
9986,9.232193227045824,1.6517894808041138,2.017072172984589
9987,20.383440546707256,-2.325171758075364,1.5368687390615845
9988,5.478132397256073,-0.1460782302773115,-0.5310670740363582
9989,11.038643618443016,1.6809410847380597,-1.1660391020291383
9990,18.76314217654074,-1.2860864320355372,-2.731586400609673
9991,16.98107775419186,-1.5011548585884076,-1.558260078542843
9992,27.345752661598887,-2.0154681986860803,-1.9375268052467265
9993,23.31772644672348,0.6085398938934607,-2.6638340578574984
9994,80.94013889090023,-1.0886876737722222,-2.872576803441511
9995,15.849783732951884,-1.5025331126688126,-2.2080249644559653
9996,59.60104485157616,-0.1855898469050386,-2.3345878173490413
9997,13.957187031583048,0.6041646011177705,-0.9487433997143424
9998,25.18971001699905,-1.8351985501656147,1.3290129187941022
9999,42.57544785585243,-0.7334557751325481,-2.368596464100466
10000,54.20776844061265,-1.57863646110662,0.6799740942265509
