event,n_hard_nu,sum_px,sum_py,met_hard_nu
4,2,-92.52411759282566,-22.49991524014441,95.22057824937167
14,2,-2.1204817835939824,-33.83277345185302,33.899159317584335
21,2,15.04520516584724,-22.34100295777767,26.93471016443034
23,2,-206.98852042755394,212.53328434179897,296.6726218273265
28,2,22.975545669866545,13.408671363728704,26.602033128477256
40,2,-111.25009527287835,60.00885133600995,126.40271332883584
41,2,-10.483405715041101,-26.215417510205885,28.233843355458458
43,2,6.8621377958212175,27.350868286449575,28.19856257243534
56,2,-71.54119228393218,23.779347544545388,75.38965156472626
57,2,49.67496500874651,56.57858784188965,75.29102702714722
63,2,-115.90640202796274,40.33250330666116,122.72328570426053
71,2,46.19247925295436,-21.163132308253086,50.80967731280376
75,2,89.04167283782607,14.802583305789542,90.26370241843225
81,2,19.593601318056784,10.355107675532135,22.1616215016596
83,2,67.82907620999208,-26.882813327810652,72.96210819266962
85,2,-47.70921101889067,-25.427326313609864,54.0621655088273
86,2,-15.80583271953903,-68.22639870175635,70.03331941132785
93,2,66.71573726905086,43.802877200332574,79.81028536711567
97,2,3.3726338518638883,17.240663904273767,17.56744577219086
98,2,-77.91520823320907,12.428654368700638,78.90026060439187
100,2,-27.0487434037472,36.82730909448106,45.6933826156721
101,2,15.897542559175879,48.778040693833,51.30330509187528
112,2,-70.28199651313736,-22.264973959326724,73.72440640169407
117,2,-62.357416040748674,4.814122366775315,62.54297010409169
127,2,25.780959273084026,63.30735343029818,68.35553276355253
133,2,96.00833580491509,10.52673591959904,96.58370832159179
135,2,-0.22992086835485992,-105.92600476450139,105.9262542950277
136,2,-118.32061725564276,121.30953057871078,169.45728274991154
141,2,-27.153337555489706,-117.35713081201754,120.45746092638416
144,2,-39.83344540733158,-58.99131054460141,71.18060194174018
147,2,2.5859752764273125,-24.536944699534434,24.672837763790046
151,2,-36.974189963197595,-11.107109621671528,38.60645810719303
154,2,18.964559469990867,-40.07146457692535,44.33257029803938
159,2,-79.11784126865295,45.70560451299667,91.37086565700375
160,2,16.58853957768659,13.819888847785126,21.590946553720382
163,2,-5.618653842246033,-29.445927339140415,29.977189792589346
165,2,153.33268224468378,-58.76872200277412,164.20923886976797
169,2,35.34300576094545,-2.0909785032195245,35.40480542693533
185,2,37.733637093948545,18.827104061668667,42.16974289329626
186,2,-8.628144618626216,69.0028019808612,69.54014351991135
195,2,-39.08677191075973,-28.228905567244052,48.21459164950107
196,2,25.96634777667833,-12.276370597821561,28.722125476964013
199,2,-51.05834286842285,-12.52546209912581,52.57225101958316
204,2,12.285425235273017,28.856020326808466,31.362423093770456
206,2,18.82287434964243,52.11323229346224,55.408389065689164
207,2,-7.777798143963487,43.60653175778273,44.294737338771476
208,2,22.687162787314662,-68.57811548605936,72.23340832992314
213,2,-47.18696311011453,-56.548413006146674,73.65006789588892
217,2,-8.3124346089904,17.614061802765438,19.476954133549267
226,2,29.73479752769521,7.568121842522039,30.682807111414828
237,2,-3.0693276557350195,31.393138226348583,31.54282644210706
239,2,20.067230030907773,-9.835918558626355,22.348132248698036
242,2,10.387360345345446,-62.03927371610851,62.90285159010112
243,2,61.20085620278846,37.78510258783112,71.92536949871938
266,2,-37.79534581805821,79.9188284301224,88.40535788712103
273,2,-28.33381864863138,20.0712513919985,34.72262103664315
274,2,-181.4472965597525,-151.38852616026537,236.30828864392404
285,2,-4.20423101973752,-15.79677866617968,16.346674728995886
288,2,34.05286875840877,-9.675250852220408,35.40068289921543
295,2,-46.253468273096644,50.200527920690085,68.26035694901063
297,2,34.618142186592294,-40.49101391591127,53.27230027312169
298,2,27.33243804413451,-2.777948431182878,27.47324456489919
300,2,23.05689203212819,45.14437729485333,50.6915680515141
301,2,46.41953638121577,-0.3807655889102186,46.42109800813325
315,2,48.227363166581114,-64.16744141241142,80.27041232868159
320,2,-40.602677745269446,-26.076399035459968,48.255113995749056
331,2,-169.99846119051446,5.388796971189883,170.083849732829
332,2,-21.795739043326947,-39.83699872251269,45.40969838770441
336,2,-140.9469033660416,-16.503254087827592,141.9097845955791
341,2,-21.839150690545104,-14.938584970409227,26.459588504027668
342,2,84.85725919517597,-14.06329068222658,86.0147114331617
364,2,-26.077771192866052,15.862558370307227,30.523284692818997
373,2,5.366583693963413,-1.0944876279470144,5.477054291500411
375,2,-20.514709536887743,5.991822301963687,21.37183290878867
378,2,89.0639751444102,-129.20767065878155,156.92996471544967
380,2,19.69181224987291,-23.902624505868637,30.96938694828809
387,2,-25.34776344536847,22.69641269664416,34.02405415259546
391,2,67.36461797077924,30.497651849172932,73.94659236680481
396,2,45.44001527816239,-14.776322870544451,47.78215886765903
399,2,-62.33524329136788,-36.03224604184404,72.00003688203229
400,2,22.03307199338666,-17.293752759116487,28.00946529227591
406,2,76.91752662839443,33.08141739056142,83.72983983740986
413,2,110.59286540781308,175.87641548057053,207.7577806037717
414,2,25.72980601612147,14.17007994848015,29.37369713491238
418,2,81.53570036626027,-2.7205425622693014,81.58107492580429
419,2,-11.480626221789574,16.96807059297737,20.48707392705717
420,2,16.816868391636135,63.99217608665526,66.16498819471748
421,2,66.58615919928641,-58.724539840024036,88.78225147142466
424,2,21.373142168387815,-56.08497989954939,60.019464979979425
427,2,-9.346686353898743,39.8024559002611,40.88515673799461
432,2,-25.362264615722662,-1.0916994745029425,25.385749431138876
433,2,-6.840997142103966,64.53718964608436,64.89875260213353
440,2,-230.09721573387512,-63.78396831801416,238.77420987802452
441,2,-19.493173979830864,15.210428608184932,24.725310316609693
451,2,46.14798992336281,41.56342610780775,62.1060010287733
457,2,-37.466056292773025,-23.34794437434045,44.145576003043985
459,2,-54.752165709951825,-28.54752476513244,61.74755719982674
466,2,-11.784910224232485,-5.564973681593479,13.032767974227403
471,2,-33.27395283052251,7.476750887863787,34.10363236969061
477,2,79.46783224552226,62.47852642544086,101.0875987750079
478,2,17.455197262418274,0.6127773487190851,17.465949946940693
479,2,9.8237720981164,54.612602896188804,55.48912409952549
482,2,46.37337635335005,-18.528056409122616,49.93775033688517
483,2,23.32689095642784,103.03699443610577,105.64452690091979
494,2,-0.14329719159606213,-35.92825439318799,35.928540157189126
495,2,20.30730357475737,-0.41547806490743433,20.311553374859656
498,2,42.914400867688066,12.911693772106654,44.81470336727985
504,2,44.52235045565681,6.783891628506439,45.03621737805745
508,2,-27.835626041670555,26.296856340475767,38.29290705239482
515,2,-8.920675948900957,-18.479758309270263,20.5202321272042
516,2,29.766746481934717,3.280047834314651,29.946918203968252
530,2,-91.53847770088285,-87.83428297897906,126.86273750091631
555,2,9.73628489511994,30.18121941361646,31.712793141755895
559,2,-71.60521096004014,-35.027118583174996,79.71326911419237
562,2,5.257032676736507,-11.665902274638476,12.79568944784495
569,2,20.77615523975071,30.243701163032064,36.69237095889291
572,2,44.70701770979366,32.07292978102575,55.02172532048056
579,2,-3.74540278825031,-0.2961206847583311,3.7570905640102605
584,2,-35.94196541898855,2.9948367129916207,36.06652083466399
589,2,-3.585874187654017,-27.82391460555377,28.054032110675852
591,2,71.07620288734164,-76.1232876742636,104.14692286967122
602,2,19.1025177768242,69.73495999996135,72.30401670453789
608,2,-1.1286760493843815,-37.00276825114589,37.01997795613153
609,2,-0.9832736503992627,-10.44704856593146,10.493219277728835
614,2,19.6061629829827,-10.932243893574086,22.4480641362205
616,2,7.213910268406366,-0.9201147304412878,7.272352609561355
617,2,20.21379264966254,-3.0238898414841415,20.43872116980371
619,2,168.9961138269031,88.12128931441246,190.5913117616592
625,2,-10.179852185954072,-0.45542151337946635,10.190034312146487
626,2,175.36320358616473,42.057935922256505,180.33613932332946
627,2,-55.24422531285684,69.68736422523425,88.92835972330846
633,2,5.262061157651136,168.7488912114948,168.83091415003287
647,2,-4.3861131101361615,-52.3049467860899,52.48852680834741
652,2,36.03711012303624,-32.117036695460655,48.27191059112336
659,2,95.49779917795831,16.706725812421745,96.94815281997433
661,2,23.725609073654738,-31.494342980445204,39.43092904923502
666,2,-11.291709351105846,-131.00319306835712,131.48893221170783
674,2,-4.57836224522255,9.521689833595435,10.56522494486861
676,2,-32.20325360651086,-2.6747757991983043,32.31414502073716
678,2,89.82470873207042,56.400242647767996,106.06349829007337
681,2,20.154377695122005,-2.790772637655408,20.34667914409419
682,2,-38.051456528647094,-28.05169854267335,47.27378909163662
684,2,-20.762705139237564,87.19220977066131,89.63019228691817
698,2,-0.4889931564160044,41.758878092907736,41.76174103034201
706,2,39.61584782824442,-29.30332580124317,49.275757753325536
708,2,3.8729827684529283,38.34410156701513,38.53920238544521
712,2,-3.752835376609517,5.840078145406633,6.9419223640421155
713,2,39.4697189098971,-85.54979805704676,94.21585141804839
718,2,-61.272927684610224,-3.0923351092254574,61.35091037198407
731,2,-21.60302605052172,21.683049932569638,30.607930163894263
733,2,40.82071262754704,23.215525877111517,46.96052833147869
738,2,9.550343250861001,-43.8181309519234,44.84682437284912
751,2,-82.91475522555886,-70.318459287345,108.71771866011693
756,2,5.019502616579146,13.919704192325417,14.797079824062811
757,2,-8.367383496737963,-43.4482845940311,44.246655701255015
761,2,-34.38865180592413,-17.422471254164634,38.55025133032574
762,2,41.36357365717916,-26.012397770438675,48.862972315040444
774,2,-29.377372731506604,99.07925576051966,103.3427740612005
775,2,35.08462775534371,34.65499582167257,49.31429650852963
781,2,-4.84941905226275,-28.764543990191402,29.170462048245057
791,2,-56.49309507914695,-56.84494949734949,80.1424860793434
794,2,-3.513070437953799,-41.33892126615628,41.4879268625403
795,2,-160.61157713026267,-96.17310113399279,187.20401729129512
801,2,44.65482595006899,-49.514896158290114,66.67667074919989
806,2,-20.94686322655902,28.58715743966072,35.44004302356474
807,2,-58.39691509803192,-84.71011228439967,102.88830262086331
810,2,-36.074485812317974,78.07657071397877,86.00767071068753
813,2,-7.2606961530210565,-46.30386452155167,46.86966586457285
816,2,-109.88018209428701,49.483375995242675,120.50833546672291
818,2,-85.39495655119069,-206.76545606764492,223.70572730093645
825,2,-7.886604229930434,-14.001506347352368,16.069869516411927
826,2,5.85439648088574,-24.809116247939308,25.49051210076356
827,2,92.01643635786287,138.40182988343088,166.19895028273424
836,2,26.694152660346276,24.603271067138493,36.302875002635346
837,2,36.036330330825926,50.56253856653054,62.09015549992038
847,2,80.92809772689321,11.602215495322882,81.75554052230031
851,2,-22.053698392828487,-0.8199115755388107,22.0689344507964
854,2,27.014823111260725,38.26040368005126,46.836515215088184
864,2,-77.44188364912984,-106.67611615113182,131.8219977857077
865,2,86.43628477520664,119.79633835793442,147.7240468228153
885,2,-1.5679070588584763,-25.913357479443828,25.96074783981898
886,2,18.450746409177228,33.96766787080045,38.655303693500784
889,2,-61.115184910752774,77.1598311269282,98.43122150116588
903,2,9.681026158340025,40.96175205007198,42.090229252048985
906,2,-41.531861349638206,-35.35638353754344,54.54327973288226
916,2,26.05335142401974,-36.91838742843328,45.18566643017863
919,2,2.0261455456169273,24.51701710849577,24.60059742506872
920,2,31.253696272593743,26.85562911910862,41.20701816538846
928,2,-43.07672352439541,9.855158786931181,44.18968504428186
929,2,22.803574107554613,-21.403890770973238,31.275062465397067
936,2,-30.421087048916696,-25.154526003631258,39.47394983663439
938,2,40.113620828073195,43.06847324721289,58.85572158919063
944,2,-9.201762393843694,31.448470815645834,32.767037519362106
954,2,46.59305808697465,2.0281866478418884,46.637180478398115
959,2,30.789132031729437,-2.1008532054396287,30.860723184301328
974,2,-11.90226704777099,-50.606958647860914,51.98776995085248
980,2,10.002702075855591,-37.4535412882836,38.766245676509484
989,2,-80.73082362007555,76.82890159058317,111.4457087643632
990,2,-19.995107730111762,-33.09711132444031,38.66811491605416
991,2,-2.842908769377562,-8.21480050623247,8.692817588572826
995,2,42.9059646325582,103.72691417452782,112.25058808407285
997,2,24.79017211068627,6.709145517765206,25.682002781247345
1004,2,-12.078076046988208,43.90092527974992,45.532089359209245
1006,2,-39.524282449126005,-51.150816608804746,64.64189773564716
1015,2,-48.12056983013211,34.414521053139204,59.16036257574477
1018,2,-24.167618662475803,-29.34386388837553,38.0149462674138
1023,2,-40.1667220214215,19.87022839324981,44.81285010291197
1035,2,49.90453170431643,-71.04780396165135,86.82311174105871
1039,2,32.78146380078514,78.13256561178439,84.73088089948067
1052,2,-24.118514031451937,-30.944757599772295,39.23366847484453
1053,2,39.07055121078765,38.055745058758184,54.54124772951182
1074,2,12.079061453466252,-5.954800225889566,13.467121865003996
1077,2,-27.669406216364283,-8.305182855589656,28.88896160527337
1083,2,-49.02321449140877,34.73159143419816,60.07960554649754
1092,2,66.20605958185303,11.451551900853014,67.1891387524338
1099,2,-37.35124799073574,50.70646205361455,62.97825831554961
1103,2,104.63124852466085,-13.304867755887607,105.47377718575837
1104,2,-50.107329449002556,-22.01144287496209,54.728859680689474
1112,2,-61.231721992978095,-63.975457119328574,88.5561002520572
1113,2,-21.666527102924743,53.25002553730182,57.48916086033148
1120,2,-38.07544163448675,-75.03591472419117,84.14349501986054
1129,2,-82.604369215083,105.14501016483652,133.7122095247301
1139,2,9.585587522250258,-23.08186029900324,24.993114311934434
1140,2,65.86917482648457,-25.29903128334577,70.56053554358623
1141,2,1.7061253348588608,-19.854155380565228,19.927326703144967
1143,2,24.093613648385357,-49.12870540850423,54.71866147625738
1150,2,119.86474992436318,290.1721784454061,313.9545371836227
1169,2,86.56089906079671,67.5733820709197,109.81325607919989
1174,2,44.39889402823964,10.251513522832838,45.567042041805585
1179,2,-13.507792032300454,-4.5320020728241275,14.247788894279765
1197,2,17.10485467015707,25.473672206327052,30.68361173269199
1209,2,34.14465750369895,-16.626342032747317,37.977531323597184
1212,2,-61.13481746982063,-3.4800362115249257,61.233786091518226
1215,2,-9.677828577454108,-9.32551789513182,13.439704237333917
1222,2,-58.66052785702211,-17.70502198737133,61.27418161051006
1225,2,-19.74141874633912,-8.053043517621632,21.320767434945147
1231,2,34.52450590888429,-23.275786130409717,41.63776805066716
1233,2,-70.43698949817174,37.36681498694861,79.73486283824914
1240,2,-75.36111330231803,-39.67086898682915,85.16498837160127
1241,2,-44.256053908593806,73.4633090676178,85.76395563827904
1250,2,17.312067357563393,-44.10609208212087,47.382011723325306
1256,2,-58.35784167107672,45.733205638200374,74.14286063035591
1258,2,-56.59127598176788,110.36363551623033,124.02703157620098
1259,2,-148.19155511538477,-37.741059950805635,152.9219559570385
1264,2,165.3965458465842,6.087371180114281,165.50852988853993
1265,2,62.78504050846123,-59.311005413214936,86.3698829151431
1268,2,8.000417664538098,10.183470856522778,12.950280363478699
1281,2,57.20500668834812,-38.099902761436226,68.73147299923703
1297,2,-40.17023902223393,79.2858067529617,88.8813099339304
1299,2,-5.730269052077201,-47.48904000152849,47.83351234935572
1302,2,46.6678079871346,6.828850350371071,47.164790887184346
1304,2,22.698792243312603,-27.63050216212988,35.758632790370115
1308,2,-73.22187691040105,-2.8945353953134543,73.27906654315846
1309,2,-26.702853825207516,-5.524602725086531,27.268363311362002
1312,2,32.79032053168152,-15.518051892321392,36.27692179751742
1318,2,0.029407784461518816,31.59143084193171,31.59144452946622
1322,2,-22.355835054917293,-71.98413110772304,75.37571553449115
1323,2,-10.611381006317753,143.58905085709293,143.98061304530572
1331,2,-23.545106187690294,38.8997437827606,45.47045295303351
1335,2,-10.219864312876943,47.00475330614084,48.10293608445096
1336,2,48.66873349397113,-18.619584283723647,52.10887197786838
1339,2,2.8847550016560985,-155.1794822678783,155.20629345598826
1348,2,-6.432746735229174,112.79034225558732,112.97363204169426
1364,2,23.097377083624018,27.41227691581208,35.84580524764765
1366,2,24.54227537517889,-18.00305236506752,30.437364784923073
1368,2,29.050614050669658,-29.0884125665065,41.110508660928275
1372,2,34.734674838177696,34.49162848017662,48.95069020277922
1375,2,-24.44780628120988,-29.556695051005704,38.35744327117894
1379,2,125.08699932179198,-52.82102581416118,135.78224540561357
1387,2,-23.808935070021644,-11.828412772571433,26.585272951144162
1389,2,-38.7654684215251,-1.091535115209048,38.78083277661781
1390,2,2.709791388102616,-56.16194390932425,56.227279082675864
1396,2,-127.15135745653029,-21.040598345513846,128.88046586576098
1399,2,-26.44627391786728,78.26306884791013,82.61061281476847
1404,2,-18.657985651037166,-69.06463167380055,71.54050444882286
1411,2,-1.1465471565510015,15.633703363716112,15.675689817257284
1419,2,21.832690379682944,42.65541355101196,47.91816643427579
1431,2,5.746822230104218,-16.142235787529415,17.134694101868742
1438,2,45.422491869176056,20.92773820222655,50.01172856307106
1440,2,0.28470095448553456,-8.579870522088427,8.584592757334905
1451,2,-26.78452089685901,-76.26254610077773,80.82936655354615
1456,2,118.62938225101978,-75.32132400578669,140.52128729570927
1465,2,127.7264291619145,-12.543799004098485,128.34090384561262
1487,2,8.185827606200768,-41.69845636090709,42.494341228932015
1489,2,-4.043684136954124,-71.92187260137234,72.0354575184158
1490,2,-46.495159685986664,3.7769530227064383,46.64831452862076
1494,2,26.111949604461017,-7.025160550315437,27.040465841098598
1505,2,68.11563554739386,-30.67375354121269,74.70354049395814
1509,2,18.088992519023584,-40.77340602768792,44.60585487861418
1510,2,-49.010141123267715,56.31778092590794,74.65712545592133
1511,2,65.85379950798705,183.0729066391268,194.5569635220919
1512,2,44.78670515873226,-11.353060451267602,46.203256817949004
1514,2,10.856470584003914,24.742395900406756,27.0194209492692
1519,2,1.8111811454459144,23.317976082011118,23.38821039974759
1520,2,121.13395340591396,25.50283589936867,123.78945555521383
1528,2,26.30390964608941,-56.4649610125937,62.29115093513172
1529,2,-41.99179578896039,-59.68436127148721,72.97625568612817
1530,2,-26.214580810954125,86.80782213471683,90.67966823310877
1533,2,0.7179307746406671,-7.217448751093681,7.253067700762201
1537,2,-36.17777024984922,-8.388587755958255,37.13757483722231
1543,2,-3.1582082850298185,53.1951113076314,53.28878068226862
1546,2,51.22862102982885,8.075667365194413,51.86123808791194
1548,2,-111.50438921261322,16.03298791852942,112.65116739418924
1552,2,-84.80336486201978,30.313183394803,90.05831321675868
1559,2,-12.66441142045128,-65.77970619073581,66.987738155322
1560,2,-44.65555936255543,-4.526464898312918,44.88438332492016
1568,2,-13.590994853482332,29.82229197840291,32.7732244363062
1575,2,-0.10112080105804111,5.985112514610897,5.98596669126705
1581,2,-13.254946576960972,0.4900193538451738,13.264001195914913
1584,2,10.878153388786767,-54.68656232854241,55.757997816129716
1605,2,41.26204060849144,-3.9552330889712284,41.45117445820914
1608,2,-116.32118071799175,-12.357919889494266,116.97578923701627
1617,2,-25.65990962792071,-32.41701574863261,41.34360739171357
1628,2,-22.7199414331679,49.1505615708576,54.14770024162839
1633,2,-27.312590242746538,-53.27311642776512,59.86653923264974
1634,2,7.611952997041076,-67.59610588382557,68.02334422157234
1648,2,17.315588499752018,65.10102995252917,67.36448401029169
1649,2,50.14338342328886,41.655491656236904,65.1884873751323
1652,2,-5.728265959151912,-76.39368349922592,76.60814519017335
1654,2,-5.991066869756615,18.490172017341557,19.436546593177916
1656,2,8.761307084235483,4.338054452638509,9.776462461357465
1661,2,75.81004929166122,64.37054948070617,99.45215540174152
1663,2,6.619725272397964,-8.37671149449448,10.676612671817791
1665,2,60.19109085996571,36.87701136601254,70.5895274541604
1668,2,-26.580617392523923,21.011631707881996,33.882412664912415
1669,2,23.564971087391076,-62.0691382611164,66.3919105526205
1671,2,20.338235013952612,-48.55908808412241,52.64626139664931
1682,2,52.2713942532201,-30.345593128502816,60.44132426987523
1686,2,-18.988909440303537,-15.056897629673728,24.2340431616873
1688,2,11.244850037596265,97.34798365817964,97.99528853307815
1689,2,52.46975063050544,9.797664236281676,53.37667051919161
1691,2,7.864612877463716,47.64535363223028,48.29008033180984
1693,2,18.487910096233854,-26.543196389071603,32.34724245241392
1705,2,-29.770912479792553,0.8771926010350803,29.78383280806516
1706,2,-33.403617579301795,-61.624251987748316,70.09529299770236
1707,2,70.60185535907807,58.86820893050785,91.92436022529668
1711,2,-67.87976958331063,65.1276486215356,94.07057846985715
1717,2,-30.87125383352341,-39.674746491163134,50.270466701552465
1718,2,-16.362047808732488,-8.138059262922908,18.274151609913194
1727,2,-12.036180157093192,-61.42326654504145,62.59143156884345
1730,2,18.753306009200625,1.7188049026927459,18.831908468560506
1738,2,100.69354879949992,-13.69615125379854,101.62074261195005
1741,2,-70.14799754532852,39.25875288762734,80.38651154211882
1743,2,-10.557840803493114,54.64198374396827,55.65262248904356
1746,2,-63.473452009522134,-14.178475434997365,65.03774500754106
1755,2,78.53085741843047,14.29566442373445,79.82143564350295
1762,2,-17.62306056824754,-12.972462016690887,21.882802255803735
1763,2,-2.1101071626435086,-25.95969921985884,26.045316965308352
1764,2,-12.199169930931463,6.594971695630427,13.867710649920152
1768,2,2.643897858424843,0.48990859992913727,2.6889042976774014
1776,2,21.010773773461146,17.781572440871415,27.525205413030445
1788,2,-43.034708160630565,7.170992157620919,43.62807851596611
1789,2,4.449238991761575,0.9151736050977277,4.542385973613332
1791,2,-132.6941281992884,-366.4764074100574,389.7597835164007
1793,2,11.548315417570665,12.36666244921237,16.920340691500854
1796,2,23.03032380951891,67.69725051096695,71.50743696648559
1797,2,116.66024615110652,161.72067873774415,199.40709857834403
1829,2,-25.69649626309477,-14.341411744644603,29.42764025586614
1831,2,-43.834570300885375,-82.42516428613399,93.35618491058554
1841,2,-19.609926537979817,-0.268611352113723,19.61176613371293
1842,2,2.1066336222358615,-8.146285579090954,8.414266097197059
1848,2,-64.55760270021632,-16.008942718736993,66.51293342930215
1871,2,-55.546319498439296,113.87889750226294,126.70357890033574
1872,2,-13.477792002050542,-30.024410544448763,32.91072934154063
1876,2,-34.86952430459791,9.735545090058796,36.203101571958065
1877,2,-72.77429936785916,-59.0770369797059,93.73470513520765
1890,2,12.536573732576803,12.905976647432485,17.992496051865828
1897,2,-36.394571569845404,-25.024410431583625,44.16770264798647
1902,2,-98.08347866284853,-15.475546381142856,99.29683440271582
1903,2,32.604840649976836,-26.63024450151598,42.09804693831893
1909,2,-35.4626136053647,-21.080616195755788,41.25517352910007
1931,2,-200.93644454853268,-172.44019992215263,264.78496425778695
1932,2,11.91425647138005,45.48241002869562,47.01700893596075
1933,2,39.44725222764328,-42.360286300249975,57.883327165518516
1938,2,-23.045594524851207,41.757634811587394,47.694858130219316
1945,2,48.65013165458394,-3.832416569437136,48.800847602987865
1947,2,-26.886579802422126,107.48963931549228,110.80122171549661
1948,2,29.305059317569974,45.438825917983806,54.069153890283246
1951,2,-29.04189002151759,20.89596236231822,35.778102507949505
1957,2,6.784966420137955,-6.448860317601241,9.3607461624772
1959,2,-45.38938124196429,29.397562453969545,54.077838416151764
1960,2,15.688121662786525,12.78179814924691,20.235896946626397
1961,2,22.56801171146984,-43.13412709990591,48.681290793074474
1964,2,-2.9003532714848337,-213.84095535274434,213.8606233865267
1969,2,2.6045502723121103,21.745677176520115,21.901099469808106
1970,2,7.264881001408288,-51.863961734267576,52.37030668936544
1984,2,-15.47539863503637,-79.67240989459034,81.1614493545113
1986,2,5.21888189776929,102.58547647630698,102.71814207886452
2002,2,-38.736394655167345,-0.14541473380251446,38.73666759448577
2006,2,23.50878702755722,-10.729485272682165,25.841534817493834
2008,2,-34.58650784348123,36.05316895855634,49.96055961217207
2011,2,23.377711105724632,-20.596487435885003,31.156583112390383
2012,2,-72.27784966863672,13.00708903536064,73.43889921489733
2013,2,-153.6605991199035,44.401680786055586,159.94714432747608
2018,2,-14.570692647039309,24.028037514873045,28.100741467630918
2024,2,84.81589765642632,22.30451348276593,87.6996454780079
2039,2,19.13180088855066,-27.712520414916504,33.6750589158551
2046,2,76.7449130739114,28.28484620006325,81.79128442128446
2049,2,-94.12000375036128,15.870152870338122,95.4486084660008
2058,2,-9.944092937845786,-9.485571234239238,13.742672447393241
2060,2,65.4898146937106,-70.27667958666927,96.06106142628204
2067,2,-131.78729728501378,20.408487075516234,133.35815711984068
2074,2,-105.11397862348838,-47.18475709429356,115.21870422855248
2075,2,-13.651579876480566,-30.431000512519716,33.35283234324942
2076,2,-79.60005019479046,72.53619496272043,107.69246756706315
2083,2,-40.36341099664411,41.07897516750851,57.590686296455885
2094,2,-42.988088891520995,-7.403461269799216,43.62094709332579
2098,2,2.9746071112564456,-45.953070340126764,46.04924495744719
2099,2,-12.268363319971577,-12.441250925840096,17.47276346633643
2106,2,44.873789392616374,158.29288933883333,164.53053148181655
2113,2,-19.397936428188643,9.97062767499306,21.810395546742967
2117,2,-11.044784728552827,25.565050513502737,27.84886133144442
2118,2,-22.195357423883564,20.86596651477178,30.463460896121447
2133,2,76.79986725449864,-40.61512620857516,86.8781220287772
2134,2,41.50504573910776,-77.60014730471407,88.00256634620806
2138,2,47.729493467843,16.990880089643223,50.66354264081325
2148,2,-139.93741117988668,37.675202319040494,144.92032265182584
2150,2,30.26936782235363,28.70149559662894,41.71343282263218
2158,2,-34.8465399535191,-63.82595559227617,72.71886931188777
2159,2,-136.19140982916798,75.23604393783029,155.5910100830749
2161,2,-9.503083999891473,55.03646400437764,55.85088160104681
2169,2,-25.96009705621155,1.1823145567823445,25.987006500924707
2170,2,-263.2457945789468,44.33693194416707,266.9533889983844
2172,2,-1.2361464975228742,28.473395487228817,28.50021594190964
2174,2,39.43604104822373,-23.65690104912771,45.987501571681484
2180,2,-36.524195050217564,14.296346664238797,39.22247253820734
2181,2,10.328374921749147,-28.188590925020584,30.021192295816125
2186,2,-73.44213670380323,39.73351392663825,83.50149443320447
2188,2,7.400725682351315,-71.52408523849593,71.90594905728625
2191,2,-9.732852198275863,-72.2579696826635,72.91051086485542
2195,2,38.158639614331776,-5.105844805594691,38.49871982800556
2196,2,62.89029914064252,42.243459278170725,75.76080502334943
2199,2,-44.19373192392005,25.58116591360013,51.06350938647331
2210,2,-22.993081451343258,45.222182525707794,50.731918818595226
2213,2,-54.91347667208028,-57.59397795933396,79.5773599549228
2217,2,76.33925388464262,22.968101070194795,79.71960455518207
2219,2,32.12055415715503,17.907661345096596,36.77518639263975
2226,2,-52.576028282071384,-52.867783285622224,74.56031960401381
2228,2,-12.6522845754699,-40.8550826459348,42.76935916032454
2248,2,-18.998985916860466,2.8506566911425395,19.211655562179384
2255,2,-28.642848085963855,-45.00207216581437,53.3441584964349
2258,2,-49.493248716859256,9.551598353379347,50.40649461778878
2259,2,-13.024984158655574,-12.70834441469805,18.19758857914465
2261,2,1.529048338262566,4.6283554453057505,4.874388469216924
2267,2,49.00776310723321,-93.2359125437408,105.3313639550859
2271,2,-52.153795732997324,-46.14152437594742,69.63518278209197
2278,2,8.21300910457932,-29.250703028892527,30.381855543010623
2285,2,20.97404505755536,-2.8147003436256526,21.16206757622631
2287,2,-22.191935234609815,3.91067863535946,22.533872211543525
2289,2,9.744296729129717,-37.59709152947487,38.83931783928548
2290,2,27.835486093171035,-59.31652064126982,65.52300288470688
2295,2,71.67990533771989,14.670091239356857,73.16570512333998
2313,2,55.117448250074105,48.971193310267026,73.72998627309745
2321,2,122.2514416134135,-6.588113115857432,122.4288291661126
2325,2,-5.663344227084286,-10.584713413371247,12.004566875887281
2330,2,25.641714418886533,34.03942566067222,42.61666361469612
2337,2,7.23697112649991,15.412524323141435,17.027027253669964
2341,2,89.26146261780801,14.008077169183672,90.35394255176772
2344,2,5.3554201733476425,48.24922751921723,48.5455299840705
2347,2,50.26196253898641,-10.071012036913848,51.26100039716487
2357,2,139.53636829168386,-28.427795675814178,142.40273046194824
2364,2,-51.432476654252206,24.8702991444058,57.12995216453826
2377,2,26.31130045648613,32.6305915268311,41.91706138438605
2390,2,-12.156796356862468,2.202360082679526,12.35467877348516
2392,2,-27.31397893740923,-11.878112866912836,29.78494604111875
2409,2,-38.117518848802575,-21.44672910061205,43.73679723418096
2419,2,62.411420844976945,13.658283735649146,63.88845096331825
2428,2,-27.49109866405042,-16.383709562901117,32.00291306737642
2429,2,15.489092681179036,-62.477470920830925,64.36883069273068
2432,2,2.470773046929665,-44.87934157835718,44.947302699453424
2433,2,27.20393909544756,22.142635263270492,35.07635384003089
2439,2,42.691296860005664,-19.906759633866212,47.104414938619655
2445,2,78.03581781950952,-127.19009064592422,149.22100395479887
2460,2,-8.125824350123345,18.111381557856344,19.85072198443463
2464,2,-26.720469343465673,-31.470546830504336,41.284122853054
2469,2,12.398140526108465,-1.192817708429427,12.455388496176099
2470,2,70.02675747277429,42.15595171076991,81.73659539515647
2479,2,13.883284901329262,-46.89369529851439,48.90566693545225
2488,2,-11.599013778069807,63.793348405530715,64.83925062347097
2490,2,-139.75919247650538,63.69319516712454,153.58859004588294
2496,2,-19.569887396286937,-16.528265613076098,25.61569942202914
2502,2,-54.00355777543092,-37.793426416153196,65.91454568361593
2503,2,-5.219688766629503,-10.573333189934239,11.791544664116028
2504,2,9.602458634442726,-40.29004998946383,41.41853860265567
2506,2,-117.72142848394118,-18.891226496267738,119.22756880366623
2510,2,-208.19960786774067,-15.577395837103726,208.7815412754365
2523,2,44.011333711504875,-0.502997285078429,44.01420794850501
2524,2,39.36125343785765,-64.32196976632487,75.40970804093642
2531,2,28.926477313737536,-22.242173820805142,36.48911325391564
2532,2,-90.04541741505084,-214.17592160737098,232.33489319044926
2538,2,-16.11598613568962,21.944781843480637,27.22679671359996
2542,2,38.62599723711697,64.24551288747732,74.96301480554783
2547,2,0.43510567291810914,48.589775528860685,48.59172360486582
2548,2,-101.76390637072852,-119.02342889226908,156.59651741052045
2550,2,18.701000779746458,33.319127068985104,38.2085286134294
2558,2,-9.943988872560027,-12.374822494139185,15.875110911708642
2559,2,-12.39063778098955,-99.16955486623714,99.94062495795843
2564,2,25.475831584709482,-12.671534628079073,28.45322099100712
2576,2,34.611095528413195,-38.480321839732326,51.75580259803073
2582,2,7.335492656194566,30.27038288124866,31.146517177470685
2583,2,-13.336925372537376,-57.057341373091745,58.595339259689915
2586,2,22.35097491297107,-20.393358443367365,30.25648935616829
2607,2,43.498404450679274,73.9488887013156,85.7936438782876
2608,2,-20.515736114610277,-19.683911952868137,28.43152859226161
2615,2,-13.258687835559945,29.57005109510117,32.4064920176146
2616,2,-16.145704418165632,-20.202283546823267,25.86147775485808
2624,2,-10.403828052677113,65.12986724427029,65.95558539961526
2627,2,-14.949612974776258,-9.315068289431249,17.614239277708425
2630,2,-23.945285446639424,18.938152772470133,30.529171714189363
2632,2,-20.787934050681464,22.53894590946983,30.66173975503492
2641,2,29.98903873513968,49.00952548116565,57.456731826190165
2644,2,-39.53732174078655,56.4506538041785,68.91934507345296
2666,2,0.6837252410319898,-50.31097173329962,50.31561742594537
2670,2,-15.061591906926374,-11.302392462748397,18.83070965611179
2676,2,-68.04604000015952,8.544294316776371,68.58038003011508
2677,2,2.1761371411898427,-39.307235399746915,39.36742724167256
2678,2,-15.872956835047773,-20.48400659575523,25.914190801609713
2690,2,56.29091469128729,-25.072975040381877,61.62240788996642
2691,2,-43.068125102254456,18.64558323375011,46.931025707416026
2698,2,-24.069708426720595,-21.745290092649725,32.437763562872746
2699,2,-5.9205320783193045,5.839744277608907,8.315967371164575
2704,2,-5.67700216514389,-26.07690693826786,26.68770183155775
2705,2,-3.7258742433489207,-38.78723994562105,38.965781417500565
2716,2,3.6870453326168153,12.600107473478886,13.128480933755812
2719,2,-79.09525733400552,-57.40200286683245,97.72947183862397
2724,2,14.415160686802189,33.84940005456408,36.791014414939006
2725,2,64.17808369062286,28.997650557509033,70.42506772489463
2742,2,28.09908027823031,32.920857271382886,43.282111269728915
2744,2,28.57465353574286,18.495210545880425,34.0379734682338
2748,2,-12.13954491577121,-5.061313616178914,13.15239317703606
2749,2,-23.66388685132906,33.89256610080476,41.336250166287755
2755,2,-124.961602238558,60.61954677463952,138.8889177911265
2756,2,7.866676557667603,58.65597031452303,59.18114102990212
2758,2,-30.44590796840844,-9.820167250420866,31.990451651188593
2762,2,2.4483780037364617,54.06957853284855,54.12498385744847
2765,2,2.798867025700046,-40.683343657435074,40.779505977592635
2768,2,-21.30990499445454,-11.314398460271953,24.12732192744323
2769,2,-60.78991219009397,-55.05133142679259,82.01257535245371
2773,2,-59.9457730733838,-10.555108601796311,60.867939237018206
2775,2,24.054412314614403,59.07076298355759,63.78063805937591
2777,2,-34.513458951018535,87.33367049116256,93.90606396938698
2789,2,-28.443893770319864,-16.9924953060099,33.13306489810458
2792,2,35.50872233679797,6.640112638470924,36.12423643266936
2794,2,16.27316580491041,20.02212349129362,25.80118901164668
2804,2,34.53635474918354,24.635372580780082,42.42241602685193
2806,2,-54.58772838030014,-29.92051000653661,62.24995589374086
2813,2,44.381760112220384,-2.5438971919515367,44.45460655074899
2824,2,1.3434912064515316,-30.149423351617617,30.17934222372778
2834,2,32.12218104084083,-18.522680031902254,37.0799702047451
2846,2,48.1028673543925,-3.421085605599485,48.224368056358394
2854,2,35.508102124369096,15.935437766025597,38.919962657606696
2856,2,14.700510791861154,-10.5766449777689,18.109954073033713
2865,2,78.95245446265261,-31.638958574164032,85.05594491471423
2866,2,50.94120925149498,-35.512748546424,62.09800406877936
2867,2,-60.24574545129101,11.502469258632882,61.33397626134755
2870,2,-14.046641794284795,-74.45991525540137,75.77326128350622
2871,2,99.84044852044327,188.73030326974362,213.5116917947415
2874,2,74.48664953612125,-146.9647521085401,164.76316129961089
2883,2,99.09653727464439,-119.99634723889753,155.62534192895146
2886,2,35.96855171270371,65.10170672070603,74.37720706142616
2889,2,-14.696319600900175,-44.2272614718239,46.60506911387303
2894,2,6.7145004689967305,80.21281293194637,80.49335298646454
2900,2,245.5159619488112,-91.39955088889948,261.97703234127727
2912,2,18.481659663090007,25.79446449024467,31.732099556140017
2918,2,85.57609085428234,-138.59359180463068,162.88477834103767
2920,2,6.821647969925785,14.125492765273645,15.68644086105547
2929,2,33.96462433336278,90.52162146810278,96.68381280918199
2933,2,32.63548139601738,6.80281424649207,33.336960383665335
2942,2,-31.286272346907808,-10.44303087052253,32.9831431359653
2945,2,-56.09966205226567,0.7336729452355115,56.10445934477034
2954,2,69.9539235917475,22.2680582450916,73.41265452145726
2957,2,35.50352690678997,-16.575898229637723,39.18240453239778
2958,2,45.7290059450167,-2.488694046241678,45.79667654726892
2961,2,-75.06047021706547,-41.4560090613372,85.74773977488063
2973,2,101.32303390658188,18.140365022464067,102.93410534503411
2974,2,17.885455013252262,-12.693417951137835,21.931993988539634
2976,2,8.913859082046574,99.93422050826788,100.33097882672975
2983,2,-91.82717140897394,-3.3946345044742046,91.88989581228203
2990,2,-24.005110495020322,-56.822528287814976,61.68504722295078
2992,2,10.165791667085697,24.514235324599465,26.538482506888545
2996,2,9.9320191872673,56.89611079508358,57.75649252458698
2998,2,17.490482913487384,-31.2970894746009,35.852821397041666
3021,2,18.594632763442327,-115.85678275419973,117.33948388228539
3026,2,-55.761681000407165,-34.18563214991387,65.40659380735549
3029,2,29.4284498800724,47.31235186751384,55.71797108276085
3031,2,80.6630547006009,1.6288726119935397,80.6794993763486
3036,2,-29.287481015533213,18.580328538233395,34.68407635823547
3037,2,-32.93684937811912,-3.276931518070146,33.099461130523366
3038,2,20.156417971366828,10.852159202726682,22.892150287768185
3042,2,-49.29776288896282,-57.41969071385731,75.67886301690474
3052,2,-170.28639422375636,6.351397295451356,170.40480129777222
3060,2,-108.61449068545713,33.597658646973116,113.69217322850233
3062,2,-26.488387959031,35.667735023478926,44.427716781005564
3071,2,0.8227328253608981,23.599858123505218,23.614194730108867
3082,2,21.32593234793959,24.65298012288703,32.59700629579899
3092,2,51.809495031873894,21.582895559685724,56.12526308355327
3096,2,58.46381336921186,-15.047732632276727,60.369294604480196
3100,2,-14.399607744815562,1.7785507288818678,14.509029805598944
3102,2,13.297616146294624,-28.512693830587107,31.461091917652755
3108,2,12.342336585531203,-22.771255999708764,25.901030330757393
3112,2,-17.261067875526976,-19.22860536099021,25.83957678314896
3122,2,-6.249565509926093,-57.55153865924757,57.88986673943658
3125,2,40.7153249126312,-7.013969127508817,41.31505107902898
3128,2,17.761091335197726,-44.827284197019814,48.21765002462914
3131,2,13.171882453099588,-70.04860506844965,71.27626224342787
3146,2,25.488241874695724,45.827774019752106,52.43887246564764
3160,2,5.682611972478394,4.596053126676246,7.308610208034445
3161,2,-270.91737327812075,94.78401990389409,287.01957001754846
3162,2,-14.672896729848967,-38.71631296657438,41.4034634803726
3166,2,54.39837262488419,67.24020330282677,86.48946689881505
3169,2,129.63121169244067,-63.954270102717544,144.5489526396567
3179,2,-23.938387725990644,106.46504258271881,109.12310341563783
3182,2,17.551659627871665,20.63663154030573,27.091166771163646
3184,2,-53.492986750641215,-83.8600820321792,99.46865330317941
3186,2,6.308905050248846,57.12457358192396,57.47189913209498
3191,2,-11.778242946473997,-7.476816524347917,13.950978182368667
3192,2,-2.7130410157925766,26.851094080893407,26.987809190342993
3207,2,29.404447122210915,-52.366166593738264,60.05694726079612
3208,2,11.50198095243238,-43.874581917450406,45.357188010955696
3210,2,33.85066188226717,-95.32248988873967,101.1545569337163
3211,2,-77.44228223084846,-1.6670292613375217,77.46022246082529
3212,2,26.0938730337546,15.166356418614551,30.181262016657893
3213,2,-79.27962824369722,38.08108079110436,87.95128292797924
3220,2,28.792573435795756,74.91038545626199,80.25321261022165
3221,2,-30.87262335701439,35.24086302122714,46.85122516460979
3223,2,20.176732142806568,12.075811794264524,23.514373273660983
3232,2,-17.9053009665676,53.60224654156004,56.513720785359304
3244,2,-12.159593487247278,-67.54779476980373,68.63352163512106
3251,2,-159.37476937010138,-5.905232449263686,159.48413363733974
3254,2,-7.468511580950775,30.129351917574226,31.041206680923818
3255,2,-33.61967368197394,-34.565715337823946,48.218991437999705
3256,2,-34.33848437014809,-11.826584013030292,36.31803406375637
3257,2,24.930318336231522,-10.995314863253117,27.24734338037227
3263,2,-46.31195883570568,-29.400411462026526,54.856009017577634
3264,2,5.979039963590182,-33.145749310877676,33.68070094677004
3273,2,273.1691075582463,25.921283366334386,274.39619941888145
3274,2,-40.812881248617884,9.588684654008283,41.924147566859354
3276,2,41.64116428183959,-9.38119819837544,42.68481512651023
3285,2,-4.5282156247900325,32.94363614426386,33.25338928816491
3291,2,4.4750029165877265,-58.10289074051795,58.27496515235367
3294,2,0.6513481518798656,-15.901241295231518,15.914575996366773
3300,2,-55.29101304926738,20.76002282677422,59.059924413958086
3305,2,-37.55749578217109,59.721086949923624,70.54908727905796
3307,2,21.45279623153371,-1.1568590594317705,21.483965859102838
3311,2,-47.93219743038661,-29.15633634987835,56.10336442543172
3313,2,-4.742863684237722,7.337718917540989,8.737097621069593
3315,2,-8.11566433265724,-1.03141709209563,8.180943024996072
3325,2,-42.03295036092163,-98.71345349256272,107.28986353086691
3330,2,-37.961631881622374,21.78494602429599,43.76836035765217
3332,2,11.319464121230109,40.497673261620136,42.04987286064915
3333,2,-26.896243746079392,-99.52450897912082,103.09479043668316
3335,2,-0.8580548336660243,-25.35459462525924,25.369109694839555
3336,2,-16.6009323222698,-21.16339984887021,26.897591846329696
3340,2,17.41827177340916,-60.96275125584884,63.40231251504034
3343,2,37.69709394147896,17.456423781226555,41.54272045572439
3344,2,-49.732520687495665,-16.13656335350919,52.28491456236684
3348,2,27.77825397809411,-17.291242165221647,32.720306381325955
3355,2,-25.34309842543811,5.312624499040248,25.893949425864843
3356,2,17.207176172105864,-141.48186431290333,142.52440086270377
3360,2,-9.584162389945055,-18.187190950574262,20.557968853694852
3365,2,-34.80605112640266,-42.198677969711625,54.70091057199305
3369,2,24.684157164804237,10.27881127213216,26.738765418486835
3372,2,-38.2552052090248,2.9485124963814435,38.36866496929383
3379,2,41.40978201634074,10.56683121801443,42.736728567250694
3382,2,161.48066145481192,87.69918188457196,183.7584026027295
3383,2,-45.53988404486343,65.58231902017826,79.84310619511268
3387,2,202.43014872164136,-20.210391894046843,203.4365381439057
3400,2,-22.800699013549806,-12.527470340626138,26.015560509851767
3401,2,34.419299240719155,0.8755406408208231,34.430433218824
3412,2,63.73902831262948,-23.376205924117905,67.89043182691466
3414,2,-24.67823047316188,-36.168336599313136,43.78542716073134
3421,2,-33.534471777857476,-34.55589115131587,48.1525742892476
3423,2,-14.891866265850748,28.79169340382238,32.41495472678764
3427,2,-13.92984642360538,-10.725433315645503,17.58054439411903
3431,2,-27.899306838066682,-1.8563642045664963,27.960998016962666
3432,2,-39.791927767517336,-67.80645705211562,78.6200555419272
3433,2,-14.697272894744572,-21.241626187214187,25.830534520600555
3436,2,33.19774211453979,-17.940118818899105,37.735102288713975
3437,2,30.886914543093567,42.79769620318518,52.77920319872683
3446,2,-54.54072168296171,-47.29581232307783,72.19130269636426
3453,2,-12.263373831909732,-36.83790276418146,38.825525338422096
3454,2,28.496632849323227,-35.1881075976674,45.279807862381055
3459,2,0.9114970269892488,-29.186152323873,29.200382091721462
3460,2,-17.345644704691427,31.445281326370306,35.91207468130967
3461,2,24.268459898133166,-27.576426189531027,36.73441747481441
3464,2,-54.76938238702426,-12.938689952003028,56.27694860891222
3465,2,9.29710581904807,-4.943446423317135,10.529664721670128
3481,2,20.339952508395655,40.818130595150066,45.6051910787195
3482,2,44.01786561734753,-9.035899461407261,44.93573157948501
3483,2,45.873853611500124,47.78122474648618,66.23787348219723
3487,2,-242.42185719355172,-53.2265377238827,248.19633591824575
3497,2,41.67633157114152,-15.420003652009697,44.43751934858335
3501,2,-27.750431448586458,-0.23742728376183564,27.751447120785805
3504,2,-18.100972680962194,28.210202777812867,33.51806606536631
3512,2,-29.684184738578445,-22.924954880678648,37.50605790902591
3516,2,77.3659816291125,-81.2135162429775,112.16563793775946
3518,2,-4.731181160109056,33.315378481241765,33.649643661087374
3520,2,59.01496905078703,-197.60436562897817,206.22863983379284
3523,2,-13.124990042158888,-69.20938225281974,70.44291274091162
3525,2,-2.515595820849967,-54.15946692446587,54.21785757364625
3529,2,36.63173591852254,24.24080869343979,43.9260843066659
3531,2,5.648478892719643,-18.10325618151016,18.963997420767733
3544,2,10.661189460428997,31.13922788959745,32.91371255679684
3547,2,22.399140180728562,-35.22022115386786,41.739495192961904
3548,2,3.114307883244255,-30.980665783275604,31.13680404226903
3554,2,90.04852948107342,82.19682964503647,121.92233784421498
3557,2,30.607693415340687,-6.1671245837519635,31.222817327060792
3558,2,51.46759976796089,-8.953836753505875,52.24064527246424
3560,2,33.43333776955916,-33.663571220582035,47.444958654599226
3562,2,70.56710588291286,-61.95804483534182,93.90695263135984
3563,2,-6.891646341878591,-19.273118635083208,20.468216610724056
3587,2,85.32744676625366,-47.7781219868344,97.79326210039565
3593,2,27.17273823250729,-83.29901238230296,87.61896579462362
3594,2,-102.48751734421887,-12.867800876207308,103.2921657763612
3598,2,-104.38425504462982,-59.061382267265756,119.93464710642384
3599,2,-26.216399336671667,11.189675578768927,28.50453356464435
3604,2,-3.2955608110537575,0.25465131073611147,3.3053847505869753
3606,2,60.81224505085662,42.75206288260288,74.33618250114453
3610,2,-3.8882434321126027,-22.245831638755305,22.5830791143992
3617,2,21.20725045115533,-22.346766670278818,30.807879711429543
3621,2,-5.857925252269116,-37.91777893303754,38.36760674678416
3629,2,18.919602035380727,-11.92978184491313,22.366739504102995
3638,2,31.585957338757446,-25.663905384871924,40.69777316524165
3640,2,49.19299292197317,7.538752771310616,49.7672919292204
3643,2,-160.00224531027393,50.064656072833664,167.65198564890366
3645,2,9.453930419952592,2.643708854559165,9.816618404164416
3649,2,-2.280083430469098,32.60382910067866,32.68345839222282
3661,2,22.63105441051864,58.03411411401828,62.29063352327339
3662,2,16.066094525361667,8.932648336347611,18.382371979663287
3669,2,-2.906366915359916,62.812630928845365,62.87983438949279
3671,2,67.21530232253441,-19.29945611510345,69.93115094611632
3678,2,-21.065100266892195,7.493047767065853,22.358090573520634
3685,2,-54.38067675894836,-102.87617437540727,116.36479389781272
3688,2,34.36689002096391,60.29379086078086,69.40046358689983
3702,2,-29.227922627842013,4.22517499649755,29.531738263944895
3705,2,46.58239605119202,4.560374865831214,46.80509203908283
3709,2,-26.81963447446567,26.312306650932776,37.57166851015095
3710,2,-20.515822011337853,40.91172770841405,45.767547639001904
3716,2,35.05810505124345,-21.169787315635485,40.954006211520536
3718,2,-1.41755437977384,245.5273021802196,245.5313942784435
3722,2,-36.057207478371396,-2.7084561557203806,36.15878794823994
3723,2,47.29886932917266,13.726780238657401,49.25045721146704
3735,2,39.585351500994065,-36.88016505430011,54.103111074037805
3736,2,53.06023174907945,-45.20796807846341,69.70759335287215
3738,2,51.744941253446605,-67.17883239199425,84.7970192098419
3739,2,93.71571676060357,0.9799258191022675,93.72083985200206
3740,2,33.785422066262356,-1.9442509677122999,33.84131876893892
3748,2,-37.7152300962191,24.429674383212685,44.936038673658686
3752,2,-5.557171671335183,-32.25795515252417,32.73313042785475
3755,2,16.93298095195152,11.278658233546217,20.34536742033166
3768,2,-47.116136887083336,12.08165140652084,48.64048371337462
3787,2,-16.15469257126803,10.158223446677844,19.0830709180891
3798,2,43.94907963474457,-39.20258490641384,58.89282014036775
3807,2,-4.1533915024477395,-3.0803612214669194,5.171004373167969
3825,2,-62.12591489993732,-28.975602390379677,68.55081936811281
3828,2,23.567060542535614,48.73164186473614,54.13113024358944
3834,2,10.22034771686527,5.215483777820815,11.474178771935934
3837,2,-17.49195123541962,30.60236998525839,35.248736243118586
3839,2,-182.42132561108298,50.54138677393446,189.29334857500194
3841,2,-60.538285562552666,-15.743775545056216,62.55198228087007
3843,2,-57.162800240561516,-4.060166454186925,57.30681183749489
3849,2,92.21585479601859,-10.276754162344709,92.78672077336095
3856,2,-21.750204613108803,15.894597428753983,26.938998276369748
3864,2,25.625161180570082,78.43245647294074,82.51241793760464
3865,2,0.009943116157636211,-25.59918818686001,25.599190117889123
3880,2,93.46050048114205,-81.34257195010053,123.90108620041568
3882,2,18.1354780513617,-14.899328581280352,23.470951329768884
3884,2,9.949813006431928,60.8438353345556,61.65201600176168
3885,2,38.10554411364931,78.00098749612911,86.81121207867429
3886,2,-43.24151896648723,8.209583830619515,44.01393221698152
3889,2,-24.510542462224404,86.8973684462627,90.28798001217017
3890,2,-39.59590754397093,1.6841439923895365,39.63170744767119
3901,2,75.89144979184405,-43.60716203428432,87.52769123078886
3903,2,-71.52323958184657,7.89354317898659,71.95750012473161
3912,2,152.98154030303482,68.0663906358651,167.44069161253262
3926,2,-19.896669273343072,-259.0325073878368,259.7955298533878
3936,2,47.77563462091834,47.28084114803429,67.21598919228329
3938,2,-24.32662844084485,21.604510213755404,32.53520728188439
3941,2,-63.253341386745824,-9.196116036639019,63.91833654552926
3952,2,60.03342818721251,-11.78448349933801,61.179134933859366
3962,2,-35.18365480962804,15.915406585997236,38.615925892831655
3965,2,14.866875793604514,32.784126511380514,35.997540846239296
3969,2,-26.679512312051816,1.3366766774553156,26.71297590589595
3976,2,77.10155250615483,29.981019220419732,82.72551548557753
3984,2,-21.477005055423444,94.50289500805081,96.91263545613316
3989,2,-22.39285968122047,-1.3771144374294693,22.4351645609433
3998,2,-31.69073918221092,-11.748444405344495,33.79835640767741
4001,2,-3.81648622231414,11.791339378972882,12.393597195133875
4002,2,-60.16532474208709,27.197830785471346,66.02717850064418
4004,2,-178.0932677299057,289.5434956574594,339.93035740906856
4019,2,-3.3478956489524165,-1.046865125974648,3.507753108224186
4024,2,30.949167614212843,-0.2143464141809659,30.949909860901265
4026,2,7.216669815061756,-1.1678612716550933,7.310555599231521
4030,2,-37.677967983864804,13.061896505450111,39.87784361913556
4036,2,31.45708391137016,32.41541221017697,45.16975843374274
4054,2,-57.05041603908589,-28.029048012545523,63.56396386886496
4055,2,-15.145640928569971,63.976704794184904,65.74503171692486
4063,2,-10.453753372327974,82.25237736469592,82.91401896973636
4068,2,-36.24048509711163,-1.8767604591356246,36.28904779537409
4078,2,-4.72961717078929,50.35821269050741,50.5798266502032
4088,2,-54.145471790255236,-31.355950427350045,62.56938342825314
4094,2,46.47224815394762,-54.52503515671169,71.64251047613236
4102,2,23.36749347190143,80.38002001249052,83.70774975095037
4103,2,8.28996849805954,-97.25453448627802,97.60721313428358
4123,2,-12.420040144210343,34.4839951366006,36.652466735062866
4134,2,3.9126712123774565,-64.05333834765548,64.17272901704742
4136,2,31.125166292871523,2.6253689839931518,31.235693350092596
4139,2,45.71436999572199,23.197049320573765,51.263112676532806
4140,2,-13.702736423759632,10.012208070777191,16.970836630866636
4149,2,-22.46656794584188,-3.3928954809945173,22.72132071447615
4155,2,-25.696081209373503,49.685861489887586,55.93722751004926
4173,2,23.080216898390493,-46.952976887427695,52.31900659099014
4182,2,52.78173287500706,0.8565503182153051,52.78868253457587
4184,2,-36.65346619672543,-39.428688402867934,53.8339860441798
4188,2,72.02470203573642,-116.31999181480884,136.8133699575221
4189,2,15.073476924067123,63.77485093264342,65.53198698392467
4193,2,7.745737474955988,10.592551118628345,13.122445969852272
4195,2,-36.68960394645198,17.133204539481163,40.4928849989625
4197,2,72.3206369079535,37.794383466244305,81.60079622384556
4202,2,76.81985888611344,10.4883942394702,77.53255531068825
4208,2,7.496449394319409,-35.72958554129844,36.507533968683155
4209,2,-39.63354944636602,-4.88862064421763,39.933906063902775
4211,2,-78.97188928234749,-39.07197674893516,88.10890229649146
4212,2,-36.436068550554495,-29.13761458734047,46.65391382575638
4213,2,-21.754327949039435,-33.50756622844332,39.95006607088246
4219,2,38.84159494827264,41.564617193056584,56.888372278797135
4223,2,-13.009495777820447,-23.78085197161986,27.106750098254572
4231,2,13.533177550611404,0.5495582796350078,13.544331246653998
4234,2,-8.644571740350202,-26.35555571273135,27.737049906234574
4245,2,12.4217330558533,80.60487915214541,81.5563976352735
4249,2,-99.96624673776563,100.00898417933826,141.40384508003652
4253,2,25.655109914344568,-11.732893363140366,28.210732911215267
4258,2,40.166175715998364,7.430873198873381,40.847760625843264
4260,2,-25.382392459972095,-3.7327066534031417,25.65538824403966
4262,2,-138.90584879631334,-62.34866816383163,152.25699081364985
4268,2,14.26234964348103,-6.9150805124711425,15.850329834008555
4274,2,-23.74797754250894,-71.08026703117706,74.9424499104676
4278,2,-65.48776410503959,-44.92263870990313,79.41467569749183
4293,2,-20.793794312949956,-8.798821401408887,22.578776317222353
4301,2,54.733399764819865,27.1718310696263,61.10690184825191
4303,2,20.457987795920637,22.22869105856628,30.209997862218103
4304,2,-32.7551064861111,10.057895799180931,34.2645336875268
4308,2,8.12670632444313,-37.14726065856127,38.025811367002255
4312,2,35.01556875645916,-89.03422135404858,95.67226676242201
4314,2,8.479614560735989,27.2163883731247,28.50676514751197
4316,2,-168.88228399258153,-43.6805353092507,174.43971741393545
4332,2,78.06621559202071,-33.56074348290698,84.97445216054848
4337,2,35.6274529890803,-20.39130186032957,41.05022043848494
4339,2,0.4794955616169574,29.56170632768919,29.565594818947062
4345,2,12.510452820068728,4.291483078845946,13.226044638484579
4358,2,18.538297305564566,-36.27628853077918,40.738649665371135
4372,2,26.920581345664594,59.75485155596306,65.53899590674033
4376,2,-124.28305971758405,-17.867746064149618,125.56088277077976
4389,2,-54.606126444475535,-14.337168963634737,56.45691684073672
4399,2,-35.67684511226211,63.596532764789956,72.92020472315848
4400,2,-34.996514031161595,-45.547715109467845,57.43997167501509
4403,2,-9.977668324130335,-3.9774961701152804,10.741244851954338
4417,2,-4.625415409477526,57.504078982743664,57.68980470901123
4430,2,35.65518635838659,34.140364487085925,49.36452979176805
4431,2,19.041277169078143,-91.61707450731008,93.57488219339452
4436,2,-31.211861470415624,-49.30632182450237,58.354894124741705
4441,2,-108.05851460965879,69.30599542019465,128.37431043954973
4444,2,-22.37704482048475,-50.32028495994703,55.07143736410241
4450,2,0.5013831470247041,-84.3466218830412,84.34811206032323
4455,2,-32.590362493344806,101.9506266654324,107.03299493577666
4464,2,69.34880307340694,-32.943958651817994,76.77604378559023
4469,2,18.12689299502432,-5.328853028054818,18.893938823010696
4471,2,5.9204304678537625,114.898935137372,115.05136588770561
4473,2,41.836164793236165,17.13626627745912,45.20969261716779
4475,2,-28.809195419008535,9.140981125089574,30.224613754684547
4476,2,63.570021905476224,-179.04469580538472,189.99513357216674
4481,2,-69.03904091996132,-4.780233673829848,69.20433371635414
4484,2,-2.907869668170271,18.03863238684169,18.271506899943383
4486,2,-35.52022423309863,-10.118910841000403,36.93343588373173
4490,2,2.4382907520365267,9.275966021335794,9.591079575336817
4494,2,28.391774033695818,48.873440885105126,56.5217308362926
4509,2,-4.567255121209726,-19.589881537235563,20.11524988622163
4510,2,165.312409396132,-209.14662963365487,266.59052006302016
4513,2,0.3709485640837209,57.58463414759704,57.5858289230067
4516,2,63.75336124112379,-63.6112072107425,90.0604061302704
4517,2,18.323231668937105,87.29778046215196,89.20001845522017
4525,2,-47.61890828869669,-26.518733043710313,54.505078927113566
4534,2,29.0377025577454,-62.29446584955065,68.72982355071869
4537,2,-35.37348432768257,-4.091566577976609,35.60932898192297
4538,2,-10.59577085152821,1.361175520203819,10.682844131358324
4547,2,-33.61072966176049,-18.628277462103235,38.42777471570595
4552,2,-34.08787922971192,-1.9053205890300902,34.14108605370379
4553,2,16.281341812540454,4.533428892647326,16.9007120779412
4564,2,-13.254436120694187,7.42469829394004,15.192307975867225
4565,2,-155.20550061147057,-82.42221703947015,175.7332332877271
4567,2,-63.89913301387299,-22.56524719104756,67.76643402686696
4570,2,14.602394661126688,-36.40809895449751,39.22728131440903
4575,2,-14.244613992560105,-82.1484257479339,83.37429388403147
4587,2,37.59820296157321,-12.597204379801337,39.65242015471613
4605,2,-5.510027733655189,-12.48124941182309,13.64338640168868
4619,2,0.8429811741085333,-32.121249472899024,32.13230905117336
4621,2,-34.11454689154004,71.42998032258811,79.15835015019204
4626,2,18.046356817678138,-70.97940804261768,73.23760892104123
4627,2,-23.953595460348737,-3.522017426841323,24.211140870124513
4636,2,5.8807013548548746,7.224260494254743,9.315180519659387
4637,2,-19.15942159595731,27.12105337525208,33.20594784183863
4644,2,-29.40051410000935,-16.612574116164588,33.76933295328633
4645,2,15.979467009166296,54.03168403960271,56.345064078874664
4646,2,50.672175612977895,32.99675707989804,60.468631199509325
4652,2,163.0865540185053,-64.0102944639733,175.19857847310126
4659,2,-26.90090484801783,46.66731964008105,53.865549324513566
4664,2,-3.0203772816934134,1.31346137841438,3.2936089197650493
4686,2,-10.508979582040524,-9.528822825354524,14.185806860828961
4699,2,14.264535427908543,-12.166446781090016,18.748317211183345
4702,2,9.4254170091799,37.27597586812406,38.44914644979658
4703,2,58.232812593723324,11.507297409496573,59.35889449986673
4714,2,-13.087329674926497,51.714704201537984,53.34499815983484
4720,2,-9.798482529499992,10.467515673752128,14.338031394203426
4722,2,19.939341270806437,3.15539538996323,20.18746765646167
4725,2,63.28282012947635,-14.532514015902446,64.93003378377419
4727,2,10.79835779559042,43.88304044180131,45.192098529481434
4733,2,-37.082717059094065,-76.08618415652904,84.64180600616977
4735,2,-65.64464163935008,70.73084275893231,96.4990730180736
4742,2,-28.358445629276865,35.711146571165365,45.60139721473354
4743,2,104.41263610421656,-61.48525263768056,121.17109750328645
4744,2,-12.798958552609985,38.68564453805394,40.74791323928246
4749,2,-76.53692734310877,-35.57126069974423,84.39914593699085
4751,2,-65.53752842811411,73.74252502639014,98.65661472873292
4757,2,-30.750102087854906,31.56866458645754,44.06982371403087
4759,2,-37.30510462678663,-6.283492641120885,37.83058433313603
4760,2,81.54244670989928,-57.464448765604196,99.75637066058245
4771,2,-9.924621977938706,74.4833627531138,75.14166253428868
4773,2,1.464208369068654,-5.078653971913841,5.285511547096167
4774,2,-15.421544329005426,-13.692360070567428,20.62291816871581
4776,2,81.20963285719246,6.846152019530216,81.49769485252028
4783,2,23.95343621222628,-0.4375523886716177,23.957432217707
4786,2,95.65326032786624,-73.0794127144359,120.37502554117032
4792,2,6.433764738076938,3.250406702680891,7.208222557451669
4793,2,-48.85295755849971,122.23271874322603,131.63376843945923
4794,2,-54.90384369945434,10.534052936180494,55.90526204425095
4804,2,57.21877870095606,-6.525870364285117,57.58971800625904
4816,2,20.042546547062503,-46.40208424677881,50.54559421489004
4820,2,42.22999348661024,-58.56262681065701,72.20078676055702
4824,2,-84.31445273181978,35.88380380257588,91.63282334844885
4828,2,-3.8134553916524716,-4.6791868856629755,6.036326029555037
4839,2,26.569281139356676,73.13820525341264,77.814675787749
4844,2,-56.04807138358786,-91.43187282016413,107.24352508763607
4849,2,-1.9195829490055516,0.9892360599939849,2.1594875967472635
4854,2,-16.84885997633191,-3.0738041219081147,17.126948189385597
4857,2,25.867312800978237,-67.43128379311567,72.2225443025331
4858,2,-50.29903681849283,20.352212828963093,54.260535123637574
4860,2,-10.73263834050158,-45.50153076215222,46.75017462477643
4861,2,-14.142055678282983,79.51965873144044,80.76740594802094
4864,2,97.05853093068374,18.503546074205236,98.80657692554038
4866,2,-45.48703792522454,13.775333303070934,47.52715462576643
4867,2,-26.348684687627113,31.75887526082642,41.26595864148473
4871,2,64.00874561225851,19.585189392254144,66.93802475712357
4876,2,-107.7549995900911,18.00021176268921,109.24810094533538
4879,2,-49.35789698229543,45.51791581846415,67.14225685044909
4882,2,56.38702401907477,14.012188708661524,58.101961327780124
4901,2,76.36538916271594,-17.928098610890075,78.441630412523
4904,2,-23.209945384280964,-34.79473473607368,41.82553203600688
4906,2,-29.595288702508192,3.3845701994518786,29.78819277532336
4907,2,-14.301985145649306,-96.3928888321943,97.44811848631117
4911,2,-131.22991507034473,-105.03729846235683,168.08963286782478
4918,2,36.62066831731963,-96.5539852518446,103.26541248656571
4919,2,-21.937992034610456,36.627231496587946,42.69460834362199
4921,2,5.865023827555849,0.8683892106810802,5.928963174031794
4923,2,114.01929459757586,37.605200765585884,120.0606124636586
4934,2,-28.30395072301428,-31.881012684179098,42.632295226736375
4939,2,21.919421654389154,46.571397280967126,51.47189612171458
4946,2,-20.482700792616953,-44.93617994347549,49.38422116093641
4951,2,-7.785675780402226,5.048631529591274,9.279301033974754
4954,2,-21.438500888598846,37.37491754921954,43.08704889130158
4961,2,-2.8534190804093846,-84.99363421517515,85.04151843394752
4963,2,-22.181471230700204,58.619062941760035,62.6754513835234
4969,2,-6.820861862040295,-30.39563517528768,31.1515456157511
4974,2,-59.007727288403615,-36.48462267775017,69.37607348128326
4980,2,-16.53992566645286,-56.444215007218126,58.817672079340696
4985,2,-13.471128189247928,-35.28235653286101,37.766598697831796
4988,2,37.78693554681409,75.79493636578877,84.69194103758073
4995,2,-9.200081517859115,20.422895733026284,22.399468075320808
5010,2,31.990377823255255,1.9303270592130133,32.048563709317015
5012,2,-7.9802269493999045,-56.681721541038684,57.24073356465461
5015,2,-7.985163859572218,-36.21053264477338,37.080527454209935
5016,2,-32.25468057995019,21.961159004347202,39.02123683494458
5017,2,-17.44514258843276,13.823139280781223,22.257856579343557
5022,2,49.24800955771475,64.71962188280446,81.32647725095404
5023,2,-20.61327217258667,-18.583102006602285,27.753174049987898
5032,2,6.6862385814097856,78.39573237312501,78.68034469094664
5034,2,16.298135541815565,-12.298704209696087,20.4178193590057
5039,2,12.764466491683708,-25.483502642749933,28.501587881385817
5045,2,6.985570613036574,50.801280116866664,51.279316086528226
5054,2,31.454749849411623,38.329557283917374,49.583830526394024
5059,2,22.745488075599603,-13.364332962514556,26.38110352752888
5060,2,-209.74075435514152,-53.13724097487583,216.36716575276813
5066,2,24.84552418176214,-3.898313702661671,25.14949147777917
5067,2,91.5577961645989,108.77328088959446,142.17755334090137
5085,2,-22.451246942948966,-4.405263529339038,22.879353925672813
5086,2,13.48024164558079,-28.91831588310582,31.905891436196246
5087,2,47.42426197600255,-36.091303146269546,59.59566080483081
5090,2,32.01567409262854,-80.20051978119623,86.35465685635867
5092,2,4.753544067019561,35.47888812874227,35.79591714216729
5097,2,-37.64648221553321,25.027796631996114,45.206727679152074
5102,2,-85.76892100208966,5.825158850783282,85.96650676571402
5108,2,104.51324677648276,-153.6964937370843,185.86454997883695
5113,2,35.331552834599336,-46.19031483446773,58.15379446099226
5120,2,-77.62448139079028,1.747237583872689,77.64414305254225
5124,2,12.460738176982577,20.263475503352613,23.78819949870697
5139,2,-65.96639312964541,77.50868416781134,101.77996435428958
5142,2,-14.52230303504378,-27.107564978400717,30.75251801885268
5149,2,-105.09629276091553,26.16195502943335,108.30364095010916
5156,2,74.05453690359616,9.007969854438107,74.60038845009154
5159,2,-23.2356409903296,-53.98325992092188,58.771484275295414
5168,2,-64.0609222483839,-94.96038292625121,114.54813872260759
5172,2,115.46452366606076,-72.03896717624814,136.09433866715713
5173,2,17.815181055693078,22.1315881112519,28.411051870235852
5174,2,-39.54455886567749,7.889447846387691,40.323882789259066
5175,2,-2.1077484205033343,84.15645541542857,84.18284618313372
5180,2,-9.093208337085088,-14.06159619149912,16.745594206071527
5183,2,-7.071781274131032,14.103536655905462,15.777193558856382
5188,2,27.792621386621256,-43.86705314412553,51.93022390756284
5191,2,10.901471646527828,18.650662955632157,21.60299314318828
5200,2,38.24026229675944,75.27893846919372,84.43480465763876
5205,2,-72.81657803731404,36.11633210115674,81.28126156443004
5207,2,23.215152161837594,-46.117826149083044,51.631358481201325
5209,2,4.532514260622338,-28.600975937480552,28.95789201753274
5213,2,-25.43300718133714,-122.79890203194392,125.40497675346425
5220,2,24.108043148153495,-11.692222707045003,26.79376450341328
5224,2,40.90870825573004,25.79070615161259,48.35993108919059
5225,2,102.55470101413157,78.68843198975348,129.26459696724382
5234,2,-25.542478916600253,-18.056077444611034,31.28002816320279
5238,2,51.847476502508705,39.5781523641647,65.2272256365333
5242,2,-6.62216911027104,-26.096667986978332,26.9237665223053
5243,2,-18.71163832982692,-5.868008293296451,19.610174153139074
5245,2,55.17986763503765,-40.71513201655584,68.57506665943421
5250,2,49.89305328701353,39.2325545896785,63.47054518383212
5255,2,64.42756375010806,82.51772803465259,104.69043132385657
5262,2,3.5721645792779384,1.8480051838792395,4.021875550174629
5263,2,-44.84616118819873,53.1724615888627,69.55924701099762
5265,2,29.384579672225406,113.81562133752675,117.54764643735167
5266,2,-50.88097752119095,-15.901265059220373,53.307824041087265
5270,2,54.61205042499936,86.99284204476969,102.71431554875359
5281,2,-16.39673497492236,-12.930704474294693,20.8819547944963
5283,2,83.30572862874729,62.71709552117982,104.27501375199756
5290,2,36.80060488976209,-0.4122404580576218,36.80291377659711
5291,2,3.3670127036672164,20.442489469851342,20.717918579617002
5292,2,-41.198107118967805,27.886319087317105,49.748676589690426
5299,2,39.22723656767023,-24.339010688070097,46.164526749550404
5300,2,-1.109478364911503,-76.06500543927828,76.07309639234913
5301,2,-46.946452707477334,-10.55260454456701,48.11784372235961
5313,2,-29.566683779583407,19.011586566333133,35.151517940069944
5327,2,-21.04925183798585,-15.595263912762299,26.19700859731234
5333,2,47.39085718231996,-50.676267878736965,69.3828326792194
5334,2,-49.58081234502528,-1.059589681159835,49.59213327822298
5335,2,-28.59668422418378,-53.7525711223765,60.88603494138722
5339,2,-7.457999961500221,-10.991844678396102,13.28316275815824
5344,2,85.88743612950303,15.948221018988328,87.35558046610396
5345,2,-49.924938960669735,52.23571498392808,72.2569681768393
5349,2,46.594633739111174,-46.54181051999558,65.85742190338982
5354,2,21.6372502035132,9.45051391866983,23.61107387850888
5358,2,-23.70966281047079,-3.5221756578030075,23.96985256422412
5364,2,205.76971086428665,175.11711478014556,270.19840450693783
5372,2,-64.68512763519566,-7.286433513640498,65.09422286601367
5374,2,5.388985147457216,47.43420749635641,47.73934647360507
5376,2,-81.28568707094982,1.4591808933431203,81.29878308730012
5381,2,10.548474464193376,0.5399642194804404,10.562285495102792
5386,2,-45.613850287932884,-2.738124437179703,45.69595894084547
5387,2,48.73762343907387,-30.167000070512973,57.31844233528413
5388,2,67.90234068328581,115.84463612899793,134.27847031497248
5392,2,-294.6149360891022,-9.434654625508433,294.7659635620917
5396,2,-39.98693658275952,55.38131725751174,68.30845773731683
5397,2,-53.02711689382377,48.17479700148417,71.64276789882882
5398,2,-5.116922611378535,68.57813964043615,68.76877295367423
5401,2,-45.29670134069958,-40.57633898626194,60.81307785235488
5409,2,-14.287441092552903,68.15098248912003,69.6325167375524
5424,2,21.6727402976005,55.82672053975945,59.885978310716744
5425,2,-8.155206678125356,-30.86143673125816,31.92077181210365
5439,2,-13.279926900664872,20.94003551968579,24.795998589544745
5445,2,-17.541324754143954,-12.245126169624626,21.392549848963057
5446,2,-32.58036453733734,82.37964946464041,88.58829944920953
5452,2,-60.735726745885245,-64.97014884937445,88.93789262660046
5454,2,-22.650612871737685,-11.085045576027877,25.217622784234525
5455,2,-28.362134356498085,-34.7651780111114,44.86678356423951
5459,2,2.4810518313898378,-11.968176938854915,12.222637907987846
5470,2,35.847170246152814,-7.0496389651699936,36.533779221371375
5472,2,-5.411631028432403,-52.69007446655404,52.967251181073216
5473,2,52.25132083788131,-29.000766978704128,59.759894700846864
5476,2,-15.957470925544602,-43.05801885510926,45.91986352404094
5480,2,11.290212126852536,33.25752571637895,35.121672890751306
5484,2,-24.81497041979164,-18.228693599114607,30.79071332829975
5497,2,-22.272436667414496,47.56629808076221,52.52251087116754
5499,2,7.223740671999339,109.61114775241239,109.84892416813867
5508,2,-36.41641312140475,9.978508067120277,37.758783982994004
5510,2,69.52183363563722,24.04961475529414,73.56404911326783
5513,2,41.09366436188072,25.9358121731664,48.593781533943954
5514,2,29.148819620819356,94.24649992846751,98.65118566978144
5515,2,44.64239806684705,4.746332798549499,44.8940016059319
5519,2,-49.33799267992933,35.08745667074453,60.542275620479735
5529,2,40.912765657917085,8.29819736252219,41.74583180686438
5532,2,-27.349586320275158,62.937530743054594,68.62312035985485
5538,2,-9.298782477856175,20.140428094196864,22.18342172407132
5543,2,-7.35937474063725,-17.224187932880476,18.730537806489032
5544,2,-47.52116018931945,-51.48646902648839,70.06509229676722
5555,2,12.480386589830452,88.73183084195668,89.60523340741452
5556,2,-10.733384478715408,-59.65330748560941,60.611241831368154
5558,2,16.63636541834208,57.45159673408904,59.81182677053927
5565,2,-45.40067298549954,-13.922342243570224,47.48739539165491
5568,2,-1.1504517931112241,55.74021594151224,55.75208706886845
5570,2,8.319125999405827,38.006849677487466,38.90666369403986
5579,2,4.9081716331626595,36.065577253379466,36.39802208087776
5580,2,-47.98447109594255,-40.30863453773022,62.66813771489978
5585,2,64.52452997793264,-122.54852869784239,138.49749764843776
5593,2,-99.42396692945522,104.07974113448176,143.93650584410523
5597,2,1.400493259001994,-25.307099398584892,25.345821378254165
5602,2,5.382543697697596,38.25305387229372,38.62988360342585
5617,2,-7.304250623192814,19.805664224812023,21.1096284323626
5618,2,8.493697748173435,-52.96002251638535,53.63680533340302
5622,2,25.405364728989962,12.0540248305281,28.119958599329323
5637,2,19.95055687445609,-6.590054769297694,21.010795831268517
5643,2,-43.101466514983706,-17.591768993256487,46.55326789876691
5652,2,14.483056082687103,-57.600067108037976,59.39298480750684
5653,2,-21.708537821009735,74.77928564947008,77.86656648762197
5660,2,-42.60897328503975,-29.83248018563344,52.01443528897957
5661,2,66.18840860404627,-35.954100312275784,75.32332150669788
5662,2,-5.148287673669824,-61.922231139779896,62.13587993501973
5663,2,-52.74878390096119,-42.448375540260926,67.70745002610367
5673,2,-36.25393467804243,-162.6961617925965,166.6864986784548
5677,2,48.422314220532385,-42.53989948131752,64.45435254777269
5686,2,81.59349406702756,18.035678370759545,83.56305384773552
5690,2,-7.8752643904133315,-23.54516620319088,24.827296283622875
5692,2,-33.9284421827785,-7.399630910638047,34.725980570227435
5698,2,-46.583960162440896,102.59013959979538,112.67121232826682
5704,2,-16.351674869125162,51.78160058203216,54.30203891073238
5719,2,47.85206168259428,-23.427093549673632,53.278968828797424
5720,2,-2.1670138685619733,65.09930383406332,65.13536143130113
5732,2,-21.835329903334,29.787900124959673,36.933732898828474
5733,2,3.1497084861624494,22.63366878309215,22.851775119900946
5734,2,-19.121549732588562,51.280494999033806,54.7295425846205
5736,2,-169.08801494751694,68.83363586908952,182.56184219559717
5739,2,1.990732704027339,7.7158824126221575,7.96855432963194
5743,2,16.977925987990844,18.45645065476842,25.07769011742502
5745,2,37.728114516315486,-144.55029165460687,149.39276234941278
5747,2,-57.60045837411512,-21.731776394649863,61.56364925973143
5749,2,-38.168362055533386,30.78747762623783,49.03766552955367
5756,2,-47.73398822845055,21.924455895582646,52.52823429843425
5764,2,-53.58360804680147,-29.24604412045851,61.04534501507099
5765,2,-4.163399951301589,-19.02256530000305,19.472850067398408
5766,2,-46.40460747423995,-54.62265721039698,71.67302334604575
5768,2,42.60249613638159,-4.733501426659286,42.86465575280634
5771,2,39.029999671042376,-30.04082140161333,49.25232811558452
5774,2,-107.7113992192659,108.09621918936757,152.59927301533213
5775,2,-32.032607649560276,-6.479343383766231,32.681337847698686
5777,2,-32.66736665569343,-3.0946627071904658,32.813621889221345
5778,2,-28.698274511321966,30.307119834244194,41.73862087532876
5798,2,-11.3876208222908,69.37849906515511,70.30685628390732
5803,2,-32.24452240341684,-1.458661019734695,32.27749861737963
5808,2,-2.3112654170338907,11.273287060840993,11.507777760458437
5819,2,53.53546506944296,44.92643667568082,69.888702467391
5821,2,-9.562488202725829,29.264322158937233,30.787038377364837
5824,2,-14.56762826217878,-45.697918520419044,47.96368991522532
5827,2,38.664062751701806,44.569698922927095,59.00311695620753
5835,2,27.77609756832472,-18.060902905329524,33.13167381646805
5842,2,-17.42002952622009,-33.25208354720925,37.53875982134951
5848,2,-8.409861522289802,28.26504123168205,29.48963083276522
5850,2,54.894605207293594,64.65260683610889,84.81377984484065
5856,2,-25.42154851443728,85.72309034441021,89.41310500741938
5863,2,26.137096403926005,-306.89251651643036,308.0035137822548
5865,2,57.625763780009095,2.682214309517626,57.68815237838346
5879,2,-30.202982133600756,-9.817992317978081,31.758669728414052
5882,2,-24.216161990268468,-18.334935440874624,30.374205490184654
5883,2,7.075476125923235,-9.923710680948219,12.187797015362351
5895,2,29.563663916713136,25.373709840893454,38.959406762298364
5914,2,161.65289271041522,18.091590626919206,162.66211412943412
5925,2,-36.80182529163627,98.58350670904368,105.2287134761619
5926,2,21.399019940438453,-20.313725981807067,29.50534727257461
5927,2,-26.256550060943304,-1.2471161931474484,26.286150724326916
5944,2,-27.56101668636817,-15.66325564693178,31.70090248316923
5954,2,4.252989507897269,-41.721778476260475,41.93798658706014
5961,2,42.65550651593781,23.399246947179446,48.65199886773718
5973,2,43.98938652447464,74.16683968300468,86.23100506989438
5976,2,-9.360993224806293,-25.59057313161511,27.248956445328517
5982,2,11.720611724437791,-17.20788149455178,20.82027676870714
5993,2,-63.6637302154776,20.429489590684724,66.86130861630672
6001,2,83.95926477285678,2.884748798627008,84.00880856689881
6003,2,21.4442718635447,30.696047137405237,37.44468060511959
6017,2,-38.12237982885497,20.957096433994472,43.50305431529184
6020,2,18.999769390306668,46.679129360900944,50.397741564246296
6024,2,-6.880459940685242,-4.110831864711739,8.014965228577337
6029,2,7.411168847670375,-27.64310494698456,28.619340921808142
6030,2,25.000301204967425,50.03855127053283,55.93631801962691
6031,2,-29.4541570257027,0.24564267121491934,29.455181316988583
6032,2,-18.468036242218332,15.717773180350212,24.25111866270969
6034,2,62.24576103367115,39.92726584017603,73.95080340424289
6037,2,-19.73003417486182,54.956731392305485,58.39106587370392
6039,2,4.816930575160344,-28.770719947871022,29.17116978259079
6045,2,-6.348224247267559,-11.482393677094306,13.120415986140495
6048,2,10.61523222859513,33.82383893512944,35.450461711754656
6051,2,-46.81999049134855,-48.161223514080305,67.16855633392137
6053,2,-160.67522482353272,-51.605664255159056,168.75921443082444
6058,2,46.74817511767436,43.22194195108814,63.6673239806416
6061,2,27.85752817809984,-35.02016753198745,44.74878780662214
6074,2,8.04194027015635,167.83481669787426,168.02737425585693
6091,2,-4.405104685890009,-10.731556837348444,11.60048531083464
6095,2,-27.896210647151126,4.795586899328886,28.3054097687923
6100,2,35.01316257066031,-11.674166963822827,36.90809839992709
6102,2,34.27158631504993,-0.5755775830193386,34.27641927191334
6114,2,49.69891433177437,-139.75777720807838,148.3314476970407
6118,2,-98.99714934925976,107.6335165607262,146.23751046331364
6122,2,-3.7413909325312034,30.080319626162797,30.312103769321944
6125,2,-20.24169421621574,-57.34258468252891,60.81034618233792
6126,2,159.41007026723824,-38.91486523674354,164.09124668610372
6131,2,12.267381044117634,23.04652537339181,26.10806330366098
6137,2,8.772836809079763,68.95164806541408,69.50749913941276
6138,2,-9.170749758435129,-7.931524386593324,12.124839389738842
6147,2,43.43576689144317,-93.67124287296255,103.25196166084851
6153,2,15.486544737831633,-22.763859791425936,27.532278883531582
6155,2,-52.59870924547673,-6.39988207599847,52.98662760430113
6158,2,72.95667386512048,-134.64609760568192,153.14126766453379
6166,2,-27.996775387013532,-37.10507139579701,46.482316587688274
6168,2,-160.29702747405076,-112.47001975300799,195.81788059382777
6175,2,-15.413327835945006,-10.92459961064352,18.89226168649984
6178,2,-3.634026958059108,-17.647256376687416,18.017541717904663
6187,2,-32.897392625716165,34.534685968207235,47.69573331539431
6188,2,-48.9329964906955,-31.40617732838551,58.14452785895173
6196,2,48.03656058549376,-27.835879670260894,55.51889182882756
6198,2,-12.283005320739857,72.93393386760516,73.96100951929691
6199,2,104.99038618443753,53.27967835923282,117.73574358375893
6206,2,-34.743364823758505,-36.15880399529632,50.1453936632971
6216,2,-79.52170917640336,-2.636966535700676,79.56541851110242
6218,2,-20.49278339919099,-21.772940967121716,29.900085782551276
6232,2,-80.43885724066084,-43.983217915407664,91.67842282880771
6244,2,45.11089278435363,-33.589070851700455,56.242495752606864
6245,2,51.244826534287554,-21.572256096152717,55.60031006754567
6246,2,6.51753611819238,101.72893544476597,101.93750332324852
6250,2,50.69358687164311,9.617446481685008,51.59781998050792
6257,2,-3.769623507000265,-38.30113026035099,38.486187660054135
6259,2,-13.160431552342262,-110.80954046844153,111.58831129410942
6261,2,51.535148467563,23.94464006933254,56.826202720432114
6267,2,-26.610468703954915,-5.0556602476879995,27.086467934823407
6276,2,35.33016045346908,-25.176606978933556,43.38296643429949
6285,2,-58.796308593530185,29.52358696509649,65.79246226971026
6289,2,-59.176250395292946,-69.95904478017107,91.63021639939737
6294,2,41.18977336459796,1.8855678699406262,41.232909138443
6302,2,-32.41976843154356,-33.68143924122927,46.74912549466062
6307,2,41.53624660538409,-32.52065113831393,52.75274905180962
6310,2,-16.269724943772086,-31.76835693678759,35.69219035320108
6312,2,21.57207571018472,30.79904000997405,37.602331257276106
6314,2,-34.65731164752555,50.14839261150523,60.958924958953986
6318,2,-44.71290082932935,23.60406895180279,50.56081063091158
6320,2,28.618460253359256,-13.877588838989347,31.80571865651121
6329,2,-24.27289649474376,17.028941969566507,29.650604864781556
6339,2,-35.968156498331524,68.08164822499987,76.99882536065792
6343,2,66.7891893313103,0.2471801462222487,66.78964672431124
6344,2,-10.798745432086605,22.507546881523425,24.964025507337276
6345,2,13.602380694530602,234.5566059695563,234.9506887934501
6359,2,29.287864714526805,255.08898307308044,256.7648112666429
6371,2,-34.192587822652065,-38.62296347301579,51.58358624066076
6372,2,-54.32380748311489,24.729170945629797,59.68758627320015
6376,2,-94.5488226744956,-73.10443438407437,119.5145940701329
6387,2,-83.03806349164468,107.38719519373244,135.7473008203817
6394,2,0.4778690333622455,38.64160642693906,38.644561144713556
6400,2,4.956918861797448,-43.83599304431165,44.11536388587748
6402,2,-9.476770248098024,-10.106830445123464,13.85486181748885
6417,2,-32.97974785912227,32.342406706349266,46.19193696317774
6424,2,32.430193450590785,-95.77032275601968,101.11217616110793
6425,2,29.623302314545715,28.990419851480436,41.44857637101762
6429,2,-46.99197401321473,45.937137627567125,65.7150381196929
6431,2,-79.38428145331264,-48.36363879190397,92.95647206651356
6438,2,-18.6358633688455,88.43317394351888,90.37544830996383
6439,2,29.61856081562089,-13.288495755907007,32.46295218003735
6441,2,-55.374480549754466,-29.780115945761292,62.87438589678727
6442,2,-50.53829731276426,61.71078100636785,79.76427764161879
6448,2,32.646491017512794,10.884661447777194,34.41321302333263
6454,2,-12.99710619120178,21.8763022904471,25.44596964645672
6460,2,3.2729234957799056,153.5812884436487,153.61615861692562
6465,2,65.33395088043818,54.313814870259975,84.9618480460988
6466,2,115.72531965900323,-79.15435948690423,140.20614193379885
6468,2,-12.724436038402747,1.4072405351108905,12.802015404578366
6478,2,0.8190489632852263,-19.423566105792126,19.44082718071264
6481,2,1.1456395737342078,-11.257104340010185,11.315250247112612
6484,2,-18.81927384087369,54.15939268948948,57.33589525238199
6485,2,20.84241915826013,-19.101350595082877,28.271328778903936
6492,2,17.613095629759556,47.968620577473295,51.099997042746
6496,2,-36.22318141226151,-2.001380833231579,36.27842880921436
6505,2,-21.372216611646632,-44.09412497030857,49.00064795278052
6516,2,167.01546208643708,-122.43724404066103,207.08704282069047
6528,2,-39.37097520123997,-56.97828352520298,69.25747960888464
6532,2,-15.104832422834198,-5.493296268778678,16.072718078112395
6537,2,-14.145946422010809,-24.28737187142446,28.106658154168038
6539,2,-51.8261094845476,-17.216304468121784,54.61086671939372
6542,2,-38.80814189718464,-62.66499913936577,73.70871043946387
6544,2,11.147151007822673,-24.62132126786392,27.02717958956447
6553,2,141.01724732152212,-126.85764953286295,189.68059280575338
6559,2,-37.02750140671304,-11.346810867065743,38.7270703420372
6563,2,-67.6767808780116,-14.368206178515006,69.18520086549373
6564,2,45.9671221852309,19.786228539954983,50.04469164484157
6570,2,-33.65358051596644,9.424832815402535,34.94840418592707
6571,2,-7.674385695339874,69.33211597440669,69.75556251145436
6573,2,59.348200815042205,42.86040234508252,73.20671437214575
6575,2,26.2608375300508,37.51157615666003,45.790282086231244
6579,2,5.650551265337411,56.44155768075207,56.72370018812127
6584,2,285.436684038768,30.85641664120144,287.09966743795246
6587,2,-53.41612735517975,-19.75831250031702,56.953257803965585
6589,2,-17.256817151809116,-27.0343981578677,32.07267406951116
6606,2,0.4583118956389072,10.477301387304642,10.487320637517474
6611,2,39.47736229500383,-42.08103853234222,57.699878143124884
6612,2,-50.56608202806211,2.146375484270852,50.61161506401653
6620,2,21.042474477548133,-20.238549212611844,29.195626493870208
6623,2,8.91354320830774,50.680111607583626,51.45799223719773
6624,2,17.67022591044003,-34.9203621171613,39.13653758471309
6636,2,10.380485917303364,37.65255451469576,39.05725732000993
6648,2,-26.73246246755906,41.88615317124334,49.68978141493795
6656,2,-55.811155246645015,77.29385074335431,95.33742398817499
6659,2,-28.260850912945376,12.906630891078176,31.068582447261075
6675,2,19.320965554590664,2.2265893252507105,19.448840839109135
6679,2,-51.92811012007485,-79.39028185766962,94.86488008785362
6683,2,-1.5802484157462544,100.76091269723597,100.77330357111191
6688,2,-2.5535410555702427,-49.05478826467998,49.121205437316654
6695,2,8.305193930441975,-283.53523963676275,283.65684966539897
6698,2,-3.184771052662036,3.325109788620189,4.604250401992908
6699,2,21.653666744542814,23.56017311058671,31.999422502359828
6707,2,2.536588196453426,-5.192422078524807,5.77888628716111
6708,2,30.812964118533337,45.884216740947764,55.27024609769975
6711,2,-30.495929002204335,43.27621014533345,52.94177981755571
6714,2,89.49159673590083,-53.91176826831935,104.47595246829799
6717,2,-13.436481905148849,121.36117861968651,122.10272200875313
6720,2,-44.99414204918714,21.201090998820067,49.73890909823696
6736,2,-44.001738664253644,-2.3317549421545065,44.06347792205622
6738,2,4.405523296416161,95.0073286955523,95.10941668089433
6754,2,-47.13348667307099,7.280273228549291,47.69243068079978
6764,2,-19.178398368802746,-14.684421966902494,24.15456918461897
6765,2,90.05625490719044,-83.42557956861371,122.75975062807825
6769,2,27.19704450358828,12.570364175809118,29.961530088475566
6772,2,386.01603142704977,-16.304675386831107,386.3602191713829
6773,2,-44.41816515287576,53.201731316654524,69.30654810793598
6774,2,29.359064717856903,-4.221158850615041,29.660965310478954
6785,2,7.473968761506361,-6.627175893161716,9.98897739345108
6786,2,-102.77093317838091,27.28682938724839,106.33172510762739
6806,2,-33.656511890762715,18.06955831771777,38.2003891400396
6807,2,-89.45307580842372,-90.03337384659295,126.9167490041719
6809,2,22.14244763941514,-1.631760357717127,22.202491511748363
6813,2,11.794541419775133,-0.4680355846896447,11.80382415199951
6814,2,19.450970080006066,-26.32646005210652,32.732594396540755
6818,2,-33.19618440927362,-11.80983472366276,35.23434199094304
6824,2,87.73140113193105,-103.5297117047547,135.70261585629592
6826,2,-40.796001105217044,26.798594288352866,48.81063779555241
6827,2,12.183445864888505,-68.46618793296074,69.54175179857182
6838,2,81.00133872818108,49.76525339037597,95.06733045986857
6840,2,-31.0876768601823,32.30713009536658,44.83519050435779
6843,2,61.20454373362935,2.2387294329687855,61.24547398066071
6846,2,-59.403507261503464,-41.85268843194832,72.66652739707077
6848,2,124.45088466801462,-49.23885504328713,133.83754159661376
6854,2,7.861686318936091,-19.238231477540808,20.782580738704922
6855,2,45.89263109938334,-7.964965944687799,46.57868902968527
6860,2,21.549839577110564,-4.457383675225591,22.00599588810669
6861,2,-22.371490910090877,35.55417606831807,42.00694039604932
6876,2,-58.39175702525709,-19.43379008238697,61.54079529436505
6881,2,34.848266509026445,4.847452932568139,35.18379568235351
6887,2,-41.063094610555645,31.892378215832395,51.993283482168586
6894,2,11.077630148405177,22.19402252644091,24.805010090887322
6897,2,67.01780371367163,81.48147060327932,105.501734897002
6898,2,-29.29171500549131,-1.3840122582342005,29.32439356395742
6902,2,22.54518385630908,13.002299086209149,26.025854388319605
6907,2,-344.37686243273833,-202.0005413860541,399.2488473361897
6914,2,-36.69595527980317,-16.27679658848726,40.143831918244985
6915,2,47.661912057033014,19.935200509389674,51.66304366064701
6927,2,-30.759963251602198,-43.16940102221873,53.00728745990552
6934,2,3.8941829154310987,-46.31612200026443,46.47954192676832
6936,2,-73.30881824530934,-24.113565556262685,77.17283768502995
6937,2,-54.18511130215208,-36.70133007493185,65.44473940734814
6952,2,-19.941755711628772,17.403295771653298,26.46787344268376
6954,2,17.150320146235394,14.350543946556371,22.36228057869799
6955,2,-5.614237806433042,-12.598785248740867,13.79308000016938
6970,2,34.22419277109646,-12.039236104823637,36.2800024368916
6974,2,55.875710384610855,20.11231682203148,59.38518585417309
6978,2,41.374687119962196,-48.69076686673039,63.89566113864897
6994,2,-30.107981091629146,-2.113659897530729,30.18208216104926
6997,2,-24.722002018740568,-74.35765149525193,78.35966896116875
7011,2,60.13365893600681,-22.614576496390193,64.24543569112966
7018,2,-26.107437518547698,-57.98806441021064,63.59413422500231
7032,2,-15.892948560208097,6.936900972758357,17.340888357961262
7035,2,27.932286949775616,-45.013207327735415,52.9754800655388
7036,2,23.208406001090207,21.563847495784316,31.68011407701815
7041,2,-112.3875975038393,-17.48217030497974,113.73916806121497
7043,2,-19.83217635081555,-4.711589317526271,20.384167697182914
7046,2,28.393134023415357,39.67881176104952,48.79116889807446
7047,2,-13.913181354767438,-32.25384465941623,35.12672929158651
7052,2,-43.46280276210848,3.115682398594018,43.57433534486617
7058,2,-2.850734763614307,51.29195881085079,51.371117637700785
7066,2,-18.649155869128474,-5.586697686951819,19.467978982843643
7071,2,31.98558306610885,27.25818266739188,42.02482654821852
7075,2,-69.55868022545947,103.3239749732727,124.55622745967064
7076,2,-22.37413491360546,49.06975189944369,53.92997742077384
7077,2,32.8184878500838,73.04156092806808,80.07573145201222
7078,2,45.48084164814104,59.429830259733464,74.835898349148
7079,2,-26.845278127182958,26.774238249665594,37.914756910412386
7087,2,24.075218662521216,11.34516232978092,26.614448368081764
7088,2,-21.380950848326997,20.058967042574263,29.31735352984057
7089,2,20.544908097424408,-8.988393274784261,22.42508556045666
7091,2,75.21317435496131,18.150740548060657,77.37228818506549
7092,2,-45.03343657537043,-75.59163535874619,87.98923653491691
7094,2,2.34020671079589,-61.91934372250745,61.96355133847056
7101,2,-80.73401298819653,-14.752462860789645,82.07079878761546
7117,2,-58.32297454252088,169.84109042998696,179.57607122869837
7120,2,18.028175693263876,-2.5722951884018315,18.21076114179376
7124,2,-107.2987035174995,79.54753850132843,133.56954240453393
7132,2,-246.0474276644277,212.20233933825622,324.9140955405139
7134,2,-88.3410166620338,36.98895798138899,95.7722205936079
7139,2,153.29902347199993,-32.13780819395734,156.63150804669021
7143,2,-111.45564275964833,37.47697167065851,117.5877702338542
7148,2,-7.7741120044381695,-0.5254815469205383,7.791851404749942
7152,2,38.18402133551001,10.677812676489424,39.64889870986181
7162,2,-61.58567220016896,52.57426679500966,80.97436970659
7166,2,-22.943991800048373,31.30980214208575,38.816626204466104
7172,2,-74.13825904248534,69.30569648249195,101.48773826809797
7174,2,2.676575611397972,-9.4698937958524,9.8408813379826
7184,2,10.885251127837737,28.316626876272064,30.336777181600983
7192,2,-16.728486639457202,-31.17332097341909,35.37821654292806
7207,2,-25.31444262716337,-32.652927112245976,41.31627590334824
7208,2,-81.48846315435915,-8.652016731755904,81.94648876422914
7213,2,-35.87563764171904,-46.39280340238124,58.646002282610226
7217,2,-43.672868166541306,48.40541354030246,65.19511848213632
7220,2,-5.1481530238937285,36.41228500682338,36.77442017184718
7223,2,39.799627610883775,40.72493426169253,56.943222850346295
7230,2,7.273828715145399,-27.180226231679327,28.13668925411344
7235,2,-42.786456365457354,59.07002139283347,72.93797553855597
7238,2,-44.63528294517167,-258.92074513703125,262.7399108356228
7242,2,-32.828712030884304,52.88252992839197,62.24376519165594
7243,2,3.6676012882206237,-32.29880580864687,32.506371004374486
7253,2,-8.90521637698047,-45.28640751230496,46.15367357092383
7261,2,-41.12130138267362,10.448024413652153,42.42785219113674
7262,2,-35.283407265260095,113.52023836486619,118.87709344807453
7264,2,20.009931061767684,-11.060132017897217,22.86315510488459
7268,2,83.9085214063047,-32.28400738044793,89.90493366402708
7270,2,-46.71891680937102,95.69924488822046,106.49414378272881
7273,2,128.62937043045798,14.885857110181753,129.4878514735677
7282,2,-44.45522881450677,23.325356245212276,50.20298410369862
7293,2,-6.018556366799107,-42.50402731593843,42.92802533094643
7295,2,39.576026936051676,-5.595953993346761,39.96969613518148
7307,2,56.96817292205955,87.8780289976811,104.72784112448304
7319,2,-13.38543892447258,-5.623853320903924,14.518873970657221
7321,2,-13.855629482160442,21.274300780599486,25.388468682658463
7325,2,0.346799759283801,15.941164078612353,15.9449359438751
7332,2,4.529182691003076,22.39055507135445,22.844046319595797
7344,2,-22.06493520460839,-23.788785579377304,32.44638169234216
7348,2,57.10757103916801,15.021429807274618,59.050131443109414
7352,2,-18.77918414363891,-27.42992276891935,33.242418988539015
7353,2,-69.05652335617762,-21.092163136751413,72.2058360787384
7359,2,16.91266716745138,48.566555860793045,51.42711987751714
7368,2,-42.58673967036877,4.384473251015365,42.81184417238564
7371,2,100.53419243067383,-180.37292113889748,206.49821918812447
7373,2,-31.185295145037447,-21.9610737092551,38.14198987659705
7379,2,43.15483065387769,131.00246647087198,137.92746510473106
7381,2,3.153595492979875,-29.872418073166287,30.038417502780916
7387,2,18.695000864800257,22.86975290340139,29.538596026174275
7389,2,-22.764907543429036,8.176874796726079,24.188887880640696
7394,2,-18.281174580199036,-23.083694608037046,29.44585371132639
7396,2,24.14640686786791,28.243619391196717,37.15845800007586
7399,2,117.84356339615158,42.75958963642547,125.36142923474628
7400,2,96.81948893093117,33.485637499646174,102.44657805707526
7404,2,-36.81298999248871,25.27603957166958,44.65506028005875
7410,2,-41.29017156813886,1.012573393379114,41.302585548647215
7411,2,47.36237656681695,11.955958196161776,48.84812842315802
7415,2,3.0016747349733635,0.569886739882655,3.0552941120081214
7418,2,36.5798025511627,-11.39358356785527,38.31312700889541
7421,2,-2.931385189585071,10.810335681423354,11.200731077691922
7422,2,3.482726285109173,-21.506188249620664,21.786360765513642
7425,2,36.42157657465306,-65.17484303250171,74.66117735807916
7426,2,-34.36690723235748,-26.879609127741976,43.630238362604146
7431,2,-60.98305352588238,-9.14108545493447,61.66435161935176
7435,2,-25.152853194121256,41.53938821735628,48.56116552634681
7436,2,12.239119108122733,8.375968791619904,14.830808802658256
7447,2,-37.909259034250724,177.76538942952638,181.76260781458075
7448,2,20.90614679803981,-14.505352098811013,25.44547530410213
7453,2,-27.78771274149166,-38.391581704816645,47.3927265010283
7462,2,-25.26360882913064,-21.73459470726355,33.32630399789836
7466,2,-13.511256691720227,11.517520964907344,17.754079716128203
7471,2,-22.441335447707964,-25.561878097926062,34.01504297468674
7480,2,98.30339499520447,-55.34084219707157,112.81031106536481
7492,2,-4.465346557571589,52.66996803566738,52.85891460063704
7493,2,11.89946388661054,72.84111718033468,73.80667715639281
7494,2,91.9744146191925,26.77495211983866,95.7924371000278
7497,2,29.37998941393506,-23.745488470525505,37.7760770947275
7498,2,19.257773491611793,12.31181516556444,22.85700401463955
7503,2,43.354623253933354,3.1925158529828863,43.472008407273364
7510,2,32.74171736627309,16.184392817864964,36.52334358976281
7511,2,32.59121656100472,35.620329019972544,48.28038148583135
7513,2,41.150165601800296,-14.935200598871969,43.776664399930404
7515,2,-44.35439549170822,-13.561671479557035,46.381368379493686
7518,2,-39.62250246295813,-33.901780744640384,52.14665319159795
7526,2,-1.8199927443182133,24.161179627291887,24.229630095641895
7527,2,-52.91255774781726,7.091376790553312,53.38563844520073
7529,2,-23.361902670150513,10.861266871040655,25.76326094293094
7542,2,-2.9904796145317665,60.75255946137257,60.8261165078993
7552,2,-1.5500249085837847,21.64921301512348,21.704630874341586
7554,2,22.659753427857826,18.375204189724155,29.17383338585059
7557,2,8.079047469226033,-34.77246386476005,35.69867296183502
7563,2,-5.250950909125441,-98.37651202867326,98.5165499009062
7564,2,25.975585935933285,6.816021538617882,26.85496628800636
7565,2,-55.53394773436901,-29.48888787300333,62.8777691950835
7566,2,-6.999722837264418,-28.80865210445956,29.646830452416044
7570,2,65.65318020951614,-56.65514983676934,86.71877579077086
7572,2,-87.6268204069488,8.150259350169492,88.00503611786478
7573,2,-36.78348958668352,-67.80158032035165,77.13675777546494
7578,2,52.56197896609174,83.83210290337932,98.94737545804159
7584,2,-54.32966469110955,20.734740180596198,58.15188660572609
7588,2,11.747001494411975,29.76247609571129,31.99682839685057
7610,2,75.74647708059774,5.183820484433873,75.92365102480488
7629,2,27.17967281869221,-84.89885161250334,89.14342162859252
7640,2,-41.69634269487973,-5.902102138528056,42.11199121132208
7642,2,6.512399963312582,-63.5276251863834,63.860555236419366
7647,2,80.3857196196069,-102.16939524753529,130.00172785009107
7651,2,-32.34688912511601,78.48284392153526,84.88744327687466
7657,2,-43.08841469084737,12.59811111114059,44.892358861381695
7660,2,37.80425947480059,12.970189840514319,39.96733489910268
7662,2,-11.55209023948931,0.46680949040802755,11.56151806648414
7668,2,-83.91320058332101,-150.54350702974187,172.35072596583575
7670,2,-65.13454862327177,3.150628232534295,65.21070374269087
7672,2,-17.386018101717738,82.54903241995916,84.36004017842052
7675,2,-40.4309338542488,-58.772280928647575,71.33611580316462
7676,2,-29.91263594967187,-97.66236881486137,102.14060931866231
7681,2,70.3150069851519,241.33860152731043,251.3732698488045
7684,2,63.3584812241172,-49.367021331289905,80.32060718240895
7693,2,-1.3747687980372731,-25.634197456286866,25.671035594146975
7696,2,3.208702820851074,33.16468832657967,33.31954870030066
7703,2,-3.60188724717527,43.69155544181449,43.839771996059845
7704,2,25.52434589985196,-5.363958090816787,26.08187646652994
7706,2,-23.675493937948357,28.505031284950476,37.05490280329763
7707,2,-32.917295346171784,26.071253903779862,41.991173036990276
7708,2,-31.727973180913544,62.14231633871797,69.77343163489999
7710,2,-62.09568821156219,-49.19244741386387,79.21976632781308
7712,2,-43.338347468479554,-27.93651726614589,51.562208624731504
7715,2,359.51775896795687,-304.00013536502667,470.8174819559024
7722,2,14.743147477037992,-20.07076885351693,24.903737870066756
7724,2,-19.466193987024273,-33.18282736998114,38.47119364675899
7729,2,-32.83500092958719,-8.066641008143305,33.81135878961759
7730,2,-7.510175750150415,72.88504491120285,73.27095271324241
7756,2,-20.75522473650072,-59.66547078986719,63.172365464965345
7758,2,20.442204732532744,10.095760621158096,22.799300797316366
7759,2,-82.89310697693774,-26.09685264307302,86.90404422214372
7764,2,-19.143557516336074,-14.84325590583029,24.223914635484356
7780,2,-20.19475288973134,-2.0894012868824863,20.302552598501954
7783,2,-53.994518113658685,57.79527429367336,79.09299410824676
7785,2,-4.496823835801763,-46.983457016352546,47.19816371234883
7786,2,82.101740652324,32.81306307143858,88.4160218867128
7794,2,83.40498461277699,92.35664215922674,124.4433236826509
7806,2,18.952654404593098,-67.9578614594554,70.55121574517675
7812,2,23.29670617128266,-32.19609124009372,39.740719791814534
7817,2,83.8006690739877,30.423705366954017,89.15241996436903
7825,2,24.17559262059234,40.817388897602115,47.43963021541095
7842,2,22.896207165892875,17.778592590561168,28.988181334548063
7847,2,10.989955615538923,-2.520830708068214,11.275358614707347
7851,2,23.567122496876646,62.05849730121698,66.38272629282368
7852,2,-41.972388567012544,-2.985753193008094,42.078452017034124
7858,2,-62.144016415748155,-11.781658719669856,63.25097832024062
7869,2,52.931635199587134,12.081365620460431,54.29288535487329
7874,2,-17.720165559696127,33.439354423073894,37.84434821337253
7876,2,48.86096137038973,-1.2983490060285758,48.87820839781438
7882,2,19.93358060372922,-36.17892849111607,41.30693044091584
7889,2,39.03030361786986,-8.086729191738943,39.85924973608545
7899,2,-41.697585726393626,-41.66266706083461,58.944605198710924
7901,2,5.4914205686011215,24.977565636450183,25.574097931001056
7906,2,6.16829115218334,68.01120170482189,68.29034611914096
7907,2,-61.72123072256424,-52.600125468185155,81.09428784554945
7911,2,33.974919751338604,10.043418026730047,35.42831378670941
7928,2,-79.20923141089905,-21.4291218106419,82.05674623259617
7942,2,-42.195545057232124,41.16538267534345,58.9495780602743
7946,2,1.3598629766884613,-56.638498463526346,56.654820938012364
7949,2,-22.83342357656555,-11.245059909229024,25.4522416417299
7953,2,17.925197936552408,-34.80674644568741,39.15127480937186
7961,2,5.778564098642092,-14.81568197373552,15.902711573470324
7965,2,15.99080876900306,18.455850975857253,24.41975430527253
7966,2,-172.68912426885515,127.67342590876864,214.76041842952796
7972,2,-47.59468030310978,-30.761813031420136,56.67047497714552
7977,2,4.027437558138125,-45.580718804678895,45.758301760837995
7983,2,23.068916855241905,49.71741734058072,54.80872660344829
8009,2,48.23356121911331,-26.851567170037917,55.20401332661431
8010,2,-135.1587056894147,-9.082027602156725,135.46349673991202
8012,2,24.371194802459648,27.093092475452103,36.44160803234176
8018,2,-44.34331758080571,30.559702256019563,53.85373910926482
8021,2,22.452648970263578,-30.747996375123602,38.073097153587234
8025,2,9.912208501825347,-35.49844994744851,36.856367510311784
8026,2,-2.1944873967964735,-75.36088952496235,75.39283417492857
8034,2,8.52067065421302,-23.77783942066676,25.258413962728955
8036,2,34.87375370027158,-42.67568962773621,55.11255013470233
8037,2,11.917267040110907,-14.073669040470131,18.441513331774082
8039,2,-37.03521032139192,12.404855380978358,39.057486357582235
8041,2,32.99806145939706,0.27967775454813903,32.999246653894005
8044,2,-17.339204861822882,-0.03257916672515648,17.33923546879639
8046,2,57.540714563179826,-2.5530458904170805,57.59732524831262
8052,2,-27.836856064609137,7.83056739938276,28.917267183432852
8056,2,-6.211375590082424,-47.34810572582377,47.75378835804399
8058,2,-25.99570087834044,-18.85306579996643,32.11252955178109
8064,2,29.346434689324937,-51.36155562587652,59.15422745066343
8065,2,-55.33135291751674,-16.087730652388842,57.62268384262052
8073,2,19.854822883390973,32.749898496215586,38.29843134180889
8078,2,-26.939909478292048,-26.16762508720162,37.55666818825804
8082,2,60.71196555407067,-28.903029792146945,67.24082013631599
8091,2,-12.23127618554426,-94.41046386442291,95.19947376021868
8093,2,-45.07825003356092,36.34719797262008,57.90654044707793
8098,2,-28.753076538663016,12.38621383300517,31.307470411311456
8100,2,-15.55115361276805,22.180774611509616,27.089207095345156
8103,2,124.20608960599084,-164.67895462174133,206.26757086493495
8111,2,-43.83703089141181,7.372324144449113,44.45263142565826
8112,2,38.88646676700472,-10.707821845258529,40.33379161808568
8113,2,21.25511714659963,-32.41392846797788,38.76135657640043
8117,2,31.754923939600825,-18.03846437277828,36.52069812226794
8121,2,6.761459485792085,-22.906940916773856,23.88399624314524
8122,2,-34.36926516506394,57.76758232567286,67.21859828752658
8128,2,20.07266352228366,2.750791306616513,20.26027328767739
8129,2,-71.67194703668726,-67.70223844805281,98.59239870754085
8130,2,-69.8951064640834,11.318231663199679,70.8055666992886
8147,2,-1.7655356386051544,-27.776889961156503,27.83294328678485
8157,2,135.21263529181607,-57.09348768849651,146.772351207556
8159,2,-69.5484960811625,-50.34264773184921,85.85671486729817
8162,2,22.836540929824654,23.819246244435817,32.997940743213455
8169,2,-14.284674286975324,47.974933863805326,50.05643014360362
8172,2,33.01003063860371,27.92891792844977,43.239872564747905
8174,2,-4.092185737524765,13.189612680759701,13.809846732634588
8175,2,16.0903418450384,-19.760263594674356,25.482682708482763
8191,2,-57.459815273210104,25.043739935683647,62.68029420158767
8194,2,-2.040153910698853,-9.774445878922585,9.985089895405375
8196,2,73.77827620316825,-42.26722576506205,85.02795077729269
8197,2,-51.280978422926374,-30.612886108402158,59.72342542000285
8205,2,-4.316976370216908,29.866864225501416,30.17724082227445
8209,2,-7.146399118767437,-3.056934358934649,7.7727645043160285
8220,2,-50.51270072369234,-24.44721486877433,56.117726693455154
8228,2,-51.069615164194985,11.291489604657961,52.30299542579826
8234,2,-46.492483195478,-8.454587983423075,47.25495795841159
8237,2,-3.556849616825289,-1.010241636929866,3.697535309053443
8241,2,-27.212498970725843,16.415091165645727,31.78010884512851
8249,2,9.053283720207837,-27.023670615048786,28.499837186012687
8253,2,26.207600002119676,19.679497020649418,32.77378374336495
8264,2,13.185322663290506,2.1046846942546775,13.352244432952542
8266,2,-29.599633087627875,79.87598837505604,85.18398791917576
8268,2,8.291882973877518,-22.951885087662504,24.40377741927967
8271,2,50.173784263964805,115.82332650327041,126.22381546146536
8272,2,-58.313833099235794,13.750835707641798,59.91317562426553
8273,2,62.89925022025995,-46.821981268234154,78.41309589701035
8277,2,-0.5038378378906145,-24.27082459346835,24.276053612846518
8286,2,-65.86350951834365,-28.516517634968814,71.77181664203876
8296,2,33.404445954029164,-45.207870768944034,56.21039573741853
8306,2,-38.558350917662885,-2.5214026807220478,38.64070259412976
8314,2,14.494373486397487,63.34459875658827,64.9817286196385
8315,2,38.7178466781916,66.16388549952639,76.65984213256893
8317,2,15.572351857266924,36.22561788577622,39.43087031213988
8320,2,141.7142999997295,-25.279274716332136,143.95132703312296
8321,2,46.170519872199336,64.07440385607835,78.97623778568452
8322,2,-21.89180540276772,-15.327154267947767,26.7240117075659
8326,2,-4.60464841727628,-56.15960667825445,56.348063048368985
8327,2,-63.682455250690104,-30.928484756779454,70.79566565903937
8333,2,55.97297139698664,50.62209382488046,75.46899966358959
8336,2,158.63760265106478,-45.510744442299014,165.03671359600375
8338,2,-21.127871387241075,-41.031533863351,46.15163832991327
8340,2,34.32843881774988,-18.429532265676784,38.962666376874395
8351,2,-33.71300220984759,10.512484913993877,35.31400369638279
8356,2,16.11283637053852,40.116919527534534,43.231825410019766
8362,2,68.57247662412601,17.90824686460222,70.87234902364844
8363,2,-40.02207374387139,-46.11272059584999,61.05857341529368
8369,2,-28.654841845047294,-18.85630889667883,34.30248309338032
8371,2,24.307547397852936,-32.68161995512556,40.73015029913502
8375,2,-42.73153479772446,-66.82772128665835,79.32167672544766
8385,2,-34.775118355946,-59.12772826846336,68.59589715762374
8386,2,105.7618552158876,-18.934279200275185,107.4433662332875
8389,2,-32.44355682586092,79.96069945123577,86.29193378435625
8393,2,22.612073934174823,-71.7973411370574,75.27392697312652
8402,2,10.496827438807232,-35.13858850591163,36.672929913873546
8411,2,8.139516423874912,-26.99881893032871,28.19907713467243
8422,2,41.90775550643056,68.09263966198138,79.95540974645306
8424,2,-69.30451164318181,-65.6023542578993,95.42947248245083
8426,2,13.513463817145578,-12.068211799483299,18.117821071378607
8429,2,-10.117214564985183,18.09212910858657,20.728800405129906
8438,2,46.69278847261972,-40.6774555365492,61.926342409969166
8442,2,37.67683183158192,-6.558986324323593,38.243482561973465
8450,2,-38.84240204091237,52.62910815132882,65.4106659583293
8451,2,26.02738772071556,-0.591813972641507,26.03411522104542
8452,2,0.5097162664734327,-28.820743041762597,28.825250044910536
8456,2,-7.448240204732645,-14.67045359408376,16.452917394904798
8460,2,37.820597837628966,-40.53821737588869,55.441362616826694
8461,2,3.6860485373240905,-6.365603467820013,7.355804601063792
8468,2,-1.3045320718936195,-58.10341711261785,58.1180598789176
8472,2,92.0566584623879,-166.14345505128694,189.94229656303446
8473,2,-7.08786588937045,29.491471133191432,30.331249767616974
8477,2,67.17912097972906,3.557661194422721,67.27325805090292
8479,2,-16.9076484099617,-39.999015323838854,43.42568136059094
8481,2,-29.125251554413886,0.9152646380485905,29.139629157996342
8482,2,-18.368215517693294,41.576636627297724,45.45336131181921
8486,2,-25.358836795378494,83.80810677584063,87.56066105829345
8487,2,31.010610477946013,-11.270377162337773,32.99514151502066
8489,2,-129.3461746357523,-43.36359037195231,136.42153005610592
8496,2,17.502217319502726,25.936316135220665,31.289296984195875
8497,2,30.37797741804097,27.646306320427545,41.07480694019047
8504,2,-50.84036114719362,-27.865769444287086,57.97623158070243
8506,2,-31.970770465088023,-5.902102907538005,32.510997875526876
8507,2,-1.0355187095056309,2.7077205954787047,2.8989739255322315
8513,2,75.64133026014001,-67.7840773547368,101.56914879212346
8528,2,17.736241107197287,-2.0478498618824794,17.854073419515416
8531,2,-6.745634195548068,-27.849187181760882,28.654507627682282
8532,2,25.821032118236054,-18.19922829245121,31.59015052341053
8533,2,16.245395799602164,-52.356370191057636,54.818814145043305
8540,2,-44.26486008151578,-14.955209638062602,46.72297222303574
8543,2,-45.322673136065916,49.105556433503594,66.82439953222683
8546,2,29.096852588139335,0.7193681745312439,29.105743782051665
8549,2,39.043537956824906,17.894479584726493,42.948926130861764
8558,2,5.143794638299497,44.51004379883228,44.80627882624227
8566,2,6.723131220070112,-18.19998455315551,19.402059971492218
8573,2,-19.80406170442371,14.870252311474584,24.76540457572896
8579,2,45.52592166391216,68.33449641296194,82.11097943248379
8581,2,75.66100265309342,46.97281666805463,89.0563463667923
8582,2,-8.05369112086867,20.61014607917234,22.127811958600464
8584,2,27.04280108543646,-0.7569396529269667,27.053392544829872
8587,2,93.83447220470268,77.49006729551346,121.69477681231156
8588,2,-154.05838866267274,98.20240768831827,182.6956485336249
8591,2,-40.09307960173088,19.94964078538377,44.78217501882391
8597,2,-61.19929993782273,23.64174028235188,65.60705904441815
8599,2,3.7785898949403425,19.70477382551052,20.063794583993072
8604,2,-20.47728676260484,-1.9654673570481744,20.57139604133792
8606,2,0.1527708990667236,-25.54457431113735,25.545031134935417
8627,2,25.860308668849036,202.06550208859613,203.713580054852
8629,2,53.22595787418745,74.91064743404762,91.89454657711175
8632,2,5.743099629239773,-19.185529513086145,20.026675611515596
8634,2,0.4409776969655077,79.0665654387633,79.06779516093427
8641,2,-13.223395472832319,44.1844661216557,46.12076792819763
8644,2,2.998124114366803,-52.752235367173796,52.837364472869474
8647,2,34.43552079621996,-47.5527225970664,58.711723862448856
8650,2,21.864936580373257,44.14880583917373,49.266545532326546
8660,2,14.757846807880878,-19.361811694029946,24.3448925748288
8670,2,16.811898903908954,-32.85049039439511,36.90250213613571
8671,2,65.56951464295128,12.851064805378257,66.81699721735656
8677,2,-40.11506164565937,23.232559273195456,46.356984168705274
8680,2,11.77903035654413,-32.9113017668884,34.955676794071366
8681,2,-40.92791962368804,-47.79872525826352,62.92704300249637
8685,2,8.34350067819961,2.2317368877115733,8.636819617375942
8686,2,-20.21933414520573,24.55619187812112,31.80924445551299
8689,2,-44.24382764131364,-68.19456279369584,81.28969601971454
8690,2,-49.04793206383441,32.02509338808204,58.57735267365616
8696,2,28.02840418293965,32.693878018224225,43.06368656899632
8702,2,-5.497442468422385,20.337958392577814,21.067852887084634
8717,2,40.01318188953873,-72.11661921783612,82.47339869518947
8722,2,32.41832880144584,-18.341833538491912,37.24742809688207
8723,2,47.57156735966704,28.95468496494318,55.69046419697402
8725,2,-65.02473375271326,-85.84919217101567,107.69540285465868
8733,2,33.00581202816197,42.69889583927813,53.968317868281616
8746,2,-14.051612936257897,-67.59932005182829,69.04430387497527
8747,2,-35.64876791763795,32.685488298958674,48.365026614145236
8750,2,-48.9164473786677,-38.31756799772339,62.137386824762125
8759,2,55.33723747876427,-25.239787233687586,60.82151520130826
8760,2,71.39080396634071,25.24554934680111,75.72307873285567
8763,2,-9.521775402898877,2.854778879677969,9.940521579630792
8774,2,-9.746059675561277,-44.45233116142147,45.508190745010765
8779,2,11.211293044446798,39.81384897603263,41.362249237859345
8780,2,-19.619458326866777,76.33414110688342,78.8151269970762
8785,2,51.811711249482386,19.408739340436064,55.32768371606325
8788,2,-43.620694388654954,-102.15215864043783,111.07577816000035
8801,2,1.519524858670426,100.48813575841696,100.49962380028174
8804,2,-51.35501335236018,42.08615731867732,66.39715381154187
8806,2,-12.462653352056968,-71.06172820254497,72.14628849570788
8808,2,-5.987614109192678,-6.121217013530451,8.562757759468491
8809,2,-2.289216021783126,42.336301577261224,42.39814785147106
8811,2,-75.07418830698876,57.43568529722407,94.52508500665296
8817,2,10.086019934912649,-19.16106720779346,21.653505366776837
8818,2,28.070402593076707,5.396272696153666,28.584388409561278
8822,2,150.03384951338694,-8.858591768114003,150.29514512425123
8831,2,47.67930415470073,-10.966975372726282,48.92433539152522
8840,2,20.7960863454524,-6.117190386806837,21.67711294236282
8841,2,11.639345873595516,52.95580512732538,54.219845712141655
8842,2,-13.712339490855673,-23.614538688539398,27.307044728146693
8845,2,70.2540449978697,33.67748189526885,77.90894445035731
8853,2,60.95326960597694,-106.59604709968647,122.79258256481737
8868,2,-55.492823589267715,25.017544788802756,60.87143022115826
8878,2,84.76316622363504,-13.797181071771426,85.87873167311469
8879,2,-107.7108898080972,-6.612416536049137,107.91366843777611
8886,2,-66.592186434393,7.36230681426982,66.99793172733318
8898,2,-5.544940328739834,20.73965459063401,21.468107410484322
8901,2,-20.238494281760232,-6.167266515399245,21.157311432807486
8902,2,-39.14453881012176,-28.119790478357537,48.19769221865146
8906,2,11.081434442798663,22.102116790809525,24.724517304583095
8907,2,7.1787579462823,-36.99313047329626,37.68323589960968
8910,2,-129.2774514894572,-32.022565607549424,133.18447421414692
8913,2,-69.56904604276123,-20.778278825459907,72.60570940531046
8915,2,-106.17425076018297,75.06008704995392,130.02687488528235
8918,2,146.2911701487924,65.10856226568792,160.12567359361174
8920,2,-87.1867117345302,-21.79245929407717,89.86898233074677
8930,2,-9.726095584147593,6.602945807956761,11.755672190682635
8932,2,54.347243021530126,-0.022767395775051824,54.34724779044073
8933,2,-55.53489880840988,9.207016940715434,56.29293158654065
8943,2,35.302859254379555,-94.36811450015982,100.75531204780125
8949,2,46.288671251016495,-26.01584572448749,53.098637599706976
8953,2,46.40023462923658,37.46355711115864,59.63639731799072
8954,2,-90.02897078999123,49.52219577724717,102.75049126940996
8955,2,74.58089939667462,17.913536282271245,76.70205562403885
8957,2,-22.630415042034805,1.756581443808507,22.69848592623498
8961,2,-16.09926886725599,-111.3881440619128,112.54556897371675
8968,2,-32.55740698360789,-15.724676752313682,36.15591526238873
8979,2,-40.54639717235102,32.74461255991047,52.117367310299564
8995,2,-8.906556117800996,-35.58715668330366,36.68477153645014
8999,2,-72.62933762596859,7.887024144046693,73.0563196023158
9001,2,-64.90711754995493,-60.692941660643434,88.86263036882228
9005,2,54.68819778400374,-24.59654931266319,59.964899857771655
9008,2,55.03086603496956,44.12698866491574,70.53784335512654
9010,2,-4.648202412919453,51.36896980784925,51.57884105707686
9028,2,-13.710011850048687,37.98458138906131,40.38307626012038
9030,2,19.656280776527154,53.03693076977847,56.562225906022704
9032,2,0.07496758282996119,42.67696109081331,42.67702693587346
9033,2,-20.839316848466982,-89.9304206333871,92.3133667569802
9039,2,-6.129553013557942,-56.915603570747926,57.244714602909426
9040,2,-85.98846888650283,-59.0297061950473,104.30015817302805
9045,2,-116.48799084565636,-125.59910489347627,171.30261866445642
9048,2,-33.17310818115899,-115.0762900905776,119.76229643510368
9050,2,-9.899274000738238,112.53809852995752,112.97264822283366
9055,2,39.59911987146903,-38.68904651763468,55.36183355921906
9059,2,-46.07166370512617,-62.26252782269128,77.4546355451347
9063,2,39.9104637588527,-46.40764350452485,61.20877790880784
9079,2,-22.37429253879139,65.35279131735471,69.07674210312129
9084,2,-50.88303581699567,-11.912261552296794,52.25882996436098
9085,2,-49.98907221319409,28.533551316054485,57.55928154035497
9103,2,-33.59785206595632,138.2818263023623,142.30488097378313
9105,2,-20.085011562154463,77.84348274851229,80.3928821219255
9107,2,-7.385112399605173,-157.2956856754136,157.46895763055434
9110,2,45.5172230912285,-71.89712325337642,85.09414744885729
9116,2,21.76454415066197,-2.2320359203385216,21.878696634758562
9117,2,50.64269112353196,-17.020722443126658,53.42646494687271
9118,2,15.940805166628131,13.124076530960295,20.648260317782245
9141,2,-71.25225664207788,17.752504773155717,73.43048074409869
9161,2,70.1392263786469,57.30922056438555,90.57515022726966
9167,2,46.94085960415131,-59.35126449125856,75.67044929883775
9176,2,-0.6555775994022568,70.17248480325645,70.17554706200798
9179,2,49.82412496487606,-28.873973637678368,57.58602071809556
9181,2,-6.288948689578153,-62.758204963695505,63.07252306579595
9182,2,-9.282981125393562,-29.080262522849253,30.52597921397844
9188,2,-24.075202577268946,-36.13938115233522,43.42430482126685
9199,2,-34.79733760605646,7.585666610585356,35.61456222385473
9201,2,124.19455092008576,-84.72188878297251,150.33989795525383
9202,2,-178.41429729766858,36.15459615791417,182.0406995799641
9222,2,0.10144865105944234,-67.05541781314994,67.0554945543235
9233,2,4.835754472954797,19.40726219010542,20.00065866510895
9241,2,7.415982810892441,25.769704072798653,26.81556356019891
9251,2,57.65357445271201,4.062032288871013,57.79649430104076
9262,2,-0.03997022188800514,-9.79518020166011,9.795261752583846
9264,2,100.18195929191667,-71.91545195560548,123.32176287073685
9266,2,-31.01345401243432,-2.329154132444326,31.10079241360356
9270,2,12.896363586477385,-12.679727075718983,18.085675891968783
9275,2,-92.6863386696173,-27.18432179195839,96.59060372141661
9280,2,-13.809711082255571,-7.091136213952176,15.523927756215446
9285,2,33.017586331431026,-7.439033883793423,33.8452394330093
9286,2,-27.750348582983765,-18.378370973423074,33.284326132789126
9287,2,45.21656263924717,59.15486525130434,74.45693802332283
9288,2,-23.712564591862503,-13.952099522228234,27.51266618489405
9292,2,133.0750377249155,77.03572292281865,153.76432704541378
9293,2,-20.53468269171729,5.439072240343457,21.242803489304052
9299,2,43.50801939885446,167.81067856336608,173.3590828076466
9300,2,14.534971883651494,-36.91416306985241,39.6726712335607
9302,2,-37.80034623392452,50.54120184113091,63.11322570547719
9321,2,-74.85541176928132,-24.93867823768695,78.90038240332895
9333,2,-11.23529347333956,83.99003055203104,84.73816761981094
9334,2,-24.52167026738755,-38.405643457886285,45.566498242862174
9336,2,77.4798263409576,12.491914139616178,78.48038868849014
9340,2,-25.776365075914747,17.829419537921233,31.341812289432863
9345,2,8.879263117078747,60.74148605072229,61.38704619993053
9346,2,18.521333989903937,-37.57034272123349,41.887593210359
9349,2,72.99379579603519,-32.212549964535455,79.78560396419255
9353,2,-123.8403724365352,-4.061304693461237,123.9069491232549
9354,2,2.425538544873117,-56.879282028156695,56.93097541120523
9357,2,31.129135960952627,-63.62229424616804,70.82950960455297
9360,2,-113.13160365588023,-180.8909952747528,213.35489663291494
9361,2,16.849936706815214,39.78736284607913,43.20827014900315
9365,2,-34.02071997562824,-135.7340597715457,139.9326422595016
9382,2,-17.276100199749642,-27.04608268895419,32.09289994577519
9383,2,10.405062826058508,96.93792757853002,97.49475440060637
9387,2,56.56211809003149,-9.800460039406245,57.404897176239814
9389,2,-69.80236470813067,-45.17789903130645,83.14693427739718
9390,2,13.696649789826441,46.58071238747464,48.55266194545657
9392,2,40.933934586012526,43.75729581068723,59.91901148513666
9395,2,-87.80500124072772,-184.89065741919703,204.68090639770745
9400,2,-2.5459825093280664,7.082836655084577,7.5265265574775
9411,2,-118.4706425940207,-132.96724343101744,178.0886885298548
9414,2,35.46970412109012,-27.784635521377172,45.056474357115995
9419,2,22.966166517433745,21.943532698073284,31.764184733405422
9425,2,10.20972660727103,113.64976381587962,114.10743767520346
9426,2,19.785916849890885,-66.60943701083504,69.48596696089935
9435,2,7.818399477651518,9.135755961402086,12.024533561782563
9438,2,-68.16120515757791,-46.206969707920805,82.34703357208525
9441,2,108.28471307959595,107.99460986607906,152.93271346202235
9454,2,-5.938860994852021,-1.5702459483172042,6.142942475262269
9456,2,23.497146319980395,-51.49857940145775,56.60582625093301
9458,2,-22.31793845214264,-0.13821459086615562,22.318366428275063
9459,2,52.043321156600214,-43.11766673385295,67.58432112243668
9465,2,-48.39618993366547,-31.97098277631642,58.00288734001906
9466,2,-48.165669715311644,51.81283001232557,70.74249849284823
9473,2,73.11418390408667,-30.172306915297444,79.09520840450142
9480,2,-65.63681169639973,32.555499856078804,73.2669886138893
9481,2,-10.315972556436328,23.95665098048322,26.083335982688933
9486,2,-53.24304464472641,-3.9545654235554206,53.389703040282114
9494,2,32.685898482315835,-46.27387507933838,56.653680149258356
9496,2,-23.302896125273108,75.66968962347309,79.17655521388903
9500,2,15.447457058388139,-55.41120594656327,57.524131232233266
9501,2,-69.48018810269663,-117.95627633253949,136.8984282781381
9510,2,-54.504393501697336,1.6455297445478223,54.52922775106996
9514,2,54.000574683489475,-67.0550406810919,86.09553151523029
9535,2,-49.132437746362825,-19.021731794475798,52.686077092161554
9538,2,-29.667121955103838,-25.50328506441339,39.12231683036851
9547,2,-23.7298873427302,40.25735379669314,46.73074028956518
9552,2,62.43002589944337,91.81812962558166,111.0318740801275
9553,2,-21.510424796133055,-38.43355220366154,44.043572855771735
9556,2,70.71733040693314,-23.880553467292007,74.64061664929854
9558,2,45.195899435585446,-27.65738696143437,52.98679438620601
9566,2,16.801625240938492,-63.293078750459145,65.48517716589582
9569,2,44.15835521458369,-2.905213145010049,44.253820159114966
9570,2,-50.17722805175551,23.22823631702751,55.2929034990708
9574,2,1.1920642878813332,47.570972044550075,47.58590546085896
9575,2,-33.018959513742736,6.868243116046951,33.725723874682195
9584,2,28.74674861734709,-19.23211952281172,34.58684688445396
9585,2,-20.989451191117357,63.652909556025705,67.0242490166946
9602,2,-4.553773276849228,16.159384867426038,16.788763216822844
9606,2,-13.491139935196086,76.42705172828043,77.60866635001722
9609,2,47.060930087111345,30.901546937119758,56.29952702972732
9612,2,-5.827298949829899,4.180131499314143,7.171534870740499
9613,2,-10.343198584434784,21.55144216601436,23.904945437965665
9620,2,7.842325579718416,49.54366562594439,50.16051110339377
9621,2,-2.451914200958993,-21.475566870710026,21.61508398473627
9629,2,102.42744975725844,60.22473641069641,118.82087922378611
9647,2,-128.12274608194588,-52.512547177805644,138.4666229626477
9649,2,-1.8554331425070956,96.10752744643347,96.12543609270793
9653,2,161.82443477496793,117.89290995222862,200.21459963559633
9658,2,-6.679511852836541,-30.33631473588951,31.06296621939268
9668,2,22.678064627801582,1.4860409271458463,22.726700880239918
9675,2,63.544982525804784,82.6160923262364,104.2275564112584
9678,2,-7.633551485961928,2.8416560930367325,8.145312617691499
9682,2,3.9568633739005783,-10.478273491672702,11.200490307393096
9683,2,2.4304353894174735,-80.8944254767991,80.93092789165053
9685,2,47.27352311019581,13.273589470947638,49.10167170976431
9686,2,37.30331167006322,31.655640406822894,48.924601491682616
9691,2,41.4316438952387,-46.18133344972068,62.04270041718172
9695,2,-26.96204736601218,22.992668211098795,35.43465520691231
9699,2,-67.53565699716583,-35.170946377160824,76.14499612649512
9712,2,-4.458992978509697,-5.0406013597405295,6.729805379817224
9713,2,38.65430765855192,-36.88326220468048,53.427806724787025
9716,2,-110.7292722087812,-56.454876966156945,124.29048578692691
9718,2,-8.527224226259138,-58.92419557520842,59.538007836929786
9720,2,84.94162663316979,193.585133132121,211.40076562034923
9725,2,-10.095387499748995,25.18404792556372,27.132141800587334
9733,2,-18.146408785409285,15.915499839997505,24.137010729668656
9748,2,-35.59450993386705,13.167330600695479,37.951913424492474
9752,2,21.70586543471222,10.802288173839734,24.245288698229857
9762,2,-18.78859728313935,9.613933695407628,21.105428424168164
9772,2,21.68783642704943,36.29541167380815,42.28142804420944
9775,2,-45.5137254728458,-18.5332788535522,49.142462611076965
9776,2,5.921489235781706,-18.76500645666145,19.677131449680985
9780,2,71.64250251634334,-6.184024612106958,71.90890297596958
9786,2,112.72318737550907,-55.51443204547867,125.65177729513498
9789,2,21.98835065512513,-45.1506409919302,50.22019460849301
9791,2,284.9031612870468,-291.55053882704743,407.6414208611469
9794,2,240.52751697741263,-17.476774679603007,241.16161401956393
9798,2,-40.65561611505547,24.306332908931545,47.36746711799742
9803,2,-1.401582549416787,-17.39077858585213,17.447166344852754
9810,2,13.952426795155997,-3.584519803249787,14.405519625965491
9820,2,9.387949068918289,-4.920068732289412,10.59908788769372
9828,2,25.53865133662422,-9.414537612322993,27.21867429812669
9829,2,38.11338951041806,-68.6429294846216,78.51421672667682
9830,2,-101.23628132737977,44.2462191997641,110.48308725986053
9832,2,-8.929030230762045,-27.650912514372983,29.056850203340534
9836,2,-47.1178596374681,-31.0030186450985,56.40283558407743
9841,2,9.395905377648054,13.59331102378487,16.52456179313288
9846,2,-20.335695422075652,-17.696574004774185,26.957545136860627
9854,2,-25.064383485267257,-78.08480384182602,82.00890141023099
9856,2,43.05152202243786,-26.220374738510323,50.40775337065085
9861,2,0.7069693639396775,57.13383059839734,57.13820442162943
9864,2,-41.08217504119364,-11.432540054177858,42.6432653323553
9875,2,22.628679457569802,5.810989706655796,23.362892273096264
9876,2,60.65821284595509,-5.638021504116088,60.91966900883545
9886,2,9.089213847030809,40.909369708470166,41.906924705844894
9888,2,19.075498024739133,-10.917045909256686,21.978546728040158
9890,2,0.3904727517140145,-59.082595518327004,59.08388580782467
9894,2,-25.482471470696787,31.67705974273882,40.654550375080035
9901,2,100.00342853332059,22.25288866046669,102.44938639227706
9907,2,11.331198235301214,53.08758597316941,54.28340296910601
9911,2,-7.685280334266526,32.76045317769667,33.6498265407761
9914,2,11.768957601637151,86.11356751479701,86.91406602590075
9916,2,141.07022182046546,-84.1729492861872,164.27383503166405
9923,2,15.694125742420873,-26.875391884592233,31.122215084555336
9934,2,54.10510014370996,-88.8267999542754,104.00751055417942
9936,2,69.56196061224864,18.88460348894432,72.079779502678
9953,2,-4.474935169253275,22.71648990987427,23.153055059633907
9955,2,-12.69288319640685,-23.622200666016337,26.81636903354311
9962,2,-27.26804509292959,-3.424054165034054,27.48218386728261
9965,2,56.033361695251145,9.34711850145624,56.80762490327424
9982,2,-33.131519173054166,11.568643343831027,35.09317699398591
9984,2,-35.57948815533619,-0.05039098737505743,35.579523839524846
9986,2,30.176356622810612,-14.679311503741026,33.55733429894141
9989,2,18.644906750801916,55.78806226816714,58.82125839679897
9992,2,4.21972517029623,68.70528235149877,68.83474343318206
9995,2,56.29715936447212,18.22988866970247,59.175155204008696
9997,2,-7.808010321575246,29.907636844896665,30.910059314534582
9999,2,-9.108271889476725,51.453622278250144,52.25357272345568
